fixture_id,season,season_match_num,min_team_samples,js_divergence,mean_abs_prob_diff,e10_p_draw,e13_p_draw
9922008,2022/2023,1,68,0.000309,0.016328,0.2561,0.2473
9922032,2022/2023,1,76,3e-05,0.004254,0.2817,0.2754
9922033,2022/2023,1,0,0.000112,0.009037,0.2424,0.2453
9971689,2022/2023,2,38,0.00013,0.009062,0.2412,0.2276
9971877,2022/2023,2,68,0.000778,0.024769,0.2328,0.2431
9971878,2022/2023,2,68,0.000449,0.019535,0.2409,0.25
9971879,2022/2023,2,34,0.000397,0.018743,0.2479,0.2605
9971880,2022/2023,2,34,0.000382,0.016113,0.2642,0.2653
9971881,2022/2023,2,68,3.5e-05,0.005346,0.2609,0.2588
9972251,2022/2023,2,76,0.000237,0.01335,0.2744,0.2711
9972432,2022/2023,4,76,0.000133,0.009686,0.2528,0.2402
9972438,2022/2023,3,68,0.000233,0.013637,0.2552,0.2477
9972548,2022/2023,3,38,0.000106,0.008054,0.23,0.2179
9974057,2022/2023,3,0,2e-06,0.001251,0.2719,0.271
9974058,2022/2023,3,76,0.000689,0.024067,0.2742,0.2871
9974059,2022/2023,3,0,9e-06,0.002619,0.2789,0.28
9974060,2022/2023,3,76,5.2e-05,0.005694,0.2151,0.2232
10138577,2022/2023,4,0,2.9e-05,0.00406,0.2766,0.2706
10138725,2022/2023,5,38,2.8e-05,0.004642,0.2743,0.271
10138726,2022/2023,5,76,7.9e-05,0.007918,0.2708,0.2631
10138727,2022/2023,5,0,0.000552,0.019891,0.2732,0.2771
10138728,2022/2023,5,76,0.000183,0.011032,0.2753,0.2748
10138729,2022/2023,5,38,5e-06,0.001979,0.2757,0.2766
10138730,2022/2023,5,76,0.000512,0.020515,0.2409,0.252
10138848,2022/2023,4,68,0.000382,0.018057,0.2698,0.2592
10138967,2022/2023,6,76,2e-06,0.001374,0.2377,0.2393
10138975,2022/2023,6,76,0.000122,0.006618,0.2093,0.1994
10138976,2022/2023,5,34,0.000152,0.009858,0.2246,0.2385
10139097,2022/2023,7,76,0.000117,0.010035,0.2477,0.2545
10378209,2022/2023,6,69,0.000186,0.011286,0.2577,0.2568
10378240,2022/2023,8,77,1.3e-05,0.003153,0.2766,0.2754
10378242,2022/2023,1,76,0.000172,0.011162,0.29,0.2876
10439662,2022/2023,7,77,0.000167,0.011114,0.2662,0.2628
10439949,2022/2023,7,69,0.000261,0.014885,0.2264,0.2384
10439950,2022/2023,7,69,5.3e-05,0.005605,0.2483,0.2483
10439951,2022/2023,7,35,4.3e-05,0.005485,0.2636,0.2642
10439952,2022/2023,7,69,6e-06,0.00209,0.2756,0.2725
10439953,2022/2023,7,35,3.5e-05,0.004828,0.2705,0.2643
10440255,2022/2023,8,77,5e-06,0.00207,0.2541,0.2528
10440259,2022/2023,8,77,0.00044,0.017538,0.2755,0.2784
10440260,2022/2023,8,1,0.000486,0.019006,0.1898,0.2039
10440263,2022/2023,8,77,2.5e-05,0.004557,0.2709,0.2733
10440264,2022/2023,8,39,0.00015,0.009869,0.2815,0.281
10440616,2022/2023,2,38,6e-06,0.002185,0.2697,0.2704
10440620,2022/2023,9,77,0.000499,0.019343,0.2586,0.2635
10440768,2022/2023,9,39,2e-06,0.001195,0.2629,0.2647
10440771,2022/2023,8,35,1.1e-05,0.00271,0.2248,0.2213
10440772,2022/2023,1,76,0.001634,0.036104,0.2337,0.2516
10440773,2022/2023,1,76,6.9e-05,0.005945,0.2379,0.229
10440800,2022/2023,3,38,0.000348,0.017143,0.2724,0.2637
10440868,2022/2023,2,0,0.000143,0.007716,0.2347,0.2231
10440869,2022/2023,2,0,3e-05,0.004868,0.2785,0.2801
10440882,2022/2023,4,38,0.000487,0.020227,0.2431,0.2557
10440883,2022/2023,10,77,0.000527,0.01874,0.153,0.1703
10634172,2022/2023,37,81,0.001372,0.03244,0.2007,0.1756
10634400,2022/2023,10,1,7.2e-05,0.007418,0.2726,0.2813
10634449,2022/2023,9,69,2.7e-05,0.004528,0.2741,0.2699
10634600,2022/2023,12,77,0.001028,0.027469,0.2717,0.2784
10634611,2022/2023,11,77,0.000267,0.014029,0.2621,0.2552
10634612,2022/2023,10,69,0.000326,0.015721,0.176,0.1894
10634617,2022/2023,5,76,9e-06,0.002603,0.29,0.2878
10634684,2022/2023,3,0,6e-06,0.002181,0.2658,0.2646
10634685,2022/2023,3,76,0.00039,0.01766,0.2305,0.239
10634711,2022/2023,6,0,4.3e-05,0.005631,0.2889,0.2871
10634749,2022/2023,13,77,1.6e-05,0.003017,0.2554,0.2509
10634750,2022/2023,4,38,0.000474,0.020251,0.266,0.2546
10634751,2022/2023,4,38,3e-06,0.001326,0.2615,0.2635
10634791,2022/2023,7,0,3.7e-05,0.004773,0.2636,0.2564
10642678,2022/2023,11,1,5.2e-05,0.005467,0.2672,0.259
10642679,2022/2023,11,1,3.6e-05,0.005152,0.2703,0.2681
10642680,2022/2023,11,39,1e-06,0.000708,0.271,0.272
10642681,2022/2023,11,1,5.3e-05,0.006357,0.2775,0.2756
10764549,2022/2023,8,38,0.000267,0.014869,0.2682,0.2595
10764579,2022/2023,5,76,2.8e-05,0.004132,0.2602,0.254
10764605,2022/2023,9,76,2.1e-05,0.003816,0.3041,0.2997
10764622,2022/2023,6,76,0.000675,0.023284,0.2595,0.2681
10764641,2022/2023,12,77,0.001603,0.03577,0.2166,0.2405
10764647,2022/2023,10,76,0.000151,0.011505,0.2691,0.2773
10918319,2022/2023,11,39,2.2e-05,0.004064,0.2891,0.2903
10918351,2022/2023,11,70,5e-06,0.001738,0.2336,0.2341
10918384,2022/2023,14,40,0.000438,0.018355,0.2166,0.2271
10918398,2022/2023,12,39,3e-05,0.005099,0.2661,0.2696
10986778,2022/2023,13,78,0.000117,0.008936,0.2145,0.2188
10987115,2022/2023,12,36,5.8e-05,0.005849,0.2097,0.2185
10987116,2022/2023,12,70,0.000122,0.008818,0.227,0.2248
10987117,2022/2023,12,36,0.000293,0.013721,0.2281,0.2487
10987118,2022/2023,12,70,0.003308,0.048882,0.2399,0.2192
10987119,2022/2023,12,70,0.003462,0.05209,0.2541,0.236
10987292,2022/2023,14,78,5.4e-05,0.006455,0.2917,0.2942
10987294,2022/2023,14,2,0.000505,0.018906,0.2814,0.2782
10987296,2022/2023,14,40,1e-05,0.002482,0.2758,0.2721
10987303,2022/2023,14,78,0.000402,0.018797,0.2453,0.2591
10987773,2022/2023,15,78,0.00103,0.027322,0.2483,0.2521
10987824,2022/2023,13,77,0.000256,0.013856,0.2906,0.2855
10987928,2022/2023,15,2,0.000519,0.019055,0.246,0.2389
10987937,2022/2023,13,70,0.002241,0.041643,0.2835,0.2703
10987938,2022/2023,7,77,2.9e-05,0.004398,0.2687,0.2621
10987939,2022/2023,7,39,6e-06,0.002011,0.2568,0.2586
10987982,2022/2023,14,39,0.000156,0.011636,0.2821,0.2735
10988041,2022/2023,8,77,0.000376,0.016293,0.1695,0.185
10988042,2022/2023,8,1,1.8e-05,0.003824,0.2634,0.2651
10988056,2022/2023,16,78,0.000388,0.017626,0.2537,0.2614
10988068,2022/2023,15,77,0.000134,0.009483,0.2623,0.248
11220685,2022/2023,17,78,0.000699,0.024604,0.2588,0.2731
11220885,2022/2023,16,78,0.001628,0.037019,0.2399,0.2135
11220887,2022/2023,16,78,3.5e-05,0.005517,0.2794,0.2759
11221051,2022/2023,18,78,0.00087,0.025759,0.2766,0.2842
11221052,2022/2023,18,40,0.002226,0.041104,0.2592,0.2428
11221053,2022/2023,18,2,0.001873,0.035929,0.2483,0.2423
11221054,2022/2023,18,2,1.8e-05,0.003884,0.2692,0.267
11221105,2022/2023,14,70,0.005317,0.061684,0.242,0.2185
11221287,2022/2023,19,2,0.00173,0.03649,0.2214,0.1959
11221310,2022/2023,17,78,0.000428,0.018418,0.2092,0.1929
11221325,2022/2023,16,77,9.4e-05,0.009105,0.2894,0.2824
11221327,2022/2023,15,36,0.003584,0.038891,0.1163,0.0856
11221363,2022/2023,9,39,0.000565,0.020196,0.2633,0.2557
11221364,2022/2023,9,1,6.9e-05,0.007705,0.2297,0.2358
11221390,2022/2023,17,77,0.000439,0.017771,0.2768,0.2806
11221428,2022/2023,20,78,0.00289,0.042856,0.1584,0.1227
11221429,2022/2023,10,77,0.000187,0.010886,0.2659,0.2526
11221430,2022/2023,10,77,1e-06,0.000769,0.275,0.2754
11221461,2022/2023,18,77,0.00012,0.009053,0.2949,0.2936
11365130,2022/2023,11,1,2.7e-05,0.004914,0.2587,0.263
11365158,2022/2023,19,1,4.6e-05,0.005466,0.2834,0.2835
11365171,2022/2023,12,77,6.1e-05,0.006124,0.2796,0.2796
11365180,2022/2023,18,78,0.000592,0.022494,0.2354,0.2173
11365187,2022/2023,20,1,0.000146,0.010981,0.2846,0.2902
11554760,2022/2023,13,2,0.00045,0.017971,0.278,0.2813
11554915,2022/2023,21,2,9.6e-05,0.009147,0.2789,0.2729
11554953,2022/2023,16,37,0.001399,0.031199,0.1859,0.1649
11554972,2022/2023,14,78,0.000618,0.022384,0.2378,0.214
11554979,2022/2023,21,3,3e-06,0.001449,0.2778,0.278
11554984,2022/2023,22,78,1.4e-05,0.002952,0.2741,0.2697
11621757,2022/2023,19,79,1.8e-05,0.003798,0.2734,0.2718
11622089,2022/2023,17,71,0.000256,0.014037,0.2137,0.2037
11622091,2022/2023,17,71,0.000171,0.010722,0.2761,0.2601
11622092,2022/2023,17,71,0.000921,0.025991,0.2211,0.2059
11622093,2022/2023,17,71,0.00091,0.024555,0.2716,0.2735
11622094,2022/2023,17,37,0.000222,0.01058,0.2162,0.2139
11622254,2022/2023,20,41,0.000435,0.018018,0.2447,0.2501
11622257,2022/2023,20,79,4.2e-05,0.005603,0.2611,0.2592
11622259,2022/2023,20,79,6e-06,0.001921,0.2259,0.2288
11622262,2022/2023,20,3,8.3e-05,0.007243,0.1553,0.1631
11622265,2022/2023,20,79,0.000132,0.008238,0.1239,0.1149
11622825,2022/2023,22,3,0.000402,0.017742,0.2719,0.2779
11622880,2022/2023,23,78,0.001041,0.027302,0.2807,0.273
11623041,2022/2023,21,41,4.2e-05,0.005835,0.2144,0.2086
11623048,2022/2023,18,71,0.001003,0.022675,0.1154,0.0959
11623050,2022/2023,15,2,0.002611,0.041968,0.2811,0.2884
11623051,2022/2023,15,78,0.002498,0.045258,0.2691,0.2505
11623119,2022/2023,24,40,0.0,0.000485,0.2844,0.2842
11623198,2022/2023,16,78,8.3e-05,0.007367,0.1754,0.1805
11623199,2022/2023,16,78,0.001748,0.036018,0.2662,0.2538
11623217,2022/2023,23,79,0.001731,0.035931,0.2644,0.2547
11623237,2022/2023,25,2,0.000843,0.022969,0.2824,0.2818
11865684,2022/2023,24,3,7.6e-05,0.007847,0.2746,0.2803
11865919,2022/2023,22,79,0.000505,0.020072,0.2695,0.2775
11865927,2022/2023,22,79,0.000697,0.022745,0.2872,0.2806
11866105,2022/2023,25,41,0.000402,0.017863,0.2754,0.2683
11866108,2022/2023,25,79,3e-06,0.001494,0.2825,0.2809
11866110,2022/2023,25,79,0.000964,0.027427,0.2422,0.2301
11866111,2022/2023,25,41,0.000187,0.011065,0.2799,0.2803
11866172,2022/2023,19,71,4e-05,0.00548,0.2497,0.2431
11866416,2022/2023,26,78,0.000463,0.019453,0.2258,0.2141
11866432,2022/2023,23,3,0.000513,0.01928,0.2354,0.2286
11866446,2022/2023,26,78,0.000395,0.014182,0.2654,0.2663
11866448,2022/2023,20,37,4.6e-05,0.006334,0.273,0.2689
11866493,2022/2023,17,78,0.000234,0.012193,0.2557,0.2568
11866495,2022/2023,17,40,1.5e-05,0.003544,0.2744,0.2761
11866536,2022/2023,27,40,0.000203,0.011596,0.1705,0.1594
11866579,2022/2023,27,79,0.000608,0.018753,0.1339,0.1152
11866580,2022/2023,18,78,6e-05,0.006112,0.2347,0.2256
11866581,2022/2023,18,2,0.000891,0.027617,0.2666,0.283
11866617,2022/2023,28,40,0.002013,0.037713,0.1904,0.1601
12040442,2022/2023,29,78,0.00218,0.040352,0.2888,0.2744
12040459,2022/2023,30,78,7.7e-05,0.006863,0.2936,0.2833
12067050,2022/2023,19,79,0.000253,0.014254,0.2437,0.2282
12067114,2022/2023,24,42,0.000391,0.017378,0.282,0.2758
12067115,2022/2023,24,42,0.000103,0.009082,0.2691,0.2738
12067131,2022/2023,20,3,0.001982,0.029823,0.119,0.0911
12067134,2022/2023,20,3,0.000272,0.013944,0.2064,0.1971
12067167,2022/2023,25,80,0.000109,0.007945,0.2673,0.2584
12067206,2022/2023,26,80,0.001322,0.030727,0.2717,0.2769
12111770,2022/2023,21,41,0.000968,0.02719,0.2783,0.2697
12111771,2022/2023,21,79,1.1e-05,0.002344,0.261,0.2574
12111772,2022/2023,21,79,0.001314,0.031225,0.2736,0.266
12111804,2022/2023,28,42,0.000203,0.013378,0.2355,0.2445
12111805,2022/2023,28,80,0.000794,0.023904,0.2724,0.2779
12111806,2022/2023,28,4,4.6e-05,0.00566,0.2566,0.2559
12111807,2022/2023,28,4,0.000212,0.012478,0.1927,0.1831
12111808,2022/2023,28,80,0.000405,0.018017,0.271,0.2787
12111897,2022/2023,27,4,0.003312,0.047413,0.286,0.2928
12111899,2022/2023,27,80,3.9e-05,0.005268,0.1842,0.1784
12111900,2022/2023,27,4,0.000346,0.010661,0.0812,0.0701
12111908,2022/2023,22,79,6.5e-05,0.004628,0.194,0.1954
12111909,2022/2023,22,3,0.000491,0.017831,0.1715,0.1572
12111923,2022/2023,28,80,2.5e-05,0.003414,0.2471,0.2429
12111950,2022/2023,29,80,0.00055,0.019002,0.1628,0.1756
12111953,2022/2023,29,80,0.00012,0.009446,0.2754,0.2706
12111954,2022/2023,29,42,5.1e-05,0.004509,0.2031,0.2036
12111955,2022/2023,29,79,0.000246,0.013389,0.2269,0.2323
12111956,2022/2023,29,80,0.000414,0.017341,0.2144,0.2047
12111957,2022/2023,29,4,0.001268,0.024756,0.1266,0.1074
12167538,2022/2023,23,79,6.4e-05,0.007342,0.2672,0.2712
12167539,2022/2023,23,41,0.000248,0.013223,0.2755,0.2781
12167544,2022/2023,30,80,0.000165,0.01192,0.2629,0.2563
12192935,2022/2023,21,72,0.000226,0.013925,0.2441,0.2516
12192970,2022/2023,31,79,0.000926,0.027756,0.2539,0.2343
12269095,2022/2023,31,81,0.000608,0.020447,0.1766,0.1589
12269227,2022/2023,32,3,3e-06,0.001578,0.2931,0.2907
12269282,2022/2023,24,80,0.00032,0.01552,0.2886,0.2841
12269475,2022/2023,22,72,1e-06,0.000823,0.2621,0.2617
12269476,2022/2023,22,72,0.007146,0.066339,0.1736,0.1293
12269478,2022/2023,22,72,0.001094,0.028345,0.2738,0.285
12269479,2022/2023,22,38,0.000675,0.022485,0.248,0.2743
12269480,2022/2023,22,38,0.00107,0.027054,0.1983,0.1781
12269927,2022/2023,32,43,0.000218,0.013584,0.2555,0.2622
12269931,2022/2023,32,81,4e-05,0.005469,0.268,0.2746
12269934,2022/2023,32,5,0.000128,0.007699,0.2673,0.2788
12269938,2022/2023,32,43,4.7e-05,0.005965,0.2117,0.2077
12269942,2022/2023,32,81,0.000609,0.022673,0.2862,0.274
12270120,2022/2023,33,79,0.000127,0.009943,0.1939,0.1858
12270326,2022/2023,30,5,0.001223,0.029849,0.2455,0.2333
12270378,2022/2023,25,80,0.000413,0.01813,0.2639,0.2552
12270541,2022/2023,33,81,0.000574,0.016981,0.1295,0.1147
12270551,2022/2023,34,79,0.000911,0.025744,0.2897,0.2839
12270553,2022/2023,23,72,0.002017,0.040081,0.2467,0.2277
12270557,2022/2023,31,80,0.000452,0.016082,0.1474,0.1337
12270735,2022/2023,26,80,0.000895,0.025907,0.262,0.2545
12270743,2022/2023,32,81,0.001373,0.028824,0.1594,0.1391
12270760,2022/2023,35,79,0.001459,0.034086,0.2665,0.2508
12535907,2022/2023,27,4,0.001825,0.035424,0.2596,0.2564
12535918,2022/2023,33,81,0.000122,0.01029,0.2562,0.2503
12536056,2022/2023,36,41,0.000121,0.010304,0.2775,0.2701
12536097,2022/2023,34,81,0.00026,0.01307,0.2749,0.2753
12536102,2022/2023,34,81,0.000249,0.014244,0.2344,0.2265
12536115,2022/2023,28,80,9.9e-05,0.008865,0.2842,0.2907
12536343,2022/2023,34,81,0.000209,0.012271,0.272,0.2754
12536345,2022/2023,32,81,0.000479,0.019849,0.2502,0.2617
12536524,2022/2023,34,5,0.000161,0.011121,0.2832,0.2792
12536527,2022/2023,34,5,0.000265,0.01384,0.2725,0.2835
12536594,2022/2023,24,72,6.9e-05,0.006562,0.2821,0.2903
12536757,2022/2023,37,41,0.002121,0.039437,0.2098,0.1757
12536823,2022/2023,35,43,0.000801,0.026662,0.2508,0.2326
12536838,2022/2023,35,81,0.000421,0.018639,0.2363,0.2246
12536846,2022/2023,25,72,0.002951,0.045227,0.2713,0.2769
12536850,2022/2023,29,80,0.000194,0.012928,0.2792,0.2878
12536899,2022/2023,38,79,0.000291,0.014335,0.2192,0.2101
12536989,2022/2023,36,81,2.6e-05,0.00424,0.2754,0.2759
12536991,2022/2023,30,80,0.001416,0.034243,0.2673,0.2519
12537007,2022/2023,39,79,1.1e-05,0.003055,0.2955,0.2938
12705917,2022/2023,31,4,9.5e-05,0.008426,0.2553,0.2524
12705918,2022/2023,31,42,0.000105,0.008742,0.2546,0.2572
12705971,2022/2023,32,4,9e-06,0.002724,0.2816,0.2846
12705984,2022/2023,40,3,0.000117,0.009781,0.2789,0.2746
12911272,2022/2023,26,39,9.1e-05,0.006755,0.2312,0.2329
12911305,2022/2023,38,44,0.000415,0.018046,0.209,0.2193
12911311,2022/2023,41,4,9e-05,0.008825,0.2611,0.2545
12980570,2022/2023,110,56,3.5e-05,0.005214,0.2863,0.2919
12980731,2022/2023,42,42,0.000449,0.018592,0.2838,0.2774
12980812,2022/2023,33,81,0.000377,0.011682,0.0942,0.0834
12980966,2022/2023,27,73,0.000116,0.009383,0.2803,0.2726
12980967,2022/2023,27,73,0.000185,0.012517,0.2382,0.2459
12980968,2022/2023,27,73,0.000148,0.011343,0.2688,0.2583
12981052,2022/2023,27,73,0.000916,0.018831,0.0947,0.0758
12981054,2022/2023,27,73,2.6e-05,0.004594,0.2695,0.2716
12981501,2022/2023,173,28,0.001625,0.034084,0.1974,0.1716
12981522,2022/2023,173,104,5.1e-05,0.006154,0.2731,0.2717
12981525,2022/2023,150,99,1e-06,0.000498,0.2094,0.2087
12981532,2022/2023,162,63,0.000303,0.01425,0.2869,0.2854
12981776,2022/2023,43,42,5.9e-05,0.006501,0.2866,0.2768
12981875,2022/2023,39,82,0.000109,0.005519,0.0696,0.0647
12982035,2022/2023,34,81,2e-06,0.000812,0.183,0.1837
12982134,2022/2023,28,39,0.000111,0.009621,0.2635,0.2692
12982155,2022/2023,118,94,0.000101,0.009054,0.2019,0.1944
12982164,2022/2023,44,80,0.00068,0.019258,0.1768,0.1648
12982373,2022/2023,35,81,0.00049,0.019583,0.213,0.1959
12982377,2022/2023,40,82,0.000123,0.00928,0.2664,0.2643
12982394,2022/2023,45,80,1.3e-05,0.003367,0.2577,0.2555
13248801,2022/2023,36,5,2e-06,0.000778,0.1845,0.1855
13248817,2022/2023,41,44,0.000306,0.012735,0.2614,0.2611
13248979,2022/2023,46,42,0.000244,0.011502,0.1336,0.1237
13249049,2022/2023,42,6,2.7e-05,0.004604,0.2974,0.2944
13249053,2022/2023,42,82,0.000585,0.018669,0.2488,0.2692
13249056,2022/2023,42,82,0.000676,0.021302,0.2719,0.2735
13249069,2022/2023,42,6,0.000106,0.009324,0.271,0.2772
13249074,2022/2023,37,81,0.000737,0.025444,0.2684,0.2514
13249082,2022/2023,37,5,0.000808,0.024843,0.2753,0.2654
13249085,2022/2023,37,81,1.6e-05,0.00306,0.2665,0.262
13249298,2022/2023,149,100,0.00044,0.016551,0.1646,0.15
13249307,2022/2023,175,103,0.000951,0.02789,0.2863,0.2734
13249484,2022/2023,29,73,0.000351,0.01735,0.2725,0.286
13249672,2022/2023,47,80,0.003536,0.051354,0.2411,0.2074
13249775,2022/2023,43,6,0.001239,0.028592,0.1832,0.1611
13249794,2022/2023,117,94,5.8e-05,0.006205,0.2591,0.2498
13249806,2022/2023,30,73,1.9e-05,0.003383,0.2315,0.233
13249814,2022/2023,38,81,4.3e-05,0.005221,0.2443,0.2432
13249873,2022/2023,48,80,0.000901,0.025185,0.2816,0.2743
13249967,2022/2023,44,82,0.0003,0.014589,0.2212,0.2169
13249968,2022/2023,39,43,0.000917,0.026266,0.2678,0.2759
13249985,2022/2023,49,80,0.00099,0.027376,0.2766,0.2689
13451507,2022/2023,40,43,0.00044,0.018616,0.2739,0.2529
13451526,2022/2023,173,28,0.000116,0.009864,0.2732,0.2683
13451528,2022/2023,50,4,0.0006,0.020538,0.2843,0.2811
13605224,2022/2023,31,74,2.9e-05,0.004246,0.2693,0.2652
13605239,2022/2023,41,6,3.8e-05,0.005007,0.275,0.2739
13605253,2022/2023,45,7,0.000363,0.015425,0.2694,0.2681
13605255,2022/2023,36,82,0.000137,0.0099,0.2863,0.2844
13605256,2022/2023,36,6,9.2e-05,0.008131,0.2779,0.2862
13605261,2022/2023,51,43,0.000587,0.022656,0.2819,0.2656
13605383,2022/2023,162,100,6e-06,0.001758,0.2053,0.2047
13675439,2022/2023,37,82,0.000896,0.024495,0.1775,0.1545
13675620,2022/2023,52,5,2.8e-05,0.004665,0.2827,0.2809
13675708,2022/2023,42,44,5.1e-05,0.006417,0.2728,0.2753
13675901,2022/2023,32,74,0.001062,0.017992,0.0813,0.065
13675905,2022/2023,32,40,0.000457,0.017193,0.2312,0.2272
13675908,2022/2023,32,74,0.0001,0.009025,0.2794,0.2755
13675910,2022/2023,32,40,2.9e-05,0.003468,0.2049,0.2056
13676221,2022/2023,38,6,0.000442,0.014661,0.2241,0.2216
13676679,2022/2023,53,81,0.000554,0.013691,0.0873,0.0728
13676757,2022/2023,46,83,2.6e-05,0.00452,0.2756,0.2715
13676918,2022/2023,43,82,3.3e-05,0.004375,0.2809,0.2875
13677055,2022/2023,33,74,0.000776,0.022413,0.2651,0.266
13677063,2022/2023,39,82,1.2e-05,0.002105,0.1834,0.1838
13677081,2022/2023,54,81,1.4e-05,0.003527,0.2743,0.2712
13677264,2022/2023,44,82,0.000137,0.010221,0.2898,0.2813
13677267,2022/2023,47,7,2e-06,0.00131,0.2372,0.2379
13677280,2022/2023,55,43,0.002229,0.04043,0.2089,0.1739
13931821,2022/2023,45,82,0.000734,0.02475,0.2578,0.246
13931844,2022/2023,48,83,5e-06,0.001744,0.2758,0.2781
13932045,2022/2023,58,5,9.5e-05,0.007947,0.2724,0.2739
13932128,2022/2023,49,45,0.000225,0.011936,0.2717,0.2724
13932138,2022/2023,49,83,0.00043,0.018204,0.2492,0.239
13932142,2022/2023,49,83,0.000822,0.025479,0.2622,0.2515
13932144,2022/2023,49,7,0.000356,0.016299,0.2861,0.2819
13932153,2022/2023,46,6,6.7e-05,0.006167,0.242,0.2432
13932156,2022/2023,46,82,0.001798,0.037903,0.2392,0.2133
13932162,2022/2023,46,6,6.3e-05,0.007055,0.2654,0.2689
13932270,2022/2023,40,44,0.00078,0.024897,0.245,0.2357
13932277,2022/2023,41,82,4e-06,0.0016,0.2862,0.284
13932279,2022/2023,131,96,8.1e-05,0.008287,0.2319,0.2378
13932584,2022/2023,34,74,0.000426,0.018429,0.2338,0.2443
13932804,2022/2023,57,81,0.000507,0.020763,0.2529,0.2395
13932881,2022/2023,50,83,0.000183,0.012716,0.2574,0.2483
13932886,2022/2023,35,40,0.000252,0.010586,0.2384,0.2543
13932893,2022/2023,174,103,0.000388,0.0178,0.2816,0.2739
13932937,2022/2023,47,82,0.000193,0.011243,0.2723,0.2727
13933021,2022/2023,56,81,0.000497,0.020106,0.2373,0.2185
13933022,2022/2023,58,43,2e-05,0.003273,0.2685,0.2722
13933054,2022/2023,36,74,0.000103,0.008324,0.264,0.2645
13933109,2022/2023,51,83,0.000615,0.022407,0.2303,0.2213
13933110,2022/2023,48,82,0.002547,0.04164,0.267,0.2643
13933126,2022/2023,59,81,0.001029,0.0297,0.2392,0.2228
15063594,2022/2023,37,75,0.000718,0.02039,0.1384,0.1214
15063622,2022/2023,60,6,0.001852,0.03692,0.2058,0.1738
15063623,2022/2023,52,84,0.001392,0.030836,0.2133,0.1966
15120368,2022/2023,42,83,0.000135,0.010125,0.2497,0.2449
15120617,2022/2023,61,82,0.000836,0.023552,0.2128,0.199
15120791,2022/2023,49,83,2.4e-05,0.004086,0.1782,0.1815
15121065,2022/2023,38,41,2.7e-05,0.002871,0.1719,0.1724
15121066,2022/2023,38,75,4e-06,0.001681,0.2664,0.2639
15121067,2022/2023,38,75,1.2e-05,0.003112,0.2766,0.2745
15121068,2022/2023,38,75,0.00041,0.016661,0.2802,0.2823
15121070,2022/2023,38,75,0.000252,0.013702,0.283,0.2874
15121612,2022/2023,43,7,0.001499,0.030273,0.2589,0.2557
15121618,2022/2023,43,82,0.000108,0.008875,0.2817,0.2794
15121621,2022/2023,43,45,0.00098,0.025123,0.2758,0.2753
15121629,2022/2023,43,82,0.00029,0.014307,0.2045,0.2113
15121636,2022/2023,43,83,0.000105,0.008567,0.2877,0.2863
15121796,2022/2023,62,44,0.0003,0.014222,0.2967,0.2986
15121845,2022/2023,53,84,0.00106,0.030087,0.2609,0.2424
15122013,2022/2023,50,83,0.000296,0.014323,0.2287,0.2325
15122144,2022/2023,63,82,0.000923,0.027611,0.2695,0.2574
15122148,2022/2023,39,41,0.000362,0.016495,0.26,0.2643
15122156,2022/2023,44,83,0.000406,0.018608,0.2955,0.2845
15122358,2022/2023,51,45,0.000537,0.021294,0.2352,0.2162
15122361,2022/2023,64,44,0.002264,0.038229,0.1823,0.1515
15122362,2022/2023,54,84,0.000149,0.008736,0.1238,0.1153
15350692,2022/2023,52,83,0.000455,0.017005,0.1838,0.1724
15350724,2022/2023,55,84,0.000477,0.018122,0.2688,0.2669
15350991,2022/2023,65,44,3.2e-05,0.005197,0.2692,0.2641
15351117,2022/2023,56,8,0.000389,0.015492,0.2888,0.2876
15351120,2022/2023,56,8,0.00044,0.019185,0.281,0.2934
15351132,2022/2023,56,8,0.000237,0.013422,0.2638,0.2731
15351135,2022/2023,56,46,3.1e-05,0.004875,0.2626,0.2608
15351154,2022/2023,53,7,9.8e-05,0.007931,0.2702,0.2687
15351158,2022/2023,53,7,0.000902,0.02654,0.2858,0.2764
15351160,2022/2023,53,45,6e-05,0.006777,0.265,0.2568
15351443,2022/2023,45,82,0.000513,0.015524,0.1151,0.0995
15351614,2022/2023,40,75,9.6e-05,0.00863,0.2762,0.272
15351765,2022/2023,66,82,0.000205,0.011864,0.2874,0.286
15351870,2022/2023,57,84,0.000125,0.010535,0.2549,0.2624
15351885,2022/2023,41,41,0.000105,0.008902,0.2767,0.2829
15351905,2022/2023,46,82,0.000195,0.012274,0.2674,0.2715
15351921,2022/2023,54,83,0.000766,0.023714,0.2831,0.2757
15351960,2022/2023,67,6,4.8e-05,0.006173,0.2909,0.2872
15352015,2022/2023,58,84,0.000942,0.026413,0.2565,0.2515
15352016,2022/2023,55,83,0.00035,0.017002,0.2585,0.2677
15352017,2022/2023,68,82,0.000122,0.006849,0.1868,0.1871
15524228,2022/2023,56,83,0.000109,0.007761,0.2483,0.2484
15524238,2022/2023,69,44,0.000417,0.016929,0.25,0.2429
15524240,2022/2023,47,7,0.000142,0.009017,0.2424,0.2419
15686712,2022/2023,42,42,5.8e-05,0.006123,0.2502,0.2499
15686744,2022/2023,70,83,4.4e-05,0.005669,0.2879,0.2794
15686747,2022/2023,59,9,0.000505,0.019948,0.2165,0.2042
15763206,2022/2023,71,7,7.1e-05,0.007503,0.2886,0.2922
15763619,2022/2023,57,84,4.9e-05,0.005838,0.2753,0.2665
15763941,2022/2023,43,42,0.000374,0.015992,0.2155,0.2088
15763942,2022/2023,43,76,0.000382,0.018304,0.2687,0.2563
15763947,2022/2023,43,42,0.000176,0.011623,0.2287,0.2425
15763949,2022/2023,43,76,3.1e-05,0.004592,0.2752,0.2821
15764452,2022/2023,48,8,0.001255,0.029246,0.2672,0.2626
15764454,2022/2023,48,83,0.000387,0.016853,0.2414,0.2496
15764459,2022/2023,48,84,0.000163,0.007498,0.0818,0.0738
15764460,2022/2023,48,46,5e-06,0.001764,0.2532,0.2558
15764605,2022/2023,72,7,0.000337,0.016492,0.2235,0.2117
15764687,2022/2023,60,9,5.9e-05,0.006679,0.1986,0.1927
15764795,2022/2023,58,84,0.000127,0.010017,0.2329,0.2381
15764862,2022/2023,73,83,0.001606,0.035961,0.2465,0.2275
15764864,2022/2023,44,76,0.004765,0.058656,0.1998,0.1646
15764877,2022/2023,49,83,0.000869,0.024873,0.2628,0.2596
15765048,2022/2023,59,84,0.000134,0.010155,0.2752,0.2717
15765051,2022/2023,74,83,0.002269,0.037017,0.1732,0.1435
15765061,2022/2023,61,85,0.001732,0.030454,0.144,0.1185
16082627,2022/2023,60,46,2.7e-05,0.004205,0.2834,0.2775
16082693,2022/2023,62,85,5.7e-05,0.007113,0.2512,0.2463
16082786,2022/2023,75,45,0.000141,0.011124,0.2838,0.2758
16083175,2022/2023,61,8,0.000845,0.026097,0.2644,0.2507
16083181,2022/2023,61,46,1.1e-05,0.002674,0.2606,0.2613
16083187,2022/2023,61,84,6.4e-05,0.006448,0.2656,0.2662
16083317,2022/2023,63,85,0.000446,0.018275,0.2801,0.2874
16083319,2022/2023,63,9,3.8e-05,0.005242,0.2833,0.2879
16083320,2022/2023,63,47,1.4e-05,0.003151,0.2851,0.2804
16083328,2022/2023,63,85,0.000547,0.019543,0.2737,0.2705
16083456,2022/2023,50,83,8.5e-05,0.007471,0.2716,0.2727
16083473,2022/2023,50,46,0.000536,0.019915,0.2795,0.2731
16083611,2022/2023,45,76,0.001508,0.034202,0.2592,0.2701
16083763,2022/2023,76,45,0.000147,0.010253,0.2866,0.2913
16083885,2022/2023,64,85,4.8e-05,0.006038,0.2014,0.1949
16083892,2022/2023,46,76,0.000121,0.010256,0.2751,0.2664
16083914,2022/2023,51,83,0.000454,0.01974,0.2482,0.237
16083928,2022/2023,62,8,0.000847,0.024198,0.1911,0.1733
16083971,2022/2023,77,83,0.001504,0.032333,0.2735,0.2688
16083997,2022/2023,47,76,4.9e-05,0.00636,0.2743,0.2715
16084028,2022/2023,52,83,0.000102,0.008775,0.2759,0.2735
16084063,2022/2023,63,8,1.2e-05,0.0027,0.2341,0.2332
16084064,2022/2023,65,85,0.000399,0.01798,0.2687,0.2616
16084065,2022/2023,78,83,0.000362,0.015283,0.1646,0.1488
16326603,2022/2023,64,84,0.000322,0.015897,0.2739,0.2687
16326615,2022/2023,79,45,0.000133,0.009454,0.2825,0.2877
16326618,2022/2023,53,8,0.000346,0.015296,0.2749,0.2782
16501803,2022/2023,48,43,0.000121,0.008334,0.2462,0.2455
16501827,2022/2023,80,46,0.000139,0.010173,0.269,0.2653
16501828,2022/2023,66,86,0.000199,0.01296,0.2764,0.2697
16501830,2022/2023,54,47,0.000698,0.021054,0.2707,0.2709
16575261,2022/2023,55,84,0.000206,0.0124,0.2617,0.2644
16575301,2022/2023,81,8,0.00057,0.021033,0.2498,0.2374
16575759,2022/2023,65,9,0.000211,0.013212,0.2823,0.2749
16576063,2022/2023,49,77,0.000443,0.017127,0.2666,0.2671
16576064,2022/2023,49,77,0.000172,0.01085,0.261,0.2629
16576065,2022/2023,49,43,0.000695,0.023626,0.2397,0.2261
16576066,2022/2023,49,43,0.000408,0.018627,0.2645,0.2744
16576537,2022/2023,56,9,0.000179,0.010959,0.2763,0.2795
16576546,2022/2023,56,9,0.000624,0.021665,0.2825,0.2747
16576643,2022/2023,82,84,0.000161,0.009652,0.1757,0.169
16576722,2022/2023,67,86,0.000995,0.028788,0.258,0.2717
16576869,2022/2023,66,85,0.000128,0.010225,0.2949,0.2885
16576965,2022/2023,83,46,6.5e-05,0.007164,0.2958,0.2912
16576967,2022/2023,50,77,2.2e-05,0.003821,0.2261,0.2277
16576981,2022/2023,57,85,0.00026,0.014308,0.1937,0.207
16577191,2022/2023,67,85,0.000487,0.017978,0.2698,0.2669
16577196,2022/2023,84,84,0.000141,0.009691,0.2602,0.2471
16577210,2022/2023,68,86,0.000128,0.009043,0.2187,0.2315
16875652,2022/2023,68,47,4.6e-05,0.005309,0.1803,0.1776
16875737,2022/2023,69,10,0.000218,0.013236,0.2505,0.2439
16875831,2022/2023,85,84,1.3e-05,0.00294,0.2852,0.2808
16876316,2022/2023,69,85,0.000136,0.01017,0.2619,0.2588
16876321,2022/2023,69,9,3.9e-05,0.005156,0.2834,0.2899
16876434,2022/2023,70,10,0.000314,0.014921,0.2823,0.2797
16876441,2022/2023,70,86,1.9e-05,0.003919,0.2756,0.2737
16876448,2022/2023,70,86,0.000154,0.009435,0.2404,0.2406
16876453,2022/2023,70,10,0.000589,0.0223,0.2609,0.2481
16876570,2022/2023,58,84,0.000125,0.009205,0.2875,0.2796
16876582,2022/2023,58,84,0.002142,0.039897,0.2135,0.1879
16876591,2022/2023,58,84,0.001042,0.028003,0.2601,0.2535
16876593,2022/2023,58,85,5.8e-05,0.006552,0.2784,0.2749
16876702,2022/2023,51,77,1.2e-05,0.003177,0.2341,0.2367
16876854,2022/2023,86,84,0.001545,0.032255,0.2533,0.2551
16876953,2022/2023,71,48,0.000203,0.010151,0.2297,0.2287
16876961,2022/2023,52,77,0.000248,0.013646,0.2746,0.2782
16876975,2022/2023,59,84,0.000989,0.027618,0.2351,0.228
16876986,2022/2023,70,85,6.8e-05,0.006214,0.138,0.1317
16877007,2022/2023,87,46,0.000102,0.009221,0.2791,0.2699
16877054,2022/2023,53,77,4e-06,0.00147,0.14,0.1389
16877106,2022/2023,71,85,0.000374,0.016108,0.1959,0.1849
16877107,2022/2023,72,86,0.000251,0.014211,0.2168,0.2249
16877109,2022/2023,88,8,1.5e-05,0.003151,0.2543,0.2591
17122689,2022/2023,72,85,0.000165,0.011768,0.2541,0.2418
17122722,2022/2023,73,9,0.000675,0.024332,0.288,0.2713
17122730,2022/2023,89,84,9.9e-05,0.009309,0.2586,0.2509
17154654,2022/2023,90,85,0.00035,0.01651,0.2794,0.274
17154683,2022/2023,91,85,0.001357,0.031288,0.2273,0.2067
17154703,2022/2023,60,10,0.000858,0.024672,0.2035,0.1855
17154774,2022/2023,92,47,0.000211,0.013046,0.2264,0.2169
17154789,2022/2023,61,85,3.9e-05,0.005867,0.2826,0.2771
17154829,2022/2023,138,97,9.2e-05,0.008572,0.2582,0.2549
17201865,2022/2023,93,85,0.00045,0.017422,0.262,0.2558
17201866,2022/2023,93,47,0.000119,0.008712,0.2963,0.2844
17201906,2022/2023,94,47,0.000229,0.013591,0.2584,0.2659
17201926,2022/2023,62,10,0.001054,0.027017,0.288,0.292
17201927,2022/2023,62,48,0.000143,0.009458,0.27,0.2699
17201929,2022/2023,62,86,4e-06,0.001346,0.2216,0.2216
17201930,2022/2023,62,85,2.4e-05,0.003298,0.1975,0.1979
17201965,2022/2023,95,85,0.00161,0.028539,0.1447,0.1204
17201981,2022/2023,63,85,0.000751,0.024301,0.2581,0.2502
17260012,2022/2023,96,9,2.4e-05,0.004526,0.2765,0.274
17260029,2022/2023,97,47,5.9e-05,0.007124,0.2824,0.2782
17260034,2022/2023,64,48,0.000235,0.012631,0.2836,0.2823
17260043,2022/2023,98,85,0.000713,0.022346,0.2294,0.2373
17260050,2022/2023,65,85,4.5e-05,0.006009,0.2609,0.2631
17285604,2022/2023,54,78,0.000313,0.014352,0.2756,0.2751
17285623,2022/2023,74,48,0.000144,0.009882,0.242,0.2453
17285642,2022/2023,73,11,0.001411,0.031674,0.2087,0.1855
17356967,2022/2023,66,11,0.001356,0.029463,0.1819,0.1594
17357018,2022/2023,99,48,0.000136,0.010702,0.2606,0.253
17357451,2022/2023,75,48,4e-05,0.005456,0.2572,0.2554
17357672,2022/2023,55,78,9.1e-05,0.008441,0.2388,0.2424
17357673,2022/2023,55,78,0.000186,0.012336,0.2494,0.2438
17357674,2022/2023,55,44,6.7e-05,0.00764,0.2494,0.2537
17357675,2022/2023,55,78,0.001775,0.036596,0.2058,0.1846
17357677,2022/2023,55,78,0.000228,0.013531,0.2315,0.2235
17357951,2022/2023,67,86,0.00012,0.008959,0.2893,0.2884
17357956,2022/2023,67,86,6.3e-05,0.006136,0.1639,0.1563
17358202,2022/2023,100,48,0.000108,0.008721,0.2802,0.2671
17358297,2022/2023,74,87,0.0006,0.02191,0.2487,0.2401
17358415,2022/2023,76,10,1.8e-05,0.003601,0.1899,0.1857
17358510,2022/2023,101,48,6e-06,0.001982,0.245,0.242
17358513,2022/2023,56,78,0.00059,0.022095,0.258,0.2683
17358519,2022/2023,68,86,0.00024,0.012713,0.2676,0.2691
17358679,2022/2023,77,86,0.000314,0.016037,0.2762,0.2676
17358683,2022/2023,102,86,1.4e-05,0.003017,0.161,0.1643
17358691,2022/2023,75,87,0.000231,0.012949,0.2715,0.2677
17660492,2022/2023,78,86,0.000459,0.018505,0.2475,0.2552
17660615,2022/2023,76,87,0.000896,0.024664,0.1803,0.162
17660724,2022/2023,103,48,0.000711,0.022663,0.2391,0.2267
17661185,2022/2023,79,10,3.3e-05,0.005011,0.2883,0.2906
17661240,2022/2023,69,49,5e-06,0.002076,0.2872,0.2895
17661249,2022/2023,69,49,5e-06,0.001783,0.2719,0.2745
17661258,2022/2023,69,86,0.000314,0.015325,0.211,0.2004
17661269,2022/2023,69,87,7.6e-05,0.007853,0.2836,0.2789
17661314,2022/2023,77,49,5.1e-05,0.006121,0.2747,0.2763
17661320,2022/2023,77,11,3.9e-05,0.004984,0.2776,0.2782
17661322,2022/2023,77,11,1e-06,0.000797,0.2765,0.2761
17661324,2022/2023,77,49,4e-06,0.001733,0.265,0.2633
17661551,2022/2023,57,44,0.00024,0.010825,0.2314,0.2309
17661696,2022/2023,104,86,0.000531,0.018422,0.2879,0.2876
17661817,2022/2023,78,87,2.7e-05,0.0044,0.2858,0.2792
17661825,2022/2023,58,44,0.000572,0.021853,0.2388,0.2237
17661831,2022/2023,70,87,0.000589,0.020646,0.2587,0.2619
17661851,2022/2023,80,86,0.000599,0.020283,0.2718,0.2738
17661879,2022/2023,105,10,3.2e-05,0.004859,0.2791,0.2752
17661880,2022/2023,105,10,0.000552,0.020586,0.2285,0.215
17661953,2022/2023,81,86,0.001028,0.029832,0.2583,0.2415
17661954,2022/2023,79,87,9e-05,0.008666,0.2645,0.2607
17661955,2022/2023,106,86,0.001266,0.029945,0.243,0.2505
17910566,2022/2023,82,10,3.2e-05,0.004759,0.2744,0.2769
17910619,2022/2023,83,86,0.000189,0.01226,0.2314,0.2234
17910630,2022/2023,107,86,0.000364,0.016964,0.2631,0.2548
17910632,2022/2023,71,11,0.001211,0.030375,0.2466,0.23
18103949,2022/2023,59,45,0.000331,0.016647,0.2645,0.2729
18103980,2022/2023,108,49,0.00013,0.010508,0.2922,0.2857
18103984,2022/2023,80,12,6.3e-05,0.006664,0.2301,0.2274
18170805,2022/2023,72,87,0.000848,0.023722,0.1684,0.1492
18170862,2022/2023,109,11,0.000142,0.010877,0.279,0.273
18171359,2022/2023,84,87,0.000118,0.008784,0.1849,0.1742
18171575,2022/2023,60,79,0.000213,0.010994,0.1378,0.1285
18171576,2022/2023,60,79,1.6e-05,0.003074,0.2266,0.2271
18171579,2022/2023,60,45,0.000108,0.007688,0.2455,0.2453
18171581,2022/2023,60,79,7.4e-05,0.006799,0.2554,0.2547
18172050,2022/2023,73,12,0.001584,0.033876,0.2592,0.2471
18172054,2022/2023,73,50,0.000144,0.009975,0.2772,0.279
18172057,2022/2023,73,87,0.000259,0.014875,0.2862,0.2773
18172059,2022/2023,73,87,3.4e-05,0.005467,0.2738,0.2779
18172066,2022/2023,73,88,1.9e-05,0.003449,0.2548,0.2496
18172152,2022/2023,110,87,0.001046,0.027281,0.2242,0.2069
18172242,2022/2023,81,50,2e-05,0.003695,0.1619,0.1653
18172357,2022/2023,85,11,0.000277,0.015647,0.2714,0.2601
18172416,2022/2023,61,79,0.000404,0.016571,0.2551,0.2541
18172417,2022/2023,111,49,5.6e-05,0.006616,0.2794,0.2728
18172432,2022/2023,74,50,0.000417,0.018823,0.2692,0.2794
18172574,2022/2023,86,87,0.000128,0.009261,0.1768,0.1694
18172576,2022/2023,75,87,8.2e-05,0.007362,0.1606,0.1687
18172578,2022/2023,112,87,0.000915,0.026246,0.2493,0.2393
18172585,2022/2023,82,88,0.001464,0.032493,0.2668,0.2573
18458989,2022/2023,87,49,0.000108,0.008103,0.278,0.2779
18459078,2022/2023,83,12,4e-06,0.001644,0.2898,0.2901
18459199,2022/2023,113,49,0.000104,0.009506,0.2736,0.2646
18459617,2022/2023,88,11,0.000818,0.025341,0.2489,0.2375
18459620,2022/2023,88,87,0.000807,0.026329,0.2606,0.2433
18459681,2022/2023,84,88,0.000198,0.01103,0.2052,0.2009
18459684,2022/2023,84,50,0.000117,0.009628,0.2687,0.2648
18459693,2022/2023,84,88,0.000162,0.011574,0.2807,0.2714
18459697,2022/2023,84,88,1.9e-05,0.002953,0.1707,0.1751
18459732,2022/2023,76,12,0.000498,0.016178,0.1428,0.1291
18459810,2022/2023,62,79,0.000146,0.011333,0.2521,0.2596
18459932,2022/2023,114,11,7e-06,0.001498,0.1644,0.1643
18460051,2022/2023,85,88,0.000126,0.009982,0.2696,0.2732
18460054,2022/2023,77,87,9e-05,0.006939,0.2662,0.2571
18460060,2022/2023,63,45,0.000108,0.008796,0.245,0.2421
18460087,2022/2023,89,49,8.9e-05,0.008613,0.2256,0.2175
18460099,2022/2023,115,87,6.1e-05,0.005428,0.2634,0.256
18460122,2022/2023,64,79,0.00185,0.035377,0.2622,0.264
18460136,2022/2023,90,87,0.000222,0.013995,0.2561,0.244
18460137,2022/2023,86,88,0.000584,0.022108,0.2584,0.2488
18460158,2022/2023,116,87,0.000435,0.01841,0.2807,0.2871
18707042,2022/2023,91,87,1.3e-05,0.003378,0.2556,0.2527
18707071,2022/2023,92,11,1.2e-05,0.003214,0.2812,0.2789
18707078,2022/2023,117,87,0.000159,0.01087,0.296,0.3059
18855601,2022/2023,65,80,0.000232,0.013825,0.2561,0.2617
18855621,2022/2023,93,12,9e-06,0.002399,0.2245,0.2281
18855632,2022/2023,118,12,0.00101,0.02788,0.274,0.2644
18855635,2022/2023,87,13,0.000129,0.010361,0.2445,0.2392
18918084,2022/2023,119,88,4.6e-05,0.004864,0.2869,0.2934
18918557,2022/2023,94,50,5.3e-05,0.006545,0.2665,0.2599
18918558,2022/2023,94,12,1.6e-05,0.003293,0.2733,0.2728
18918674,2022/2023,66,46,0.000788,0.022468,0.1711,0.1545
18918678,2022/2023,66,80,2.2e-05,0.004412,0.2645,0.261
18918679,2022/2023,66,80,6.1e-05,0.006463,0.264,0.2573
18918680,2022/2023,66,80,0.000175,0.010926,0.2289,0.2253
18918682,2022/2023,66,80,0.001926,0.032889,0.1451,0.1175
18919118,2022/2023,78,13,0.000471,0.018421,0.2503,0.2441
18919121,2022/2023,78,51,0.000219,0.010231,0.1185,0.1098
18919124,2022/2023,78,13,0.00014,0.010297,0.2849,0.2916
18919132,2022/2023,78,88,0.000654,0.023726,0.2786,0.2642
18919193,2022/2023,120,50,0.000628,0.022127,0.2671,0.2566
18919289,2022/2023,88,13,9.6e-05,0.00839,0.2945,0.2922
18919401,2022/2023,95,88,0.001735,0.03821,0.2489,0.2271
18919475,2022/2023,121,88,9.1e-05,0.007946,0.2839,0.272
18919478,2022/2023,67,46,1.6e-05,0.002508,0.2242,0.2276
18919492,2022/2023,79,89,1.6e-05,0.00339,0.2821,0.2872
18919642,2022/2023,96,88,1e-06,0.000921,0.139,0.1401
18919648,2022/2023,122,12,0.000487,0.017066,0.1517,0.136
18919649,2022/2023,89,89,0.000327,0.01601,0.2162,0.2046
19213319,2022/2023,97,88,0.000128,0.009766,0.2868,0.2842
19213403,2022/2023,90,89,0.001355,0.031373,0.214,0.1976
19213431,2022/2023,80,88,0.00114,0.029958,0.255,0.2425
19213557,2022/2023,123,50,2e-06,0.001099,0.2263,0.2279
19214042,2022/2023,98,88,0.000174,0.012232,0.2716,0.2591
19214044,2022/2023,98,12,0.000231,0.01368,0.2696,0.2633
19214118,2022/2023,91,51,0.000149,0.011183,0.2747,0.2848
19214123,2022/2023,91,89,1.5e-05,0.003079,0.2701,0.2655
19214128,2022/2023,91,89,0.000171,0.010991,0.2862,0.2841
19214132,2022/2023,91,13,4.1e-05,0.00543,0.262,0.266
19214201,2022/2023,81,88,6.8e-05,0.006373,0.2778,0.2682
19214205,2022/2023,81,89,0.000127,0.010523,0.2476,0.239
19214209,2022/2023,81,88,0.000105,0.009619,0.2734,0.2666
19214256,2022/2023,68,80,0.000374,0.015721,0.2721,0.2735
19214394,2022/2023,124,88,0.00018,0.011254,0.2711,0.2732
19214485,2022/2023,92,89,0.000246,0.014557,0.2648,0.255
19214489,2022/2023,69,80,0.000204,0.012005,0.2476,0.2507
19214501,2022/2023,82,88,0.000612,0.02101,0.2539,0.251
19214513,2022/2023,99,88,0.000232,0.013652,0.2763,0.2818
19214529,2022/2023,125,50,5.3e-05,0.00666,0.2687,0.2648
19214587,2022/2023,100,88,0.000111,0.009077,0.2732,0.2709
19214588,2022/2023,93,89,3.5e-05,0.005068,0.257,0.2545
19214618,2022/2023,126,88,1e-05,0.002423,0.268,0.2717
19446653,2022/2023,127,50,0.000709,0.024625,0.2514,0.2356
19479060,2022/2023,70,81,8.6e-05,0.0075,0.2651,0.2649
19479061,2022/2023,101,51,3e-05,0.003932,0.127,0.1225
19479062,2022/2023,101,89,0.000324,0.015224,0.2386,0.2318
19479070,2022/2023,128,13,0.000221,0.012694,0.2529,0.2479
19479083,2022/2023,129,51,0.000658,0.023304,0.227,0.2073
19479092,2022/2023,71,47,1.3e-05,0.002166,0.0935,0.092
19479093,2022/2023,71,47,0.000252,0.013425,0.2593,0.2659
19479094,2022/2023,71,81,0.000136,0.009413,0.2638,0.2644
19479136,2022/2023,102,13,0.000864,0.026484,0.228,0.2105
19479181,2022/2023,130,89,0.001451,0.033791,0.2453,0.2248
19517510,2022/2023,72,81,0.00017,0.011084,0.2635,0.2653
19517511,2022/2023,103,13,0.000182,0.01,0.2757,0.276
19517512,2022/2023,103,89,4.8e-05,0.006406,0.281,0.2759
19517521,2022/2023,131,13,3.4e-05,0.004962,0.2824,0.2898
19517522,2022/2023,131,89,0.000428,0.018214,0.2849,0.2789
19517545,2022/2023,132,51,0.000191,0.012057,0.2881,0.2845
19517564,2022/2023,73,81,0.000521,0.018989,0.2519,0.2555
19517565,2022/2023,73,81,0.000422,0.018738,0.222,0.2409
19517566,2022/2023,73,81,0.000393,0.018117,0.237,0.247
19517567,2022/2023,73,47,6.5e-05,0.00715,0.2546,0.2571
19517585,2022/2023,104,51,0.000802,0.025764,0.2473,0.231
19517586,2022/2023,104,89,8.1e-05,0.008046,0.213,0.2065
19517587,2022/2023,104,89,0.000697,0.024131,0.2686,0.2522
19517602,2022/2023,133,51,0.000244,0.014561,0.2835,0.2742
19561604,2022/2023,105,89,6.2e-05,0.005879,0.2431,0.2398
19561606,2022/2023,134,51,0.000153,0.011421,0.2571,0.2457
19561616,2022/2023,135,89,2e-06,0.001343,0.275,0.2741
19561623,2022/2023,106,13,0.000474,0.020107,0.2504,0.2361
19561626,2022/2023,136,89,4.7e-05,0.004666,0.1141,0.1096
19582601,2022/2023,74,82,1.1e-05,0.002541,0.255,0.2583
19582609,2022/2023,107,14,0.000112,0.009584,0.2826,0.2781
19582616,2022/2023,94,90,0.00073,0.024891,0.2594,0.2448
19638345,2022/2023,83,52,0.000175,0.008377,0.1044,0.0972
19638927,2022/2023,108,90,0.000666,0.02206,0.2077,0.2193
19639036,2022/2023,75,82,3.1e-05,0.004586,0.2506,0.248
19639037,2022/2023,75,82,0.000109,0.008958,0.2643,0.2625
19639039,2022/2023,75,48,0.000152,0.009968,0.2676,0.2671
19639040,2022/2023,75,82,2e-06,0.001377,0.2747,0.2753
19639041,2022/2023,75,48,0.000496,0.019623,0.2294,0.2202
19639279,2022/2023,84,14,0.00054,0.020248,0.2852,0.2914
19639283,2022/2023,84,89,6e-05,0.005491,0.1489,0.1456
19639289,2022/2023,84,14,0.000281,0.013917,0.2856,0.2832
19639292,2022/2023,84,89,7.5e-05,0.007351,0.2218,0.219
19639293,2022/2023,84,90,0.00027,0.014602,0.2686,0.2635
19639584,2022/2023,95,52,7.9e-05,0.007724,0.2247,0.2198
19639689,2022/2023,109,14,0.00042,0.016173,0.3058,0.3056
19639751,2022/2023,76,48,0.000721,0.016488,0.0924,0.0767
19639754,2022/2023,85,89,1.1e-05,0.002482,0.2585,0.2606
19639900,2022/2023,110,90,0.000731,0.022565,0.28,0.2771
19639902,2022/2023,86,89,0.0007,0.023705,0.2258,0.2063
19639911,2022/2023,96,14,6.4e-05,0.00694,0.1858,0.1923
19926374,2022/2023,111,90,2.5e-05,0.00384,0.2632,0.2575
19926452,2022/2023,97,14,0.000312,0.01239,0.1227,0.1118
19927094,2022/2023,112,90,0.001052,0.028705,0.2669,0.2573
19927097,2022/2023,112,14,4.9e-05,0.005348,0.2735,0.2735
19927101,2022/2023,112,90,5.5e-05,0.006894,0.2807,0.2765
19927107,2022/2023,87,89,0.000234,0.014186,0.2407,0.2282
19927148,2022/2023,98,14,0.000139,0.010759,0.279,0.2738
19927151,2022/2023,98,90,0.000433,0.016918,0.1826,0.1702
19927153,2022/2023,98,90,6.4e-05,0.006205,0.2705,0.2615
19927159,2022/2023,98,52,1e-05,0.002589,0.2686,0.2657
19927230,2022/2023,77,82,3.9e-05,0.005749,0.2521,0.2465
19927449,2022/2023,99,90,0.001079,0.027477,0.2745,0.2786
19927454,2022/2023,78,82,0.000228,0.012053,0.2747,0.2748
19927458,2022/2023,88,52,0.000203,0.012955,0.2692,0.2635
19927476,2022/2023,113,90,0.000188,0.010272,0.2443,0.2435
19927535,2022/2023,114,90,0.000724,0.023926,0.2843,0.2935
19927536,2022/2023,100,90,0.000558,0.021179,0.2683,0.2767
22945232,2022/2023,89,53,0.000989,0.024894,0.2478,0.2452
22945314,2022/2023,90,53,3.6e-05,0.005608,0.2775,0.2817
22945315,2022/2023,90,91,3.8e-05,0.004901,0.2932,0.2932
22945316,2022/2023,90,91,0.00051,0.020014,0.2634,0.2561
22945317,2022/2023,90,90,1.3e-05,0.002922,0.2627,0.2583
22945499,2022/2023,91,90,0.001061,0.030039,0.2539,0.235
22945509,2022/2023,92,90,2.8e-05,0.004424,0.2077,0.2022
22964115,2022/2023,93,15,0.000243,0.012961,0.2384,0.2335
22964123,2022/2023,94,15,0.000585,0.021119,0.2124,0.1957
22994127,2022/2023,101,15,0.000112,0.009024,0.2689,0.2662
22994128,2022/2023,101,53,1.4e-05,0.003085,0.2612,0.2566
22994154,2022/2023,102,15,0.00047,0.018499,0.2505,0.2443
22994161,2022/2023,103,53,0.000363,0.017853,0.2615,0.2492
22994179,2022/2023,95,90,0.001593,0.033109,0.1899,0.1672
22994181,2022/2023,104,91,1e-06,0.000532,0.1473,0.1481
22994182,2022/2023,104,91,3.9e-05,0.004824,0.272,0.2647
23041509,2022/2023,105,91,5.8e-05,0.006169,0.2461,0.2553
23041510,2022/2023,137,14,5.6e-05,0.006227,0.269,0.2596
23041519,2022/2023,106,91,0.000985,0.027951,0.2607,0.2477
23041522,2022/2023,138,90,0.001346,0.030192,0.2842,0.2804
23041554,2022/2023,107,91,0.00043,0.019327,0.2883,0.273
23041555,2022/2023,107,15,9e-06,0.00212,0.2304,0.2312
23041558,2022/2023,139,90,0.000603,0.018121,0.15,0.135
23062425,2022/2023,140,52,0.000293,0.013431,0.3065,0.3064
23062438,2022/2023,141,90,0.00032,0.016322,0.282,0.2741
23062439,2022/2023,141,14,3.3e-05,0.004742,0.2855,0.2862
23062449,2022/2023,96,54,0.000353,0.015337,0.2609,0.2574
23062466,2022/2023,97,91,4.8e-05,0.005583,0.1912,0.1985
23062479,2022/2023,142,52,0.000899,0.025762,0.2118,0.1938
23096354,2022/2023,98,91,4.4e-05,0.005458,0.2657,0.2576
23096371,2022/2023,143,52,1.7e-05,0.003132,0.1497,0.1522
23096392,2022/2023,99,16,0.00016,0.010112,0.2884,0.2886
23096393,2022/2023,99,54,3.4e-05,0.005011,0.2525,0.2508
23096394,2022/2023,99,91,0.000329,0.011346,0.0977,0.0867
23096395,2022/2023,99,91,9e-06,0.001895,0.2014,0.2022
23096404,2022/2023,144,90,3.8e-05,0.004998,0.2684,0.2609
23096405,2022/2023,144,90,9.9e-05,0.008203,0.2852,0.2861
23096413,2022/2023,100,91,0.000568,0.021668,0.2651,0.2554
23121311,2022/2023,101,92,0.000105,0.009117,0.2279,0.2228
23121312,2022/2023,108,92,2e-05,0.00394,0.2193,0.2151
23121313,2022/2023,108,16,0.000423,0.01901,0.2633,0.252
23121314,2022/2023,108,16,8e-06,0.00243,0.2712,0.2742
23121315,2022/2023,108,92,4.7e-05,0.005828,0.2737,0.2808
23121362,2022/2023,109,54,0.000203,0.01222,0.2379,0.2322
23121363,2022/2023,102,16,0.000526,0.017789,0.2794,0.278
23121367,2022/2023,110,92,0.000681,0.022443,0.2626,0.2566
23140978,2022/2023,111,54,0.000581,0.021008,0.2692,0.2748
23141205,2022/2023,112,92,5.7e-05,0.006003,0.2448,0.2358
23141213,2022/2023,103,55,0.001287,0.031099,0.2198,0.2017
23141214,2022/2023,113,92,0.000197,0.011307,0.246,0.2438
23141218,2022/2023,114,92,3.1e-05,0.004168,0.2419,0.2406
23186307,2022/2023,104,92,0.000614,0.021229,0.2523,0.2581
23186308,2022/2023,104,92,1e-05,0.002951,0.2657,0.2637
23186309,2022/2023,104,55,1.6e-05,0.003601,0.2702,0.2719
23186329,2022/2023,105,17,0.000199,0.011275,0.19,0.1832
23202737,2022/2023,115,53,0.000712,0.022951,0.2138,0.1985
23202738,2022/2023,115,91,0.000631,0.02283,0.2511,0.2354
23202779,2022/2023,116,91,4e-06,0.001552,0.2529,0.2552
23202780,2022/2023,116,91,0.000431,0.01913,0.2652,0.2523
23202808,2022/2023,117,91,0.000411,0.018176,0.2591,0.2489
23202809,2022/2023,117,15,0.000586,0.019153,0.2815,0.2793
23202827,2022/2023,118,15,0.000132,0.010444,0.2586,0.2474
23202828,2022/2023,118,15,0.000863,0.027437,0.272,0.2546
23202846,2022/2023,106,17,0.001904,0.039012,0.281,0.2647
23202848,2022/2023,107,92,0.000373,0.015648,0.2737,0.2731
23202849,2022/2023,119,91,0.001251,0.030645,0.2556,0.249
23202850,2022/2023,119,53,4e-06,0.00152,0.2204,0.2182
23202860,2022/2023,108,93,2.5e-05,0.004574,0.2703,0.2677
23202861,2022/2023,108,92,9.2e-05,0.00787,0.2738,0.2753
23219613,2022/2023,109,92,0.001107,0.029211,0.2314,0.214
23238401,2022/2023,145,91,6.1e-05,0.007343,0.271,0.2654
23238452,2022/2023,146,91,0.00042,0.017832,0.2176,0.2046
23262462,2022/2023,120,92,0.000294,0.016065,0.2579,0.2463
23262961,2022/2023,147,91,0.000487,0.019489,0.2613,0.253
23263042,2022/2023,121,92,0.000715,0.0234,0.2686,0.2769
23263084,2022/2023,148,53,3.5e-05,0.004493,0.2901,0.2849
23263172,2022/2023,122,16,6e-06,0.001929,0.2654,0.2625
23263176,2022/2023,149,15,9.3e-05,0.008822,0.2771,0.2693
23284520,2022/2023,123,54,8.9e-05,0.007464,0.2798,0.2805
23284580,2022/2023,150,15,0.000464,0.018194,0.2714,0.2672
23284798,2022/2023,124,54,1.6e-05,0.003417,0.2275,0.2256
23284799,2022/2023,124,16,0.000105,0.008266,0.2832,0.2835
23284951,2022/2023,151,53,0.000195,0.01173,0.2783,0.2808
23285038,2022/2023,125,92,0.000309,0.014976,0.1968,0.1837
23285058,2022/2023,152,91,1e-05,0.002462,0.2934,0.2934
23285086,2022/2023,126,92,0.000303,0.015253,0.2466,0.2536
23285089,2022/2023,153,91,0.000706,0.024294,0.2708,0.2594
23301295,2022/2023,127,16,0.00047,0.018651,0.2836,0.2791
23301309,2022/2023,128,92,0.000182,0.01134,0.2738,0.2715
23301313,2022/2023,154,91,8.9e-05,0.008361,0.2574,0.2475
23354474,2022/2023,115,17,0.000451,0.018844,0.2878,0.2808
23354475,2022/2023,115,17,3.9e-05,0.00514,0.274,0.2745
23354476,2022/2023,115,55,0.000437,0.019023,0.2528,0.2419
23354477,2022/2023,115,93,0.00049,0.017918,0.2781,0.2788
23354478,2022/2023,115,93,3.9e-05,0.004516,0.2565,0.2497
23354510,2022/2023,116,93,2.4e-05,0.004472,0.2548,0.2568
23354511,2022/2023,116,93,4e-06,0.001449,0.2656,0.2678
23354512,2022/2023,116,93,7.9e-05,0.006107,0.1128,0.1069
23354513,2022/2023,116,93,0.000422,0.018851,0.2674,0.2573
23354514,2022/2023,116,55,0.000623,0.021172,0.2501,0.2446
23392533,2022/2023,129,93,6e-05,0.00604,0.2434,0.2345
23392538,2022/2023,111,93,9e-06,0.002716,0.2704,0.2736
23392539,2022/2023,155,92,6.1e-05,0.006527,0.2896,0.2815
23425499,2022/2023,112,93,0.001164,0.030322,0.2569,0.245
23425524,2022/2023,156,54,0.00012,0.010245,0.2789,0.2717
23425689,2022/2023,130,17,3e-05,0.004191,0.2807,0.2748
23425788,2022/2023,113,93,8.8e-05,0.007954,0.2636,0.2539
23425789,2022/2023,113,94,9e-05,0.007691,0.2876,0.2871
23425790,2022/2023,113,18,0.000791,0.022563,0.2887,0.288
23425791,2022/2023,113,94,1.8e-05,0.003428,0.2911,0.286
23426208,2022/2023,157,16,4e-06,0.00184,0.2596,0.2579
23426240,2022/2023,117,18,0.000115,0.009374,0.2045,0.1967
23426306,2022/2023,131,17,0.000784,0.025407,0.2502,0.2332
23426383,2022/2023,114,18,4.4e-05,0.005209,0.2511,0.2589
23426384,2022/2023,158,54,5.9e-05,0.006918,0.3007,0.2929
23426411,2022/2023,118,94,0.000401,0.018393,0.2266,0.2402
23426517,2022/2023,132,93,3.2e-05,0.004724,0.1757,0.1718
23426520,2022/2023,119,94,0.000323,0.015644,0.2499,0.2438
23426521,2022/2023,159,92,0.000793,0.022891,0.288,0.2857
23556888,2022/2023,133,93,2e-06,0.001071,0.2809,0.2808
23556901,2022/2023,120,56,9e-05,0.008301,0.2203,0.2255
23556944,2022/2023,160,54,0.000237,0.013726,0.304,0.3104
23557256,2022/2023,115,93,1.8e-05,0.003914,0.2833,0.2807
23557257,2022/2023,115,57,1e-05,0.002868,0.2543,0.251
23557258,2022/2023,121,56,0.000723,0.022058,0.2842,0.2863
23557259,2022/2023,121,94,0.000209,0.012721,0.2731,0.2692
23557260,2022/2023,121,94,0.000523,0.018811,0.2833,0.2816
23557261,2022/2023,121,18,7.8e-05,0.007989,0.2593,0.2628
23557262,2022/2023,134,93,0.000423,0.019172,0.2525,0.2361
23557263,2022/2023,134,93,0.000146,0.011001,0.2496,0.2426
23557435,2022/2023,161,16,0.000746,0.02333,0.2515,0.2425
23557500,2022/2023,122,18,8e-06,0.001923,0.2239,0.2252
23557501,2022/2023,116,93,0.000632,0.021858,0.2549,0.2491
23557511,2022/2023,135,55,1.7e-05,0.002928,0.2115,0.2158
23557572,2022/2023,123,94,0.000502,0.018579,0.2534,0.2515
23557573,2022/2023,136,93,0.000188,0.011882,0.284,0.2773
23678602,2022/2023,137,55,0.000223,0.01357,0.2866,0.2798
23678611,2022/2023,162,92,1.9e-05,0.003885,0.2813,0.286
23758757,2022/2023,79,83,0.003017,0.04881,0.2365,0.2168
23758777,2022/2023,163,55,0.0001,0.008572,0.3039,0.291
23759165,2022/2023,119,94,1.1e-05,0.003125,0.2377,0.2406
23759216,2022/2023,164,55,0.000115,0.008162,0.2841,0.2721
23759433,2022/2023,138,18,0.000428,0.017485,0.2887,0.285
23759482,2022/2023,80,83,0.001234,0.032102,0.2572,0.2733
23759483,2022/2023,80,49,0.000133,0.009501,0.1764,0.1689
23759484,2022/2023,80,83,0.000611,0.020524,0.2667,0.2648
23759485,2022/2023,80,49,0.000652,0.021379,0.2791,0.2827
23759486,2022/2023,80,83,3.8e-05,0.005113,0.2676,0.267
23759739,2022/2023,120,19,0.000623,0.022018,0.2915,0.2829
23759754,2022/2023,120,94,0.00019,0.012166,0.2624,0.2581
23759765,2022/2023,120,95,0.000267,0.014041,0.2877,0.2836
23759768,2022/2023,120,95,0.000583,0.020857,0.2589,0.2498
23760007,2022/2023,139,56,0.001486,0.028143,0.1485,0.1268
23760057,2022/2023,81,49,9e-06,0.002384,0.2547,0.2583
23760060,2022/2023,166,55,0.000155,0.010851,0.2024,0.1923
23760065,2022/2023,121,95,0.000661,0.022139,0.2731,0.2651
23760211,2022/2023,140,94,0.000305,0.016347,0.2761,0.2653
23760222,2022/2023,167,93,6e-06,0.001842,0.2733,0.2732
23760823,2022/2023,170,92,9.1e-05,0.007624,0.1654,0.1574
23760825,2022/2023,165,55,0.000214,0.011646,0.2943,0.2945
23761136,2022/2023,141,94,0.000124,0.010284,0.2759,0.2653
23761223,2022/2023,168,17,5e-05,0.005826,0.2768,0.268
23761587,2022/2023,122,57,6.6e-05,0.006715,0.2623,0.2628
23761589,2022/2023,122,95,0.000798,0.021408,0.1489,0.1276
23761594,2022/2023,142,18,3e-06,0.001282,0.2741,0.2723
23761641,2022/2023,82,83,5.3e-05,0.005523,0.2024,0.2107
23761729,2022/2023,169,93,0.00028,0.014496,0.2848,0.2795
23761790,2022/2023,83,83,5.6e-05,0.005746,0.2553,0.2634
23761792,2022/2023,123,94,3.3e-05,0.003812,0.249,0.2433
23761801,2022/2023,143,94,0.000236,0.013338,0.2786,0.274
23761864,2022/2023,144,94,0.000362,0.016786,0.2673,0.2725
23761867,2022/2023,171,92,0.000364,0.017723,0.2721,0.262
24146636,2022/2023,145,18,1.6e-05,0.003318,0.2737,0.2687
24146657,2022/2023,146,56,0.000354,0.015802,0.1742,0.1876
24146664,2022/2023,124,58,0.000317,0.015419,0.2668,0.2734
24146665,2022/2023,172,17,0.000323,0.015978,0.255,0.2466
24162084,2022/2023,84,50,1.8e-05,0.002406,0.1976,0.1947
24162100,2022/2023,85,84,7.1e-05,0.006014,0.1221,0.1174
24162101,2022/2023,85,84,0.000168,0.012108,0.2602,0.2529
24162102,2022/2023,85,84,0.000142,0.010286,0.2623,0.2578
24162130,2022/2023,147,94,0.000262,0.014951,0.2751,0.2667
24189208,2022/2023,86,84,7.1e-05,0.007756,0.2549,0.2513
24189233,2022/2023,87,50,8.7e-05,0.008484,0.2329,0.2273
24189234,2022/2023,87,84,0.000733,0.02242,0.2636,0.262
24189235,2022/2023,87,84,3.8e-05,0.004977,0.2436,0.2511
24189236,2022/2023,87,50,0.000601,0.020232,0.2586,0.2548
24247364,2022/2023,148,95,0.00033,0.01712,0.2608,0.2475
24247423,2022/2023,149,19,0.000162,0.011519,0.2609,0.2742
24247432,2022/2023,124,95,0.000351,0.016759,0.2501,0.2425
24247433,2022/2023,173,18,0.000297,0.015437,0.2851,0.2916
24247979,2022/2023,88,85,0.000167,0.010585,0.1822,0.1889
24287908,2022/2023,174,56,0.000361,0.015204,0.306,0.3076
24288160,2022/2023,150,57,0.000166,0.010927,0.2936,0.2913
24288211,2022/2023,89,85,0.000191,0.012696,0.2218,0.232
24288212,2022/2023,89,51,0.000918,0.027466,0.2561,0.2413
24288213,2022/2023,89,85,0.000338,0.015178,0.2489,0.2475
24288214,2022/2023,89,85,1.1e-05,0.00265,0.2706,0.2709
24288215,2022/2023,89,51,0.0006,0.020982,0.2313,0.2242
24288670,2022/2023,175,18,0.001353,0.033101,0.2567,0.2405
24288757,2022/2023,125,57,0.00073,0.023234,0.2459,0.236
24288817,2022/2023,151,19,5.8e-05,0.005625,0.2553,0.2553
24288841,2022/2023,90,85,0.0,0.000399,0.153,0.1527
24288842,2022/2023,176,94,8.2e-05,0.008143,0.2481,0.2428
24289007,2022/2023,152,95,0.000538,0.019563,0.1872,0.1695
24289016,2022/2023,177,93,0.000293,0.013356,0.3074,0.3076
24289023,2022/2023,126,95,4.5e-05,0.006089,0.2625,0.2652
24464234,2022/2023,153,95,0.000373,0.016552,0.2052,0.2152
24464287,2022/2023,127,95,0.000269,0.015123,0.2869,0.2749
24464381,2022/2023,178,56,3.2e-05,0.00527,0.2696,0.2665
24464761,2022/2023,154,19,0.000168,0.011165,0.2392,0.244
24464788,2022/2023,128,19,4.1e-05,0.005276,0.2669,0.2685
24464790,2022/2023,128,57,0.000105,0.009156,0.2896,0.285
24464797,2022/2023,128,19,2.2e-05,0.00411,0.2648,0.2658
24464800,2022/2023,128,95,0.000711,0.023821,0.2649,0.2542
24464837,2022/2023,91,51,4.6e-05,0.005797,0.2475,0.2547
24464945,2022/2023,179,94,0.000271,0.015366,0.2896,0.2787
24465014,2022/2023,129,19,0.000898,0.026993,0.2642,0.251
24465018,2022/2023,92,85,0.000273,0.013894,0.2551,0.2537
24465038,2022/2023,155,95,0.000143,0.009917,0.2696,0.2638
24465046,2022/2023,180,94,8.5e-05,0.007695,0.299,0.29
24465107,2022/2023,156,95,1.7e-05,0.002794,0.2336,0.231
24465108,2022/2023,130,95,2.5e-05,0.003116,0.1993,0.1993
24465114,2022/2023,181,93,6.2e-05,0.006139,0.2434,0.2389
24624311,2022/2023,157,95,0.000851,0.026888,0.2478,0.2283
24624318,2022/2023,182,56,0.000257,0.013429,0.2803,0.2829
24673744,2022/2023,131,96,0.000499,0.019038,0.2736,0.2685
24673745,2022/2023,131,96,0.000773,0.025466,0.266,0.2792
24673746,2022/2023,131,20,0.000595,0.019583,0.2925,0.2932
24673747,2022/2023,131,58,0.000243,0.014237,0.2337,0.2214
24673748,2022/2023,131,20,0.000528,0.021488,0.2495,0.2637
24673794,2022/2023,132,96,3.8e-05,0.005629,0.2378,0.2341
24673795,2022/2023,132,20,0.00017,0.011598,0.2113,0.2026
24673796,2022/2023,132,96,0.000949,0.023989,0.1848,0.1706
24673797,2022/2023,132,96,0.000295,0.014301,0.2557,0.2596
24673798,2022/2023,132,96,8.4e-05,0.007506,0.2065,0.2029
24673799,2022/2023,183,94,0.001175,0.029523,0.2856,0.2757
24716678,2022/2023,184,94,0.000115,0.008964,0.2146,0.2187
24735728,2022/2023,93,86,5.1e-05,0.006437,0.2465,0.2436
24735748,2022/2023,125,59,7e-06,0.002508,0.2762,0.2778
24735752,2022/2023,185,95,0.000902,0.027044,0.2445,0.2242
24785962,2022/2023,126,95,0.000702,0.022264,0.1977,0.1797
24786057,2022/2023,186,57,0.000494,0.018768,0.3001,0.296
24786367,2022/2023,158,20,0.000114,0.008566,0.2825,0.2826
24786420,2022/2023,94,86,0.000216,0.013796,0.2435,0.2524
24786421,2022/2023,94,86,0.000607,0.022227,0.2566,0.2668
24786422,2022/2023,94,86,0.000213,0.013626,0.2387,0.2284
24786423,2022/2023,94,86,8.2e-05,0.008306,0.2191,0.2265
24786425,2022/2023,94,52,0.000686,0.022101,0.2648,0.2691
24786444,2022/2023,127,96,0.000293,0.016091,0.2732,0.2859
24786445,2022/2023,127,58,0.00036,0.017338,0.2721,0.2809
24786447,2022/2023,127,20,0.00021,0.011808,0.1861,0.1777
24786456,2022/2023,127,96,1e-05,0.002887,0.238,0.2399
24786466,2022/2023,127,95,0.000145,0.011234,0.2528,0.2437
24786856,2022/2023,187,95,8.2e-05,0.008285,0.2621,0.257
24786940,2022/2023,133,21,0.000481,0.018139,0.1727,0.1588
24787034,2022/2023,159,58,7e-06,0.002379,0.2501,0.2528
24787065,2022/2023,128,96,0.00012,0.01012,0.2443,0.2348
24787075,2022/2023,95,52,0.000133,0.008654,0.2141,0.2119
24787076,2022/2023,188,95,0.000189,0.012195,0.2236,0.2135
24787130,2022/2023,134,59,0.00126,0.031727,0.2449,0.2292
24787226,2022/2023,160,96,1.7e-05,0.003425,0.2581,0.2553
24787238,2022/2023,189,95,0.000123,0.009328,0.294,0.28
24787247,2022/2023,135,97,0.00022,0.012838,0.2698,0.264
24994606,2022/2023,161,96,0.000321,0.01453,0.1936,0.1838
24994653,2022/2023,136,59,3e-05,0.004936,0.2632,0.261
24994738,2022/2023,190,57,0.000807,0.02567,0.2514,0.2341
24995061,2022/2023,129,20,0.000684,0.022632,0.2834,0.2896
24995161,2022/2023,162,96,0.000527,0.020672,0.2867,0.2759
24995211,2022/2023,137,21,0.000294,0.015168,0.2969,0.2909
24995213,2022/2023,137,21,0.000237,0.014482,0.2711,0.2596
24995215,2022/2023,137,97,0.000252,0.013111,0.2556,0.2524
24995219,2022/2023,137,97,8.5e-05,0.007749,0.2612,0.2715
24995246,2022/2023,96,52,5.5e-05,0.005802,0.2554,0.2571
24995350,2022/2023,191,19,0.000179,0.011815,0.2718,0.276
24995427,2022/2023,138,97,3.6e-05,0.005575,0.2675,0.2642
24995433,2022/2023,130,96,9e-05,0.007502,0.2406,0.2397
24995436,2022/2023,97,86,0.001751,0.034575,0.2123,0.1973
24995466,2022/2023,163,96,0.001351,0.03408,0.265,0.2449
24995475,2022/2023,192,57,1.7e-05,0.003682,0.2174,0.2209
24995541,2022/2023,164,96,0.000254,0.013475,0.2585,0.2607
24995542,2022/2023,139,97,9e-05,0.007342,0.2519,0.2496
24995548,2022/2023,193,95,0.000104,0.008741,0.2105,0.2003
25178889,2022/2023,165,96,2.9e-05,0.003981,0.2682,0.2722
25178912,2022/2023,166,20,0.000175,0.012055,0.2499,0.2418
25178919,2022/2023,194,19,6.3e-05,0.007298,0.2666,0.2627
25197114,2022/2023,167,58,0.000728,0.023267,0.2282,0.2152
25302392,2022/2023,98,53,1e-06,0.000874,0.2218,0.2227
25302409,2022/2023,168,97,0.0002,0.010617,0.2529,0.253
25302415,2022/2023,140,22,7.4e-05,0.007357,0.2514,0.2477
25302419,2022/2023,195,20,0.00094,0.02657,0.276,0.267
25356523,2022/2023,132,97,0.000262,0.014829,0.2918,0.2831
25356925,2022/2023,169,59,3e-06,0.001344,0.2737,0.2717
25356979,2022/2023,99,53,0.001763,0.025257,0.0928,0.0682
25356980,2022/2023,99,87,0.00058,0.021572,0.2469,0.2563
25356981,2022/2023,99,87,8.3e-05,0.007093,0.242,0.2411
25356982,2022/2023,99,87,4.2e-05,0.005688,0.2562,0.2525
25356983,2022/2023,99,53,0.000271,0.014714,0.2218,0.2142
25357011,2022/2023,133,59,5.2e-05,0.005912,0.1927,0.1893
25357014,2022/2023,133,96,9.9e-05,0.008518,0.2611,0.2583
25357016,2022/2023,133,21,0.001186,0.031022,0.2858,0.2724
25357021,2022/2023,133,97,3.3e-05,0.004646,0.2614,0.2619
25357030,2022/2023,133,97,0.000759,0.024949,0.2916,0.2798
25357403,2022/2023,196,20,0.000234,0.013037,0.2841,0.2876
25357480,2022/2023,141,98,0.001123,0.027447,0.255,0.2531
25357583,2022/2023,170,21,0.000329,0.015743,0.2877,0.2829
25357614,2022/2023,134,21,0.000803,0.024011,0.2385,0.2254
25357621,2022/2023,100,87,1.1e-05,0.002596,0.2449,0.2454
25357624,2022/2023,197,58,6.1e-05,0.006181,0.2914,0.2902
25357785,2022/2023,171,97,5e-06,0.001952,0.2691,0.2676
25357798,2022/2023,198,96,5e-06,0.001909,0.2873,0.2844
25357808,2022/2023,142,60,0.000612,0.022476,0.2616,0.2485
25580346,2022/2023,172,97,0.000272,0.01555,0.2621,0.2498
25580350,2022/2023,143,22,0.000171,0.011511,0.2586,0.2548
25580533,2022/2023,199,58,0.000278,0.015294,0.2899,0.2818
25580858,2022/2023,144,60,0.000818,0.026543,0.2336,0.2554
25580886,2022/2023,135,97,0.000158,0.011238,0.2641,0.2598
25580985,2022/2023,173,21,1.5e-05,0.003235,0.2792,0.2761
25581055,2022/2023,144,22,0.000599,0.020716,0.2911,0.2867
25581057,2022/2023,144,98,0.000239,0.013281,0.2101,0.2009
25581058,2022/2023,144,98,0.000309,0.014387,0.276,0.277
25581069,2022/2023,101,87,0.000258,0.013326,0.266,0.2671
25581156,2022/2023,200,96,0.000369,0.017793,0.2874,0.2732
25581237,2022/2023,145,98,0.000349,0.017602,0.2668,0.2805
25581240,2022/2023,136,97,0.000983,0.026616,0.1894,0.1668
25581243,2022/2023,102,87,0.000343,0.014889,0.2712,0.2722
25581264,2022/2023,174,97,0.000682,0.02105,0.2535,0.2567
25581273,2022/2023,201,58,5e-05,0.006426,0.3008,0.2973
25581342,2022/2023,146,98,0.000188,0.011927,0.2798,0.276
25581343,2022/2023,175,21,0.000259,0.011957,0.1399,0.1286
25581347,2022/2023,202,96,0.000759,0.024498,0.2678,0.2563
25774953,2022/2023,176,59,7.4e-05,0.006653,0.2715,0.2773
25774988,2022/2023,177,97,0.000124,0.007384,0.2231,0.221
25774991,2022/2023,137,96,3.3e-05,0.004185,0.1813,0.1876
25774993,2022/2023,203,58,0.000838,0.026304,0.2825,0.2693
25835780,2022/2023,204,96,0.001088,0.023167,0.1286,0.1064
25910116,2022/2023,103,88,0.000174,0.011827,0.2645,0.2743
25910136,2022/2023,178,98,0.000576,0.021575,0.2273,0.2121
25910141,2022/2023,147,23,0.00025,0.014789,0.2559,0.2424
25910146,2022/2023,205,21,0.000201,0.013137,0.2598,0.2522
25968078,2022/2023,139,98,0.00108,0.028729,0.2515,0.2386
25968156,2022/2023,206,97,5e-05,0.004792,0.2673,0.2607
25968389,2022/2023,179,98,0.000863,0.024633,0.2801,0.2712
25968447,2022/2023,104,88,0.00098,0.023788,0.164,0.1502
25968448,2022/2023,104,88,0.000231,0.012185,0.2609,0.2611
25968449,2022/2023,104,54,0.0006,0.019817,0.2609,0.2627
25968450,2022/2023,104,88,7.4e-05,0.007384,0.2739,0.2723
25968666,2022/2023,140,60,0.000968,0.028957,0.2738,0.2922
25968667,2022/2023,140,61,7e-05,0.006766,0.2402,0.2422
25968668,2022/2023,140,98,0.000152,0.011485,0.254,0.2431
25968670,2022/2023,140,98,1e-06,0.000734,0.2841,0.2842
25968674,2022/2023,140,22,0.001171,0.029468,0.2093,0.1865
25968676,2022/2023,140,22,0.000152,0.010531,0.2712,0.2678
25968864,2022/2023,207,59,1.7e-05,0.0034,0.2508,0.252
25968889,2022/2023,148,99,0.000343,0.016067,0.2813,0.2753
25968985,2022/2023,180,22,0.000501,0.017933,0.2852,0.286
25969020,2022/2023,105,54,4.8e-05,0.005442,0.222,0.2298
25969021,2022/2023,141,97,5.2e-05,0.006163,0.2797,0.2774
25969022,2022/2023,208,59,0.000101,0.008608,0.3031,0.3008
25969156,2022/2023,181,98,0.000342,0.014088,0.2428,0.2411
25969159,2022/2023,149,99,0.000133,0.010122,0.2732,0.2693
25969168,2022/2023,209,97,0.000719,0.025057,0.2566,0.2368
26196108,2022/2023,182,22,5.3e-05,0.006559,0.2419,0.2383
26196118,2022/2023,150,99,0.000343,0.015542,0.2483,0.2444
26196260,2022/2023,210,59,0.000117,0.008825,0.2851,0.2864
26196470,2022/2023,151,23,0.00034,0.014678,0.2784,0.2779
26196473,2022/2023,151,99,2e-05,0.003182,0.2207,0.2193
26196474,2022/2023,151,61,0.000147,0.010715,0.2331,0.2264
26196476,2022/2023,151,61,4.1e-05,0.005603,0.2649,0.2664
26196528,2022/2023,142,98,8e-05,0.008326,0.2289,0.2356
26196552,2022/2023,183,60,0.001821,0.039238,0.2604,0.2367
26196553,2022/2023,183,60,0.000263,0.011534,0.248,0.2483
26196598,2022/2023,106,54,7.9e-05,0.006538,0.2185,0.2203
26196689,2022/2023,211,59,0.000284,0.015677,0.2819,0.2691
26196759,2022/2023,152,99,1.2e-05,0.002494,0.2551,0.2514
26196770,2022/2023,107,88,9.4e-05,0.008361,0.1781,0.186
26196772,2022/2023,143,98,2e-06,0.001226,0.2583,0.2586
26196796,2022/2023,184,98,0.00017,0.011076,0.2423,0.2373
26196807,2022/2023,212,97,0.000235,0.011955,0.2668,0.2678
26196834,2022/2023,108,88,0.000123,0.009912,0.2506,0.2543
26196852,2022/2023,153,23,0.000397,0.017396,0.2524,0.2467
26196853,2022/2023,185,98,8.8e-05,0.008716,0.2557,0.2475
26196857,2022/2023,213,97,1.9e-05,0.003427,0.1582,0.1545
26392396,2022/2023,186,22,0.000186,0.012454,0.2545,0.246
26392405,2022/2023,214,97,0.000194,0.011182,0.2978,0.2972
26529928,2022/2023,109,89,1.3e-05,0.002746,0.2529,0.257
26529954,2022/2023,154,100,8e-06,0.002526,0.1956,0.1981
26529957,2022/2023,144,62,0.000184,0.012458,0.2805,0.2738
26529959,2022/2023,215,98,8.3e-05,0.007939,0.2559,0.2524
26529985,2022/2023,220,110,0.000642,0.021784,0.2543,0.249
26589482,2022/2023,216,60,2e-05,0.003734,0.2973,0.2966
26589856,2022/2023,110,89,0.00019,0.012609,0.243,0.2504
26589857,2022/2023,110,89,0.000181,0.01169,0.271,0.2746
26589859,2022/2023,110,89,2.1e-05,0.003396,0.2261,0.2232
26589860,2022/2023,110,89,0.000646,0.022825,0.2681,0.259
26589861,2022/2023,110,55,2.7e-05,0.004286,0.2643,0.2647
26590134,2022/2023,145,99,8.5e-05,0.007631,0.2908,0.2896
26590137,2022/2023,145,99,0.000502,0.020732,0.2762,0.2647
26590139,2022/2023,145,99,0.001216,0.029962,0.2309,0.2172
26590143,2022/2023,145,23,0.001261,0.032932,0.2867,0.2666
26590322,2022/2023,217,60,0.000965,0.027222,0.2826,0.2731
26590361,2022/2023,155,100,4e-05,0.004969,0.2473,0.2398
26590538,2022/2023,187,61,0.001042,0.028055,0.212,0.1901
26590567,2022/2023,111,55,1.7e-05,0.003771,0.2757,0.2735
26590568,2022/2023,146,23,0.000517,0.017834,0.1627,0.1474
26590570,2022/2023,218,98,0.000101,0.00796,0.2469,0.2349
26590737,2022/2023,147,98,0.000137,0.010097,0.2578,0.2536
26590738,2022/2023,188,23,0.000117,0.009465,0.2836,0.2865
26590741,2022/2023,156,100,0.00072,0.024012,0.2578,0.2463
26590752,2022/2023,219,98,0.000101,0.008511,0.2819,0.2794
26591038,2022/2023,175,66,8.5e-05,0.008399,0.2591,0.263
26808097,2022/2023,189,99,0.000147,0.011241,0.2632,0.2522
26808107,2022/2023,157,24,0.000426,0.018112,0.2742,0.2686
26808291,2022/2023,220,22,7.5e-05,0.007599,0.2733,0.2649
26808468,2022/2023,148,99,3e-06,0.001456,0.2694,0.2693
26808574,2022/2023,158,24,3.8e-05,0.005751,0.2797,0.285
26808579,2022/2023,158,62,0.000323,0.015372,0.2898,0.2863
26808582,2022/2023,158,100,0.000418,0.017435,0.2772,0.2729
26808593,2022/2023,158,24,4e-05,0.005129,0.2563,0.2569
26808698,2022/2023,190,23,1.1e-05,0.002532,0.2652,0.2652
26808773,2022/2023,112,89,0.000184,0.011241,0.2587,0.2577
26808900,2022/2023,221,60,0.000147,0.010992,0.2568,0.2446
26808975,2022/2023,159,100,0.000288,0.013107,0.2527,0.2532
26808980,2022/2023,113,89,0.000366,0.01599,0.1787,0.1666
26809005,2022/2023,191,99,0.000165,0.011686,0.2266,0.2172
26809016,2022/2023,222,22,0.001627,0.034241,0.225,0.2054
26809095,2022/2023,160,100,0.000582,0.020992,0.2542,0.259
26809096,2022/2023,192,99,0.000575,0.020352,0.2617,0.2649
26809103,2022/2023,223,98,0.000536,0.018599,0.2902,0.2922
26975874,2022/2023,193,99,0.000487,0.020043,0.2828,0.2735
26975908,2022/2023,194,99,0.000184,0.011684,0.2141,0.206
26975915,2022/2023,224,98,5.2e-05,0.006798,0.2708,0.2649
27000663,2022/2023,195,23,0.000239,0.013676,0.2499,0.2427
27000705,2022/2023,196,99,0.000182,0.01043,0.258,0.2591
27094229,2022/2023,114,90,0.000477,0.019495,0.2545,0.2609
27094244,2022/2023,197,100,3.2e-05,0.00496,0.2167,0.2198
27094250,2022/2023,161,25,0.000201,0.013056,0.2476,0.2373
27094258,2022/2023,225,99,0.000213,0.013318,0.2366,0.2253
27153553,2022/2023,151,99,8.1e-05,0.006331,0.2247,0.2214
27153730,2022/2023,226,23,6.7e-05,0.007548,0.2858,0.2789
27154184,2022/2023,198,24,0.00016,0.011858,0.2709,0.2789
27154264,2022/2023,115,90,0.000469,0.019671,0.2711,0.2809
27154265,2022/2023,115,90,8.2e-05,0.008196,0.2351,0.2438
27154267,2022/2023,115,90,0.000142,0.010818,0.2574,0.2629
27154268,2022/2023,115,56,2.4e-05,0.004218,0.2672,0.2653
27154269,2022/2023,115,56,4.1e-05,0.005123,0.2732,0.2796
27154588,2022/2023,152,24,0.000256,0.01148,0.1361,0.1266
27154589,2022/2023,152,100,7.8e-05,0.008036,0.275,0.2837
27154593,2022/2023,152,98,0.000251,0.01477,0.2524,0.2386
27154595,2022/2023,152,100,2.8e-05,0.003996,0.2639,0.2629
27154601,2022/2023,152,101,4.2e-05,0.005942,0.2814,0.2753
27154776,2022/2023,227,23,0.000568,0.020091,0.2783,0.2822
27154818,2022/2023,162,101,0.000267,0.014663,0.2713,0.2624
27155024,2022/2023,199,100,2.1e-05,0.00375,0.2553,0.2501
27155052,2022/2023,116,90,0.000786,0.023605,0.1859,0.1691
27155053,2022/2023,153,100,0.00079,0.022704,0.2795,0.2802
27155054,2022/2023,228,61,0.000397,0.018228,0.2575,0.2449
27155238,2022/2023,200,100,0.000753,0.024405,0.2815,0.2724
27155241,2022/2023,163,101,0.000102,0.008522,0.2031,0.2077
27155251,2022/2023,229,99,0.000158,0.011763,0.2606,0.2499
27155754,2022/2023,202,62,0.001333,0.031659,0.2872,0.2779
27155755,2022/2023,232,61,9.9e-05,0.00874,0.2868,0.2813
27155760,2022/2023,164,63,0.000266,0.014017,0.2057,0.1968
27155776,2022/2023,204,100,4.8e-05,0.006197,0.2877,0.2824
27155777,2022/2023,233,99,0.001105,0.030667,0.2547,0.237
27155795,2022/2023,201,100,6e-06,0.002214,0.2846,0.283
27155805,2022/2023,230,61,3e-06,0.001514,0.2927,0.2922
27155809,2022/2023,165,101,0.000359,0.017398,0.2619,0.2521
27155810,2022/2023,165,101,0.000464,0.019811,0.274,0.2848
27155811,2022/2023,165,25,0.000274,0.014623,0.2345,0.2246
27155812,2022/2023,165,25,2.5e-05,0.004669,0.2508,0.2552
27155814,2022/2023,154,24,1.9e-05,0.003413,0.2884,0.2833
27155818,2022/2023,117,90,1.6e-05,0.003685,0.2243,0.2216
27155821,2022/2023,231,99,0.000291,0.014253,0.2015,0.2109
27155824,2022/2023,166,101,1e-06,0.000694,0.2269,0.2272
27155826,2022/2023,118,90,0.000132,0.010066,0.2656,0.2762
27155827,2022/2023,155,100,0.00048,0.018096,0.2562,0.2586
27155830,2022/2023,203,24,1.2e-05,0.002978,0.2193,0.2156
27155834,2022/2023,167,101,8.7e-05,0.007888,0.2669,0.2656
27155839,2022/2023,205,24,7.4e-05,0.00772,0.2601,0.256
27155841,2022/2023,206,100,0.00011,0.008852,0.2866,0.2733
27155842,2022/2023,156,61,0.000899,0.026429,0.2843,0.2936
27155843,2022/2023,234,99,0.000136,0.009875,0.2955,0.2807
27613918,2022/2023,238,62,0.000316,0.015247,0.2855,0.2784
27613922,2022/2023,158,101,1.6e-05,0.003438,0.284,0.281
27613924,2022/2023,158,62,2.6e-05,0.004014,0.286,0.2862
27613927,2022/2023,171,64,0.000436,0.018779,0.2733,0.2641
27613928,2022/2023,170,102,0.00018,0.011242,0.2019,0.1952
27613929,2022/2023,169,26,0.000604,0.021751,0.2673,0.2578
27613930,2022/2023,168,102,9.7e-05,0.007851,0.259,0.2568
27613931,2022/2023,160,101,1.9e-05,0.002648,0.2144,0.2114
27613932,2022/2023,174,102,0.000143,0.010548,0.2069,0.1989
27613933,2022/2023,172,102,0.000382,0.01652,0.2838,0.2802
27613934,2022/2023,172,64,6e-05,0.00534,0.2545,0.2615
27613935,2022/2023,172,26,2.5e-05,0.004663,0.2599,0.2556
27613936,2022/2023,172,26,0.00032,0.015573,0.2798,0.2739
27613946,2022/2023,173,102,0.000603,0.019827,0.2566,0.254
27613947,2022/2023,244,24,0.000307,0.016344,0.2714,0.2614
27613948,2022/2023,215,63,1.7e-05,0.002445,0.2,0.2015
27613949,2022/2023,243,100,0.000246,0.01475,0.2716,0.2606
27613950,2022/2023,214,101,2.4e-05,0.003584,0.1895,0.1877
27613951,2022/2023,124,91,4.2e-05,0.00547,0.274,0.2822
27613952,2022/2023,242,100,3.3e-05,0.004655,0.2793,0.2723
27613953,2022/2023,121,57,5.9e-05,0.00701,0.2229,0.2161
27613954,2022/2023,119,57,0.000391,0.018013,0.2512,0.2405
27613955,2022/2023,207,101,0.000361,0.017316,0.228,0.2128
27613956,2022/2023,235,100,7.5e-05,0.006914,0.3048,0.3051
27613957,2022/2023,157,25,0.000232,0.01283,0.1814,0.1691
27613958,2022/2023,236,62,7.7e-05,0.006926,0.1599,0.1538
27613959,2022/2023,208,63,0.000367,0.017108,0.2807,0.2743
27613960,2022/2023,120,91,0.000444,0.013334,0.0991,0.0864
27613961,2022/2023,120,91,2.9e-05,0.00388,0.1971,0.1961
27613962,2022/2023,120,91,0.000315,0.015472,0.2505,0.2559
27613963,2022/2023,120,91,4.2e-05,0.005272,0.2635,0.2555
27613964,2022/2023,158,99,0.00056,0.022062,0.2477,0.2316
27613965,2022/2023,158,25,0.00041,0.017689,0.2292,0.2184
27613966,2022/2023,237,62,6.2e-05,0.006505,0.2882,0.2875
27613967,2022/2023,209,101,1.1e-05,0.002555,0.2288,0.225
27613968,2022/2023,213,101,3.5e-05,0.004419,0.2675,0.2676
27613969,2022/2023,159,101,0.000298,0.014705,0.2033,0.1917
27613970,2022/2023,210,101,9.5e-05,0.007819,0.286,0.2858
27613971,2022/2023,239,100,0.00042,0.018427,0.2963,0.2878
27613972,2022/2023,211,25,0.00015,0.010641,0.2949,0.2916
27613973,2022/2023,240,62,0.000317,0.015974,0.2951,0.2879
27613974,2022/2023,160,64,0.00073,0.024058,0.2366,0.221
27613975,2022/2023,160,101,3e-06,0.001534,0.285,0.2835
27613976,2022/2023,212,25,0.000567,0.022042,0.2573,0.2434
27613977,2022/2023,212,25,0.00013,0.009544,0.2896,0.2912
27613978,2022/2023,122,91,0.000185,0.01275,0.2361,0.2464
27613979,2022/2023,241,24,5.3e-05,0.005727,0.257,0.2555
27613980,2022/2023,123,57,2.5e-05,0.004248,0.2471,0.246
27613981,2022/2023,161,100,0.000243,0.014346,0.2491,0.2372
28354617,2022/2023,165,102,0.000175,0.012322,0.2609,0.2512
28354635,2022/2023,220,102,3.6e-05,0.004778,0.2805,0.2742
28354636,2022/2023,179,65,3e-06,0.001198,0.2785,0.2767
28354637,2022/2023,249,101,4.5e-05,0.004521,0.2367,0.2364
28354643,2022/2023,246,25,1.4e-05,0.003215,0.2761,0.2752
28354644,2022/2023,248,63,0.000301,0.01612,0.2802,0.2704
28354645,2022/2023,177,103,0.000317,0.01414,0.1699,0.1577
28354647,2022/2023,179,103,0.000153,0.01069,0.2412,0.2462
28354648,2022/2023,179,65,0.000181,0.011901,0.2787,0.2838
28354649,2022/2023,251,101,0.00018,0.011998,0.222,0.2099
28354650,2022/2023,163,26,0.001859,0.037668,0.2771,0.2618
28354651,2022/2023,126,92,1e-06,0.00064,0.2747,0.2755
28354652,2022/2023,164,64,0.000418,0.019228,0.2575,0.2709
28354653,2022/2023,250,63,0.000104,0.009225,0.2654,0.2705
28354654,2022/2023,218,26,5.2e-05,0.005565,0.2647,0.2642
28354655,2022/2023,179,27,4.2e-05,0.00598,0.2788,0.2726
28354656,2022/2023,130,92,6.9e-05,0.007631,0.2687,0.2724
28354657,2022/2023,216,102,3e-06,0.001195,0.2375,0.2371
28354658,2022/2023,217,64,0.000188,0.012349,0.2306,0.2223
28354659,2022/2023,164,103,0.000147,0.009264,0.2645,0.2637
28354660,2022/2023,219,64,5.2e-05,0.006786,0.2782,0.2728
28354661,2022/2023,164,26,0.000191,0.011294,0.2421,0.238
28354662,2022/2023,126,58,5.6e-05,0.006089,0.2725,0.272
28354663,2022/2023,126,58,0.000426,0.016872,0.2121,0.2043
28354664,2022/2023,126,92,0.001638,0.035479,0.2679,0.2583
28354665,2022/2023,245,63,0.000741,0.023641,0.2827,0.2749
28354666,2022/2023,175,103,3.9e-05,0.00446,0.2476,0.2475
28354667,2022/2023,125,58,0.000115,0.008858,0.2538,0.2655
28354668,2022/2023,166,103,9.7e-05,0.008044,0.166,0.1744
28354669,2022/2023,178,27,8.4e-05,0.008536,0.251,0.2447
28354670,2022/2023,221,102,0.000482,0.018926,0.3005,0.2939
28354671,2022/2023,127,92,9.9e-05,0.008892,0.1966,0.2044
28354672,2022/2023,164,102,1e-05,0.002671,0.2921,0.2881
28354673,2022/2023,247,25,5.7e-05,0.006845,0.2717,0.2647
28354674,2022/2023,176,27,0.000269,0.015152,0.2543,0.2463
28354675,2022/2023,222,26,0.000599,0.021634,0.2625,0.2513
28354676,2022/2023,222,102,0.000823,0.026249,0.2511,0.2327
28354677,2022/2023,128,92,0.001139,0.030111,0.2857,0.2986
28354678,2022/2023,251,101,3.6e-05,0.004615,0.3011,0.2943
28354679,2022/2023,180,103,0.000451,0.019246,0.2253,0.2361
28354680,2022/2023,129,92,0.001907,0.038682,0.2225,0.2046
28354681,2022/2023,223,102,0.000245,0.013561,0.2852,0.289
28354682,2022/2023,252,101,4.5e-05,0.005761,0.2947,0.2889
28354683,2022/2023,181,103,0.000598,0.020668,0.2812,0.2849
28354684,2022/2023,224,102,0.000121,0.009017,0.2594,0.2473
28354685,2022/2023,253,101,0.000686,0.023263,0.2759,0.2674
28487058,2022/2023,206,71,0.000732,0.023828,0.1949,0.2138
28557736,2022/2023,207,107,0.000644,0.023677,0.2374,0.217
28557737,2022/2023,206,108,0.000216,0.01102,0.1381,0.1271
29855285,2022/2023,233,103,0.000259,0.01331,0.2778,0.2797
29855287,2022/2023,262,102,1.6e-05,0.002751,0.2594,0.2559
29855288,2022/2023,232,27,0.000188,0.011395,0.2885,0.2869
29855293,2022/2023,171,102,3.6e-05,0.004958,0.2689,0.2656
29855299,2022/2023,170,102,5.6e-05,0.006573,0.2749,0.2671
29855300,2022/2023,186,28,0.000649,0.022321,0.2896,0.2815
29855313,2022/2023,172,104,5e-05,0.006667,0.2634,0.2586
29855314,2022/2023,263,64,1.8e-05,0.003409,0.2957,0.2911
29855315,2022/2023,182,104,0.000204,0.0133,0.2324,0.2227
29855316,2022/2023,259,26,0.00016,0.011801,0.2509,0.2404
29855328,2022/2023,228,103,0.000402,0.016296,0.2861,0.2849
29855329,2022/2023,257,102,5.2e-05,0.006285,0.291,0.289
29855330,2022/2023,230,103,0.00011,0.008248,0.2262,0.2227
29855332,2022/2023,229,27,0.000193,0.011578,0.2895,0.2877
29855333,2022/2023,255,26,0.000206,0.013215,0.2562,0.2484
29855334,2022/2023,225,27,0.000375,0.016562,0.2508,0.2443
29855336,2022/2023,168,103,8e-05,0.007905,0.2948,0.3014
29855337,2022/2023,168,27,0.000329,0.014721,0.2795,0.283
29855340,2022/2023,132,93,7.4e-05,0.007929,0.2286,0.2221
29855341,2022/2023,132,93,1e-05,0.002459,0.246,0.2464
29855342,2022/2023,231,103,0.000224,0.013398,0.2158,0.2056
29855343,2022/2023,133,93,1.3e-05,0.002719,0.2087,0.2047
29855344,2022/2023,254,64,6.3e-05,0.006943,0.3095,0.3053
29855345,2022/2023,169,103,6.9e-05,0.006653,0.2732,0.2716
29855347,2022/2023,260,64,6e-06,0.001772,0.1341,0.1325
29855348,2022/2023,226,103,0.000206,0.011106,0.2503,0.2336
29855349,2022/2023,186,104,0.000651,0.022936,0.2799,0.2706
29855355,2022/2023,185,104,1e-05,0.002869,0.2087,0.2108
29855359,2022/2023,186,104,0.000657,0.02277,0.2386,0.223
29855360,2022/2023,186,28,1.5e-05,0.003377,0.2746,0.2737
29855361,2022/2023,229,65,0.000239,0.012479,0.2813,0.2822
29855363,2022/2023,134,93,7e-06,0.002489,0.2683,0.2696
29855365,2022/2023,187,104,0.00019,0.012877,0.2372,0.227
29855366,2022/2023,135,59,4.5e-05,0.006083,0.2625,0.2684
29855370,2022/2023,261,102,0.000451,0.016894,0.2963,0.2957
29855375,2022/2023,188,104,0.00024,0.0142,0.2327,0.2409
29855377,2022/2023,168,103,2.7e-05,0.004239,0.1633,0.159
29855378,2022/2023,168,65,6.5e-05,0.007489,0.2452,0.2379
29855379,2022/2023,132,93,0.000558,0.020934,0.2613,0.2696
29855380,2022/2023,227,103,4e-06,0.001807,0.2125,0.2111
29855385,2022/2023,167,102,0.000356,0.017236,0.2409,0.2235
29855387,2022/2023,168,27,0.000141,0.00947,0.2901,0.2898
29855388,2022/2023,258,102,0.000923,0.025607,0.2216,0.2045
29855389,2022/2023,131,59,4e-06,0.001608,0.2305,0.23
29855410,2022/2023,132,93,0.000156,0.009525,0.2286,0.2264
29855411,2022/2023,132,59,8.9e-05,0.008342,0.256,0.2526
29855414,2022/2023,184,104,3.9e-05,0.005622,0.2784,0.2756
29855429,2022/2023,183,28,4.8e-05,0.006475,0.2796,0.2848
29855430,2022/2023,256,102,0.001657,0.038001,0.2707,0.2452
30472937,2022/2023,270,103,6e-06,0.001696,0.2484,0.2485
30472938,2022/2023,268,103,0.000573,0.021308,0.2083,0.1896
30472939,2022/2023,266,65,0.000257,0.014724,0.2734,0.2657
30472940,2022/2023,271,27,3.2e-05,0.004856,0.2828,0.2811
30472941,2022/2023,265,103,0.000612,0.023128,0.2698,0.2518
30472942,2022/2023,267,103,2.9e-05,0.004526,0.2736,0.2668
30472943,2022/2023,264,103,0.000417,0.017986,0.2781,0.2707
30472944,2022/2023,269,65,0.000612,0.02014,0.2919,0.2948
30472945,2022/2023,239,104,3.7e-05,0.005288,0.2631,0.2567
30472946,2022/2023,240,104,2.7e-05,0.004312,0.2806,0.2741
30472947,2022/2023,241,104,4.7e-05,0.006225,0.2893,0.2856
30472962,2022/2023,240,104,0.000504,0.019916,0.2893,0.2819
30472967,2022/2023,239,28,0.000333,0.01496,0.2905,0.2891
30472969,2022/2023,235,28,0.00019,0.011672,0.214,0.206
30472970,2022/2023,236,66,2e-06,0.001092,0.2271,0.2255
30472971,2022/2023,234,66,0.000632,0.023108,0.2394,0.2212
30472978,2022/2023,191,105,0.000922,0.026306,0.2666,0.2599
30472980,2022/2023,237,28,1.6e-05,0.00326,0.2706,0.2695
30472988,2022/2023,238,104,0.000529,0.019835,0.2193,0.2053
30472992,2022/2023,194,105,0.000127,0.009178,0.2653,0.2679
30472995,2022/2023,189,105,0.000183,0.012567,0.2433,0.2332
30473003,2022/2023,138,94,0.000159,0.010715,0.269,0.2714
30473004,2022/2023,272,65,0.000295,0.016197,0.2714,0.2583
30473008,2022/2023,195,105,0.000387,0.015704,0.2679,0.2664
30473009,2022/2023,192,105,0.000586,0.020648,0.2769,0.2816
30473014,2022/2023,177,29,0.000384,0.017232,0.2543,0.2462
30473015,2022/2023,177,67,0.00088,0.026368,0.2634,0.2521
30473016,2022/2023,179,105,4e-05,0.005184,0.2806,0.2799
30473017,2022/2023,177,29,0.000268,0.013529,0.2517,0.2486
30473018,2022/2023,176,104,8.9e-05,0.008716,0.2429,0.2367
30473019,2022/2023,180,104,0.000527,0.020461,0.2645,0.2577
30473020,2022/2023,177,105,8.9e-05,0.007276,0.2838,0.2755
30473021,2022/2023,177,103,0.001046,0.02982,0.2571,0.2429
30473024,2022/2023,136,94,0.001598,0.035346,0.2269,0.2085
30473025,2022/2023,140,60,0.000298,0.015928,0.2659,0.2574
30473026,2022/2023,136,60,7.8e-05,0.006337,0.2361,0.2361
30473027,2022/2023,136,94,0.000465,0.017647,0.2782,0.2796
30473028,2022/2023,139,60,0.000228,0.0132,0.2752,0.2808
30473029,2022/2023,137,94,0.000288,0.015618,0.2426,0.2325
30473032,2022/2023,193,29,0.000144,0.010907,0.3048,0.2966
30473033,2022/2023,193,29,0.000147,0.010745,0.2604,0.2641
30473042,2022/2023,178,104,8.2e-05,0.006689,0.1808,0.1713
30473046,2022/2023,193,67,2.5e-05,0.003918,0.2801,0.2748
30473048,2022/2023,190,105,0.000934,0.026578,0.2091,0.187
30473050,2022/2023,177,66,1.5e-05,0.00357,0.2895,0.2876
30473051,2022/2023,136,94,0.000435,0.01931,0.2522,0.263
30473054,2022/2023,193,105,0.000112,0.009558,0.2254,0.2356
30473056,2022/2023,136,94,0.000541,0.021684,0.2251,0.2432
30613808,2022/2023,273,27,8.4e-05,0.007644,0.2106,0.2146
31305761,2022/2023,182,68,3.1e-05,0.00497,0.2868,0.2896
31305762,2022/2023,183,30,6e-06,0.002073,0.2038,0.2028
31305763,2022/2023,182,106,0.000246,0.013831,0.2894,0.2832
31305764,2022/2023,184,105,3.9e-05,0.004167,0.1117,0.108
31305765,2022/2023,185,105,0.000946,0.02717,0.2291,0.2119
31305766,2022/2023,186,30,0.000341,0.01678,0.2691,0.2608
31305767,2022/2023,187,105,0.000536,0.020698,0.2399,0.229
31305768,2022/2023,181,105,0.000231,0.01428,0.2744,0.2644
31305769,2022/2023,182,67,0.000291,0.014681,0.2914,0.2957
31305770,2022/2023,182,104,0.001217,0.032074,0.2789,0.2625
31503252,2022/2023,242,29,8.1e-05,0.007706,0.279,0.2807
31503417,2022/2023,141,61,0.000168,0.011878,0.2839,0.2907
31503437,2022/2023,243,105,0.000156,0.009998,0.2709,0.2689
31503448,2022/2023,196,30,9e-06,0.002574,0.2656,0.2664
31503453,2022/2023,274,66,5.3e-05,0.005246,0.2885,0.2806
31519684,2022/2023,283,66,6.1e-05,0.005743,0.2688,0.269
31519685,2022/2023,251,105,3.9e-05,0.005791,0.275,0.2696
31519686,2022/2023,282,104,0.000641,0.022894,0.291,0.2803
31519687,2022/2023,281,28,0.0,0.000597,0.1966,0.1971
31519688,2022/2023,280,104,0.001169,0.029396,0.2623,0.2471
31519689,2022/2023,279,28,0.001421,0.033498,0.2235,0.1981
31519690,2022/2023,199,106,0.000296,0.015686,0.2209,0.2082
31519691,2022/2023,278,104,0.001746,0.03551,0.2071,0.1814
31519692,2022/2023,277,66,3.7e-05,0.004993,0.2538,0.2613
31519693,2022/2023,276,104,7.1e-05,0.007089,0.2918,0.2812
31519694,2022/2023,275,66,6.5e-05,0.007063,0.2076,0.2018
31519695,2022/2023,250,105,2.4e-05,0.004062,0.273,0.2737
31519696,2022/2023,202,68,5.6e-05,0.005698,0.1953,0.1929
31519697,2022/2023,249,105,0.000469,0.0194,0.2753,0.2679
31519698,2022/2023,201,106,9.4e-05,0.008643,0.2153,0.2209
31519699,2022/2023,200,30,0.000161,0.010992,0.2552,0.2501
31519700,2022/2023,248,67,0.000115,0.01001,0.2671,0.2596
31519701,2022/2023,200,106,0.000398,0.018002,0.2672,0.2579
31519702,2022/2023,200,30,0.000456,0.018971,0.2933,0.3015
31519703,2022/2023,200,68,0.000405,0.018636,0.2726,0.2603
31519704,2022/2023,247,29,0.000552,0.020401,0.2736,0.2657
31519705,2022/2023,198,106,0.00011,0.008972,0.248,0.2502
31519706,2022/2023,246,29,0.000465,0.019075,0.2099,0.1942
31519707,2022/2023,245,105,0.000356,0.014877,0.1601,0.1464
31519708,2022/2023,197,106,8.7e-05,0.007963,0.2763,0.2678
31519709,2022/2023,244,105,8.2e-05,0.007613,0.278,0.2768
31519710,2022/2023,143,95,1.6e-05,0.003728,0.2589,0.2612
31519711,2022/2023,142,95,2e-06,0.001164,0.2442,0.2429
31519712,2022/2023,146,95,6.8e-05,0.00599,0.262,0.253
31519713,2022/2023,145,61,3.5e-05,0.00512,0.241,0.2474
31519714,2022/2023,144,61,0.00031,0.015197,0.2686,0.2734
31519715,2022/2023,142,95,0.000501,0.017514,0.1767,0.1649
31519716,2022/2023,142,95,0.00041,0.017932,0.2775,0.2715
31519717,2022/2023,142,95,0.000377,0.013492,0.1179,0.1064
32208492,2022/2023,147,96,0.000655,0.021847,0.2658,0.2618
32208501,2022/2023,252,106,7e-05,0.006651,0.2982,0.298
32208511,2022/2023,203,107,0.000461,0.017274,0.1892,0.1778
32208516,2022/2023,188,107,1.4e-05,0.002962,0.1545,0.152
32208517,2022/2023,284,67,0.000116,0.009405,0.281,0.2782
32208736,2022/2023,229,112,0.000309,0.016013,0.2462,0.2364
32290738,2022/2023,189,68,8.2e-05,0.007952,0.2634,0.2607
32290890,2022/2023,285,105,2.3e-05,0.004295,0.2999,0.2963
32291132,2022/2023,253,68,0.000333,0.017108,0.2672,0.256
32291306,2022/2023,148,96,0.001199,0.029612,0.2305,0.2192
32291307,2022/2023,148,96,5.2e-05,0.006171,0.2812,0.2797
32291308,2022/2023,148,62,0.000164,0.010607,0.2709,0.2744
32291309,2022/2023,148,62,4.5e-05,0.005919,0.2685,0.2717
32291904,2022/2023,190,69,3e-06,0.00142,0.273,0.2729
32291913,2022/2023,190,107,3e-06,0.00172,0.2744,0.2731
32291921,2022/2023,190,107,0.000195,0.012469,0.2781,0.2733
32291924,2022/2023,190,31,0.000108,0.007277,0.1498,0.1451
32291965,2022/2023,286,29,0.000324,0.016605,0.2662,0.2573
32292088,2022/2023,204,31,0.001426,0.034059,0.2547,0.2341
32292337,2022/2023,254,106,5.2e-05,0.006542,0.2751,0.2787
32292464,2022/2023,149,96,0.000467,0.019905,0.2176,0.2311
32292469,2022/2023,287,67,0.000308,0.013957,0.2798,0.2813
32292470,2022/2023,287,29,0.000957,0.025641,0.2672,0.2626
32292628,2022/2023,255,106,1.6e-05,0.003449,0.289,0.2901
32292633,2022/2023,205,107,5e-06,0.001988,0.2669,0.2678
32292650,2022/2023,288,105,7.8e-05,0.007535,0.1901,0.1819
32292964,2022/2023,228,112,0.000145,0.011342,0.2444,0.236
32617668,2022/2023,256,68,0.000102,0.008013,0.2395,0.2274
32617693,2022/2023,206,107,0.000151,0.011274,0.262,0.2563
32617936,2022/2023,289,105,7e-06,0.002151,0.2866,0.2834
32618229,2022/2023,207,31,7e-06,0.002055,0.2913,0.2882
32618241,2022/2023,207,31,2e-06,0.001291,0.2723,0.2718
32618244,2022/2023,207,69,4e-05,0.005123,0.2481,0.2558
32618247,2022/2023,207,69,0.000124,0.010358,0.2545,0.2447
32618290,2022/2023,257,30,0.000113,0.009973,0.2568,0.2494
32618291,2022/2023,257,30,0.000557,0.021952,0.2887,0.2742
32618519,2022/2023,191,31,0.000273,0.013557,0.2848,0.2867
32618528,2022/2023,191,106,3e-06,0.001495,0.2672,0.2677
32618615,2022/2023,150,62,0.000149,0.009982,0.2511,0.2535
32618765,2022/2023,290,105,0.000376,0.016302,0.2781,0.2712
32618959,2022/2023,208,107,0.000259,0.013232,0.271,0.2699
32618983,2022/2023,151,96,0.000274,0.013887,0.2628,0.2608
32619003,2022/2023,258,30,5e-06,0.001527,0.2315,0.2308
32619048,2022/2023,291,67,5.2e-05,0.006174,0.3065,0.3025
32619073,2022/2023,152,96,0.000384,0.017906,0.2794,0.2908
32619110,2022/2023,209,107,0.000893,0.025237,0.2775,0.2818
32619111,2022/2023,259,106,0.000607,0.020028,0.2798,0.2781
32619128,2022/2023,292,105,0.000208,0.013348,0.279,0.2694
32878349,2022/2023,260,106,4.3e-05,0.005323,0.2755,0.2686
32881566,2022/2023,268,107,0.000135,0.009243,0.2882,0.2881
32881567,2022/2023,267,107,0.000434,0.01697,0.1842,0.1707
32881568,2022/2023,266,69,4e-06,0.001397,0.253,0.2519
32881569,2022/2023,266,31,3.4e-05,0.005042,0.2858,0.2842
32881570,2022/2023,265,107,0.000338,0.017224,0.2613,0.2499
32881571,2022/2023,264,107,4.8e-05,0.005862,0.2902,0.2814
32881572,2022/2023,263,107,1.2e-05,0.002825,0.2851,0.2808
32881573,2022/2023,157,97,0.00028,0.01361,0.2702,0.2698
32881574,2022/2023,156,97,0.000387,0.012428,0.0983,0.0871
32881575,2022/2023,155,63,4.2e-05,0.005467,0.2709,0.2791
32881576,2022/2023,154,97,0.000351,0.016027,0.2781,0.2746
32881577,2022/2023,154,97,0.000255,0.014222,0.2696,0.2645
32881578,2022/2023,154,97,4.7e-05,0.005471,0.2363,0.2445
32881579,2022/2023,154,97,0.000751,0.023211,0.196,0.1794
32881580,2022/2023,154,97,0.000867,0.024203,0.2733,0.2709
32881581,2022/2023,266,69,8.1e-05,0.007047,0.1581,0.152
32881582,2022/2023,262,31,3.4e-05,0.00521,0.2867,0.2845
32881583,2022/2023,153,63,0.000214,0.011387,0.1943,0.1899
32881584,2022/2023,261,31,4.8e-05,0.005831,0.2866,0.281
32881585,2022/2023,298,106,0.000232,0.014312,0.2726,0.2601
32881586,2022/2023,297,68,0.000232,0.014151,0.2602,0.25
32881587,2022/2023,297,68,1.1e-05,0.002353,0.2268,0.2265
32881588,2022/2023,296,68,0.000705,0.024507,0.2685,0.2526
32881589,2022/2023,296,106,0.000602,0.021707,0.2196,0.2008
32881590,2022/2023,295,68,5e-06,0.001752,0.2329,0.2335
32881591,2022/2023,295,30,1e-05,0.002371,0.2849,0.288
32881592,2022/2023,294,106,0.00024,0.012801,0.2892,0.287
32881593,2022/2023,293,106,0.000308,0.014862,0.2973,0.2941
32881594,2022/2023,293,30,0.000794,0.025712,0.2198,0.1995
32914267,2022/2023,192,108,9.9e-05,0.008895,0.2961,0.2887
32914288,2022/2023,193,69,9.7e-05,0.008461,0.2745,0.2767
32914313,2022/2023,194,108,0.000119,0.009872,0.2604,0.2644
32918880,2022/2023,199,106,0.000637,0.02207,0.2535,0.2481
32918881,2022/2023,198,107,0.000405,0.018327,0.244,0.2323
32918882,2022/2023,198,32,0.001156,0.030562,0.2737,0.2611
32918883,2022/2023,196,107,0.0003,0.015516,0.2625,0.2557
32918884,2022/2023,197,106,0.00023,0.012235,0.2429,0.2444
32918885,2022/2023,196,70,8.9e-05,0.008903,0.2695,0.2764
32918886,2022/2023,195,32,0.001052,0.028598,0.2083,0.1822
33067428,2022/2023,210,108,0.000488,0.018212,0.2811,0.283
33067432,2022/2023,299,107,0.0003,0.015785,0.3059,0.2964
33075124,2022/2023,217,108,1e-06,0.000736,0.2847,0.2851
33075125,2022/2023,216,32,8.7e-05,0.008751,0.2499,0.2423
33075126,2022/2023,215,32,1.3e-05,0.002109,0.2209,0.2177
33075127,2022/2023,214,108,0.000121,0.00914,0.1787,0.1894
33075128,2022/2023,213,108,0.001312,0.030548,0.2009,0.1768
33075129,2022/2023,213,70,0.000668,0.022382,0.2861,0.2799
33075130,2022/2023,213,70,0.000737,0.024371,0.2501,0.2366
33075131,2022/2023,212,108,2.4e-05,0.003647,0.2359,0.236
33075132,2022/2023,211,32,0.000295,0.013306,0.1697,0.1589
33142107,2022/2023,200,108,0.000136,0.009816,0.2902,0.2921
33142689,2022/2023,201,33,0.000119,0.008092,0.2507,0.2523
33142693,2022/2023,201,106,0.000412,0.017473,0.1931,0.1766
33143008,2022/2023,300,69,8.1e-05,0.008385,0.2798,0.2744
33143513,2022/2023,301,31,0.000342,0.013517,0.1302,0.1182
33143710,2022/2023,302,107,2.4e-05,0.003605,0.2416,0.2421
33470154,2022/2023,303,107,4.6e-05,0.00628,0.2943,0.2902
33470255,2022/2023,202,33,0.0001,0.009043,0.2724,0.2777
33470263,2022/2023,202,70,0.000314,0.014901,0.1838,0.1711
33470267,2022/2023,202,107,4.1e-05,0.004486,0.265,0.2586
33470270,2022/2023,202,108,2.6e-05,0.003999,0.1859,0.1834
33470913,2022/2023,304,107,0.000162,0.010248,0.2557,0.2517
33471085,2022/2023,203,108,0.000284,0.015284,0.2225,0.2317
33471158,2022/2023,305,69,5e-06,0.001982,0.2858,0.2869
33471243,2022/2023,306,69,0.001395,0.031995,0.2112,0.1881
33739989,2022/2023,307,69,0.000589,0.021802,0.3008,0.291
33740007,2022/2023,308,31,0.000428,0.016984,0.2803,0.2785
33740009,2022/2023,204,109,0.000152,0.011236,0.2685,0.2633
33773791,2022/2023,309,108,5.1e-05,0.005904,0.2068,0.1994
33773792,2022/2023,309,32,9.1e-05,0.00893,0.2595,0.2536
33773817,2022/2023,271,108,0.000651,0.022248,0.261,0.2517
33773823,2022/2023,205,108,2.3e-05,0.004016,0.212,0.214
33773832,2022/2023,310,108,0.001198,0.031921,0.2661,0.2484
33826461,2022/2023,269,108,0.000178,0.012158,0.2292,0.2188
33826462,2022/2023,269,32,0.000359,0.016828,0.2532,0.2438
33826463,2022/2023,269,108,1.1e-05,0.002525,0.2718,0.2725
33826464,2022/2023,269,70,0.001727,0.037701,0.2475,0.2232
33826529,2022/2023,311,108,0.000119,0.009098,0.2757,0.2621
33826584,2022/2023,270,108,0.000267,0.015148,0.2451,0.2311
33826585,2022/2023,270,108,2.5e-05,0.004031,0.2671,0.2677
33826586,2022/2023,270,32,0.000104,0.009354,0.2857,0.2807
33826587,2022/2023,270,32,5.2e-05,0.006166,0.2039,0.1968
33826590,2022/2023,312,108,2.7e-05,0.004337,0.1793,0.1745
33826591,2022/2023,312,108,0.000191,0.011608,0.2921,0.2898
33896076,2022/2023,313,32,5.6e-05,0.006876,0.2717,0.268
33896077,2022/2023,313,70,1.5e-05,0.002975,0.2546,0.2549
33896108,2022/2023,271,70,5.4e-05,0.005273,0.2856,0.2778
33896117,2022/2023,314,108,4.7e-05,0.005934,0.2781,0.2705
33896118,2022/2023,314,70,0.000264,0.015197,0.2585,0.248
33926436,2022/2023,158,64,0.000101,0.008502,0.2221,0.2262
33998997,2022/2023,158,98,0.000144,0.011013,0.24,0.2329
34007594,2022/2023,272,109,0.000454,0.01815,0.2699,0.2746
34007688,2022/2023,159,98,0.000527,0.020158,0.2735,0.2676
34007689,2022/2023,159,98,2.1e-05,0.004166,0.2785,0.2826
34007690,2022/2023,159,64,4.6e-05,0.005172,0.2546,0.255
34007691,2022/2023,159,98,0.000849,0.022664,0.2835,0.2834
34007692,2022/2023,159,98,3.6e-05,0.004513,0.2663,0.2605
34007749,2022/2023,208,34,0.000352,0.01617,0.2833,0.2907
34007759,2022/2023,208,109,0.000165,0.008257,0.1016,0.0935
34007765,2022/2023,208,110,8e-06,0.001988,0.2515,0.2485
34007766,2022/2023,208,110,0.000147,0.011063,0.2869,0.2813
34008157,2022/2023,218,109,5.3e-05,0.006119,0.2786,0.2722
34008448,2022/2023,273,109,9.4e-05,0.007464,0.2699,0.2588
34008538,2022/2023,209,72,0.00056,0.021326,0.2148,0.2295
34008540,2022/2023,160,64,0.001092,0.02651,0.1715,0.153
34008576,2022/2023,219,109,8e-05,0.008342,0.2723,0.2649
34008695,2022/2023,274,33,0.000181,0.012106,0.2775,0.2826
34008702,2022/2023,220,109,0.000181,0.011719,0.2718,0.2751
34020902,2022/2023,214,34,1.2e-05,0.002815,0.2831,0.2873
34020903,2022/2023,213,108,0.000322,0.014181,0.1555,0.1428
34020904,2022/2023,212,72,0.000157,0.010105,0.2763,0.277
34020905,2022/2023,211,109,6.9e-05,0.006731,0.2596,0.2495
34020906,2022/2023,210,109,0.000753,0.023938,0.2609,0.2671
34020907,2022/2023,161,98,0.000202,0.013107,0.2194,0.228
34306668,2022/2023,275,109,0.000214,0.012228,0.2787,0.2768
34306712,2022/2023,221,109,3.8e-05,0.005377,0.2475,0.2499
34307168,2022/2023,222,33,3.5e-05,0.005419,0.2835,0.2781
34307173,2022/2023,222,33,2.6e-05,0.004475,0.2944,0.2901
34307177,2022/2023,222,109,1e-06,0.000923,0.2835,0.2827
34307180,2022/2023,222,109,1.8e-05,0.00359,0.2771,0.2765
34307232,2022/2023,276,33,7.3e-05,0.007648,0.2965,0.2883
34307775,2022/2023,223,109,0.000291,0.014898,0.2639,0.2685
34307824,2022/2023,277,109,0.000177,0.010551,0.2556,0.2515
34307916,2022/2023,224,71,0.000129,0.007786,0.1814,0.1792
34307917,2022/2023,278,33,0.000904,0.027493,0.2883,0.2734
34539269,2022/2023,279,71,0.000326,0.015865,0.2841,0.279
34539270,2022/2023,279,109,2.2e-05,0.002826,0.2058,0.2078
34539314,2022/2023,280,109,0.000335,0.014492,0.2708,0.2707
34694914,2022/2023,166,65,9.6e-05,0.007764,0.1956,0.1916
34694915,2022/2023,165,99,0.000196,0.012668,0.2739,0.2686
34694916,2022/2023,164,99,0.000199,0.011728,0.1728,0.164
34694917,2022/2023,163,65,5.6e-05,0.006219,0.2728,0.2822
34694918,2022/2023,163,99,0.000276,0.015586,0.243,0.2541
34694919,2022/2023,163,99,0.000615,0.021057,0.2737,0.2775
34694920,2022/2023,163,99,0.000333,0.015658,0.2843,0.2881
34694921,2022/2023,163,65,0.000716,0.017559,0.1051,0.0877
34694922,2022/2023,162,99,4.8e-05,0.006366,0.241,0.2454
34694923,2022/2023,232,110,0.00028,0.013426,0.1649,0.1525
34694924,2022/2023,231,110,0.000451,0.019517,0.2646,0.2551
34694925,2022/2023,230,34,0.000217,0.013275,0.2725,0.2671
34694926,2022/2023,229,72,8.2e-05,0.006627,0.1711,0.1675
34694927,2022/2023,229,110,5.4e-05,0.006873,0.2635,0.2684
34694929,2022/2023,229,34,5.1e-05,0.00664,0.2863,0.2817
34694930,2022/2023,228,72,0.000468,0.018091,0.2835,0.2802
34694931,2022/2023,227,34,4.2e-05,0.003661,0.1341,0.1327
34694932,2022/2023,226,110,0.000495,0.02017,0.2784,0.2692
34694933,2022/2023,225,110,0.000597,0.021816,0.2562,0.2666
34694941,2022/2023,324,71,0.000221,0.012341,0.284,0.2808
34694942,2022/2023,323,71,0.000344,0.015934,0.2092,0.1975
34694943,2022/2023,322,71,2.6e-05,0.004022,0.2727,0.2667
34694944,2022/2023,321,109,0.000413,0.017515,0.1954,0.1792
34694945,2022/2023,320,109,0.000549,0.02194,0.288,0.2709
34694946,2022/2023,319,109,5.4e-05,0.005774,0.1578,0.1528
34694947,2022/2023,318,109,0.000204,0.01182,0.2652,0.2604
34694948,2022/2023,317,33,0.000212,0.01357,0.2778,0.2695
34694949,2022/2023,316,33,0.000204,0.011393,0.2744,0.2725
34694950,2022/2023,315,71,4.9e-05,0.005891,0.2896,0.2911
34729989,2022/2023,281,34,0.000456,0.019726,0.2637,0.2507
34812556,2022/2023,215,110,0.000794,0.024504,0.2221,0.2087
34812925,2022/2023,282,72,0.000517,0.020275,0.2696,0.2608
34813237,2022/2023,216,111,1e-06,0.000824,0.2694,0.2707
34813239,2022/2023,216,35,0.000167,0.010681,0.2433,0.2394
34813241,2022/2023,216,35,0.000344,0.016343,0.2649,0.258
34813245,2022/2023,216,110,0.000347,0.016849,0.2303,0.2179
34813246,2022/2023,216,73,0.000209,0.011766,0.2822,0.2829
34813738,2022/2023,283,110,0.000156,0.011607,0.2495,0.2399
34813981,2022/2023,284,110,0.000224,0.013276,0.2067,0.1955
34825253,2022/2023,289,72,4e-06,0.00161,0.2818,0.2812
34825254,2022/2023,219,111,0.000282,0.015657,0.2365,0.2242
34825255,2022/2023,218,109,0.000392,0.016201,0.2336,0.2306
34825256,2022/2023,217,73,8.1e-05,0.008378,0.2754,0.2813
34825257,2022/2023,217,110,0.000539,0.018699,0.1682,0.1519
34825259,2022/2023,288,34,0.000425,0.017878,0.2206,0.2087
34825260,2022/2023,287,110,0.000103,0.008673,0.2861,0.2841
34825261,2022/2023,285,110,0.000196,0.011951,0.2994,0.2963
34825262,2022/2023,286,110,0.000137,0.011015,0.2585,0.2491
34825263,2022/2023,286,34,0.000957,0.026437,0.2636,0.2526
35436439,2022/2023,171,100,0.001534,0.032208,0.1787,0.1565
35436440,2022/2023,170,100,0.000116,0.009278,0.2662,0.2686
35436441,2022/2023,333,110,0.000228,0.012475,0.2734,0.2753
35436442,2022/2023,172,100,7e-06,0.00211,0.2201,0.2196
35436443,2022/2023,332,110,0.000777,0.02573,0.2581,0.2423
35436444,2022/2023,331,110,7.8e-05,0.007753,0.2035,0.1957
35436445,2022/2023,330,72,8.8e-05,0.008729,0.255,0.2494
35436446,2022/2023,169,100,0.000493,0.020111,0.2088,0.191
35436447,2022/2023,328,110,0.00034,0.016836,0.286,0.2773
35436448,2022/2023,329,110,0.000442,0.01761,0.2494,0.2559
35436449,2022/2023,168,66,2.9e-05,0.00388,0.255,0.2497
35436450,2022/2023,168,66,0.000248,0.012648,0.2638,0.2658
35436451,2022/2023,168,66,4.9e-05,0.006221,0.2631,0.2608
35436452,2022/2023,168,100,1.4e-05,0.002914,0.279,0.2834
35436453,2022/2023,167,100,6.6e-05,0.00702,0.2686,0.2704
35436454,2022/2023,296,111,9.9e-05,0.008034,0.2596,0.2475
35436455,2022/2023,227,112,0.000183,0.010707,0.1698,0.1626
35436456,2022/2023,299,73,0.000156,0.011445,0.2636,0.2515
35436457,2022/2023,298,73,0.000134,0.009822,0.2358,0.2306
35436458,2022/2023,297,111,5.6e-05,0.006719,0.2857,0.2898
35436459,2022/2023,226,111,0.000148,0.009636,0.1598,0.151
35436460,2022/2023,295,111,0.000629,0.023324,0.2906,0.2758
35436461,2022/2023,225,111,0.000214,0.011538,0.1598,0.1508
35436462,2022/2023,224,112,0.000183,0.01108,0.2617,0.2652
35436463,2022/2023,294,35,0.000455,0.019765,0.2794,0.268
35436464,2022/2023,293,111,9.3e-05,0.007734,0.1587,0.1666
35436465,2022/2023,328,34,0.000259,0.014088,0.2799,0.2842
35436466,2022/2023,223,36,0.000741,0.022021,0.2144,0.2041
35436467,2022/2023,292,111,0.000209,0.013327,0.24,0.229
35436468,2022/2023,327,110,6.1e-05,0.005945,0.2695,0.2631
35436469,2022/2023,290,35,0.000104,0.008312,0.2727,0.2716
35436470,2022/2023,325,72,2.9e-05,0.005003,0.2764,0.2793
35436471,2022/2023,326,34,0.000114,0.00947,0.2592,0.2494
35436472,2022/2023,291,35,0.00045,0.017366,0.2731,0.2705
35436473,2022/2023,222,112,0.0,0.000307,0.2808,0.2813
35436474,2022/2023,222,112,0.001051,0.029116,0.2445,0.2599
35436475,2022/2023,222,74,9.4e-05,0.008033,0.2878,0.2868
35436476,2022/2023,222,36,0.000885,0.026836,0.2444,0.2302
35436477,2022/2023,221,74,4.9e-05,0.006078,0.2537,0.2554
35494127,2022/2023,238,111,0.000844,0.025404,0.2669,0.2568
35494128,2022/2023,239,35,0.000326,0.015335,0.2032,0.1932
35494129,2022/2023,237,35,0.000175,0.012425,0.263,0.252
35494130,2022/2023,237,73,1.4e-05,0.003393,0.2931,0.2901
35494131,2022/2023,237,111,0.000489,0.017733,0.2116,0.2021
35494132,2022/2023,237,73,2.5e-05,0.004602,0.2313,0.2283
35494133,2022/2023,235,111,6.5e-05,0.006782,0.2771,0.2669
35494134,2022/2023,236,35,0.000559,0.020828,0.2137,0.1934
35494135,2022/2023,234,111,4e-05,0.005666,0.2752,0.2799
35494136,2022/2023,233,111,0.000186,0.012292,0.2629,0.2678
36154853,2022/2023,334,35,0.000259,0.014792,0.2792,0.2668
36154854,2022/2023,334,35,2.3e-05,0.004419,0.2376,0.2333
36154900,2022/2023,335,73,0.000464,0.01774,0.1988,0.1874
36156856,2022/2023,336,73,0.000161,0.01081,0.1868,0.178
36156857,2022/2023,337,111,5.8e-05,0.006022,0.2745,0.2753
36156858,2022/2023,337,73,0.00025,0.014158,0.2074,0.1949
36156859,2022/2023,338,73,6.9e-05,0.007462,0.2968,0.2895
36156860,2022/2023,339,111,0.000144,0.010891,0.2925,0.2871
36156861,2022/2023,336,111,6.1e-05,0.005313,0.2726,0.2647
36156862,2022/2023,336,111,0.000128,0.009905,0.2048,0.1962
36266257,2022/2023,173,101,5e-06,0.001659,0.2643,0.2642
36266258,2022/2023,173,67,0.000709,0.02062,0.2552,0.2544
36266259,2022/2023,173,101,7.1e-05,0.006854,0.2426,0.2529
36266260,2022/2023,173,67,0.000413,0.019087,0.2469,0.2615
36266261,2022/2023,173,67,0.000133,0.009308,0.1629,0.1542
36266262,2022/2023,173,101,0.000294,0.01461,0.2688,0.2658
36266263,2022/2023,173,101,0.000331,0.01673,0.217,0.2309
36266264,2022/2023,173,101,0.001162,0.030265,0.2259,0.2103
36266265,2022/2023,173,101,3e-06,0.001156,0.1551,0.1568
36381834,2022/2023,240,74,3.1e-05,0.004368,0.272,0.2785
36381835,2022/2023,240,74,2.5e-05,0.004676,0.2849,0.288
36381836,2022/2023,240,112,7.7e-05,0.00785,0.2205,0.214
36381837,2022/2023,240,112,0.000272,0.015068,0.2727,0.2646
36381838,2022/2023,240,112,0.000497,0.019019,0.263,0.2672
36381839,2022/2023,240,112,3.8e-05,0.003942,0.2374,0.2315
36381840,2022/2023,240,36,8.3e-05,0.004814,0.1532,0.1519
36381841,2022/2023,240,112,0.000387,0.017227,0.2446,0.2378
36381842,2022/2023,240,112,3.3e-05,0.004945,0.2391,0.2371
36381843,2022/2023,240,36,2.5e-05,0.004361,0.2733,0.2718
36388689,2022/2023,301,74,0.000728,0.021679,0.2843,0.2833
36388692,2022/2023,300,112,0.000152,0.011052,0.2618,0.2566
36388712,2022/2023,301,112,3.9e-05,0.005535,0.2947,0.2886
36388713,2022/2023,302,112,2.5e-05,0.003923,0.2824,0.2765
36388714,2022/2023,303,112,7e-05,0.007901,0.2497,0.2441
36635752,2022/2023,305,112,0.000463,0.019713,0.264,0.2533
36635753,2022/2023,307,112,7.1e-05,0.007584,0.2767,0.2704
36635757,2022/2023,306,36,5.1e-05,0.004739,0.208,0.2072
36635758,2022/2023,304,74,1.7e-05,0.003676,0.283,0.2812
36635760,2022/2023,305,36,1.1e-05,0.002604,0.2759,0.2755
36636536,2022/2023,230,113,1.2e-05,0.00242,0.1795,0.1785
36636537,2022/2023,230,113,0.000778,0.024576,0.2741,0.2665
36636538,2022/2023,230,75,0.00046,0.01629,0.2207,0.2157
36636539,2022/2023,230,113,0.000594,0.022,0.2589,0.2478
36636540,2022/2023,230,37,9.6e-05,0.008407,0.2501,0.2463
36636541,2022/2023,230,37,0.00018,0.011697,0.2701,0.2666
36636542,2022/2023,230,113,2.7e-05,0.004681,0.2498,0.2516
36636543,2022/2023,230,113,2.8e-05,0.004731,0.2692,0.2714
36636544,2022/2023,230,75,2.2e-05,0.003163,0.2178,0.2179
36636545,2022/2023,230,113,3.6e-05,0.003269,0.2006,0.1964
36636590,2022/2023,341,112,0.001103,0.030616,0.2418,0.2155
36636592,2022/2023,341,112,2.4e-05,0.003509,0.2562,0.2519
36636593,2022/2023,341,74,0.00017,0.010918,0.1886,0.1972
36636594,2022/2023,341,112,9.6e-05,0.008197,0.3062,0.308
36636595,2022/2023,341,112,0.00032,0.014438,0.2922,0.2912
36636596,2022/2023,341,74,4.9e-05,0.005768,0.2621,0.2544
36636597,2022/2023,341,36,5e-06,0.001811,0.2604,0.2631
36636598,2022/2023,341,36,1.8e-05,0.003934,0.2725,0.2749
36636599,2022/2023,341,74,0.000376,0.018144,0.2567,0.2443
36636600,2022/2023,340,112,0.001315,0.03278,0.2615,0.2469
37091365,2022/2023,241,37,0.000999,0.026957,0.2107,0.1892
37091366,2022/2023,241,37,0.000192,0.012397,0.255,0.2486
37091367,2022/2023,241,37,6e-06,0.002262,0.2507,0.2522
37091368,2022/2023,241,113,6.1e-05,0.006975,0.2798,0.2773
37091369,2022/2023,241,113,0.000356,0.016301,0.2662,0.2599
37091370,2022/2023,241,113,5.7e-05,0.006602,0.2706,0.2647
37091371,2022/2023,241,75,1e-06,0.000778,0.2056,0.205
37091373,2022/2023,241,113,0.000219,0.013941,0.2627,0.2517
37091374,2022/2023,241,113,1.6e-05,0.003393,0.2614,0.2643
37091375,2022/2023,241,75,0.000481,0.018072,0.1898,0.1767
37104505,2022/2023,343,113,6.2e-05,0.006693,0.291,0.285
37104506,2022/2023,342,113,9.7e-05,0.00766,0.275,0.2754
37104507,2022/2023,342,113,0.000186,0.011211,0.2638,0.2633
37104508,2022/2023,342,113,1.3e-05,0.002585,0.2322,0.2283
37104509,2022/2023,343,113,8.7e-05,0.006956,0.2523,0.2419
37327732,2022/2023,312,37,2.9e-05,0.004226,0.2587,0.2589
37327733,2022/2023,310,37,8.3e-05,0.008148,0.2756,0.2815
37327734,2022/2023,310,75,7.6e-05,0.008195,0.2758,0.2699
37327735,2022/2023,311,113,0.000209,0.009339,0.11,0.1015
37327736,2022/2023,312,113,0.000373,0.017426,0.231,0.2168
37327737,2022/2023,312,37,6.7e-05,0.007528,0.2878,0.2817
37327739,2022/2023,308,113,0.00075,0.025353,0.2724,0.2587
37327741,2022/2023,312,113,5.6e-05,0.006002,0.2012,0.2047
37327743,2022/2023,309,113,0.000282,0.015769,0.2756,0.2638
37327745,2022/2023,312,113,0.000104,0.008799,0.2793,0.2715
37328445,2022/2023,342,75,7.8e-05,0.008029,0.288,0.2841
37328446,2022/2023,343,75,3.9e-05,0.005684,0.2877,0.284
37328447,2022/2023,343,113,1.2e-05,0.003136,0.2929,0.2911
37328448,2022/2023,343,37,0.000139,0.010739,0.2616,0.257
37328449,2022/2023,342,37,0.000155,0.010285,0.2822,0.2833
38160876,2022/2023,313,114,0.000151,0.010579,0.2905,0.2876
45213654,2023/2024,6,76,0.00011,0.008367,0.2016,0.1973
45213655,2023/2024,6,114,4.5e-05,0.006025,0.2642,0.2577
45213667,2023/2024,7,114,0.000433,0.017945,0.2657,0.2594
45213671,2023/2024,7,114,0.000207,0.012697,0.263,0.2593
45213674,2023/2024,8,114,6.7e-05,0.006849,0.2798,0.2814
45213685,2023/2024,9,76,1.6e-05,0.003241,0.2842,0.2838
45213692,2023/2024,7,114,0.000376,0.015925,0.2065,0.1968
45213693,2023/2024,10,76,0.000153,0.010393,0.2301,0.2257
45213703,2023/2024,4,114,0.000151,0.009833,0.2885,0.2887
45213709,2023/2024,5,76,0.000613,0.020168,0.2689,0.2677
45213715,2023/2024,5,76,3e-05,0.004937,0.2732,0.2783
45213716,2023/2024,5,38,3.3e-05,0.004832,0.2814,0.2821
45213717,2023/2024,5,0,6e-06,0.002202,0.2625,0.2637
45213731,2023/2024,6,114,0.000141,0.009728,0.2855,0.2841
45213739,2023/2024,3,38,0.000309,0.016178,0.2621,0.2711
45213743,2023/2024,2,114,6.4e-05,0.00696,0.2568,0.2597
45213757,2023/2024,4,114,3e-06,0.001615,0.2701,0.2695
45213771,2023/2024,4,0,8e-05,0.006883,0.2708,0.2723
45213780,2023/2024,3,114,7.4e-05,0.007862,0.2218,0.2291
45213781,2023/2024,5,114,0.000249,0.013421,0.2866,0.2838
45213786,2023/2024,2,38,0.000202,0.011433,0.224,0.2195
45213801,2023/2024,3,38,0.000129,0.010096,0.2718,0.2763
45213802,2023/2024,3,0,2e-05,0.004066,0.25,0.2481
45213803,2023/2024,3,76,3e-05,0.004661,0.2769,0.2758
45213804,2023/2024,3,38,1e-06,0.000934,0.2653,0.2661
45213851,2023/2024,1,38,5e-06,0.001792,0.2748,0.2721
45213868,2023/2024,1,76,0.000194,0.01255,0.2525,0.259
45213869,2023/2024,1,114,1.5e-05,0.003249,0.2843,0.2809
45213871,2023/2024,2,114,6e-06,0.002234,0.2861,0.2839
45346864,2023/2024,12,1,4e-06,0.001882,0.2814,0.2804
45346865,2023/2024,8,39,0.00025,0.012612,0.2767,0.281
45346866,2023/2024,11,77,5.5e-05,0.00661,0.2776,0.2802
45346869,2023/2024,1,68,0.000156,0.010125,0.2295,0.2317
45566305,2023/2024,10,115,8.3e-05,0.008295,0.2626,0.2578
45566306,2023/2024,1,0,0.000327,0.014295,0.2676,0.2668
45566307,2023/2024,13,115,0.000136,0.010238,0.2647,0.2693
45566308,2023/2024,9,115,2e-06,0.001137,0.2509,0.2494
45566309,2023/2024,9,39,0.00028,0.014845,0.204,0.2152
45566310,2023/2024,9,77,1.1e-05,0.002826,0.2776,0.2819
45566311,2023/2024,2,68,1.9e-05,0.003634,0.2532,0.2513
45566312,2023/2024,2,102,0.000118,0.009836,0.2534,0.2496
45566313,2023/2024,2,102,4.3e-05,0.005696,0.2523,0.2511
45566314,2023/2024,2,0,7.2e-05,0.007329,0.2567,0.2582
45566315,2023/2024,2,102,9e-06,0.00241,0.2622,0.259
45566316,2023/2024,3,102,0.000181,0.012077,0.198,0.1871
45566317,2023/2024,1,76,2.4e-05,0.003957,0.2741,0.2745
45566319,2023/2024,14,39,0.000586,0.020093,0.2791,0.2818
45566377,2023/2024,2,76,4.4e-05,0.005375,0.2771,0.2727
45566378,2023/2024,2,38,0.000264,0.013446,0.2291,0.2243
45566379,2023/2024,11,115,2e-05,0.003528,0.2507,0.2506
45566381,2023/2024,15,115,1e-06,0.000846,0.2918,0.2915
45952291,2023/2024,18,115,1.2e-05,0.002998,0.2811,0.2821
45952295,2023/2024,12,115,8e-06,0.002324,0.2638,0.2634
45952296,2023/2024,13,115,0.000316,0.014333,0.2748,0.2754
45952297,2023/2024,16,39,0.000206,0.011161,0.2829,0.2841
45952299,2023/2024,3,76,1.7e-05,0.003897,0.2584,0.2555
45952302,2023/2024,17,115,3e-06,0.001016,0.2463,0.2475
45952303,2023/2024,4,38,2.5e-05,0.004328,0.2787,0.2769
45952304,2023/2024,4,114,0.000181,0.010959,0.2753,0.276
45952306,2023/2024,3,114,5.9e-05,0.006927,0.2614,0.2587
46247431,2023/2024,20,77,8e-06,0.002536,0.2789,0.2763
46247432,2023/2024,14,115,1.1e-05,0.002632,0.2785,0.2749
46247433,2023/2024,6,114,0.000645,0.022682,0.283,0.273
46247434,2023/2024,19,77,0.000181,0.011187,0.2895,0.2911
46247435,2023/2024,5,76,0.000102,0.009168,0.2647,0.2695
46860489,2023/2024,10,39,3.3e-05,0.00476,0.2674,0.2679
46860494,2023/2024,9,115,5e-06,0.001761,0.2384,0.2382
47011584,2023/2024,8,77,3.5e-05,0.005339,0.2332,0.2301
47011640,2023/2024,43,6,8.2e-05,0.007336,0.2665,0.2653
47035890,2023/2024,6,103,5.6e-05,0.005942,0.2504,0.2501
47035914,2023/2024,14,115,4.3e-05,0.005712,0.2568,0.2548
47035918,2023/2024,12,115,2e-06,0.001223,0.2738,0.2756
47035919,2023/2024,12,77,8.3e-05,0.008042,0.2748,0.2718
47035920,2023/2024,13,115,1e-06,0.000997,0.2615,0.2622
47035921,2023/2024,12,1,4e-05,0.00565,0.2751,0.2707
47035922,2023/2024,11,115,0.000139,0.009686,0.2518,0.2546
47262759,2023/2024,7,1,9e-06,0.002278,0.2602,0.2636
47262760,2023/2024,7,69,1.5e-05,0.00304,0.2268,0.2313
47262761,2023/2024,7,103,2.7e-05,0.004367,0.2664,0.267
47262762,2023/2024,7,69,2.9e-05,0.004086,0.2031,0.197
47262763,2023/2024,7,1,2.1e-05,0.004163,0.2746,0.2769
47262764,2023/2024,8,103,5e-06,0.001835,0.2614,0.2613
47262765,2023/2024,7,1,0.000209,0.011702,0.2719,0.2722
47262766,2023/2024,7,39,0.000137,0.00992,0.2747,0.2792
47262767,2023/2024,8,115,1.7e-05,0.003638,0.2866,0.2879
47262768,2023/2024,8,115,0.000147,0.009728,0.2737,0.2751
47652443,2023/2024,4,102,0.000115,0.009721,0.2614,0.2656
47652730,2023/2024,5,0,0.000123,0.009,0.2645,0.265
47702745,2023/2024,10,115,2e-05,0.003533,0.2015,0.203
47702746,2023/2024,10,77,2.6e-05,0.003627,0.2435,0.2442
47702747,2023/2024,9,115,6.1e-05,0.007328,0.2631,0.2572
47702748,2023/2024,9,39,0.000151,0.01157,0.2621,0.253
47702749,2023/2024,10,103,4.3e-05,0.005281,0.1603,0.1559
47702752,2023/2024,9,103,4.7e-05,0.005834,0.2651,0.2661
47751291,2023/2024,28,116,7e-06,0.002158,0.2984,0.3012
47751292,2023/2024,27,116,4.6e-05,0.00529,0.2884,0.2822
47751293,2023/2024,26,116,5e-05,0.006226,0.2721,0.2689
47751294,2023/2024,20,116,0.000217,0.012101,0.2579,0.2574
47751295,2023/2024,19,116,2.5e-05,0.00456,0.239,0.2436
47751296,2023/2024,19,40,0.00041,0.017052,0.2848,0.2878
47751297,2023/2024,17,40,0.00059,0.018382,0.2348,0.2318
47751298,2023/2024,25,40,0.000184,0.012278,0.2743,0.2802
47751299,2023/2024,17,116,0.000314,0.016356,0.2409,0.2298
47751300,2023/2024,18,116,0.00018,0.010727,0.1769,0.1717
47751301,2023/2024,23,40,0.000108,0.008611,0.2829,0.2839
47751302,2023/2024,17,116,0.000213,0.013211,0.2722,0.2657
47751303,2023/2024,17,78,1e-06,0.000614,0.2736,0.2727
47751304,2023/2024,17,78,0.000983,0.02484,0.1807,0.1616
47751305,2023/2024,16,40,0.000669,0.024306,0.2296,0.2466
47751306,2023/2024,22,116,0.000762,0.024612,0.2698,0.2799
48065885,2023/2024,21,116,0.000111,0.008638,0.2538,0.2476
48065886,2023/2024,20,116,4.5e-05,0.004522,0.2378,0.2377
48065887,2023/2024,16,116,0.000208,0.011538,0.2458,0.2469
48065888,2023/2024,15,116,5e-05,0.005652,0.253,0.261
48065889,2023/2024,30,78,9.5e-05,0.008732,0.2682,0.2716
48065890,2023/2024,12,77,0.000347,0.014835,0.2631,0.2647
48065891,2023/2024,11,77,1e-06,0.001006,0.2826,0.2812
48065901,2023/2024,19,40,1.8e-05,0.002692,0.1404,0.1445
48065902,2023/2024,19,77,7.3e-05,0.007893,0.2695,0.2738
48065913,2023/2024,15,1,4e-06,0.001456,0.2739,0.2717
48065915,2023/2024,24,78,0.000129,0.009523,0.287,0.2935
48065916,2023/2024,21,2,2.2e-05,0.003944,0.3042,0.3001
48320126,2023/2024,29,78,3.8e-05,0.005492,0.3036,0.2999
48585558,2023/2024,18,2,0.000235,0.013199,0.1872,0.1772
48585559,2023/2024,19,78,6.3e-05,0.004991,0.2074,0.2079
50341982,2023/2024,32,41,0.000146,0.010895,0.2776,0.273
50341983,2023/2024,22,117,2.5e-05,0.003336,0.2379,0.2429
50341984,2023/2024,21,2,0.000203,0.011699,0.2605,0.278
50341985,2023/2024,14,116,0.000721,0.023851,0.2749,0.2658
50341986,2023/2024,11,2,0.00042,0.017669,0.1902,0.1769
50341987,2023/2024,31,117,0.000151,0.011062,0.2822,0.2775
50341988,2023/2024,13,116,0.000351,0.016707,0.2809,0.2929
50595133,2023/2024,24,117,0.000127,0.010488,0.2403,0.2341
50595134,2023/2024,36,79,3.9e-05,0.00486,0.2733,0.2734
50595135,2023/2024,16,116,0.000917,0.024697,0.1748,0.153
50595136,2023/2024,16,40,0.000267,0.013824,0.229,0.2234
50595137,2023/2024,15,2,0.000718,0.023408,0.2658,0.257
50595138,2023/2024,15,78,0.000235,0.013916,0.2449,0.2351
50595139,2023/2024,13,104,0.000204,0.008907,0.1138,0.1092
50595140,2023/2024,35,79,3.1e-05,0.00468,0.2837,0.2794
50595141,2023/2024,24,117,0.0,0.000211,0.23,0.2299
50595142,2023/2024,34,117,1e-05,0.002135,0.212,0.2116
50595153,2023/2024,23,41,1.7e-05,0.003557,0.2356,0.2339
50595154,2023/2024,23,78,0.000673,0.023792,0.2134,0.2337
50595155,2023/2024,23,41,4.9e-05,0.004553,0.2108,0.2135
50595156,2023/2024,12,104,0.000509,0.018494,0.2496,0.25
50595157,2023/2024,12,70,5.6e-05,0.006056,0.2506,0.2503
50595158,2023/2024,12,70,0.00033,0.014224,0.2576,0.2592
50595159,2023/2024,12,104,0.000185,0.011444,0.2363,0.2421
50595160,2023/2024,12,2,1.2e-05,0.002714,0.2171,0.2132
50595161,2023/2024,33,79,0.000288,0.013852,0.2537,0.2575
50595163,2023/2024,22,41,0.000291,0.014845,0.2565,0.2499
50595165,2023/2024,23,117,6.9e-05,0.007717,0.2331,0.2281
50595211,2023/2024,23,79,0.001069,0.020098,0.1046,0.086
50846751,2023/2024,39,117,4.2e-05,0.00602,0.2396,0.2341
50846752,2023/2024,18,40,4.2e-05,0.005899,0.2664,0.2632
50846753,2023/2024,18,78,0.001209,0.031017,0.2727,0.2846
50846754,2023/2024,28,117,0.000135,0.01008,0.2567,0.2594
50846756,2023/2024,17,78,7.9e-05,0.007977,0.2815,0.2857
50846757,2023/2024,17,116,0.000233,0.014101,0.2557,0.2484
50846758,2023/2024,167,131,9e-06,0.002875,0.2518,0.2501
50846759,2023/2024,15,104,0.00056,0.021089,0.229,0.2209
50846760,2023/2024,27,117,3.6e-05,0.005059,0.2498,0.2431
50846762,2023/2024,38,79,0.000307,0.014391,0.2876,0.2892
50846764,2023/2024,14,104,0.000456,0.018064,0.2811,0.2773
50846765,2023/2024,26,3,0.00012,0.008668,0.2578,0.2708
50846766,2023/2024,26,117,0.000434,0.016604,0.2542,0.2541
50846767,2023/2024,25,117,0.000509,0.020341,0.2417,0.2497
50846768,2023/2024,25,117,0.000361,0.017102,0.2366,0.2242
50846769,2023/2024,37,3,4e-06,0.001558,0.2839,0.2863
50846771,2023/2024,25,41,0.000268,0.014167,0.2881,0.2825
50846808,2023/2024,26,117,0.000652,0.023412,0.2402,0.227
51054878,2023/2024,26,79,0.000276,0.012878,0.2528,0.2628
53333849,2023/2024,16,105,0.00023,0.014047,0.2117,0.2033
53333850,2023/2024,40,80,2.5e-05,0.004203,0.2653,0.2646
53608635,2023/2024,21,79,1.2e-05,0.00238,0.1843,0.1807
53608640,2023/2024,18,71,0.000336,0.014744,0.2761,0.2759
53608641,2023/2024,43,80,0.000318,0.01574,0.2793,0.2727
53608642,2023/2024,20,117,0.00061,0.021693,0.2383,0.2291
53608645,2023/2024,48,118,0.000245,0.013557,0.2454,0.2395
53608650,2023/2024,28,118,3e-06,0.001697,0.2356,0.2372
53608651,2023/2024,28,3,6.7e-05,0.007447,0.2766,0.28
53608652,2023/2024,28,118,0.000154,0.010918,0.2708,0.2675
53608653,2023/2024,17,105,1e-06,0.001124,0.246,0.247
53608654,2023/2024,17,105,0.000521,0.019253,0.247,0.2489
53608655,2023/2024,19,117,0.000404,0.017569,0.2494,0.2415
53608657,2023/2024,41,118,4e-06,0.001754,0.2888,0.2901
53608658,2023/2024,27,118,0.000241,0.014017,0.2041,0.2157
53608661,2023/2024,44,118,0.000313,0.01473,0.212,0.2033
53608662,2023/2024,17,105,0.000396,0.015699,0.2615,0.2626
53608664,2023/2024,17,105,5e-06,0.001539,0.1319,0.1311
53608667,2023/2024,17,105,0.00073,0.021961,0.2592,0.2575
53608668,2023/2024,28,42,0.000172,0.008633,0.1298,0.1247
53608676,2023/2024,31,118,0.000158,0.009338,0.2387,0.2378
53608692,2023/2024,28,118,5.7e-05,0.006385,0.1868,0.1942
54121595,2023/2024,25,79,0.000437,0.018749,0.2257,0.2097
54121597,2023/2024,47,4,2.1e-05,0.004043,0.2747,0.2701
54121598,2023/2024,24,117,0.000101,0.008994,0.2661,0.2629
54121599,2023/2024,20,3,8e-05,0.007215,0.2432,0.254
54121600,2023/2024,29,80,8.3e-05,0.007756,0.255,0.2585
54121602,2023/2024,46,42,0.000275,0.014812,0.2375,0.2305
54121603,2023/2024,19,3,0.000138,0.009137,0.2311,0.2445
54121604,2023/2024,23,41,0.000147,0.011325,0.2691,0.2766
54121605,2023/2024,23,3,0.000212,0.012152,0.2698,0.2735
54121606,2023/2024,33,80,0.00039,0.016078,0.248,0.2434
54121607,2023/2024,30,42,7.4e-05,0.008115,0.246,0.2521
54121610,2023/2024,22,79,2e-05,0.00371,0.292,0.2865
54121612,2023/2024,42,117,0.000226,0.013869,0.2751,0.2829
54121618,2023/2024,45,118,0.000177,0.010595,0.3002,0.3011
54121624,2023/2024,33,118,0.000566,0.019803,0.2793,0.2769
54121625,2023/2024,33,118,0.001101,0.027677,0.2734,0.2694
54585703,2023/2024,49,42,4e-05,0.005323,0.269,0.277
54585704,2023/2024,32,42,2.5e-05,0.003873,0.26,0.2609
54585707,2023/2024,26,79,1e-05,0.002505,0.295,0.292
54585734,2023/2024,27,117,0.00035,0.016408,0.2629,0.2564
54638919,2023/2024,34,42,1.5e-05,0.00285,0.2109,0.2066
54638920,2023/2024,32,118,9.8e-05,0.006113,0.2136,0.2209
54638921,2023/2024,31,80,6.4e-05,0.006317,0.2144,0.2234
54638922,2023/2024,30,118,6.9e-05,0.00776,0.2412,0.2342
54638923,2023/2024,29,118,0.000337,0.014519,0.2468,0.2447
54856821,2023/2024,35,4,0.000945,0.025836,0.2555,0.2604
55517686,2023/2024,36,119,0.000937,0.024875,0.2574,0.2553
55517687,2023/2024,29,42,8.3e-05,0.007724,0.2647,0.2673
55517688,2023/2024,21,4,0.000729,0.022207,0.1917,0.2014
55517714,2023/2024,28,4,0.000748,0.022646,0.2832,0.2858
55517716,2023/2024,50,81,0.000204,0.012971,0.2755,0.2816
55781141,2023/2024,38,119,6e-06,0.002014,0.2602,0.2571
55781143,2023/2024,35,80,0.0001,0.00931,0.2421,0.2484
55781148,2023/2024,23,72,0.000118,0.008986,0.2577,0.2598
55781149,2023/2024,34,81,1.3e-05,0.002321,0.2382,0.235
55781154,2023/2024,37,119,0.000133,0.009293,0.2786,0.2926
55781161,2023/2024,33,4,4.3e-05,0.004952,0.2661,0.2735
55781162,2023/2024,33,81,0.000346,0.016331,0.2418,0.2323
55781163,2023/2024,22,106,0.000207,0.011921,0.1598,0.1727
55781164,2023/2024,22,106,0.000157,0.009178,0.2498,0.2611
55781165,2023/2024,22,106,2.4e-05,0.003664,0.1971,0.1966
55781166,2023/2024,22,72,0.000387,0.014043,0.1194,0.1059
55781172,2023/2024,22,106,3.7e-05,0.004897,0.2565,0.2565
55781174,2023/2024,54,43,0.000174,0.010935,0.2699,0.2682
55781175,2023/2024,32,42,7.1e-05,0.006529,0.2578,0.2574
55781177,2023/2024,53,119,0.000186,0.010599,0.1763,0.1823
55781178,2023/2024,31,118,0.000485,0.020588,0.2362,0.2513
55781180,2023/2024,52,118,3.7e-05,0.004681,0.2807,0.2737
55781181,2023/2024,33,43,0.000359,0.012569,0.1115,0.0997
55781183,2023/2024,30,118,1.4e-05,0.002923,0.2187,0.2231
55781184,2023/2024,51,43,0.00013,0.010635,0.2696,0.2766
56297591,2023/2024,42,119,3.1e-05,0.004671,0.2482,0.2463
56297594,2023/2024,25,106,0.000509,0.01951,0.2706,0.2655
56297595,2023/2024,37,43,2.5e-05,0.003427,0.1935,0.1987
56297596,2023/2024,41,119,5e-06,0.001883,0.2471,0.2449
56297603,2023/2024,24,4,5.9e-05,0.006823,0.1971,0.2013
56297604,2023/2024,40,5,0.000414,0.01655,0.2744,0.2732
56297610,2023/2024,39,81,5.3e-05,0.005891,0.2708,0.2763
56297613,2023/2024,40,43,0.000162,0.010643,0.2468,0.2431
56297614,2023/2024,36,119,7.3e-05,0.006146,0.1701,0.1791
56297615,2023/2024,36,43,6.8e-05,0.005449,0.1355,0.1327
56297622,2023/2024,36,118,0.00048,0.020319,0.2754,0.2638
56297623,2023/2024,35,118,0.000481,0.017422,0.2661,0.2633
56297624,2023/2024,34,118,0.000443,0.01858,0.2895,0.2816
56297625,2023/2024,34,80,0.000209,0.012717,0.208,0.1979
56297629,2023/2024,33,80,0.000518,0.018265,0.1492,0.1655
56297630,2023/2024,58,118,0.00012,0.008932,0.2613,0.2615
56297631,2023/2024,57,5,6.1e-05,0.006473,0.2809,0.2723
56297633,2023/2024,57,119,0.000302,0.013866,0.2801,0.2812
56297641,2023/2024,56,81,0.001684,0.034255,0.2629,0.2592
56297643,2023/2024,36,119,5e-05,0.005863,0.2733,0.2671
56297644,2023/2024,36,119,0.000294,0.015017,0.2458,0.2417
56297646,2023/2024,55,119,0.00011,0.009127,0.2487,0.2532
57052120,2023/2024,43,119,0.000227,0.013733,0.243,0.2512
58704532,2023/2024,59,44,0.000123,0.008657,0.2553,0.2427
58704533,2023/2024,60,82,1e-06,0.00085,0.1958,0.1945
58704534,2023/2024,37,43,2e-06,0.000977,0.2568,0.2575
58792046,2023/2024,50,120,0.000486,0.017148,0.1716,0.1601
58792047,2023/2024,30,107,0.00038,0.016598,0.2349,0.2291
58792048,2023/2024,49,120,0.000587,0.019016,0.2549,0.2567
58792049,2023/2024,48,120,0.000318,0.013874,0.2655,0.2635
58792050,2023/2024,41,44,7e-06,0.001978,0.279,0.282
58792051,2023/2024,47,120,0.000117,0.008916,0.2724,0.2733
58792052,2023/2024,46,120,4.7e-05,0.004816,0.2555,0.2488
58792053,2023/2024,28,107,0.00056,0.019381,0.2244,0.2215
58792054,2023/2024,40,120,0.000108,0.008685,0.2438,0.2433
58792055,2023/2024,45,82,0.000386,0.017425,0.2418,0.2495
58792056,2023/2024,39,120,0.000467,0.016019,0.1244,0.14
58792057,2023/2024,39,120,1.9e-05,0.003485,0.2609,0.2616
58792058,2023/2024,39,44,4.8e-05,0.00603,0.2015,0.2056
58792059,2023/2024,27,5,7.8e-05,0.007232,0.2507,0.2616
58792060,2023/2024,27,73,6.5e-05,0.006598,0.2502,0.2601
58792061,2023/2024,27,107,0.00021,0.012695,0.2404,0.2443
58792062,2023/2024,27,107,6e-05,0.006521,0.1891,0.1929
58792063,2023/2024,27,107,0.000156,0.010439,0.279,0.2823
58792064,2023/2024,38,120,0.000101,0.008875,0.2557,0.2594
58792065,2023/2024,44,120,0.000698,0.023524,0.2824,0.2735
58792066,2023/2024,26,107,5.5e-05,0.005709,0.2231,0.2314
58792067,2023/2024,64,119,0.000137,0.010883,0.2654,0.2717
58792068,2023/2024,40,43,3.1e-05,0.004567,0.284,0.2781
58792069,2023/2024,62,120,0.000145,0.010885,0.2909,0.2856
58792070,2023/2024,62,82,0.00049,0.018036,0.2834,0.2822
58792071,2023/2024,39,119,0.000124,0.00885,0.2019,0.19
58792072,2023/2024,39,119,8.8e-05,0.008075,0.2856,0.2895
58792073,2023/2024,39,119,0.000477,0.016423,0.1369,0.1222
58792074,2023/2024,61,44,0.000241,0.013951,0.2582,0.2644
58792075,2023/2024,61,120,1.2e-05,0.002381,0.2551,0.2524
58792076,2023/2024,38,119,1.7e-05,0.003095,0.2516,0.2528
58792077,2023/2024,38,81,0.000114,0.00897,0.2864,0.2879
59262828,2023/2024,29,5,0.000226,0.012883,0.2534,0.2669
59262848,2023/2024,39,44,0.000178,0.008704,0.2048,0.2087
59262849,2023/2024,39,81,0.000112,0.008011,0.1477,0.1411
59262850,2023/2024,39,5,0.000404,0.018325,0.2635,0.2535
59262856,2023/2024,41,81,0.000127,0.009433,0.2431,0.2472
59262858,2023/2024,63,82,0.000467,0.020144,0.2596,0.2455
59262859,2023/2024,63,82,4.1e-05,0.005242,0.2779,0.2782
59262860,2023/2024,40,5,9.5e-05,0.008853,0.2713,0.28
59262862,2023/2024,61,6,4.1e-05,0.005405,0.1911,0.1869
59262863,2023/2024,38,81,0.000428,0.016449,0.2674,0.2707
59262867,2023/2024,42,82,2e-05,0.003796,0.2838,0.2832
59262872,2023/2024,48,6,0.00017,0.012048,0.2734,0.267
59262873,2023/2024,48,44,8.9e-05,0.007337,0.266,0.272
59902525,2023/2024,65,120,0.000301,0.0141,0.2107,0.2154
60168268,2023/2024,69,121,8.9e-05,0.00845,0.2831,0.2867
60168269,2023/2024,68,45,1.7e-05,0.003585,0.2531,0.2521
60168271,2023/2024,43,120,0.000218,0.013842,0.2499,0.2602
60168272,2023/2024,67,83,0.000415,0.016648,0.2625,0.259
60168274,2023/2024,42,44,0.000205,0.013132,0.2392,0.2293
60168275,2023/2024,66,121,6.1e-05,0.006292,0.2818,0.2817
60168288,2023/2024,44,82,0.000498,0.019324,0.2008,0.2136
60402446,2023/2024,45,82,0.00094,0.027156,0.2282,0.2043
60402483,2023/2024,72,120,3e-06,0.001221,0.2207,0.2226
60442094,2023/2024,47,120,8.8e-05,0.007735,0.2728,0.2737
60712489,2023/2024,49,120,5e-06,0.002061,0.2838,0.2853
60712490,2023/2024,49,44,3.5e-05,0.004767,0.2655,0.2657
60712496,2023/2024,72,121,0.000705,0.021498,0.2852,0.2841
61217225,2023/2024,70,45,0.000142,0.011213,0.2548,0.2467
61217671,2023/2024,46,82,0.000713,0.02356,0.2827,0.2732
61218070,2023/2024,71,83,0.000194,0.011934,0.2926,0.2897
61218338,2023/2024,48,6,0.000279,0.014605,0.2253,0.2165
61282012,2023/2024,33,74,0.000228,0.013597,0.2538,0.2672
61282017,2023/2024,32,108,0.000421,0.018963,0.2248,0.2362
61282018,2023/2024,32,6,0.000184,0.011102,0.2547,0.257
61282019,2023/2024,32,74,1.8e-05,0.00264,0.1414,0.1423
61282021,2023/2024,73,7,3.4e-05,0.005292,0.2941,0.2913
61282022,2023/2024,36,6,2.4e-05,0.004139,0.2606,0.266
61282023,2023/2024,35,108,0.000101,0.007008,0.1119,0.1052
61282025,2023/2024,34,108,0.000211,0.011375,0.165,0.1716
61282027,2023/2024,32,108,2e-06,0.000887,0.2142,0.2153
61282028,2023/2024,31,108,0.000134,0.009857,0.2375,0.2353
61374399,2023/2024,57,121,0.000252,0.013403,0.2583,0.2564
61374400,2023/2024,56,121,2.5e-05,0.003799,0.2755,0.2698
61374401,2023/2024,55,45,0.000235,0.012694,0.2436,0.2391
61374403,2023/2024,55,121,0.001971,0.037028,0.2344,0.2201
61374404,2023/2024,47,121,3.5e-05,0.005239,0.2034,0.2088
61374405,2023/2024,47,121,7e-05,0.005302,0.2107,0.2174
61374406,2023/2024,47,121,0.000131,0.009988,0.2412,0.2444
61374407,2023/2024,46,45,7e-05,0.007174,0.2655,0.2628
61374408,2023/2024,45,83,7.1e-05,0.007292,0.2685,0.2722
61374409,2023/2024,45,45,8.2e-05,0.006629,0.2372,0.2358
61374410,2023/2024,45,45,0.000686,0.023522,0.2433,0.2287
61374411,2023/2024,45,83,0.000427,0.018827,0.2522,0.2628
61374412,2023/2024,44,7,5.1e-05,0.006033,0.2001,0.2032
61786513,2023/2024,50,82,1.9e-05,0.003722,0.2257,0.2236
61842258,2023/2024,48,121,9e-06,0.002252,0.255,0.2519
61842311,2023/2024,53,121,0.000324,0.014088,0.2562,0.2557
61842313,2023/2024,51,121,2.3e-05,0.003987,0.2764,0.2757
62188597,2023/2024,54,7,3e-06,0.001404,0.2394,0.2415
62188603,2023/2024,52,83,0.000149,0.009661,0.2224,0.218
62523129,2023/2024,74,46,6.7e-05,0.005174,0.2422,0.2345
62831832,2023/2024,59,121,4.3e-05,0.005797,0.202,0.1965
62831833,2023/2024,57,121,7.4e-05,0.007837,0.2773,0.2843
62831834,2023/2024,56,45,5.3e-05,0.006705,0.2582,0.2512
62831835,2023/2024,78,84,0.000194,0.013084,0.2652,0.2553
62831836,2023/2024,77,84,0.000128,0.010016,0.2913,0.2875
62831838,2023/2024,54,121,2.9e-05,0.00504,0.2712,0.2663
62831840,2023/2024,53,121,9.7e-05,0.008973,0.2184,0.2102
62831841,2023/2024,75,46,0.000386,0.015418,0.269,0.2682
62831843,2023/2024,52,45,2.1e-05,0.004127,0.271,0.269
62831845,2023/2024,51,83,0.000168,0.010714,0.2829,0.2843
62831859,2023/2024,76,122,2.6e-05,0.004445,0.19,0.1941
63079737,2023/2024,82,84,6e-06,0.001983,0.2013,0.2024
63079738,2023/2024,81,84,0.000678,0.021789,0.2847,0.2805
63079739,2023/2024,81,122,1.3e-05,0.003081,0.2834,0.2788
63079741,2023/2024,80,121,5.5e-05,0.006141,0.256,0.2548
63079744,2023/2024,79,8,0.000277,0.013483,0.2754,0.274
63325784,2023/2024,55,83,0.000295,0.015509,0.2615,0.2698
63902125,2023/2024,57,7,5.9e-05,0.005948,0.2901,0.2978
63902699,2023/2024,58,83,0.000101,0.007306,0.2493,0.2455
66611649,2023/2024,91,123,7.4e-05,0.006402,0.2267,0.2275
66611650,2023/2024,66,122,0.000171,0.012072,0.2752,0.2822
66611651,2023/2024,64,84,0.000542,0.019454,0.2613,0.2568
66611654,2023/2024,90,85,8e-06,0.00233,0.2708,0.2673
66611656,2023/2024,65,84,2e-05,0.003584,0.2215,0.22
66611657,2023/2024,41,7,6.9e-05,0.007471,0.2549,0.2626
66611658,2023/2024,63,84,2e-06,0.000896,0.1549,0.1563
66611660,2023/2024,89,47,2.7e-05,0.004164,0.2011,0.1957
66611661,2023/2024,40,109,0.000755,0.024138,0.2551,0.263
66611664,2023/2024,64,84,0.000545,0.021474,0.2839,0.2722
66611665,2023/2024,64,8,0.000788,0.024228,0.2575,0.2458
66611666,2023/2024,62,122,0.000499,0.018097,0.2566,0.2593
66611667,2023/2024,62,122,0.000402,0.016198,0.2753,0.2772
66611668,2023/2024,62,46,6e-05,0.00609,0.282,0.2908
66611669,2023/2024,88,9,2.3e-05,0.004321,0.2881,0.286
66611670,2023/2024,61,122,0.00031,0.014253,0.2302,0.2257
66611671,2023/2024,63,46,3.4e-05,0.005441,0.2583,0.2534
66611674,2023/2024,60,122,7.3e-05,0.007007,0.2784,0.2738
66611675,2023/2024,87,122,0.000213,0.012949,0.2623,0.2668
66611676,2023/2024,52,46,0.000118,0.008945,0.1819,0.1927
66611677,2023/2024,62,122,0.000227,0.01212,0.2685,0.2689
66611685,2023/2024,39,109,0.0,0.000363,0.1218,0.1218
66611686,2023/2024,86,122,7.5e-05,0.007004,0.2415,0.2387
66611687,2023/2024,51,122,7e-06,0.002131,0.268,0.2648
66611689,2023/2024,61,122,8.8e-05,0.008088,0.2414,0.2371
66611694,2023/2024,59,122,1.9e-05,0.003683,0.1795,0.1755
66611696,2023/2024,85,123,0.000125,0.009835,0.2943,0.2905
66611737,2023/2024,50,8,0.000375,0.016559,0.278,0.2731
66611738,2023/2024,50,122,3.1e-05,0.005077,0.2277,0.2228
66611739,2023/2024,50,122,0.000273,0.014695,0.2066,0.1963
66611740,2023/2024,50,84,0.000273,0.014127,0.2214,0.2134
66611741,2023/2024,50,46,0.000517,0.019782,0.2799,0.2874
66611742,2023/2024,38,7,0.000186,0.010714,0.2061,0.2211
66611743,2023/2024,38,109,6.5e-05,0.007027,0.2659,0.2715
66611744,2023/2024,38,109,4.1e-05,0.004923,0.2203,0.2277
66611745,2023/2024,38,75,8.3e-05,0.007786,0.2378,0.2348
66611746,2023/2024,38,109,0.000136,0.010736,0.2448,0.2498
66611749,2023/2024,60,122,3e-06,0.001119,0.2286,0.2269
66611753,2023/2024,84,85,0.000204,0.013051,0.2542,0.2617
66611755,2023/2024,49,122,0.000435,0.017144,0.215,0.2203
66611770,2023/2024,58,8,8.4e-05,0.008468,0.267,0.262
66611771,2023/2024,83,85,4e-06,0.001659,0.2681,0.2656
66611774,2023/2024,37,75,0.000112,0.008007,0.1399,0.1339
66611806,2023/2024,53,122,3e-05,0.003418,0.206,0.2095
67104531,2023/2024,55,83,9e-06,0.002372,0.2523,0.2532
67169860,2023/2024,92,123,3.9e-05,0.005194,0.2735,0.2717
67169861,2023/2024,54,84,1.3e-05,0.003121,0.181,0.1779
67169862,2023/2024,68,84,0.000107,0.008759,0.1907,0.1834
67169869,2023/2024,67,46,0.000294,0.015245,0.2924,0.2865
68958085,2023/2024,101,86,0.000139,0.008519,0.2172,0.2184
68958086,2023/2024,76,123,0.000356,0.016386,0.2289,0.2206
68958088,2023/2024,100,124,5.5e-05,0.006314,0.2795,0.2812
68958089,2023/2024,75,123,0.00018,0.012459,0.2322,0.2227
68958090,2023/2024,46,110,7e-06,0.001358,0.1632,0.1647
68958092,2023/2024,70,123,0.00042,0.017527,0.2104,0.1985
68958094,2023/2024,45,110,1.4e-05,0.003128,0.2616,0.2631
68958095,2023/2024,69,47,0.000117,0.008536,0.2437,0.2424
68958096,2023/2024,69,9,0.000217,0.013349,0.283,0.2967
68958097,2023/2024,69,123,0.000194,0.011958,0.2733,0.2707
68958098,2023/2024,60,47,0.000119,0.009232,0.1872,0.1933
68958099,2023/2024,60,85,1.1e-05,0.003004,0.2194,0.2227
68958102,2023/2024,59,123,7.1e-05,0.007511,0.2601,0.2626
68958104,2023/2024,73,9,0.000472,0.017671,0.2911,0.2898
68958111,2023/2024,67,123,0.00062,0.022546,0.2413,0.2274
68958113,2023/2024,97,123,0.000184,0.01193,0.2659,0.2609
68958114,2023/2024,72,123,0.0,0.000391,0.2205,0.2199
68958120,2023/2024,44,110,0.00013,0.009825,0.1911,0.198
68958122,2023/2024,96,86,8e-05,0.007562,0.2854,0.2836
68958123,2023/2024,58,123,6.8e-05,0.006991,0.2032,0.2117
68958125,2023/2024,71,47,7e-06,0.002364,0.2973,0.2958
68958132,2023/2024,95,124,0.000194,0.012106,0.2515,0.2544
68958144,2023/2024,57,47,0.000144,0.006771,0.0798,0.0729
68958145,2023/2024,57,47,0.000269,0.013345,0.2759,0.2777
68958146,2023/2024,43,110,0.000171,0.011715,0.1997,0.2115
68958147,2023/2024,43,110,7e-06,0.001877,0.261,0.2638
68958148,2023/2024,43,76,0.000111,0.008556,0.2553,0.2567
68958149,2023/2024,43,8,0.000275,0.01309,0.2373,0.2379
68958150,2023/2024,43,8,0.000239,0.008875,0.078,0.0695
68958151,2023/2024,70,123,1.4e-05,0.003071,0.2749,0.2752
68958153,2023/2024,94,10,0.00014,0.009762,0.2706,0.2713
68958154,2023/2024,56,85,0.000143,0.010037,0.2777,0.2757
68958160,2023/2024,65,85,4e-05,0.005987,0.2693,0.2741
68958161,2023/2024,93,48,8.5e-05,0.00758,0.2199,0.2225
68958162,2023/2024,55,123,2.4e-05,0.004458,0.2515,0.2539
68958163,2023/2024,69,85,0.000171,0.012094,0.293,0.2855
68958166,2023/2024,42,76,0.000125,0.009686,0.2592,0.2572
68958211,2023/2024,66,123,4e-05,0.00555,0.2552,0.2618
68958214,2023/2024,74,47,0.000164,0.012012,0.2792,0.271
68958217,2023/2024,68,123,0.000316,0.014989,0.2658,0.2688
68958221,2023/2024,98,124,0.000246,0.012977,0.2775,0.2802
68958225,2023/2024,98,127,3.2e-05,0.004594,0.2654,0.2585
68958236,2023/2024,61,123,0.000281,0.015195,0.2436,0.2511
68958237,2023/2024,99,86,0.0007,0.021515,0.2818,0.2831
68958241,2023/2024,60,9,0.000103,0.007693,0.172,0.1677
69438797,2023/2024,102,86,0.00026,0.014338,0.2717,0.2773
69438798,2023/2024,78,123,4.4e-05,0.005906,0.2797,0.283
69438799,2023/2024,77,85,0.000508,0.020312,0.2421,0.2543
70476178,2023/2024,79,124,0.0006,0.020419,0.2887,0.2848
71292545,2023/2024,65,48,1e-06,0.000618,0.2318,0.2308
71292546,2023/2024,64,124,4.9e-05,0.006074,0.2617,0.2605
71292547,2023/2024,63,48,0.000513,0.021315,0.2503,0.2678
71292548,2023/2024,63,48,0.00048,0.012412,0.0827,0.0701
71292549,2023/2024,63,124,0.000124,0.009302,0.2658,0.2643
71292550,2023/2024,63,86,0.000134,0.010792,0.2725,0.2794
71292551,2023/2024,63,86,0.000266,0.013167,0.2393,0.2362
71292552,2023/2024,62,86,5.1e-05,0.006292,0.2846,0.2868
71292591,2023/2024,66,10,0.00013,0.009954,0.1862,0.1946
71859274,2023/2024,67,124,2.9e-05,0.004634,0.2268,0.2248
71859275,2023/2024,88,124,1.9e-05,0.003708,0.2928,0.2917
71859276,2023/2024,87,10,0.000187,0.010692,0.2593,0.2581
71859277,2023/2024,111,87,6e-06,0.001921,0.1828,0.1816
71859278,2023/2024,86,124,0.000371,0.015859,0.2807,0.2822
71859279,2023/2024,77,124,0.000177,0.01153,0.2883,0.2812
71859280,2023/2024,110,125,9e-06,0.002523,0.2708,0.2739
71859281,2023/2024,85,48,9.8e-05,0.009106,0.2522,0.2458
71859282,2023/2024,51,9,9e-05,0.006522,0.1992,0.2017
71859283,2023/2024,76,124,0.000209,0.012145,0.2334,0.2374
71859284,2023/2024,109,87,2e-05,0.003608,0.2571,0.2517
71859285,2023/2024,50,77,0.000136,0.008664,0.225,0.2241
71859286,2023/2024,84,86,0.00014,0.01076,0.2922,0.2867
71859287,2023/2024,75,124,0.000107,0.009266,0.279,0.2847
71859288,2023/2024,75,86,3.2e-05,0.005101,0.2887,0.2942
71859289,2023/2024,83,48,0.000267,0.014008,0.2897,0.2933
71859291,2023/2024,73,123,4.7e-05,0.005859,0.2785,0.2762
71859292,2023/2024,107,125,0.000192,0.010778,0.2596,0.259
71859293,2023/2024,82,124,6.1e-05,0.005961,0.2442,0.2453
71859294,2023/2024,49,111,0.000108,0.009162,0.1971,0.1926
71859295,2023/2024,106,124,6.2e-05,0.006507,0.2651,0.2589
71859296,2023/2024,81,124,1e-05,0.002915,0.2671,0.2694
71859297,2023/2024,72,124,7.9e-05,0.007046,0.2463,0.2449
71859298,2023/2024,105,87,0.000393,0.016323,0.2726,0.2757
71859299,2023/2024,48,111,0.00012,0.009125,0.1919,0.203
71859300,2023/2024,48,111,0.00037,0.016253,0.2612,0.2636
71859301,2023/2024,48,111,8.6e-05,0.008343,0.2037,0.2104
71859302,2023/2024,48,111,0.000401,0.016824,0.2553,0.2604
71859303,2023/2024,48,111,0.000429,0.016899,0.2719,0.273
71859304,2023/2024,80,86,0.00052,0.018695,0.1905,0.2015
71859305,2023/2024,104,49,2.5e-05,0.004617,0.2666,0.2641
71859306,2023/2024,71,124,0.000332,0.015372,0.211,0.217
71859307,2023/2024,103,11,0.000112,0.009835,0.2626,0.2689
71859308,2023/2024,47,9,4.3e-05,0.005928,0.2501,0.2558
71859327,2023/2024,112,125,1.8e-05,0.003926,0.2751,0.2775
72188901,2023/2024,75,10,1.2e-05,0.002678,0.2857,0.2897
72188905,2023/2024,108,49,0.000403,0.018831,0.2528,0.2371
72188906,2023/2024,74,86,0.000904,0.025186,0.2332,0.2217
73953296,2023/2024,72,125,0.000281,0.015088,0.2286,0.2187
73953297,2023/2024,71,49,1.8e-05,0.003532,0.2701,0.2735
73953298,2023/2024,71,87,4.8e-05,0.006115,0.2152,0.2183
73953299,2023/2024,71,49,2.1e-05,0.00262,0.1303,0.1293
73953300,2023/2024,71,87,2e-06,0.001181,0.1972,0.1954
73953303,2023/2024,70,49,7.5e-05,0.006375,0.1906,0.2002
73953310,2023/2024,69,125,3e-06,0.001461,0.2876,0.2854
73953311,2023/2024,68,125,8.1e-05,0.008318,0.241,0.2464
73953369,2023/2024,69,11,0.000853,0.023879,0.2339,0.225
73953370,2023/2024,69,87,0.000235,0.011009,0.1297,0.1182
74415076,2023/2024,120,125,0.000134,0.008752,0.2015,0.1982
74415077,2023/2024,97,11,0.000283,0.013203,0.159,0.1481
74415078,2023/2024,83,124,0.000262,0.014988,0.2746,0.2656
74415079,2023/2024,57,112,2e-06,0.00085,0.1906,0.1909
74415080,2023/2024,119,125,0.000505,0.020802,0.2594,0.2475
74415081,2023/2024,96,125,8.6e-05,0.007533,0.2834,0.283
74415082,2023/2024,56,78,3.6e-05,0.005166,0.2662,0.2724
74415083,2023/2024,82,124,0.000598,0.022556,0.2359,0.2202
74415084,2023/2024,118,88,7.7e-05,0.006308,0.188,0.1903
74415085,2023/2024,55,112,0.000128,0.009494,0.1684,0.1762
74415086,2023/2024,95,125,6e-06,0.00213,0.2821,0.2804
74415087,2023/2024,95,125,0.000522,0.020616,0.2789,0.27
74415088,2023/2024,81,87,1.3e-05,0.00287,0.2801,0.2834
74415089,2023/2024,81,87,0.000264,0.013833,0.2806,0.2876
74415090,2023/2024,81,49,3e-05,0.004882,0.2465,0.2492
74415091,2023/2024,131,89,0.000157,0.011186,0.2793,0.2741
74415092,2023/2024,99,127,0.000212,0.013256,0.2549,0.2471
74415093,2023/2024,94,87,0.000275,0.011065,0.1128,0.1024
74415097,2023/2024,80,11,3e-06,0.00163,0.2461,0.2447
74415098,2023/2024,117,126,1e-06,0.000755,0.2015,0.2004
74415099,2023/2024,93,49,5.8e-05,0.006736,0.2877,0.2851
74415100,2023/2024,54,78,0.000138,0.010512,0.2604,0.2569
74415101,2023/2024,116,12,3e-05,0.004983,0.2944,0.2914
74415102,2023/2024,116,88,6e-06,0.0021,0.2801,0.2806
74415103,2023/2024,92,87,0.000143,0.010488,0.2138,0.2025
74415104,2023/2024,79,125,9.7e-05,0.007833,0.2396,0.2379
74415105,2023/2024,115,50,0.000431,0.019072,0.2519,0.2615
74415106,2023/2024,53,10,2.8e-05,0.004729,0.2581,0.2608
74415107,2023/2024,53,112,7e-05,0.007139,0.2438,0.2478
74415108,2023/2024,53,112,0.000115,0.008925,0.2537,0.2638
74415109,2023/2024,53,10,0.00013,0.005588,0.0565,0.0509
74415110,2023/2024,91,49,0.0001,0.008958,0.2795,0.2831
74415111,2023/2024,114,50,0.000121,0.010094,0.2631,0.2681
74415118,2023/2024,78,125,5.2e-05,0.006261,0.2818,0.2836
74415119,2023/2024,113,126,8e-05,0.006717,0.2419,0.2426
74415120,2023/2024,90,87,0.000103,0.008497,0.2961,0.2943
74415121,2023/2024,52,112,5.6e-05,0.006677,0.247,0.2513
74415122,2023/2024,89,87,7.8e-05,0.007817,0.2467,0.243
78218351,2023/2024,84,126,4.5e-05,0.005659,0.2322,0.2336
78218352,2023/2024,121,89,0.000134,0.010792,0.2717,0.2617
78218353,2023/2024,58,113,7.7e-05,0.005834,0.0947,0.101
78483704,2023/2024,86,125,3e-06,0.001372,0.2914,0.2894
78483708,2023/2024,60,113,0.001211,0.030034,0.2619,0.2548
78483709,2023/2024,124,51,1.2e-05,0.002743,0.2483,0.2442
78483710,2023/2024,99,126,3e-06,0.001519,0.2664,0.2641
78483711,2023/2024,85,88,9e-06,0.002799,0.2677,0.2694
78483716,2023/2024,123,127,5.2e-05,0.005981,0.2782,0.2758
78483717,2023/2024,74,50,0.000122,0.010107,0.2753,0.2805
78483718,2023/2024,74,50,3.3e-05,0.005218,0.2691,0.2716
78483719,2023/2024,74,126,3e-06,0.001315,0.2589,0.2608
78483720,2023/2024,74,88,0.000318,0.016663,0.2642,0.2748
78483721,2023/2024,59,79,7.6e-05,0.006106,0.183,0.1815
78483722,2023/2024,59,113,1.4e-05,0.002934,0.2315,0.2359
78483723,2023/2024,59,11,0.000256,0.013233,0.2357,0.2319
78483724,2023/2024,59,113,0.000408,0.016359,0.2661,0.2673
78483725,2023/2024,59,113,0.000107,0.007786,0.2138,0.2169
78483726,2023/2024,98,88,0.001215,0.031203,0.2672,0.2814
78483727,2023/2024,122,89,0.000399,0.017623,0.2509,0.258
78483728,2023/2024,73,126,8e-05,0.007762,0.2252,0.2224
78483732,2023/2024,100,126,0.00031,0.015475,0.2703,0.2751
78483733,2023/2024,125,88,5e-06,0.001961,0.1834,0.1852
78483734,2023/2024,75,88,0.000122,0.009667,0.2518,0.255
78483753,2023/2024,74,12,5e-06,0.001921,0.2833,0.2856
79034384,2023/2024,104,126,3.7e-05,0.00553,0.2791,0.2817
79034385,2023/2024,90,125,0.000394,0.015964,0.2883,0.2877
79034387,2023/2024,128,126,3.4e-05,0.003844,0.1885,0.1875
79034388,2023/2024,103,126,0.000335,0.016969,0.2663,0.2549
79034389,2023/2024,62,113,6.7e-05,0.006702,0.2526,0.2543
79034390,2023/2024,77,126,0.000378,0.016326,0.2837,0.2811
79034392,2023/2024,127,126,0.00024,0.012542,0.2678,0.2674
79034395,2023/2024,102,12,4e-06,0.001761,0.2809,0.2814
79034396,2023/2024,102,88,0.000168,0.011641,0.2706,0.2754
79034397,2023/2024,88,125,1.4e-05,0.003507,0.274,0.2763
79034398,2023/2024,88,12,4.3e-05,0.005942,0.2801,0.2857
79034399,2023/2024,88,88,5e-05,0.005576,0.2813,0.2897
79034400,2023/2024,76,126,3.5e-05,0.00504,0.2528,0.2534
79034404,2023/2024,126,127,8e-06,0.002083,0.2776,0.2805
79034405,2023/2024,87,50,4e-05,0.005367,0.2367,0.2398
79034406,2023/2024,101,50,0.000146,0.010323,0.2812,0.2772
79034419,2023/2024,89,126,0.000301,0.015173,0.2607,0.255
79034420,2023/2024,61,11,8e-06,0.002492,0.2531,0.2546
79034430,2023/2024,129,13,4.6e-05,0.005617,0.2738,0.2751
79566591,2023/2024,130,51,1.1e-05,0.002597,0.2502,0.2474
79566592,2023/2024,78,88,2.1e-05,0.003997,0.2849,0.2837
79566593,2023/2024,106,126,0.000129,0.010532,0.2928,0.2862
79566624,2023/2024,105,50,0.000256,0.013487,0.2882,0.2908
80501659,2023/2024,132,14,6e-06,0.002195,0.2991,0.2976
80501660,2023/2024,107,51,0.000119,0.009524,0.2907,0.2938
80501661,2023/2024,63,12,6e-05,0.007064,0.2575,0.264
80501664,2023/2024,91,126,3e-05,0.004438,0.2789,0.2795
80798817,2023/2024,135,90,1.2e-05,0.002133,0.1316,0.1284
80798819,2023/2024,64,12,5e-06,0.001434,0.1638,0.1633
80798823,2023/2024,93,127,2.3e-05,0.00378,0.286,0.2859
80798836,2023/2024,136,128,1.7e-05,0.003496,0.2821,0.2776
80798837,2023/2024,81,127,6.7e-05,0.006134,0.2402,0.2438
80798838,2023/2024,110,13,3.3e-05,0.00529,0.2345,0.2395
80798846,2023/2024,65,80,1.5e-05,0.002706,0.1669,0.1658
80798847,2023/2024,80,51,1.2e-05,0.002868,0.2808,0.2765
80798848,2023/2024,109,89,7.9e-05,0.008212,0.2649,0.2564
80798852,2023/2024,92,126,0.000345,0.016963,0.233,0.2194
80798859,2023/2024,134,90,4e-06,0.001384,0.2392,0.2371
80798873,2023/2024,79,51,0.00076,0.022808,0.2699,0.2645
80798874,2023/2024,79,13,0.000716,0.022828,0.2357,0.2246
80798875,2023/2024,79,127,4.9e-05,0.005999,0.1858,0.1798
80798876,2023/2024,64,80,9.3e-05,0.008082,0.2681,0.2692
80798877,2023/2024,64,114,0.000133,0.008881,0.2472,0.2606
80798878,2023/2024,93,118,0.000624,0.014794,0.0875,0.0737
80798880,2023/2024,108,89,0.00051,0.020077,0.2788,0.2694
80798886,2023/2024,133,52,9e-06,0.002777,0.2367,0.2385
81259723,2023/2024,67,114,0.00011,0.009617,0.2069,0.2156
81259725,2023/2024,140,127,1e-05,0.002688,0.2613,0.2647
81259726,2023/2024,114,127,0.000132,0.009686,0.2674,0.2689
81259727,2023/2024,97,126,2.9e-05,0.004588,0.2809,0.2768
81259728,2023/2024,68,114,4.2e-05,0.005237,0.2669,0.2729
81259731,2023/2024,139,127,0.000451,0.018838,0.2337,0.2236
81259732,2023/2024,113,127,0.0,0.000256,0.2664,0.2661
81259735,2023/2024,83,127,2.8e-05,0.004498,0.1854,0.1823
81259736,2023/2024,96,89,9e-06,0.002705,0.2196,0.2222
81259744,2023/2024,138,52,0.000818,0.024889,0.2524,0.2605
81259746,2023/2024,66,114,0.000295,0.01489,0.2755,0.2717
81259750,2023/2024,112,127,5.3e-05,0.006762,0.2774,0.2705
81259751,2023/2024,112,89,0.001006,0.027035,0.2073,0.1879
81259752,2023/2024,95,89,0.000381,0.017122,0.2496,0.241
81259753,2023/2024,95,127,5.6e-05,0.006716,0.2177,0.2219
81259754,2023/2024,95,51,0.000145,0.008983,0.2618,0.2619
81259756,2023/2024,82,127,4.2e-05,0.005642,0.2705,0.2719
81259757,2023/2024,82,89,8e-06,0.001576,0.174,0.1733
81259758,2023/2024,82,127,0.000108,0.008552,0.2657,0.2662
81259759,2023/2024,82,51,1.1e-05,0.002715,0.229,0.2282
81259769,2023/2024,137,90,6.7e-05,0.006936,0.2906,0.2819
81259773,2023/2024,94,13,2.4e-05,0.004264,0.2119,0.2169
81259775,2023/2024,111,51,7e-06,0.001989,0.2907,0.2877
81727361,2023/2024,141,128,0.000199,0.012509,0.2659,0.2602
81727362,2023/2024,115,127,1.4e-05,0.003394,0.2911,0.2894
83382237,2023/2024,73,115,0.000531,0.018783,0.2733,0.2747
83382238,2023/2024,72,115,3.1e-05,0.00485,0.248,0.2521
83382239,2023/2024,71,115,1.6e-05,0.003265,0.2382,0.2431
83382240,2023/2024,70,13,0.000114,0.008888,0.26,0.2637
83382241,2023/2024,70,81,2.9e-05,0.00454,0.2708,0.2756
83382242,2023/2024,70,115,6.7e-05,0.007144,0.2606,0.2646
83382243,2023/2024,70,114,0.000271,0.013031,0.164,0.1553
83382244,2023/2024,70,114,0.000848,0.024059,0.2647,0.2672
83382245,2023/2024,69,81,0.000121,0.009115,0.2462,0.2449
83450120,2023/2024,149,53,2.8e-05,0.004798,0.2507,0.2558
83450121,2023/2024,123,128,6e-06,0.001914,0.2769,0.274
83450122,2023/2024,106,128,0.00019,0.012838,0.2732,0.2814
83450123,2023/2024,148,129,0.000163,0.010825,0.2967,0.2942
83450124,2023/2024,122,90,0.000396,0.017799,0.2681,0.2761
83450125,2023/2024,105,52,0.000228,0.012666,0.272,0.2696
83450127,2023/2024,121,52,4e-06,0.001666,0.2785,0.276
83450128,2023/2024,104,90,0.000313,0.014829,0.2689,0.2646
83450129,2023/2024,104,90,2.2e-05,0.004426,0.2633,0.2672
83450130,2023/2024,104,14,1.5e-05,0.003388,0.2936,0.2949
83450131,2023/2024,147,53,0.000101,0.00778,0.1458,0.1385
83450132,2023/2024,103,128,2e-05,0.003624,0.2757,0.2765
83450133,2023/2024,120,14,9.3e-05,0.008095,0.285,0.2837
83450134,2023/2024,102,128,6e-05,0.006519,0.1773,0.1821
83450135,2023/2024,146,91,4.5e-05,0.005408,0.289,0.2809
83450136,2023/2024,119,128,0.00047,0.018265,0.1895,0.1735
83450137,2023/2024,145,129,2.5e-05,0.004038,0.262,0.2677
83450138,2023/2024,118,128,0.000181,0.011017,0.2731,0.2722
83450139,2023/2024,101,128,0.00013,0.009587,0.2659,0.2645
83450140,2023/2024,144,129,9.1e-05,0.008324,0.264,0.2608
83450141,2023/2024,117,128,0.00037,0.016576,0.2865,0.2912
83450142,2023/2024,143,15,0.000279,0.014585,0.2999,0.2951
83450143,2023/2024,100,128,0.000147,0.010148,0.2514,0.2535
83450144,2023/2024,142,129,1.9e-05,0.003655,0.2979,0.2949
83450145,2023/2024,116,128,2.8e-05,0.004638,0.2788,0.2774
83450146,2023/2024,89,128,6.3e-05,0.005998,0.2254,0.2282
83450147,2023/2024,88,128,7e-06,0.002287,0.2679,0.2686
83450148,2023/2024,87,128,0.000613,0.021381,0.2706,0.2764
83450149,2023/2024,87,128,5e-06,0.001854,0.2432,0.2442
83450150,2023/2024,86,52,0.000106,0.009618,0.2729,0.2645
83450151,2023/2024,86,52,6.1e-05,0.005129,0.102,0.1082
83450152,2023/2024,86,52,1.5e-05,0.003373,0.2732,0.274
83450153,2023/2024,86,90,0.000148,0.010448,0.2571,0.2593
83450154,2023/2024,85,14,2.6e-05,0.004318,0.1883,0.1933
83450155,2023/2024,84,90,9e-06,0.002471,0.269,0.2653
83855525,2023/2024,150,91,9.5e-05,0.008958,0.2771,0.2724
83855526,2023/2024,125,90,0.000257,0.014154,0.2741,0.2687
83855528,2023/2024,124,52,0.000111,0.00957,0.2824,0.2871
84969967,2023/2024,90,129,5e-06,0.001444,0.2286,0.2271
84970504,2023/2024,91,91,9.5e-05,0.006984,0.2089,0.2099
84970510,2023/2024,91,53,0.000526,0.019347,0.2429,0.2369
84970512,2023/2024,91,53,4.5e-05,0.005103,0.2015,0.2092
84970516,2023/2024,91,53,3.5e-05,0.005493,0.2771,0.2739
84971007,2023/2024,92,129,0.0,0.000607,0.2619,0.2616
85359967,2023/2024,93,129,0.000198,0.012304,0.2699,0.2664
85359968,2023/2024,93,91,4.4e-05,0.005677,0.2703,0.2722
85359969,2023/2024,93,15,0.000193,0.011356,0.1595,0.1717
85360261,2023/2024,94,129,1e-05,0.002563,0.2532,0.257
85402270,2023/2024,76,116,2.6e-05,0.004242,0.1831,0.1882
85402271,2023/2024,75,14,1.4e-05,0.003069,0.2644,0.269
85402272,2023/2024,75,116,7.4e-05,0.007063,0.2485,0.259
85402273,2023/2024,75,82,0.000301,0.014961,0.2718,0.2684
85402274,2023/2024,75,14,0.000746,0.023588,0.2622,0.2542
85402275,2023/2024,74,82,0.000106,0.009441,0.2455,0.2545
85402278,2023/2024,79,115,0.000181,0.01059,0.1642,0.1688
85402295,2023/2024,78,116,0.000134,0.010379,0.1953,0.2048
85402299,2023/2024,77,116,1.8e-05,0.003143,0.2569,0.2603
85459650,2023/2024,113,129,1.4e-05,0.003249,0.2686,0.2702
85459651,2023/2024,158,16,4.6e-05,0.004957,0.2667,0.2685
85459652,2023/2024,155,130,2e-05,0.003426,0.2679,0.2657
85459653,2023/2024,129,91,5.1e-05,0.006704,0.2681,0.2621
85459654,2023/2024,128,91,0.000371,0.016682,0.1956,0.1814
85459655,2023/2024,110,129,2.2e-05,0.003734,0.2825,0.2825
85459656,2023/2024,109,129,1.5e-05,0.003299,0.2441,0.2426
85459657,2023/2024,154,129,0.000225,0.013965,0.2672,0.2536
85459658,2023/2024,108,15,2e-06,0.001266,0.2923,0.293
85459659,2023/2024,153,129,1e-06,0.000924,0.2694,0.269
85459660,2023/2024,159,130,3.5e-05,0.004499,0.1527,0.1494
85459661,2023/2024,133,129,3.5e-05,0.005125,0.2708,0.2772
85459662,2023/2024,132,129,0.000204,0.011801,0.2956,0.294
85459663,2023/2024,112,91,7e-05,0.007367,0.2437,0.2478
85459664,2023/2024,157,130,1e-06,0.0006,0.2703,0.2695
85459665,2023/2024,131,129,1e-05,0.002662,0.2758,0.2718
85459666,2023/2024,131,129,0.000852,0.025317,0.2113,0.192
85459667,2023/2024,111,91,0.000172,0.011178,0.2863,0.2899
85459668,2023/2024,111,129,4.1e-05,0.00582,0.2794,0.2823
85459669,2023/2024,111,53,2.8e-05,0.004256,0.2809,0.2807
85459670,2023/2024,156,54,0.000674,0.021394,0.2807,0.2787
85459671,2023/2024,130,53,5.3e-05,0.006837,0.2585,0.2641
85459672,2023/2024,127,15,6.2e-05,0.007178,0.2772,0.2739
85459673,2023/2024,152,92,6.9e-05,0.006774,0.2663,0.2568
85459674,2023/2024,107,129,0.00012,0.009823,0.2139,0.2071
85459675,2023/2024,151,92,0.000128,0.009895,0.2885,0.2822
85459676,2023/2024,126,91,0.000373,0.015374,0.2911,0.2928
85823939,2023/2024,134,91,0.00026,0.013527,0.1879,0.1771
86067470,2023/2024,160,54,0.000118,0.008678,0.2355,0.2372
86506310,2023/2024,99,130,1.5e-05,0.002824,0.1974,0.1967
86506312,2023/2024,98,130,1.2e-05,0.002981,0.271,0.2719
86506313,2023/2024,98,92,0.000181,0.011839,0.2646,0.268
86506314,2023/2024,98,130,1.8e-05,0.003325,0.2273,0.2224
86506316,2023/2024,96,92,1e-05,0.002957,0.2417,0.2443
86506317,2023/2024,96,130,9e-06,0.002376,0.1701,0.1673
86506318,2023/2024,96,54,4.4e-05,0.004741,0.181,0.179
86506320,2023/2024,95,54,2e-06,0.001193,0.2434,0.2447
86506322,2023/2024,97,92,9e-06,0.002524,0.2683,0.2688
86853538,2023/2024,100,131,1.8e-05,0.003418,0.2693,0.2641
87198544,2023/2024,104,131,0.000102,0.008455,0.2508,0.2486
87198545,2023/2024,103,131,2e-06,0.001051,0.2419,0.2414
87198546,2023/2024,103,54,0.00024,0.013221,0.2699,0.2674
87198547,2023/2024,103,16,0.000121,0.009915,0.2173,0.2277
87198548,2023/2024,103,93,2e-05,0.004094,0.25,0.2523
87198549,2023/2024,102,131,6.5e-05,0.00664,0.2705,0.2781
87198550,2023/2024,101,55,0.000286,0.011152,0.1146,0.1042
87198551,2023/2024,83,15,9.2e-05,0.008651,0.2683,0.2767
87198552,2023/2024,83,117,6.6e-05,0.005739,0.196,0.1948
87198553,2023/2024,83,116,5e-06,0.001412,0.158,0.1601
87198554,2023/2024,83,117,7.1e-05,0.00675,0.2421,0.2458
87198555,2023/2024,83,83,2.2e-05,0.002784,0.1607,0.1609
87198556,2023/2024,82,116,0.000366,0.015304,0.2624,0.2601
87198557,2023/2024,162,93,1.3e-05,0.00258,0.2771,0.2732
87198558,2023/2024,162,130,4e-05,0.005837,0.2414,0.2372
87198559,2023/2024,81,15,0.000589,0.020489,0.2334,0.2273
87198560,2023/2024,81,117,0.000157,0.010717,0.2276,0.2237
87198561,2023/2024,161,93,0.000169,0.011322,0.2879,0.2841
87198562,2023/2024,80,83,0.000117,0.009103,0.1963,0.191
87198564,2023/2024,105,131,1.7e-05,0.003351,0.2789,0.2791
87247092,2023/2024,136,54,1.5e-05,0.003522,0.2766,0.2783
87247093,2023/2024,114,92,4.2e-05,0.005001,0.1421,0.1474
87247094,2023/2024,135,92,0.000101,0.008446,0.272,0.2695
87247095,2023/2024,114,130,7.8e-05,0.008129,0.2926,0.2879
87247096,2023/2024,163,55,1.6e-05,0.002824,0.142,0.1382
87247097,2023/2024,140,130,4.1e-05,0.005297,0.2838,0.2844
87247098,2023/2024,139,54,0.00019,0.011373,0.1821,0.1731
87247099,2023/2024,139,92,3.5e-05,0.004595,0.2858,0.279
87247100,2023/2024,138,130,3.5e-05,0.004726,0.2901,0.283
87247101,2023/2024,138,130,4.1e-05,0.005733,0.2833,0.2808
87247102,2023/2024,137,16,0.000499,0.020393,0.2682,0.2787
87247103,2023/2024,136,92,0.001021,0.029078,0.2274,0.2457
87247104,2023/2024,135,92,0.000229,0.013623,0.2828,0.2892
87247105,2023/2024,166,93,0.000148,0.00968,0.2283,0.2317
87247106,2023/2024,166,93,4.2e-05,0.005538,0.3028,0.296
87247107,2023/2024,165,131,1.7e-05,0.003162,0.267,0.2665
87247108,2023/2024,165,55,9.1e-05,0.008667,0.2782,0.2846
87247109,2023/2024,164,131,1.1e-05,0.003046,0.2756,0.2781
87247110,2023/2024,164,17,2.9e-05,0.004594,0.2437,0.2415
87247111,2023/2024,114,130,0.000135,0.010287,0.2421,0.2361
87247112,2023/2024,114,130,0.000504,0.019761,0.2698,0.2759
87247113,2023/2024,114,16,4.4e-05,0.006097,0.2788,0.282
87247114,2023/2024,114,130,2.2e-05,0.004064,0.2944,0.2907
87247115,2023/2024,114,130,0.000255,0.013141,0.2703,0.2683
87247116,2023/2024,114,54,2.7e-05,0.004502,0.2655,0.2641
87505929,2023/2024,150,91,1.3e-05,0.00265,0.2498,0.2472
87546521,2023/2024,114,92,1.9e-05,0.004061,0.2817,0.2853
88204418,2023/2024,156,100,0.00033,0.012508,0.1163,0.1051
88697568,2023/2024,113,132,0.000165,0.010694,0.1826,0.1746
88697569,2023/2024,112,132,1.2e-05,0.00316,0.2488,0.2509
88697570,2023/2024,111,131,0.000199,0.012548,0.2445,0.2504
88697571,2023/2024,110,132,1.3e-05,0.002892,0.2616,0.2635
88697572,2023/2024,110,93,0.000374,0.016864,0.264,0.2582
88697573,2023/2024,109,132,0.000348,0.017425,0.2598,0.2705
88697574,2023/2024,108,94,0.000138,0.00952,0.1749,0.1817
88697576,2023/2024,107,17,0.000364,0.017589,0.2825,0.2942
88697577,2023/2024,107,55,2.5e-05,0.004025,0.2593,0.2594
88697578,2023/2024,106,56,4.5e-05,0.004923,0.2048,0.2035
88969409,2023/2024,146,131,1e-06,0.000731,0.2789,0.278
88969410,2023/2024,145,131,6.2e-05,0.006737,0.2312,0.2336
88969411,2023/2024,145,93,0.000232,0.014045,0.2619,0.2533
88969412,2023/2024,144,131,3e-06,0.001518,0.2928,0.2939
88969413,2023/2024,144,93,0.000479,0.019871,0.2738,0.2644
88969414,2023/2024,143,55,0.000272,0.015063,0.2359,0.2255
88969415,2023/2024,142,17,4.3e-05,0.005138,0.2552,0.2543
88969416,2023/2024,142,93,0.000154,0.010855,0.2336,0.2401
88969417,2023/2024,141,55,0.000326,0.015304,0.2279,0.2202
88969418,2023/2024,141,131,0.000603,0.021927,0.2716,0.2605
89117066,2023/2024,170,132,0.00039,0.016953,0.2807,0.2758
89117068,2023/2024,169,94,0.000187,0.009949,0.2552,0.2559
89117069,2023/2024,168,94,9.5e-05,0.007772,0.2785,0.2752
89260692,2023/2024,173,56,5.3e-05,0.005676,0.257,0.2655
89260694,2023/2024,172,94,6e-06,0.001589,0.1803,0.1779
89260695,2023/2024,172,132,0.000106,0.009392,0.2955,0.2894
89260699,2023/2024,171,94,0.000189,0.010824,0.293,0.2932
89404832,2023/2024,176,18,2e-06,0.001157,0.2491,0.2506
89404835,2023/2024,175,132,6e-05,0.006457,0.2734,0.2668
89404836,2023/2024,174,56,1.2e-05,0.002575,0.2503,0.2464
89587259,2023/2024,114,18,8.1e-05,0.008322,0.2546,0.2628
89587322,2023/2024,115,95,1.2e-05,0.002828,0.1806,0.1785
89587323,2023/2024,115,94,6e-06,0.002066,0.2822,0.282
89587324,2023/2024,115,57,0.000509,0.011779,0.07,0.0573
89587325,2023/2024,115,133,1.4e-05,0.003283,0.2802,0.2787
89587614,2023/2024,116,57,0.000385,0.017651,0.2732,0.2805
89744205,2023/2024,117,95,0.000168,0.011381,0.2224,0.2157
89744206,2023/2024,117,56,0.000123,0.00991,0.2315,0.2274
89755839,2023/2024,155,132,0.00012,0.009842,0.2791,0.275
89755840,2023/2024,154,94,0.00072,0.02431,0.2381,0.254
89755842,2023/2024,153,132,3.5e-05,0.004811,0.2877,0.2873
89755843,2023/2024,153,132,1e-06,0.001068,0.2939,0.2931
89755844,2023/2024,152,94,0.000732,0.024688,0.2537,0.2669
89755846,2023/2024,151,132,8.1e-05,0.007978,0.2628,0.2656
89755847,2023/2024,150,56,7.8e-05,0.008062,0.2804,0.2721
89755848,2023/2024,149,18,0.000348,0.015281,0.2779,0.2802
89755849,2023/2024,148,132,0.000183,0.010455,0.1591,0.1505
89755850,2023/2024,147,94,6e-06,0.002281,0.287,0.285
89755851,2023/2024,119,133,4e-06,0.001633,0.2517,0.2526
89755852,2023/2024,118,133,6e-06,0.002222,0.1954,0.1973
90150696,2023/2024,115,131,9.3e-05,0.00736,0.2593,0.2566
90150697,2023/2024,177,95,2.9e-05,0.004656,0.2749,0.2691
90150699,2023/2024,84,117,3.2e-05,0.00337,0.0931,0.0909
90229724,2023/2024,85,118,0.000459,0.018119,0.2693,0.2651
90229731,2023/2024,117,131,0.000221,0.012274,0.2853,0.284
90229735,2023/2024,181,95,2.8e-05,0.003707,0.2398,0.2373
90229746,2023/2024,86,16,2.6e-05,0.004005,0.2337,0.2397
90229749,2023/2024,180,133,0.000129,0.010277,0.2696,0.2647
90229750,2023/2024,122,133,9.1e-05,0.008802,0.212,0.2185
90229752,2023/2024,116,131,1e-06,0.000869,0.2387,0.2374
90229755,2023/2024,179,95,7.5e-05,0.007873,0.2975,0.2907
90229767,2023/2024,85,118,7.2e-05,0.004821,0.1749,0.1784
90229768,2023/2024,85,16,0.000969,0.026063,0.2767,0.282
90229769,2023/2024,85,117,0.000322,0.015841,0.2615,0.255
90229770,2023/2024,85,118,8e-06,0.002331,0.19,0.1889
90229779,2023/2024,178,19,0.00027,0.013168,0.279,0.2808
90229780,2023/2024,121,96,8e-06,0.002447,0.2512,0.252
90352271,2023/2024,124,134,0.000658,0.022916,0.2555,0.2636
90352273,2023/2024,158,57,0.000179,0.012299,0.2276,0.2391
90352274,2023/2024,157,95,0.00026,0.014514,0.2852,0.2785
90352285,2023/2024,156,95,5.8e-05,0.006758,0.305,0.3007
90352290,2023/2024,162,133,0.00017,0.011651,0.2673,0.2717
90352291,2023/2024,121,131,0.000168,0.012028,0.2686,0.2761
90352296,2023/2024,161,133,0.000619,0.022525,0.2555,0.2414
90352297,2023/2024,88,118,0.000244,0.012167,0.2279,0.2303
90352298,2023/2024,120,17,0.00018,0.011387,0.2859,0.2836
90352304,2023/2024,183,133,5.9e-05,0.006789,0.306,0.3034
90352305,2023/2024,87,84,8.8e-05,0.00769,0.2566,0.2554
90352308,2023/2024,156,95,0.000432,0.017099,0.1803,0.1665
90352309,2023/2024,160,95,0.000144,0.010132,0.2914,0.2881
90352310,2023/2024,119,131,2.3e-05,0.003611,0.2588,0.26
90352311,2023/2024,119,55,7.8e-05,0.007608,0.2887,0.2868
90352312,2023/2024,119,93,1.3e-05,0.002673,0.2722,0.2756
90352313,2023/2024,123,134,6.3e-05,0.007259,0.2656,0.269
90352317,2023/2024,182,57,0.000895,0.027412,0.2258,0.2422
90352318,2023/2024,118,131,8e-06,0.00185,0.2189,0.2182
90352320,2023/2024,159,57,9e-06,0.002855,0.2677,0.2657
90450275,2023/2024,163,19,0.000204,0.012859,0.2252,0.2164
90450277,2023/2024,120,19,0.000826,0.02445,0.2709,0.2766
90559695,2023/2024,164,133,3e-06,0.001076,0.2275,0.2259
92627898,2023/2024,104,121,0.000699,0.023462,0.278,0.2685
92990950,2023/2024,184,96,0.000284,0.015534,0.2857,0.2766
94360868,2023/2024,90,119,3.2e-05,0.005259,0.2478,0.2508
94360869,2023/2024,125,134,0.000272,0.014092,0.1937,0.1827
94360874,2023/2024,188,134,2.3e-05,0.004083,0.2886,0.287
94360880,2023/2024,187,134,7e-05,0.007755,0.2816,0.2741
94360881,2023/2024,126,58,0.000324,0.014188,0.2615,0.2605
94360887,2023/2024,193,96,0.000549,0.0216,0.2465,0.2593
94360889,2023/2024,89,17,3.4e-05,0.004498,0.2583,0.265
94360890,2023/2024,89,17,4.1e-05,0.005357,0.2672,0.2752
94360891,2023/2024,89,85,6.5e-05,0.006589,0.2506,0.25
94360892,2023/2024,89,119,0.000352,0.017676,0.2538,0.267
94360893,2023/2024,89,119,4.1e-05,0.005148,0.2513,0.2541
94360897,2023/2024,185,20,0.000496,0.018136,0.2914,0.2884
94638448,2023/2024,192,58,3.5e-05,0.005557,0.2435,0.2482
94638450,2023/2024,191,133,8.4e-05,0.008608,0.2711,0.2644
94638453,2023/2024,92,119,5.7e-05,0.006153,0.2452,0.2544
94638454,2023/2024,128,57,5e-06,0.001862,0.2135,0.2112
94638458,2023/2024,190,58,9e-06,0.001809,0.1258,0.1231
94638462,2023/2024,91,85,0.000153,0.006691,0.07,0.0636
94638464,2023/2024,127,58,0.00034,0.017375,0.2634,0.2775
94638468,2023/2024,189,133,0.000164,0.011418,0.2952,0.2868
94678160,2023/2024,170,58,0.000469,0.019107,0.2776,0.2851
94678161,2023/2024,169,96,0.000231,0.013055,0.287,0.2904
94678162,2023/2024,168,58,0.000486,0.018499,0.2909,0.2944
94678163,2023/2024,167,20,1.7e-05,0.003728,0.2781,0.2748
94678164,2023/2024,166,134,0.000172,0.01168,0.2646,0.2688
94678165,2023/2024,165,134,0.00025,0.014677,0.2498,0.2385
94907114,2023/2024,186,96,1.5e-05,0.003315,0.2762,0.2769
94907115,2023/2024,129,134,6e-06,0.002068,0.2295,0.2269
95530892,2023/2024,122,132,0.000277,0.014334,0.2756,0.2789
95697293,2023/2024,124,132,0.000289,0.014366,0.272,0.2693
95697296,2023/2024,123,94,0.000147,0.010302,0.2393,0.2447
96032296,2023/2024,96,120,1e-05,0.002041,0.1342,0.1372
96032297,2023/2024,94,119,4.2e-05,0.005544,0.2708,0.2722
96032299,2023/2024,128,132,0.000253,0.014814,0.2301,0.2407
96032302,2023/2024,98,86,0.000475,0.019153,0.2071,0.1956
96032303,2023/2024,127,56,2.6e-05,0.004044,0.2861,0.2859
96032304,2023/2024,97,18,0.000597,0.020335,0.2707,0.2673
96032305,2023/2024,126,132,3e-05,0.004299,0.2624,0.2602
96032306,2023/2024,126,94,1.1e-05,0.002901,0.281,0.2821
96032307,2023/2024,126,18,1.6e-05,0.002905,0.2698,0.2742
96032309,2023/2024,125,132,9.4e-05,0.009153,0.2578,0.2649
96348848,2023/2024,95,120,1e-06,0.000772,0.2463,0.2451
96348849,2023/2024,95,120,2e-05,0.002032,0.1194,0.1198
96348850,2023/2024,95,86,9e-06,0.002551,0.2734,0.274
96348851,2023/2024,95,18,0.000679,0.021033,0.2482,0.2497
96348852,2023/2024,95,120,9.5e-05,0.007952,0.2626,0.261
96387280,2023/2024,176,59,1.5e-05,0.003407,0.2744,0.2756
96387281,2023/2024,201,134,0.000153,0.011421,0.2792,0.2717
96387282,2023/2024,197,134,7.2e-05,0.007017,0.1658,0.1594
96387283,2023/2024,171,97,0.000211,0.012132,0.3005,0.2973
96387284,2023/2024,175,59,4.1e-05,0.005933,0.2963,0.2908
96387285,2023/2024,198,97,2.3e-05,0.00405,0.2958,0.2897
96387286,2023/2024,173,97,3.9e-05,0.005395,0.1972,0.1916
96387287,2023/2024,172,134,0.000399,0.018399,0.2341,0.2203
96387288,2023/2024,195,96,9.9e-05,0.007329,0.2641,0.2645
96387289,2023/2024,178,134,0.000308,0.016171,0.2629,0.2717
96387290,2023/2024,174,134,0.000357,0.016673,0.2592,0.2653
96387291,2023/2024,177,134,9e-05,0.007647,0.2902,0.2898
96387292,2023/2024,176,21,0.00021,0.013389,0.28,0.2726
96545570,2023/2024,203,97,7.6e-05,0.00649,0.2523,0.2496
96545571,2023/2024,179,97,0.000262,0.013969,0.2556,0.261
96545572,2023/2024,200,135,0.000319,0.016607,0.2558,0.2417
96545573,2023/2024,196,21,6.4e-05,0.007404,0.2391,0.2461
96545574,2023/2024,202,134,8.2e-05,0.006753,0.2551,0.2555
96545575,2023/2024,199,59,2.9e-05,0.004977,0.2693,0.2737
96545576,2023/2024,194,59,0.000131,0.009855,0.2844,0.2816
96545577,2023/2024,133,135,2.6e-05,0.004046,0.2235,0.2296
96545578,2023/2024,132,59,8e-05,0.008274,0.2409,0.2341
96545580,2023/2024,131,20,4e-06,0.00155,0.2405,0.2415
96545581,2023/2024,131,97,2.8e-05,0.00409,0.2725,0.2787
96545582,2023/2024,130,59,5e-06,0.001892,0.2002,0.2013
96735889,2023/2024,135,135,0.000258,0.012856,0.1608,0.1507
96735891,2023/2024,134,97,0.000187,0.008547,0.0952,0.0859
96735892,2023/2024,134,96,7.8e-05,0.006987,0.2283,0.2271
96910291,2023/2024,137,135,0.000147,0.010088,0.2823,0.2846
96910292,2023/2024,136,58,1.9e-05,0.003968,0.263,0.2661
97226251,2023/2024,204,135,2.9e-05,0.002893,0.1991,0.1948
97226252,2023/2024,205,97,3e-06,0.001428,0.2397,0.2416
97226253,2023/2024,206,135,4.9e-05,0.006543,0.2495,0.244
97569935,2023/2024,103,120,0.000415,0.016454,0.175,0.1634
97569937,2023/2024,102,121,1.4e-05,0.003127,0.2632,0.2679
97569942,2023/2024,101,121,0.000189,0.012579,0.2842,0.2923
97569943,2023/2024,99,19,7.3e-05,0.006801,0.2357,0.2459
97911321,2023/2024,188,98,5.9e-05,0.007064,0.2469,0.2396
97911322,2023/2024,215,136,3.8e-05,0.004604,0.2212,0.2204
97911323,2023/2024,187,135,0.000329,0.015188,0.2503,0.2454
97911324,2023/2024,135,133,0.0003,0.014688,0.2738,0.2767
97911326,2023/2024,214,136,5.9e-05,0.006212,0.2727,0.2703
97911327,2023/2024,186,135,0.000971,0.027194,0.2675,0.2568
97911328,2023/2024,142,136,4.4e-05,0.005372,0.2449,0.2388
97911329,2023/2024,134,133,8e-06,0.002611,0.2897,0.288
97911331,2023/2024,209,22,0.000363,0.016734,0.2885,0.2946
97911333,2023/2024,185,135,0.000177,0.012232,0.2369,0.2263
97911334,2023/2024,133,95,2.6e-05,0.004339,0.2825,0.2814
97911335,2023/2024,133,57,4.5e-05,0.005063,0.2694,0.2693
97911336,2023/2024,133,95,1.2e-05,0.002565,0.2244,0.2253
97911337,2023/2024,141,136,0.000376,0.01519,0.26,0.2618
97911338,2023/2024,141,136,7e-06,0.002256,0.2629,0.2651
97911339,2023/2024,141,59,7.6e-05,0.007388,0.2416,0.2392
97911340,2023/2024,212,136,2e-06,0.001178,0.2652,0.2638
97911341,2023/2024,132,19,4.8e-05,0.005545,0.243,0.242
97911342,2023/2024,184,98,7e-06,0.00239,0.2613,0.2587
97911343,2023/2024,131,133,5.2e-05,0.006633,0.2759,0.2795
97911344,2023/2024,211,60,1.6e-05,0.003312,0.2718,0.2768
97911345,2023/2024,183,135,9.6e-05,0.009164,0.2542,0.2462
97911346,2023/2024,210,98,0.000187,0.010114,0.2417,0.2425
97911347,2023/2024,140,60,1.7e-05,0.003044,0.2061,0.2051
97911348,2023/2024,182,22,0.000377,0.017746,0.2505,0.2591
97911349,2023/2024,130,133,0.000185,0.010426,0.2381,0.2362
97911350,2023/2024,213,136,6.1e-05,0.006614,0.2867,0.2826
97911351,2023/2024,139,21,0.000277,0.012609,0.2255,0.2266
97911352,2023/2024,139,98,4e-06,0.001619,0.2696,0.272
97911353,2023/2024,139,136,9e-06,0.002522,0.2353,0.2319
97911354,2023/2024,100,19,0.000257,0.012326,0.1602,0.1517
97911355,2023/2024,100,87,9.6e-05,0.007872,0.2532,0.2552
97911356,2023/2024,100,87,0.000144,0.010162,0.2817,0.2795
97911357,2023/2024,100,121,0.000354,0.016218,0.2628,0.2593
97911358,2023/2024,100,121,0.000205,0.008216,0.0885,0.0825
97911359,2023/2024,181,60,0.000431,0.016913,0.2806,0.2782
97911360,2023/2024,181,98,0.000107,0.009108,0.2976,0.294
97911361,2023/2024,208,60,3.1e-05,0.00453,0.2642,0.2574
97911362,2023/2024,138,136,0.000385,0.017763,0.2523,0.2594
97911363,2023/2024,129,133,5.4e-05,0.005544,0.2625,0.2624
97911364,2023/2024,207,98,0.000123,0.010142,0.2405,0.2317
97911365,2023/2024,180,60,0.000121,0.008874,0.2816,0.2824
97911366,2023/2024,216,98,0.000375,0.017477,0.2919,0.2839
97911367,2023/2024,143,97,0.000137,0.009877,0.1931,0.1988
99654835,2023/2024,226,61,0.000109,0.007869,0.2521,0.2506
99654836,2023/2024,197,137,1.1e-05,0.002044,0.2402,0.2375
99654837,2023/2024,225,99,6e-06,0.000989,0.1419,0.1404
99654838,2023/2024,196,136,0.000131,0.009813,0.2681,0.2702
99654839,2023/2024,142,134,3.5e-05,0.004893,0.2821,0.2828
99654841,2023/2024,224,137,0.000265,0.014756,0.2638,0.27
99654842,2023/2024,195,99,6.3e-05,0.00629,0.2718,0.2706
99654843,2023/2024,109,122,8.6e-05,0.008055,0.2449,0.2425
99654844,2023/2024,141,134,0.000302,0.014232,0.2795,0.2783
99654845,2023/2024,223,99,4.9e-05,0.006084,0.3013,0.2957
99654846,2023/2024,108,122,0.000117,0.009507,0.1998,0.1905
99654847,2023/2024,194,61,7e-06,0.002197,0.2882,0.2885
99654848,2023/2024,194,61,5.2e-05,0.006393,0.2517,0.2441
99654849,2023/2024,140,96,0.000226,0.011758,0.2478,0.2453
99654850,2023/2024,140,134,1.4e-05,0.003057,0.2663,0.2673
99654851,2023/2024,140,58,2e-06,0.001278,0.2839,0.282
99654853,2023/2024,222,137,4e-06,0.001593,0.2859,0.2838
99654854,2023/2024,139,20,2.7e-05,0.004776,0.2791,0.2816
99654855,2023/2024,193,23,0.000486,0.01985,0.2403,0.2282
99654857,2023/2024,138,134,0.000303,0.015523,0.2558,0.2614
99654858,2023/2024,221,23,6.2e-05,0.006202,0.3013,0.3011
99654859,2023/2024,192,136,0.000147,0.010334,0.2872,0.2896
99654860,2023/2024,107,122,0.000122,0.009344,0.2446,0.2457
99654861,2023/2024,220,61,6.6e-05,0.007488,0.2187,0.2255
99654862,2023/2024,191,136,0.00011,0.009839,0.2645,0.2711
99654863,2023/2024,137,134,0.000152,0.011284,0.2664,0.2601
99654864,2023/2024,219,137,9.5e-05,0.007373,0.2738,0.2712
99654865,2023/2024,106,122,2.9e-05,0.003902,0.2199,0.2215
99654866,2023/2024,106,20,0.000171,0.011235,0.2744,0.2813
99654867,2023/2024,106,20,0.000385,0.015195,0.2484,0.2483
99654868,2023/2024,106,88,1e-06,0.00086,0.2595,0.2595
99654869,2023/2024,106,122,0.000375,0.016631,0.2789,0.2845
99654870,2023/2024,190,99,0.000817,0.023956,0.2865,0.2909
99654871,2023/2024,218,99,0.00036,0.016561,0.2815,0.2768
99654873,2023/2024,136,96,0.000251,0.013508,0.2231,0.2308
99654874,2023/2024,217,137,3.6e-05,0.005432,0.2976,0.2916
99654875,2023/2024,189,99,0.000522,0.01943,0.2917,0.2874
99654876,2023/2024,105,122,0.000483,0.01919,0.2193,0.2091
100477631,2023/2024,146,61,0.000272,0.015185,0.2599,0.2675
100477632,2023/2024,145,99,3.3e-05,0.003545,0.0909,0.0869
100477633,2023/2024,144,136,1.1e-05,0.002454,0.1421,0.1391
100477634,2023/2024,149,137,1.1e-05,0.00282,0.2762,0.2758
100477635,2023/2024,145,137,9e-06,0.002492,0.2372,0.236
100477636,2023/2024,148,137,0.000143,0.009845,0.234,0.2313
100477637,2023/2024,147,137,6.5e-05,0.005824,0.2133,0.2126
100477638,2023/2024,145,98,3.4e-05,0.004639,0.2648,0.2651
100477639,2023/2024,145,22,4e-06,0.001589,0.2298,0.2274
100477640,2023/2024,145,60,3e-06,0.001569,0.2698,0.2683
101118597,2023/2024,154,23,2.7e-05,0.004772,0.2609,0.265
101118599,2023/2024,153,62,2e-06,0.000805,0.2271,0.2283
101118602,2023/2024,152,137,0.000515,0.017289,0.1449,0.1301
101118607,2023/2024,151,138,2.5e-05,0.004014,0.2186,0.2196
101118608,2023/2024,151,62,0.000312,0.0145,0.2763,0.2786
101118609,2023/2024,151,61,0.000187,0.012377,0.2469,0.2518
101118610,2023/2024,151,100,3.7e-05,0.005468,0.2512,0.2489
101118611,2023/2024,151,100,5e-06,0.001061,0.1402,0.1406
101118613,2023/2024,150,99,1.8e-05,0.003512,0.1733,0.1757
101515916,2023/2024,207,62,0.00023,0.014186,0.2585,0.268
101515917,2023/2024,149,135,1.2e-05,0.003159,0.2761,0.2731
101515918,2023/2024,206,24,9.8e-05,0.008576,0.265,0.2673
101515919,2023/2024,114,89,4.8e-05,0.006078,0.1996,0.2061
101515920,2023/2024,148,135,1.6e-05,0.003654,0.2839,0.2821
101515921,2023/2024,113,123,0.000128,0.009646,0.2763,0.2845
101515922,2023/2024,205,100,8e-05,0.008238,0.2645,0.256
101515923,2023/2024,205,100,2.4e-05,0.00401,0.2829,0.282
101515924,2023/2024,147,97,3.2e-05,0.004396,0.2637,0.2664
101515925,2023/2024,147,59,3e-06,0.001449,0.2355,0.2334
101515926,2023/2024,147,97,0.000224,0.011888,0.2241,0.2193
101515927,2023/2024,146,135,4.6e-05,0.006268,0.2411,0.2362
101515928,2023/2024,204,137,4.9e-05,0.005821,0.2869,0.286
101515929,2023/2024,145,135,0.000244,0.014457,0.2282,0.2405
101515930,2023/2024,203,137,0.000184,0.011575,0.1928,0.1842
101515931,2023/2024,112,123,0.00013,0.007833,0.1612,0.1584
101515932,2023/2024,202,138,8.1e-05,0.00829,0.2758,0.2808
101515933,2023/2024,144,21,7e-06,0.002149,0.2333,0.2343
101515934,2023/2024,111,21,0.000163,0.010247,0.2004,0.196
101515935,2023/2024,111,21,0.000277,0.01252,0.1897,0.1842
101515936,2023/2024,111,123,0.000374,0.016199,0.2517,0.2484
101515937,2023/2024,111,123,0.000265,0.014542,0.2671,0.261
101515938,2023/2024,111,123,7.4e-05,0.007982,0.2489,0.2532
101515939,2023/2024,201,100,0.000104,0.009442,0.2462,0.2374
101515940,2023/2024,200,100,0.000136,0.008188,0.1223,0.1143
101515941,2023/2024,143,135,8.8e-05,0.008339,0.2873,0.2905
101515942,2023/2024,110,89,3.1e-05,0.004785,0.2855,0.2892
101515943,2023/2024,199,62,6.7e-05,0.006461,0.2826,0.281
101515944,2023/2024,198,137,1.2e-05,0.002925,0.2784,0.274
101515948,2023/2024,155,138,0.000303,0.015508,0.273,0.2671
101750691,2023/2024,236,62,8.9e-05,0.007367,0.2643,0.266
101750693,2023/2024,235,100,3.6e-05,0.004054,0.2727,0.2669
101750694,2023/2024,234,100,8e-06,0.002575,0.3062,0.3039
101750695,2023/2024,233,62,2.2e-05,0.003921,0.2774,0.2716
101750696,2023/2024,232,100,0.000155,0.009867,0.2286,0.232
101750697,2023/2024,230,138,0.000134,0.009081,0.2504,0.2516
101750698,2023/2024,229,138,1.4e-05,0.003132,0.2806,0.2759
101750699,2023/2024,228,24,9.9e-05,0.007507,0.2592,0.2609
101750700,2023/2024,227,138,1.2e-05,0.00299,0.275,0.2727
101750712,2023/2024,231,138,3.1e-05,0.004734,0.2919,0.2907
102977692,2023/2024,160,139,0.00051,0.018807,0.1805,0.168
102977693,2023/2024,159,62,3.2e-05,0.004855,0.1806,0.1759
102977694,2023/2024,158,101,0.000116,0.008576,0.247,0.2464
102977695,2023/2024,158,101,1.1e-05,0.003112,0.2517,0.2537
102977696,2023/2024,158,139,6.4e-05,0.007416,0.2328,0.2387
102977697,2023/2024,158,63,7.8e-05,0.007874,0.2154,0.2103
102977703,2023/2024,161,63,0.000293,0.014954,0.2039,0.1921
102977706,2023/2024,157,24,0.000153,0.008757,0.1175,0.1098
103372503,2023/2024,245,63,6.7e-05,0.007324,0.2555,0.2588
103372504,2023/2024,162,101,6.7e-05,0.006811,0.2613,0.2716
103372505,2023/2024,218,139,0.00038,0.015504,0.2806,0.2819
103372506,2023/2024,217,139,0.000163,0.011291,0.2844,0.2802
103372507,2023/2024,244,139,2.7e-05,0.004184,0.1665,0.1628
103372508,2023/2024,216,138,0.000805,0.024015,0.2502,0.2476
103372509,2023/2024,156,136,0.000318,0.015927,0.2437,0.251
103372510,2023/2024,120,124,1.7e-05,0.003447,0.2714,0.272
103372511,2023/2024,243,25,3.4e-05,0.004955,0.2994,0.2974
103372512,2023/2024,215,63,0.000189,0.011854,0.1883,0.1977
103372513,2023/2024,119,124,0.000171,0.010482,0.206,0.2023
103372514,2023/2024,155,136,2.6e-05,0.003831,0.2336,0.2365
103372515,2023/2024,242,139,0.000137,0.010593,0.2927,0.2874
103372516,2023/2024,118,124,5e-05,0.006545,0.2725,0.2761
103372517,2023/2024,214,101,0.000518,0.018644,0.2513,0.2562
103372518,2023/2024,154,22,5.6e-05,0.006257,0.2894,0.2883
103372519,2023/2024,154,98,6.9e-05,0.007086,0.2235,0.2188
103372520,2023/2024,154,60,2e-05,0.004198,0.2613,0.2578
103372521,2023/2024,241,139,4.7e-05,0.006223,0.3021,0.2985
103372522,2023/2024,153,136,6.5e-05,0.006882,0.2681,0.2719
103372523,2023/2024,213,25,0.000123,0.009855,0.2068,0.1983
103372524,2023/2024,152,136,0.00056,0.021198,0.279,0.2706
103372525,2023/2024,240,63,0.000483,0.01989,0.241,0.2513
103372526,2023/2024,212,101,4.7e-05,0.0062,0.2948,0.2894
103372527,2023/2024,117,124,0.000226,0.013004,0.2035,0.1976
103372528,2023/2024,239,101,0.00019,0.012688,0.2917,0.2845
103372529,2023/2024,211,63,0.000895,0.025779,0.2878,0.2947
103372530,2023/2024,151,136,2e-06,0.001041,0.276,0.2774
103372531,2023/2024,238,139,2.2e-05,0.003378,0.1977,0.1986
103372532,2023/2024,116,124,0.000164,0.010853,0.1957,0.1879
103372533,2023/2024,116,22,0.000148,0.009519,0.2556,0.2547
103372534,2023/2024,116,90,0.00017,0.011173,0.2563,0.2601
103372535,2023/2024,116,22,0.000351,0.015703,0.2787,0.2846
103372536,2023/2024,210,101,0.000174,0.011107,0.2761,0.2743
103372537,2023/2024,285,105,9e-06,0.002836,0.2815,0.2835
103372538,2023/2024,150,98,4.6e-05,0.006155,0.2787,0.2817
103372539,2023/2024,237,139,4.9e-05,0.006394,0.2619,0.2548
103372540,2023/2024,209,139,0.000112,0.009834,0.2433,0.2348
103372541,2023/2024,115,124,2.3e-05,0.003175,0.1504,0.1456
103372542,2023/2024,208,138,3e-06,0.001467,0.3046,0.3058
104036583,2023/2024,219,147,4.8e-05,0.005944,0.2504,0.2513
104988750,2023/2024,163,139,5e-06,0.001848,0.2129,0.2107
104988751,2023/2024,166,140,0.000596,0.01829,0.1391,0.124
104988752,2023/2024,165,63,5.2e-05,0.005725,0.2588,0.2606
104988753,2023/2024,164,25,6.1e-05,0.006501,0.2223,0.2205
104988754,2023/2024,163,64,1.6e-05,0.003057,0.1653,0.1613
104988755,2023/2024,163,140,0.000236,0.013533,0.2497,0.2535
104988756,2023/2024,163,102,1.5e-05,0.003253,0.2545,0.254
104988757,2023/2024,163,140,0.000274,0.01303,0.2734,0.2737
104988758,2023/2024,163,102,0.000656,0.023071,0.2591,0.2688
105462393,2023/2024,167,64,1e-06,0.000298,0.0966,0.097
105462394,2023/2024,229,102,0.000103,0.00782,0.1482,0.1404
105462395,2023/2024,254,140,0.000279,0.014127,0.2723,0.2699
105462396,2023/2024,228,140,7e-06,0.002309,0.2777,0.275
105462397,2023/2024,163,137,0.000281,0.015086,0.2766,0.2832
105462398,2023/2024,253,64,9e-06,0.002561,0.2801,0.2811
105462399,2023/2024,227,140,0.000118,0.009618,0.2602,0.257
105462400,2023/2024,125,91,8.6e-05,0.007355,0.2591,0.2592
105462401,2023/2024,162,137,0.000442,0.017399,0.223,0.2152
105462402,2023/2024,252,140,0.000133,0.010145,0.2576,0.2532
105462403,2023/2024,124,125,2.2e-05,0.002843,0.1996,0.2004
105462404,2023/2024,226,26,0.00014,0.01053,0.268,0.2645
105462405,2023/2024,226,102,4e-05,0.005103,0.2801,0.2724
105462406,2023/2024,161,23,1.7e-05,0.003218,0.2226,0.2214
105462407,2023/2024,161,137,3e-06,0.001362,0.2736,0.2715
105462408,2023/2024,161,99,2.3e-05,0.003744,0.2789,0.2805
105462409,2023/2024,251,101,3.4e-05,0.004427,0.251,0.2508
105462410,2023/2024,160,61,3.5e-05,0.005083,0.2864,0.2851
105462411,2023/2024,225,140,0.000185,0.012157,0.2676,0.2625
105462415,2023/2024,159,99,3.2e-05,0.004265,0.2539,0.255
105462416,2023/2024,250,139,2e-06,0.001167,0.2542,0.2535
105462417,2023/2024,224,140,0.000109,0.009342,0.2959,0.291
105462418,2023/2024,123,125,0.000115,0.009464,0.2624,0.2595
105462419,2023/2024,249,26,2.4e-05,0.004509,0.292,0.2945
105462420,2023/2024,223,64,0.000212,0.01293,0.2818,0.2866
105462421,2023/2024,158,137,0.000248,0.014198,0.2784,0.2724
105462422,2023/2024,248,102,0.000323,0.016718,0.2899,0.2791
105462423,2023/2024,122,23,5.1e-05,0.006506,0.2658,0.27
105462424,2023/2024,122,23,4.9e-05,0.005675,0.2746,0.2831
105462425,2023/2024,122,91,5.9e-05,0.007221,0.2338,0.2393
105462426,2023/2024,122,125,0.000375,0.016059,0.2634,0.2609
105462427,2023/2024,122,125,0.000128,0.010655,0.2442,0.253
105462428,2023/2024,222,102,0.000302,0.015865,0.2504,0.2397
105462429,2023/2024,247,140,7.1e-05,0.007208,0.2898,0.2918
105462432,2023/2024,157,137,5.5e-05,0.005863,0.2557,0.2639
105462433,2023/2024,246,64,1e-05,0.00253,0.2664,0.2627
105462434,2023/2024,221,140,7.9e-05,0.008307,0.2713,0.2776
105462435,2023/2024,121,125,3e-05,0.00414,0.2036,0.2098
105462438,2023/2024,220,139,8.2e-05,0.008305,0.2265,0.2214
105462439,2023/2024,219,139,0.000239,0.013455,0.2533,0.258
105462443,2023/2024,255,102,6e-05,0.006048,0.2908,0.2907
106903882,2023/2024,131,126,3.2e-05,0.004489,0.154,0.1498
106903883,2023/2024,130,126,8.2e-05,0.008381,0.2586,0.2662
106903884,2023/2024,173,141,8.2e-05,0.008344,0.2433,0.2395
106903885,2023/2024,129,92,6.9e-05,0.007001,0.2625,0.2638
106903886,2023/2024,172,103,2.7e-05,0.004319,0.2382,0.2439
106903887,2023/2024,172,65,1.8e-05,0.002904,0.217,0.217
106903888,2023/2024,171,140,9.2e-05,0.008115,0.2485,0.2472
106903889,2023/2024,170,103,0.000249,0.010916,0.1155,0.1052
106903890,2023/2024,169,103,2.4e-05,0.004019,0.264,0.2644
106903891,2023/2024,169,26,7e-06,0.002248,0.2616,0.2607
106903892,2023/2024,169,64,0.000354,0.016197,0.2033,0.1913
106903893,2023/2024,127,24,9.5e-05,0.007751,0.2646,0.2641
106903894,2023/2024,127,126,0.000133,0.009142,0.254,0.2532
106903895,2023/2024,127,24,0.000597,0.018359,0.1443,0.1285
106903896,2023/2024,127,126,0.000163,0.009704,0.1379,0.1295
106903897,2023/2024,168,141,0.00015,0.009866,0.2515,0.255
106903898,2023/2024,126,126,0.000179,0.010577,0.2163,0.2123
107396010,2023/2024,265,65,0.000707,0.0221,0.2841,0.287
107396011,2023/2024,264,141,0.000114,0.009959,0.2678,0.2619
107396012,2023/2024,263,141,1.2e-05,0.00218,0.1727,0.1732
107396013,2023/2024,262,27,0.000194,0.012291,0.2958,0.2913
107396014,2023/2024,168,100,3.3e-05,0.004645,0.2868,0.2877
107396015,2023/2024,168,24,0.000107,0.008317,0.2817,0.2818
107396016,2023/2024,261,103,2.5e-05,0.004629,0.2955,0.2918
107396017,2023/2024,167,138,0.000147,0.010677,0.2204,0.2267
107396018,2023/2024,260,65,3.1e-05,0.004936,0.2549,0.2526
107396019,2023/2024,128,92,1.4e-05,0.003015,0.2425,0.247
107396020,2023/2024,259,102,6.7e-05,0.007671,0.2674,0.2617
107396021,2023/2024,258,141,0.000101,0.009299,0.2455,0.2382
107396022,2023/2024,257,140,1e-06,0.000935,0.2849,0.2835
107396023,2023/2024,256,103,2.1e-05,0.003472,0.1897,0.1914
107396024,2023/2024,174,140,6.9e-05,0.006284,0.251,0.2605
107396025,2023/2024,232,141,0.00021,0.01303,0.2513,0.2572
107456180,2023/2024,168,138,2.7e-05,0.004529,0.2648,0.2666
107701020,2023/2024,238,141,2.7e-05,0.004444,0.2832,0.2821
107701021,2023/2024,237,141,0.000416,0.017373,0.2737,0.2702
107701022,2023/2024,235,103,0.000161,0.010366,0.2132,0.218
107701023,2023/2024,234,65,0.000102,0.009167,0.2861,0.2817
107701024,2023/2024,230,141,2.4e-05,0.00392,0.2487,0.2429
107701025,2023/2024,233,65,0.00065,0.021088,0.2918,0.2887
107701026,2023/2024,231,27,8.1e-05,0.007622,0.258,0.2571
107701027,2023/2024,231,103,0.000406,0.01822,0.2743,0.2649
107701029,2023/2024,236,141,1e-05,0.002526,0.2622,0.2622
107991856,2023/2024,169,138,5e-06,0.00216,0.271,0.2692
107991857,2023/2024,165,138,0.000343,0.015976,0.2741,0.2779
107991867,2023/2024,175,27,6.1e-05,0.006716,0.2424,0.2406
107991871,2023/2024,170,138,6e-06,0.001842,0.2206,0.2178
107991872,2023/2024,166,138,3.8e-05,0.005003,0.2834,0.2831
107991873,2023/2024,164,138,2.7e-05,0.004032,0.256,0.2527
109292214,2023/2024,136,127,0.00029,0.013449,0.2253,0.2219
109292215,2023/2024,135,127,2.4e-05,0.003584,0.1871,0.1925
109292216,2023/2024,178,142,5.8e-05,0.005994,0.2375,0.2388
109292218,2023/2024,132,127,7e-06,0.002249,0.2383,0.2411
109292219,2023/2024,177,104,0.000104,0.00944,0.2517,0.2565
109292220,2023/2024,176,28,1.5e-05,0.00336,0.2546,0.2574
109292221,2023/2024,176,104,7e-05,0.007512,0.2626,0.2704
109292223,2023/2024,134,127,2.3e-05,0.004373,0.2466,0.2511
109292224,2023/2024,133,25,1.4e-05,0.001684,0.1221,0.1246
109292225,2023/2024,133,25,1.3e-05,0.002934,0.2653,0.2689
109292226,2023/2024,133,127,2e-06,0.001272,0.2732,0.2729
109834363,2023/2024,274,142,0.000157,0.010261,0.2676,0.2672
109834364,2023/2024,177,139,8.1e-05,0.008294,0.2433,0.2515
109834365,2023/2024,273,104,0.000211,0.011768,0.2914,0.2922
109834366,2023/2024,272,28,3.4e-05,0.004341,0.2584,0.2567
109834367,2023/2024,176,139,0.000101,0.0081,0.2688,0.2688
109834368,2023/2024,272,141,8e-06,0.002276,0.2785,0.2783
109834369,2023/2024,175,101,1.7e-05,0.003016,0.254,0.2541
109834370,2023/2024,175,25,4.3e-05,0.005478,0.2833,0.289
109834371,2023/2024,175,139,0.000187,0.011025,0.203,0.1979
109834372,2023/2024,271,142,4.4e-05,0.005325,0.2776,0.2772
109834373,2023/2024,174,139,2.7e-05,0.004801,0.2851,0.2809
109834374,2023/2024,270,104,0.0,0.000444,0.2605,0.2601
109834375,2023/2024,269,66,9.5e-05,0.007776,0.2692,0.2689
109834376,2023/2024,241,66,0.000254,0.012722,0.282,0.2819
109834377,2023/2024,172,139,6e-06,0.001924,0.2939,0.2937
109834378,2023/2024,268,142,9.2e-05,0.008651,0.2311,0.2246
109834379,2023/2024,133,93,4e-05,0.005928,0.2592,0.2546
109834380,2023/2024,133,93,1.4e-05,0.003048,0.2823,0.2868
109834381,2023/2024,267,103,6.8e-05,0.007727,0.2817,0.2755
109834382,2023/2024,171,63,0.000168,0.011044,0.2807,0.2784
109834383,2023/2024,266,142,9.5e-05,0.006811,0.2462,0.2437
110164295,2023/2024,246,142,0.000321,0.016339,0.2394,0.2297
110164296,2023/2024,245,142,0.000126,0.009418,0.2148,0.21
110164297,2023/2024,326,151,0.000233,0.014345,0.255,0.2453
110164298,2023/2024,244,142,0.000159,0.010988,0.2685,0.2726
110164299,2023/2024,173,139,1.6e-05,0.003711,0.2786,0.2807
110164300,2023/2024,242,28,0.000368,0.016973,0.2727,0.2787
110164301,2023/2024,240,142,6.2e-05,0.006863,0.2959,0.2936
110164302,2023/2024,240,66,4e-06,0.001718,0.2691,0.2665
110164303,2023/2024,239,104,4e-06,0.001602,0.2731,0.2707
110164304,2023/2024,243,104,9.3e-05,0.00655,0.2289,0.2287
110919358,2023/2024,209,145,0.000255,0.01343,0.1702,0.1599
110919359,2023/2024,211,146,3.7e-05,0.00493,0.2589,0.2593
110919361,2023/2024,211,71,0.000393,0.015697,0.1837,0.1758
110919363,2023/2024,210,71,2e-06,0.001448,0.2702,0.2711
111217220,2023/2024,212,146,5e-06,0.002084,0.2067,0.2054
111217228,2023/2024,211,147,6.8e-05,0.00703,0.1907,0.1853
113581745,2023/2024,178,140,3e-05,0.004676,0.2734,0.2746
113581746,2023/2024,275,104,0.000103,0.008598,0.2881,0.2825
113891820,2023/2024,182,105,0.000612,0.022626,0.2531,0.2638
113891821,2023/2024,250,142,0.000321,0.015025,0.2769,0.2747
113891822,2023/2024,138,128,0.00017,0.011437,0.1954,0.1894
113891823,2023/2024,181,142,3e-06,0.00125,0.2288,0.2285
113891824,2023/2024,179,102,4e-06,0.001254,0.242,0.2439
113891825,2023/2024,180,29,8.8e-05,0.007321,0.1806,0.1771
113891826,2023/2024,180,66,4.6e-05,0.006159,0.212,0.2176
113891827,2023/2024,180,67,0.000382,0.017114,0.2796,0.2746
113891828,2023/2024,180,66,6e-06,0.00205,0.2544,0.255
113891829,2023/2024,137,94,1.8e-05,0.003432,0.2717,0.2715
113891830,2023/2024,137,128,1.9e-05,0.004105,0.2633,0.2667
113891831,2023/2024,137,128,2.5e-05,0.002931,0.109,0.1073
113891832,2023/2024,137,128,0.000409,0.017079,0.181,0.1664
113891834,2023/2024,248,29,0.000578,0.022005,0.265,0.2536
113891835,2023/2024,179,142,8.4e-05,0.007348,0.2373,0.2407
113891836,2023/2024,248,67,5.7e-05,0.007041,0.2859,0.2811
113891837,2023/2024,278,105,9e-06,0.002855,0.2876,0.2854
113891838,2023/2024,249,143,9.6e-05,0.00904,0.2774,0.2826
113891839,2023/2024,180,140,0.000156,0.010051,0.277,0.2766
113891841,2023/2024,279,29,1.4e-05,0.002677,0.2204,0.2209
113891847,2023/2024,277,67,0.000161,0.010664,0.288,0.2898
113891848,2023/2024,180,105,2e-05,0.003945,0.2172,0.2195
113891849,2023/2024,137,128,9.1e-05,0.00784,0.2464,0.2481
113891851,2023/2024,276,143,2.3e-05,0.003965,0.2796,0.2792
113891852,2023/2024,247,142,4.7e-05,0.005404,0.2531,0.2534
114502448,2023/2024,283,143,1.1e-05,0.00219,0.218,0.2179
114502449,2023/2024,140,26,6.1e-05,0.006105,0.1994,0.1969
114502450,2023/2024,184,142,5.9e-05,0.007102,0.239,0.2355
114502451,2023/2024,183,140,5e-06,0.001698,0.2718,0.2743
114502452,2023/2024,281,67,4.4e-05,0.005693,0.2686,0.2671
114502453,2023/2024,139,128,4.4e-05,0.006005,0.2504,0.247
114502454,2023/2024,182,26,6.1e-05,0.006778,0.275,0.2732
114502455,2023/2024,182,64,8e-06,0.002304,0.2773,0.2807
114502456,2023/2024,183,142,6.9e-05,0.007121,0.1742,0.1683
114502457,2023/2024,181,140,0.000101,0.007703,0.2491,0.248
114502459,2023/2024,182,140,2.7e-05,0.004159,0.2494,0.2432
114502460,2023/2024,141,26,0.000533,0.020281,0.2305,0.2212
114502461,2023/2024,184,140,2.1e-05,0.00381,0.268,0.2688
114502464,2023/2024,282,105,0.000133,0.009256,0.2872,0.286
114502478,2023/2024,280,105,1.1e-05,0.002948,0.2891,0.2877
115046296,2023/2024,284,143,2e-06,0.001191,0.2639,0.2632
115046297,2023/2024,254,105,9.2e-05,0.006969,0.1375,0.1314
115046306,2023/2024,252,143,7.9e-05,0.007174,0.2784,0.2783
115046308,2023/2024,251,105,0.000574,0.019245,0.1755,0.1587
115046356,2023/2024,252,105,0.00041,0.017702,0.291,0.2854
115046359,2023/2024,253,67,0.000738,0.024229,0.2689,0.2781
115356386,2023/2024,187,143,5e-05,0.005362,0.2354,0.2355
115356387,2023/2024,185,143,0.000277,0.01509,0.2343,0.2416
115356388,2023/2024,185,68,0.000145,0.010511,0.2658,0.2621
115356436,2023/2024,186,106,1.5e-05,0.003615,0.2711,0.2736
115356437,2023/2024,186,67,0.000112,0.009776,0.2621,0.2569
115638602,2023/2024,188,106,0.000118,0.009666,0.2516,0.2548
115638624,2023/2024,189,143,0.000314,0.015194,0.196,0.1858
115638636,2023/2024,188,30,0.000125,0.007167,0.1003,0.0938
115881744,2023/2024,191,142,2.7e-05,0.003967,0.2424,0.2483
115881745,2023/2024,190,67,0.000199,0.005345,0.036,0.0301
116077385,2023/2024,185,141,1.2e-05,0.002485,0.2666,0.2628
116077388,2023/2024,142,95,0.000256,0.014757,0.2546,0.2632
116370399,2023/2024,186,27,7e-05,0.007084,0.2447,0.2419
116370400,2023/2024,143,95,5.7e-05,0.006467,0.2694,0.2681
116370401,2023/2024,143,27,0.00048,0.018685,0.2331,0.2247
116370402,2023/2024,143,129,0.000299,0.016108,0.218,0.2299
116370406,2023/2024,144,129,2.1e-05,0.003978,0.2491,0.252
116370407,2023/2024,143,129,2.6e-05,0.003278,0.1969,0.1965
116370409,2023/2024,143,27,0.000129,0.008967,0.1856,0.1813
116370411,2023/2024,187,103,1.9e-05,0.003327,0.1412,0.1444
116370413,2023/2024,257,144,0.000111,0.008803,0.2705,0.2756
116920493,2023/2024,191,141,5.4e-05,0.006032,0.2852,0.2858
116920494,2023/2024,190,141,8e-06,0.002303,0.2545,0.2579
116920495,2023/2024,145,129,0.000144,0.011203,0.2446,0.2509
116920496,2023/2024,189,141,1.4e-05,0.002772,0.243,0.2458
116920497,2023/2024,189,141,0.000145,0.010094,0.2866,0.2847
116920498,2023/2024,189,65,3.2e-05,0.004478,0.2758,0.2759
116920509,2023/2024,146,129,0.000163,0.010821,0.2576,0.2553
116920512,2023/2024,188,103,0.000239,0.013365,0.212,0.2015
117383945,2023/2024,263,144,0.000105,0.009221,0.2111,0.2201
117383946,2023/2024,262,143,1.7e-05,0.002941,0.2739,0.2699
117383947,2023/2024,196,68,0.000259,0.014127,0.1813,0.1928
117383948,2023/2024,261,106,1.7e-05,0.003721,0.2956,0.2937
117383949,2023/2024,261,106,0.00015,0.011194,0.2634,0.2693
117383950,2023/2024,195,144,0.000291,0.014943,0.1755,0.187
117383951,2023/2024,260,68,7.9e-05,0.007013,0.2658,0.2651
117383952,2023/2024,259,30,6e-06,0.001925,0.2472,0.2464
117383953,2023/2024,258,106,0.000176,0.01156,0.2917,0.2955
117383954,2023/2024,256,68,9.9e-05,0.00859,0.2063,0.212
117383955,2023/2024,255,106,0.00057,0.019393,0.2785,0.2777
117383961,2023/2024,197,69,1.2e-05,0.002674,0.2145,0.2151
117383998,2023/2024,193,107,7.7e-05,0.007757,0.2534,0.2512
117384002,2023/2024,193,144,0.000421,0.017086,0.2651,0.2691
117384003,2023/2024,193,31,2.4e-05,0.003915,0.2494,0.2491
117384004,2023/2024,193,107,0.00017,0.011926,0.2552,0.2486
117384007,2023/2024,194,144,3.5e-05,0.00442,0.226,0.2256
117384008,2023/2024,193,107,8.2e-05,0.006398,0.2147,0.2179
117384009,2023/2024,192,144,2.5e-05,0.004401,0.2,0.1957
118459767,2023/2024,286,144,1e-05,0.002416,0.2745,0.2741
118781391,2023/2024,290,144,2.4e-05,0.004374,0.252,0.2468
118781392,2023/2024,289,106,9e-06,0.001941,0.2227,0.2223
118781393,2023/2024,288,106,9.1e-05,0.008524,0.2979,0.2941
118781394,2023/2024,287,68,3e-06,0.001304,0.2555,0.2575
119319770,2023/2024,294,68,4.2e-05,0.0042,0.2103,0.2108
119319771,2023/2024,292,106,1e-06,0.001006,0.2925,0.2931
119319772,2023/2024,291,30,1.7e-05,0.003772,0.2838,0.28
119319774,2023/2024,293,144,0.000799,0.025676,0.2639,0.2509
119746182,2023/2024,272,144,0.000234,0.013154,0.2228,0.2156
119746186,2023/2024,270,107,0.000341,0.013162,0.128,0.1151
119746187,2023/2024,197,142,2e-05,0.003739,0.2756,0.2764
119746189,2023/2024,151,96,7e-06,0.001782,0.1097,0.1116
119746190,2023/2024,150,28,0.000177,0.012428,0.2478,0.2579
119746191,2023/2024,269,145,0.000135,0.010086,0.239,0.2432
119746192,2023/2024,196,104,1.5e-05,0.003248,0.2707,0.2726
119746193,2023/2024,268,31,0.000195,0.011761,0.1774,0.1665
119746205,2023/2024,194,66,0.000139,0.009279,0.2625,0.2641
119746207,2023/2024,267,69,0.000562,0.020565,0.235,0.2227
119746208,2023/2024,149,130,8e-06,0.002022,0.2245,0.2247
119746209,2023/2024,266,145,1e-06,0.001016,0.302,0.3014
119746210,2023/2024,193,142,3e-06,0.001626,0.29,0.2889
119746211,2023/2024,148,28,0.000369,0.015808,0.2661,0.2649
119746212,2023/2024,148,130,4.4e-05,0.006102,0.2393,0.2454
119746213,2023/2024,148,130,0.00023,0.011818,0.253,0.2542
119746214,2023/2024,148,130,0.000109,0.009003,0.1854,0.177
119746215,2023/2024,148,130,0.000361,0.012992,0.1114,0.0994
119746216,2023/2024,265,69,0.000272,0.014479,0.2798,0.2748
119746222,2023/2024,192,104,1.4e-05,0.002766,0.241,0.2407
119746223,2023/2024,264,107,0.000392,0.017408,0.2267,0.2151
119746224,2023/2024,147,130,1.2e-05,0.002687,0.2555,0.2561
119746228,2023/2024,295,144,1.7e-05,0.003283,0.3014,0.3015
119746229,2023/2024,271,107,0.000182,0.012399,0.2585,0.2506
120119553,2023/2024,195,28,2.1e-05,0.004335,0.2859,0.2828
120971825,2023/2024,296,107,0.000119,0.009879,0.2265,0.2171
120971827,2023/2024,203,144,0.000303,0.014508,0.242,0.2451
120971828,2023/2024,202,145,2.2e-05,0.003702,0.1818,0.1799
120971829,2023/2024,201,108,0.000329,0.014877,0.2544,0.2539
120971830,2023/2024,201,145,0.000198,0.009454,0.1079,0.0986
120971831,2023/2024,200,69,8.2e-05,0.007502,0.2473,0.2523
120971832,2023/2024,199,70,0.000121,0.008933,0.2753,0.2746
120971833,2023/2024,199,32,0.000312,0.010575,0.088,0.0777
120971834,2023/2024,199,108,7e-06,0.001982,0.2565,0.2585
120971835,2023/2024,199,69,0.000205,0.011658,0.2047,0.199
120971836,2023/2024,198,145,5.7e-05,0.006796,0.2531,0.2555
121312075,2023/2024,300,69,0.000174,0.012125,0.2393,0.2299
121312076,2023/2024,299,145,0.000102,0.008292,0.3042,0.3031
121312078,2023/2024,298,107,0.000145,0.010683,0.3053,0.3008
121312079,2023/2024,297,31,1.6e-05,0.003744,0.2918,0.2889
121409099,2023/2024,204,33,0.00034,0.016935,0.2606,0.2694
121409100,2023/2024,205,146,3.6e-05,0.00376,0.2019,0.2023
121409101,2023/2024,204,70,0.000201,0.013061,0.2699,0.2771
121959719,2023/2024,304,145,6.4e-05,0.007358,0.2473,0.2426
121959721,2023/2024,302,69,0.000405,0.017176,0.2671,0.2707
121959722,2023/2024,301,145,4.3e-05,0.004744,0.2891,0.2823
121959723,2023/2024,303,107,0.000177,0.010836,0.2661,0.2684
121959725,2023/2024,156,131,4.6e-05,0.006393,0.2339,0.2392
121959726,2023/2024,208,109,3.1e-05,0.004648,0.2169,0.2152
121959728,2023/2024,207,146,0.00019,0.011818,0.2731,0.2781
121959729,2023/2024,207,70,1.7e-05,0.003832,0.2464,0.2439
121959730,2023/2024,206,71,8e-06,0.002247,0.2752,0.2719
122547982,2023/2024,305,107,5e-06,0.001867,0.2799,0.2809
122547983,2023/2024,204,142,6.1e-05,0.006652,0.208,0.211
122547984,2023/2024,280,70,5.9e-05,0.006702,0.2663,0.2742
122547985,2023/2024,157,131,0.000196,0.011601,0.2659,0.2669
122547986,2023/2024,203,67,0.0,0.000396,0.273,0.2725
122547987,2023/2024,279,108,3e-06,0.001278,0.2408,0.241
122547988,2023/2024,202,142,6.1e-05,0.006917,0.2606,0.2584
122547989,2023/2024,155,97,4.2e-05,0.004504,0.2187,0.2219
122547990,2023/2024,278,32,1.8e-05,0.003451,0.2545,0.2493
122547991,2023/2024,201,29,3.6e-05,0.005442,0.2741,0.2717
122547992,2023/2024,201,143,3.4e-05,0.004962,0.2725,0.271
122547993,2023/2024,201,142,6e-06,0.002256,0.2406,0.2383
122547994,2023/2024,277,70,1.2e-05,0.002913,0.2806,0.2763
122547995,2023/2024,200,105,0.000251,0.013222,0.2062,0.1976
122547996,2023/2024,276,145,0.000123,0.009909,0.2886,0.2846
122547997,2023/2024,154,131,0.000194,0.012284,0.1882,0.199
122547998,2023/2024,275,108,0.000258,0.01395,0.2304,0.2378
122547999,2023/2024,199,143,3.4e-05,0.005309,0.2793,0.2848
122548000,2023/2024,153,29,0.000167,0.010917,0.2091,0.2036
122548001,2023/2024,153,131,0.000339,0.016982,0.2474,0.2579
122548002,2023/2024,153,29,0.000157,0.010348,0.2463,0.2435
122548003,2023/2024,153,97,7.9e-05,0.008252,0.2602,0.2556
122548004,2023/2024,198,142,1.8e-05,0.003304,0.2426,0.2376
122548005,2023/2024,274,108,0.000266,0.01432,0.2857,0.2911
122548006,2023/2024,152,131,7.1e-05,0.006968,0.2666,0.2653
122548007,2023/2024,273,108,0.000356,0.01554,0.288,0.2898
122548008,2023/2024,282,146,0.000418,0.016612,0.2606,0.2622
122548009,2023/2024,281,145,2.3e-05,0.004219,0.2818,0.2837
125353401,2023/2024,213,144,0.000114,0.008701,0.2707,0.2698
125353402,2023/2024,314,146,4e-06,0.001779,0.2774,0.2753
125353403,2023/2024,163,30,0.000149,0.011346,0.2655,0.2737
125353404,2023/2024,212,144,4.8e-05,0.006395,0.2533,0.2581
125353405,2023/2024,313,108,1e-05,0.002588,0.2721,0.2717
125353406,2023/2024,162,132,0.000277,0.015134,0.2487,0.2394
125353407,2023/2024,211,144,6e-06,0.002168,0.2775,0.2771
125353409,2023/2024,312,108,3.7e-05,0.005253,0.2938,0.2952
125353410,2023/2024,161,132,0.000185,0.010657,0.2509,0.2503
125353411,2023/2024,210,106,2.9e-05,0.004386,0.2815,0.2823
125353412,2023/2024,210,68,5.7e-05,0.006975,0.2704,0.2764
125353413,2023/2024,210,144,4e-06,0.001711,0.2933,0.2908
125353416,2023/2024,311,108,3.1e-05,0.004693,0.3047,0.3033
125353417,2023/2024,209,106,2.5e-05,0.003733,0.2519,0.2546
125353425,2023/2024,208,30,0.000256,0.013316,0.1669,0.1782
125353426,2023/2024,306,146,0.000406,0.018786,0.2656,0.254
125353427,2023/2024,160,132,9.1e-05,0.008276,0.1989,0.2036
125353428,2023/2024,310,146,4.1e-05,0.005875,0.2708,0.2678
125353429,2023/2024,309,108,7.6e-05,0.007747,0.2965,0.2928
125353430,2023/2024,159,98,3.7e-05,0.005183,0.2437,0.2504
125353431,2023/2024,159,132,0.000198,0.011279,0.2708,0.271
125353432,2023/2024,159,132,2.2e-05,0.003601,0.2361,0.2388
125353433,2023/2024,159,132,0.000268,0.013587,0.1683,0.1584
125353434,2023/2024,315,146,0.0,0.000555,0.2269,0.2274
125353437,2023/2024,207,144,7e-06,0.001986,0.253,0.2538
125353438,2023/2024,308,70,2e-05,0.003942,0.2874,0.2855
125353439,2023/2024,158,98,0.000664,0.020976,0.2495,0.2477
125353442,2023/2024,206,143,2.4e-05,0.004149,0.2751,0.2723
125353445,2023/2024,206,143,2.2e-05,0.004007,0.2654,0.266
125353446,2023/2024,205,143,0.000358,0.016765,0.1912,0.2074
125353449,2023/2024,307,32,1e-06,0.000935,0.2769,0.2773
126918030,2023/2024,213,148,0.000221,0.011321,0.1691,0.1634
126918577,2023/2024,214,110,0.000227,0.011981,0.2175,0.2144
126918579,2023/2024,214,72,1.4e-05,0.002774,0.1358,0.1336
126918589,2023/2024,214,34,0.000311,0.013346,0.2489,0.2498
126919011,2023/2024,214,110,5.9e-05,0.007197,0.2574,0.2517
126919603,2023/2024,215,110,0.000134,0.009669,0.2754,0.2768
126919771,2023/2024,216,146,4.3e-05,0.0058,0.24,0.2385
126982275,2023/2024,218,72,1.4e-05,0.002034,0.1641,0.1631
126982279,2023/2024,217,146,0.000227,0.012508,0.2191,0.2154
126982285,2023/2024,217,72,3.1e-05,0.004692,0.2617,0.2629
127483019,2023/2024,284,33,0.000515,0.0203,0.2445,0.2333
127483023,2023/2024,288,147,7.9e-05,0.007629,0.1955,0.1892
127483024,2023/2024,285,71,0.000516,0.018984,0.2874,0.2836
127483196,2023/2024,286,147,3.5e-05,0.00537,0.2773,0.2734
127483197,2023/2024,287,147,8.5e-05,0.008613,0.2647,0.2587
127591072,2023/2024,289,147,0.000223,0.012795,0.2219,0.2133
127591808,2023/2024,290,109,0.000118,0.008292,0.2161,0.2131
127591809,2023/2024,290,147,4e-05,0.005837,0.2487,0.2451
127591901,2023/2024,291,146,0.000525,0.020076,0.2165,0.2021
127663287,2023/2024,292,109,0.000189,0.012745,0.296,0.2875
128293508,2023/2024,324,109,4.6e-05,0.006175,0.2654,0.2621
128293509,2023/2024,324,71,0.000194,0.012971,0.2754,0.2629
128293510,2023/2024,169,31,1.4e-05,0.00318,0.2728,0.2733
128293511,2023/2024,323,109,1e-06,0.000933,0.2995,0.2982
128293512,2023/2024,168,133,0.000207,0.011792,0.221,0.2165
128293513,2023/2024,322,147,0.000143,0.010343,0.2744,0.272
128293514,2023/2024,167,99,7.3e-05,0.007289,0.2687,0.2674
128293515,2023/2024,321,147,2.3e-05,0.004377,0.2907,0.2883
128293516,2023/2024,320,109,7.2e-05,0.006967,0.2773,0.2786
128293517,2023/2024,166,133,0.000331,0.014948,0.2728,0.274
128293518,2023/2024,319,71,8.8e-05,0.008025,0.2599,0.2615
128293519,2023/2024,318,147,3.4e-05,0.004364,0.1507,0.1453
128293520,2023/2024,165,133,2.4e-05,0.004202,0.238,0.2404
128293521,2023/2024,165,99,7.7e-05,0.00762,0.2617,0.2684
128293522,2023/2024,165,31,0.000423,0.017562,0.238,0.2304
128293523,2023/2024,165,133,0.000119,0.007855,0.2239,0.2235
128293524,2023/2024,317,33,4.8e-05,0.004766,0.2541,0.254
128293525,2023/2024,316,147,2.6e-05,0.004607,0.2938,0.2915
128293526,2023/2024,164,133,0.000216,0.012327,0.1569,0.1691
128991725,2023/2024,294,72,0.000315,0.016219,0.2804,0.2889
128991727,2023/2024,295,148,3.8e-05,0.003426,0.1713,0.1721
129366678,2023/2024,298,110,0.000184,0.011979,0.2201,0.2275
129366679,2023/2024,297,34,0.000468,0.017538,0.2859,0.2869
129366680,2023/2024,296,72,5.2e-05,0.005751,0.2911,0.2825
129366683,2023/2024,297,147,1.1e-05,0.002542,0.2687,0.2659
129366684,2023/2024,300,110,0.000221,0.013339,0.2179,0.2271
129366685,2023/2024,293,148,0.000136,0.010372,0.3011,0.2967
129529400,2023/2024,283,146,0.00019,0.012382,0.2753,0.2803
129540182,2023/2024,214,69,3.8e-05,0.00521,0.2732,0.275
129540348,2023/2024,220,35,5.4e-05,0.00682,0.2699,0.2756
129540352,2023/2024,215,145,0.000111,0.009268,0.2069,0.1999
129583808,2023/2024,220,145,1.4e-05,0.003573,0.2518,0.249
129583809,2023/2024,226,148,1.7e-05,0.003544,0.2614,0.2623
129583810,2023/2024,301,148,8.1e-05,0.006609,0.2415,0.2403
129583816,2023/2024,225,148,3.4e-05,0.004659,0.1762,0.1739
129583818,2023/2024,224,148,0.000102,0.007947,0.2112,0.2092
129583819,2023/2024,224,148,4.5e-05,0.00582,0.261,0.2662
129583820,2023/2024,219,145,2.7e-05,0.00463,0.2274,0.2223
129583821,2023/2024,218,107,4.6e-05,0.005001,0.2481,0.2482
129583823,2023/2024,223,148,0.000164,0.008341,0.1038,0.0958
129583824,2023/2024,217,107,6e-05,0.006043,0.1932,0.1903
129583826,2023/2024,222,73,1.3e-05,0.003171,0.2496,0.2506
129583827,2023/2024,222,111,0.000208,0.013357,0.2363,0.2444
129583828,2023/2024,222,111,1.5e-05,0.003299,0.2675,0.2667
129583829,2023/2024,216,31,2e-06,0.001232,0.2873,0.2859
129583830,2023/2024,221,73,2.8e-05,0.004066,0.1622,0.1571
130052640,2023/2024,299,148,0.000292,0.014113,0.2831,0.2851
131508731,2023/2024,231,150,2.8e-05,0.004496,0.2219,0.2204
131508732,2023/2024,222,146,2.3e-05,0.003934,0.2536,0.2566
131508733,2023/2024,222,146,1e-06,0.000868,0.2776,0.2789
131508734,2023/2024,222,108,2.1e-05,0.004242,0.2496,0.2474
131508735,2023/2024,222,146,0.000132,0.010397,0.267,0.2628
131508736,2023/2024,222,108,4e-06,0.001664,0.2616,0.2611
131508737,2023/2024,222,70,0.000206,0.012247,0.1955,0.203
131508738,2023/2024,333,72,2.5e-05,0.003555,0.2382,0.2359
131508739,2023/2024,175,100,1.2e-05,0.003,0.1871,0.1889
131508740,2023/2024,174,134,0.000362,0.014954,0.1541,0.1433
131508741,2023/2024,230,149,1.1e-05,0.002123,0.1825,0.1831
131508742,2023/2024,173,32,0.000444,0.019625,0.2509,0.2643
131508747,2023/2024,172,134,2e-05,0.003908,0.2638,0.2683
131508748,2023/2024,229,74,0.000217,0.012156,0.2468,0.2446
131508749,2023/2024,228,150,7e-06,0.002147,0.2597,0.2596
131508750,2023/2024,228,36,2.6e-05,0.003488,0.2437,0.2489
131508751,2023/2024,228,112,2.3e-05,0.003741,0.1924,0.1911
131508752,2023/2024,228,149,1.6e-05,0.003161,0.239,0.2387
131508753,2023/2024,228,74,5.9e-05,0.006785,0.206,0.2007
131508754,2023/2024,228,74,0.000308,0.014706,0.2559,0.2535
131508755,2023/2024,171,134,8.5e-05,0.008163,0.2798,0.2769
131508756,2023/2024,171,134,8e-06,0.002315,0.2572,0.26
131508757,2023/2024,171,32,0.000292,0.014468,0.2743,0.2775
131508758,2023/2024,171,100,1.7e-05,0.002277,0.1621,0.162
131508759,2023/2024,227,112,2e-06,0.00076,0.184,0.1829
131508760,2023/2024,221,145,2.6e-05,0.003822,0.2469,0.246
131508761,2023/2024,221,32,1.3e-05,0.00257,0.2611,0.2583
131508762,2023/2024,170,134,0.000262,0.012664,0.2374,0.2366
131508763,2023/2024,331,148,4.5e-05,0.006176,0.2302,0.2248
131508764,2023/2024,222,145,3.2e-05,0.004277,0.1945,0.1961
131577481,2023/2024,332,110,1.8e-05,0.003727,0.2993,0.2952
131577521,2023/2024,334,148,3e-06,0.001368,0.2509,0.2489
131577522,2023/2024,330,148,0.000115,0.009689,0.2988,0.2937
131577523,2023/2024,329,148,6.4e-05,0.007251,0.2596,0.2552
131577524,2023/2024,328,110,2.6e-05,0.004178,0.1934,0.1961
131577525,2023/2024,327,148,0.000253,0.01313,0.267,0.269
131577526,2023/2024,326,34,0.000118,0.008646,0.3027,0.3018
131577527,2023/2024,325,72,0.000315,0.015241,0.2836,0.2876
131856554,2023/2024,304,111,0.000176,0.009459,0.1909,0.1936
131856555,2023/2024,307,111,0.000156,0.010332,0.1816,0.1708
131856556,2023/2024,306,149,5.1e-05,0.006146,0.3029,0.3048
131856557,2023/2024,305,111,0.000108,0.007932,0.244,0.2416
131856558,2023/2024,303,149,8.7e-05,0.007542,0.2699,0.2678
131856559,2023/2024,302,35,0.000207,0.013036,0.2192,0.2295
131856560,2023/2024,306,111,0.000488,0.020027,0.2739,0.2638
131924021,2023/2024,310,73,0.00054,0.020762,0.2425,0.229
132162271,2023/2024,309,73,9.5e-05,0.008754,0.2767,0.2725
132162272,2023/2024,308,148,0.000148,0.010093,0.2647,0.2632
134704448,2023/2024,342,149,0.000101,0.009077,0.2631,0.2685
134704449,2023/2024,341,73,3.5e-05,0.004841,0.2004,0.2028
134704450,2023/2024,340,35,3.7e-05,0.00518,0.2921,0.2897
134704453,2023/2024,339,149,0.0001,0.00803,0.2745,0.273
134704454,2023/2024,339,149,1.1e-05,0.003027,0.2823,0.2841
134704455,2023/2024,223,146,8e-05,0.008203,0.2741,0.2699
134704456,2023/2024,223,146,2e-05,0.003779,0.273,0.2723
134704457,2023/2024,234,150,0.000345,0.016366,0.2401,0.2442
134704458,2023/2024,233,150,6e-06,0.002184,0.2543,0.2529
134704459,2023/2024,338,111,0.000418,0.018979,0.2696,0.2564
134704460,2023/2024,338,149,2.2e-05,0.004165,0.2765,0.2714
134704461,2023/2024,337,73,4.7e-05,0.005372,0.2361,0.2375
134704462,2023/2024,336,111,8e-06,0.002287,0.1623,0.1597
134704463,2023/2024,232,150,4e-06,0.001772,0.1709,0.1697
134704464,2023/2024,335,111,4.1e-05,0.005538,0.2988,0.2965
136824980,2023/2024,311,149,0.000307,0.016378,0.2748,0.2638
136868005,2023/2024,176,135,3.2e-05,0.00455,0.2537,0.2546
136868007,2023/2024,176,135,5.4e-05,0.006143,0.2793,0.2784
136868010,2023/2024,176,135,0.00031,0.015707,0.1797,0.1931
136868012,2023/2024,176,101,5e-06,0.001724,0.263,0.2606
136868014,2023/2024,176,135,8.5e-05,0.006841,0.1742,0.1712
136868016,2023/2024,176,33,2e-06,0.001024,0.2688,0.2688
136868081,2023/2024,176,33,0.000722,0.019083,0.1407,0.1275
136868083,2023/2024,176,135,0.000355,0.015593,0.2751,0.2773
136868084,2023/2024,176,135,0.0,0.000265,0.1013,0.1016
136868842,2023/2024,312,74,6.1e-05,0.00626,0.2769,0.2764
136869072,2023/2024,313,150,0.000128,0.010207,0.2772,0.2726
136924774,2023/2024,317,112,9.9e-05,0.008214,0.2501,0.2477
136924775,2023/2024,316,150,0.000476,0.018434,0.2214,0.2118
137015131,2023/2024,315,112,0.000156,0.010006,0.2815,0.2799
137015132,2023/2024,315,36,0.000143,0.01108,0.2752,0.2685
137015133,2023/2024,314,112,0.000133,0.00961,0.2764,0.2749
137425983,2023/2024,235,151,0.000343,0.014406,0.1581,0.1458
137425984,2023/2024,235,113,2.3e-05,0.004008,0.2551,0.2555
137425985,2023/2024,235,151,4.8e-05,0.00604,0.2548,0.2578
137425986,2023/2024,235,75,5e-06,0.001854,0.2617,0.2625
137425987,2023/2024,235,75,3e-06,0.001326,0.2203,0.2183
137425988,2023/2024,235,151,0.000104,0.008189,0.2724,0.2721
137425989,2023/2024,235,151,3.2e-05,0.003783,0.107,0.1038
137425991,2023/2024,235,37,2e-05,0.003624,0.2558,0.2612
137425992,2023/2024,235,151,0.000669,0.015695,0.0935,0.0785
137425993,2023/2024,235,75,0.000225,0.013571,0.1994,0.2105
137426233,2023/2024,344,150,8.3e-05,0.00814,0.2678,0.2643
137426234,2023/2024,344,150,3.9e-05,0.005211,0.2198,0.2167
137426235,2023/2024,344,112,4.9e-05,0.004427,0.2089,0.2049
137426236,2023/2024,344,150,6e-06,0.002067,0.2954,0.2949
137426237,2023/2024,344,36,7e-06,0.002333,0.3018,0.3003
137426238,2023/2024,343,112,7.7e-05,0.00812,0.2936,0.287
137426239,2023/2024,344,74,1.5e-05,0.003146,0.2797,0.2775
137426240,2023/2024,344,112,1.1e-05,0.00275,0.2763,0.2757
137426241,2023/2024,344,74,0.000225,0.013891,0.2754,0.2835
137426242,2023/2024,344,150,7e-05,0.007553,0.204,0.2113
137426298,2023/2024,224,71,0.000137,0.009464,0.2803,0.2808
137426299,2023/2024,224,109,0.000228,0.012463,0.2727,0.2744
137426301,2023/2024,224,147,3.2e-05,0.004833,0.195,0.1914
137426302,2023/2024,224,147,1e-06,0.000699,0.2777,0.278
137426303,2023/2024,224,147,4.2e-05,0.005644,0.2534,0.2515
137426304,2023/2024,224,147,0.000174,0.012143,0.2657,0.2595
137426305,2023/2024,224,147,0.000159,0.010353,0.2461,0.2431
137426306,2023/2024,224,33,9e-06,0.002535,0.2794,0.2777
137426307,2023/2024,224,109,0.000191,0.012264,0.1958,0.2076
137483653,2023/2024,319,150,0.000268,0.013753,0.2912,0.2882
137483654,2023/2024,318,112,0.000215,0.01167,0.2793,0.2796
139241035,2023/2024,348,75,0.000159,0.01014,0.2857,0.2854
139241036,2023/2024,351,151,1.1e-05,0.0026,0.2793,0.2819
139241037,2023/2024,350,113,2.3e-05,0.0038,0.2958,0.2901
139241038,2023/2024,345,75,3e-06,0.001267,0.1954,0.1948
139241039,2023/2024,346,151,6e-06,0.001833,0.2709,0.2683
139241041,2023/2024,348,113,0.000217,0.012527,0.2909,0.288
139241042,2023/2024,347,151,1e-05,0.002775,0.2917,0.2938
139241043,2023/2024,352,151,7.2e-05,0.007592,0.2318,0.2358
139241045,2023/2024,349,151,9.2e-05,0.007957,0.1811,0.1752
139241046,2023/2024,351,37,8.1e-05,0.00782,0.3016,0.2945
139737616,2023/2024,324,150,0.000213,0.012947,0.2566,0.25
139737617,2023/2024,320,113,4.7e-05,0.00496,0.2633,0.2559
139737618,2023/2024,325,113,0.000235,0.014076,0.271,0.2789
139737620,2023/2024,325,37,0.000321,0.01569,0.2824,0.2774
139737621,2023/2024,321,113,0.000121,0.009157,0.2877,0.2895
139737622,2023/2024,325,151,0.000276,0.01525,0.2313,0.2436
139737624,2023/2024,322,75,1.7e-05,0.002822,0.2384,0.2377
139737625,2023/2024,325,151,0.000129,0.010125,0.2308,0.2236
139737626,2023/2024,323,113,2e-06,0.000637,0.1265,0.1262
139737627,2023/2024,324,75,0.000245,0.01416,0.2274,0.2131
152781768,2024/2025,2,76,0.000192,0.011858,0.2753,0.2728
152781770,2024/2025,1,152,0.000277,0.015271,0.2771,0.2692
152908782,2024/2025,4,38,1.9e-05,0.003788,0.2905,0.2885
152908783,2024/2025,1,114,8.3e-05,0.008004,0.2639,0.2614
152908785,2024/2025,3,114,7.3e-05,0.007481,0.2833,0.2859
153121348,2024/2025,2,152,1e-05,0.002971,0.2456,0.2484
153121349,2024/2025,2,76,0.000187,0.010968,0.2877,0.2881
153121354,2024/2025,1,38,2.6e-05,0.003918,0.2539,0.2503
153121355,2024/2025,1,114,0.000266,0.013499,0.2661,0.2692
153121356,2024/2025,4,152,0.000122,0.009099,0.2708,0.2702
153121359,2024/2025,3,114,1.1e-05,0.00292,0.189,0.1861
153121360,2024/2025,3,152,2.3e-05,0.003878,0.2912,0.2959
153121361,2024/2025,3,152,2.2e-05,0.003,0.1689,0.1678
153121362,2024/2025,2,0,1.7e-05,0.003139,0.2567,0.2533
153121364,2024/2025,5,0,0.00014,0.009735,0.2835,0.2824
153121365,2024/2025,3,76,2.5e-05,0.00465,0.2721,0.2694
153121366,2024/2025,6,152,4.2e-05,0.005378,0.2689,0.2654
153121367,2024/2025,4,76,9e-06,0.002389,0.1954,0.1963
153121371,2024/2025,3,148,4.1e-05,0.005881,0.2624,0.2596
153121372,2024/2025,2,148,0.000138,0.010571,0.2619,0.258
153121383,2024/2025,1,34,1.1e-05,0.002987,0.2548,0.2515
153503374,2024/2025,3,152,0.000353,0.014981,0.2807,0.2805
153503375,2024/2025,3,152,0.000433,0.017484,0.2663,0.2603
153503376,2024/2025,6,152,4.9e-05,0.005705,0.2486,0.2464
153503377,2024/2025,5,114,6.6e-05,0.00729,0.2772,0.274
153503379,2024/2025,8,114,3.4e-05,0.005497,0.2628,0.2585
153503380,2024/2025,4,38,2.8e-05,0.003405,0.2192,0.2195
153503381,2024/2025,4,114,0.000173,0.011537,0.2761,0.2721
153503382,2024/2025,7,148,1.5e-05,0.00318,0.2653,0.2605
153503385,2024/2025,7,114,5.8e-05,0.006923,0.2845,0.288
153503389,2024/2025,6,114,6e-06,0.001925,0.2551,0.2522
153503390,2024/2025,6,72,1e-05,0.002924,0.2727,0.2755
153503391,2024/2025,6,148,1.5e-05,0.00363,0.276,0.2783
153503392,2024/2025,5,38,9e-06,0.002511,0.2767,0.2771
153799321,2024/2025,10,152,0.000236,0.013499,0.2727,0.2686
153799322,2024/2025,7,114,3e-06,0.001418,0.2674,0.2669
153799323,2024/2025,6,0,0.000112,0.008839,0.2664,0.2686
153799333,2024/2025,5,76,3.2e-05,0.005356,0.2702,0.2661
153799336,2024/2025,9,76,3.1e-05,0.004386,0.2667,0.2601
154591797,2024/2025,1,136,1.3e-05,0.003231,0.2226,0.2194
154830973,2024/2025,3,136,0.000375,0.017006,0.25,0.2443
154830974,2024/2025,2,136,0.000242,0.013405,0.2492,0.2454
154830975,2024/2025,2,0,0.000138,0.009977,0.2596,0.2581
154830976,2024/2025,2,102,7.1e-05,0.007591,0.1995,0.1929
154830980,2024/2025,2,102,5.5e-05,0.006385,0.2576,0.2589
154830984,2024/2025,2,136,0.000102,0.009476,0.2505,0.2447
155290854,2024/2025,16,77,3.3e-05,0.004343,0.1967,0.1947
155290856,2024/2025,4,136,1.8e-05,0.003614,0.2589,0.2564
155290863,2024/2025,15,77,9.4e-05,0.008713,0.2854,0.2817
155290864,2024/2025,15,115,5e-06,0.001881,0.2936,0.2908
155290865,2024/2025,14,153,4.3e-05,0.005129,0.2512,0.2502
155290866,2024/2025,13,115,5.3e-05,0.006196,0.292,0.2934
155290867,2024/2025,12,153,2e-05,0.003976,0.2668,0.2634
155290868,2024/2025,11,153,8e-06,0.002353,0.2794,0.2803
155658082,2024/2025,5,0,0.00013,0.009177,0.2679,0.2677
155658106,2024/2025,19,77,2.2e-05,0.003953,0.2639,0.2627
155658107,2024/2025,18,115,3.9e-05,0.005228,0.2893,0.2903
155658109,2024/2025,17,1,0.000198,0.011611,0.2781,0.2759
156528090,2024/2025,8,149,4.6e-05,0.005991,0.1991,0.2053
156559576,2024/2025,6,1,4e-06,0.001639,0.2759,0.2756
156783614,2024/2025,8,153,4e-05,0.005613,0.2746,0.2767
156784040,2024/2025,9,153,6.8e-05,0.007416,0.2399,0.2356
156784045,2024/2025,9,115,0.000113,0.008639,0.2686,0.2674
156784051,2024/2025,9,1,4.8e-05,0.004923,0.1718,0.1693
156784053,2024/2025,9,77,9.5e-05,0.008319,0.2726,0.2705
156784055,2024/2025,9,153,3.6e-05,0.004545,0.2558,0.2576
156784608,2024/2025,9,149,2e-06,0.001259,0.2577,0.2566
156784989,2024/2025,10,153,1.9e-05,0.003392,0.2508,0.2502
156784999,2024/2025,7,39,4.5e-05,0.004636,0.2213,0.2168
156785000,2024/2025,7,153,0.000164,0.011164,0.2901,0.2935
156785012,2024/2025,10,115,7.7e-05,0.00789,0.224,0.2301
156785132,2024/2025,8,77,0.000426,0.017097,0.2035,0.1924
156785133,2024/2025,8,77,3.7e-05,0.005224,0.2898,0.2885
156785143,2024/2025,11,35,4e-05,0.005394,0.2767,0.2756
156833294,2024/2025,8,137,0.000201,0.011138,0.2275,0.225
156833297,2024/2025,7,1,4.1e-05,0.005214,0.27,0.2696
156833298,2024/2025,7,103,0.000125,0.010145,0.2516,0.2476
156833299,2024/2025,7,103,1e-06,0.000729,0.2597,0.2605
156833300,2024/2025,7,137,1.3e-05,0.002902,0.2487,0.2454
156833301,2024/2025,7,137,0.000478,0.018382,0.2497,0.2444
156833303,2024/2025,9,153,2.8e-05,0.004919,0.271,0.2684
156833307,2024/2025,12,115,4e-05,0.005242,0.1985,0.1955
156833310,2024/2025,11,153,9.4e-05,0.007791,0.2558,0.2545
156833311,2024/2025,11,77,0.000157,0.010676,0.2602,0.2581
157282140,2024/2025,12,149,5.2e-05,0.005623,0.2687,0.2687
157282604,2024/2025,13,149,0.000166,0.011619,0.2698,0.2652
157282605,2024/2025,13,39,0.000218,0.012296,0.2874,0.2892
157282608,2024/2025,13,73,0.000154,0.010906,0.2803,0.2838
157282771,2024/2025,9,39,0.000313,0.014682,0.2017,0.192
157282888,2024/2025,14,149,8.3e-05,0.00791,0.2467,0.243
157282889,2024/2025,10,153,1.6e-05,0.003312,0.2819,0.2823
157282890,2024/2025,10,115,0.000353,0.015282,0.2703,0.2668
157334390,2024/2025,12,153,0.000316,0.014662,0.287,0.2888
157334392,2024/2025,10,137,0.000846,0.025396,0.227,0.2149
157334395,2024/2025,9,35,3.7e-05,0.005605,0.2583,0.2612
157706664,2024/2025,11,1,3.1e-05,0.005088,0.2845,0.2806
157706724,2024/2025,20,154,0.000103,0.009239,0.2662,0.2622
157750800,2024/2025,18,154,2.8e-05,0.004313,0.2548,0.2483
157750801,2024/2025,21,150,6.1e-05,0.006188,0.2312,0.2297
157750802,2024/2025,17,116,0.000189,0.012113,0.2855,0.2813
157750803,2024/2025,17,78,0.000114,0.009154,0.2253,0.2193
157750804,2024/2025,20,150,0.00031,0.015382,0.2201,0.2108
157750805,2024/2025,17,154,0.000102,0.007278,0.2238,0.2237
157750806,2024/2025,19,150,6.4e-05,0.007008,0.2499,0.2475
157750807,2024/2025,16,154,9.4e-05,0.007896,0.252,0.2516
157750808,2024/2025,16,154,6e-06,0.001858,0.2418,0.239
157750809,2024/2025,16,40,7e-06,0.001616,0.1928,0.1922
157750810,2024/2025,16,154,4.3e-05,0.00566,0.2684,0.2629
157750811,2024/2025,15,78,2e-06,0.001109,0.2874,0.289
157750812,2024/2025,15,116,0.000298,0.014142,0.2672,0.2627
157750813,2024/2025,15,154,7.1e-05,0.006236,0.1633,0.1663
157750814,2024/2025,14,78,0.000156,0.010442,0.1808,0.1718
157750815,2024/2025,14,2,1.1e-05,0.002542,0.2907,0.294
157750816,2024/2025,14,78,0.0001,0.008786,0.2894,0.296
157750817,2024/2025,14,116,5.6e-05,0.006695,0.2578,0.261
157750818,2024/2025,13,154,0.000264,0.013104,0.2124,0.2067
157750819,2024/2025,15,150,4.9e-05,0.006444,0.2748,0.2799
157750820,2024/2025,26,40,7.7e-05,0.007814,0.2202,0.2147
157750821,2024/2025,25,78,0.00024,0.013345,0.2702,0.2669
157750822,2024/2025,24,116,0.00028,0.014983,0.2924,0.2996
157750823,2024/2025,23,154,0.000187,0.01227,0.2777,0.2714
157750824,2024/2025,22,116,1.7e-05,0.003377,0.2682,0.2631
157750825,2024/2025,21,116,2.1e-05,0.003959,0.2906,0.2895
157750826,2024/2025,14,154,0.000343,0.016559,0.2505,0.245
158001286,2024/2025,18,2,5.3e-05,0.00609,0.2937,0.2925
158001287,2024/2025,13,40,0.000871,0.025035,0.2819,0.2871
158001288,2024/2025,24,78,1.9e-05,0.003372,0.2274,0.2223
158001289,2024/2025,23,2,2e-06,0.00112,0.2871,0.2856
158001310,2024/2025,14,116,4e-06,0.001649,0.2795,0.2809
158222940,2024/2025,46,156,3.6e-05,0.004673,0.2885,0.2876
158946180,2024/2025,27,79,7e-06,0.002116,0.155,0.1574
158946197,2024/2025,16,78,0.00025,0.014501,0.2498,0.2581
158946598,2024/2025,28,155,0.000278,0.013375,0.2965,0.2957
158946602,2024/2025,17,150,8.9e-05,0.00767,0.2821,0.2913
158946634,2024/2025,29,79,0.000122,0.010115,0.2891,0.2838
158946773,2024/2025,18,74,1.4e-05,0.003193,0.2614,0.2589
158946782,2024/2025,30,155,0.000117,0.008688,0.2625,0.2635
158946783,2024/2025,30,3,0.000105,0.008384,0.2922,0.2907
159468224,2024/2025,31,41,0.0003,0.014865,0.2811,0.2754
159468225,2024/2025,31,155,3.3e-05,0.005101,0.2857,0.2828
159468234,2024/2025,20,116,4.2e-05,0.004964,0.2937,0.2935
159468238,2024/2025,20,36,0.000194,0.011375,0.2736,0.2747
159468407,2024/2025,32,79,3.6e-05,0.005573,0.2649,0.2613
159468437,2024/2025,33,154,8.6e-05,0.008658,0.3094,0.3026
159468531,2024/2025,34,154,4.6e-05,0.005868,0.2174,0.2138
160980090,2024/2025,11,36,0.001054,0.028536,0.2473,0.2357
161252166,2024/2025,21,79,4e-06,0.001635,0.2485,0.246
161252167,2024/2025,20,155,7.8e-05,0.008019,0.2408,0.2354
161252168,2024/2025,19,117,0.000693,0.018241,0.1231,0.1067
161252169,2024/2025,19,79,1.5e-05,0.003459,0.1947,0.1913
161252170,2024/2025,19,117,2.5e-05,0.004699,0.2575,0.2546
161252171,2024/2025,19,117,0.000222,0.012404,0.2404,0.2357
161252172,2024/2025,19,3,6.1e-05,0.006892,0.2386,0.2424
161252173,2024/2025,12,138,1.3e-05,0.003335,0.2221,0.2196
161252174,2024/2025,18,117,0.000233,0.012289,0.2646,0.2652
161252175,2024/2025,12,104,4.3e-05,0.005893,0.2431,0.2366
161252176,2024/2025,13,2,2e-05,0.003608,0.2441,0.2452
161252177,2024/2025,12,138,3.3e-05,0.004916,0.1673,0.1634
161252217,2024/2025,12,138,8e-06,0.00237,0.2684,0.2682
161252218,2024/2025,12,138,0.000121,0.009042,0.2464,0.2448
161792352,2024/2025,22,155,0.00013,0.009344,0.2658,0.2662
161792354,2024/2025,23,155,0.000108,0.009312,0.2499,0.2538
161792356,2024/2025,15,104,0.000109,0.009736,0.2584,0.2644
161792357,2024/2025,27,117,0.000325,0.015657,0.2411,0.2476
161792358,2024/2025,27,37,1.7e-05,0.003732,0.2812,0.2793
161792359,2024/2025,27,151,2.4e-05,0.004572,0.2796,0.2766
161792366,2024/2025,14,2,1.8e-05,0.00388,0.2727,0.2756
161792368,2024/2025,26,151,0.000231,0.012852,0.1856,0.1758
162252209,2024/2025,43,156,0.0,0.000392,0.2182,0.2176
162252210,2024/2025,42,42,2.2e-05,0.003982,0.2958,0.2969
162252211,2024/2025,41,80,0.000304,0.013361,0.2355,0.236
162252216,2024/2025,39,156,2e-06,0.001164,0.2269,0.2253
162252217,2024/2025,38,155,1e-06,0.00093,0.2938,0.2924
162252218,2024/2025,37,80,1.8e-05,0.003762,0.2935,0.2915
162252219,2024/2025,36,118,3.6e-05,0.005375,0.287,0.2838
162252220,2024/2025,44,118,3.5e-05,0.005466,0.2961,0.2925
162252258,2024/2025,40,80,0.000175,0.011792,0.2234,0.2316
162252259,2024/2025,35,4,2e-06,0.00102,0.2744,0.274
162525188,2024/2025,27,155,1.6e-05,0.003728,0.2586,0.2615
162525190,2024/2025,26,41,0.000355,0.015701,0.2786,0.2806
162525191,2024/2025,28,151,3.2e-05,0.004963,0.2159,0.2103
162525206,2024/2025,22,117,0.000274,0.013845,0.2888,0.2859
162525209,2024/2025,21,41,1.7e-05,0.00313,0.1339,0.137
162525213,2024/2025,24,41,4.3e-05,0.005556,0.2303,0.2279
162525214,2024/2025,20,117,0.000352,0.016335,0.2694,0.2768
162525216,2024/2025,23,151,7.7e-05,0.008006,0.241,0.2364
162525223,2024/2025,19,3,9.1e-05,0.008043,0.2947,0.2962
162525238,2024/2025,22,79,1.1e-05,0.002409,0.2246,0.2242
162525249,2024/2025,25,151,7.7e-05,0.006293,0.1713,0.1731
162525261,2024/2025,25,79,0.000188,0.011147,0.2281,0.2329
162525282,2024/2025,24,117,0.000374,0.015014,0.2639,0.2621
162525284,2024/2025,23,79,1.8e-05,0.003932,0.2843,0.2881
162525285,2024/2025,23,155,0.000268,0.013707,0.2601,0.2583
163194222,2024/2025,29,80,0.000542,0.020222,0.2238,0.235
163194227,2024/2025,16,139,0.000247,0.013206,0.2583,0.2598
163194237,2024/2025,47,5,8.5e-05,0.007261,0.3049,0.3051
163194238,2024/2025,45,119,9.4e-05,0.008041,0.3048,0.3033
163461421,2024/2025,30,152,2.4e-05,0.004163,0.2491,0.2476
163461432,2024/2025,32,152,6e-06,0.00162,0.1087,0.1075
163461451,2024/2025,31,152,6.5e-05,0.006914,0.2629,0.2615
163461452,2024/2025,18,139,9.4e-05,0.00862,0.2335,0.2299
163461453,2024/2025,26,156,9.5e-05,0.008521,0.2689,0.2666
163461459,2024/2025,25,118,7.2e-05,0.007499,0.2202,0.2157
163461460,2024/2025,25,4,0.000185,0.011388,0.2834,0.2852
163461461,2024/2025,25,80,2e-06,0.001216,0.1815,0.1822
163461462,2024/2025,25,118,6e-06,0.002333,0.2731,0.275
163461463,2024/2025,25,118,4.4e-05,0.005963,0.2725,0.27
163461464,2024/2025,25,156,0.000136,0.010156,0.2003,0.1924
163461465,2024/2025,17,3,0.000499,0.019668,0.2584,0.2529
163461466,2024/2025,17,139,6.2e-05,0.00704,0.2606,0.2533
163461467,2024/2025,17,105,0.000123,0.009992,0.22,0.2258
163461468,2024/2025,17,37,0.000138,0.009723,0.2635,0.2628
163461470,2024/2025,24,156,0.000614,0.021216,0.2385,0.2441
163976485,2024/2025,33,38,2.2e-05,0.003927,0.1794,0.1762
163976493,2024/2025,36,156,0.000197,0.013118,0.2521,0.2444
163976494,2024/2025,35,152,0.000411,0.018454,0.234,0.243
163976497,2024/2025,21,3,0.000129,0.010422,0.2772,0.2828
163976499,2024/2025,20,139,0.000129,0.009957,0.2479,0.2508
163976500,2024/2025,28,156,0.000139,0.009785,0.2205,0.2165
163976501,2024/2025,34,42,0.000191,0.012384,0.2709,0.2756
163976502,2024/2025,34,118,8.9e-05,0.007991,0.2849,0.2869
163976503,2024/2025,34,76,1.2e-05,0.002513,0.2748,0.2785
163976505,2024/2025,19,139,5e-06,0.001059,0.1208,0.1224
163976509,2024/2025,27,80,0.000112,0.009045,0.2701,0.2723
164451535,2024/2025,35,156,0.001117,0.029386,0.2572,0.2435
164451536,2024/2025,34,80,6.5e-05,0.006465,0.2985,0.2974
164451537,2024/2025,33,156,0.000319,0.015112,0.2741,0.2714
164451538,2024/2025,32,42,0.000161,0.011597,0.2493,0.2419
164451539,2024/2025,31,156,0.000194,0.012966,0.2886,0.2802
164451540,2024/2025,30,42,2.4e-05,0.004583,0.281,0.2839
164451541,2024/2025,29,156,0.000504,0.0182,0.2915,0.2891
164451542,2024/2025,28,118,0.000493,0.018793,0.2912,0.287
164451547,2024/2025,37,4,3.2e-05,0.004679,0.2207,0.2189
165444903,2024/2025,48,119,2e-06,0.001201,0.2831,0.2813
165530213,2024/2025,56,119,0.000112,0.009035,0.2789,0.2814
165530214,2024/2025,55,157,3.3e-05,0.004039,0.1998,0.1996
165530215,2024/2025,54,157,0.000229,0.013766,0.2777,0.2714
165530234,2024/2025,51,81,4.4e-05,0.005584,0.2792,0.2765
165744639,2024/2025,49,81,1e-05,0.00287,0.3019,0.3032
165745866,2024/2025,50,43,4e-06,0.00169,0.2795,0.2772
165746575,2024/2025,52,81,7.4e-05,0.006002,0.1181,0.1113
166356394,2024/2025,53,6,3.4e-05,0.004883,0.2919,0.285
166422933,2024/2025,30,157,0.000255,0.012842,0.2673,0.267
166422934,2024/2025,30,119,1.2e-05,0.002885,0.2565,0.2584
166422935,2024/2025,30,119,0.000182,0.009834,0.1879,0.184
166422942,2024/2025,33,157,7.8e-05,0.007538,0.2648,0.263
166422943,2024/2025,31,157,0.000295,0.01367,0.1576,0.1679
166422948,2024/2025,32,5,0.000311,0.014349,0.2693,0.2717
166422954,2024/2025,30,81,9.5e-05,0.008695,0.2794,0.2761
166422955,2024/2025,30,157,5e-06,0.00181,0.2759,0.2778
166422956,2024/2025,29,157,5.5e-05,0.006107,0.1827,0.1862
166422957,2024/2025,57,120,1.4e-05,0.003402,0.2651,0.2632
166997679,2024/2025,34,81,1.1e-05,0.003018,0.219,0.2213
166997680,2024/2025,46,43,2.4e-05,0.004351,0.2698,0.2661
166997681,2024/2025,45,81,2.9e-05,0.004679,0.2034,0.1996
166997682,2024/2025,43,153,5e-06,0.001749,0.2474,0.2486
166997684,2024/2025,44,119,6.3e-05,0.006327,0.2815,0.2806
166997686,2024/2025,26,106,0.000362,0.015443,0.2406,0.2385
166997687,2024/2025,42,119,8.1e-05,0.007385,0.2966,0.2974
166997688,2024/2025,42,81,0.000341,0.014726,0.2246,0.2307
166997690,2024/2025,25,4,4.6e-05,0.006344,0.2475,0.2517
166997692,2024/2025,43,43,0.000276,0.014208,0.2062,0.1957
166997693,2024/2025,43,5,0.000183,0.012153,0.2743,0.269
166997694,2024/2025,42,157,2e-06,0.001108,0.27,0.2716
166997695,2024/2025,41,157,0.00014,0.011038,0.2695,0.2628
166997696,2024/2025,39,39,1e-06,0.0006,0.2576,0.2579
166997698,2024/2025,24,140,0.00043,0.01909,0.2285,0.2209
166997700,2024/2025,40,119,0.000888,0.025739,0.2856,0.2942
166997701,2024/2025,38,153,1.6e-05,0.003782,0.2732,0.2701
166997702,2024/2025,23,140,0.000563,0.019863,0.2588,0.261
166997703,2024/2025,23,38,9.6e-05,0.008383,0.2542,0.2558
166997704,2024/2025,23,140,0.0,0.000438,0.2017,0.2016
166997705,2024/2025,23,4,8e-06,0.002525,0.24,0.2384
166997706,2024/2025,23,140,6.9e-05,0.006918,0.2498,0.2512
166997707,2024/2025,39,157,2e-05,0.00416,0.2467,0.25
166997708,2024/2025,37,153,0.00014,0.00967,0.1735,0.179
166997709,2024/2025,38,81,3.5e-05,0.004661,0.1816,0.1843
166997710,2024/2025,22,106,9.3e-05,0.008285,0.1875,0.1811
166997711,2024/2025,36,43,2.8e-05,0.004652,0.2636,0.2621
166997712,2024/2025,63,158,1.4e-05,0.00335,0.2653,0.2667
166997713,2024/2025,62,44,3.3e-05,0.005364,0.2788,0.2746
166997714,2024/2025,62,82,0.000157,0.010676,0.2568,0.253
166997715,2024/2025,61,158,0.000122,0.008143,0.136,0.1426
166997716,2024/2025,60,82,0.000433,0.018021,0.2664,0.2604
166997717,2024/2025,59,120,3.6e-05,0.004503,0.1434,0.147
166997718,2024/2025,58,158,8.3e-05,0.008408,0.2987,0.2936
166997719,2024/2025,58,82,2.6e-05,0.004383,0.2453,0.2427
167336769,2024/2025,41,77,5.5e-05,0.006324,0.2742,0.2713
167336770,2024/2025,40,153,3e-06,0.001205,0.1382,0.1391
168157236,2024/2025,64,83,1e-06,0.000705,0.2948,0.295
168240949,2024/2025,72,159,4.3e-05,0.005291,0.262,0.2571
168240950,2024/2025,70,159,8.7e-05,0.008667,0.2842,0.2789
168240953,2024/2025,68,159,7.8e-05,0.007532,0.1842,0.1776
168240955,2024/2025,67,159,8e-06,0.002601,0.3031,0.3058
168447351,2024/2025,65,121,9.7e-05,0.008757,0.3034,0.2981
168448723,2024/2025,66,7,5.8e-05,0.006821,0.2872,0.2837
169079955,2024/2025,69,83,4.3e-05,0.005569,0.2705,0.2693
169081170,2024/2025,71,83,9.8e-05,0.008757,0.2147,0.2056
169150142,2024/2025,37,158,6.5e-05,0.007177,0.2671,0.2696
169150145,2024/2025,36,6,0.000287,0.014179,0.2715,0.269
169150146,2024/2025,36,120,8.5e-05,0.007119,0.1502,0.1446
169150147,2024/2025,36,120,2e-06,0.000862,0.1138,0.1151
169150148,2024/2025,36,120,6e-06,0.002317,0.2588,0.2608
169150149,2024/2025,36,82,3.9e-05,0.004866,0.2513,0.2514
169150151,2024/2025,39,158,0.000385,0.017171,0.2537,0.2492
169150152,2024/2025,38,82,2.9e-05,0.00437,0.24,0.2391
169150153,2024/2025,38,158,0.0001,0.009151,0.2668,0.2623
169150156,2024/2025,35,158,0.000265,0.013575,0.2427,0.2462
169703210,2024/2025,73,45,0.000543,0.020766,0.2278,0.2169
169762468,2024/2025,55,158,0.000318,0.015436,0.2634,0.2588
169762469,2024/2025,50,154,0.000258,0.014048,0.2133,0.206
169762470,2024/2025,32,141,9.2e-05,0.007684,0.1444,0.1381
169762471,2024/2025,54,82,0.000147,0.009087,0.2694,0.2689
169762472,2024/2025,31,141,2.9e-05,0.00499,0.2078,0.2117
169762473,2024/2025,49,154,0.000357,0.016564,0.2537,0.2595
169762474,2024/2025,49,154,2.7e-05,0.004534,0.2731,0.2764
169762475,2024/2025,49,40,4.2e-05,0.005212,0.2517,0.2508
169762476,2024/2025,30,39,0.000423,0.017489,0.2734,0.2767
169762477,2024/2025,53,120,6.9e-05,0.005466,0.2374,0.2375
169762478,2024/2025,53,44,0.000322,0.016355,0.229,0.2171
169762479,2024/2025,48,154,0.000138,0.00949,0.2733,0.2737
169762482,2024/2025,52,120,2.1e-05,0.003091,0.2295,0.2249
169762484,2024/2025,47,154,2.1e-05,0.003834,0.2525,0.2531
169762486,2024/2025,51,158,0.000478,0.018377,0.2095,0.1979
169762487,2024/2025,46,78,8.3e-05,0.007934,0.2463,0.2498
169762488,2024/2025,29,5,0.000406,0.017142,0.2714,0.2669
169762489,2024/2025,50,120,0.000108,0.008861,0.2128,0.2078
169762491,2024/2025,45,44,7e-05,0.006813,0.2689,0.2684
169762492,2024/2025,28,107,0.000491,0.018543,0.2576,0.2594
169762493,2024/2025,28,141,5e-06,0.002013,0.2767,0.2754
169762494,2024/2025,28,107,6.7e-05,0.007183,0.2669,0.2689
169762495,2024/2025,28,5,6.3e-05,0.004476,0.0837,0.0805
169762496,2024/2025,49,82,2e-06,0.001138,0.28,0.2814
169762497,2024/2025,48,44,0.00015,0.010508,0.2688,0.2659
169762498,2024/2025,44,120,8.3e-05,0.007482,0.1825,0.1877
169762499,2024/2025,27,141,2.1e-05,0.00383,0.2514,0.2518
169762500,2024/2025,47,6,0.000256,0.012291,0.2566,0.257
171009035,2024/2025,74,8,3.2e-05,0.005175,0.3033,0.3005
171082432,2024/2025,82,160,3.2e-05,0.005221,0.295,0.298
171082433,2024/2025,81,160,3.7e-05,0.005429,0.2847,0.2805
171082434,2024/2025,80,122,1.1e-05,0.001915,0.2008,0.198
171082435,2024/2025,79,84,0.000493,0.018716,0.2849,0.281
171082436,2024/2025,78,160,9.3e-05,0.008331,0.1856,0.1778
171082437,2024/2025,77,84,2e-06,0.001112,0.278,0.2778
171082438,2024/2025,77,46,5e-05,0.006434,0.2746,0.2717
171082439,2024/2025,76,160,2.3e-05,0.004156,0.2969,0.2907
171082440,2024/2025,75,84,0.000227,0.012312,0.2774,0.2787
173892549,2024/2025,33,6,8.7e-05,0.007422,0.2229,0.2205
173892561,2024/2025,83,85,3.2e-05,0.005209,0.25,0.246
173892565,2024/2025,51,155,4e-06,0.001778,0.2535,0.2543
174190733,2024/2025,54,155,4.3e-05,0.004948,0.1283,0.133
174190734,2024/2025,87,161,3e-05,0.003916,0.2304,0.2296
174190735,2024/2025,58,159,2.5e-05,0.004681,0.2804,0.2759
174190736,2024/2025,53,83,0.000103,0.009461,0.2408,0.2485
174190737,2024/2025,35,142,5.7e-05,0.007023,0.212,0.2061
174190738,2024/2025,86,85,0.000477,0.019272,0.2756,0.2677
174190739,2024/2025,43,83,9.9e-05,0.009039,0.2309,0.2359
174190742,2024/2025,57,159,1.1e-05,0.002847,0.1906,0.1933
174190764,2024/2025,52,155,1.6e-05,0.003589,0.2733,0.272
174190765,2024/2025,85,161,4e-05,0.005778,0.2895,0.286
174190766,2024/2025,41,121,0.000774,0.022763,0.2745,0.2759
174190767,2024/2025,41,159,0.000145,0.010012,0.2707,0.2717
174190768,2024/2025,41,121,0.000479,0.019619,0.2543,0.2462
174190769,2024/2025,41,121,6.6e-05,0.006539,0.273,0.2733
174190770,2024/2025,34,40,0.000149,0.010246,0.2628,0.2639
174190771,2024/2025,34,142,0.000567,0.021609,0.2508,0.2604
174190772,2024/2025,34,108,0.000394,0.017497,0.2211,0.2145
174190773,2024/2025,34,142,0.00015,0.009303,0.1616,0.1574
174190774,2024/2025,56,121,0.000502,0.019414,0.283,0.2888
174190775,2024/2025,56,7,0.000172,0.011965,0.2285,0.2206
174190776,2024/2025,84,85,0.000123,0.010148,0.2355,0.2267
174190777,2024/2025,40,159,8e-06,0.002537,0.1939,0.1916
174190782,2024/2025,42,7,5.9e-05,0.006152,0.2857,0.286
174190783,2024/2025,34,142,3.7e-05,0.004649,0.2411,0.2404
174815179,2024/2025,91,161,1.2e-05,0.002747,0.1599,0.1618
174815180,2024/2025,57,155,2.9e-05,0.00488,0.2362,0.2413
174815182,2024/2025,90,161,8.5e-05,0.008362,0.2621,0.258
174815183,2024/2025,61,121,0.000642,0.021356,0.2748,0.2715
174815184,2024/2025,37,108,0.000109,0.008538,0.2602,0.2609
174815186,2024/2025,56,155,2.1e-05,0.004234,0.2794,0.2769
174815187,2024/2025,56,79,1e-06,0.000689,0.2595,0.2585
174815188,2024/2025,89,9,8.1e-05,0.00795,0.2446,0.2391
174815189,2024/2025,36,6,0.000271,0.015376,0.2518,0.2613
174815190,2024/2025,60,45,8e-06,0.001924,0.2177,0.2148
174815191,2024/2025,60,83,0.000104,0.008692,0.2772,0.2794
174815192,2024/2025,55,41,0.0,0.000139,0.2639,0.2639
174815193,2024/2025,44,159,3.7e-05,0.004038,0.1059,0.1093
174815194,2024/2025,88,123,1.4e-05,0.003346,0.3021,0.3042
174815195,2024/2025,59,121,0.00032,0.014487,0.2727,0.2757
174815239,2024/2025,56,45,0.000144,0.010342,0.2684,0.2707
174815241,2024/2025,45,159,6.8e-05,0.006959,0.2196,0.2166
174815242,2024/2025,62,159,0.000442,0.017003,0.2656,0.2647
175378050,2024/2025,92,47,0.00015,0.011165,0.2968,0.291
175378051,2024/2025,46,83,8e-05,0.007773,0.2802,0.2781
175378052,2024/2025,63,83,0.000424,0.017514,0.2772,0.2722
176188618,2024/2025,47,84,9e-06,0.002466,0.2678,0.2703
176188619,2024/2025,38,143,0.000122,0.009098,0.2552,0.2548
176188625,2024/2025,93,86,0.00013,0.009029,0.272,0.2715
176188626,2024/2025,65,8,0.000123,0.008896,0.2711,0.271
176188627,2024/2025,64,122,2.8e-05,0.004401,0.2801,0.279
176455462,2024/2025,40,109,1.1e-05,0.002975,0.1967,0.1993
176455467,2024/2025,48,8,7.1e-05,0.006825,0.2545,0.2568
176455468,2024/2025,39,143,1e-06,0.000931,0.2402,0.2406
176455469,2024/2025,39,143,6.8e-05,0.007332,0.2691,0.2665
176455470,2024/2025,39,7,0.000134,0.008202,0.1404,0.1354
176455472,2024/2025,94,86,1.5e-05,0.003152,0.2533,0.2486
176455474,2024/2025,67,160,0.000164,0.010825,0.1873,0.1796
176455475,2024/2025,48,122,7.4e-05,0.003596,0.0417,0.0378
176455476,2024/2025,48,84,1.5e-05,0.003216,0.264,0.2622
176455482,2024/2025,97,162,3.6e-05,0.005462,0.2521,0.248
176455484,2024/2025,96,48,1e-05,0.002725,0.2819,0.2811
176455485,2024/2025,49,122,1e-06,0.000749,0.2782,0.2791
176455486,2024/2025,226,177,0.000154,0.011026,0.2764,0.2724
176455492,2024/2025,95,124,2.2e-05,0.003905,0.2902,0.2882
176455494,2024/2025,48,160,0.000103,0.008582,0.196,0.2012
176455495,2024/2025,39,7,0.00016,0.010628,0.2709,0.2695
176455497,2024/2025,66,84,2e-06,0.001143,0.1999,0.1982
176981611,2024/2025,101,162,0.000112,0.00839,0.2914,0.2921
176981612,2024/2025,71,160,0.000334,0.016562,0.2663,0.2592
176981613,2024/2025,43,41,9.5e-05,0.009002,0.2415,0.2371
176981614,2024/2025,100,162,9e-05,0.007535,0.2916,0.2915
176981615,2024/2025,70,160,0.00038,0.015876,0.2726,0.2701
176981616,2024/2025,42,143,0.00012,0.009593,0.2683,0.2652
176981617,2024/2025,51,160,0.000147,0.010405,0.2605,0.2627
176981620,2024/2025,99,162,8e-06,0.002275,0.2926,0.2892
176981621,2024/2025,41,109,0.000117,0.006609,0.0818,0.0875
176981622,2024/2025,69,46,0.000184,0.01242,0.2864,0.2798
176981623,2024/2025,69,122,0.0,0.000362,0.2275,0.2275
176981624,2024/2025,50,160,9.9e-05,0.008124,0.2636,0.2638
176981625,2024/2025,50,160,4.4e-05,0.005081,0.2386,0.238
176981626,2024/2025,50,160,0.000128,0.009857,0.2454,0.2423
176981630,2024/2025,68,46,0.000181,0.010712,0.2833,0.2834
176981641,2024/2025,98,10,1.8e-05,0.003783,0.2913,0.2877
177491191,2024/2025,102,124,8e-06,0.002495,0.2973,0.2981
178194477,2024/2025,64,156,3e-06,0.001442,0.2229,0.2208
178194479,2024/2025,63,156,0.000227,0.013509,0.2669,0.2721
178194480,2024/2025,63,80,9.2e-05,0.007401,0.2587,0.2589
178194481,2024/2025,63,156,0.000213,0.011964,0.2689,0.2675
178194484,2024/2025,61,156,1.1e-05,0.002905,0.2849,0.2835
178194486,2024/2025,60,156,0.0004,0.016863,0.2721,0.2747
178194487,2024/2025,59,84,3.2e-05,0.004881,0.2816,0.2787
178194490,2024/2025,58,42,7.9e-05,0.007924,0.2164,0.2101
178650201,2024/2025,62,46,1e-06,0.000701,0.2359,0.2348
179595223,2024/2025,56,161,0.000175,0.011307,0.2673,0.2652
179595224,2024/2025,55,161,9.1e-05,0.007798,0.2374,0.2356
179595225,2024/2025,54,161,1.1e-05,0.002858,0.2584,0.2594
179595226,2024/2025,53,123,0.000485,0.019253,0.2738,0.2796
179595227,2024/2025,53,85,0.000241,0.014235,0.2543,0.2472
179595228,2024/2025,53,161,7.3e-05,0.006965,0.2274,0.2248
179595229,2024/2025,53,9,0.000149,0.010069,0.2707,0.2695
179595230,2024/2025,53,85,1.9e-05,0.003646,0.1972,0.1995
179595231,2024/2025,52,161,0.000151,0.010698,0.251,0.254
180209799,2024/2025,57,123,2.1e-05,0.004258,0.2414,0.2392
180209800,2024/2025,109,163,6.4e-05,0.007387,0.288,0.2836
180209801,2024/2025,72,157,2e-05,0.003632,0.2762,0.2758
180209802,2024/2025,108,163,0.000122,0.009188,0.2919,0.2906
180209803,2024/2025,48,110,0.000194,0.011418,0.2551,0.2558
180209804,2024/2025,71,43,5.1e-05,0.006201,0.2676,0.2661
180209805,2024/2025,71,47,8e-06,0.002375,0.2686,0.2697
180209806,2024/2025,107,87,1e-06,0.000311,0.0645,0.0646
180209807,2024/2025,47,144,0.00016,0.010387,0.2404,0.2373
180209808,2024/2025,70,81,8e-06,0.002686,0.2794,0.277
180209809,2024/2025,106,49,0.000179,0.011945,0.2263,0.2175
180209810,2024/2025,69,85,1.1e-05,0.002929,0.2472,0.2459
180209811,2024/2025,169,169,2.9e-05,0.003579,0.2487,0.2447
180209812,2024/2025,68,157,0.000138,0.009628,0.275,0.2755
180209813,2024/2025,46,144,0.000743,0.022509,0.2569,0.2548
180209814,2024/2025,159,130,3.3e-05,0.005359,0.246,0.2416
180209815,2024/2025,67,157,6e-06,0.001751,0.1635,0.1661
180209816,2024/2025,105,11,0.000457,0.018672,0.2668,0.2577
180209817,2024/2025,45,8,4.6e-05,0.006242,0.2493,0.2553
180209818,2024/2025,45,144,3e-06,0.001471,0.2585,0.2578
180209819,2024/2025,45,8,0.000266,0.013041,0.2597,0.2606
180209820,2024/2025,45,110,8e-06,0.002368,0.1788,0.1805
180209821,2024/2025,45,144,0.000237,0.011212,0.132,0.1224
180209822,2024/2025,104,87,3.8e-05,0.005084,0.2395,0.2414
180209823,2024/2025,66,157,1.1e-05,0.002953,0.2577,0.2544
180209824,2024/2025,103,125,9.6e-05,0.007793,0.2909,0.2911
180209825,2024/2025,44,144,1.8e-05,0.003684,0.1985,0.2027
180209826,2024/2025,65,123,1e-06,0.000608,0.1617,0.1624
180209827,2024/2025,77,161,0.000435,0.018579,0.2463,0.2372
180209828,2024/2025,77,9,0.000115,0.008928,0.2764,0.2752
180209829,2024/2025,76,123,0.000347,0.015352,0.2278,0.2332
180209830,2024/2025,75,47,8e-06,0.001645,0.2129,0.2108
180209831,2024/2025,75,85,0.000565,0.018984,0.1745,0.1607
180209832,2024/2025,74,47,7.7e-05,0.007289,0.2877,0.2887
180209833,2024/2025,74,123,8.2e-05,0.006057,0.2311,0.2312
180209834,2024/2025,73,160,5.5e-05,0.006296,0.2681,0.2667
180209835,2024/2025,72,85,5.6e-05,0.006374,0.28,0.2788
180209836,2024/2025,72,123,0.000464,0.017764,0.2743,0.2767
180209839,2024/2025,110,163,2.1e-05,0.004119,0.29,0.2883
181508812,2024/2025,81,162,7.6e-05,0.007914,0.2627,0.2591
181723791,2024/2025,78,86,0.000155,0.011222,0.2404,0.2321
181724598,2024/2025,79,162,0.000173,0.011943,0.2651,0.2715
181724798,2024/2025,80,86,0.000145,0.008845,0.2542,0.2531
182340187,2024/2025,82,162,2e-06,0.001218,0.2427,0.2434
182340515,2024/2025,83,162,9.9e-05,0.008264,0.2602,0.262
182340598,2024/2025,84,48,6.1e-05,0.005717,0.1298,0.1245
182404256,2024/2025,62,162,6.1e-05,0.006406,0.2595,0.2597
182404257,2024/2025,61,10,0.000184,0.010186,0.1469,0.139
182404258,2024/2025,61,86,0.000248,0.013619,0.2643,0.26
182404259,2024/2025,61,124,0.00049,0.01921,0.2252,0.214
182404260,2024/2025,60,162,6e-05,0.006216,0.2331,0.2311
182404261,2024/2025,59,162,3.4e-05,0.004782,0.2239,0.2223
182404280,2024/2025,58,124,1.2e-05,0.00303,0.2541,0.2529
182404281,2024/2025,58,162,0.000107,0.008376,0.2665,0.2659
182404282,2024/2025,58,124,7.4e-05,0.00762,0.2771,0.2743
182404283,2024/2025,58,86,1.2e-05,0.002678,0.257,0.2604
182911612,2024/2025,85,10,1.8e-05,0.003626,0.2954,0.2899
182911613,2024/2025,85,48,8e-06,0.002315,0.267,0.2635
182911657,2024/2025,86,124,5.2e-05,0.006266,0.1975,0.1921
182967017,2024/2025,118,164,0.000168,0.011678,0.2212,0.2119
182967018,2024/2025,79,86,6e-06,0.0016,0.2093,0.2087
182967020,2024/2025,54,43,0.000122,0.008643,0.2592,0.2591
182967022,2024/2025,117,88,1.5e-05,0.003303,0.2389,0.2405
182967023,2024/2025,114,12,3.4e-05,0.005175,0.2983,0.2959
182967024,2024/2025,53,145,0.000311,0.014763,0.2334,0.2305
182967025,2024/2025,78,82,3e-05,0.004981,0.2758,0.2735
182967026,2024/2025,78,44,2.3e-05,0.004284,0.27,0.2718
182967027,2024/2025,78,158,6.2e-05,0.006132,0.2538,0.2545
182967029,2024/2025,116,126,5.3e-05,0.006389,0.2942,0.2966
182967031,2024/2025,52,145,6e-06,0.002114,0.2558,0.2562
182967032,2024/2025,77,158,2.9e-05,0.004877,0.2798,0.2821
182967035,2024/2025,115,164,7e-06,0.002117,0.2622,0.2626
182967037,2024/2025,76,124,3e-06,0.000738,0.1213,0.1208
182967039,2024/2025,117,88,3.7e-05,0.005138,0.3007,0.2957
182967042,2024/2025,75,158,2e-06,0.001112,0.2652,0.2638
182967044,2024/2025,51,145,2.9e-05,0.004559,0.234,0.2326
182967045,2024/2025,159,92,0.000132,0.009606,0.2948,0.2929
182967048,2024/2025,74,158,0.00017,0.01048,0.269,0.2701
182967050,2024/2025,113,126,1.5e-05,0.003185,0.2384,0.2392
182967052,2024/2025,50,9,1.3e-05,0.002639,0.1432,0.1451
182967053,2024/2025,50,111,0.000164,0.009894,0.1353,0.1438
182967054,2024/2025,50,145,4.6e-05,0.005709,0.248,0.2493
182967055,2024/2025,50,9,2e-05,0.003344,0.2272,0.2284
182967056,2024/2025,112,163,7e-06,0.002145,0.1921,0.1907
182967058,2024/2025,111,50,0.00011,0.009635,0.2805,0.2752
182967059,2024/2025,73,48,8.6e-05,0.008025,0.2375,0.2402
182967060,2024/2025,49,145,1e-06,0.000633,0.29,0.2909
183869746,2024/2025,87,11,0.00012,0.009331,0.2862,0.2835
184105715,2024/2025,88,87,0.00026,0.013672,0.3029,0.307
184206513,2024/2025,95,163,0.000315,0.015562,0.239,0.2314
184406791,2024/2025,89,49,0.000351,0.015917,0.2776,0.2746
184407656,2024/2025,90,125,0.000462,0.017076,0.2253,0.2298
184407902,2024/2025,91,163,2e-06,0.001136,0.2204,0.219
185014209,2024/2025,92,163,0.000138,0.009611,0.1845,0.1781
185015100,2024/2025,93,163,0.000237,0.013044,0.1898,0.1789
185015104,2024/2025,93,162,0.000335,0.015391,0.2817,0.279
185015404,2024/2025,94,87,6.3e-05,0.006011,0.2475,0.2486
186813811,2024/2025,81,83,0.000188,0.010784,0.1438,0.153
186813812,2024/2025,119,89,6e-06,0.001378,0.2443,0.2422
186813813,2024/2025,55,146,7e-05,0.004981,0.0843,0.0793
186813814,2024/2025,80,159,2e-06,0.001378,0.2307,0.2317
187076929,2024/2025,123,165,2.4e-05,0.003146,0.1929,0.1921
187076930,2024/2025,98,50,1.2e-05,0.002012,0.2067,0.2038
187076931,2024/2025,57,112,8e-06,0.001886,0.2312,0.234
187076932,2024/2025,122,88,0.000159,0.011332,0.2311,0.2225
187076962,2024/2025,65,163,9.4e-05,0.008759,0.2086,0.2028
187076963,2024/2025,97,163,3.3e-05,0.004835,0.2761,0.2769
187076967,2024/2025,82,159,4.1e-05,0.005717,0.2771,0.2751
187076969,2024/2025,64,125,1.4e-05,0.003274,0.2031,0.201
187076970,2024/2025,64,125,2.3e-05,0.004463,0.268,0.2655
187076971,2024/2025,64,163,5.1e-05,0.00672,0.2563,0.2514
187076972,2024/2025,64,87,4e-05,0.005107,0.2438,0.2428
187076973,2024/2025,56,146,0.000146,0.01008,0.2768,0.2787
187076974,2024/2025,56,146,0.000848,0.025759,0.263,0.2712
187076975,2024/2025,56,146,0.000247,0.012908,0.2593,0.2573
187076976,2024/2025,56,112,0.000101,0.007713,0.1487,0.143
187076977,2024/2025,56,44,4.1e-05,0.005445,0.1749,0.1803
187076978,2024/2025,96,164,0.000268,0.013233,0.1813,0.1897
187076979,2024/2025,120,163,1.3e-05,0.002973,0.2968,0.2944
187076980,2024/2025,63,125,8e-06,0.002137,0.2392,0.2396
187076984,2024/2025,121,127,5e-06,0.001417,0.2369,0.2353
187076985,2024/2025,84,159,5.8e-05,0.00629,0.2631,0.2627
187076986,2024/2025,83,87,6e-05,0.006263,0.2637,0.2635
187076987,2024/2025,64,87,0.000161,0.010281,0.2699,0.2703
187076988,2024/2025,122,51,6e-06,0.002004,0.2927,0.2951
187649727,2024/2025,127,165,0.000133,0.010625,0.2896,0.2835
187649728,2024/2025,102,163,0.00012,0.009053,0.2646,0.2626
187649729,2024/2025,87,159,0.000105,0.00911,0.2339,0.2382
187649732,2024/2025,126,13,2.8e-05,0.003399,0.2246,0.2247
187649733,2024/2025,101,164,3e-06,0.001269,0.2671,0.2652
187649734,2024/2025,59,10,0.000112,0.008324,0.2565,0.2585
187649735,2024/2025,67,11,4.9e-05,0.006135,0.256,0.2583
187649737,2024/2025,86,49,0.0,0.000277,0.2392,0.2395
187649738,2024/2025,86,45,1.4e-05,0.003203,0.2651,0.2663
187649739,2024/2025,125,126,1.8e-05,0.003762,0.2891,0.2876
187649743,2024/2025,58,10,0.000111,0.009876,0.2604,0.2671
187649744,2024/2025,100,88,7.8e-05,0.007085,0.2883,0.2896
187649745,2024/2025,100,12,0.000202,0.011232,0.2584,0.2585
187649746,2024/2025,85,159,2.9e-05,0.004936,0.2591,0.2563
187649747,2024/2025,66,125,0.000508,0.018234,0.1676,0.1821
187649750,2024/2025,124,164,7.8e-05,0.008022,0.2669,0.2634
187649752,2024/2025,99,126,0.000115,0.009851,0.2867,0.2813
188203048,2024/2025,68,163,0.000335,0.01657,0.2441,0.2352
188203049,2024/2025,104,50,0.000283,0.014332,0.2865,0.283
188203050,2024/2025,103,126,1e-06,0.000626,0.3035,0.3025
189091581,2024/2025,69,126,3.1e-05,0.004781,0.1838,0.1878
189091582,2024/2025,105,127,0.000184,0.012646,0.266,0.2582
189091583,2024/2025,60,11,0.000265,0.014014,0.2647,0.26
189091587,2024/2025,128,128,4.2e-05,0.005582,0.2984,0.2966
189091588,2024/2025,88,160,5e-06,0.001844,0.2757,0.276
189312708,2024/2025,91,160,3.4e-05,0.00389,0.1025,0.106
189312709,2024/2025,132,90,7.9e-05,0.007382,0.2321,0.2357
189312710,2024/2025,108,51,2e-05,0.00413,0.2373,0.234
189312716,2024/2025,131,89,8e-06,0.002309,0.2694,0.2682
189312717,2024/2025,71,164,0.000314,0.015976,0.2521,0.259
189312722,2024/2025,130,14,0.000239,0.013518,0.2858,0.281
189312724,2024/2025,70,88,1.3e-05,0.002971,0.2679,0.2677
189312725,2024/2025,70,164,6.6e-05,0.006921,0.2754,0.2742
189312726,2024/2025,70,126,0.000196,0.011215,0.2426,0.2414
189312727,2024/2025,61,147,4.3e-05,0.005597,0.2422,0.2444
189312728,2024/2025,61,113,2e-06,0.001065,0.2415,0.2429
189312729,2024/2025,61,147,5.8e-05,0.006337,0.2622,0.2614
189312730,2024/2025,61,113,6e-06,0.0019,0.2548,0.2577
189312731,2024/2025,61,147,0.000132,0.009312,0.2489,0.2473
189312732,2024/2025,106,13,0.00027,0.013987,0.263,0.258
189312733,2024/2025,129,52,4.2e-05,0.004642,0.1228,0.1186
189312742,2024/2025,70,12,0.000532,0.020374,0.2561,0.2471
189312744,2024/2025,62,147,0.000322,0.014819,0.1875,0.1939
189312746,2024/2025,90,160,1e-06,0.000807,0.2519,0.2507
189312747,2024/2025,89,88,7e-06,0.002182,0.2469,0.244
189312753,2024/2025,107,127,9e-06,0.002167,0.2143,0.2175
189758516,2024/2025,136,166,2.8e-05,0.004312,0.2984,0.299
189758517,2024/2025,111,89,0.000303,0.015662,0.2503,0.2606
189758518,2024/2025,94,160,2.9e-05,0.004602,0.2644,0.2654
189758521,2024/2025,135,127,3.9e-05,0.005015,0.2876,0.2878
189758523,2024/2025,64,45,0.000144,0.010447,0.2488,0.251
189758525,2024/2025,93,46,3e-06,0.001296,0.2815,0.2814
189758527,2024/2025,73,164,3e-06,0.001623,0.264,0.2627
189758531,2024/2025,134,165,5e-06,0.001726,0.2035,0.2028
189758532,2024/2025,63,147,2.2e-05,0.004338,0.2505,0.2483
189758533,2024/2025,110,165,9.9e-05,0.009183,0.2827,0.2881
189758534,2024/2025,110,51,2.7e-05,0.003544,0.2213,0.2212
189758535,2024/2025,92,160,3.6e-05,0.005399,0.2506,0.2567
189758539,2024/2025,72,126,0.00015,0.010994,0.2302,0.2247
189758540,2024/2025,72,164,0.00011,0.008998,0.2674,0.2643
189758541,2024/2025,72,164,0.000124,0.010084,0.2516,0.2469
189758542,2024/2025,109,127,5e-06,0.002027,0.2701,0.2689
189758545,2024/2025,133,90,9.9e-05,0.009302,0.2552,0.2496
189758574,2024/2025,93,50,5e-05,0.00622,0.2755,0.2774
189758577,2024/2025,93,160,5e-06,0.00193,0.2654,0.2648
190444544,2024/2025,137,166,7e-06,0.00254,0.2844,0.2825
190444545,2024/2025,112,165,0.000201,0.011121,0.2469,0.2474
193166609,2024/2025,79,89,4.1e-05,0.0057,0.2565,0.2582
193166610,2024/2025,78,127,1e-05,0.002611,0.2659,0.2679
193166611,2024/2025,77,127,0.000254,0.014699,0.2388,0.231
193166612,2024/2025,77,165,0.000137,0.009925,0.2466,0.2436
193166616,2024/2025,76,127,0.000259,0.013311,0.1867,0.1955
193166617,2024/2025,76,165,0.000193,0.012205,0.2425,0.2477
193166618,2024/2025,76,89,0.000198,0.011731,0.1903,0.1827
193166619,2024/2025,76,165,9e-06,0.00246,0.2695,0.2679
193166620,2024/2025,75,127,5e-06,0.001987,0.2659,0.2652
193166621,2024/2025,74,13,1e-06,0.000625,0.278,0.2775
193935346,2024/2025,122,90,3.2e-05,0.004672,0.2982,0.2974
193935347,2024/2025,148,167,0.00016,0.011201,0.2476,0.2405
193935348,2024/2025,121,166,8e-06,0.002556,0.2804,0.279
193935349,2024/2025,102,89,1e-05,0.002355,0.2472,0.2477
193935351,2024/2025,147,129,0.000225,0.01235,0.2856,0.2872
193935353,2024/2025,120,14,1.7e-05,0.003495,0.2821,0.2803
193935354,2024/2025,69,148,0.000291,0.01444,0.266,0.2682
193935356,2024/2025,101,161,8e-06,0.002514,0.2814,0.2789
193935357,2024/2025,101,161,2.1e-05,0.003699,0.2705,0.2703
193935359,2024/2025,146,166,6.9e-05,0.0078,0.2748,0.2688
193935361,2024/2025,68,148,3.2e-05,0.005061,0.2687,0.2708
193935362,2024/2025,119,128,0.00037,0.015785,0.2946,0.2966
193935363,2024/2025,100,161,3.2e-05,0.0051,0.2179,0.2134
193935365,2024/2025,145,15,3.4e-05,0.004681,0.2937,0.2943
193935366,2024/2025,118,128,0.00024,0.013409,0.2054,0.1957
193935369,2024/2025,99,127,2.2e-05,0.003605,0.247,0.2475
193935370,2024/2025,144,91,0.000202,0.011066,0.2645,0.2641
193935371,2024/2025,117,90,0.000438,0.018216,0.2563,0.2476
193935372,2024/2025,98,47,8.6e-05,0.008081,0.195,0.2019
193935374,2024/2025,67,148,0.000129,0.010049,0.2553,0.2583
193935375,2024/2025,143,128,2.4e-05,0.004232,0.3021,0.2972
193935376,2024/2025,116,165,1.3e-05,0.00343,0.2757,0.2726
193935377,2024/2025,97,85,1e-05,0.002967,0.2595,0.2621
193935379,2024/2025,142,167,4.7e-05,0.006403,0.2458,0.2399
193935381,2024/2025,66,12,0.000165,0.011799,0.2428,0.2496
193935382,2024/2025,66,114,8.5e-05,0.008501,0.2493,0.2537
193935383,2024/2025,66,148,5.3e-05,0.006503,0.2086,0.2154
193935384,2024/2025,66,46,4.8e-05,0.003701,0.0675,0.0637
193935385,2024/2025,66,12,8e-06,0.001301,0.167,0.169
193935386,2024/2025,115,128,0.00027,0.013395,0.2954,0.2939
193935388,2024/2025,141,53,0.00011,0.009421,0.2572,0.2521
193935392,2024/2025,96,51,0.0,0.000341,0.1658,0.1654
193935393,2024/2025,140,130,4e-06,0.001812,0.2835,0.2813
193935394,2024/2025,114,165,0.000487,0.019454,0.2393,0.2312
193935395,2024/2025,65,148,6.5e-05,0.005846,0.2423,0.2438
193935396,2024/2025,95,161,5.6e-05,0.005776,0.2596,0.2592
193935397,2024/2025,113,52,0.00019,0.01017,0.1338,0.1242
193935399,2024/2025,139,166,3.8e-05,0.005334,0.281,0.2773
193935400,2024/2025,138,129,9e-06,0.002109,0.2399,0.2397
193935402,2024/2025,149,90,0.000102,0.007261,0.2647,0.2652
195659456,2024/2025,82,128,7e-06,0.002396,0.2637,0.2658
195659457,2024/2025,81,90,6.2e-05,0.007033,0.2713,0.2682
195659458,2024/2025,83,166,0.00011,0.008631,0.2518,0.2521
195659459,2024/2025,80,166,3.3e-05,0.004495,0.259,0.2583
195659460,2024/2025,80,128,0.000193,0.011913,0.261,0.2632
195659461,2024/2025,80,128,0.000183,0.010957,0.1681,0.1589
195840961,2024/2025,137,175,1e-06,0.000666,0.1912,0.191
196645413,2024/2025,82,14,4.9e-05,0.006207,0.265,0.2626
196645415,2024/2025,82,128,1.4e-05,0.003356,0.2531,0.2569
196861243,2024/2025,84,166,0.000187,0.012523,0.2361,0.2292
197601582,2024/2025,131,166,0.000156,0.010238,0.266,0.2667
197601583,2024/2025,158,16,9.5e-05,0.006531,0.1112,0.1053
197601584,2024/2025,130,129,2e-06,0.001226,0.224,0.2255
197601585,2024/2025,109,162,7.4e-05,0.006936,0.1611,0.1655
197601586,2024/2025,75,149,0.000148,0.010139,0.2527,0.2535
197601587,2024/2025,157,54,0.0,0.000267,0.2571,0.2573
197601588,2024/2025,157,167,5.4e-05,0.006818,0.2672,0.2636
197601589,2024/2025,129,15,5.3e-05,0.006708,0.2791,0.2745
197601590,2024/2025,74,149,0.000424,0.018221,0.2207,0.2102
197601592,2024/2025,108,162,0.0,0.00065,0.2642,0.2648
197601593,2024/2025,108,48,1.8e-05,0.003785,0.2801,0.2817
197601594,2024/2025,108,128,0.000141,0.010923,0.2425,0.2338
197601595,2024/2025,156,130,4.4e-05,0.00507,0.2817,0.2818
197601597,2024/2025,73,47,0.000157,0.011249,0.241,0.2457
197601598,2024/2025,128,53,0.000184,0.012608,0.2662,0.2591
197601599,2024/2025,128,166,7.5e-05,0.006978,0.2876,0.2873
197601600,2024/2025,107,162,2e-06,0.00136,0.2435,0.2426
197601602,2024/2025,155,168,1.3e-05,0.003402,0.2544,0.2512
197601603,2024/2025,127,91,0.000164,0.010819,0.2947,0.2969
197601605,2024/2025,106,162,0.000247,0.012963,0.2707,0.2688
197601606,2024/2025,154,129,6.2e-05,0.005841,0.2318,0.2329
197601607,2024/2025,126,53,3e-06,0.000973,0.1943,0.1934
197601609,2024/2025,105,52,3.2e-05,0.005245,0.2781,0.2814
197601611,2024/2025,72,13,9e-06,0.002665,0.2834,0.2859
197601612,2024/2025,153,168,3e-06,0.001525,0.2854,0.2831
197601613,2024/2025,125,167,0.000116,0.009917,0.2851,0.2907
197601614,2024/2025,104,162,1.5e-05,0.003424,0.2753,0.2767
197601615,2024/2025,152,92,1.4e-05,0.003315,0.2925,0.2909
197601616,2024/2025,71,115,4.9e-05,0.006351,0.2386,0.2342
197601617,2024/2025,71,13,0.000508,0.01959,0.2223,0.2122
197601618,2024/2025,71,149,3e-06,0.001052,0.1793,0.1792
197601619,2024/2025,71,149,0.000133,0.010497,0.2223,0.2296
197601620,2024/2025,124,129,4.5e-05,0.004494,0.1982,0.1987
197601621,2024/2025,151,91,0.000131,0.009235,0.2813,0.2805
197601626,2024/2025,150,92,3.6e-05,0.004945,0.2879,0.2865
197601627,2024/2025,123,129,9.9e-05,0.007916,0.3087,0.3092
197601628,2024/2025,103,86,5e-06,0.00205,0.2293,0.231
197601629,2024/2025,70,149,0.000183,0.011574,0.2661,0.2639
198896599,2024/2025,90,91,1.6e-05,0.003668,0.2376,0.2355
198896601,2024/2025,89,129,0.000126,0.009591,0.1782,0.171
198896602,2024/2025,88,167,0.000541,0.020532,0.2177,0.2052
198896604,2024/2025,87,167,0.000135,0.010576,0.2684,0.2733
198896611,2024/2025,86,91,0.000481,0.017885,0.2706,0.27
198896612,2024/2025,85,15,0.0001,0.0083,0.2688,0.2678
198896613,2024/2025,85,129,0.000226,0.013205,0.2211,0.2135
198896614,2024/2025,85,129,2.2e-05,0.004167,0.206,0.2095
198896615,2024/2025,85,166,2.6e-05,0.004046,0.2095,0.2076
199259549,2024/2025,89,129,0.000299,0.014432,0.1819,0.1913
200191796,2024/2025,95,167,0.000637,0.021692,0.2469,0.2509
200191797,2024/2025,94,92,3.4e-05,0.005383,0.2704,0.2677
200191798,2024/2025,94,167,9.1e-05,0.008894,0.2441,0.2372
200191799,2024/2025,93,168,0.000119,0.009563,0.2684,0.2718
200191800,2024/2025,92,168,9.3e-05,0.008297,0.2565,0.258
200191801,2024/2025,92,16,2e-05,0.003771,0.2587,0.2596
200191802,2024/2025,92,92,1.3e-05,0.003096,0.2613,0.2643
200191803,2024/2025,91,168,0.000169,0.010481,0.2646,0.2639
200191805,2024/2025,94,130,1e-06,0.000893,0.2597,0.2584
200191806,2024/2025,94,130,2.5e-05,0.003889,0.169,0.1662
200713990,2024/2025,141,16,9.3e-05,0.007893,0.169,0.1621
200713993,2024/2025,168,131,1.4e-05,0.003126,0.2686,0.2695
200713994,2024/2025,139,92,0.000217,0.012602,0.2728,0.2775
200713997,2024/2025,167,55,5e-06,0.001833,0.2751,0.2748
200713998,2024/2025,167,17,2.4e-05,0.00374,0.2691,0.269
200713999,2024/2025,138,130,0.000126,0.007936,0.157,0.1522
200714000,2024/2025,80,150,9.3e-05,0.008366,0.2623,0.2643
200714001,2024/2025,166,169,6.4e-05,0.006667,0.1964,0.1916
200714002,2024/2025,79,48,0.000219,0.011979,0.2739,0.2737
200714003,2024/2025,137,54,2.6e-05,0.004631,0.285,0.282
200714005,2024/2025,165,131,1.2e-05,0.002667,0.298,0.295
200714006,2024/2025,136,54,0.00063,0.022927,0.2469,0.2333
200714007,2024/2025,164,169,4e-06,0.001755,0.2381,0.2358
200714008,2024/2025,135,92,9e-06,0.002213,0.2547,0.2549
200714009,2024/2025,78,150,2.6e-05,0.004001,0.2075,0.2061
200714010,2024/2025,163,169,2.8e-05,0.004521,0.2913,0.29
200714012,2024/2025,134,130,0.000223,0.013227,0.2803,0.2863
200714013,2024/2025,162,169,4.5e-05,0.00534,0.2957,0.2959
200714014,2024/2025,77,14,2.1e-05,0.003689,0.2715,0.2763
200714015,2024/2025,77,116,1.5e-05,0.002744,0.2729,0.2771
200714016,2024/2025,77,150,0.000242,0.01276,0.2597,0.2593
200714017,2024/2025,77,150,4e-06,0.001507,0.2513,0.253
200714018,2024/2025,77,14,3.3e-05,0.00396,0.2304,0.2306
200714019,2024/2025,133,167,4e-06,0.001822,0.2899,0.2914
200714020,2024/2025,161,132,1e-06,0.000899,0.3041,0.3028
200714021,2024/2025,160,93,0.000192,0.011915,0.2107,0.2015
200714022,2024/2025,132,167,0.000227,0.013254,0.2296,0.2364
200714023,2024/2025,76,150,0.000456,0.015886,0.1393,0.1266
200714024,2024/2025,140,167,0.000369,0.016583,0.2286,0.2183
200714025,2024/2025,110,163,1e-06,0.000623,0.2373,0.2364
203077629,2024/2025,101,17,0.000141,0.009282,0.1639,0.1563
203077630,2024/2025,100,131,3.9e-05,0.005314,0.232,0.2337
203077631,2024/2025,99,131,2.3e-05,0.002927,0.0901,0.0874
203077632,2024/2025,98,169,8e-06,0.002411,0.2604,0.2591
203077633,2024/2025,97,131,0.000215,0.012794,0.2402,0.2454
203077634,2024/2025,97,93,0.000139,0.009638,0.2624,0.2621
203077635,2024/2025,97,169,0.000142,0.010786,0.2561,0.2516
203077636,2024/2025,97,131,2e-06,0.001074,0.2268,0.2284
203077637,2024/2025,97,93,1e-06,0.000827,0.255,0.2558
203077638,2024/2025,96,168,0.000508,0.019226,0.2214,0.2098
203701457,2024/2025,150,168,4.7e-05,0.005909,0.1971,0.1916
203701458,2024/2025,149,17,0.000286,0.015083,0.2578,0.2492
203701459,2024/2025,148,168,1.2e-05,0.002619,0.2517,0.2512
203701460,2024/2025,147,168,8e-06,0.0023,0.2804,0.2805
203701461,2024/2025,146,55,1e-06,0.000922,0.2178,0.2182
203701462,2024/2025,145,169,0.000175,0.010593,0.2978,0.2988
203701464,2024/2025,144,169,3e-06,0.001546,0.2646,0.2638
203701465,2024/2025,143,131,0.000287,0.013313,0.1753,0.1833
203701466,2024/2025,142,55,0.000163,0.010364,0.2726,0.2724
203701468,2024/2025,142,131,0.000127,0.009264,0.3023,0.301
205020017,2024/2025,111,163,0.000184,0.011688,0.2601,0.2631
205044727,2024/2025,106,170,8.4e-05,0.0079,0.265,0.2629
205044728,2024/2025,105,18,1e-06,0.000613,0.1972,0.1963
205044729,2024/2025,105,170,0.000218,0.012197,0.2722,0.2712
205044754,2024/2025,104,169,5.9e-05,0.006472,0.194,0.1973
205044755,2024/2025,103,94,4e-05,0.005732,0.2714,0.2741
205044756,2024/2025,102,132,8.5e-05,0.00788,0.1836,0.1897
205344960,2024/2025,114,163,5.9e-05,0.00667,0.1906,0.1858
205344961,2024/2025,113,163,6.7e-05,0.006893,0.235,0.2383
205344962,2024/2025,112,91,8e-06,0.002575,0.2676,0.2705
205684762,2024/2025,103,132,2.3e-05,0.003883,0.1956,0.1932
205684763,2024/2025,103,94,4.5e-05,0.005888,0.2992,0.3018
205684764,2024/2025,103,170,0.000519,0.020433,0.2215,0.2106
205863376,2024/2025,116,49,1e-06,0.000509,0.1924,0.1926
205863381,2024/2025,115,53,2e-05,0.004209,0.2729,0.2762
205863382,2024/2025,115,129,4e-06,0.001526,0.2581,0.2558
205863383,2024/2025,115,87,6.5e-05,0.007117,0.2762,0.2791
205863393,2024/2025,107,132,0.0004,0.017967,0.2141,0.2258
206315767,2024/2025,157,170,0.000408,0.016441,0.2755,0.2746
206315768,2024/2025,156,56,4.8e-05,0.00555,0.2783,0.277
206315769,2024/2025,155,94,3.5e-05,0.004817,0.2986,0.2992
206315770,2024/2025,154,94,2.6e-05,0.004541,0.2834,0.2783
206315771,2024/2025,153,170,0.000222,0.012143,0.2753,0.2761
206315772,2024/2025,152,169,0.000377,0.015742,0.2828,0.282
206315773,2024/2025,151,56,0.00019,0.011232,0.2902,0.2893
207381045,2024/2025,118,54,0.000153,0.011194,0.2766,0.2817
207381046,2024/2025,81,151,0.000567,0.019332,0.2537,0.2549
207381053,2024/2025,117,164,6.7e-05,0.006808,0.2675,0.2657
207381055,2024/2025,113,95,2.6e-05,0.004365,0.2743,0.2756
207381056,2024/2025,112,170,3e-06,0.001322,0.1658,0.1665
207381057,2024/2025,111,19,2.4e-05,0.003592,0.2298,0.2291
207381058,2024/2025,110,171,3.4e-05,0.004586,0.2602,0.2608
207381059,2024/2025,109,133,0.000446,0.018107,0.2598,0.2645
207381060,2024/2025,109,171,0.000604,0.020421,0.1843,0.1689
207381061,2024/2025,109,171,6e-06,0.002205,0.2636,0.2617
207381062,2024/2025,109,133,0.000399,0.01707,0.2104,0.1997
207381063,2024/2025,109,95,3.7e-05,0.004354,0.238,0.2402
207381064,2024/2025,108,171,0.000116,0.009175,0.2479,0.2466
207381068,2024/2025,170,132,1.7e-05,0.003714,0.2853,0.2826
207626566,2024/2025,121,164,0.000211,0.012072,0.2781,0.2758
207626568,2024/2025,174,170,1.7e-05,0.003821,0.2924,0.2899
207626574,2024/2025,120,164,5.2e-05,0.006675,0.2732,0.2695
207626578,2024/2025,173,18,0.00012,0.009558,0.2905,0.2872
207626579,2024/2025,119,164,6e-06,0.00219,0.2673,0.2663
207626583,2024/2025,172,94,9e-06,0.002276,0.2632,0.2635
207626591,2024/2025,82,117,5e-05,0.00576,0.2095,0.2069
207626592,2024/2025,82,15,0.000223,0.013207,0.2282,0.2214
207626593,2024/2025,82,151,0.000171,0.011634,0.2587,0.2549
207626595,2024/2025,171,94,1.7e-05,0.003308,0.2815,0.2769
207626604,2024/2025,83,151,2.9e-05,0.00418,0.1555,0.1581
207626607,2024/2025,82,15,1.4e-05,0.003321,0.26,0.2611
207626613,2024/2025,82,49,6.7e-05,0.007243,0.272,0.2745
207932271,2024/2025,85,151,1e-05,0.002501,0.2496,0.2509
207932275,2024/2025,176,170,6.6e-05,0.006928,0.2226,0.218
207932282,2024/2025,84,117,1.8e-05,0.003453,0.2554,0.2584
207932286,2024/2025,175,56,8e-06,0.002486,0.301,0.3017
207932295,2024/2025,124,92,9.8e-05,0.004877,0.0537,0.0588
207932296,2024/2025,123,88,3e-06,0.001322,0.2715,0.2734
207932298,2024/2025,123,130,0.000106,0.009184,0.2737,0.2771
207932299,2024/2025,122,50,1e-06,0.000875,0.2406,0.2419
208235743,2024/2025,166,95,4.3e-05,0.005134,0.2711,0.2715
208235749,2024/2025,165,171,9e-06,0.002567,0.1893,0.1871
208235750,2024/2025,164,169,6.5e-05,0.007305,0.2618,0.2582
208235751,2024/2025,163,57,0.000178,0.00987,0.1488,0.1558
208235752,2024/2025,162,57,9.2e-05,0.008879,0.2783,0.2729
208235753,2024/2025,161,133,9.7e-05,0.007983,0.2118,0.2156
208235754,2024/2025,160,170,0.0,0.000265,0.2883,0.2884
208235755,2024/2025,159,170,4e-06,0.001658,0.2284,0.2291
208235756,2024/2025,159,95,6.4e-05,0.006992,0.2963,0.2938
208235757,2024/2025,158,18,1.2e-05,0.003048,0.2496,0.2481
208496337,2024/2025,115,96,0.000325,0.015444,0.2165,0.2237
208496338,2024/2025,87,152,0.000103,0.008126,0.2474,0.2469
208496339,2024/2025,87,152,2e-05,0.003641,0.2249,0.2241
208496340,2024/2025,87,152,4.2e-05,0.005094,0.2095,0.2079
208496341,2024/2025,114,96,2.7e-05,0.004835,0.2386,0.2416
208496342,2024/2025,114,134,0.000559,0.020604,0.2347,0.2418
208496343,2024/2025,86,16,1.4e-05,0.003463,0.2415,0.2452
208496344,2024/2025,114,134,5.1e-05,0.006462,0.2603,0.2629
208694031,2024/2025,117,172,8e-06,0.002587,0.22,0.2182
208694032,2024/2025,89,152,2.2e-05,0.003944,0.272,0.271
208694033,2024/2025,89,50,4e-06,0.001582,0.2443,0.2466
208694034,2024/2025,89,152,0.000268,0.009979,0.0898,0.0803
208694035,2024/2025,89,152,0.000212,0.012127,0.2479,0.2456
208694036,2024/2025,116,172,7.7e-05,0.007826,0.2139,0.2083
208694037,2024/2025,116,134,9e-06,0.002804,0.2482,0.2506
208694038,2024/2025,88,16,0.000268,0.0143,0.2818,0.2861
208694039,2024/2025,116,171,0.000114,0.008778,0.2889,0.2898
208927587,2024/2025,118,20,0.000179,0.012094,0.2688,0.2744
208927599,2024/2025,119,134,0.000158,0.010201,0.1822,0.1742
209140288,2024/2025,178,95,5.2e-05,0.006652,0.2764,0.2723
209140291,2024/2025,177,170,2.8e-05,0.004617,0.289,0.2868
209378442,2024/2025,182,171,9e-06,0.002242,0.2456,0.2423
209378446,2024/2025,183,171,3.6e-05,0.005091,0.2894,0.2878
209378450,2024/2025,185,133,2.8e-05,0.004382,0.2955,0.2963
209378461,2024/2025,180,19,1.9e-05,0.003875,0.2292,0.2321
209766256,2024/2025,179,95,0.000165,0.011323,0.2632,0.2581
209766258,2024/2025,124,21,0.00028,0.014415,0.2198,0.2277
209766262,2024/2025,184,57,0.000137,0.009129,0.162,0.1549
209766263,2024/2025,123,97,0.000296,0.013728,0.1849,0.1751
209766264,2024/2025,123,173,0.000365,0.015663,0.274,0.2728
209766265,2024/2025,123,172,1.5e-05,0.003138,0.2751,0.2753
209766270,2024/2025,181,133,8e-06,0.002123,0.2718,0.2719
209766278,2024/2025,122,173,1.5e-05,0.002824,0.2203,0.2197
209766279,2024/2025,121,173,0.000106,0.008871,0.2634,0.2653
209766280,2024/2025,121,135,2.4e-05,0.003747,0.2414,0.2408
209766281,2024/2025,121,135,0.000107,0.007852,0.1663,0.1697
209766282,2024/2025,120,97,4e-05,0.004887,0.2528,0.2528
209766285,2024/2025,186,171,0.000111,0.008304,0.3124,0.3127
210158686,2024/2025,187,133,0.000106,0.009328,0.237,0.2307
210158687,2024/2025,125,173,1.5e-05,0.003224,0.1686,0.1658
210158688,2024/2025,177,134,0.000135,0.008629,0.1391,0.1312
210158689,2024/2025,132,165,6.8e-05,0.007408,0.2198,0.2247
210158690,2024/2025,176,172,7.5e-05,0.00749,0.2441,0.2474
210158691,2024/2025,131,55,9e-06,0.00245,0.2882,0.2919
210158692,2024/2025,131,51,3e-06,0.001518,0.2461,0.2467
210158693,2024/2025,175,58,0.000148,0.00979,0.2745,0.2737
210158694,2024/2025,175,96,0.000421,0.017581,0.2877,0.2832
210158695,2024/2025,130,93,3.9e-05,0.005661,0.2816,0.2844
210158696,2024/2025,174,171,0.000818,0.024984,0.2646,0.2531
210158697,2024/2025,129,89,1e-06,0.000932,0.2679,0.2693
210158698,2024/2025,173,172,0.000304,0.014268,0.2708,0.2693
210158699,2024/2025,128,165,6.8e-05,0.007605,0.2793,0.273
210158700,2024/2025,172,171,2e-05,0.004123,0.2779,0.2754
210158701,2024/2025,127,165,3.1e-05,0.005111,0.2194,0.2154
210158702,2024/2025,171,96,9.3e-05,0.008496,0.2219,0.2158
210158703,2024/2025,126,165,4.7e-05,0.005893,0.2757,0.2708
210158704,2024/2025,170,134,0.00064,0.022028,0.2719,0.2634
210158705,2024/2025,125,165,6.5e-05,0.006491,0.2347,0.2329
210158706,2024/2025,169,170,9.8e-05,0.008698,0.2153,0.2096
210158707,2024/2025,168,171,0.000751,0.023719,0.2647,0.2575
210158708,2024/2025,167,19,0.000317,0.014603,0.2781,0.2795
210158709,2024/2025,178,20,0.0002,0.012222,0.278,0.274
211165214,2024/2025,90,153,2.3e-05,0.003813,0.2328,0.2335
211382237,2024/2025,91,153,4.4e-05,0.005358,0.2117,0.2097
211382238,2024/2025,91,153,0.00044,0.014514,0.1141,0.101
211382239,2024/2025,91,17,2.5e-05,0.004442,0.2779,0.2814
211382240,2024/2025,91,119,0.000346,0.016137,0.2611,0.2657
211382241,2024/2025,91,17,1e-06,0.000569,0.2627,0.2636
211382855,2024/2025,92,153,5.7e-05,0.005468,0.1615,0.1587
211940262,2024/2025,93,153,1.9e-05,0.003643,0.2804,0.2808
211940439,2024/2025,94,119,1.2e-05,0.002832,0.2557,0.2573
212674706,2024/2025,197,134,2.2e-05,0.003707,0.2922,0.2873
212674707,2024/2025,187,59,0.000312,0.015408,0.2856,0.2809
212674709,2024/2025,196,172,1.2e-05,0.002885,0.1686,0.1659
212674710,2024/2025,186,172,3.9e-05,0.00508,0.274,0.2735
212674711,2024/2025,139,166,0.00016,0.010541,0.2644,0.2655
212674715,2024/2025,195,20,0.00017,0.011139,0.2097,0.2007
212674716,2024/2025,185,97,1.9e-05,0.00303,0.1691,0.1706
212674717,2024/2025,138,132,0.000173,0.011452,0.2432,0.2489
212674718,2024/2025,138,90,7e-06,0.002512,0.2348,0.2328
212674719,2024/2025,138,166,2.2e-05,0.003956,0.2788,0.2781
212674720,2024/2025,194,172,0.000106,0.009394,0.3047,0.3099
212674722,2024/2025,184,173,4e-06,0.0017,0.2793,0.2781
212674723,2024/2025,137,52,0.000104,0.009243,0.2556,0.2507
212674724,2024/2025,193,96,2.9e-05,0.004711,0.2872,0.285
212674725,2024/2025,183,59,0.000161,0.010837,0.1985,0.206
212674731,2024/2025,136,166,3.5e-05,0.004121,0.1117,0.1161
212674732,2024/2025,192,96,9e-06,0.001981,0.1411,0.1381
212674733,2024/2025,182,135,4e-06,0.001695,0.2522,0.2496
212674735,2024/2025,135,166,5.8e-05,0.007031,0.2757,0.2797
212674736,2024/2025,191,96,2e-06,0.001089,0.2708,0.2706
212674737,2024/2025,181,173,0.000138,0.009873,0.2843,0.2825
212674738,2024/2025,134,166,1e-06,0.000733,0.2427,0.2419
212674739,2024/2025,190,172,9.3e-05,0.009078,0.2622,0.2561
212674741,2024/2025,180,21,0.000131,0.009472,0.2718,0.2729
212674742,2024/2025,189,134,5.6e-05,0.006015,0.2957,0.2953
212674746,2024/2025,188,58,1e-06,0.000837,0.291,0.2919
212674747,2024/2025,179,135,0.000208,0.011584,0.2925,0.2917
212674748,2024/2025,133,56,3.6e-05,0.005447,0.2499,0.253
212674751,2024/2025,188,97,0.000165,0.011584,0.2932,0.2878
213723591,2024/2025,130,136,5.3e-05,0.005909,0.2684,0.269
213723592,2024/2025,99,18,6e-06,0.0019,0.29,0.2924
213723593,2024/2025,129,174,0.00015,0.010966,0.2356,0.2294
213723594,2024/2025,98,154,6.6e-05,0.006704,0.2394,0.2405
213723595,2024/2025,128,136,0.000585,0.020173,0.1891,0.1759
213723596,2024/2025,128,136,0.000112,0.00929,0.2428,0.2388
213723598,2024/2025,97,120,0.000201,0.011959,0.2506,0.2477
213723599,2024/2025,127,174,0.000108,0.009732,0.2498,0.2438
213723600,2024/2025,126,174,0.000201,0.012498,0.2146,0.223
213723601,2024/2025,126,136,5.8e-05,0.005812,0.1704,0.1738
213723602,2024/2025,126,22,2.2e-05,0.002572,0.0745,0.0722
213723603,2024/2025,126,173,4.3e-05,0.006087,0.2499,0.2548
213723604,2024/2025,126,98,3.5e-05,0.005319,0.2525,0.2585
213723605,2024/2025,96,154,0.000209,0.012891,0.2571,0.2615
213723606,2024/2025,96,52,4e-06,0.001781,0.2719,0.2745
213723607,2024/2025,96,154,1.2e-05,0.002561,0.1235,0.1209
213723608,2024/2025,96,120,0.00038,0.017489,0.2426,0.2343
213723609,2024/2025,96,154,0.000103,0.008995,0.2354,0.2391
213723613,2024/2025,95,18,0.000576,0.021339,0.2118,0.2001
215022546,2024/2025,136,175,1.4e-05,0.002962,0.1734,0.1716
215022547,2024/2025,135,175,0.000241,0.013647,0.2634,0.2596
215022548,2024/2025,134,175,0.000306,0.014802,0.2781,0.2755
215022549,2024/2025,134,137,0.000162,0.010713,0.2482,0.2493
215022550,2024/2025,133,175,0.000215,0.012916,0.2674,0.2714
215022551,2024/2025,132,137,7.9e-05,0.007087,0.2515,0.2507
215022552,2024/2025,132,23,5e-06,0.001931,0.2577,0.2583
215022553,2024/2025,132,137,0.000127,0.009041,0.2747,0.2733
215022554,2024/2025,132,99,5.7e-05,0.006315,0.2273,0.2288
215022555,2024/2025,131,99,0.000298,0.01425,0.2781,0.2797
215560087,2024/2025,207,59,0.000273,0.014556,0.2443,0.2367
215560088,2024/2025,197,136,0.000334,0.015304,0.2618,0.2652
215560090,2024/2025,206,173,2e-06,0.001185,0.2933,0.2921
215560091,2024/2025,196,174,0.000292,0.014204,0.2817,0.2836
215560092,2024/2025,146,167,7.3e-05,0.007883,0.2495,0.2541
215560096,2024/2025,205,173,0.0,0.000582,0.3088,0.3097
215560097,2024/2025,195,173,4e-06,0.001781,0.256,0.2548
215560098,2024/2025,104,155,6e-06,0.002029,0.1638,0.1657
215560099,2024/2025,145,167,0.000309,0.01559,0.2665,0.2609
215560100,2024/2025,145,53,0.000146,0.009808,0.283,0.2812
215560101,2024/2025,145,167,7.7e-05,0.007683,0.281,0.2836
215560102,2024/2025,204,173,2.1e-05,0.003989,0.2928,0.2891
215560104,2024/2025,103,155,1e-06,0.000576,0.2285,0.229
215560105,2024/2025,194,136,0.000404,0.017964,0.2626,0.2535
215560106,2024/2025,144,91,2e-05,0.003964,0.2828,0.2811
215560109,2024/2025,203,135,2.5e-05,0.004089,0.164,0.1598
215560110,2024/2025,193,136,9e-06,0.002654,0.2199,0.2173
215560113,2024/2025,202,97,1.5e-05,0.002737,0.1699,0.1658
215560114,2024/2025,192,22,1.3e-05,0.00316,0.2503,0.2464
215560116,2024/2025,142,57,2.6e-05,0.00455,0.2083,0.2127
215560119,2024/2025,102,155,0.000139,0.00946,0.2784,0.2785
215560120,2024/2025,201,135,1.9e-05,0.003546,0.2109,0.2088
215560121,2024/2025,191,174,0.000768,0.023485,0.2262,0.213
215560123,2024/2025,141,167,4.4e-05,0.005627,0.209,0.2118
215560124,2024/2025,200,97,0.000283,0.013292,0.1642,0.1526
215560125,2024/2025,101,19,4.7e-05,0.005667,0.2795,0.2814
215560126,2024/2025,101,121,3.3e-05,0.004853,0.2782,0.2773
215560127,2024/2025,101,53,2.7e-05,0.004725,0.2596,0.2618
215560128,2024/2025,101,19,0.000548,0.011025,0.0555,0.0441
215560129,2024/2025,101,155,5.4e-05,0.005574,0.2089,0.2073
215560130,2024/2025,190,60,2.1e-05,0.003418,0.2707,0.271
215560131,2024/2025,190,98,0.000141,0.010712,0.2866,0.2818
215560132,2024/2025,199,173,1.6e-05,0.003572,0.3021,0.3007
215560133,2024/2025,189,60,8.6e-05,0.008158,0.2817,0.2789
215560134,2024/2025,140,167,2.6e-05,0.00384,0.2487,0.2497
215560135,2024/2025,100,121,4.8e-05,0.006322,0.267,0.2706
215560151,2024/2025,143,95,3.8e-05,0.005161,0.2001,0.2036
215609590,2024/2025,198,21,2.4e-05,0.00441,0.2923,0.2942
219132047,2024/2025,151,96,9e-06,0.002747,0.2512,0.2494
219132049,2024/2025,212,174,2.2e-05,0.004108,0.2393,0.2375
219132053,2024/2025,107,156,0.000422,0.017871,0.252,0.2561
219132055,2024/2025,210,98,4.8e-05,0.006487,0.2622,0.2566
219132057,2024/2025,106,156,0.00024,0.011773,0.2569,0.2562
219132058,2024/2025,106,54,0.00019,0.011115,0.2558,0.2547
219132059,2024/2025,106,156,0.000114,0.008434,0.2636,0.2632
219132060,2024/2025,106,156,0.000282,0.01431,0.2631,0.2607
219132061,2024/2025,209,174,6e-05,0.007036,0.2921,0.2884
219132066,2024/2025,105,122,0.000159,0.007875,0.0946,0.0876
219132074,2024/2025,211,60,1.9e-05,0.003683,0.2437,0.239
219132075,2024/2025,149,168,0.000139,0.010077,0.2745,0.2765
219132076,2024/2025,106,156,0.0002,0.012706,0.2341,0.2396
219132078,2024/2025,148,168,0.000201,0.012059,0.1843,0.191
219132079,2024/2025,208,98,9.4e-05,0.008639,0.2308,0.2239
219541609,2024/2025,200,175,1.8e-05,0.00361,0.2299,0.2316
219541611,2024/2025,213,136,2e-06,0.001292,0.3148,0.3146
219541613,2024/2025,216,174,9e-05,0.008852,0.2418,0.2341
219541614,2024/2025,214,22,0.000278,0.014662,0.2841,0.278
219541616,2024/2025,207,175,0.000181,0.01169,0.2142,0.2073
219541617,2024/2025,152,168,0.000128,0.009704,0.2569,0.2538
219541619,2024/2025,153,58,7.2e-05,0.006968,0.2865,0.2873
219541620,2024/2025,203,61,0.000141,0.009525,0.2484,0.2507
219541621,2024/2025,206,175,9e-06,0.002045,0.2277,0.2274
219541625,2024/2025,154,134,1e-05,0.002139,0.23,0.2301
219541626,2024/2025,108,20,5e-06,0.001846,0.2601,0.2617
219541627,2024/2025,153,168,4.4e-05,0.005984,0.2531,0.2504
219541630,2024/2025,202,137,8.5e-05,0.007636,0.3044,0.3058
219541634,2024/2025,204,99,0.000245,0.013353,0.2151,0.2062
219541635,2024/2025,199,23,0.000418,0.016355,0.2731,0.2725
219541637,2024/2025,201,137,0.000107,0.008784,0.2541,0.2572
219541638,2024/2025,109,20,1.8e-05,0.002975,0.2693,0.2736
219541639,2024/2025,205,99,1e-06,0.000716,0.2407,0.2401
219541640,2024/2025,215,98,4e-06,0.001863,0.2744,0.2765
219541643,2024/2025,204,61,0.000168,0.011796,0.2718,0.2664
219890281,2024/2025,217,136,1.2e-05,0.002833,0.2988,0.2983
219928208,2024/2025,147,168,0.000178,0.011855,0.2813,0.277
219928209,2024/2025,150,54,6e-06,0.001846,0.1683,0.1671
219930818,2024/2025,110,157,6e-05,0.007024,0.2856,0.2913
219930846,2024/2025,138,176,0.000237,0.013047,0.2695,0.2673
219930851,2024/2025,218,99,0.000219,0.011813,0.288,0.2869
219931447,2024/2025,139,138,9e-06,0.002309,0.1781,0.1812
219931477,2024/2025,219,23,2.1e-05,0.003635,0.3008,0.301
219931887,2024/2025,111,157,8.8e-05,0.007292,0.2502,0.2506
219931888,2024/2025,111,157,3e-06,0.001582,0.2763,0.277
219931889,2024/2025,111,123,8.5e-05,0.007689,0.2622,0.2634
219931890,2024/2025,111,21,9e-06,0.002439,0.2846,0.2883
219932119,2024/2025,140,24,0.000139,0.010347,0.2339,0.2277
219932120,2024/2025,140,100,0.000199,0.011864,0.2724,0.2742
219932122,2024/2025,140,176,0.000169,0.012147,0.2395,0.232
219932123,2024/2025,140,100,1.3e-05,0.002837,0.1833,0.1849
219932124,2024/2025,140,138,0.000176,0.011213,0.2526,0.2513
219932351,2024/2025,220,175,0.000153,0.011166,0.2185,0.2084
219932567,2024/2025,112,157,4e-06,0.001594,0.2272,0.2269
219932571,2024/2025,141,176,5.4e-05,0.005624,0.274,0.2746
219932584,2024/2025,221,175,2.5e-05,0.004584,0.2301,0.2264
219932785,2024/2025,222,175,0.000422,0.018501,0.2311,0.2184
219933248,2024/2025,158,93,3.3e-05,0.00522,0.2181,0.2137
219933251,2024/2025,156,97,0.000133,0.00832,0.1219,0.1298
219933253,2024/2025,159,169,4e-06,0.001376,0.2383,0.2404
219933255,2024/2025,160,169,1e-06,0.000799,0.2544,0.2552
219933258,2024/2025,155,59,4e-06,0.001545,0.2539,0.2562
219933260,2024/2025,161,169,0.000251,0.013384,0.2736,0.2712
219933261,2024/2025,160,135,0.000418,0.017119,0.2828,0.2858
219933262,2024/2025,160,55,2.3e-05,0.004416,0.229,0.2254
219933263,2024/2025,157,169,2e-06,0.00078,0.2143,0.2153
219934235,2024/2025,223,99,2e-06,0.00109,0.2432,0.2415
219934655,2024/2025,209,138,0.000174,0.01111,0.1844,0.1758
219934656,2024/2025,208,175,0.000277,0.014162,0.2511,0.2435
219934657,2024/2025,212,24,0.00048,0.01981,0.2698,0.2614
219934658,2024/2025,216,62,0.000184,0.012012,0.2757,0.27
219934659,2024/2025,215,176,0.000137,0.009527,0.2717,0.2709
219934661,2024/2025,210,176,0.000104,0.008315,0.2831,0.2838
219934662,2024/2025,211,175,1e-06,0.000545,0.1998,0.199
219934663,2024/2025,213,100,0.000112,0.008723,0.2964,0.2953
219934664,2024/2025,142,176,1e-05,0.002181,0.1081,0.1057
219934665,2024/2025,214,62,6.3e-05,0.006146,0.2547,0.255
219934666,2024/2025,213,138,1e-06,0.000719,0.2776,0.2776
219934764,2024/2025,113,123,1.9e-05,0.003689,0.2549,0.2557
219934896,2024/2025,224,99,1.6e-05,0.003408,0.2616,0.2629
219934960,2024/2025,114,21,0.000126,0.009045,0.1629,0.1566
219934963,2024/2025,143,176,0.000263,0.013885,0.2576,0.2545
219934988,2024/2025,225,61,1e-06,0.000667,0.2876,0.2866
219935017,2024/2025,115,55,2.6e-05,0.003986,0.2755,0.2802
219935065,2024/2025,226,175,5e-05,0.00627,0.2977,0.2953
219935239,2024/2025,227,137,2e-06,0.00113,0.1794,0.1777
219936004,2024/2025,116,124,9.6e-05,0.008044,0.2758,0.2774
219936044,2024/2025,228,176,0.000102,0.009128,0.2844,0.2802
219936048,2024/2025,145,139,1e-06,0.000856,0.2584,0.2596
219936784,2024/2025,146,177,1.2e-05,0.003028,0.2971,0.298
219936813,2024/2025,229,100,4.8e-05,0.006542,0.2807,0.2753
219937207,2024/2025,117,124,0.000111,0.009035,0.2375,0.2343
219937208,2024/2025,117,22,0.000166,0.01045,0.2847,0.2884
219937209,2024/2025,117,158,0.00019,0.010995,0.2693,0.2721
219937210,2024/2025,117,22,0.00014,0.010323,0.1825,0.1921
219937453,2024/2025,147,101,3.4e-05,0.005032,0.2156,0.213
219937454,2024/2025,147,177,7.6e-05,0.006525,0.157,0.1523
219937455,2024/2025,147,139,7e-06,0.002207,0.2629,0.2633
219937456,2024/2025,147,25,0.0,0.000457,0.2425,0.243
219937458,2024/2025,147,139,0.000123,0.009345,0.2224,0.227
219937668,2024/2025,230,138,3.8e-05,0.005478,0.2795,0.2768
219937904,2024/2025,231,176,8.2e-05,0.007816,0.2792,0.2819
219937906,2024/2025,118,158,0.000252,0.014318,0.2564,0.2499
219937907,2024/2025,148,177,7e-06,0.001953,0.2688,0.2659
219938095,2024/2025,232,62,6e-06,0.001301,0.1846,0.1829
219938595,2024/2025,162,170,0.000256,0.0141,0.2606,0.2542
219938598,2024/2025,167,56,6e-05,0.005911,0.2749,0.2746
219938600,2024/2025,163,170,0.000141,0.010476,0.2588,0.2545
219938602,2024/2025,167,170,2.8e-05,0.004326,0.2696,0.2693
219938604,2024/2025,166,170,8.9e-05,0.00796,0.2816,0.2796
219938607,2024/2025,164,98,4.3e-05,0.005387,0.279,0.2805
219938609,2024/2025,165,60,0.000106,0.009408,0.2203,0.212
219938610,2024/2025,167,170,2e-06,0.001087,0.1782,0.1769
219938612,2024/2025,168,170,4.3e-05,0.005541,0.219,0.2209
219939554,2024/2025,233,100,3.3e-05,0.004132,0.1315,0.1268
219939917,2024/2025,224,139,0.00044,0.017371,0.2585,0.2628
219939918,2024/2025,221,25,0.00035,0.016102,0.2931,0.2975
219939919,2024/2025,223,139,7.4e-05,0.007251,0.215,0.2191
219939920,2024/2025,222,177,4.2e-05,0.005524,0.2711,0.2724
219939921,2024/2025,220,139,0.000146,0.010108,0.1913,0.1839
219939922,2024/2025,217,101,1.6e-05,0.003445,0.2909,0.2897
219939923,2024/2025,218,63,2.4e-05,0.003478,0.2393,0.2392
219939926,2024/2025,225,101,0.000293,0.013928,0.1996,0.1897
219939927,2024/2025,219,176,6e-06,0.002005,0.2806,0.2804
219939928,2024/2025,218,63,5.5e-05,0.004944,0.2178,0.218
219939929,2024/2025,149,101,1.3e-05,0.003365,0.2471,0.2499
219940033,2024/2025,119,56,3.3e-05,0.004814,0.2346,0.2326
219940137,2024/2025,234,100,3.2e-05,0.00457,0.1598,0.1552
219940197,2024/2025,120,158,0.000457,0.016817,0.158,0.1466
219940201,2024/2025,150,177,0.000474,0.018948,0.2582,0.2539
219940224,2024/2025,235,176,2.1e-05,0.00412,0.3034,0.3008
219940250,2024/2025,121,158,5.7e-05,0.006854,0.2593,0.2622
219940273,2024/2025,236,24,1.1e-05,0.00245,0.2642,0.2639
219940427,2024/2025,237,138,6.1e-05,0.006582,0.2747,0.2767
219940561,2024/2025,151,102,0.000146,0.01035,0.263,0.265
219940562,2024/2025,151,140,1.3e-05,0.003143,0.2762,0.2771
219940563,2024/2025,151,178,0.000229,0.012087,0.2752,0.2745
219940615,2024/2025,152,140,8.4e-05,0.006954,0.1401,0.1336
219940831,2024/2025,153,140,0.000147,0.009781,0.2686,0.2693
219940832,2024/2025,153,102,0.000476,0.019435,0.2508,0.2584
219940833,2024/2025,153,178,0.000643,0.021305,0.24,0.2433
219940834,2024/2025,153,26,0.000548,0.020736,0.2412,0.2289
219940848,2024/2025,154,178,4.6e-05,0.005965,0.1986,0.1944
219940958,2024/2025,155,140,0.000278,0.014232,0.256,0.2513
219941294,2024/2025,122,159,8.1e-05,0.008093,0.215,0.2197
219942784,2024/2025,123,159,1.2e-05,0.002913,0.27,0.2744
219942785,2024/2025,123,57,3e-06,0.001548,0.2722,0.2739
219942786,2024/2025,123,125,1.9e-05,0.003629,0.2622,0.2656
219942787,2024/2025,123,125,1.9e-05,0.003683,0.2646,0.264
219942788,2024/2025,123,23,0.0,0.000249,0.2767,0.277
219943424,2024/2025,124,159,9.4e-05,0.009074,0.253,0.2597
219943888,2024/2025,244,177,0.0,0.000488,0.1902,0.1904
219943891,2024/2025,241,177,1.1e-05,0.002491,0.2464,0.2427
219943894,2024/2025,246,177,2.2e-05,0.00389,0.287,0.2846
219943897,2024/2025,240,139,1.3e-05,0.003237,0.2945,0.2933
219943900,2024/2025,242,177,1.9e-05,0.00396,0.2765,0.2737
219943902,2024/2025,239,101,0.000347,0.015899,0.2797,0.2764
219943905,2024/2025,243,25,3e-06,0.001628,0.295,0.2963
219943906,2024/2025,172,171,1.3e-05,0.003144,0.2012,0.203
219943908,2024/2025,238,63,2e-06,0.001336,0.2637,0.262
219943909,2024/2025,175,171,1.1e-05,0.002289,0.1745,0.1754
219943911,2024/2025,245,139,5e-06,0.001788,0.3008,0.2987
219943912,2024/2025,173,171,2e-05,0.004074,0.2592,0.2575
219943914,2024/2025,310,108,0.000215,0.012504,0.2421,0.2368
219943915,2024/2025,174,171,8e-06,0.00226,0.2536,0.2549
219943917,2024/2025,170,99,8e-06,0.001866,0.2009,0.2011
219943919,2024/2025,171,57,2.9e-05,0.004833,0.2258,0.222
219943920,2024/2025,174,61,1.2e-05,0.002844,0.2837,0.284
219943921,2024/2025,169,171,0.000138,0.009646,0.1857,0.1791
219943922,2024/2025,174,95,6e-06,0.00233,0.2745,0.2763
219945233,2024/2025,228,64,0.00029,0.012857,0.1554,0.1449
219945234,2024/2025,232,140,1.4e-05,0.003231,0.2155,0.213
219945235,2024/2025,227,102,0.000472,0.019067,0.2612,0.2513
219945236,2024/2025,232,140,0.000127,0.010157,0.2701,0.2641
219945238,2024/2025,235,178,0.000122,0.009246,0.1935,0.1862
219945239,2024/2025,234,178,2e-06,0.001178,0.2691,0.2688
219945240,2024/2025,231,102,0.000372,0.016292,0.2871,0.2907
219945241,2024/2025,229,178,1e-06,0.000814,0.281,0.2815
219945242,2024/2025,233,26,2.2e-05,0.004361,0.2525,0.2493
219945243,2024/2025,230,64,1e-06,0.000978,0.2653,0.2638
219945320,2024/2025,125,23,0.000165,0.011568,0.2412,0.2352
219945442,2024/2025,126,159,2.3e-05,0.004007,0.2833,0.2883
221820325,2024/2025,198,174,0.000678,0.022187,0.2422,0.2494
222894475,2024/2025,128,126,8e-06,0.001648,0.143,0.1424
222894478,2024/2025,128,126,0.000255,0.008791,0.0749,0.0666
222894481,2024/2025,128,160,0.000352,0.015418,0.2474,0.2428
222894483,2024/2025,130,160,1.2e-05,0.002465,0.2208,0.2209
222894486,2024/2025,131,58,0.000339,0.015678,0.2536,0.2494
222894491,2024/2025,129,160,0.000742,0.022432,0.2815,0.2837
222894492,2024/2025,128,24,9.8e-05,0.007467,0.2642,0.2658
222894493,2024/2025,127,160,0.000185,0.012289,0.2747,0.2815
222894494,2024/2025,128,24,2.8e-05,0.00477,0.2392,0.2443
222895147,2024/2025,156,103,0.000694,0.022252,0.25,0.2545
222896232,2024/2025,157,141,0.000126,0.009715,0.2714,0.2739
222896236,2024/2025,157,27,0.000278,0.014189,0.2085,0.1989
222896239,2024/2025,157,141,5.8e-05,0.004027,0.0671,0.0628
222896559,2024/2025,158,141,0.000242,0.01274,0.2675,0.2667
222896746,2024/2025,159,179,2.1e-05,0.00412,0.2856,0.288
223349905,2024/2025,252,140,0.000172,0.01111,0.1972,0.1878
223349908,2024/2025,264,179,6e-06,0.001706,0.1417,0.1395
223349911,2024/2025,252,64,4.4e-05,0.006068,0.2338,0.2287
223349914,2024/2025,247,26,0.000168,0.011498,0.2533,0.2468
223349917,2024/2025,253,178,1e-06,0.000704,0.2981,0.298
223349920,2024/2025,249,102,3.3e-05,0.005025,0.2355,0.2295
223349921,2024/2025,181,58,0.000171,0.010632,0.2648,0.266
223349923,2024/2025,248,140,1.6e-05,0.003307,0.2812,0.2762
223349924,2024/2025,181,62,0.000119,0.009253,0.2755,0.2737
223349926,2024/2025,254,101,0.000123,0.009191,0.2894,0.2881
223349927,2024/2025,181,172,1.4e-05,0.003229,0.2807,0.2832
223349929,2024/2025,250,178,8.3e-05,0.008268,0.3011,0.3054
223349930,2024/2025,176,96,0.000124,0.010185,0.2669,0.2621
223349932,2024/2025,251,140,3.2e-05,0.004822,0.1844,0.1802
223349933,2024/2025,182,172,0.00019,0.012142,0.2465,0.2505
223349935,2024/2025,180,138,5e-05,0.006409,0.2252,0.23
223349936,2024/2025,178,172,2e-06,0.001046,0.1783,0.1768
223349937,2024/2025,177,172,4e-05,0.004642,0.2097,0.2104
223349938,2024/2025,179,172,3.6e-05,0.004981,0.2296,0.2314
223351463,2024/2025,236,141,0.000174,0.010742,0.3003,0.3014
223351465,2024/2025,237,27,0.000443,0.017784,0.2416,0.2325
223351466,2024/2025,242,141,4e-06,0.001634,0.2443,0.2418
223351468,2024/2025,240,179,1.3e-05,0.0028,0.2425,0.2433
223351470,2024/2025,239,103,0.000481,0.014703,0.1199,0.1063
223351474,2024/2025,243,179,7.1e-05,0.006754,0.2723,0.2722
223351477,2024/2025,244,179,0.000131,0.010421,0.2371,0.2301
223351479,2024/2025,238,103,3.8e-05,0.004858,0.2639,0.2646
223351482,2024/2025,241,179,2e-06,0.001157,0.2631,0.2637
223351483,2024/2025,237,65,0.0006,0.019571,0.2876,0.2878
223351601,2024/2025,160,141,0.000138,0.009047,0.1601,0.1534
223351605,2024/2025,160,103,5.5e-05,0.0062,0.2554,0.2548
223351891,2024/2025,161,179,0.000359,0.01681,0.2612,0.2686
223497353,2024/2025,144,177,1.7e-05,0.002991,0.227,0.2259
223733820,2024/2025,162,179,5.4e-05,0.006545,0.264,0.2665
226039502,2024/2025,132,25,1e-05,0.002744,0.2844,0.2862
226508121,2024/2025,133,127,1.8e-05,0.003636,0.2623,0.2656
226508122,2024/2025,133,161,1.9e-05,0.003359,0.2875,0.2922
226508123,2024/2025,133,161,0.000194,0.010894,0.273,0.2749
226508124,2024/2025,133,161,5e-06,0.001778,0.163,0.1611
226508551,2024/2025,163,180,2.1e-05,0.003589,0.2722,0.2734
226508559,2024/2025,163,28,9.5e-05,0.008004,0.2565,0.255
226508566,2024/2025,163,180,0.000384,0.017517,0.2392,0.2302
226508572,2024/2025,184,183,0.000167,0.01088,0.2678,0.2657
226508578,2024/2025,163,142,2.8e-05,0.004849,0.2365,0.2394
226508907,2024/2025,134,161,1.9e-05,0.00384,0.2681,0.2664
226508915,2024/2025,164,104,0.000152,0.010196,0.237,0.2347
226509687,2024/2025,165,180,1e-06,0.000948,0.2557,0.2547
226509689,2024/2025,165,142,7.1e-05,0.00682,0.2648,0.2646
226816577,2024/2025,189,173,1.6e-05,0.003542,0.1996,0.2014
226816580,2024/2025,183,63,0.000286,0.015118,0.2373,0.2447
226816585,2024/2025,188,173,1.4e-05,0.003162,0.2222,0.2204
226816587,2024/2025,187,59,0.000241,0.013524,0.2169,0.2084
226816589,2024/2025,186,173,2e-06,0.001251,0.2687,0.2673
226816590,2024/2025,188,97,5.1e-05,0.006378,0.2868,0.2899
226816591,2024/2025,184,173,2.7e-05,0.004798,0.2607,0.2576
226816592,2024/2025,185,139,6.3e-05,0.006918,0.1956,0.1901
226816630,2024/2025,263,178,0.000291,0.013161,0.2564,0.2565
226816632,2024/2025,259,103,0.00023,0.013836,0.2723,0.2656
226816633,2024/2025,262,141,0.000105,0.008797,0.2822,0.279
226816634,2024/2025,261,179,3.8e-05,0.005729,0.2751,0.27
226816636,2024/2025,260,27,2.9e-05,0.005029,0.2709,0.2659
226816638,2024/2025,256,103,1.7e-05,0.003842,0.2521,0.2493
226816639,2024/2025,262,178,9.6e-05,0.007887,0.3013,0.3008
226816640,2024/2025,258,178,0.000238,0.012644,0.2582,0.2571
226816642,2024/2025,255,65,1e-05,0.002817,0.2876,0.2862
226816644,2024/2025,257,102,1.8e-05,0.003729,0.2863,0.2848
226818015,2024/2025,253,180,0.000571,0.020652,0.2662,0.2616
226818018,2024/2025,250,180,0.000132,0.010414,0.2735,0.2689
226818021,2024/2025,252,180,0.000728,0.021616,0.278,0.2785
226818025,2024/2025,245,104,0.000146,0.010813,0.2948,0.2896
226818030,2024/2025,247,28,0.000126,0.010121,0.2511,0.2558
226818035,2024/2025,246,66,8e-05,0.007328,0.2811,0.2802
226818038,2024/2025,251,142,0.000118,0.009028,0.2216,0.2162
226818040,2024/2025,248,142,4.2e-05,0.005799,0.2738,0.2768
226818043,2024/2025,246,180,2.5e-05,0.004574,0.2546,0.2515
226818047,2024/2025,249,66,0.000144,0.01044,0.2466,0.2525
226818197,2024/2025,135,127,0.000177,0.011168,0.2678,0.2694
226818386,2024/2025,136,25,6e-06,0.00223,0.2559,0.2551
226818434,2024/2025,137,161,0.000168,0.012026,0.2571,0.2637
226818449,2024/2025,166,142,4e-06,0.001601,0.2617,0.2641
232741773,2024/2025,138,128,2e-06,0.001002,0.1528,0.1539
233101677,2024/2025,139,26,0.000345,0.012363,0.1212,0.111
233101678,2024/2025,139,162,0.000182,0.012002,0.2831,0.2896
233101679,2024/2025,139,60,0.000191,0.012122,0.2466,0.2415
233101680,2024/2025,139,162,0.00095,0.025773,0.2642,0.2671
233101681,2024/2025,139,26,3e-05,0.004647,0.2613,0.2607
233102413,2024/2025,140,162,3.5e-05,0.004992,0.2481,0.2495
233404663,2024/2025,254,29,0.000254,0.013825,0.2488,0.2411
233404664,2024/2025,254,67,1.2e-05,0.002247,0.2385,0.237
233404668,2024/2025,255,143,2e-06,0.000923,0.2489,0.2499
233404672,2024/2025,256,105,4e-06,0.001515,0.2566,0.2555
233466963,2024/2025,195,140,0.0,0.000335,0.2566,0.2567
233466965,2024/2025,195,64,4e-06,0.001917,0.2353,0.2339
233466967,2024/2025,195,60,0.000149,0.009862,0.2817,0.2814
233466969,2024/2025,190,174,1.2e-05,0.003099,0.2753,0.2765
233466971,2024/2025,194,98,4e-06,0.001647,0.2828,0.2833
233466975,2024/2025,192,102,8.4e-05,0.005919,0.0981,0.0923
233466978,2024/2025,191,174,0.000194,0.012296,0.224,0.2162
233466981,2024/2025,196,174,3e-06,0.001299,0.269,0.2709
233466984,2024/2025,193,174,4.9e-05,0.006507,0.2456,0.242
233467020,2024/2025,271,180,0.000235,0.013417,0.2104,0.1989
233467024,2024/2025,270,104,4e-06,0.001505,0.1363,0.1352
233467028,2024/2025,272,180,2.8e-05,0.004918,0.2729,0.2695
233467032,2024/2025,273,66,3.4e-05,0.005314,0.2593,0.2562
233467036,2024/2025,269,179,2.1e-05,0.004228,0.2909,0.2886
233467039,2024/2025,265,104,1.2e-05,0.002758,0.2496,0.2504
233467042,2024/2025,267,142,3.7e-05,0.005436,0.2961,0.2933
233467044,2024/2025,266,103,0.000185,0.011792,0.2692,0.2737
233467045,2024/2025,271,142,1.2e-05,0.0031,0.2916,0.2883
233467046,2024/2025,268,28,0.000454,0.015563,0.1377,0.1239
233467692,2024/2025,257,105,0.000772,0.024323,0.273,0.2622
233468178,2024/2025,258,181,0.000495,0.019055,0.2637,0.2684
233468440,2024/2025,141,162,0.000106,0.008564,0.2743,0.2721
233468616,2024/2025,142,162,0.000487,0.019251,0.2551,0.2488
233468624,2024/2025,259,181,0.000334,0.01537,0.1963,0.1859
233468675,2024/2025,260,181,2e-06,0.001029,0.267,0.2664
233917285,2024/2025,261,67,0.000176,0.01098,0.2856,0.2843
233917309,2024/2025,262,181,0.000269,0.014435,0.2424,0.2345
234744846,2024/2025,169,29,0.000127,0.009372,0.1903,0.1843
234744847,2024/2025,167,143,1.1e-05,0.00302,0.2484,0.2502
234744848,2024/2025,169,181,3e-06,0.001318,0.2647,0.2667
234744849,2024/2025,167,181,0.000195,0.011026,0.2776,0.278
234744852,2024/2025,168,105,0.000623,0.02122,0.2672,0.263
235450239,2024/2025,169,143,0.000539,0.016182,0.1278,0.1131
235450240,2024/2025,169,143,0.000495,0.01889,0.2545,0.2505
235450241,2024/2025,169,143,2.8e-05,0.004542,0.1899,0.1934
235450245,2024/2025,170,181,6e-06,0.001403,0.1869,0.1873
235829102,2024/2025,171,181,2.9e-05,0.004429,0.2407,0.24
236552956,2024/2025,144,163,8e-05,0.007511,0.2462,0.2438
236552958,2024/2025,144,61,0.0,0.000551,0.2134,0.2142
236552961,2024/2025,145,129,4e-06,0.00181,0.2608,0.2621
236552965,2024/2025,144,163,4.2e-05,0.005586,0.2647,0.263
236552968,2024/2025,143,163,3.9e-05,0.004735,0.2024,0.2005
236552971,2024/2025,144,27,0.000327,0.015477,0.2235,0.2156
236552974,2024/2025,147,163,7.9e-05,0.007548,0.284,0.2857
236552977,2024/2025,144,129,0.000248,0.013726,0.269,0.2726
236552981,2024/2025,146,27,4e-06,0.001798,0.2816,0.2834
236553576,2024/2025,172,182,3.7e-05,0.005635,0.2793,0.2849
236554184,2024/2025,173,106,6e-06,0.001856,0.2614,0.2616
236554724,2024/2025,173,181,1.4e-05,0.003107,0.2771,0.2776
236554725,2024/2025,173,30,5e-06,0.002036,0.2753,0.2765
236555141,2024/2025,174,106,2.7e-05,0.004172,0.2719,0.272
236946950,2024/2025,203,99,5e-06,0.001629,0.2395,0.238
236946952,2024/2025,197,175,8.8e-05,0.008024,0.2141,0.2185
236946954,2024/2025,199,175,9.9e-05,0.008983,0.2633,0.2598
236946956,2024/2025,202,61,1e-06,0.000728,0.2681,0.267
236946958,2024/2025,200,175,5.9e-05,0.006354,0.264,0.2647
236946960,2024/2025,201,103,2e-06,0.001036,0.2243,0.2228
236946962,2024/2025,198,141,6.6e-05,0.004051,0.0544,0.0588
236946965,2024/2025,202,175,5.5e-05,0.006107,0.28,0.2819
236946968,2024/2025,202,65,0.000124,0.009923,0.2607,0.2569
236947006,2024/2025,278,181,4e-05,0.004488,0.1771,0.1786
236947009,2024/2025,276,181,0.0001,0.008306,0.1799,0.1732
236947013,2024/2025,279,67,0.000122,0.008738,0.2967,0.2967
236947016,2024/2025,283,29,1.1e-05,0.002869,0.2918,0.2897
236947018,2024/2025,282,180,0.000184,0.011651,0.2706,0.2681
236947020,2024/2025,280,181,7.6e-05,0.007169,0.2917,0.2908
236947021,2024/2025,277,143,3e-06,0.001443,0.2985,0.2964
236947022,2024/2025,281,105,6.1e-05,0.006848,0.2769,0.2739
236947023,2024/2025,275,105,0.00021,0.013067,0.2794,0.2738
236947024,2024/2025,274,104,0.000142,0.010173,0.25,0.2448
236947926,2024/2025,175,144,0.000114,0.008618,0.1765,0.1702
236948244,2024/2025,269,182,0.000583,0.021524,0.2542,0.2449
236948247,2024/2025,271,182,0.00028,0.014424,0.2847,0.2806
236948250,2024/2025,268,144,1.3e-05,0.003298,0.298,0.2963
236948253,2024/2025,263,144,0.000132,0.009627,0.2986,0.2969
236948255,2024/2025,267,68,0.00017,0.010107,0.2957,0.2958
236948257,2024/2025,266,182,1.5e-05,0.003195,0.2643,0.2691
236948260,2024/2025,264,30,9e-06,0.002864,0.2581,0.2557
236948261,2024/2025,265,68,0.000192,0.011842,0.2287,0.2347
236948264,2024/2025,270,182,0.000317,0.015141,0.2802,0.2766
236948266,2024/2025,268,182,1.5e-05,0.003671,0.2804,0.284
236948407,2024/2025,175,144,0.000136,0.010443,0.2536,0.2574
236948415,2024/2025,175,144,0.000136,0.010721,0.242,0.2487
236948774,2024/2025,176,182,0.000292,0.014334,0.2672,0.2698
237402908,2024/2025,177,144,4.8e-05,0.005006,0.241,0.2406
240012388,2024/2025,148,164,0.000485,0.018328,0.2713,0.2694
243450198,2024/2025,188,101,4e-05,0.005704,0.2599,0.2621
244303680,2024/2025,272,183,3.7e-05,0.005084,0.277,0.2777
244304317,2024/2025,178,182,0.000207,0.012693,0.2505,0.2447
244304581,2024/2025,273,69,0.000412,0.01794,0.2836,0.2762
244304867,2024/2025,149,164,2e-05,0.002794,0.1898,0.1894
244304868,2024/2025,149,164,0.000118,0.009732,0.2739,0.278
244304869,2024/2025,149,164,0.00029,0.013851,0.2649,0.2661
244304870,2024/2025,149,130,0.000206,0.012594,0.2855,0.2904
244304871,2024/2025,149,28,1.7e-05,0.003401,0.279,0.2825
244304969,2024/2025,179,145,1.7e-05,0.002449,0.1806,0.1802
244304970,2024/2025,179,107,0.000444,0.016849,0.2762,0.2745
244304971,2024/2025,179,145,0.00014,0.0103,0.2282,0.2336
244305744,2024/2025,274,145,9.2e-05,0.007631,0.1759,0.1703
244305890,2024/2025,180,145,2.5e-05,0.0035,0.1996,0.1986
244305891,2024/2025,150,164,0.000553,0.019789,0.1763,0.1624
244306058,2024/2025,275,107,2e-06,0.001397,0.2188,0.2176
244306626,2024/2025,292,144,0.000141,0.011018,0.2544,0.2455
244306627,2024/2025,293,106,0.000295,0.013366,0.1583,0.1457
244306628,2024/2025,291,181,2e-06,0.001054,0.2751,0.2739
244306629,2024/2025,286,68,4.3e-05,0.00585,0.2664,0.263
244306630,2024/2025,290,144,7.5e-05,0.006376,0.2468,0.2453
244306631,2024/2025,288,30,2.7e-05,0.003759,0.1346,0.13
244306632,2024/2025,289,106,0.0,0.000119,0.2856,0.2857
244306633,2024/2025,285,144,1.4e-05,0.003112,0.2982,0.2988
244306634,2024/2025,284,182,7.5e-05,0.007773,0.2928,0.2894
244306635,2024/2025,287,105,1e-06,0.000946,0.2546,0.2559
244306644,2024/2025,206,100,3.5e-05,0.004792,0.2842,0.284
244306645,2024/2025,209,62,0.000182,0.011577,0.2636,0.2606
244306646,2024/2025,210,66,1e-06,0.000939,0.2689,0.2683
244306647,2024/2025,218,177,1e-06,0.000453,0.1213,0.1206
244306648,2024/2025,207,176,8e-06,0.002522,0.2715,0.2729
244306649,2024/2025,208,104,4e-06,0.001854,0.2273,0.2256
244306650,2024/2025,209,142,0.000113,0.008599,0.282,0.2817
244306651,2024/2025,204,176,6e-06,0.001857,0.2576,0.258
244306652,2024/2025,205,176,2e-06,0.001001,0.253,0.2515
244307407,2024/2025,276,183,0.00018,0.011717,0.273,0.2698
244307726,2024/2025,181,31,1e-05,0.002497,0.1738,0.1722
244307727,2024/2025,181,183,4.1e-05,0.00454,0.1627,0.1603
244307728,2024/2025,181,183,4.1e-05,0.005753,0.2734,0.276
244307732,2024/2025,277,69,0.000352,0.016295,0.2509,0.2432
244307733,2024/2025,277,145,2.3e-05,0.004345,0.3029,0.3051
244308290,2024/2025,151,130,0.000341,0.016273,0.2524,0.2473
244308591,2024/2025,182,182,0.000269,0.013434,0.2663,0.2646
244308592,2024/2025,152,62,6.7e-05,0.006629,0.2361,0.2347
244308604,2024/2025,278,31,0.000688,0.022374,0.2791,0.2724
244308690,2024/2025,279,183,3.5e-05,0.004873,0.2801,0.2795
244308852,2024/2025,280,145,2.1e-05,0.00358,0.2093,0.2072
244308853,2024/2025,183,107,4.5e-05,0.006124,0.2562,0.2591
244576869,2024/2025,211,176,0.00013,0.01011,0.2312,0.2251
250518519,2024/2025,304,107,5.2e-05,0.006165,0.2828,0.2808
250518520,2024/2025,340,37,1.2e-05,0.002697,0.2435,0.2394
250518521,2024/2025,340,75,0.000123,0.009509,0.2817,0.2795
250518522,2024/2025,305,146,2e-06,0.001078,0.1448,0.1438
250518523,2024/2025,306,70,0.000508,0.019675,0.2268,0.2126
250518524,2024/2025,336,187,5e-05,0.006268,0.3061,0.309
250518525,2024/2025,331,187,0.00047,0.019335,0.2865,0.279
250518526,2024/2025,333,35,0.00043,0.017919,0.2218,0.2107
250518527,2024/2025,341,151,8e-06,0.002276,0.305,0.3052
250518528,2024/2025,309,146,4.6e-05,0.006359,0.2604,0.2547
250518529,2024/2025,325,186,0.000359,0.016846,0.2609,0.2513
250518530,2024/2025,337,188,0.000248,0.014618,0.2752,0.2668
250518531,2024/2025,306,183,3.2e-05,0.004821,0.2777,0.2767
250518532,2024/2025,309,108,5.1e-05,0.005376,0.1405,0.1346
250518533,2024/2025,307,184,2.1e-05,0.003621,0.2702,0.269
250518534,2024/2025,295,145,8.1e-05,0.008267,0.2858,0.2812
250518535,2024/2025,300,182,0.000411,0.017876,0.2508,0.2423
250518536,2024/2025,303,107,3e-05,0.00461,0.2759,0.2719
250518537,2024/2025,299,107,3e-06,0.001378,0.271,0.2689
250518538,2024/2025,294,106,2.2e-05,0.003794,0.2942,0.2935
250518539,2024/2025,324,110,0.000127,0.010458,0.2467,0.2373
250518540,2024/2025,329,186,2.4e-05,0.004434,0.2234,0.2194
250518541,2024/2025,313,185,0.000308,0.015584,0.251,0.2434
250518542,2024/2025,318,109,6e-06,0.001597,0.2633,0.2609
250518543,2024/2025,308,184,7e-06,0.002072,0.2904,0.2904
250518544,2024/2025,320,109,0.000295,0.015253,0.2799,0.2737
250518545,2024/2025,314,71,4.4e-05,0.005578,0.2955,0.2945
250518546,2024/2025,307,146,9.8e-05,0.008513,0.2981,0.2957
250518547,2024/2025,308,32,4.3e-05,0.005746,0.282,0.2802
250518548,2024/2025,311,147,1.9e-05,0.003813,0.2936,0.2904
250518549,2024/2025,324,110,3.6e-05,0.005409,0.2788,0.2756
250518550,2024/2025,337,150,3e-06,0.001378,0.297,0.2965
250518551,2024/2025,321,72,3e-05,0.004968,0.2917,0.2878
250518552,2024/2025,335,149,1.5e-05,0.003213,0.2797,0.2749
250518553,2024/2025,330,111,5.4e-05,0.005644,0.2616,0.2612
250518554,2024/2025,334,149,0.000179,0.010586,0.1835,0.1766
250518555,2024/2025,332,73,4.4e-05,0.006267,0.2658,0.2604
250518556,2024/2025,337,112,2e-05,0.0036,0.297,0.2967
250518557,2024/2025,322,186,1.8e-05,0.003694,0.2958,0.2936
250518558,2024/2025,337,188,1.8e-05,0.003276,0.249,0.2441
250518559,2024/2025,337,112,9.9e-05,0.00906,0.2749,0.2796
250518560,2024/2025,344,189,8.2e-05,0.006931,0.2538,0.2511
250518561,2024/2025,338,189,2e-05,0.004189,0.2523,0.2491
250518562,2024/2025,339,189,0.000178,0.0111,0.1881,0.1799
250518563,2024/2025,337,36,5.7e-05,0.006889,0.2832,0.2799
250518564,2024/2025,341,189,3.9e-05,0.005654,0.2868,0.2826
250518565,2024/2025,341,151,7.9e-05,0.007717,0.263,0.2593
250518566,2024/2025,343,189,0.000173,0.011657,0.2524,0.2474
250518567,2024/2025,312,147,1.9e-05,0.003413,0.2886,0.2886
250518568,2024/2025,328,148,0.00037,0.016899,0.2646,0.2553
250518569,2024/2025,337,188,0.000121,0.009114,0.3055,0.307
250518570,2024/2025,317,33,9.6e-05,0.008651,0.2733,0.2694
250518571,2024/2025,326,34,7e-06,0.002315,0.2936,0.2944
250518572,2024/2025,337,112,1e-06,0.000916,0.2816,0.283
250518573,2024/2025,336,111,8e-06,0.001409,0.1513,0.1502
250518574,2024/2025,302,183,0.000103,0.008793,0.2592,0.2562
250518575,2024/2025,342,113,9.4e-05,0.007366,0.2666,0.2666
250518576,2024/2025,296,183,3.6e-05,0.004806,0.1696,0.1731
250518577,2024/2025,298,69,1.9e-05,0.003256,0.2577,0.2579
250518578,2024/2025,301,145,2.2e-05,0.004396,0.2853,0.2823
250518579,2024/2025,297,31,1.9e-05,0.0041,0.2767,0.2727
250518580,2024/2025,333,149,5e-06,0.001772,0.3039,0.3014
250518581,2024/2025,316,185,3e-06,0.001249,0.2238,0.2219
250518582,2024/2025,319,185,7.4e-05,0.006719,0.2959,0.2955
250518583,2024/2025,337,188,6.3e-05,0.006408,0.1598,0.1644
250518584,2024/2025,315,109,0.000112,0.006433,0.0892,0.0823
250518585,2024/2025,327,186,2.3e-05,0.004108,0.2098,0.2117
250518586,2024/2025,323,186,5e-06,0.00211,0.2659,0.2641
250518587,2024/2025,335,187,1.2e-05,0.002841,0.2721,0.2715
250518588,2024/2025,337,150,7e-06,0.002429,0.2729,0.2711
256864051,2024/2025,221,64,0.000155,0.010693,0.2183,0.2126
256864052,2024/2025,212,63,4e-06,0.001062,0.0769,0.0777
256864053,2024/2025,224,178,1.1e-05,0.002768,0.2772,0.2814
256864054,2024/2025,224,68,4.3e-05,0.005951,0.2638,0.2668
256864055,2024/2025,220,106,3.7e-05,0.005385,0.2213,0.2247
256864056,2024/2025,228,103,2.4e-05,0.004188,0.2775,0.2765
256864057,2024/2025,233,104,3e-06,0.00146,0.283,0.2823
256864058,2024/2025,226,179,7e-06,0.001956,0.1989,0.2018
256864059,2024/2025,231,179,4e-06,0.001764,0.2025,0.2009
256864060,2024/2025,233,70,3.9e-05,0.004968,0.268,0.2696
256864061,2024/2025,231,65,1.9e-05,0.003953,0.2503,0.2483
256864062,2024/2025,233,180,0.000103,0.00913,0.2668,0.2633
256864063,2024/2025,234,181,0.000107,0.008962,0.2558,0.2583
256864064,2024/2025,234,71,0.000273,0.01171,0.1115,0.1222
256864065,2024/2025,234,181,0.000103,0.00835,0.2691,0.2681
256864066,2024/2025,234,181,2e-06,0.001074,0.276,0.2757
256864067,2024/2025,234,67,1e-06,0.000968,0.242,0.2435
256864068,2024/2025,227,179,0.0,0.000384,0.1847,0.1853
256864069,2024/2025,216,143,0.00033,0.014881,0.1717,0.1832
256864070,2024/2025,224,102,4.8e-05,0.006296,0.2709,0.2678
256864071,2024/2025,233,180,2.2e-05,0.004104,0.2806,0.282
256864072,2024/2025,216,177,9e-06,0.002691,0.2726,0.2717
256864073,2024/2025,215,67,2.2e-05,0.004441,0.2486,0.2523
256864074,2024/2025,213,177,1.2e-05,0.002504,0.2287,0.2299
256864075,2024/2025,217,105,4.1e-05,0.005733,0.2072,0.2031
256864076,2024/2025,234,181,2.7e-05,0.003538,0.243,0.2436
256864077,2024/2025,222,178,4e-06,0.001752,0.2529,0.2536
256864078,2024/2025,233,108,0.000135,0.009568,0.2709,0.2721
256864079,2024/2025,219,178,0.000149,0.010283,0.177,0.1835
256864080,2024/2025,231,179,8.5e-05,0.007864,0.2516,0.2498
256864081,2024/2025,229,107,0.0,0.000548,0.1969,0.1966
256864082,2024/2025,233,146,3.2e-05,0.005162,0.2715,0.2773
256864083,2024/2025,223,144,3.1e-05,0.004987,0.2301,0.2339
256864084,2024/2025,234,181,1e-05,0.002462,0.2428,0.2425
256864085,2024/2025,233,180,8.7e-05,0.005941,0.0997,0.0941
256864086,2024/2025,230,145,4.2e-05,0.006029,0.2796,0.2837
256864087,2024/2025,232,179,3.3e-05,0.004903,0.2749,0.2738
256864088,2024/2025,234,105,1e-06,0.000797,0.2644,0.2641
256864089,2024/2025,234,147,3e-06,0.001282,0.1979,0.1998
256864090,2024/2025,233,180,3e-06,0.001083,0.2391,0.2375
256864091,2024/2025,233,66,5.5e-05,0.006618,0.2359,0.2324
256864092,2024/2025,225,178,1.9e-05,0.004098,0.2392,0.2361
256864093,2024/2025,216,101,0.000126,0.0096,0.2686,0.2659
256864094,2024/2025,214,177,2e-06,0.001061,0.1459,0.1453
256864399,2024/2025,305,187,0.000118,0.009274,0.2886,0.2865
256864400,2024/2025,287,146,0.000281,0.013438,0.2989,0.3001
256864401,2024/2025,287,70,6.3e-05,0.006402,0.2721,0.2732
256864402,2024/2025,289,147,0.000388,0.017165,0.2487,0.2383
256864403,2024/2025,299,110,3.8e-05,0.005499,0.2257,0.2299
256864404,2024/2025,310,149,2.2e-05,0.00344,0.2375,0.2363
256864405,2024/2025,314,188,8e-06,0.002602,0.2573,0.2551
256864406,2024/2025,316,151,0.000185,0.012141,0.24,0.2315
256864407,2024/2025,317,113,0.000122,0.00898,0.1816,0.1749
256864408,2024/2025,290,109,7.9e-05,0.006935,0.1719,0.1665
256864409,2024/2025,292,185,1.1e-05,0.002775,0.2717,0.2711
256864410,2024/2025,318,75,0.000359,0.015585,0.2049,0.1952
256864411,2024/2025,314,188,0.000451,0.018677,0.2613,0.2544
256864412,2024/2025,287,146,0.000391,0.016756,0.2925,0.2964
256864413,2024/2025,302,148,0.000135,0.009584,0.2823,0.284
256864414,2024/2025,303,187,1.2e-05,0.002855,0.2849,0.2892
256864415,2024/2025,314,74,0.000491,0.018948,0.294,0.2888
256864416,2024/2025,289,185,0.00019,0.011701,0.2535,0.2494
256864417,2024/2025,314,188,0.000619,0.020798,0.2777,0.2746
256864418,2024/2025,315,37,0.000684,0.021947,0.2822,0.2857
256864419,2024/2025,318,113,1.8e-05,0.003855,0.2252,0.2216
256864420,2024/2025,291,185,0.000125,0.009234,0.2462,0.2419
256864421,2024/2025,286,184,7e-06,0.001986,0.2696,0.2725
256864422,2024/2025,313,150,0.000258,0.014216,0.2652,0.272
256864423,2024/2025,291,109,0.000481,0.0185,0.1987,0.1848
256864424,2024/2025,293,71,7.8e-05,0.007116,0.2175,0.2139
256864425,2024/2025,318,189,3.6e-05,0.005035,0.2876,0.2886
256864426,2024/2025,311,73,6.1e-05,0.007012,0.2893,0.2926
256864427,2024/2025,314,74,0.000286,0.014412,0.2533,0.2593
256864428,2024/2025,312,187,0.000227,0.011626,0.2735,0.2733
256864429,2024/2025,307,111,9.7e-05,0.008725,0.2502,0.2451
256864430,2024/2025,314,36,7.3e-05,0.007883,0.28,0.2753
256864431,2024/2025,318,75,0.000123,0.009805,0.2704,0.2751
256864432,2024/2025,309,187,3e-06,0.001348,0.2731,0.2751
256864433,2024/2025,295,34,7e-06,0.00221,0.2829,0.2823
256864434,2024/2025,314,112,0.000139,0.009405,0.2997,0.2992
256864435,2024/2025,315,151,1.6e-05,0.003051,0.2316,0.2327
256864436,2024/2025,288,33,0.000273,0.01391,0.2742,0.2695
256864437,2024/2025,288,71,3.7e-05,0.004837,0.2651,0.2659
256864438,2024/2025,287,184,5.7e-05,0.006517,0.2963,0.2982
256864439,2024/2025,301,186,0.000468,0.018744,0.2851,0.2795
256864440,2024/2025,283,184,0.000355,0.015581,0.2285,0.2197
256864441,2024/2025,304,35,8.5e-05,0.00767,0.2655,0.2629
256864442,2024/2025,314,188,0.000116,0.00861,0.2966,0.2968
256864443,2024/2025,300,186,0.000513,0.018417,0.2775,0.2742
256864444,2024/2025,285,184,0.00027,0.013694,0.2811,0.2792
256864445,2024/2025,284,70,3.2e-05,0.004717,0.3037,0.3046
256864446,2024/2025,296,110,0.00015,0.010322,0.2538,0.2578
256864447,2024/2025,281,32,1.9e-05,0.003996,0.2727,0.2689
256864448,2024/2025,298,148,1e-05,0.002071,0.2589,0.2562
256864449,2024/2025,297,186,0.000278,0.013246,0.1859,0.1765
256864450,2024/2025,314,112,5.4e-05,0.006335,0.3005,0.298
256864451,2024/2025,318,151,2e-06,0.001314,0.3119,0.311
256864452,2024/2025,294,72,5e-06,0.001892,0.2858,0.2887
256864453,2024/2025,306,73,5e-06,0.001993,0.3027,0.3011
256864454,2024/2025,282,108,5.8e-05,0.006171,0.2215,0.2245
256864455,2024/2025,295,148,0.000247,0.013307,0.3024,0.2993
256864456,2024/2025,293,147,1e-06,0.000736,0.306,0.306
256864457,2024/2025,308,111,5e-06,0.002001,0.3025,0.3015
256864458,2024/2025,318,189,0.000106,0.008469,0.2914,0.2901
262683378,2024/2025,193,147,1.9e-05,0.00372,0.2347,0.2328
262683379,2024/2025,201,186,0.000176,0.010849,0.2576,0.2573
262683380,2024/2025,205,111,1.3e-05,0.003105,0.2677,0.2686
262683381,2024/2025,201,186,4.8e-05,0.005802,0.266,0.2651
262683382,2024/2025,207,111,0.00068,0.021539,0.2061,0.193
262683383,2024/2025,197,186,0.000221,0.013335,0.2212,0.2114
262683384,2024/2025,193,33,0.000797,0.023011,0.1783,0.1611
262683385,2024/2025,213,36,6e-06,0.002038,0.279,0.2814
262683386,2024/2025,217,151,0.000166,0.009861,0.1515,0.1597
262683387,2024/2025,185,146,6.9e-05,0.007159,0.2696,0.2712
262683388,2024/2025,185,184,0.000145,0.010395,0.2719,0.2753
262683389,2024/2025,199,34,0.000501,0.019454,0.2415,0.2298
262683390,2024/2025,196,109,0.000719,0.0224,0.266,0.2625
262683391,2024/2025,217,113,0.000251,0.013714,0.2709,0.2743
262683392,2024/2025,207,187,5e-06,0.001892,0.2695,0.2709
262683393,2024/2025,215,188,1.4e-05,0.003293,0.2389,0.2376
262683394,2024/2025,193,185,1.1e-05,0.002687,0.2413,0.2452
262683395,2024/2025,209,188,0.000358,0.016094,0.2452,0.2395
262683396,2024/2025,217,151,4.9e-05,0.00564,0.2715,0.2715
262683397,2024/2025,217,151,0.000174,0.011663,0.258,0.2624
262683398,2024/2025,210,188,1.8e-05,0.003788,0.2371,0.2392
262683399,2024/2025,191,185,6e-06,0.002202,0.2183,0.2206
262683400,2024/2025,198,148,2.9e-05,0.004588,0.2612,0.26
262683401,2024/2025,194,109,1.8e-05,0.003292,0.2631,0.263
262683402,2024/2025,217,189,1.3e-05,0.003129,0.2773,0.2763
262683403,2024/2025,212,112,2.8e-05,0.004776,0.2792,0.2814
262683404,2024/2025,192,185,2.3e-05,0.00436,0.231,0.2358
262683405,2024/2025,190,185,0.000502,0.020499,0.2406,0.2291
262683406,2024/2025,204,35,0.000122,0.009812,0.2449,0.249
262683407,2024/2025,193,147,8.2e-05,0.006365,0.2127,0.211
262683408,2024/2025,217,189,8.2e-05,0.007544,0.259,0.2581
262683409,2024/2025,217,189,5e-06,0.001993,0.203,0.202
262683410,2024/2025,216,188,1.4e-05,0.003526,0.2704,0.2726
262683411,2024/2025,214,188,1e-05,0.002595,0.255,0.2537
262683412,2024/2025,203,110,7e-06,0.002233,0.2677,0.2706
262683413,2024/2025,199,148,4e-06,0.001721,0.2782,0.2801
262683414,2024/2025,207,187,0.000198,0.012282,0.2588,0.2538
262683415,2024/2025,201,148,0.000111,0.00882,0.2735,0.2749
262683416,2024/2025,211,150,0.000227,0.012853,0.2252,0.2165
262683417,2024/2025,200,110,1e-05,0.00283,0.2362,0.2383
262683418,2024/2025,213,150,2e-06,0.001132,0.2722,0.2739
262683419,2024/2025,217,37,3.9e-05,0.00561,0.2722,0.2743
262683420,2024/2025,216,112,0.000161,0.011057,0.234,0.2277
262683421,2024/2025,204,187,2e-05,0.00372,0.277,0.2775
262683422,2024/2025,208,187,0.000103,0.008371,0.2531,0.2519
262683423,2024/2025,186,184,8.8e-05,0.007928,0.2671,0.2659
262683424,2024/2025,185,108,2.1e-05,0.004162,0.2687,0.2707
262683425,2024/2025,187,32,0.000187,0.011843,0.1926,0.2026
262683426,2024/2025,189,108,3e-06,0.001455,0.2551,0.2562
262683427,2024/2025,187,146,8.9e-05,0.008463,0.2712,0.2746
262683428,2024/2025,187,184,3.4e-05,0.00536,0.2767,0.2738
262683429,2024/2025,217,113,0.000177,0.010537,0.1986,0.1928
262683430,2024/2025,204,149,0.000139,0.008701,0.1407,0.1477
262683431,2024/2025,204,149,5e-05,0.005631,0.2804,0.2817
262683432,2024/2025,202,186,3.2e-05,0.004487,0.2599,0.2598
262683433,2024/2025,195,185,1e-06,0.000896,0.193,0.1925
262683434,2024/2025,217,189,0.000117,0.009073,0.2352,0.2314
262683435,2024/2025,206,187,0.000106,0.008325,0.2623,0.2623
262683436,2024/2025,185,146,8.1e-05,0.007977,0.2272,0.2218
262683437,2024/2025,188,146,2e-06,0.000667,0.1373,0.1379
263274543,2024/2025,154,165,5.6e-05,0.006339,0.2831,0.2844
263274544,2024/2025,153,165,7e-05,0.00692,0.2537,0.2522
263274545,2024/2025,153,131,2.5e-05,0.004437,0.2494,0.2513
263274546,2024/2025,153,29,0.000239,0.013296,0.2031,0.1944
263274561,2024/2025,153,165,8.2e-05,0.007184,0.2676,0.2679
263274562,2024/2025,153,63,5.8e-05,0.005964,0.1536,0.1489
263882437,2024/2025,155,165,1.6e-05,0.003738,0.274,0.2771
263882445,2024/2025,157,29,8e-06,0.002033,0.2672,0.2702
263882449,2024/2025,156,165,0.001016,0.02738,0.2061,0.1907
267675950,2024/2025,158,64,0.000381,0.017134,0.232,0.2229
268189308,2024/2025,159,30,7e-06,0.002395,0.2628,0.2644
268189312,2024/2025,159,166,0.000316,0.012772,0.1326,0.1225
268189324,2024/2025,160,166,0.000325,0.01475,0.2612,0.2602
268189325,2024/2025,159,166,3.9e-05,0.004927,0.2485,0.2483
268189326,2024/2025,159,166,2.1e-05,0.003494,0.206,0.2113
268189350,2024/2025,159,166,0.000138,0.010441,0.2644,0.2611
268738334,2024/2025,161,132,0.000241,0.012877,0.2773,0.279
268738349,2024/2025,162,30,2.9e-05,0.004254,0.2793,0.2854
271892656,2024/2025,163,65,2e-05,0.004127,0.2761,0.2786
272454978,2024/2025,165,167,0.00072,0.023353,0.2219,0.2098
272454979,2024/2025,164,31,1e-06,0.001097,0.2842,0.2848
272454981,2024/2025,164,167,0.000461,0.01801,0.2537,0.2517
272454985,2024/2025,164,167,5e-06,0.001803,0.2016,0.1992
272454990,2024/2025,164,133,1.9e-05,0.003451,0.2877,0.2878
273017251,2024/2025,166,31,1.5e-05,0.003111,0.2649,0.266
273017264,2024/2025,168,167,2.4e-05,0.004478,0.2657,0.2687
273017270,2024/2025,167,167,0.000289,0.015404,0.2662,0.2731
276523514,2024/2025,169,168,0.000106,0.009422,0.2573,0.2531
277107769,2024/2025,171,168,0.000415,0.011519,0.0765,0.0655
277107773,2024/2025,170,32,3e-06,0.001572,0.262,0.2624
277107774,2024/2025,170,134,9.1e-05,0.008697,0.2799,0.2843
277107775,2024/2025,170,66,8.7e-05,0.007606,0.277,0.2754
277107776,2024/2025,170,134,4.8e-05,0.005996,0.2713,0.2735
277699963,2024/2025,174,168,7e-06,0.001951,0.2517,0.2534
277699967,2024/2025,173,32,0.000128,0.008703,0.2628,0.2644
277699970,2024/2025,172,168,2e-06,0.001346,0.2469,0.2463
281601305,2024/2025,175,67,4.4e-05,0.006057,0.2763,0.2815
281601306,2024/2025,175,169,2.4e-05,0.004017,0.2866,0.2912
281601307,2024/2025,175,169,1.8e-05,0.003715,0.2583,0.2571
281601308,2024/2025,175,33,0.001525,0.032651,0.1847,0.1619
281601309,2024/2025,175,169,3e-06,0.001285,0.1561,0.1544
281601310,2024/2025,175,33,5.7e-05,0.006903,0.2731,0.2769
281601311,2024/2025,175,169,0.000261,0.013086,0.2751,0.2755
281601312,2024/2025,175,169,8.4e-05,0.008516,0.2652,0.2701
281601313,2024/2025,175,169,0.000392,0.016192,0.2535,0.254
342254747,2025/2026,1,114,0.0,0.000351,0.2388,0.2393
342863654,2025/2026,2,190,4e-05,0.005412,0.2513,0.2503
342863842,2025/2026,3,152,6.7e-05,0.007359,0.2611,0.2641
342863843,2025/2026,3,0,0.000102,0.008126,0.2744,0.2739
342863844,2025/2026,3,114,4e-06,0.001799,0.2575,0.2566
342863998,2025/2026,4,76,0.000165,0.01132,0.2771,0.2808
342864234,2025/2026,4,190,0.000122,0.00994,0.2692,0.2735
342864255,2025/2026,3,152,2.6e-05,0.004437,0.2009,0.2042
342864289,2025/2026,4,190,0.000295,0.014836,0.292,0.2878
343465726,2025/2026,5,114,8.1e-05,0.00729,0.2713,0.2716
343465727,2025/2026,5,190,2.3e-05,0.004458,0.2702,0.2731
343465728,2025/2026,6,0,0.000145,0.009837,0.2826,0.2815
343465729,2025/2026,3,68,8.2e-05,0.008371,0.2412,0.234
343465730,2025/2026,6,72,3.5e-05,0.005016,0.2674,0.2683
343465731,2025/2026,6,110,5.9e-05,0.006403,0.2767,0.2756
343465732,2025/2026,4,106,3.7e-05,0.004693,0.2651,0.2653
343465733,2025/2026,2,182,9.2e-05,0.00765,0.2808,0.2806
343465734,2025/2026,5,182,1.9e-05,0.003961,0.2847,0.2818
343465735,2025/2026,1,182,0.000336,0.015465,0.2621,0.2596
343465842,2025/2026,5,190,8e-06,0.002235,0.2643,0.2638
343465921,2025/2026,6,190,0.000203,0.011873,0.2778,0.2794
343465941,2025/2026,6,190,0.000129,0.010248,0.2797,0.2748
343465961,2025/2026,7,182,6e-06,0.001979,0.2411,0.2416
343465962,2025/2026,1,114,1.2e-05,0.00293,0.2818,0.2784
343465963,2025/2026,2,0,2e-05,0.003591,0.255,0.2499
343465965,2025/2026,7,114,7.4e-05,0.007591,0.2566,0.2595
344184009,2025/2026,7,114,6.7e-05,0.00672,0.277,0.2778
344184010,2025/2026,8,114,3e-06,0.001537,0.2777,0.2761
345052043,2025/2026,9,190,4e-06,0.001376,0.2188,0.2168
347217733,2025/2026,1,170,0.00133,0.031218,0.2033,0.1812
347217747,2025/2026,8,191,2.1e-05,0.004182,0.2864,0.2902
347217750,2025/2026,10,153,4e-06,0.001746,0.273,0.271
347953543,2025/2026,9,191,0.000531,0.019654,0.1938,0.1772
347953714,2025/2026,2,136,2.4e-05,0.003928,0.2497,0.2495
347953715,2025/2026,2,68,0.000505,0.01918,0.2619,0.2653
347953716,2025/2026,2,170,5e-06,0.001851,0.2516,0.2518
347953717,2025/2026,2,170,1.4e-05,0.002875,0.2257,0.226
347953718,2025/2026,2,170,6e-06,0.002084,0.2641,0.2637
347953747,2025/2026,10,115,3.8e-05,0.00576,0.275,0.2797
347953748,2025/2026,10,153,9.8e-05,0.007958,0.2805,0.2802
347953749,2025/2026,10,1,0.000332,0.015324,0.2681,0.2655
347953750,2025/2026,14,191,0.000497,0.019259,0.2688,0.2645
347954243,2025/2026,9,1,7e-06,0.002,0.2491,0.2461
347954246,2025/2026,11,153,2.2e-05,0.003711,0.2718,0.2724
347954613,2025/2026,1,114,7e-06,0.00227,0.2901,0.2895
347954614,2025/2026,1,152,2.4e-05,0.004592,0.294,0.2974
347954615,2025/2026,11,115,6.1e-05,0.006526,0.2049,0.2088
347954616,2025/2026,3,34,0.000165,0.010372,0.2598,0.2614
347954621,2025/2026,10,73,0.000127,0.009785,0.2593,0.2629
347954642,2025/2026,12,115,9.2e-05,0.0087,0.2273,0.22
347954663,2025/2026,2,38,6.4e-05,0.007367,0.2413,0.2468
347954664,2025/2026,2,190,0.000663,0.022079,0.2912,0.285
347954667,2025/2026,11,111,6e-06,0.001435,0.2167,0.2146
347954668,2025/2026,13,77,7.4e-05,0.006181,0.2188,0.2181
348751609,2025/2026,12,115,2e-05,0.00401,0.2772,0.2787
348751610,2025/2026,12,191,2e-06,0.001184,0.2855,0.2873
348751611,2025/2026,12,149,0.000113,0.008942,0.2746,0.2733
348751703,2025/2026,4,136,4e-05,0.005168,0.2474,0.2496
348751783,2025/2026,8,149,0.000154,0.009443,0.1539,0.1613
348751787,2025/2026,14,191,6.5e-05,0.006475,0.2856,0.286
348751939,2025/2026,13,69,1.4e-05,0.003296,0.2797,0.2786
348751940,2025/2026,13,183,2.6e-05,0.004743,0.2709,0.2738
348751941,2025/2026,13,107,9e-06,0.002542,0.2806,0.2798
348751942,2025/2026,13,153,2.3e-05,0.004307,0.2764,0.2783
348751943,2025/2026,5,0,2.4e-05,0.004399,0.256,0.2577
348751956,2025/2026,3,152,0.000139,0.009387,0.2887,0.2882
348751957,2025/2026,3,38,0.000139,0.010002,0.2886,0.2866
348751963,2025/2026,15,115,0.000512,0.019794,0.2829,0.2893
348751964,2025/2026,15,115,0.00035,0.016971,0.2349,0.2235
348751978,2025/2026,4,0,5e-06,0.001547,0.2631,0.2608
348751979,2025/2026,4,76,0.000112,0.009597,0.2599,0.2657
348751980,2025/2026,14,183,5e-06,0.002006,0.2779,0.2765
348751981,2025/2026,16,1,0.0002,0.011789,0.2567,0.2592
349634360,2025/2026,5,190,2.9e-05,0.004954,0.2996,0.3032
349634361,2025/2026,17,153,5.1e-05,0.006594,0.2838,0.2802
349634367,2025/2026,6,190,0.000122,0.010179,0.261,0.2539
349634368,2025/2026,18,191,6.9e-05,0.006918,0.2847,0.2857
353028717,2025/2026,7,39,1.5e-05,0.003133,0.2804,0.2801
353028745,2025/2026,20,78,0.000104,0.008269,0.2727,0.2734
353028780,2025/2026,6,1,2.6e-05,0.00432,0.2787,0.2813
353028781,2025/2026,8,115,1e-06,0.000859,0.2861,0.2867
353028787,2025/2026,15,184,2.6e-05,0.00421,0.2797,0.2789
353028788,2025/2026,20,192,8.1e-05,0.008117,0.2832,0.2796
353028790,2025/2026,21,192,0.000127,0.009704,0.3005,0.2976
353832467,2025/2026,15,154,0.000105,0.009486,0.2383,0.2451
353832631,2025/2026,7,69,0.000178,0.011647,0.2523,0.2486
353832632,2025/2026,7,137,1.6e-05,0.003574,0.2681,0.271
353832633,2025/2026,7,171,5e-06,0.001889,0.2603,0.2588
353832634,2025/2026,7,171,2e-06,0.000928,0.2191,0.2177
353832677,2025/2026,16,116,5e-06,0.001628,0.2384,0.2387
353832678,2025/2026,16,2,5.8e-05,0.006423,0.2787,0.2775
353832679,2025/2026,16,116,3.5e-05,0.005004,0.2689,0.2697
353832680,2025/2026,16,192,5e-06,0.001764,0.2942,0.2968
353832931,2025/2026,16,150,0.00018,0.011362,0.2775,0.2756
353832934,2025/2026,22,154,1e-05,0.002603,0.2799,0.2838
353833353,2025/2026,9,39,0.000231,0.012852,0.2843,0.2819
353833354,2025/2026,9,77,0.000109,0.009354,0.2757,0.2796
353833355,2025/2026,17,116,7e-06,0.002409,0.2526,0.254
353833356,2025/2026,8,171,2.4e-05,0.003342,0.2079,0.2103
353833367,2025/2026,17,74,5.5e-05,0.006052,0.2994,0.3002
353833368,2025/2026,23,2,8.2e-05,0.00736,0.2792,0.278
353833382,2025/2026,24,116,3.2e-05,0.00483,0.2767,0.273
353833409,2025/2026,10,153,0.000165,0.011449,0.2507,0.2576
353833410,2025/2026,10,1,0.000234,0.012614,0.2869,0.2883
353833412,2025/2026,18,108,1e-06,0.000661,0.2315,0.2319
353833413,2025/2026,25,154,3.8e-05,0.003395,0.0758,0.079
354688065,2025/2026,19,192,2.8e-05,0.004814,0.2874,0.2843
354688222,2025/2026,18,192,9.6e-05,0.008573,0.28,0.2826
354688223,2025/2026,18,116,6.9e-05,0.006662,0.2578,0.2563
354688225,2025/2026,19,150,1e-06,0.000959,0.2906,0.2909
354688327,2025/2026,9,171,1.5e-05,0.003429,0.2717,0.2726
354688424,2025/2026,26,192,5.5e-05,0.006234,0.2394,0.2412
354688599,2025/2026,20,184,1.3e-05,0.003175,0.2839,0.2827
354688600,2025/2026,20,70,0.000108,0.009444,0.2688,0.2647
354688601,2025/2026,20,2,4.5e-05,0.005617,0.2388,0.2412
354688602,2025/2026,19,192,0.000301,0.014377,0.2554,0.2544
354688603,2025/2026,10,171,0.000874,0.026667,0.2296,0.2116
354688609,2025/2026,11,153,0.000237,0.012773,0.2871,0.2897
354688610,2025/2026,11,191,2.7e-05,0.004532,0.2852,0.2879
354688612,2025/2026,27,192,5.4e-05,0.006369,0.2947,0.2927
354688615,2025/2026,11,137,0.000119,0.00968,0.2759,0.2795
354688616,2025/2026,28,116,1.9e-05,0.003502,0.2868,0.2867
354688631,2025/2026,12,191,8.5e-05,0.008282,0.226,0.2194
354688632,2025/2026,12,191,1e-06,0.000836,0.2661,0.2658
354688633,2025/2026,21,184,7.7e-05,0.007875,0.2547,0.2503
354688636,2025/2026,29,154,1.3e-05,0.002297,0.2014,0.2008
365992297,2025/2026,28,194,3e-06,0.001282,0.2671,0.2691
365992298,2025/2026,44,196,5e-06,0.00178,0.2942,0.2966
365992299,2025/2026,34,119,0.000124,0.008874,0.1599,0.1507
365992300,2025/2026,150,215,3.3e-05,0.004648,0.2729,0.2729
365992301,2025/2026,21,117,4e-05,0.005418,0.2366,0.2394
365992302,2025/2026,151,215,1.4e-05,0.003457,0.2315,0.2291
365992303,2025/2026,156,216,9e-06,0.00258,0.1996,0.2024
365992304,2025/2026,22,117,2e-05,0.003958,0.2738,0.278
365992305,2025/2026,24,155,0.000205,0.01256,0.2679,0.2721
365992306,2025/2026,22,3,6.1e-05,0.006975,0.2836,0.2864
365992307,2025/2026,22,193,1e-05,0.00271,0.2977,0.3017
365992308,2025/2026,34,195,5.7e-05,0.006259,0.2837,0.2846
365992309,2025/2026,31,118,5e-05,0.006418,0.2902,0.2962
365992310,2025/2026,25,117,4.1e-05,0.005251,0.195,0.1979
365992311,2025/2026,22,117,9.3e-05,0.008407,0.2674,0.2708
365992312,2025/2026,32,194,4e-06,0.001643,0.2666,0.267
365992313,2025/2026,29,194,9.8e-05,0.008435,0.2777,0.2794
365992314,2025/2026,26,193,0.000197,0.013083,0.2622,0.2543
365992315,2025/2026,22,193,0.0001,0.00888,0.2367,0.2306
365992316,2025/2026,30,156,7.1e-05,0.007299,0.2832,0.2853
365992317,2025/2026,23,193,5e-06,0.001944,0.2688,0.27
365992318,2025/2026,28,194,2e-06,0.001451,0.2789,0.2802
365992319,2025/2026,28,118,4e-06,0.00171,0.2877,0.2882
365992320,2025/2026,37,157,0.000383,0.016782,0.2994,0.295
365992321,2025/2026,38,195,0.00072,0.021557,0.2955,0.2966
365992322,2025/2026,34,195,1.2e-05,0.00327,0.2609,0.2628
365992323,2025/2026,33,157,0.00011,0.008557,0.2801,0.2794
365992324,2025/2026,39,195,1.4e-05,0.003426,0.2728,0.2764
365992325,2025/2026,35,5,3.3e-05,0.004716,0.2927,0.2933
365992326,2025/2026,42,196,7e-05,0.006942,0.1823,0.1878
365992327,2025/2026,44,120,7.3e-05,0.007636,0.2185,0.2116
365992328,2025/2026,40,120,6.6e-05,0.007632,0.2749,0.2813
365992329,2025/2026,45,158,0.00029,0.014246,0.2561,0.2594
365992330,2025/2026,43,196,3e-05,0.004841,0.2739,0.2757
365992331,2025/2026,56,122,3.3e-05,0.005179,0.2614,0.2641
365992332,2025/2026,46,121,0.000264,0.014311,0.2777,0.2824
365992333,2025/2026,50,197,4.3e-05,0.005755,0.2458,0.2435
365992334,2025/2026,44,120,0.000219,0.013061,0.2832,0.2778
365992335,2025/2026,42,6,1.4e-05,0.003224,0.2741,0.275
365992336,2025/2026,47,197,0.000148,0.011246,0.2411,0.2321
365992337,2025/2026,51,159,8e-06,0.002455,0.2783,0.2788
365992338,2025/2026,41,120,3.6e-05,0.00513,0.2837,0.285
365992339,2025/2026,99,206,0.000145,0.009834,0.2834,0.2841
365992340,2025/2026,101,206,0.000146,0.010133,0.2652,0.267
365992341,2025/2026,100,168,1e-06,0.000691,0.2704,0.2715
365992342,2025/2026,135,136,3.3e-05,0.005104,0.2694,0.2675
365992343,2025/2026,133,136,6e-06,0.002318,0.255,0.2567
365992344,2025/2026,135,212,2.2e-05,0.004124,0.2851,0.2882
365992345,2025/2026,44,196,4.3e-05,0.005561,0.2742,0.2755
365992346,2025/2026,47,121,5e-06,0.002026,0.2658,0.2645
365992347,2025/2026,53,160,0.000284,0.014879,0.2726,0.2659
365992348,2025/2026,47,121,5.5e-05,0.006777,0.2805,0.284
365992349,2025/2026,48,159,2.9e-05,0.004915,0.2557,0.2587
365992350,2025/2026,56,198,0.000552,0.019572,0.2721,0.2763
365992351,2025/2026,54,198,1.7e-05,0.003766,0.273,0.2711
365992352,2025/2026,31,4,8.4e-05,0.007243,0.2936,0.2929
365992353,2025/2026,28,118,2.9e-05,0.004585,0.2825,0.2815
365992354,2025/2026,27,194,4.9e-05,0.006171,0.2107,0.2155
365992355,2025/2026,36,195,8.4e-05,0.007779,0.2659,0.2679
365992356,2025/2026,56,122,8.9e-05,0.008828,0.2463,0.2537
365992357,2025/2026,56,198,9.1e-05,0.008296,0.2402,0.2441
365992358,2025/2026,102,130,2e-06,0.001044,0.2796,0.2812
365992359,2025/2026,108,207,6e-06,0.001985,0.2607,0.2637
365992360,2025/2026,34,119,1e-06,0.000915,0.2865,0.2879
365992361,2025/2026,53,8,0.000126,0.010312,0.2423,0.2496
365992363,2025/2026,106,131,0.000202,0.012641,0.2347,0.2414
365992364,2025/2026,107,131,4.4e-05,0.005247,0.2934,0.2932
365992365,2025/2026,107,207,0.0,0.000344,0.1635,0.164
365992366,2025/2026,110,207,6e-06,0.001993,0.276,0.2787
365992367,2025/2026,105,207,6.9e-05,0.007523,0.2514,0.2482
365992368,2025/2026,107,169,2e-06,0.001224,0.2736,0.273
365992369,2025/2026,117,133,5.3e-05,0.006827,0.2401,0.2455
365992370,2025/2026,119,171,8e-06,0.002442,0.2935,0.2962
365992371,2025/2026,112,208,9e-06,0.002716,0.2301,0.2321
365992372,2025/2026,111,132,5e-06,0.001982,0.2931,0.2948
365992373,2025/2026,114,18,0.00046,0.018567,0.2292,0.2386
365992374,2025/2026,111,208,2.2e-05,0.004027,0.2627,0.2617
365992375,2025/2026,115,133,0.000182,0.012191,0.2536,0.2475
365992376,2025/2026,116,133,0.000184,0.011785,0.2064,0.2139
365992377,2025/2026,124,134,1.4e-05,0.00318,0.2387,0.2373
365992378,2025/2026,118,133,6e-06,0.002068,0.2625,0.263
365992379,2025/2026,119,209,0.000217,0.012873,0.2727,0.2679
365992380,2025/2026,121,209,0.00055,0.021444,0.2405,0.2264
365992381,2025/2026,119,19,3.1e-05,0.005121,0.2883,0.2914
365992382,2025/2026,116,209,4e-06,0.001649,0.2836,0.2854
365992383,2025/2026,125,210,0.000145,0.010738,0.236,0.2294
365992384,2025/2026,123,210,7e-06,0.002153,0.2782,0.2807
365992385,2025/2026,123,210,1.9e-05,0.00408,0.2623,0.2652
365992386,2025/2026,123,210,0.000463,0.0192,0.2125,0.1973
365992387,2025/2026,130,211,0.000132,0.010605,0.2547,0.2477
365992388,2025/2026,69,200,0.000712,0.024556,0.2587,0.2459
365992389,2025/2026,127,135,3e-06,0.00141,0.2761,0.2758
365992390,2025/2026,122,134,9e-06,0.002614,0.2739,0.2746
365992391,2025/2026,124,134,2.9e-05,0.004932,0.2454,0.2424
365992392,2025/2026,70,125,7e-06,0.002259,0.1919,0.1942
365992393,2025/2026,71,201,3e-06,0.001607,0.2567,0.2582
365992394,2025/2026,123,134,2.1e-05,0.004055,0.2625,0.2672
365992395,2025/2026,131,135,2.2e-05,0.004181,0.2594,0.2607
365992396,2025/2026,146,214,1.9e-05,0.003342,0.2708,0.2722
365992397,2025/2026,127,173,2e-06,0.000999,0.2605,0.262
365992398,2025/2026,134,136,0.000147,0.010982,0.2665,0.2711
365992399,2025/2026,127,135,5.6e-05,0.006022,0.1692,0.1741
365992400,2025/2026,126,211,0.000172,0.010948,0.2644,0.263
365992401,2025/2026,127,21,0.000225,0.012035,0.2982,0.2989
365992402,2025/2026,127,211,3e-06,0.001311,0.2501,0.2496
365992403,2025/2026,136,212,2e-06,0.000949,0.2434,0.2427
365992404,2025/2026,129,211,9e-06,0.002792,0.2466,0.2491
365992405,2025/2026,135,212,0.000116,0.009542,0.2644,0.2609
365992406,2025/2026,141,175,0.000157,0.011419,0.2575,0.2519
365992407,2025/2026,132,22,4.3e-05,0.005179,0.2826,0.2826
365992408,2025/2026,138,213,3.5e-05,0.005541,0.2737,0.278
365992409,2025/2026,139,213,3e-06,0.001169,0.231,0.2316
365992410,2025/2026,138,137,0.000123,0.009871,0.2566,0.2609
365992411,2025/2026,143,23,2.7e-05,0.004721,0.2488,0.2458
365992412,2025/2026,140,213,1.8e-05,0.003312,0.2568,0.2574
365992413,2025/2026,141,137,6.9e-05,0.006727,0.2898,0.2909
365992414,2025/2026,141,175,5.2e-05,0.006611,0.2409,0.2366
365992415,2025/2026,142,213,5.6e-05,0.006409,0.2683,0.27
365992416,2025/2026,138,137,1.7e-05,0.003378,0.2783,0.2777
365992417,2025/2026,114,170,0.000108,0.008983,0.2741,0.2717
365992418,2025/2026,113,170,2.6e-05,0.004663,0.2841,0.287
365992419,2025/2026,113,132,5.5e-05,0.006533,0.2315,0.2343
365992420,2025/2026,189,183,3.5e-05,0.005321,0.2829,0.2807
365992421,2025/2026,79,202,7e-06,0.002479,0.2753,0.2778
365992422,2025/2026,146,138,3.3e-05,0.005168,0.2672,0.2703
365992423,2025/2026,148,214,1.4e-05,0.003465,0.2746,0.2782
365992424,2025/2026,188,145,2.7e-05,0.004697,0.2187,0.2147
365992425,2025/2026,193,145,1e-06,0.000528,0.2286,0.2281
365992426,2025/2026,187,221,3.1e-05,0.005034,0.2772,0.2792
365992427,2025/2026,146,138,3.8e-05,0.005306,0.2707,0.2695
365992428,2025/2026,146,176,7e-05,0.007152,0.281,0.2829
365992429,2025/2026,144,138,2e-06,0.001097,0.2805,0.2821
365992430,2025/2026,147,176,0.000117,0.009711,0.2639,0.26
365992431,2025/2026,155,177,0.000129,0.009404,0.2519,0.2545
365992432,2025/2026,152,139,1e-05,0.002485,0.2721,0.2735
365992433,2025/2026,150,139,6e-05,0.007012,0.2435,0.2472
365992434,2025/2026,153,139,9.3e-05,0.008749,0.2404,0.2467
365992435,2025/2026,80,126,8.2e-05,0.007819,0.2699,0.2717
365992436,2025/2026,84,165,2.7e-05,0.004378,0.2083,0.211
365992437,2025/2026,58,123,6.8e-05,0.007479,0.2481,0.2519
365992438,2025/2026,68,162,8.6e-05,0.00753,0.2818,0.2814
365992439,2025/2026,58,161,1.6e-05,0.003677,0.2611,0.2628
365992440,2025/2026,58,161,9.6e-05,0.008413,0.2777,0.28
365992441,2025/2026,60,199,1.5e-05,0.002952,0.2375,0.2371
365992442,2025/2026,63,9,5.6e-05,0.006124,0.2928,0.292
365992443,2025/2026,58,123,0.000114,0.008802,0.1798,0.187
365992444,2025/2026,62,123,0.000267,0.015137,0.2524,0.2422
365992445,2025/2026,58,123,0.00022,0.012932,0.2682,0.2721
365992446,2025/2026,59,199,2e-06,0.001115,0.2766,0.278
365992447,2025/2026,66,10,0.000578,0.021282,0.2515,0.2628
365992448,2025/2026,75,201,1e-06,0.000724,0.2675,0.2669
365992449,2025/2026,61,199,2.1e-05,0.004301,0.2573,0.2602
365992450,2025/2026,68,124,0.000112,0.009014,0.2915,0.2895
365992451,2025/2026,68,200,4e-06,0.001754,0.271,0.2714
365992452,2025/2026,67,200,9.4e-05,0.008438,0.1962,0.2033
365992453,2025/2026,96,205,5.9e-05,0.006982,0.2657,0.2692
365992454,2025/2026,65,162,1e-06,0.000964,0.2917,0.2931
365992455,2025/2026,65,124,4.4e-05,0.005634,0.2642,0.2656
365992456,2025/2026,71,163,2.6e-05,0.004726,0.265,0.2674
365992457,2025/2026,71,11,0.000239,0.013228,0.286,0.2891
365992458,2025/2026,73,125,6e-06,0.001957,0.2814,0.2838
365992459,2025/2026,71,125,2.2e-05,0.004079,0.214,0.2114
365992460,2025/2026,154,25,0.000553,0.020014,0.2748,0.2796
365992461,2025/2026,80,202,7.5e-05,0.007799,0.2311,0.2252
365992462,2025/2026,76,126,2e-06,0.000779,0.2077,0.2066
365992463,2025/2026,111,132,7e-06,0.002454,0.2588,0.2612
365992464,2025/2026,81,202,4.4e-05,0.006108,0.2814,0.285
365992465,2025/2026,76,126,0.000359,0.01551,0.1737,0.1596
365992466,2025/2026,84,203,1.6e-05,0.003211,0.2727,0.2772
365992467,2025/2026,82,165,9e-06,0.002841,0.2536,0.2557
365992468,2025/2026,86,203,2.6e-05,0.004532,0.2131,0.21
365992469,2025/2026,83,203,0.000333,0.015896,0.2691,0.2636
365992470,2025/2026,85,13,2.3e-05,0.004326,0.2324,0.2348
365992471,2025/2026,103,206,9.2e-05,0.008638,0.2634,0.2598
365992472,2025/2026,100,130,0.000199,0.012668,0.2161,0.2247
365992473,2025/2026,102,206,0.000145,0.010864,0.243,0.2502
365992474,2025/2026,84,127,3e-06,0.00169,0.2769,0.2785
365992475,2025/2026,90,204,5.5e-05,0.006634,0.2107,0.2156
365992476,2025/2026,87,204,0.000267,0.013871,0.2653,0.269
365992477,2025/2026,88,128,1.6e-05,0.003169,0.2689,0.2737
365992478,2025/2026,88,128,3e-06,0.001465,0.29,0.2922
365992479,2025/2026,89,128,6.4e-05,0.007049,0.2627,0.2649
365992480,2025/2026,91,166,5.6e-05,0.006244,0.2894,0.2903
365992481,2025/2026,100,206,0.000436,0.015686,0.1416,0.1267
365992482,2025/2026,107,207,7e-06,0.00224,0.2166,0.2177
365992483,2025/2026,109,17,3.9e-05,0.00527,0.2767,0.2759
365992484,2025/2026,88,14,9.6e-05,0.008249,0.1803,0.1719
365992485,2025/2026,88,166,4e-06,0.0016,0.2766,0.2763
365992486,2025/2026,88,128,2.7e-05,0.004573,0.2068,0.203
365992487,2025/2026,111,132,0.0,0.000552,0.2406,0.2414
365992488,2025/2026,97,129,2e-06,0.000916,0.2546,0.2533
365992489,2025/2026,95,205,1.1e-05,0.002105,0.1034,0.1055
365992490,2025/2026,93,205,5.6e-05,0.006999,0.2506,0.256
365992491,2025/2026,94,129,4e-06,0.001684,0.2634,0.2629
365992492,2025/2026,93,205,4.3e-05,0.00593,0.2553,0.253
365992493,2025/2026,98,129,7e-06,0.00253,0.2441,0.2423
365992494,2025/2026,96,129,3e-05,0.0048,0.2852,0.2871
365992495,2025/2026,96,15,0.000343,0.015874,0.2682,0.2719
365992496,2025/2026,96,205,1.2e-05,0.003234,0.2468,0.2494
365992497,2025/2026,107,131,1e-05,0.00297,0.2737,0.2721
365992498,2025/2026,191,145,2.5e-05,0.004499,0.2862,0.2895
365992499,2025/2026,191,31,0.000125,0.009123,0.2761,0.2751
365992500,2025/2026,197,222,4.5e-05,0.005773,0.2607,0.2619
365992501,2025/2026,199,221,0.000975,0.027998,0.2726,0.2622
365992502,2025/2026,194,184,4.7e-05,0.006169,0.2772,0.2748
365992503,2025/2026,195,146,0.000202,0.012459,0.272,0.2684
365992504,2025/2026,198,146,4.3e-05,0.006041,0.2347,0.2397
365992505,2025/2026,198,32,8.5e-05,0.008294,0.2573,0.253
365992506,2025/2026,200,221,0.00025,0.014466,0.2704,0.2781
365992507,2025/2026,198,222,3.9e-05,0.005696,0.2746,0.2773
365992508,2025/2026,206,223,5.4e-05,0.006531,0.2063,0.201
365992509,2025/2026,196,222,1.3e-05,0.003003,0.2748,0.2757
365992510,2025/2026,202,147,0.000277,0.015399,0.2625,0.2712
365992511,2025/2026,195,146,5e-06,0.001744,0.2595,0.2621
365992512,2025/2026,215,223,4.1e-05,0.00591,0.2396,0.2436
365992513,2025/2026,225,36,1e-06,0.000708,0.2711,0.2721
365992514,2025/2026,175,219,1.9e-05,0.003954,0.2225,0.2188
365992515,2025/2026,177,219,0.000101,0.008961,0.2512,0.2469
365992516,2025/2026,150,139,0.0,0.000273,0.2843,0.2841
365992517,2025/2026,217,35,2e-06,0.001225,0.2635,0.2625
365992518,2025/2026,47,197,2.5e-05,0.00467,0.2802,0.2835
365992519,2025/2026,74,201,4e-06,0.001829,0.209,0.2108
365992520,2025/2026,85,127,4e-06,0.001454,0.236,0.2382
365992521,2025/2026,230,227,0.000938,0.025821,0.187,0.1663
365992522,2025/2026,49,197,1e-06,0.000943,0.2871,0.2884
365992523,2025/2026,80,202,6.9e-05,0.006916,0.2462,0.2479
365992524,2025/2026,149,214,8.6e-05,0.007561,0.2744,0.2739
365992525,2025/2026,227,150,1e-06,0.000375,0.1163,0.1158
365992526,2025/2026,133,174,8.7e-05,0.007955,0.2756,0.2771
365992527,2025/2026,167,141,3.4e-05,0.005276,0.2773,0.2829
365992528,2025/2026,209,186,7e-06,0.002371,0.2615,0.2601
365992529,2025/2026,123,172,4.9e-05,0.005744,0.2833,0.2839
365992530,2025/2026,162,216,2.1e-05,0.003781,0.2801,0.2796
365992531,2025/2026,161,216,5.7e-05,0.006549,0.2372,0.2402
365992532,2025/2026,168,217,2.8e-05,0.00482,0.2423,0.2389
365992533,2025/2026,165,217,6e-06,0.002063,0.2126,0.2152
365992534,2025/2026,185,30,0.00012,0.00985,0.249,0.2437
365992535,2025/2026,165,217,0.000158,0.011458,0.2613,0.2556
365992536,2025/2026,76,12,0.000168,0.01061,0.2813,0.2822
365992537,2025/2026,171,218,0.000242,0.013386,0.2773,0.2743
365992538,2025/2026,169,142,0.000169,0.011466,0.2434,0.2495
365992539,2025/2026,171,180,3.8e-05,0.005362,0.251,0.253
365992540,2025/2026,171,142,0.000641,0.022568,0.2236,0.2073
365992541,2025/2026,175,219,1.2e-05,0.002772,0.2529,0.2526
365992542,2025/2026,189,145,1.4e-05,0.002749,0.2509,0.2511
365992543,2025/2026,174,29,0.000138,0.010048,0.2865,0.2889
365992544,2025/2026,186,220,0.000113,0.009808,0.2526,0.2462
365992545,2025/2026,183,220,6e-06,0.002139,0.2788,0.2803
365992546,2025/2026,181,220,3.4e-05,0.005364,0.2768,0.2813
365992547,2025/2026,184,144,4e-06,0.001739,0.2816,0.283
365992548,2025/2026,222,225,0.000771,0.022946,0.1828,0.1635
365992549,2025/2026,191,220,7.9e-05,0.007877,0.2786,0.2816
365992550,2025/2026,203,33,2.7e-05,0.004517,0.2894,0.2907
365992551,2025/2026,205,223,1e-06,0.000892,0.2824,0.2817
365992552,2025/2026,204,185,1.7e-05,0.00349,0.2778,0.2786
365992553,2025/2026,207,185,7.8e-05,0.007916,0.2468,0.2428
365992554,2025/2026,205,222,5.3e-05,0.005594,0.2459,0.2449
365992555,2025/2026,214,148,2.5e-05,0.004552,0.2676,0.2699
365992556,2025/2026,210,186,6e-06,0.002333,0.2304,0.2285
365992557,2025/2026,57,198,4.8e-05,0.005919,0.2878,0.2897
365992558,2025/2026,213,224,0.000284,0.015381,0.2538,0.2454
365992559,2025/2026,72,201,0.000473,0.018714,0.2583,0.2641
365992560,2025/2026,212,224,0.000275,0.014526,0.2623,0.2583
365992561,2025/2026,216,225,6.6e-05,0.007005,0.2531,0.2509
365992562,2025/2026,221,149,0.000146,0.009799,0.2799,0.2803
365992563,2025/2026,225,188,0.000169,0.011287,0.2808,0.2775
365992564,2025/2026,230,227,0.000136,0.010628,0.2708,0.276
365992565,2025/2026,218,187,0.000415,0.017641,0.1959,0.1813
365992566,2025/2026,225,150,1.3e-05,0.002981,0.2772,0.281
365992567,2025/2026,230,37,6.6e-05,0.006762,0.2874,0.2883
365992568,2025/2026,55,160,0.000291,0.013928,0.2661,0.2676
365992569,2025/2026,47,7,1.6e-05,0.003473,0.28,0.2789
365992570,2025/2026,52,122,4.2e-05,0.005987,0.2659,0.2696
365992571,2025/2026,68,124,6.2e-05,0.006283,0.2788,0.2788
365992572,2025/2026,78,164,2e-06,0.001116,0.2824,0.2823
365992573,2025/2026,64,200,3e-06,0.001569,0.2747,0.275
365992574,2025/2026,92,204,7e-06,0.002547,0.2497,0.2516
365992575,2025/2026,71,125,0.000106,0.009596,0.2375,0.2449
365992576,2025/2026,152,215,0.000175,0.011991,0.2631,0.2574
365992577,2025/2026,77,202,3e-05,0.004887,0.2929,0.2957
365992578,2025/2026,84,127,2e-06,0.001117,0.2447,0.2444
365992579,2025/2026,120,171,1.5e-05,0.003321,0.2788,0.2797
365992580,2025/2026,145,214,9.7e-05,0.008893,0.2361,0.2314
365992581,2025/2026,82,127,9.1e-05,0.008922,0.2544,0.2607
365992582,2025/2026,146,24,1.9e-05,0.003642,0.1945,0.1971
365992583,2025/2026,100,16,0.000279,0.015169,0.2382,0.247
365992584,2025/2026,123,20,1.4e-05,0.00336,0.2742,0.2757
365992585,2025/2026,128,135,0.000226,0.013467,0.242,0.2495
365992586,2025/2026,137,136,9.5e-05,0.008291,0.2824,0.2841
365992587,2025/2026,152,177,0.000706,0.023723,0.218,0.1999
365992588,2025/2026,157,140,4.4e-05,0.006222,0.2469,0.2421
365992589,2025/2026,133,212,0.000496,0.017144,0.1542,0.1382
365992590,2025/2026,112,208,8e-06,0.002308,0.1558,0.1536
365992591,2025/2026,163,217,3.2e-05,0.004352,0.269,0.2702
365992592,2025/2026,174,143,1.7e-05,0.003653,0.2509,0.249
365992593,2025/2026,205,223,2e-06,0.001134,0.2815,0.2832
365992594,2025/2026,217,225,0.000192,0.012632,0.2242,0.235
365992595,2025/2026,160,216,7.7e-05,0.00823,0.2644,0.2705
365992596,2025/2026,157,178,3.7e-05,0.005309,0.2725,0.2709
365992597,2025/2026,158,140,5e-06,0.00202,0.2682,0.2663
365992598,2025/2026,165,141,1.8e-05,0.003392,0.2662,0.2657
365992599,2025/2026,167,179,0.0,0.000386,0.2584,0.2586
365992600,2025/2026,177,143,0.000322,0.01583,0.2781,0.2834
365992601,2025/2026,186,144,1e-06,0.000695,0.2756,0.2765
365992602,2025/2026,209,224,0.000196,0.011628,0.2729,0.2717
365992603,2025/2026,209,34,2.6e-05,0.004469,0.2881,0.2901
365992604,2025/2026,219,224,0.00022,0.012685,0.2857,0.2886
365992605,2025/2026,217,149,9.7e-05,0.008105,0.2776,0.2783
365992606,2025/2026,224,150,5.4e-05,0.006641,0.2546,0.2517
365992607,2025/2026,226,226,0.000198,0.012835,0.2514,0.2444
365992608,2025/2026,230,189,2.4e-05,0.004044,0.2422,0.2411
365992609,2025/2026,160,26,9.9e-05,0.00826,0.2899,0.2888
365992610,2025/2026,166,141,0.000174,0.011458,0.2496,0.2538
365992611,2025/2026,172,218,0.000103,0.008856,0.2621,0.2596
365992612,2025/2026,157,140,4.3e-05,0.005349,0.1764,0.1805
365992613,2025/2026,159,216,0.000935,0.027809,0.2349,0.2163
365992614,2025/2026,160,140,0.000224,0.013383,0.2692,0.2744
365992615,2025/2026,164,27,0.000104,0.009583,0.2545,0.2618
365992616,2025/2026,167,217,0.000128,0.010053,0.2523,0.2472
365992617,2025/2026,171,218,7e-06,0.002255,0.2687,0.2715
365992618,2025/2026,169,142,6.6e-05,0.007542,0.2666,0.2709
365992619,2025/2026,169,28,6e-06,0.002145,0.2764,0.2778
365992620,2025/2026,173,218,2.2e-05,0.003756,0.2779,0.278
365992621,2025/2026,170,218,2.2e-05,0.004384,0.24,0.2435
365992622,2025/2026,179,181,4e-06,0.001547,0.236,0.2354
365992623,2025/2026,178,219,3.9e-05,0.005142,0.1954,0.1926
365992624,2025/2026,177,143,9e-06,0.002692,0.2763,0.2781
365992625,2025/2026,176,219,4.3e-05,0.005682,0.2328,0.2356
365992626,2025/2026,180,144,8.2e-05,0.007856,0.2702,0.2731
365992627,2025/2026,182,144,0.000168,0.011273,0.2277,0.234
365992628,2025/2026,192,220,4.2e-05,0.005816,0.2666,0.2687
365992629,2025/2026,190,183,1e-06,0.0007,0.2391,0.2397
365992630,2025/2026,201,223,2.9e-05,0.004751,0.2812,0.286
365992631,2025/2026,202,147,4e-06,0.001614,0.1687,0.17
365992632,2025/2026,211,148,1.4e-05,0.002791,0.2736,0.2778
365992633,2025/2026,208,148,2.9e-05,0.004896,0.2236,0.2273
365992634,2025/2026,219,149,2e-06,0.001043,0.2454,0.246
365992635,2025/2026,219,149,3e-05,0.004646,0.2758,0.2772
365992636,2025/2026,220,225,7.2e-05,0.007116,0.2297,0.2329
365992637,2025/2026,223,226,0.000381,0.016632,0.272,0.2687
365992638,2025/2026,228,150,3.3e-05,0.005392,0.255,0.2599
365992639,2025/2026,229,226,1.4e-05,0.002979,0.2627,0.2634
365992640,2025/2026,225,188,1.5e-05,0.003247,0.2872,0.289
365992641,2025/2026,230,151,1.4e-05,0.003247,0.2857,0.2872
365992642,2025/2026,230,227,1.1e-05,0.003031,0.2608,0.264
365992643,2025/2026,230,189,3.4e-05,0.004997,0.2757,0.2768
365992644,2025/2026,230,151,6e-06,0.00203,0.2797,0.2827
365992645,2025/2026,230,227,4.6e-05,0.005682,0.2813,0.2801
365992646,2025/2026,230,151,3e-05,0.00451,0.2794,0.2801
366806653,2025/2026,12,172,2e-06,0.001054,0.2656,0.2643
366806662,2025/2026,30,117,0.000127,0.009908,0.2736,0.2768
367329875,2025/2026,31,3,8.5e-05,0.008579,0.2749,0.2811
367329916,2025/2026,13,78,1e-06,0.000879,0.2814,0.2801
367329964,2025/2026,13,70,7e-06,0.001751,0.2055,0.2054
367329965,2025/2026,13,172,3e-06,0.00161,0.2717,0.2728
367329966,2025/2026,13,172,9.4e-05,0.007415,0.2576,0.2571
367329967,2025/2026,13,172,0.000201,0.011474,0.2443,0.2455
367329968,2025/2026,13,138,2e-06,0.001255,0.2638,0.2657
367330015,2025/2026,36,79,0.00012,0.009333,0.2693,0.2657
367330222,2025/2026,14,192,6.1e-05,0.006234,0.2727,0.2727
367330261,2025/2026,14,2,0.000123,0.006372,0.0766,0.0703
367330318,2025/2026,15,192,0.000476,0.018012,0.2892,0.2921
367857020,2025/2026,16,192,0.000297,0.014523,0.2259,0.216
367857041,2025/2026,35,117,8.5e-05,0.00808,0.2339,0.2284
367857070,2025/2026,17,116,6e-06,0.002096,0.2113,0.2089
367857071,2025/2026,17,2,0.000168,0.010859,0.286,0.2842
367857327,2025/2026,15,36,0.000537,0.021569,0.2497,0.263
367857369,2025/2026,24,75,8.7e-05,0.008114,0.2814,0.2838
367857370,2025/2026,25,109,0.000128,0.009757,0.214,0.219
367857371,2025/2026,26,113,2.9e-05,0.00448,0.2903,0.2911
367857372,2025/2026,23,185,0.000112,0.009199,0.2348,0.2399
367857373,2025/2026,22,151,1.5e-05,0.00262,0.2267,0.2228
367857374,2025/2026,26,185,1.5e-05,0.002901,0.211,0.2116
367857375,2025/2026,26,71,1.2e-05,0.002941,0.2657,0.2663
367857376,2025/2026,26,3,6.8e-05,0.007583,0.2565,0.2525
367857377,2025/2026,27,185,0.000288,0.013918,0.2512,0.2533
367857748,2025/2026,16,138,0.000115,0.008727,0.2602,0.2605
367857752,2025/2026,18,154,3e-05,0.005095,0.2618,0.2649
367857768,2025/2026,37,155,2.5e-05,0.003963,0.2998,0.2999
367857785,2025/2026,19,192,0.000148,0.011165,0.2481,0.2555
367857786,2025/2026,33,155,6e-06,0.002046,0.2669,0.2659
367857787,2025/2026,34,193,0.000278,0.014823,0.2724,0.2675
367857788,2025/2026,38,193,3.7e-05,0.004174,0.137,0.1395
367857789,2025/2026,32,193,3e-06,0.001565,0.2253,0.2263
368374796,2025/2026,179,93,1.9e-05,0.003588,0.2768,0.2761
368374797,2025/2026,149,129,6.3e-05,0.006992,0.3062,0.3106
368374798,2025/2026,39,117,0.0,0.000439,0.2564,0.2569
368374799,2025/2026,145,129,4.3e-05,0.005974,0.2343,0.2385
368374800,2025/2026,57,196,0.00073,0.022718,0.2701,0.2666
368374801,2025/2026,65,197,1.6e-05,0.003256,0.3044,0.3038
368374802,2025/2026,93,199,4.9e-05,0.006276,0.2756,0.2723
368374803,2025/2026,150,15,2e-06,0.000976,0.2702,0.2701
368374804,2025/2026,139,205,9.4e-05,0.007587,0.2739,0.274
368374805,2025/2026,192,172,3e-06,0.001278,0.2868,0.2849
368374806,2025/2026,174,18,3.2e-05,0.005179,0.2634,0.2606
368374807,2025/2026,346,112,1.3e-05,0.003084,0.2691,0.2669
368374808,2025/2026,194,210,1.4e-05,0.002936,0.2847,0.2847
368374809,2025/2026,215,97,9e-06,0.002125,0.2415,0.2409
368374810,2025/2026,256,140,6.5e-05,0.007247,0.2299,0.222
368374811,2025/2026,254,216,0.000386,0.018223,0.2497,0.2368
368374812,2025/2026,263,217,0.000255,0.014279,0.23,0.2187
368374813,2025/2026,329,148,2.4e-05,0.004363,0.2806,0.2767
368374814,2025/2026,273,142,0.0,0.000301,0.2881,0.2878
368374815,2025/2026,264,27,9.5e-05,0.007905,0.2893,0.2886
368374816,2025/2026,274,28,2.9e-05,0.004506,0.2707,0.2699
368374817,2025/2026,312,222,0.000898,0.027302,0.268,0.2545
368374818,2025/2026,309,184,3.3e-05,0.004582,0.2723,0.2725
368374819,2025/2026,301,145,0.000125,0.009286,0.2785,0.2767
368374820,2025/2026,339,149,3e-06,0.001092,0.2474,0.2458
368374821,2025/2026,328,110,7e-06,0.002377,0.2844,0.283
368374822,2025/2026,348,151,1.3e-05,0.002928,0.2756,0.272
368374823,2025/2026,96,200,0.00034,0.016493,0.222,0.2087
368374824,2025/2026,48,194,2.6e-05,0.003193,0.122,0.1239
368374825,2025/2026,43,156,1.8e-05,0.003671,0.2941,0.2982
368374826,2025/2026,47,4,1e-06,0.000703,0.2745,0.2751
368374827,2025/2026,40,194,0.000143,0.011193,0.2694,0.2621
368374828,2025/2026,42,118,0.000108,0.00772,0.145,0.1505
368374829,2025/2026,50,81,0.0005,0.017617,0.1683,0.1783
368374830,2025/2026,44,194,0.000313,0.014874,0.2855,0.2894
368374831,2025/2026,43,194,1.2e-05,0.002272,0.2177,0.2166
368374832,2025/2026,52,157,0.000259,0.014804,0.2533,0.2423
368374833,2025/2026,51,157,5.4e-05,0.006719,0.3109,0.316
368374834,2025/2026,49,119,0.0,0.000495,0.2799,0.2793
368374835,2025/2026,53,119,5.4e-05,0.00611,0.2956,0.2965
368374836,2025/2026,54,5,0.000143,0.00688,0.0807,0.0868
368374837,2025/2026,62,196,2.4e-05,0.003065,0.1022,0.1044
368374838,2025/2026,52,157,0.00034,0.016343,0.2591,0.2659
368374839,2025/2026,50,195,2.2e-05,0.004037,0.2465,0.2452
368374840,2025/2026,55,120,9e-06,0.002405,0.2672,0.2636
368374841,2025/2026,58,158,1.2e-05,0.003,0.3026,0.3056
368374842,2025/2026,60,158,1.3e-05,0.003167,0.278,0.2742
368374843,2025/2026,63,196,5e-06,0.001754,0.2493,0.2467
368374844,2025/2026,64,6,0.000127,0.010291,0.2571,0.2506
368374845,2025/2026,59,196,8.9e-05,0.008809,0.2577,0.2517
368374846,2025/2026,81,84,2e-05,0.003888,0.2745,0.2717
368374847,2025/2026,68,159,1.6e-05,0.003648,0.24,0.2372
368374848,2025/2026,73,197,5.1e-05,0.0054,0.2571,0.2567
368374849,2025/2026,70,121,9.8e-05,0.008971,0.3043,0.3099
368374850,2025/2026,72,121,4e-06,0.001824,0.2748,0.2734
368374851,2025/2026,71,197,8e-06,0.00188,0.1452,0.1462
368374852,2025/2026,76,122,1.8e-05,0.001954,0.0484,0.0504
368374853,2025/2026,69,197,1.7e-05,0.003096,0.2248,0.2243
368374854,2025/2026,67,121,1.6e-05,0.003116,0.2852,0.2805
368374855,2025/2026,66,7,2.4e-05,0.004457,0.2767,0.2733
368374856,2025/2026,72,159,0.000273,0.013795,0.2808,0.2827
368374857,2025/2026,82,198,8.1e-05,0.008058,0.2323,0.2379
368374858,2025/2026,78,198,0.000127,0.009802,0.2022,0.1931
368374859,2025/2026,88,199,0.000191,0.011252,0.2715,0.2728
368374860,2025/2026,75,160,3.8e-05,0.005291,0.2706,0.272
368374861,2025/2026,80,198,9.7e-05,0.008892,0.2729,0.2687
368374862,2025/2026,83,160,7.9e-05,0.00826,0.2807,0.2862
368374863,2025/2026,79,122,3.5e-05,0.005214,0.294,0.296
368374864,2025/2026,74,8,0.0,0.000161,0.2658,0.2656
368374865,2025/2026,102,162,3e-06,0.001156,0.2368,0.2353
368374866,2025/2026,77,198,7.8e-05,0.008311,0.2543,0.2474
368374867,2025/2026,86,123,6.3e-05,0.007003,0.2692,0.2717
368374868,2025/2026,85,9,3.2e-05,0.005272,0.2796,0.2759
368374869,2025/2026,91,199,1e-06,0.000937,0.2967,0.2959
368374870,2025/2026,92,161,2.2e-05,0.003716,0.296,0.2958
368374871,2025/2026,90,199,9.5e-05,0.008923,0.2451,0.2412
368374872,2025/2026,101,124,0.000323,0.012716,0.1172,0.1275
368374873,2025/2026,99,86,7e-05,0.007536,0.2749,0.271
368374874,2025/2026,94,124,1.1e-05,0.002489,0.2751,0.2776
368374875,2025/2026,98,200,1.6e-05,0.002454,0.1243,0.1257
368374876,2025/2026,103,10,3.4e-05,0.005123,0.2838,0.2821
368374877,2025/2026,97,200,5e-05,0.00616,0.3028,0.3054
368374878,2025/2026,107,87,0.000106,0.00843,0.1695,0.1606
368374879,2025/2026,106,201,6.3e-05,0.006438,0.2862,0.2866
368374880,2025/2026,236,100,1.9e-05,0.002459,0.0812,0.0831
368374881,2025/2026,267,217,1.6e-05,0.002897,0.1292,0.126
368374882,2025/2026,265,141,1.8e-05,0.002543,0.1304,0.1314
368374883,2025/2026,278,218,3.4e-05,0.005378,0.28,0.2754
368374884,2025/2026,109,11,8.7e-05,0.008329,0.234,0.2277
368374885,2025/2026,112,201,8.8e-05,0.007559,0.2148,0.2173
368374886,2025/2026,104,125,0.000107,0.008539,0.2935,0.2925
368374887,2025/2026,108,125,2e-06,0.001288,0.2688,0.2684
368374888,2025/2026,110,163,0.0001,0.00778,0.2147,0.2173
368374889,2025/2026,105,125,3.2e-05,0.00528,0.2804,0.2761
368374890,2025/2026,111,163,1.7e-05,0.003671,0.3025,0.3043
368374891,2025/2026,126,89,0.000222,0.011801,0.2703,0.2709
368374892,2025/2026,115,202,1e-06,0.000404,0.1719,0.1713
368374893,2025/2026,114,164,3e-05,0.005138,0.2909,0.295
368374894,2025/2026,121,126,0.000252,0.013477,0.2029,0.211
368374895,2025/2026,122,126,2e-06,0.001463,0.27,0.2692
368374896,2025/2026,120,202,1.6e-05,0.003719,0.2558,0.2592
368374897,2025/2026,116,202,1.9e-05,0.003798,0.2996,0.2983
368374898,2025/2026,118,12,3.1e-05,0.004799,0.288,0.2866
368374899,2025/2026,113,88,5e-05,0.006641,0.2677,0.2629
368374900,2025/2026,125,165,0.000143,0.008582,0.1261,0.1329
368374901,2025/2026,123,127,0.000203,0.012422,0.3026,0.307
368374902,2025/2026,124,165,2.9e-05,0.004983,0.2908,0.2938
368374903,2025/2026,128,203,0.000256,0.012878,0.2787,0.2782
368374904,2025/2026,274,142,1e-06,0.000769,0.2711,0.27
368374905,2025/2026,304,221,2e-06,0.000907,0.1315,0.1301
368374906,2025/2026,336,224,6.2e-05,0.007282,0.2248,0.2201
368374907,2025/2026,205,135,0.000113,0.00798,0.1559,0.1605
368374908,2025/2026,132,165,8e-06,0.002203,0.2831,0.282
368374909,2025/2026,137,166,3.1e-05,0.004953,0.2943,0.2969
368374910,2025/2026,129,203,3e-06,0.001622,0.273,0.2713
368374911,2025/2026,144,90,6.1e-05,0.006128,0.2672,0.2676
368374912,2025/2026,138,204,3.1e-05,0.004477,0.2378,0.2365
368374913,2025/2026,135,14,2.3e-05,0.004064,0.2985,0.2974
368374914,2025/2026,204,96,8.5e-05,0.007305,0.2093,0.2121
368374915,2025/2026,141,204,0.000167,0.011249,0.2907,0.2873
368374916,2025/2026,136,204,8.2e-05,0.008283,0.2335,0.2258
368374917,2025/2026,148,205,1.4e-05,0.002237,0.1197,0.1207
368374918,2025/2026,146,205,0.000184,0.0119,0.2099,0.1995
368374919,2025/2026,151,205,6.4e-05,0.006594,0.2956,0.2965
368374920,2025/2026,152,167,8.8e-05,0.008665,0.2415,0.2481
368374921,2025/2026,153,167,1.5e-05,0.003325,0.2855,0.2828
368374922,2025/2026,163,130,1e-06,0.000789,0.2908,0.2902
368374923,2025/2026,161,130,2e-05,0.003724,0.2966,0.2971
368374924,2025/2026,156,91,0.000192,0.011067,0.2617,0.2605
368374925,2025/2026,162,206,2e-06,0.000985,0.2522,0.2507
368374926,2025/2026,155,16,5.7e-05,0.00631,0.2878,0.2866
368374927,2025/2026,165,207,4e-06,0.001576,0.2936,0.2936
368374928,2025/2026,171,17,1.3e-05,0.002962,0.286,0.2905
368374929,2025/2026,167,131,7.9e-05,0.007628,0.2653,0.2673
368374930,2025/2026,154,168,0.00016,0.011139,0.2938,0.2898
368374931,2025/2026,166,207,3e-05,0.004398,0.297,0.2972
368374932,2025/2026,164,169,1e-05,0.002378,0.2874,0.2868
368374933,2025/2026,170,207,7e-06,0.001921,0.1972,0.1943
368374934,2025/2026,172,207,7.1e-05,0.007086,0.273,0.2717
368374935,2025/2026,173,208,3e-06,0.001413,0.2938,0.2959
368374936,2025/2026,176,132,7e-06,0.00217,0.2862,0.2829
368374937,2025/2026,178,170,5e-06,0.00162,0.2843,0.2823
368374938,2025/2026,177,132,8e-06,0.002641,0.2831,0.2805
368374939,2025/2026,180,208,1.9e-05,0.003464,0.2863,0.2862
368374940,2025/2026,175,170,7.9e-05,0.008059,0.2261,0.2192
368374941,2025/2026,187,171,0.000168,0.011477,0.2144,0.2049
368374942,2025/2026,188,171,2.4e-05,0.004256,0.2891,0.2905
368374943,2025/2026,181,133,2.7e-05,0.003957,0.2631,0.2626
368374944,2025/2026,186,209,4.3e-05,0.005876,0.3032,0.3063
368374945,2025/2026,199,172,2e-06,0.001211,0.2703,0.2721
368374946,2025/2026,198,210,0.00018,0.011653,0.28,0.2833
368374947,2025/2026,200,134,1.3e-05,0.003053,0.3006,0.2968
368374948,2025/2026,209,211,5.1e-05,0.006671,0.2747,0.2699
368374949,2025/2026,207,211,4.1e-05,0.006033,0.2526,0.2478
368374950,2025/2026,214,174,1.1e-05,0.002842,0.3008,0.3045
368374951,2025/2026,213,136,0.0004,0.017403,0.2404,0.2483
368374952,2025/2026,215,136,1e-06,0.000714,0.2692,0.2694
368374953,2025/2026,219,137,4.1e-05,0.005302,0.2751,0.2739
368374954,2025/2026,221,212,6.1e-05,0.006478,0.2927,0.2951
368374955,2025/2026,220,137,4e-06,0.001708,0.2833,0.2834
368374956,2025/2026,222,175,9.2e-05,0.008196,0.2737,0.2758
368374957,2025/2026,226,98,3.6e-05,0.005397,0.2821,0.2791
368374958,2025/2026,227,175,1e-06,0.000654,0.27,0.269
368374959,2025/2026,225,174,1e-05,0.002543,0.2784,0.2774
368374960,2025/2026,223,213,2.3e-05,0.003958,0.169,0.1647
368374961,2025/2026,230,138,1.8e-05,0.002987,0.2287,0.2275
368374962,2025/2026,237,176,4e-06,0.001487,0.251,0.2501
368374963,2025/2026,234,138,0.000214,0.013455,0.2512,0.2417
368374964,2025/2026,235,214,9e-06,0.002376,0.3043,0.3077
368374965,2025/2026,233,214,8e-06,0.001995,0.2296,0.2292
368374966,2025/2026,232,175,5e-06,0.002085,0.2521,0.2497
368374967,2025/2026,231,23,1e-05,0.002925,0.2506,0.2528
368374968,2025/2026,240,101,1e-06,0.000865,0.2805,0.2792
368374969,2025/2026,259,178,0.00012,0.009505,0.2878,0.2848
368374970,2025/2026,243,177,2.1e-05,0.0039,0.2725,0.2709
368374971,2025/2026,241,176,0.000126,0.009376,0.2874,0.2855
368374972,2025/2026,247,215,4.4e-05,0.00619,0.2471,0.2426
368374973,2025/2026,244,24,1e-06,0.000845,0.2497,0.2505
368374974,2025/2026,255,216,2.8e-05,0.003902,0.2257,0.2239
368374975,2025/2026,251,216,0.000135,0.009808,0.262,0.2643
368374976,2025/2026,257,216,3.2e-05,0.004831,0.3007,0.3038
368374977,2025/2026,242,215,1.2e-05,0.002515,0.161,0.1621
368374978,2025/2026,272,142,5.5e-05,0.006905,0.2766,0.2723
368374979,2025/2026,41,80,4.1e-05,0.005331,0.2567,0.2523
368374980,2025/2026,281,105,0.000104,0.008627,0.2514,0.2535
368374981,2025/2026,279,218,0.000175,0.01204,0.2376,0.2307
368374982,2025/2026,282,181,6.6e-05,0.006595,0.1993,0.2028
368374983,2025/2026,284,219,0.000352,0.015131,0.2532,0.252
368374984,2025/2026,287,29,2.1e-05,0.003767,0.2865,0.2861
368374985,2025/2026,271,218,0.000273,0.015555,0.2623,0.2514
368374986,2025/2026,288,181,4e-05,0.005446,0.2864,0.2879
368374987,2025/2026,285,219,1.7e-05,0.003343,0.3029,0.3076
368374988,2025/2026,280,143,5.5e-05,0.005516,0.2607,0.2604
368374989,2025/2026,292,144,6e-05,0.006578,0.2835,0.2821
368374990,2025/2026,283,143,6e-06,0.001843,0.2391,0.2363
368374991,2025/2026,293,144,4e-06,0.000983,0.1064,0.1068
368374992,2025/2026,286,219,5.8e-05,0.006452,0.2875,0.2863
368374993,2025/2026,298,220,4.7e-05,0.006293,0.281,0.2775
368374994,2025/2026,299,106,1e-06,0.000616,0.2895,0.2887
368374995,2025/2026,291,182,3.1e-05,0.004476,0.2659,0.2651
368374996,2025/2026,297,30,6e-05,0.006834,0.237,0.2328
368374997,2025/2026,296,182,5e-06,0.001826,0.2877,0.2881
368374998,2025/2026,295,220,3e-06,0.001452,0.2835,0.2813
368374999,2025/2026,290,144,5e-05,0.005752,0.1624,0.1573
368375000,2025/2026,294,220,1e-06,0.000602,0.2719,0.2717
368375001,2025/2026,335,34,7.9e-05,0.007775,0.3091,0.312
368375002,2025/2026,317,108,1.7e-05,0.003432,0.2715,0.2711
368375003,2025/2026,331,224,0.00026,0.014971,0.2439,0.2332
368375004,2025/2026,310,222,2.9e-05,0.004411,0.2078,0.2136
368375005,2025/2026,316,222,0.000134,0.010907,0.2571,0.2489
368375006,2025/2026,315,222,3e-06,0.001478,0.2822,0.28
368375007,2025/2026,313,184,1.7e-05,0.0034,0.2779,0.2746
368375008,2025/2026,300,221,1.3e-05,0.003037,0.276,0.272
368375009,2025/2026,311,146,0.000131,0.00987,0.2763,0.2734
368375010,2025/2026,314,32,0.000209,0.011955,0.2913,0.293
368375011,2025/2026,346,36,0.000114,0.008768,0.2904,0.2895
368375012,2025/2026,305,107,4e-06,0.001853,0.2815,0.2798
368375013,2025/2026,348,227,1e-06,0.000681,0.2827,0.2817
368375014,2025/2026,302,145,0.000203,0.012046,0.2552,0.2586
368375015,2025/2026,307,31,2e-05,0.003347,0.2638,0.2641
368375016,2025/2026,306,145,1.5e-05,0.00297,0.2618,0.2607
368375017,2025/2026,301,183,4.8e-05,0.005693,0.1717,0.1655
368375018,2025/2026,308,222,0.000145,0.009519,0.2566,0.2569
368375019,2025/2026,300,183,1e-06,0.000852,0.2856,0.2855
368375020,2025/2026,321,185,4.4e-05,0.005405,0.2888,0.2884
368375021,2025/2026,303,221,9e-06,0.002319,0.2735,0.2736
368375022,2025/2026,348,151,1.8e-05,0.003804,0.2797,0.2756
368375023,2025/2026,325,33,2.8e-05,0.004742,0.2367,0.2337
368375024,2025/2026,323,147,3.4e-05,0.004467,0.2646,0.2647
368375025,2025/2026,326,147,5.1e-05,0.005752,0.2108,0.2131
368375026,2025/2026,324,185,6.9e-05,0.007296,0.3058,0.3105
368375027,2025/2026,327,223,4.9e-05,0.006473,0.2785,0.2745
368375028,2025/2026,318,147,7e-05,0.00779,0.2785,0.2724
368375029,2025/2026,322,223,4e-06,0.001258,0.2305,0.2293
368375030,2025/2026,333,186,1.5e-05,0.00327,0.2717,0.2724
368375031,2025/2026,320,223,0.000304,0.014243,0.2818,0.2807
368375032,2025/2026,334,224,5.2e-05,0.006791,0.275,0.2695
368375033,2025/2026,319,109,6.2e-05,0.007337,0.2373,0.231
368375034,2025/2026,340,225,4.8e-05,0.005872,0.2776,0.2757
368375035,2025/2026,337,148,8e-06,0.002224,0.2594,0.2597
368375036,2025/2026,332,224,1e-05,0.002879,0.276,0.2739
368375037,2025/2026,330,148,3.8e-05,0.005328,0.2809,0.2825
368375038,2025/2026,341,149,2.7e-05,0.004336,0.2795,0.2784
368375039,2025/2026,348,227,0.00025,0.014146,0.2204,0.2105
368375040,2025/2026,338,111,1e-06,0.001077,0.2778,0.2769
368375041,2025/2026,342,187,0.0001,0.008936,0.2993,0.3038
368375042,2025/2026,342,187,2.1e-05,0.003915,0.2026,0.2052
368375043,2025/2026,344,149,0.000118,0.009812,0.2776,0.2718
368375044,2025/2026,345,35,0.000133,0.008981,0.153,0.145
368375045,2025/2026,343,187,6.4e-05,0.006741,0.2873,0.2861
368375046,2025/2026,341,225,0.000322,0.016627,0.2459,0.2339
368375047,2025/2026,346,150,1.1e-05,0.002849,0.2991,0.2985
368375048,2025/2026,346,226,2.6e-05,0.004755,0.2774,0.2729
368375049,2025/2026,347,226,2.7e-05,0.004613,0.1997,0.196
368375050,2025/2026,346,150,0.000197,0.012855,0.2402,0.2312
368375051,2025/2026,346,150,7e-06,0.002153,0.2635,0.2623
368375052,2025/2026,346,188,1.4e-05,0.003368,0.2821,0.2795
368375053,2025/2026,346,226,3.1e-05,0.004844,0.2464,0.2485
368375054,2025/2026,348,189,3.2e-05,0.004811,0.2928,0.2938
368375055,2025/2026,348,227,2.9e-05,0.00475,0.2983,0.3026
368375056,2025/2026,348,37,2.4e-05,0.003895,0.2749,0.2743
368375057,2025/2026,348,227,0.000294,0.014655,0.2278,0.2353
368375058,2025/2026,131,127,5.6e-05,0.004883,0.1561,0.1578
368375059,2025/2026,248,139,6e-06,0.001954,0.2827,0.2798
368375060,2025/2026,140,128,0.000148,0.010248,0.2643,0.2613
368375061,2025/2026,134,204,0.000275,0.013678,0.2509,0.2541
368375062,2025/2026,45,156,1.3e-05,0.003019,0.2836,0.2819
368375063,2025/2026,61,120,0.0,0.000247,0.3007,0.3009
368375064,2025/2026,195,209,0.000333,0.014385,0.2424,0.2419
368375065,2025/2026,266,141,2e-06,0.001177,0.2802,0.2796
368375066,2025/2026,289,143,5.7e-05,0.006276,0.2676,0.2661
368375067,2025/2026,346,226,7e-06,0.00228,0.2765,0.2753
368375068,2025/2026,348,113,7e-06,0.002119,0.2577,0.2576
368375069,2025/2026,349,227,0.000468,0.01983,0.2679,0.2585
368375070,2025/2026,46,156,9.3e-05,0.008517,0.2256,0.2312
368375071,2025/2026,56,82,0.000193,0.012228,0.2691,0.2739
368375072,2025/2026,49,119,0.000183,0.011398,0.2052,0.1964
368375073,2025/2026,89,85,5.6e-05,0.006121,0.281,0.2815
368375074,2025/2026,143,204,7e-06,0.001942,0.1414,0.139
368375075,2025/2026,159,130,2.8e-05,0.003861,0.2418,0.24
368375076,2025/2026,119,126,0.000122,0.009397,0.1961,0.1891
368375077,2025/2026,262,141,0.000139,0.009981,0.2825,0.2801
368375078,2025/2026,130,127,1.3e-05,0.002995,0.2788,0.2791
368375079,2025/2026,228,137,1.5e-05,0.002189,0.1696,0.169
368375080,2025/2026,160,205,0.000188,0.011029,0.2351,0.2328
368375081,2025/2026,171,131,2.5e-05,0.003726,0.2713,0.2714
368375082,2025/2026,168,131,1.6e-05,0.003095,0.2086,0.2095
368375083,2025/2026,169,92,5.6e-05,0.006168,0.2502,0.2519
368375084,2025/2026,202,21,1e-06,0.000908,0.2945,0.2958
368375085,2025/2026,197,20,0.0,0.000288,0.0773,0.0769
368375086,2025/2026,212,174,5e-06,0.000917,0.1002,0.1
368375087,2025/2026,253,102,1.6e-05,0.003316,0.274,0.2742
368375088,2025/2026,270,103,5e-05,0.005661,0.2512,0.2527
368375089,2025/2026,276,180,1e-05,0.002389,0.143,0.1401
368375090,2025/2026,268,217,4e-06,0.001756,0.2718,0.2698
368375091,2025/2026,277,180,0.0,0.000371,0.2652,0.2649
368375092,2025/2026,229,99,3e-06,0.001521,0.2572,0.2549
368375093,2025/2026,250,25,1.2e-05,0.003263,0.2612,0.2589
368375094,2025/2026,249,215,4.8e-05,0.005516,0.1628,0.1574
368375095,2025/2026,260,26,8.5e-05,0.00818,0.263,0.2595
368375096,2025/2026,258,178,3.1e-05,0.004533,0.2857,0.2853
368375097,2025/2026,117,164,0.000218,0.013282,0.2201,0.2092
368375098,2025/2026,183,171,4.1e-05,0.005514,0.2999,0.3015
368375099,2025/2026,191,95,2.3e-05,0.004423,0.2748,0.2716
368375100,2025/2026,201,135,4.3e-05,0.005942,0.2686,0.2715
368375101,2025/2026,245,139,4.3e-05,0.00557,0.2806,0.2794
368375102,2025/2026,246,215,8.3e-05,0.007666,0.295,0.2935
368375103,2025/2026,261,179,2.3e-05,0.004085,0.2798,0.2812
368375104,2025/2026,182,94,8e-06,0.001357,0.0988,0.0993
368375105,2025/2026,127,13,0.000202,0.010588,0.1446,0.1343
368375106,2025/2026,196,172,0.000244,0.013721,0.2067,0.1948
368375107,2025/2026,239,138,1.8e-05,0.003579,0.2903,0.2949
368375108,2025/2026,252,178,2e-05,0.003328,0.2583,0.2576
368375109,2025/2026,111,201,0.000233,0.012196,0.2629,0.2645
368375110,2025/2026,147,129,0.000144,0.010269,0.2917,0.2943
368375111,2025/2026,189,209,7.9e-05,0.007917,0.2231,0.2185
368375112,2025/2026,210,173,1e-06,0.000641,0.2853,0.2848
368375113,2025/2026,95,162,4.3e-05,0.006093,0.2508,0.2449
368375114,2025/2026,190,133,8.2e-05,0.00773,0.2872,0.2856
368375115,2025/2026,184,19,0.0,0.000473,0.2783,0.2789
368375116,2025/2026,211,212,8e-06,0.002211,0.2853,0.2854
368375117,2025/2026,269,217,8.8e-05,0.007602,0.2756,0.2764
368375118,2025/2026,87,199,4e-05,0.005826,0.262,0.2575
368375119,2025/2026,142,128,2e-06,0.001259,0.2835,0.284
368375120,2025/2026,218,136,0.000107,0.00969,0.2591,0.2525
368375121,2025/2026,84,199,0.000147,0.010334,0.2836,0.2858
368375122,2025/2026,157,168,4.9e-05,0.005954,0.299,0.3004
368375123,2025/2026,100,124,4e-05,0.005681,0.2912,0.2961
368375124,2025/2026,185,208,8e-06,0.002525,0.2597,0.2573
368375125,2025/2026,208,211,4.4e-05,0.005676,0.2952,0.2981
368375126,2025/2026,203,210,3.1e-05,0.004776,0.2811,0.2799
368375127,2025/2026,216,212,0.000272,0.015315,0.2488,0.2383
368375128,2025/2026,206,173,2.6e-05,0.003979,0.1533,0.1492
368375129,2025/2026,217,212,0.000361,0.016014,0.2193,0.2267
368375130,2025/2026,158,206,1.3e-05,0.002789,0.1567,0.1532
368375131,2025/2026,193,134,6.4e-05,0.006472,0.2966,0.2961
368375132,2025/2026,133,204,5e-06,0.00176,0.2161,0.2135
368375133,2025/2026,224,22,6e-06,0.002253,0.2727,0.2739
368375134,2025/2026,238,214,0.000262,0.015036,0.2526,0.2415
368375135,2025/2026,275,218,1.9e-05,0.003598,0.2897,0.2891
368376439,2025/2026,103,15,1e-05,0.002752,0.2853,0.2838
368376441,2025/2026,219,31,1e-06,0.000809,0.2758,0.2751
368376443,2025/2026,184,26,1.9e-05,0.004103,0.2859,0.2886
368376444,2025/2026,162,23,7.7e-05,0.007898,0.281,0.2773
368376446,2025/2026,64,9,2.3e-05,0.003913,0.2697,0.2696
368376447,2025/2026,64,157,6e-05,0.005436,0.1342,0.1383
368376448,2025/2026,124,86,4e-06,0.001782,0.2807,0.2813
368376449,2025/2026,63,157,0.00018,0.011077,0.2199,0.2239
368376450,2025/2026,78,194,1.7e-05,0.003857,0.233,0.2303
368376451,2025/2026,100,163,4.8e-05,0.006087,0.2953,0.2976
368376452,2025/2026,90,81,1.2e-05,0.003204,0.2449,0.2425
368376453,2025/2026,105,87,6.2e-05,0.007237,0.2768,0.281
368376454,2025/2026,113,16,0.000171,0.009689,0.138,0.1456
368376456,2025/2026,48,188,8e-06,0.002351,0.259,0.2584
368376457,2025/2026,47,154,0.000124,0.010188,0.2505,0.2574
368376458,2025/2026,47,74,0.000117,0.008888,0.2818,0.2829
368376459,2025/2026,43,116,4.1e-05,0.005078,0.2032,0.2057
368376460,2025/2026,42,6,1.1e-05,0.002781,0.252,0.2524
368376461,2025/2026,44,188,4.9e-05,0.005311,0.2511,0.2507
368376462,2025/2026,47,188,5e-05,0.006659,0.2574,0.2531
368376463,2025/2026,55,189,1.7e-05,0.003787,0.2567,0.2593
368376464,2025/2026,52,75,8e-06,0.001873,0.2134,0.2121
368376465,2025/2026,54,155,0.000184,0.011641,0.2677,0.2653
368376466,2025/2026,54,113,0.00039,0.016725,0.1992,0.2101
368376467,2025/2026,53,7,0.000263,0.013989,0.2592,0.263
368376468,2025/2026,62,190,5e-06,0.001634,0.26,0.2576
368376469,2025/2026,59,190,2.6e-05,0.004695,0.253,0.2504
368376470,2025/2026,61,76,1e-06,0.000788,0.2873,0.2866
368376471,2025/2026,58,114,9e-06,0.002469,0.2597,0.2565
368376472,2025/2026,60,118,0.000105,0.007265,0.1314,0.1373
368376473,2025/2026,57,190,4.5e-05,0.004993,0.2302,0.2292
368376474,2025/2026,61,190,0.000331,0.016679,0.2673,0.2594
368376475,2025/2026,61,156,3.2e-05,0.004958,0.2811,0.2796
368376476,2025/2026,56,8,8e-06,0.002612,0.2496,0.2511
368376477,2025/2026,69,120,0.000125,0.009478,0.265,0.2677
368376478,2025/2026,69,78,0.000239,0.013279,0.2643,0.2684
368376479,2025/2026,65,192,6.4e-05,0.005988,0.1635,0.1668
368376480,2025/2026,69,158,0.000251,0.012644,0.1627,0.1726
368376481,2025/2026,66,10,9e-06,0.002056,0.236,0.2335
368376482,2025/2026,70,192,8e-06,0.002337,0.2698,0.2668
368376483,2025/2026,69,158,9.8e-05,0.008175,0.2604,0.2621
368376484,2025/2026,67,82,4.1e-05,0.00548,0.2134,0.2163
368376485,2025/2026,68,192,0.000141,0.010378,0.2662,0.263
368376492,2025/2026,122,90,0.00017,0.010983,0.1845,0.193
368376494,2025/2026,134,129,9.1e-05,0.007635,0.2759,0.2766
368376501,2025/2026,141,88,8.9e-05,0.007484,0.2911,0.2914
368376503,2025/2026,141,126,4.7e-05,0.005495,0.2855,0.2851
368376505,2025/2026,141,20,5e-06,0.002003,0.296,0.2981
368376507,2025/2026,132,201,4.5e-05,0.005985,0.2666,0.2643
368376511,2025/2026,149,169,3e-06,0.001473,0.2787,0.2796
368376513,2025/2026,144,203,5.9e-05,0.007176,0.254,0.2489
368376519,2025/2026,152,204,2.7e-05,0.004586,0.2344,0.232
368376520,2025/2026,151,204,4e-06,0.001837,0.2581,0.2561
368376521,2025/2026,156,170,3e-06,0.001671,0.2864,0.2871
368376522,2025/2026,154,132,0.000138,0.006494,0.0713,0.0774
368376524,2025/2026,155,94,2e-06,0.00115,0.284,0.2853
368376525,2025/2026,156,90,0.000169,0.010799,0.2906,0.2921
368376526,2025/2026,156,170,0.000123,0.009223,0.2789,0.2801
368376527,2025/2026,153,22,0.000178,0.011857,0.2546,0.2606
368376528,2025/2026,160,171,4e-06,0.001442,0.2642,0.2625
368376529,2025/2026,159,129,0.00047,0.018769,0.268,0.2637
368376530,2025/2026,163,205,2.6e-05,0.004069,0.2345,0.2358
368376531,2025/2026,158,205,1e-06,0.000755,0.2736,0.2732
368376532,2025/2026,164,205,0.000152,0.011338,0.2578,0.2522
368376533,2025/2026,161,91,6e-06,0.002153,0.1929,0.1952
368376534,2025/2026,163,95,3.9e-05,0.005322,0.2714,0.2695
368376535,2025/2026,163,133,5e-06,0.001859,0.2621,0.2627
368376536,2025/2026,166,172,0.000166,0.010623,0.2998,0.3012
368376537,2025/2026,165,206,3.6e-05,0.004769,0.159,0.1626
368376538,2025/2026,167,96,2.7e-05,0.004265,0.2846,0.2856
368376539,2025/2026,171,24,2e-06,0.001316,0.2439,0.2423
368376540,2025/2026,168,130,0.000133,0.009344,0.2731,0.2729
368376541,2025/2026,170,172,6.2e-05,0.006608,0.2713,0.273
368376542,2025/2026,169,134,4.2e-05,0.004684,0.1454,0.1486
368376543,2025/2026,170,206,0.000136,0.009933,0.2749,0.273
368376544,2025/2026,170,92,4.1e-05,0.005849,0.2702,0.2732
368376545,2025/2026,172,97,3.1e-05,0.004913,0.2056,0.2008
368376546,2025/2026,177,93,1.6e-05,0.003231,0.2767,0.2786
368376547,2025/2026,175,207,6.8e-05,0.007514,0.2614,0.2577
368376548,2025/2026,178,207,0.000572,0.020755,0.2782,0.2727
368376549,2025/2026,173,173,0.000102,0.008143,0.2611,0.2621
368376550,2025/2026,177,131,4e-06,0.001666,0.2408,0.2402
368376551,2025/2026,174,173,1.8e-05,0.003743,0.2919,0.2905
368376552,2025/2026,206,210,5.3e-05,0.00501,0.1199,0.124
368376553,2025/2026,176,25,1.1e-05,0.003081,0.257,0.2591
368376554,2025/2026,180,132,0.000318,0.015745,0.2659,0.2715
368376555,2025/2026,183,208,2.9e-05,0.00484,0.2658,0.2641
368376556,2025/2026,185,207,7.6e-05,0.007087,0.2784,0.2773
368376557,2025/2026,184,208,0.000116,0.010045,0.2625,0.2563
368376558,2025/2026,181,98,1.1e-05,0.002633,0.2959,0.2996
368376559,2025/2026,184,136,0.000125,0.009676,0.1914,0.1828
368376560,2025/2026,182,207,4e-06,0.001837,0.1982,0.1967
368376561,2025/2026,179,174,6.1e-05,0.006444,0.1843,0.1892
368376562,2025/2026,192,209,8.8e-05,0.008375,0.2672,0.2641
368376563,2025/2026,197,96,0.000317,0.014916,0.2759,0.2783
368376564,2025/2026,195,100,5e-06,0.001929,0.2922,0.2945
368376565,2025/2026,224,214,0.000166,0.010727,0.2537,0.2525
368376566,2025/2026,194,138,7e-06,0.001324,0.1641,0.1625
368376567,2025/2026,205,209,5.7e-05,0.006135,0.1743,0.1786
368376568,2025/2026,199,135,2.3e-05,0.00439,0.2292,0.2255
368376569,2025/2026,203,101,5e-06,0.00202,0.2481,0.2464
368376570,2025/2026,209,178,1.4e-05,0.002983,0.1589,0.1613
368376571,2025/2026,207,211,7e-06,0.002092,0.2276,0.2244
368376572,2025/2026,213,212,0.00024,0.013875,0.214,0.2029
368376573,2025/2026,220,213,7e-05,0.007299,0.2689,0.2666
368376574,2025/2026,222,142,0.000167,0.011329,0.2657,0.2619
368376576,2025/2026,222,104,4.9e-05,0.005512,0.2843,0.2838
368376577,2025/2026,222,100,1e-06,0.001,0.2595,0.2598
368376579,2025/2026,222,180,1.2e-05,0.00305,0.2668,0.2656
368376580,2025/2026,222,214,0.000192,0.011298,0.2698,0.2692
368376587,2025/2026,225,101,0.000141,0.010487,0.2671,0.2628
368376591,2025/2026,210,136,6.6e-05,0.006659,0.2658,0.2654
368376592,2025/2026,219,137,3.8e-05,0.005388,0.2635,0.2654
368376593,2025/2026,212,30,6.9e-05,0.006989,0.2782,0.2796
368376594,2025/2026,212,98,0.000244,0.014001,0.2541,0.2614
368376595,2025/2026,215,179,0.000201,0.010894,0.1483,0.1564
368376596,2025/2026,204,210,3e-06,0.00164,0.2701,0.2706
368376597,2025/2026,50,189,5e-05,0.005735,0.2701,0.2703
368376598,2025/2026,188,209,1e-06,0.001038,0.2712,0.2706
368376599,2025/2026,197,134,2.8e-05,0.004523,0.2882,0.2893
368376600,2025/2026,198,176,7e-06,0.002068,0.2668,0.2662
368376601,2025/2026,196,176,0.000115,0.009557,0.2293,0.2225
368376602,2025/2026,202,211,4.2e-05,0.005847,0.2253,0.2208
368376603,2025/2026,201,97,0.000101,0.008502,0.2949,0.2968
368376604,2025/2026,208,102,2.1e-05,0.004202,0.2675,0.2652
368376605,2025/2026,219,103,7.6e-05,0.00812,0.2839,0.2895
368376606,2025/2026,217,212,0.000153,0.010928,0.208,0.2002
368376607,2025/2026,46,112,9e-06,0.002423,0.2549,0.2515
368376608,2025/2026,45,78,0.00012,0.00972,0.2813,0.285
368376609,2025/2026,193,28,2.2e-05,0.003701,0.2793,0.2793
368376610,2025/2026,191,137,1e-06,0.000956,0.2809,0.2796
368376611,2025/2026,49,189,0.000288,0.014678,0.2167,0.2241
368376612,2025/2026,191,27,9.9e-05,0.008686,0.2754,0.2725
368376613,2025/2026,51,155,1.1e-05,0.002896,0.2443,0.2459
368376614,2025/2026,190,175,7e-06,0.00206,0.2735,0.2738
368376615,2025/2026,54,79,9.1e-05,0.008904,0.2685,0.2627
368376616,2025/2026,204,29,6e-05,0.006689,0.2666,0.2646
368376617,2025/2026,218,99,0.000126,0.010073,0.2333,0.2403
368376618,2025/2026,191,95,0.000104,0.009091,0.2953,0.2991
368376619,2025/2026,187,209,3.3e-05,0.005053,0.2461,0.2435
368376620,2025/2026,216,141,2e-06,0.001281,0.2389,0.2375
368376621,2025/2026,189,209,7.2e-05,0.007662,0.2707,0.2676
368376622,2025/2026,186,133,8e-05,0.007401,0.1805,0.1854
368376623,2025/2026,223,214,4.2e-05,0.005399,0.2673,0.2662
368376624,2025/2026,204,210,3.5e-05,0.004788,0.2923,0.2926
368376625,2025/2026,212,212,0.000163,0.011037,0.2058,0.1975
368376626,2025/2026,200,177,0.000275,0.013386,0.2673,0.2681
368376627,2025/2026,211,178,0.000228,0.012653,0.2826,0.2807
368376628,2025/2026,214,213,1.5e-05,0.003374,0.2494,0.2478
368376629,2025/2026,35,187,4e-06,0.001715,0.278,0.2778
368376630,2025/2026,76,83,4e-05,0.005484,0.2997,0.3015
368376631,2025/2026,63,191,3.3e-05,0.005321,0.2477,0.2448
368376632,2025/2026,83,122,6.6e-05,0.00626,0.2485,0.2493
368376633,2025/2026,88,119,8e-06,0.002226,0.2149,0.2115
368376634,2025/2026,87,13,0.0,0.000332,0.2666,0.2664
368376635,2025/2026,89,195,3.6e-05,0.005407,0.2559,0.2533
368376636,2025/2026,96,196,0.000103,0.008282,0.1799,0.1849
368376637,2025/2026,97,162,0.000228,0.01308,0.2616,0.2657
368376638,2025/2026,112,88,1.8e-05,0.003413,0.2746,0.2743
368376639,2025/2026,120,17,8.9e-05,0.007541,0.2871,0.287
368376640,2025/2026,111,198,2e-06,0.000736,0.1329,0.1318
368376641,2025/2026,107,122,3.5e-05,0.004851,0.2839,0.2845
368376642,2025/2026,114,165,1.3e-05,0.003376,0.2681,0.2656
368376643,2025/2026,121,199,5.7e-05,0.006931,0.2538,0.2496
368376644,2025/2026,119,127,2.4e-05,0.004083,0.2282,0.2302
368376645,2025/2026,116,89,3.4e-05,0.005114,0.2173,0.2207
368376646,2025/2026,36,153,0.000214,0.012329,0.2476,0.2507
368376647,2025/2026,40,187,9.7e-05,0.00851,0.2442,0.2466
368376648,2025/2026,31,186,3e-06,0.001378,0.2641,0.2641
368376649,2025/2026,38,77,0.000188,0.010441,0.1527,0.1604
368376650,2025/2026,40,153,4e-06,0.001879,0.2729,0.2716
368376651,2025/2026,37,111,0.000221,0.013078,0.2727,0.2778
368376652,2025/2026,33,72,0.000176,0.011005,0.2611,0.2628
368376653,2025/2026,33,114,2.4e-05,0.003457,0.1828,0.1842
368376654,2025/2026,28,152,2.6e-05,0.003881,0.2138,0.2151
368376655,2025/2026,39,5,0.000349,0.015991,0.2468,0.2503
368376656,2025/2026,33,76,2.9e-05,0.004432,0.2815,0.2819
368376657,2025/2026,32,4,4e-06,0.001587,0.2724,0.2726
368376658,2025/2026,29,186,0.0,0.000379,0.2879,0.2884
368376659,2025/2026,34,186,3.5e-05,0.005126,0.253,0.2504
368376660,2025/2026,41,187,0.000477,0.018013,0.2653,0.2639
368376661,2025/2026,40,73,5e-06,0.001762,0.2657,0.263
368376662,2025/2026,30,186,3.4e-05,0.005207,0.2553,0.252
368376663,2025/2026,82,84,2.5e-05,0.004619,0.2767,0.2796
368376664,2025/2026,64,81,4.9e-05,0.006326,0.2431,0.2468
368376665,2025/2026,64,115,0.000122,0.009331,0.2656,0.2673
368376666,2025/2026,83,160,0.000141,0.009564,0.2823,0.282
368376667,2025/2026,63,77,1.8e-05,0.003726,0.2768,0.2753
368376668,2025/2026,77,193,0.000211,0.011954,0.2495,0.2516
368376669,2025/2026,84,12,0.00017,0.011361,0.2311,0.2366
368376670,2025/2026,81,80,0.000232,0.011904,0.1579,0.1671
368376671,2025/2026,63,119,8.6e-05,0.007663,0.2139,0.218
368376672,2025/2026,74,193,9e-05,0.008615,0.2619,0.2581
368376673,2025/2026,80,194,0.000532,0.020565,0.2611,0.2543
368376674,2025/2026,71,11,1.1e-05,0.003083,0.2686,0.2666
368376675,2025/2026,64,191,3e-06,0.001477,0.2626,0.2644
368376676,2025/2026,75,117,0.000106,0.008566,0.2748,0.2736
368376677,2025/2026,76,193,1.8e-05,0.003474,0.2645,0.2647
368376678,2025/2026,79,194,0.000137,0.009731,0.2681,0.2692
368376679,2025/2026,83,118,0.00033,0.016223,0.2477,0.2569
368376680,2025/2026,86,195,0.000118,0.008626,0.2122,0.214
368376681,2025/2026,92,196,7e-06,0.002195,0.2694,0.267
368376682,2025/2026,95,120,0.000166,0.010575,0.275,0.2758
368376683,2025/2026,73,79,0.000148,0.010627,0.2707,0.2748
368376684,2025/2026,76,121,9e-06,0.002515,0.2703,0.2696
368376685,2025/2026,91,195,1.3e-05,0.003302,0.239,0.2356
368376686,2025/2026,98,86,1.7e-05,0.003857,0.2755,0.2777
368376687,2025/2026,99,162,0.000119,0.008917,0.2799,0.2791
368376688,2025/2026,90,161,3e-06,0.001505,0.2653,0.2672
368376689,2025/2026,85,123,7e-06,0.002498,0.2363,0.2343
368376690,2025/2026,93,196,4e-06,0.001607,0.2644,0.262
368376691,2025/2026,94,196,1e-06,0.000747,0.2467,0.2475
368376692,2025/2026,90,161,0.00031,0.015836,0.2755,0.2692
368376693,2025/2026,98,14,0.000154,0.009896,0.287,0.287
368376694,2025/2026,102,125,2.6e-05,0.00368,0.1307,0.1337
368376695,2025/2026,104,83,1e-05,0.002873,0.2497,0.2467
368376696,2025/2026,112,126,2.3e-05,0.004414,0.2419,0.2379
368376697,2025/2026,105,163,0.0,0.000501,0.2705,0.2705
368376698,2025/2026,101,197,0.000383,0.017675,0.2678,0.2603
368376699,2025/2026,110,198,6e-06,0.001737,0.2384,0.2381
368376700,2025/2026,109,198,5.2e-05,0.006166,0.276,0.2746
368376701,2025/2026,106,197,5.2e-05,0.006412,0.2014,0.1955
368376702,2025/2026,105,197,3e-06,0.00109,0.2251,0.2245
368376703,2025/2026,108,198,6.3e-05,0.006723,0.2637,0.2627
368376704,2025/2026,112,84,0.000261,0.014188,0.2836,0.2884
368376705,2025/2026,118,165,4e-06,0.001564,0.2497,0.2495
368376706,2025/2026,115,199,4.7e-05,0.005776,0.2001,0.2032
368376707,2025/2026,120,85,0.000119,0.00993,0.2426,0.2369
368376708,2025/2026,117,123,4.1e-05,0.00541,0.2669,0.2684
368529072,2025/2026,20,40,5.7e-05,0.006259,0.2866,0.2873
368529075,2025/2026,21,40,1e-06,0.000799,0.245,0.2458
371465499,2025/2026,17,37,4e-06,0.00155,0.2662,0.2665
372014866,2025/2026,18,173,0.00011,0.009047,0.264,0.2682
372014867,2025/2026,18,3,2.7e-05,0.004043,0.2654,0.2659
372014868,2025/2026,18,139,0.000295,0.015458,0.2508,0.2566
372014869,2025/2026,18,173,1.2e-05,0.002264,0.1183,0.1193
372015145,2025/2026,19,139,8e-05,0.007442,0.2556,0.255
372580130,2025/2026,23,155,0.000201,0.012545,0.2908,0.2852
372580131,2025/2026,27,41,0.000102,0.008424,0.2864,0.2877
372580132,2025/2026,28,41,9.5e-05,0.008526,0.287,0.2844
372580133,2025/2026,24,193,1.2e-05,0.003145,0.255,0.2568
372580134,2025/2026,29,155,1e-06,0.000459,0.1622,0.1618
372580135,2025/2026,26,193,2.5e-05,0.004123,0.2852,0.2855
372580136,2025/2026,22,117,0.000108,0.008379,0.3025,0.3017
372580137,2025/2026,30,3,0.000342,0.015679,0.1968,0.2087
372580138,2025/2026,27,193,8e-06,0.002207,0.2394,0.2427
372580139,2025/2026,25,193,4e-06,0.001735,0.2641,0.2665
372580358,2025/2026,20,173,5.1e-05,0.006237,0.2288,0.2257
372580695,2025/2026,21,173,9.6e-05,0.008252,0.21,0.2138
372580716,2025/2026,22,173,0.000396,0.017955,0.2167,0.2052
373089875,2025/2026,23,140,2e-06,0.000851,0.0771,0.0762
373089876,2025/2026,24,72,6.6e-05,0.006812,0.2615,0.2635
373089877,2025/2026,24,174,1.3e-05,0.003245,0.268,0.2693
373089878,2025/2026,28,4,5e-06,0.002116,0.2627,0.2643
373089879,2025/2026,80,184,1.1e-05,0.002853,0.2693,0.2698
373089880,2025/2026,104,52,7.3e-05,0.00629,0.2464,0.2457
373089881,2025/2026,95,50,0.000509,0.018522,0.1881,0.1729
373089882,2025/2026,116,20,7e-06,0.002484,0.282,0.2842
373089883,2025/2026,177,168,1.1e-05,0.002851,0.2201,0.2187
373089884,2025/2026,87,185,4.4e-05,0.005583,0.2754,0.2772
373089885,2025/2026,90,84,3.5e-05,0.00502,0.2729,0.2759
373089886,2025/2026,93,186,0.00012,0.009549,0.2807,0.2843
373089887,2025/2026,94,152,0.000122,0.008964,0.2629,0.2636
373089888,2025/2026,111,156,6.3e-05,0.007158,0.2489,0.2457
373089889,2025/2026,90,151,0.000594,0.02134,0.2166,0.2017
373089890,2025/2026,106,188,0.000244,0.012809,0.2576,0.258
373089891,2025/2026,92,185,6e-06,0.002023,0.2479,0.2483
373089892,2025/2026,100,187,4e-06,0.001789,0.257,0.2573
373089893,2025/2026,107,18,5.5e-05,0.005691,0.1342,0.1391
373089894,2025/2026,89,186,3.9e-05,0.005822,0.2459,0.2426
373089895,2025/2026,27,140,5.1e-05,0.006012,0.2545,0.2554
373089896,2025/2026,69,182,1.8e-05,0.003788,0.2282,0.2323
373089897,2025/2026,85,15,9.9e-05,0.009025,0.2503,0.2459
373089898,2025/2026,100,86,1.4e-05,0.002562,0.2125,0.2124
373089899,2025/2026,123,192,8.4e-05,0.008225,0.2559,0.2522
373089900,2025/2026,96,186,0.00011,0.008901,0.1833,0.1875
373089901,2025/2026,111,190,3.2e-05,0.004962,0.279,0.2846
373089902,2025/2026,95,186,6.2e-05,0.006812,0.259,0.2575
373089903,2025/2026,97,187,0.0,0.000424,0.2359,0.2353
373089904,2025/2026,100,188,0.000173,0.006149,0.0521,0.0458
373089905,2025/2026,99,17,0.000119,0.009197,0.2835,0.2865
373089906,2025/2026,109,87,0.000483,0.01695,0.1567,0.1418
373089907,2025/2026,178,202,1e-06,0.000381,0.1001,0.0995
373089908,2025/2026,111,19,0.00014,0.009452,0.2694,0.27
373089909,2025/2026,111,190,1e-06,0.00068,0.2277,0.2276
373089910,2025/2026,106,53,0.000105,0.009607,0.277,0.2853
373089911,2025/2026,108,189,1e-06,0.000833,0.2319,0.2321
373089912,2025/2026,106,189,1e-06,0.000661,0.2487,0.2484
373089913,2025/2026,112,189,0.000294,0.01549,0.2452,0.2525
373089914,2025/2026,111,54,7.4e-05,0.006276,0.2509,0.2513
373089915,2025/2026,134,24,0.0,0.000559,0.2626,0.2622
373089916,2025/2026,145,196,0.000205,0.008333,0.0805,0.0722
373089917,2025/2026,106,155,0.00021,0.013274,0.2654,0.2718
373089918,2025/2026,113,156,5e-06,0.002092,0.2537,0.2557
373089919,2025/2026,153,163,4e-06,0.001511,0.2574,0.2583
373089920,2025/2026,115,191,0.000405,0.017304,0.1984,0.1858
373089921,2025/2026,125,90,7.9e-05,0.007209,0.2271,0.225
373089922,2025/2026,120,21,3.6e-05,0.005301,0.2788,0.284
373089923,2025/2026,121,192,2e-06,0.001266,0.2664,0.267
373089924,2025/2026,127,192,0.0,5.9e-05,0.234,0.2341
373089925,2025/2026,139,195,0.000446,0.018282,0.2008,0.188
373089926,2025/2026,147,196,1.6e-05,0.002959,0.268,0.2724
373089927,2025/2026,127,57,4e-05,0.005473,0.2173,0.2142
373089928,2025/2026,134,92,0.000195,0.011641,0.2217,0.2172
373089929,2025/2026,133,194,9.8e-05,0.005186,0.0639,0.0588
373089930,2025/2026,129,193,2.2e-05,0.003741,0.1784,0.1804
373089931,2025/2026,135,160,2e-06,0.000961,0.231,0.2325
373089932,2025/2026,161,199,3e-05,0.004605,0.2015,0.2038
373089933,2025/2026,137,160,7e-05,0.006878,0.2813,0.2824
373089934,2025/2026,150,197,7.6e-05,0.006496,0.1524,0.1557
373089935,2025/2026,139,195,3e-06,0.00123,0.1848,0.1845
373089936,2025/2026,138,59,8.2e-05,0.007595,0.2834,0.2859
373089937,2025/2026,143,195,4e-06,0.001852,0.2514,0.2507
373089938,2025/2026,141,161,0.00025,0.014515,0.2709,0.2783
373089939,2025/2026,149,196,9.5e-05,0.00799,0.2562,0.2594
373089940,2025/2026,148,60,0.000141,0.010489,0.286,0.2902
373089941,2025/2026,150,95,5.9e-05,0.006229,0.2542,0.2527
373089942,2025/2026,155,96,7.7e-05,0.007036,0.2798,0.2798
373089943,2025/2026,150,27,5e-06,0.001714,0.2753,0.2777
373089944,2025/2026,156,62,2.2e-05,0.003109,0.1287,0.1267
373089945,2025/2026,151,197,0.0,3.5e-05,0.2561,0.2561
373089946,2025/2026,159,198,3.6e-05,0.005579,0.2644,0.2696
373089947,2025/2026,155,198,0.000188,0.011912,0.2149,0.2077
373089948,2025/2026,155,198,0.00117,0.030962,0.2478,0.2347
373089949,2025/2026,158,28,2.4e-05,0.004394,0.2081,0.2114
373089950,2025/2026,165,199,6.8e-05,0.00721,0.2754,0.2781
373089951,2025/2026,164,199,0.000282,0.013295,0.1438,0.1336
373089952,2025/2026,160,63,0.000239,0.012333,0.2782,0.2786
373089953,2025/2026,175,201,0.000121,0.010011,0.2397,0.2342
373089954,2025/2026,177,66,0.000152,0.009897,0.1736,0.1662
373089955,2025/2026,167,166,6.9e-05,0.007225,0.2454,0.2477
373089956,2025/2026,171,201,0.0,0.0004,0.2482,0.2478
373089957,2025/2026,170,200,0.000599,0.021791,0.2218,0.208
373089958,2025/2026,169,166,1.3e-05,0.00277,0.2154,0.2148
373089959,2025/2026,172,201,1e-06,0.000957,0.248,0.2476
373089960,2025/2026,174,201,6e-05,0.007281,0.2409,0.2464
373089961,2025/2026,171,31,1.3e-05,0.003197,0.2273,0.2308
373089962,2025/2026,173,65,0.00016,0.010177,0.2818,0.283
373089963,2025/2026,181,202,7e-06,0.002171,0.2515,0.2547
373089964,2025/2026,179,32,2e-05,0.004013,0.2741,0.2762
373089965,2025/2026,81,184,0.000391,0.017125,0.2498,0.2459
373089966,2025/2026,35,176,3e-06,0.00149,0.2636,0.2644
373089967,2025/2026,38,176,3.8e-05,0.005321,0.2637,0.2623
373089968,2025/2026,31,175,0.000111,0.008555,0.1412,0.1467
373089969,2025/2026,30,175,7.3e-05,0.007533,0.2663,0.2719
373089970,2025/2026,33,5,3.2e-05,0.004925,0.2772,0.2786
373089971,2025/2026,36,176,0.000313,0.015801,0.2649,0.2707
373089972,2025/2026,37,176,0.000171,0.010484,0.155,0.1475
373089973,2025/2026,36,6,1.8e-05,0.00389,0.233,0.2353
373089974,2025/2026,36,176,2.9e-05,0.004788,0.2609,0.2626
373089975,2025/2026,40,143,0.000179,0.011976,0.2573,0.2615
373089976,2025/2026,44,177,7e-05,0.007267,0.2351,0.2382
373089977,2025/2026,43,143,0.000517,0.020341,0.2258,0.2124
373089978,2025/2026,41,7,8e-06,0.002356,0.2671,0.2689
373089979,2025/2026,47,76,0.000135,0.009509,0.2417,0.2399
373089980,2025/2026,45,177,1.7e-05,0.003215,0.2084,0.2095
373089981,2025/2026,49,8,0.000125,0.009899,0.2643,0.2677
373089982,2025/2026,47,178,1.2e-05,0.003024,0.2784,0.2794
373089983,2025/2026,46,178,3.1e-05,0.004044,0.231,0.2327
373089984,2025/2026,47,42,0.000193,0.01294,0.2631,0.2712
373089985,2025/2026,50,178,2.5e-05,0.004052,0.2619,0.2622
373089986,2025/2026,56,179,2e-06,0.001225,0.2271,0.2268
373089987,2025/2026,52,9,1.2e-05,0.003195,0.2583,0.261
373089988,2025/2026,52,179,9e-06,0.002679,0.2551,0.2542
373089989,2025/2026,59,146,6e-05,0.006292,0.2638,0.2641
373089990,2025/2026,57,180,5.2e-05,0.006674,0.262,0.2657
373089991,2025/2026,58,10,0.000212,0.013032,0.2665,0.2716
373089992,2025/2026,58,180,0.000123,0.006919,0.0939,0.0873
373089993,2025/2026,61,44,0.000218,0.013012,0.2813,0.2858
373089994,2025/2026,58,180,5.4e-05,0.006435,0.2163,0.2196
373089995,2025/2026,60,146,1e-06,0.001031,0.2162,0.2171
373089996,2025/2026,64,181,6.8e-05,0.007027,0.2535,0.2549
373089997,2025/2026,69,182,2.2e-05,0.003583,0.1827,0.1837
373089998,2025/2026,65,11,3.3e-05,0.005228,0.2548,0.2571
373089999,2025/2026,68,182,1.6e-05,0.003586,0.2724,0.2757
373090000,2025/2026,72,182,0.000562,0.021627,0.2444,0.2327
373090001,2025/2026,70,182,1e-06,0.000633,0.2415,0.2413
373090002,2025/2026,73,183,5.3e-05,0.006492,0.2364,0.2396
373090003,2025/2026,74,183,8e-06,0.001975,0.2656,0.2686
373090004,2025/2026,74,183,1e-05,0.002583,0.2258,0.225
373090005,2025/2026,74,47,4.5e-05,0.006248,0.2845,0.2899
373090006,2025/2026,76,183,7.3e-05,0.006993,0.2782,0.2775
373090007,2025/2026,74,13,1.1e-05,0.002953,0.2475,0.2485
373090008,2025/2026,79,184,0.000687,0.023345,0.2306,0.2162
373090009,2025/2026,95,16,2e-06,0.001027,0.2694,0.271
373090010,2025/2026,82,48,7.9e-05,0.007754,0.2875,0.2912
373090011,2025/2026,80,184,8e-06,0.002368,0.2393,0.2388
373090012,2025/2026,92,185,3.4e-05,0.005234,0.2322,0.2298
373090013,2025/2026,91,49,4e-06,0.00191,0.2693,0.2702
373090014,2025/2026,117,157,2.6e-05,0.004499,0.2174,0.22
373090015,2025/2026,131,22,9e-06,0.002725,0.2693,0.2707
373090016,2025/2026,134,194,0.000315,0.014866,0.2641,0.2665
373090017,2025/2026,139,195,0.0,0.000435,0.1635,0.1629
373090018,2025/2026,146,26,0.000448,0.018282,0.2035,0.1904
373090019,2025/2026,144,196,4.5e-05,0.005706,0.2512,0.2504
373090020,2025/2026,150,197,1.9e-05,0.003416,0.1748,0.1768
373090021,2025/2026,154,198,0.000228,0.012644,0.2577,0.2602
373090022,2025/2026,155,198,9e-06,0.002337,0.2437,0.2432
373090023,2025/2026,162,199,4.2e-05,0.005917,0.2582,0.2609
373090024,2025/2026,176,202,0.001188,0.030815,0.2317,0.2146
373090025,2025/2026,182,203,1e-06,0.000879,0.2429,0.2442
373090026,2025/2026,80,150,1.1e-05,0.002941,0.2755,0.2764
373090027,2025/2026,171,167,0.0,0.00035,0.2677,0.2681
373090028,2025/2026,171,99,0.000199,0.006447,0.049,0.0423
373090029,2025/2026,116,191,5e-06,0.00208,0.2463,0.2452
373090030,2025/2026,116,157,6e-05,0.00518,0.1197,0.1164
373090031,2025/2026,121,191,0.000182,0.011261,0.2723,0.2737
373090032,2025/2026,118,89,0.000154,0.011685,0.2551,0.2637
373090033,2025/2026,130,193,7.7e-05,0.00734,0.2561,0.2549
373090034,2025/2026,119,191,0.000173,0.01111,0.1877,0.18
373090035,2025/2026,128,193,0.000584,0.019865,0.2166,0.2195
373090036,2025/2026,182,203,0.000165,0.010429,0.2491,0.2501
373090037,2025/2026,121,192,0.000282,0.009693,0.0769,0.0677
373090038,2025/2026,124,56,0.000196,0.012393,0.2886,0.2936
373090039,2025/2026,122,192,8.9e-05,0.007705,0.2587,0.2585
373090040,2025/2026,134,194,0.0001,0.00866,0.2204,0.2158
373090041,2025/2026,161,199,1e-06,0.001027,0.2577,0.2579
373090042,2025/2026,167,200,2.6e-05,0.00438,0.2623,0.2668
373090043,2025/2026,168,30,2e-05,0.003663,0.2584,0.259
373090044,2025/2026,171,167,0.000604,0.022151,0.2648,0.2736
373090045,2025/2026,180,100,3e-05,0.004697,0.2397,0.2415
373090046,2025/2026,182,203,2.9e-05,0.005056,0.2599,0.2637
373090047,2025/2026,182,33,1.3e-05,0.002831,0.192,0.1933
373090048,2025/2026,177,202,8.3e-05,0.007788,0.2395,0.2385
373090049,2025/2026,182,67,0.000123,0.009898,0.2808,0.2848
373090050,2025/2026,80,14,1e-05,0.002682,0.2734,0.2738
373090051,2025/2026,30,175,3.8e-05,0.005146,0.2205,0.2228
373090052,2025/2026,26,174,1e-05,0.002985,0.2469,0.245
373090053,2025/2026,24,174,0.000134,0.010546,0.254,0.2585
373090054,2025/2026,24,38,2.3e-05,0.003849,0.2737,0.2782
373090055,2025/2026,30,175,0.000578,0.021619,0.2276,0.2139
373090056,2025/2026,41,41,6.3e-05,0.006282,0.2312,0.2301
373090057,2025/2026,36,74,0.000203,0.011536,0.2686,0.2695
373090058,2025/2026,39,40,0.000208,0.013128,0.2744,0.2808
373090059,2025/2026,41,177,1.7e-05,0.003436,0.2649,0.2701
373090060,2025/2026,47,144,1.1e-05,0.002885,0.2588,0.2621
373090061,2025/2026,48,178,0.000353,0.014064,0.1351,0.1241
373090062,2025/2026,47,178,7.8e-05,0.007199,0.2585,0.2586
373090063,2025/2026,52,179,0.00011,0.007159,0.1058,0.1123
373090064,2025/2026,52,77,9.2e-05,0.008228,0.1926,0.1982
373090065,2025/2026,51,145,0.00016,0.011648,0.2614,0.2672
373090066,2025/2026,55,179,2e-06,0.001158,0.2124,0.2128
373090067,2025/2026,58,180,0.000844,0.026263,0.2548,0.2431
373090068,2025/2026,66,181,1.7e-05,0.003277,0.2129,0.2118
373090069,2025/2026,63,147,0.000313,0.01568,0.258,0.2628
373090070,2025/2026,63,181,4.1e-05,0.005476,0.2398,0.2417
373090071,2025/2026,69,46,2.2e-05,0.004431,0.2607,0.2642
373090072,2025/2026,85,185,1e-05,0.002329,0.2647,0.2648
373090073,2025/2026,86,185,4.6e-05,0.005834,0.2395,0.241
373090074,2025/2026,84,185,3.1e-05,0.004913,0.2725,0.2743
373090075,2025/2026,88,185,0.000122,0.005739,0.0622,0.0565
373090076,2025/2026,132,23,0.000141,0.010544,0.2725,0.2762
373090077,2025/2026,92,152,0.0,2.9e-05,0.1021,0.1021
373090078,2025/2026,98,187,0.000163,0.010925,0.273,0.2762
373090079,2025/2026,100,188,8e-06,0.002305,0.2768,0.2803
373090080,2025/2026,116,191,2.8e-05,0.004449,0.2495,0.2483
373090081,2025/2026,114,190,2e-05,0.003353,0.1278,0.1251
373090082,2025/2026,25,174,0.00042,0.017795,0.2491,0.2534
373090083,2025/2026,32,73,1e-06,0.000897,0.1759,0.1751
373090084,2025/2026,30,39,6.1e-05,0.006989,0.2669,0.2716
373090085,2025/2026,36,142,0.000386,0.017936,0.2488,0.2571
373090086,2025/2026,34,175,0.0002,0.011587,0.2628,0.2633
373090087,2025/2026,104,154,0.000211,0.011317,0.2454,0.2446
373090088,2025/2026,182,203,0.0,0.000445,0.2683,0.269
373090089,2025/2026,152,61,0.000108,0.008234,0.2898,0.29
373090090,2025/2026,29,141,7e-06,0.002381,0.2518,0.2511
373090091,2025/2026,62,181,0.000361,0.017074,0.2312,0.2387
373090092,2025/2026,63,45,0.00018,0.006617,0.0599,0.053
373090093,2025/2026,53,145,8.4e-05,0.007873,0.2629,0.2645
373090094,2025/2026,42,177,0.000353,0.013147,0.1068,0.1178
373090095,2025/2026,41,75,0.0,0.000309,0.2367,0.2371
373090096,2025/2026,54,43,0.000151,0.010699,0.2747,0.2709
373090097,2025/2026,58,78,0.000108,0.008619,0.2671,0.268
373090098,2025/2026,69,80,8.6e-05,0.007381,0.2628,0.2621
373090099,2025/2026,63,79,4.2e-05,0.005194,0.249,0.2477
373090100,2025/2026,67,181,7.3e-05,0.007827,0.2692,0.2653
373090101,2025/2026,75,149,0.000124,0.009494,0.2121,0.2162
373090102,2025/2026,71,12,5e-06,0.001832,0.2655,0.268
373090103,2025/2026,69,182,8e-06,0.002553,0.2769,0.2779
373090104,2025/2026,101,188,5.1e-05,0.00638,0.2727,0.275
373090105,2025/2026,78,149,6.1e-05,0.006753,0.262,0.2643
373090106,2025/2026,77,183,0.000181,0.005938,0.0476,0.0412
373090107,2025/2026,85,83,0.000162,0.010299,0.2748,0.2754
373090108,2025/2026,83,82,1.3e-05,0.002158,0.0943,0.0927
373090109,2025/2026,80,150,0.000165,0.011808,0.267,0.2733
373090110,2025/2026,95,153,2e-06,0.001162,0.2681,0.2692
373090111,2025/2026,95,85,2.4e-05,0.004287,0.244,0.2455
373090112,2025/2026,105,155,1e-06,0.000539,0.2558,0.2566
373090113,2025/2026,106,189,0.00019,0.011653,0.1955,0.188
373090114,2025/2026,100,153,3.1e-05,0.004748,0.2074,0.2098
373090115,2025/2026,103,154,2e-05,0.004164,0.249,0.246
373090116,2025/2026,102,188,6.9e-05,0.007686,0.246,0.2499
373090117,2025/2026,110,190,9.3e-05,0.008313,0.2654,0.2635
373090118,2025/2026,127,91,0.000298,0.015945,0.2526,0.2616
373090119,2025/2026,116,55,2e-06,0.001465,0.2334,0.2347
373090120,2025/2026,121,158,9.6e-05,0.007825,0.2587,0.2589
373090121,2025/2026,127,193,6.2e-05,0.006882,0.2791,0.2812
373090122,2025/2026,126,159,0.000389,0.018021,0.2675,0.2761
373090123,2025/2026,136,58,0.000101,0.008452,0.2771,0.279
373090124,2025/2026,140,25,3.1e-05,0.005183,0.2633,0.2668
373090125,2025/2026,134,194,1e-05,0.002549,0.2565,0.2604
373090126,2025/2026,139,93,4.8e-05,0.005781,0.2232,0.2207
373090127,2025/2026,142,195,0.000117,0.009993,0.2673,0.262
373090128,2025/2026,145,94,1e-06,0.000768,0.2249,0.2253
373090129,2025/2026,161,199,3.6e-05,0.005257,0.2617,0.2601
373090130,2025/2026,145,162,1.2e-05,0.003243,0.2722,0.275
373090131,2025/2026,150,163,0.000306,0.013611,0.2633,0.2636
373090132,2025/2026,145,162,0.0,0.000303,0.2618,0.2619
373090133,2025/2026,182,101,1.3e-05,0.003021,0.2665,0.2662
373090134,2025/2026,150,197,0.0,0.000515,0.2367,0.2364
373090135,2025/2026,157,164,2e-05,0.003901,0.2758,0.2771
373090136,2025/2026,161,29,0.000546,0.021351,0.2672,0.2775
373090137,2025/2026,163,97,0.000114,0.009782,0.2405,0.2345
373090138,2025/2026,167,64,1.7e-05,0.003548,0.2871,0.2881
373090139,2025/2026,167,200,1.3e-05,0.002903,0.2649,0.2649
373090140,2025/2026,167,200,3.7e-05,0.004792,0.1441,0.1489
373090141,2025/2026,166,200,0.000124,0.009303,0.1883,0.1817
373090142,2025/2026,182,169,0.000133,0.007545,0.0948,0.0877
373090143,2025/2026,177,202,0.000167,0.012066,0.2656,0.2732
373090144,2025/2026,182,169,0.000395,0.015651,0.251,0.2493
374119961,2025/2026,54,196,7.6e-05,0.008101,0.2542,0.2603
374119962,2025/2026,50,196,0.001038,0.027187,0.2717,0.2767
374119963,2025/2026,47,195,2e-06,0.001204,0.2726,0.2733
374119964,2025/2026,72,47,0.000132,0.009726,0.247,0.2508
374119965,2025/2026,125,205,1.1e-05,0.002759,0.2845,0.2867
374119966,2025/2026,41,195,5e-06,0.002009,0.2467,0.245
374119967,2025/2026,67,198,1.8e-05,0.003648,0.1939,0.1901
374119968,2025/2026,78,161,1.8e-05,0.00358,0.2628,0.264
374119969,2025/2026,75,85,0.000165,0.011369,0.2842,0.289
374119970,2025/2026,74,9,0.000341,0.016957,0.2773,0.2877
374119971,2025/2026,77,161,5.9e-05,0.00686,0.2984,0.3015
374119972,2025/2026,84,200,0.000249,0.012873,0.2893,0.2883
374119973,2025/2026,84,162,4.7e-05,0.006081,0.2983,0.2959
374119974,2025/2026,87,201,3e-06,0.00123,0.2769,0.2771
374119975,2025/2026,92,125,2e-06,0.001157,0.277,0.2775
374119976,2025/2026,103,202,0.000543,0.019278,0.2839,0.2808
374119977,2025/2026,104,50,4.3e-05,0.005582,0.1976,0.193
374119978,2025/2026,100,126,4e-06,0.001619,0.3075,0.3072
374119979,2025/2026,97,88,6.6e-05,0.00646,0.2966,0.2963
374119980,2025/2026,116,52,0.000413,0.017806,0.2739,0.2795
374119981,2025/2026,101,12,0.00046,0.01803,0.2053,0.2165
374119982,2025/2026,108,51,2.5e-05,0.004196,0.2964,0.2956
374119983,2025/2026,122,204,0.000265,0.014181,0.2791,0.2749
374119984,2025/2026,119,166,0.00012,0.010206,0.2401,0.2478
374119985,2025/2026,129,167,1.9e-05,0.003422,0.2816,0.2814
374119986,2025/2026,164,95,5.4e-05,0.00638,0.2191,0.2236
374119987,2025/2026,154,170,6.1e-05,0.00704,0.2206,0.2265
374119988,2025/2026,146,207,1e-05,0.002644,0.2882,0.2879
374119989,2025/2026,148,18,1e-06,0.000892,0.2707,0.272
374119990,2025/2026,196,212,0.000274,0.013615,0.2777,0.2791
374119991,2025/2026,268,220,0.000161,0.011208,0.2142,0.2058
374119992,2025/2026,200,99,3.7e-05,0.005363,0.2574,0.2549
374119993,2025/2026,197,23,8.6e-05,0.007523,0.2803,0.2809
374119994,2025/2026,241,217,2.3e-05,0.004152,0.2368,0.2343
374119995,2025/2026,243,217,1.5e-05,0.003475,0.2475,0.2514
374119996,2025/2026,211,100,2e-06,0.001054,0.2928,0.2942
374119997,2025/2026,233,216,0.000626,0.021165,0.2808,0.2769
374119998,2025/2026,240,65,4.4e-05,0.006044,0.2929,0.2959
374119999,2025/2026,252,218,1.2e-05,0.003092,0.2838,0.285
374120000,2025/2026,251,66,0.000171,0.011061,0.2869,0.2844
374120001,2025/2026,246,218,0.000231,0.013234,0.205,0.1962
374120002,2025/2026,247,142,6.7e-05,0.006926,0.2201,0.2247
374120003,2025/2026,260,219,3.9e-05,0.004811,0.2832,0.2835
374120004,2025/2026,265,106,1e-06,0.000653,0.2825,0.2834
374120005,2025/2026,270,144,1.3e-05,0.003319,0.2603,0.2633
374120006,2025/2026,264,220,1.9e-05,0.003901,0.2821,0.2803
374120007,2025/2026,266,68,9.2e-05,0.008455,0.2776,0.281
374120008,2025/2026,267,30,6e-06,0.002118,0.2808,0.2792
374120009,2025/2026,31,42,2.5e-05,0.004297,0.2086,0.2054
374120010,2025/2026,32,194,1.2e-05,0.003081,0.2725,0.2739
374120011,2025/2026,46,157,0.000208,0.012124,0.1937,0.2027
374120012,2025/2026,177,58,1e-06,0.000694,0.2922,0.2932
374120013,2025/2026,114,203,3.9e-05,0.005104,0.2826,0.2842
374120014,2025/2026,118,166,1.7e-05,0.002976,0.2441,0.2429
374120015,2025/2026,278,107,6.5e-05,0.007354,0.2718,0.276
374120016,2025/2026,294,223,6e-06,0.002116,0.2919,0.2923
374120017,2025/2026,150,170,5.6e-05,0.006951,0.2658,0.2704
374120018,2025/2026,171,172,7.3e-05,0.006379,0.2237,0.2251
374120019,2025/2026,207,61,0.000274,0.014572,0.2374,0.2296
374120020,2025/2026,219,177,7.2e-05,0.007269,0.2952,0.2933
374120021,2025/2026,226,102,1.3e-05,0.003342,0.293,0.2952
374120022,2025/2026,234,26,5.6e-05,0.006556,0.2763,0.2785
374120023,2025/2026,232,216,6.2e-05,0.006947,0.289,0.2921
374120024,2025/2026,262,219,0.00022,0.011955,0.2236,0.2279
374120025,2025/2026,259,29,8.5e-05,0.007256,0.1729,0.1671
374120026,2025/2026,277,183,1e-06,0.000689,0.2771,0.2766
374120027,2025/2026,255,181,2e-06,0.001272,0.2766,0.2747
374120028,2025/2026,297,71,4e-05,0.00586,0.2646,0.261
374120029,2025/2026,317,187,6.5e-05,0.00731,0.2891,0.2855
374120030,2025/2026,324,150,5e-05,0.006649,0.2856,0.2904
374120031,2025/2026,43,43,2.1e-05,0.003715,0.2611,0.2604
374120032,2025/2026,33,156,0.000368,0.015891,0.2435,0.2477
374120033,2025/2026,45,195,0.000398,0.01648,0.2828,0.2852
374120034,2025/2026,37,194,8e-06,0.002401,0.2804,0.284
374120035,2025/2026,35,4,0.000324,0.015045,0.2854,0.2832
374120036,2025/2026,36,118,5e-06,0.001745,0.2905,0.2904
374120037,2025/2026,38,80,7.9e-05,0.007136,0.2933,0.2923
374120038,2025/2026,34,156,7e-06,0.002194,0.2904,0.293
374120039,2025/2026,35,194,0.000158,0.010316,0.2348,0.2294
374120040,2025/2026,45,5,4.2e-05,0.006017,0.2634,0.2591
374120041,2025/2026,40,157,5.3e-05,0.006563,0.2826,0.2856
374120042,2025/2026,41,81,2.4e-05,0.003995,0.2859,0.2852
374120043,2025/2026,52,82,1e-06,0.000626,0.3035,0.3035
374120044,2025/2026,44,157,0.000197,0.0121,0.289,0.2923
374120045,2025/2026,53,196,5.1e-05,0.006705,0.2476,0.2427
374120046,2025/2026,52,158,9.4e-05,0.007378,0.2714,0.2713
374120047,2025/2026,48,6,0.000259,0.012854,0.2922,0.2925
374120048,2025/2026,48,120,3e-06,0.001491,0.2932,0.2942
374120049,2025/2026,49,196,9e-06,0.002385,0.2433,0.2467
374120050,2025/2026,60,159,0.000152,0.010848,0.2968,0.301
374120051,2025/2026,67,46,1.3e-05,0.003358,0.283,0.2808
374120052,2025/2026,81,200,6e-06,0.002072,0.2253,0.2241
374120053,2025/2026,86,200,2.4e-05,0.004158,0.1799,0.1762
374120054,2025/2026,70,199,1.4e-05,0.002798,0.2626,0.2626
374120055,2025/2026,80,124,2.6e-05,0.004432,0.3018,0.3033
374120056,2025/2026,87,163,4.2e-05,0.005636,0.3017,0.2992
374120057,2025/2026,88,201,0.000586,0.019695,0.2678,0.2706
374120058,2025/2026,93,201,0.000103,0.009331,0.2353,0.2291
374120059,2025/2026,89,201,2e-06,0.001011,0.278,0.2786
374120060,2025/2026,321,226,0.001029,0.02841,0.2708,0.2572
374120061,2025/2026,73,199,2.5e-05,0.004382,0.2314,0.2339
374120062,2025/2026,55,44,6.1e-05,0.006511,0.2836,0.2849
374120063,2025/2026,59,45,9.7e-05,0.008619,0.2397,0.2443
374120064,2025/2026,62,197,0.000415,0.016121,0.2792,0.2795
374120065,2025/2026,57,121,6.7e-05,0.00747,0.2872,0.2913
374120066,2025/2026,67,198,0.00016,0.01132,0.2498,0.2431
374120067,2025/2026,66,198,3e-06,0.001616,0.2341,0.2354
374120068,2025/2026,66,84,2.5e-05,0.003292,0.235,0.2346
374120069,2025/2026,98,164,6e-05,0.006696,0.209,0.214
374120070,2025/2026,99,202,9e-06,0.002454,0.2688,0.2724
374120071,2025/2026,106,51,2.6e-05,0.004231,0.2349,0.2363
374120072,2025/2026,110,203,8.8e-05,0.007558,0.287,0.2875
374120073,2025/2026,115,14,4.6e-05,0.005865,0.3048,0.3066
374120074,2025/2026,117,90,0.000108,0.009377,0.286,0.2902
374120075,2025/2026,132,206,8e-06,0.002464,0.2847,0.2867
374120076,2025/2026,124,53,7e-06,0.002294,0.2457,0.2471
374120077,2025/2026,135,54,0.000143,0.010485,0.2786,0.2828
374120078,2025/2026,133,16,0.000191,0.012006,0.2615,0.2667
374120079,2025/2026,131,168,0.000376,0.017192,0.2823,0.289
374120080,2025/2026,140,54,7.6e-05,0.007614,0.2493,0.2458
374120081,2025/2026,145,55,0.000114,0.009912,0.257,0.2507
374120082,2025/2026,142,130,3e-05,0.004821,0.2115,0.2159
374120083,2025/2026,141,92,9.6e-05,0.009135,0.2783,0.2844
374120084,2025/2026,162,171,4.9e-05,0.005793,0.2851,0.2842
374120085,2025/2026,204,61,2.2e-05,0.003824,0.2118,0.2139
374120086,2025/2026,39,156,0.000206,0.011213,0.2981,0.2982
374120087,2025/2026,51,44,0.000303,0.014565,0.2861,0.2839
374120088,2025/2026,42,43,8e-06,0.001886,0.1402,0.1412
374120089,2025/2026,152,208,0.000213,0.013158,0.2771,0.2831
374120090,2025/2026,330,75,6e-05,0.006303,0.2575,0.2553
374120091,2025/2026,180,173,6.7e-05,0.007681,0.2559,0.25
374120092,2025/2026,160,209,3e-06,0.001574,0.2882,0.2892
374120093,2025/2026,173,210,0.000385,0.017243,0.2663,0.2606
374120094,2025/2026,168,20,0.000111,0.009612,0.2713,0.2765
374120095,2025/2026,174,210,0.0001,0.008064,0.2822,0.2842
374120096,2025/2026,181,135,3.3e-05,0.005255,0.2882,0.2913
374120097,2025/2026,185,211,0.000499,0.017778,0.2909,0.2905
374120098,2025/2026,189,212,1.2e-05,0.003172,0.2563,0.2543
374120099,2025/2026,187,174,4e-06,0.001895,0.2806,0.2789
374120100,2025/2026,194,98,6.9e-05,0.007249,0.2104,0.2156
374120101,2025/2026,195,212,2.6e-05,0.004009,0.2772,0.2779
374120102,2025/2026,215,62,0.000154,0.011197,0.2784,0.2835
374120103,2025/2026,202,175,8.9e-05,0.007922,0.1764,0.183
374120104,2025/2026,214,138,1.1e-05,0.003162,0.292,0.2892
374120105,2025/2026,208,214,0.000114,0.009078,0.2802,0.2822
374120106,2025/2026,213,214,1e-06,0.00059,0.29,0.2907
374120107,2025/2026,212,214,9.4e-05,0.008067,0.2826,0.2838
374120108,2025/2026,221,215,3.4e-05,0.005331,0.2796,0.2768
374120109,2025/2026,223,63,0.000163,0.010135,0.1883,0.1809
374120110,2025/2026,227,64,0.0,0.000373,0.1961,0.1964
374120111,2025/2026,229,178,2.8e-05,0.003614,0.111,0.1069
374120112,2025/2026,235,216,2e-06,0.001095,0.2864,0.2873
374120113,2025/2026,236,217,1.7e-05,0.003784,0.2282,0.2245
374120114,2025/2026,253,66,9.1e-05,0.008399,0.276,0.2791
374120115,2025/2026,249,180,0.00017,0.011649,0.2836,0.2789
374120116,2025/2026,254,181,0.000171,0.010231,0.2671,0.2682
374120117,2025/2026,245,104,0.000208,0.0126,0.2946,0.299
374120118,2025/2026,248,218,7e-06,0.002402,0.2344,0.2326
374120119,2025/2026,258,181,1.5e-05,0.00294,0.1643,0.1624
374120120,2025/2026,261,143,0.000274,0.014156,0.2221,0.212
374120121,2025/2026,271,182,1.8e-05,0.003792,0.2058,0.2026
374120122,2025/2026,272,220,1e-05,0.00262,0.2835,0.284
374120123,2025/2026,276,221,1.6e-05,0.003499,0.2698,0.2665
374120124,2025/2026,263,182,0.000116,0.009705,0.2837,0.288
374120125,2025/2026,279,145,2.4e-05,0.004449,0.2545,0.2576
374120126,2025/2026,274,69,1.8e-05,0.004017,0.2768,0.2742
374120127,2025/2026,280,69,0.000231,0.012143,0.2746,0.2745
374120128,2025/2026,281,221,0.000381,0.016815,0.2871,0.2826
374120129,2025/2026,273,31,0.000727,0.022536,0.2045,0.1877
374120130,2025/2026,275,221,0.000158,0.011695,0.2435,0.2531
374120131,2025/2026,274,221,0.000167,0.011773,0.2702,0.2763
374120132,2025/2026,288,222,2.4e-05,0.00392,0.2654,0.2645
374120133,2025/2026,287,70,5e-06,0.001856,0.2812,0.2809
374120134,2025/2026,283,184,0.000222,0.011162,0.139,0.1282
374120135,2025/2026,289,32,2.3e-05,0.004126,0.284,0.2829
374120136,2025/2026,290,222,0.000195,0.012119,0.2459,0.2401
374120137,2025/2026,282,70,0.000134,0.009448,0.2367,0.2334
374120138,2025/2026,291,146,0.0,0.000427,0.2948,0.2954
374120139,2025/2026,285,222,1e-06,0.000429,0.2495,0.2501
374120140,2025/2026,286,222,0.000812,0.023284,0.2837,0.282
374120141,2025/2026,284,108,2.6e-05,0.004729,0.2905,0.2951
374120142,2025/2026,298,223,5e-05,0.005936,0.2101,0.2067
374120143,2025/2026,306,186,4.8e-05,0.006259,0.2645,0.268
374120144,2025/2026,304,72,0.000434,0.018236,0.2778,0.2723
374120145,2025/2026,309,110,0.00021,0.011137,0.152,0.1417
374120146,2025/2026,308,224,4e-05,0.004985,0.1839,0.1805
374120147,2025/2026,314,225,5e-05,0.005206,0.2529,0.2531
374120148,2025/2026,315,149,1e-06,0.000448,0.2395,0.239
374120149,2025/2026,300,185,9.5e-05,0.008256,0.2676,0.2702
374120150,2025/2026,296,185,1.8e-05,0.003868,0.2742,0.2721
374120151,2025/2026,299,223,3.6e-05,0.005289,0.2766,0.279
374120152,2025/2026,295,147,0.000195,0.011541,0.3048,0.3067
374120153,2025/2026,301,223,2.4e-05,0.004325,0.2834,0.285
374120154,2025/2026,293,33,4e-06,0.001457,0.2879,0.2895
374120155,2025/2026,292,71,4.4e-05,0.005542,0.1951,0.1993
374120156,2025/2026,305,186,6e-06,0.001499,0.2521,0.2499
374120157,2025/2026,310,72,6e-06,0.002327,0.2782,0.2804
374120158,2025/2026,302,34,1.8e-05,0.003609,0.3056,0.3068
374120159,2025/2026,311,224,0.000794,0.024791,0.2736,0.2622
374120160,2025/2026,330,151,7.1e-05,0.006812,0.3095,0.3088
374120161,2025/2026,330,189,0.000188,0.012757,0.2591,0.2684
374120162,2025/2026,307,186,1.2e-05,0.002964,0.2832,0.2877
374120163,2025/2026,317,35,4e-06,0.001727,0.2886,0.2896
374120164,2025/2026,303,224,2e-06,0.001368,0.2843,0.2852
374120165,2025/2026,313,187,4e-06,0.001502,0.2879,0.2857
374120166,2025/2026,316,73,0.000271,0.014098,0.2465,0.2391
374120167,2025/2026,318,111,2e-06,0.000986,0.2735,0.2743
374120168,2025/2026,320,225,5.5e-05,0.006505,0.2677,0.2648
374120169,2025/2026,319,225,2.7e-05,0.004038,0.2849,0.2906
374120170,2025/2026,312,187,0.000204,0.012437,0.2853,0.289
374120171,2025/2026,323,226,0.000145,0.010923,0.2672,0.2616
374120172,2025/2026,321,74,2.2e-05,0.003766,0.2009,0.1985
374120173,2025/2026,321,188,6.3e-05,0.006581,0.2934,0.2944
374120174,2025/2026,322,226,0.000288,0.012239,0.1327,0.121
374120175,2025/2026,324,188,3.4e-05,0.00535,0.2935,0.29
374120176,2025/2026,321,226,4e-05,0.00511,0.2133,0.2104
374120177,2025/2026,321,36,3.9e-05,0.005412,0.2327,0.236
374120178,2025/2026,324,74,2.8e-05,0.004904,0.2585,0.2634
374120179,2025/2026,326,227,5.6e-05,0.006517,0.2555,0.258
374120180,2025/2026,330,227,7.4e-05,0.007449,0.2523,0.2486
374120181,2025/2026,327,37,4.3e-05,0.005785,0.2418,0.2383
374120182,2025/2026,325,227,0.000244,0.012706,0.287,0.2879
374120183,2025/2026,328,113,2.6e-05,0.004378,0.2926,0.294
374120184,2025/2026,329,227,0.000121,0.009431,0.2419,0.2458
374120185,2025/2026,331,227,0.0,0.000482,0.2398,0.2405
374120186,2025/2026,71,47,0.000196,0.012567,0.249,0.2557
374120187,2025/2026,206,24,1.3e-05,0.003284,0.2451,0.2476
374120188,2025/2026,220,177,8.2e-05,0.008458,0.282,0.2765
374120189,2025/2026,138,168,0.00037,0.016678,0.2574,0.2495
374120190,2025/2026,65,198,7.2e-05,0.007691,0.2765,0.2731
374120191,2025/2026,74,123,0.000242,0.014254,0.2739,0.2655
374120192,2025/2026,76,199,3.5e-05,0.005402,0.2839,0.2893
374120193,2025/2026,57,45,1.9e-05,0.004123,0.2829,0.286
374120194,2025/2026,61,159,1e-05,0.002524,0.2686,0.2724
374120195,2025/2026,66,46,4e-05,0.005132,0.2683,0.267
374120196,2025/2026,79,10,0.000104,0.008822,0.2921,0.2896
374120197,2025/2026,58,197,2.3e-05,0.003918,0.2666,0.2667
374120198,2025/2026,68,160,4.2e-05,0.005744,0.2892,0.287
374120199,2025/2026,64,122,4e-06,0.001784,0.2444,0.2455
374120200,2025/2026,69,8,0.000408,0.016656,0.2837,0.2864
374120201,2025/2026,61,159,0.000236,0.013696,0.2872,0.2934
374120202,2025/2026,63,197,0.000188,0.011051,0.2818,0.2812
374120203,2025/2026,80,48,4e-06,0.001902,0.2488,0.2474
374120204,2025/2026,102,202,3.3e-05,0.005367,0.251,0.2462
374120205,2025/2026,83,162,1.1e-05,0.002917,0.216,0.213
374120206,2025/2026,82,86,0.000226,0.013324,0.2557,0.2631
374120207,2025/2026,85,200,0.000333,0.015643,0.2446,0.2363
374120208,2025/2026,90,87,0.000226,0.013406,0.2926,0.2986
374120209,2025/2026,91,49,6.9e-05,0.007543,0.2567,0.2614
374120210,2025/2026,111,203,5.5e-05,0.006328,0.2854,0.2839
374120211,2025/2026,105,165,6e-06,0.001975,0.2823,0.2848
374120212,2025/2026,126,15,4.8e-05,0.006359,0.2918,0.2884
374120213,2025/2026,95,11,0.000117,0.009946,0.283,0.2886
374120214,2025/2026,94,49,0.00027,0.013577,0.2989,0.3018
374120215,2025/2026,109,165,0.000123,0.009396,0.2649,0.2683
374120216,2025/2026,96,50,3.1e-05,0.004671,0.254,0.2522
374120217,2025/2026,144,206,9.1e-05,0.007916,0.2939,0.295
374120218,2025/2026,151,207,0.000385,0.016479,0.2784,0.2753
374120219,2025/2026,158,94,0.000112,0.009114,0.3029,0.3056
374120220,2025/2026,191,136,0.000409,0.018191,0.2797,0.2885
374120221,2025/2026,199,213,0.000274,0.015288,0.2632,0.2543
374120222,2025/2026,205,175,0.000131,0.009827,0.2467,0.2416
374120223,2025/2026,97,164,0.0,0.000324,0.2825,0.2827
374120224,2025/2026,107,203,3e-06,0.001259,0.2786,0.2797
374120225,2025/2026,157,209,1.3e-05,0.003267,0.2699,0.2665
374120226,2025/2026,159,208,0.000233,0.012195,0.2663,0.2671
374120227,2025/2026,182,59,4.1e-05,0.006016,0.2731,0.2775
374120228,2025/2026,193,60,0.00017,0.009585,0.136,0.1439
374120229,2025/2026,120,204,2e-06,0.001114,0.2768,0.2775
374120230,2025/2026,134,205,0.000125,0.01014,0.222,0.2304
374120231,2025/2026,141,17,5e-06,0.001711,0.2822,0.2821
374120232,2025/2026,152,208,7.1e-05,0.007264,0.2787,0.2768
374120233,2025/2026,112,13,5e-06,0.001976,0.2959,0.2968
374120234,2025/2026,113,165,3.5e-05,0.004837,0.29,0.2904
374120235,2025/2026,120,204,0.000163,0.011479,0.2809,0.276
374120236,2025/2026,139,169,9.7e-05,0.007705,0.2615,0.2625
374120237,2025/2026,155,19,4.4e-05,0.006085,0.2725,0.2762
374120238,2025/2026,176,58,1.4e-05,0.003201,0.2852,0.2844
374120239,2025/2026,169,210,3.9e-05,0.005275,0.2067,0.21
374120240,2025/2026,188,22,2e-06,0.00134,0.2856,0.2867
374120241,2025/2026,217,63,0.0,0.000532,0.2534,0.254
374120242,2025/2026,218,139,2.1e-05,0.003385,0.1517,0.1543
374120243,2025/2026,222,101,0.000212,0.013136,0.2226,0.2342
374120244,2025/2026,237,65,1.7e-05,0.003908,0.2554,0.2519
374120245,2025/2026,121,166,6.7e-05,0.006467,0.2394,0.2411
374120246,2025/2026,123,52,0.000177,0.010474,0.2847,0.2849
374120247,2025/2026,167,57,0.00014,0.009447,0.2858,0.286
374120248,2025/2026,153,56,0.0,4.5e-05,0.2926,0.2926
374120249,2025/2026,163,57,9.9e-05,0.008115,0.1734,0.1804
374120250,2025/2026,128,205,0.000186,0.011886,0.2829,0.2793
374120251,2025/2026,127,167,1e-06,0.000948,0.2795,0.2803
374120252,2025/2026,137,205,8.5e-05,0.007514,0.2673,0.266
374120253,2025/2026,143,207,1e-06,0.000634,0.2873,0.2867
374120254,2025/2026,147,206,0.000116,0.00985,0.2358,0.2292
374120255,2025/2026,136,168,6e-06,0.002012,0.2358,0.2351
374120256,2025/2026,179,59,5.4e-05,0.006433,0.2413,0.2377
374120257,2025/2026,186,211,5.5e-05,0.005937,0.2929,0.293
374120258,2025/2026,149,131,5e-06,0.001686,0.2818,0.2831
374120259,2025/2026,151,207,1.5e-05,0.003348,0.2056,0.2084
374120260,2025/2026,175,134,0.0002,0.012157,0.1944,0.2052
374120261,2025/2026,170,172,4.2e-05,0.005585,0.2111,0.2152
374120262,2025/2026,172,96,3e-06,0.001672,0.2919,0.2928
374120263,2025/2026,156,171,0.000201,0.011951,0.2459,0.2401
374120264,2025/2026,183,97,0.000114,0.009422,0.2435,0.2492
374120265,2025/2026,183,173,1.1e-05,0.002877,0.2875,0.2861
374120266,2025/2026,184,211,4.5e-05,0.005324,0.2745,0.2738
374120267,2025/2026,190,174,3.2e-05,0.005267,0.2808,0.2775
374120268,2025/2026,178,21,1.3e-05,0.002602,0.1247,0.1219
374120269,2025/2026,192,60,0.000283,0.014151,0.2734,0.2706
374120270,2025/2026,198,175,6.5e-05,0.006171,0.2782,0.2784
374120271,2025/2026,230,64,9.1e-05,0.008479,0.2258,0.2319
374120272,2025/2026,203,213,5.4e-05,0.005871,0.2238,0.2211
374120273,2025/2026,211,62,2e-05,0.003825,0.2786,0.2773
374120274,2025/2026,238,217,6e-06,0.001661,0.2302,0.2296
374120275,2025/2026,257,219,4.9e-05,0.006336,0.2198,0.2254
374120276,2025/2026,201,137,7e-06,0.002146,0.2984,0.2986
374120277,2025/2026,228,216,5e-06,0.001977,0.2457,0.2438
374120278,2025/2026,210,176,9.3e-05,0.008709,0.277,0.2808
374120279,2025/2026,216,177,5.4e-05,0.006863,0.2715,0.2759
374120280,2025/2026,241,103,1.2e-05,0.00324,0.2648,0.2625
374120281,2025/2026,242,179,2.4e-05,0.00371,0.2709,0.2708
374120282,2025/2026,244,179,9e-06,0.002745,0.2749,0.2763
374120283,2025/2026,256,67,1.4e-05,0.003509,0.2745,0.2771
374120284,2025/2026,250,28,3.7e-05,0.004801,0.2988,0.2988
374120285,2025/2026,250,180,4.4e-05,0.006072,0.2802,0.2835
374120286,2025/2026,260,219,3e-06,0.001335,0.1805,0.1785
374120287,2025/2026,56,7,0.000338,0.01546,0.1843,0.1978
374120288,2025/2026,166,209,2e-05,0.003938,0.2803,0.2789
374120289,2025/2026,131,53,7.8e-05,0.007082,0.2884,0.2875
374120290,2025/2026,165,133,4e-05,0.004472,0.1256,0.1207
374120291,2025/2026,130,91,5.9e-05,0.006244,0.2888,0.2892
374120292,2025/2026,161,208,9.8e-05,0.00902,0.2381,0.2319
374120293,2025/2026,152,93,0.000185,0.011761,0.2095,0.2175
374120294,2025/2026,155,56,0.000129,0.009765,0.273,0.2699
374120295,2025/2026,209,214,0.0002,0.013101,0.2324,0.224
374120296,2025/2026,225,215,6.7e-05,0.007335,0.2642,0.2607
374120297,2025/2026,224,25,0.000138,0.010733,0.2356,0.2281
374120298,2025/2026,231,178,1.1e-05,0.002679,0.263,0.267
374120299,2025/2026,239,27,5.6e-05,0.005668,0.1511,0.1464
374120300,2025/2026,269,68,5.3e-05,0.005837,0.245,0.2432
419543349,2025/2026,104,130,4.5e-05,0.005773,0.2733,0.2746
420450453,2025/2026,148,89,8.5e-05,0.007548,0.2929,0.2941
420450454,2025/2026,131,167,5.2e-05,0.006601,0.2553,0.2513
420450455,2025/2026,134,201,5e-06,0.001971,0.2724,0.2711
420450456,2025/2026,147,21,3e-05,0.004492,0.2676,0.2688
420450457,2025/2026,225,215,4.7e-05,0.005881,0.2603,0.2573
420450458,2025/2026,143,203,0.000471,0.01808,0.2097,0.2169
420450459,2025/2026,136,130,8e-06,0.002016,0.2451,0.2451
420450460,2025/2026,127,124,1.4e-05,0.003429,0.2822,0.2802
420450461,2025/2026,139,202,1.5e-05,0.00311,0.2457,0.2449
420450462,2025/2026,222,213,1.3e-05,0.00225,0.1107,0.1123
420450463,2025/2026,221,213,2e-06,0.000896,0.1691,0.1678
420450464,2025/2026,133,201,8.9e-05,0.008835,0.263,0.2573
420450465,2025/2026,150,203,3e-05,0.005036,0.235,0.2309
420450466,2025/2026,225,143,0.000193,0.011637,0.2563,0.2594
420450467,2025/2026,225,215,1.2e-05,0.002549,0.2531,0.2498
420450468,2025/2026,123,166,0.00017,0.011918,0.2611,0.2554
420450469,2025/2026,127,18,1e-05,0.002598,0.273,0.2726
420450470,2025/2026,126,200,1e-06,0.001064,0.2788,0.278
420450471,2025/2026,157,204,3.5e-05,0.005345,0.2781,0.2803
420450472,2025/2026,129,87,6.6e-05,0.007129,0.217,0.2222
420450473,2025/2026,137,202,3e-06,0.001609,0.2382,0.2391
420450474,2025/2026,135,201,0.000143,0.010636,0.2308,0.2365
420450475,2025/2026,145,203,1.5e-05,0.003323,0.2251,0.2211
420450476,2025/2026,225,215,3e-06,0.001541,0.2695,0.2701
420450477,2025/2026,225,105,9.3e-05,0.008748,0.2458,0.252
420450478,2025/2026,222,32,3.7e-05,0.005586,0.2411,0.2378
420450479,2025/2026,225,33,7.3e-05,0.007353,0.222,0.2256
420450480,2025/2026,225,181,5e-06,0.001783,0.2706,0.2681
420450482,2025/2026,222,138,0.000138,0.0095,0.2684,0.2681
420450483,2025/2026,149,93,8e-06,0.002345,0.2934,0.294
420450484,2025/2026,146,203,7e-06,0.002398,0.2567,0.2554
420450485,2025/2026,138,168,4.3e-05,0.005236,0.2798,0.2796
420450486,2025/2026,142,202,0.000128,0.009628,0.2236,0.227
420450487,2025/2026,140,202,1.4e-05,0.003398,0.2656,0.2641
420450488,2025/2026,134,91,0.000168,0.01162,0.2554,0.2616
420450489,2025/2026,130,19,4e-06,0.001519,0.2485,0.2472
420450490,2025/2026,125,200,5.2e-05,0.006703,0.2604,0.2567
420450491,2025/2026,127,128,9e-06,0.002687,0.2323,0.2341
420450492,2025/2026,128,200,3.7e-05,0.005107,0.2675,0.2687
420451303,2025/2026,72,193,2.4e-05,0.004327,0.2079,0.2032
