fixture_id,competition_name,date,home_team,away_team,actual_result,v4_home_prob,v4_draw_prob,v4_away_prob,v4_decision,calibrated_home_prob,calibrated_draw_prob,calibrated_away_prob,calibrated_decision,draw_probability_delta,decision_changed
342254747,Premier League,2025-08-15T19:00:00.000000Z,Liverpool,AFC Bournemouth,H,0.5910778580273358,0.18902073755652987,0.21990140441613437,H,0.5657349991349581,0.22379201638829246,0.21047298447674959,H,0.03477127883176259,False
342863654,Premier League,2025-08-16T11:30:00.000000Z,Aston Villa,Newcastle United,D,0.3667875317760399,0.23083497566733194,0.4023774925566281,A,0.3491361081508989,0.2678505678179065,0.38301332403119454,A,0.03701559215057457,False
342863842,Premier League,2025-08-16T14:00:00.000000Z,Brighton & Hove Albion,Fulham,D,0.4902172055514218,0.23099435562022239,0.2787884388283559,H,0.4666167988805889,0.2680164057114955,0.2653667954079157,H,0.0370220500912731,False
342863843,Premier League,2025-08-16T14:00:00.000000Z,Sunderland,West Ham United,H,0.44244771810333217,0.25269186637346963,0.3048604155231982,H,0.4200887863507213,0.2904568064426695,0.28945440720660914,H,0.03776494006919989,False
342863844,Premier League,2025-08-16T14:00:00.000000Z,Tottenham Hotspur,Burnley,H,0.4641054034376323,0.21821981800341927,0.31767477855894843,H,0.44246323909529267,0.2546757934198483,0.3028609674848591,H,0.03645597541642903,False
342863998,La Liga,2025-08-16T19:30:00.000000Z,Deportivo Alavés,Levante,H,0.4368495089131047,0.2558248966843606,0.30732559440253476,H,0.41463027546076064,0.2936754608091368,0.29169426373010265,H,0.03785056412477622,False
342864234,Premier League,2025-08-16T16:30:00.000000Z,Wolverhampton Wanderers,Manchester City,A,0.27503309451711483,0.2344522192275891,0.49051468625529604,A,0.26168342271591005,0.27161069878946026,0.4667058784946298,A,0.037158479561871155,False
342864255,La Liga,2025-08-16T17:30:00.000000Z,Mallorca,FC Barcelona,A,0.1364671387456539,0.1637746033441448,0.6997582579102014,A,0.13110939823859508,0.19660506144471868,0.6722855403166863,A,0.03283045810057389,False
342864289,La Liga,2025-08-16T19:30:00.000000Z,Valencia,Real Sociedad,D,0.4145116855141245,0.27482674718188743,0.3106615673039881,H,0.3926426302990787,0.31308587101499175,0.2942714986859296,H,0.038259123833104314,False
343465726,Premier League,2025-08-17T13:00:00.000000Z,Nottingham Forest,Brentford,H,0.4162066396246494,0.2508916604317052,0.3329016999436454,H,0.3952530089592981,0.2886049931401992,0.3161419979005028,H,0.03771333270849403,False
343465727,Premier League,2025-08-17T13:00:00.000000Z,Chelsea,Crystal Palace,D,0.47462216244174876,0.242430572351037,0.28294726520721436,H,0.4511614845331255,0.27987739582859356,0.26896111963828095,H,0.03744682347755657,False
343465728,Ligue 1,2025-08-17T15:15:00.000000Z,Angers SCO,Paris,H,0.29669565446629564,0.2823886877686136,0.42091565776509077,A,0.28083132593536875,0.3207593933835202,0.3984092806811111,A,0.03837070561490663,False
343465729,Ligue 1,2025-08-16T17:00:00.000000Z,Monaco,Le Havre,H,0.6280892396606339,0.19165037134053894,0.18026038899882718,H,0.6009356902048408,0.22659693662676536,0.17246737316839383,H,0.034946565286226416,False
343465730,Ligue 1,2025-08-17T15:15:00.000000Z,Auxerre,Lorient,H,0.4440687167521667,0.24232237106762303,0.3136089121802103,H,0.4221235864438629,0.27976552720844916,0.29811088634768795,H,0.037443156140826134,False
343465731,Ligue 1,2025-08-17T15:15:00.000000Z,Metz,Strasbourg,A,0.2935499058992023,0.2606172866572118,0.44583280744358583,A,0.27847450698571524,0.2985886473334657,0.4229368456808191,A,0.037971360676253896,False
343465732,Ligue 1,2025-08-16T19:05:00.000000Z,Nice,Toulouse,A,0.5174830639255684,0.23233290784915914,0.2501840282252724,H,0.49249040149071793,0.2694086033336183,0.23810099517566385,H,0.03707569548445919,False
343465733,Ligue 1,2025-08-16T15:00:00.000000Z,Lens,Olympique Lyonnais,A,0.41050228568430197,0.2751232806341349,0.31437443368156315,H,0.38883312058487257,0.31338731437145634,0.29777956504367115,H,0.03826403373732146,False
343465734,Ligue 1,2025-08-17T13:00:00.000000Z,Brest,LOSC Lille,D,0.35687799064803194,0.28672984583618216,0.3563921635157858,H,0.3376538441631278,0.32515196848391575,0.3371941873529564,H,0.03842212264773359,False
343465735,Ligue 1,2025-08-15T18:45:00.000000Z,Rennes,Olympique Marseille,H,0.32560463957295704,0.2612236199081453,0.4131717405188977,A,0.3088629769388622,0.299209395951623,0.3919276271095148,A,0.03798577604347769,False
343465842,La Liga,2025-08-17T15:00:00.000000Z,Celta de Vigo,Getafe,A,0.5285955487619944,0.23529541420837907,0.23610903702962655,H,0.5028878023822693,0.2724861011011954,0.22462609651653537,H,0.03719068689281635,False
343465921,Premier League,2025-08-17T15:30:00.000000Z,Manchester United,Arsenal,A,0.3218916883713838,0.24785116735282967,0.43025714427578654,A,0.30579081479275966,0.2854733045631251,0.4087358806441153,A,0.03762213721029542,False
343465941,La Liga,2025-08-17T17:30:00.000000Z,Athletic Club,Sevilla,H,0.5007771678939539,0.2338629861887701,0.26535984591727607,H,0.4765038019486717,0.27099871300050804,0.2524974850508203,H,0.037135726811737935,False
343465961,Ligue 1,2025-08-17T18:45:00.000000Z,Nantes,Paris Saint Germain,A,0.1939804833194641,0.1971770962726973,0.6088424204078385,A,0.18545136302810886,0.23247638515666427,0.5820722518152269,A,0.03529928888396697,False
343465962,La Liga,2025-08-15T17:00:00.000000Z,Girona,Rayo Vallecano,A,0.36108739019483216,0.26680149126999425,0.37211111853517354,A,0.3423191964633197,0.30491085767039905,0.35276994586628124,A,0.0381093664004048,False
343465963,La Liga,2025-08-15T19:30:00.000000Z,Villarreal,Real Oviedo,H,0.5026223336106601,0.21605489665173988,0.28132276973759995,H,0.47931664372510263,0.2524050153078052,0.2682783409670923,H,0.0363501186560653,False
343465965,La Liga,2025-08-17T19:30:00.000000Z,Espanyol,Atlético de Madrid,H,0.24574087583099255,0.23370269585383407,0.5205564283151735,A,0.23383396143535554,0.2708321981038015,0.495333840460843,A,0.03712950224996742,False
344184009,Premier League,2025-08-18T19:00:00.000000Z,Leeds United,Everton,H,0.34078610513814556,0.2612309456463737,0.3979829492154808,A,0.3232636012616479,0.29921689467296436,0.37751950406538787,A,0.03798594902659064,False
344184010,La Liga,2025-08-18T19:00:00.000000Z,Elche,Real Betis,D,0.32187294197439525,0.25932433917582703,0.41880271884977766,A,0.30538549489798433,0.29726431227116024,0.39735019283085554,A,0.0379399730953332,False
345052043,La Liga,2025-08-19T19:00:00.000000Z,Real Madrid,Osasuna,H,0.6608107158780095,0.16800994391919205,0.17117934020279846,H,0.634449505322197,0.20119987943582068,0.1643506152419822,H,0.03318993551662863,False
347217733,Bundesliga,2025-08-22T18:30:00.000000Z,FC Bayern München,RB Leipzig,H,0.6862315325869305,0.16423136489323628,0.1495371025198332,H,0.6592427606019199,0.19710127549044795,0.14365596390763213,H,0.03286991059721167,False
347217747,Premier League,2025-08-22T19:00:00.000000Z,West Ham United,Chelsea,A,0.302438692519982,0.27172874012140924,0.4258325673586088,A,0.28657272718757654,0.30993392632144395,0.4034933464909795,A,0.03820518620003471,False
347217750,La Liga,2025-08-22T19:30:00.000000Z,Real Betis,Deportivo Alavés,H,0.5042239420970609,0.23969742246614806,0.25607863543679105,H,0.47945242329400056,0.27704957499794836,0.2434980017080511,H,0.0373521525318003,False
347953543,Premier League,2025-08-23T11:30:00.000000Z,Manchester City,Tottenham Hotspur,A,0.7321794910482007,0.13996456270487814,0.1278559462469213,H,0.7061857018262291,0.1704974855111028,0.12331681266266822,H,0.03053292280622466,False
347953714,Bundesliga,2025-08-23T13:30:00.000000Z,Eintracht Frankfurt,Werder Bremen,H,0.47713039858072254,0.22547488314561023,0.2973947182736673,H,0.45446691833849384,0.2622644793129347,0.28326860234857154,H,0.03678959616732444,False
347953715,Bundesliga,2025-08-23T13:30:00.000000Z,Heidenheim,VfL Wolfsburg,A,0.3802069752278843,0.2613725682151543,0.3584204565569613,H,0.36065206633162333,0.2993618558345482,0.3399860778338284,H,0.03798928761939391,False
347953716,Bundesliga,2025-08-23T13:30:00.000000Z,FC Union Berlin,VfB Stuttgart,H,0.28665797959437705,0.24598758968828094,0.467354430717342,A,0.2723771283243878,0.28355130622121855,0.4440715654543937,A,0.03756371653293761,False
347953717,Bundesliga,2025-08-23T13:30:00.000000Z,Bayer 04 Leverkusen,TSG Hoffenheim,A,0.6093338557359962,0.1739056452874289,0.21676049897657498,H,0.5845007825851056,0.20757267584383232,0.20792654157106194,H,0.03366703055640341,False
347953718,Bundesliga,2025-08-23T13:30:00.000000Z,SC Freiburg,FC Augsburg,A,0.4793784679816276,0.24119500516910414,0.2794265268492684,H,0.45574797445161236,0.2785995565174178,0.26565246903096995,H,0.037404551348313664,False
347953747,Premier League,2025-08-23T14:00:00.000000Z,AFC Bournemouth,Wolverhampton Wanderers,H,0.47107057190478846,0.24054220816977478,0.28838721992543676,H,0.44788363778502827,0.2779240758476929,0.2741922863672789,H,0.037381867677918124,False
347953748,Premier League,2025-08-23T14:00:00.000000Z,Brentford,Aston Villa,H,0.38841265645017886,0.272925737749984,0.338661605799837,H,0.3679915029755729,0.31115233734779596,0.320856159676631,H,0.03822659959781194,False
347953749,Premier League,2025-08-23T14:00:00.000000Z,Burnley,Sunderland,H,0.3062569627294658,0.25281784486192227,0.440925192408612,A,0.2907763177838181,0.29058633035308845,0.41863735186309353,A,0.03776848549116618,False
347953750,Premier League,2025-08-25T19:00:00.000000Z,Newcastle United,Liverpool,A,0.39880454287028555,0.25599427009776976,0.34520118703194475,H,0.37851335125361835,0.2938493123715857,0.32763733637479603,H,0.03785504227381592,False
347954243,Ligue 1,2025-08-23T15:00:00.000000Z,Olympique Marseille,Paris,H,0.5742384419354504,0.21167041741217016,0.21409114065237944,H,0.5479228849199229,0.24779710375468614,0.20428001132539106,H,0.03612668634251598,False
347954246,La Liga,2025-08-23T15:00:00.000000Z,Mallorca,Celta de Vigo,D,0.2643541240189612,0.26064231238844005,0.47500356359259877,A,0.2507774151323336,0.2986142718766617,0.45060831299100473,A,0.03797195948822163,False
347954613,Serie A,2025-08-23T16:30:00.000000Z,Genoa,Lecce,D,0.4321381560121685,0.26269181935671976,0.30517002463111165,H,0.40985460911440225,0.30071170071384906,0.2894336901717487,H,0.03801988135712925,False
347954614,Serie A,2025-08-23T16:30:00.000000Z,Sassuolo,Napoli,A,0.25823414219317714,0.2606175169467336,0.48114834086008934,A,0.2449723955326482,0.2985888831348267,0.4564387213325251,A,0.0379713661880931,False
347954615,Premier League,2025-08-23T16:30:00.000000Z,Arsenal,Leeds United,H,0.7183736311171629,0.14021631006031846,0.14141005882251878,H,0.6928400522628241,0.1707761102726522,0.13638383746452382,H,0.030559800212333732,False
347954616,Bundesliga,2025-08-23T16:30:00.000000Z,St. Pauli,Borussia Dortmund,D,0.28659856547458484,0.24373095702735817,0.46967047749805707,A,0.27239106926022144,0.2812213385555479,0.44638759218423074,A,0.037490381528189703,False
347954621,Ligue 1,2025-08-23T17:00:00.000000Z,Nice,Auxerre,H,0.5441585147168632,0.22509469780050292,0.23074678748263397,H,0.5183356266102007,0.26186760931576025,0.21979676407403909,H,0.03677291151525733,False
347954642,La Liga,2025-08-23T17:30:00.000000Z,Atlético de Madrid,Elche,D,0.6674705230787078,0.17016429982732173,0.1623651770939705,H,0.6406317832372149,0.2035316826525425,0.1558365341102426,H,0.03336738282522078,False
347954663,Serie A,2025-08-23T18:45:00.000000Z,AC Milan,Cremonese,A,0.6280368910462697,0.1896675174692755,0.1822955914844548,H,0.6010541323758295,0.22448236056315748,0.17446350706101316,H,0.034814843093882,False
347954664,Serie A,2025-08-23T18:45:00.000000Z,Roma,Bologna,H,0.4369154481737007,0.2663978099117883,0.29668674191451105,H,0.4142234495216742,0.3044987742475405,0.2812777762307853,H,0.03810096433575222,False
347954667,Ligue 1,2025-08-23T19:05:00.000000Z,Olympique Lyonnais,Metz,H,0.6725583430142419,0.1658517768598737,0.1615898801258844,H,0.645944171250197,0.19886030960341003,0.15519551914639293,H,0.03300853274353632,False
347954668,La Liga,2025-08-23T19:30:00.000000Z,Levante,FC Barcelona,A,0.19429554302132207,0.1758804433299488,0.6298240136487291,A,0.18632188350230944,0.20970133621129247,0.6039767802863981,A,0.033820892881343684,False
348751609,Premier League,2025-08-24T13:00:00.000000Z,Crystal Palace,Nottingham Forest,D,0.45739354469183546,0.25294673676199136,0.2896597185461731,H,0.43426705909520336,0.29071884074704185,0.2750141001577548,H,0.03777210398505049,False
348751610,Premier League,2025-08-24T13:00:00.000000Z,Everton,Brighton & Hove Albion,H,0.3238298565756271,0.2749786668320709,0.40119147659230203,A,0.30674034159131036,0.31324031159869226,0.3800193468099973,A,0.03826164476662136,False
348751611,Ligue 1,2025-08-24T13:00:00.000000Z,Lorient,Rennes,H,0.3614535530597325,0.2717927431317823,0.3667537038084853,A,0.34248941799320387,0.30999909263028336,0.34751148937651277,A,0.0382063494985011,False
348751703,Bundesliga,2025-08-24T13:30:00.000000Z,FSV Mainz 05,FC Köln,A,0.5224942482718457,0.2107902513885319,0.26671550033962244,H,0.49860734166423637,0.24687060944271028,0.2545220488930534,H,0.03608035805417836,False
348751783,Ligue 1,2025-08-22T18:45:00.000000Z,Paris Saint Germain,Angers SCO,H,0.8244607725835661,0.09579606672671855,0.07974316068971521,H,0.8018193801939234,0.12062737069445673,0.07755324911161988,H,0.024831303967738166,False
348751787,La Liga,2025-08-24T15:00:00.000000Z,Osasuna,Valencia,H,0.42632671913102965,0.26608579558619117,0.30758748528277924,H,0.40419788469596885,0.30418020813465974,0.2916219071693714,H,0.03809441254846857,False
348751939,Ligue 1,2025-08-24T15:15:00.000000Z,Le Havre,Lens,A,0.31444521622739785,0.2725822704620414,0.41297251331056073,A,0.29792339925620004,0.3108027997269521,0.3912738010168479,A,0.03822052926491065,False
348751940,Ligue 1,2025-08-24T15:15:00.000000Z,Strasbourg,Nantes,H,0.5240123442469967,0.23290096141743577,0.2430866943355676,H,0.49867026481985677,0.26999910419530687,0.23133063098483642,H,0.0370981427778711,False
348751941,Ligue 1,2025-08-24T15:15:00.000000Z,Toulouse,Brest,H,0.42444493747418055,0.27018375181699267,0.30537131070882667,H,0.4022423469578133,0.308360226266248,0.2893974267759387,H,0.038176474449255315,False
348751942,Premier League,2025-08-24T15:30:00.000000Z,Fulham,Manchester United,D,0.4071464836173701,0.2501695082760399,0.34268400810659005,H,0.3866802322133183,0.2878616411361839,0.3254581266504979,H,0.037692132860144,False
348751943,Bundesliga,2025-08-24T15:30:00.000000Z,Borussia Mönchengladbach,Hamburger SV,D,0.3733550726462718,0.24536695920726284,0.3812779681464653,A,0.35478024327526014,0.2829107907965905,0.3623089659281494,A,0.03754383158932764,False
348751956,Serie A,2025-08-24T16:30:00.000000Z,Cagliari,Fiorentina,D,0.2986629454308559,0.2733842702191432,0.42795278435000095,A,0.2829472637714472,0.3116188810828419,0.4054338551457108,A,0.038234610863698726,False
348751957,Serie A,2025-08-24T16:30:00.000000Z,Como,Lazio,H,0.38672830894579335,0.2896425537207554,0.32362913733345117,H,0.3657947630486502,0.3280940967319197,0.30611114021943014,H,0.03845154301116427,False
348751963,La Liga,2025-08-24T17:30:00.000000Z,Real Sociedad,Espanyol,D,0.44558465892862215,0.26251739733516705,0.29189794373621086,H,0.42261557898626995,0.3005332861618423,0.27685113485188784,H,0.038015888826675226,False
348751964,La Liga,2025-08-24T17:30:00.000000Z,Villarreal,Girona,H,0.614910502640688,0.19125540440473654,0.19383409295457543,H,0.5883594612106151,0.22617595165800866,0.1854645871313763,H,0.03492054725327212,False
348751978,Serie A,2025-08-24T18:45:00.000000Z,Atalanta,Pisa,D,0.5347325026095133,0.21584286002335965,0.24942463736712703,H,0.50995180432714,0.2521824529916219,0.23786574268123817,H,0.03633959296826225,False
348751979,Serie A,2025-08-24T18:45:00.000000Z,Juventus,Parma,H,0.591979307255797,0.2035672561120657,0.2044534366321375,H,0.5654578785610282,0.23924845977629383,0.19529366166267795,H,0.035681203664228195,False
348751980,Ligue 1,2025-08-24T18:45:00.000000Z,LOSC Lille,Monaco,H,0.3976730980305472,0.26670031744652156,0.3356265845229313,H,0.37700728310714476,0.3048075859494461,0.3181851309434091,H,0.03810726850292456,False
348751981,La Liga,2025-08-24T19:30:00.000000Z,Real Oviedo,Real Madrid,A,0.24787251071502503,0.22379667921112048,0.5283308100738545,A,0.23614786309187671,0.26051196641224983,0.5033401704958734,A,0.03671528720112935,False
349634360,Serie A,2025-08-25T16:30:00.000000Z,Udinese,Hellas Verona,D,0.4127238058644384,0.281074684403208,0.3062015097323536,H,0.3907057527932799,0.3194280227086044,0.2898662244981157,H,0.03835333830539639,False
349634361,La Liga,2025-08-25T17:30:00.000000Z,Athletic Club,Rayo Vallecano,H,0.45766795709194014,0.24494324531252973,0.29738879759553016,H,0.4349195493081099,0.2824733775610401,0.2826070731308501,H,0.037530132248510345,False
349634367,Serie A,2025-08-25T18:45:00.000000Z,Inter,Torino,H,0.5861521503541868,0.2031350638664029,0.21071278577941044,H,0.5599243949110889,0.23879129860590323,0.20128430648300796,H,0.03565623473950033,False
349634368,La Liga,2025-08-25T19:30:00.000000Z,Sevilla,Getafe,A,0.42665255480690917,0.270903212902124,0.3024442322909669,H,0.40430454906766505,0.30909320848272454,0.2866022424496105,H,0.038189995580600544,False
353028717,Serie A,2025-08-29T16:30:00.000000Z,Cremonese,Sassuolo,H,0.42909518034371597,0.2592872761077967,0.3116175435484874,H,0.4071170673714443,0.29722633641759005,0.2956565962109657,H,0.03793906030979333,False
353028745,La Liga,2025-08-29T17:30:00.000000Z,Elche,Levante,H,0.4563868710312688,0.26188409955343955,0.28172902941529154,H,0.4328901878112781,0.29988535811997447,0.26722445406874745,H,0.03800125856653486,False
353028780,Bundesliga,2025-08-29T18:30:00.000000Z,Hamburger SV,St. Pauli,A,0.4396518362183498,0.259829935098842,0.30051822868280825,H,0.41710860984001813,0.29778228729428324,0.2851091028656987,H,0.03795235219544124,False
353028781,Serie A,2025-08-29T18:45:00.000000Z,Lecce,AC Milan,A,0.27808757522776606,0.2679429126841159,0.453969512088118,A,0.2636020634848915,0.3060755819559576,0.4303223545591509,A,0.03813266927184167,False
353028787,Ligue 1,2025-08-29T18:45:00.000000Z,Lens,Brest,H,0.4362733251191121,0.26116487933388627,0.30256179554700163,H,0.41384399713783293,0.2991492673112714,0.2870067355508957,H,0.037984387977385126,False
353028788,Premier League,2025-08-31T18:00:00.000000Z,Aston Villa,Crystal Palace,A,0.4471787526025703,0.26041997709861286,0.2924012702988169,H,0.42422265754352634,0.2983866050090029,0.27739073744747084,H,0.037966627910390016,False
353028790,La Liga,2025-08-29T19:30:00.000000Z,Valencia,Getafe,H,0.37902010364963895,0.2825779731718074,0.33840192317855367,H,0.35874725141617647,0.3209511111633573,0.32030163742046636,H,0.0383731379915499,False
353832467,Premier League,2025-08-30T11:30:00.000000Z,Chelsea,Fulham,H,0.6051274335348675,0.19900175126443004,0.19587081520070257,H,0.5783754954725357,0.23441289667067358,0.18721160785679075,H,0.035411145406243544,False
353832631,Bundesliga,2025-08-30T13:30:00.000000Z,RB Leipzig,Heidenheim,H,0.5193293861430219,0.21082290700958375,0.26984770684739434,H,0.4955850483655389,0.2469049927959945,0.25750995883846656,H,0.036082085786410756,False
353832632,Bundesliga,2025-08-30T13:30:00.000000Z,Werder Bremen,Bayer 04 Leverkusen,D,0.3530558932305146,0.25600748037767274,0.3909366263918126,A,0.3350919104011074,0.2938628712774266,0.3710452183214659,A,0.03785539089975387,False
353832633,Bundesliga,2025-08-30T13:30:00.000000Z,TSG Hoffenheim,Eintracht Frankfurt,A,0.31965667218730215,0.2548305557968174,0.4255127720158805,A,0.3034312588748435,0.292654519042381,0.40391422208277544,A,0.037823963245563585,False
353832634,Bundesliga,2025-08-30T13:30:00.000000Z,VfB Stuttgart,Borussia Mönchengladbach,H,0.6169304448924826,0.18880940775987,0.19426014734764743,H,0.5904969042956846,0.22356638827403003,0.18593670743028543,H,0.03475698051416001,False
353832677,Premier League,2025-08-30T14:00:00.000000Z,Manchester United,Burnley,H,0.6157256223669448,0.1987287855111433,0.18554559212191188,H,0.5885271728656026,0.23412334093077533,0.17734948620362195,H,0.03539455541963202,False
353832678,Premier League,2025-08-30T14:00:00.000000Z,Sunderland,Brentford,H,0.43511169296697216,0.26958711985909034,0.2953011871739375,H,0.41237651797072217,0.3077521816534168,0.27987130037586094,H,0.03816506179432644,False
353832679,Premier League,2025-08-30T14:00:00.000000Z,Tottenham Hotspur,AFC Bournemouth,A,0.41184403774760875,0.25577950523210957,0.3323764570202818,H,0.390898586867624,0.29362886661242804,0.315472546519948,H,0.037849361380318525,False
353832680,Premier League,2025-08-30T14:00:00.000000Z,Wolverhampton Wanderers,Everton,A,0.37018236667171406,0.2894917797361296,0.34032585359215634,H,0.3501494440833725,0.3279418990729836,0.3219086568436439,H,0.038450119336853994,False
353832931,Ligue 1,2025-08-30T15:00:00.000000Z,Lorient,LOSC Lille,A,0.39070248008345326,0.26013741341546254,0.34916010650108414,H,0.3706568744525017,0.2980972278210469,0.33124589772645135,H,0.03795981440558438,False
353832934,La Liga,2025-08-30T15:00:00.000000Z,Deportivo Alavés,Atlético de Madrid,D,0.2644619516481588,0.26249912413085985,0.4730389242209814,A,0.25082990642608466,0.30051459376084577,0.4486554998130696,A,0.03801546962998592,False
353833353,Serie A,2025-08-30T16:30:00.000000Z,Bologna,Como,H,0.4061122289993402,0.2608525452352956,0.3330352257653643,H,0.3852464130821436,0.2988295221039477,0.3159240648139087,H,0.037976976868652146,False
353833354,Serie A,2025-08-30T16:30:00.000000Z,Parma,Atalanta,D,0.2742427111146231,0.24443935541603484,0.48131793346934204,A,0.2606265155417174,0.28195306530474024,0.4574204191535425,A,0.03751370988870539,False
353833355,Premier League,2025-08-30T16:30:00.000000Z,Leeds United,Newcastle United,D,0.22177618149269082,0.22485410194003583,0.5533697165672734,A,0.2112581561360766,0.2616164095782838,0.5271254342856396,A,0.036762307638247976,False
353833356,Bundesliga,2025-08-30T16:30:00.000000Z,FC Augsburg,FC Bayern München,A,0.17989287817675761,0.17742239385171185,0.6426847279715305,A,0.1724706211351014,0.21136138294022866,0.61616799592467,A,0.03393898908851681,False
353833367,Ligue 1,2025-08-30T17:00:00.000000Z,Nantes,Auxerre,H,0.33518899761871546,0.2976867746437735,0.36712422773751113,A,0.3168086017577673,0.3361987639755674,0.3469926342666652,A,0.038511989331793894,False
353833368,La Liga,2025-08-30T17:00:00.000000Z,Real Oviedo,Real Sociedad,H,0.29014001419981345,0.26586624618783095,0.44399373961235566,A,0.275086398979014,0.30395601839994185,0.4209575826210442,A,0.038089772212110906,False
353833382,La Liga,2025-08-30T17:30:00.000000Z,Girona,Sevilla,A,0.29606753501221184,0.257907871380437,0.4460245936073512,A,0.2809450022462014,0.2958124411266096,0.423242556627189,A,0.03790456974617257,False
353833409,Serie A,2025-08-30T18:45:00.000000Z,Napoli,Cagliari,H,0.6222934056067557,0.19415386731285877,0.18355272708038547,H,0.5951814426421885,0.22926282123669306,0.17555573612111844,H,0.035108953923834285,False
353833410,Serie A,2025-08-30T18:45:00.000000Z,Pisa,Roma,A,0.33407506439386797,0.27449413797033645,0.3914307976357956,A,0.31646037291604484,0.31274770217510983,0.3707919249088453,A,0.03825356420477338,False
353833412,Ligue 1,2025-08-30T19:05:00.000000Z,Toulouse,Paris Saint Germain,A,0.16817657741540806,0.20112750481048725,0.6306959177741047,A,0.1606950780795961,0.23666612816703078,0.6026387937533731,A,0.035538623356543536,False
353833413,La Liga,2025-08-30T19:30:00.000000Z,Real Madrid,Mallorca,H,0.9285825838921418,0.04464221905387544,0.026775197053982767,H,0.9139913033035558,0.05965423164821556,0.026354465048228585,H,0.015012012594340117,False
354688065,La Liga,2025-08-27T19:00:00.000000Z,Celta de Vigo,Real Betis,D,0.3567953939776912,0.2847828453885575,0.3584217606337513,A,0.3376389595017773,0.3231830343753591,0.3391780061228636,A,0.03840018898680159,False
354688222,Premier League,2025-08-31T13:00:00.000000Z,Brighton & Hove Albion,Manchester City,H,0.31594445184904224,0.26370365631243653,0.4203518918385212,A,0.29962033300405594,0.30174638486532634,0.3986332821306177,A,0.038042728552889815,False
354688223,Premier League,2025-08-31T13:00:00.000000Z,Nottingham Forest,West Ham United,A,0.5626707705812024,0.22011948065931175,0.21720974875948584,H,0.5363031116924482,0.2566659383448938,0.207030949962658,H,0.03654645768558207,False
354688225,Ligue 1,2025-08-31T13:00:00.000000Z,Angers SCO,Rennes,D,0.31419593100297144,0.2869826256544656,0.39882144334256303,A,0.2972637667247702,0.32540746227501416,0.3773287710002158,A,0.038424836620548575,False
354688327,Bundesliga,2025-08-31T13:30:00.000000Z,VfL Wolfsburg,FSV Mainz 05,D,0.3878832637927632,0.2672506330244895,0.3448661031827474,H,0.3677050503105958,0.3053692489482084,0.3269257007411959,H,0.0381186159237189,False
354688424,La Liga,2025-08-31T15:00:00.000000Z,Celta de Vigo,Villarreal,D,0.21471382659573493,0.2269276279972798,0.5583585454069853,A,0.20447836645095707,0.2637801753069644,0.5317414582420785,A,0.0368525473096846,False
354688599,Ligue 1,2025-08-31T15:15:00.000000Z,Monaco,Strasbourg,H,0.4051949797802906,0.2612102206588947,0.3335947995608148,H,0.384361560106574,0.29919568023199067,0.31644275966143526,H,0.037985459573096014,False
354688600,Ligue 1,2025-08-31T15:15:00.000000Z,Le Havre,Nice,H,0.29924206053188157,0.24937323828484773,0.4513847011832707,A,0.28422530674344504,0.2870416637984694,0.4287330294580855,A,0.03766842551362168,False
354688601,Ligue 1,2025-08-31T15:15:00.000000Z,Paris,Metz,H,0.6173120260016057,0.20758780040729008,0.1751001735911042,H,0.5893389809033619,0.24349538241112387,0.16716563668551418,H,0.03590758200383379,False
354688602,Premier League,2025-08-31T15:30:00.000000Z,Liverpool,Arsenal,H,0.414321033505323,0.23158092152429074,0.35409804497038616,H,0.39434650635604995,0.26862660953866785,0.3370268841052822,H,0.037045688014377104,False
354688603,Bundesliga,2025-08-31T15:30:00.000000Z,Borussia Dortmund,FC Union Berlin,H,0.6201523408647756,0.18915693532274538,0.19069072381247915,H,0.5935513927748813,0.22393741239464204,0.18251119483047665,H,0.03478047707189666,False
354688609,Serie A,2025-08-31T16:30:00.000000Z,Genoa,Juventus,A,0.2621037413626615,0.27293723262278896,0.4649590260145495,A,0.24832310480394648,0.31116403434835277,0.44051286084770075,A,0.03822680172556381,False
354688610,Serie A,2025-08-31T16:30:00.000000Z,Torino,Fiorentina,D,0.30851959205917606,0.2835172560275785,0.4079631519132454,A,0.29199091879924344,0.3219022062100248,0.38610687499073176,A,0.03838495018244631,False
354688612,La Liga,2025-08-31T17:00:00.000000Z,Real Betis,Athletic Club,A,0.39303469091553256,0.29176058130328403,0.31520472778118336,H,0.37168569100315424,0.33023098515613003,0.2980833238407156,H,0.038470403852846,False
354688615,Bundesliga,2025-08-31T17:30:00.000000Z,FC Köln,SC Freiburg,H,0.3961092411374334,0.2795906438000785,0.3243001150624881,H,0.3750324196196882,0.31792335064816557,0.30704422973214623,H,0.038332706848087095,False
354688616,La Liga,2025-08-31T17:30:00.000000Z,Espanyol,Osasuna,H,0.3796533618752957,0.28018517338100335,0.340161464743701,H,0.3594310384128945,0.3185262753404874,0.3220426862466182,H,0.038341101959484036,False
354688631,Serie A,2025-08-31T18:45:00.000000Z,Inter,Udinese,A,0.6732398837882585,0.162513317539244,0.16424679867249742,H,0.6469363669539689,0.19523396523267178,0.1578296678133593,H,0.03272064769342778,False
354688632,Serie A,2025-08-31T18:45:00.000000Z,Lazio,Hellas Verona,H,0.5741701807829257,0.22113174012038164,0.20469807909669266,H,0.5471938005927043,0.257725500994481,0.19508069841281475,H,0.03659376087409935,False
354688633,Ligue 1,2025-08-31T18:45:00.000000Z,Olympique Lyonnais,Olympique Marseille,H,0.3542370120545549,0.2382652463382125,0.4074977416072327,A,0.3368906332589061,0.2755660904882659,0.387543276252828,A,0.037300844150053414,False
354688636,La Liga,2025-08-31T19:30:00.000000Z,Rayo Vallecano,FC Barcelona,D,0.13709151314957357,0.1669195483505188,0.6959889384999077,A,0.1316447924554087,0.20001828970697866,0.6683369178376127,A,0.03309874135645985,False
365992297,Premier League,2025-09-20T14:00:00.000000Z,Brighton & Hove Albion,Tottenham Hotspur,D,0.4929872481434078,0.23890015409425563,0.2681125977623366,H,0.4688115430780091,0.27622388907773154,0.2549645678442593,H,0.03732373498347591,False
365992298,Premier League,2025-10-05T13:00:00.000000Z,Everton,Crystal Palace,H,0.32801890756955565,0.2901618483351831,0.3818192440952613,A,0.3102480756960164,0.32861821215922415,0.36113371214475953,A,0.03845636382404105,False
365992299,Premier League,2025-09-27T14:00:00.000000Z,Manchester City,Burnley,H,0.8063782834930564,0.10330539601571255,0.09031632049123117,H,0.7830408566534801,0.12925667117564957,0.08770247217087028,H,0.025951275159937018,False
365992300,Premier League,2026-02-10T19:30:00.000000Z,Tottenham Hotspur,Newcastle United,A,0.37019164443334135,0.2644270513251322,0.3653813042415265,H,0.3510378326368494,0.30248578666767456,0.34647638069547615,H,0.03805873534254234,False
365992301,Premier League,2025-09-13T11:30:00.000000Z,Arsenal,Nottingham Forest,H,0.6356227228453113,0.18702932428806698,0.17734795286662172,H,0.6085430573028142,0.22166460902991642,0.16979233366726937,H,0.03463528474184943,False
365992302,Premier League,2026-02-10T20:15:00.000000Z,West Ham United,Manchester United,D,0.19675969316931166,0.21751497972662212,0.5857253271040662,A,0.1876012447639011,0.25393681272884033,0.5584619425072586,A,0.03642183300221821,False
365992303,Premier League,2026-02-18T20:00:00.000000Z,Wolverhampton Wanderers,Arsenal,D,0.11828825421992,0.15182451047060386,0.7298872353094762,A,0.11386203950918589,0.18356229249974212,0.7025756679910721,A,0.03173778202913827,False
365992304,Premier League,2025-09-13T14:00:00.000000Z,AFC Bournemouth,Brighton & Hove Albion,H,0.4083684117952212,0.2552990523265394,0.3363325358782394,H,0.38762014078460455,0.2931356151896341,0.3192442440257614,H,0.037836562863094725,False
365992305,Premier League,2025-09-13T19:00:00.000000Z,Brentford,Chelsea,D,0.2591738192988594,0.2601965593859349,0.48062962131520565,A,0.24587493465394022,0.2981578034778612,0.45596726186819864,A,0.037961244091926305,False
365992306,Premier League,2025-09-13T14:00:00.000000Z,Crystal Palace,Sunderland,D,0.4677671052927284,0.24573495264394818,0.2864979420633234,H,0.44447649038770093,0.28329060064809447,0.27223290896420466,H,0.03755564800414629,False
365992307,Premier League,2025-09-13T14:00:00.000000Z,Everton,Aston Villa,D,0.38193860178287414,0.2859422818352046,0.3321191163819214,H,0.3613918213972991,0.3243557520874139,0.31425242651528695,H,0.038413470252209314,False
365992308,Premier League,2025-09-27T14:00:00.000000Z,Crystal Palace,Liverpool,H,0.327643233145945,0.26729647601392603,0.405060290840129,A,0.3105973017937179,0.305416030174955,0.38398666803132714,A,0.03811955416102897,False
365992309,Premier League,2025-09-21T13:00:00.000000Z,AFC Bournemouth,Newcastle United,D,0.40633367295825057,0.2777600228452132,0.31590630419653626,H,0.3847827730759706,0.316065786001205,0.2991514409228244,H,0.03830576315599182,False
365992310,Premier League,2025-09-14T13:00:00.000000Z,Burnley,Liverpool,A,0.13862481997365383,0.14559613206097843,0.7157790479653677,A,0.1335755982953155,0.17671663799111212,0.6897077637135723,A,0.031120505930133685,False
365992311,Premier League,2025-09-13T14:00:00.000000Z,Fulham,Leeds United,H,0.5465454107683467,0.22716487836018617,0.22628971087146715,H,0.5204762752441814,0.2640275856977883,0.21549613905803036,H,0.03686270733760211,False
365992312,Premier League,2025-09-21T15:30:00.000000Z,Arsenal,Manchester City,D,0.49536143745638517,0.24244683085987717,0.2621917316837376,H,0.47087472714689416,0.2798942048258902,0.24923106802721556,H,0.03744737396601305,False
365992313,Premier League,2025-09-20T16:30:00.000000Z,Manchester United,Chelsea,H,0.32987505472110146,0.26219640502391656,0.4079285402549821,A,0.3128812965121747,0.3002049046641848,0.3869137988236405,A,0.03800849964026831,False
365992314,Premier League,2025-09-14T15:30:00.000000Z,Manchester City,Manchester United,H,0.5163260695704714,0.207837823709689,0.27583610671983966,H,0.4929127970660846,0.24375913389374068,0.26332806904017475,H,0.035921310184051675,False
365992315,Premier League,2025-09-13T14:00:00.000000Z,Newcastle United,Wolverhampton Wanderers,H,0.6424477236948765,0.19201869953576003,0.16553357676936353,H,0.6146415528431541,0.22698942984902645,0.15836901730781938,H,0.03497073031326642,False
365992316,Premier League,2025-09-20T19:00:00.000000Z,Fulham,Brentford,H,0.4332975867697742,0.2676951050165879,0.2990073082136379,H,0.410737822061631,0.3058227720747136,0.2834394058636554,H,0.0381276670581257,False
365992317,Premier League,2025-09-13T16:30:00.000000Z,West Ham United,Tottenham Hotspur,A,0.4594687509405646,0.25138950936137333,0.2891417396980622,H,0.43631286825799825,0.28911729098021244,0.2745698407617893,H,0.03772778161883916,False
365992318,Premier League,2025-09-20T14:00:00.000000Z,West Ham United,Crystal Palace,A,0.28069396856836837,0.2665404380377721,0.4527655933938595,A,0.26611164200749604,0.3046443805851606,0.4292439774073433,A,0.03810394254738847,False
365992319,Premier League,2025-09-20T14:00:00.000000Z,Wolverhampton Wanderers,Leeds United,A,0.425621779645733,0.2586838280933824,0.3156943922608847,H,0.4038479105443935,0.2966079242315923,0.2995441652240143,H,0.037924096138209906,False
365992320,Premier League,2025-09-28T13:00:00.000000Z,Aston Villa,Fulham,H,0.38022761837496566,0.2716425749459082,0.3481298066791262,H,0.36028401687603306,0.30984619175877853,0.32986979136518846,H,0.03820361681287032,False
365992321,Premier League,2025-09-28T15:30:00.000000Z,Newcastle United,Arsenal,A,0.320329894612376,0.28695634704566153,0.3927137583419624,A,0.30306793050496306,0.3253809029529728,0.37155116654206405,A,0.03842455590731125,False
365992322,Premier League,2025-09-27T14:00:00.000000Z,Chelsea,Brighton & Hove Albion,A,0.5161823889271386,0.22894730727383572,0.25487030379902575,H,0.49145421576620046,0.26588526740372204,0.24266051683007736,H,0.036937960129886316,False
365992323,Premier League,2025-09-27T11:30:00.000000Z,Brentford,Manchester United,H,0.33401612875949493,0.25521626718910784,0.4107676040513973,A,0.3170484092540708,0.2930506122474488,0.3899009784984805,A,0.03783434505834099,False
365992324,Premier League,2025-09-29T19:00:00.000000Z,Everton,West Ham United,D,0.5149660586653382,0.2386101671386908,0.24642377419597103,H,0.4897292002194645,0.2759234756776049,0.23434732410293063,H,0.0373133085389141,False
365992325,Premier League,2025-09-27T16:30:00.000000Z,Nottingham Forest,Sunderland,A,0.40061699486794955,0.26809522212230447,0.331287783009746,H,0.37974293958083655,0.3062309502467617,0.31402611017240184,H,0.03813572812445726,False
365992326,Premier League,2025-10-04T14:00:00.000000Z,Arsenal,West Ham United,H,0.763972608718536,0.12788232648983855,0.10814506479162544,H,0.7384168411786516,0.15705567155129976,0.1045274872700487,H,0.029173345061461214,False
365992327,Premier League,2025-10-05T13:00:00.000000Z,Aston Villa,Burnley,H,0.6865164403715627,0.16580714403635982,0.1476764155920776,H,0.6593544979991492,0.19881188645578393,0.14183361554506688,H,0.03300474241942411,False
365992328,Premier League,2025-10-03T19:00:00.000000Z,AFC Bournemouth,Fulham,H,0.5073334074377902,0.24721494507290068,0.24545164748930914,H,0.4819915674377315,0.2848173543302432,0.2331910782320252,H,0.03760240925734251,False
365992329,Premier League,2025-10-05T15:30:00.000000Z,Brentford,Manchester City,A,0.2380943407044283,0.2346881720700483,0.5272174872255234,A,0.2265312377208167,0.27185570597592856,0.5016130563032547,A,0.03716753390588026,False
365992330,Premier League,2025-10-04T16:30:00.000000Z,Chelsea,Liverpool,H,0.3418369496688175,0.2596754754611249,0.39848757487005765,A,0.3243145955924771,0.2976240601970243,0.3780613442104986,A,0.037948584735899404,False
365992331,Premier League,2025-10-26T14:00:00.000000Z,Wolverhampton Wanderers,Burnley,A,0.5470817419268698,0.23219939013842614,0.22071886793470422,H,0.5206679382759182,0.26926978199711743,0.21006227972696445,H,0.03707039185869135,False
365992332,Premier League,2025-10-18T11:30:00.000000Z,Nottingham Forest,Chelsea,A,0.29031079336272464,0.2698466032298218,0.43984260340745357,A,0.2751342881865379,0.3080166508437516,0.41684906096971047,A,0.038170047613929836,False
365992333,Premier League,2025-10-19T15:30:00.000000Z,Liverpool,Manchester United,A,0.5766577613384455,0.18870382701106103,0.23463841165049348,H,0.5519580806549147,0.22345365222122834,0.22458826712385696,H,0.03474982521016731,False
365992334,Premier League,2025-10-05T13:00:00.000000Z,Newcastle United,Nottingham Forest,H,0.49028231225023616,0.2501235809960951,0.2595941067536686,H,0.4656394246829132,0.28781435592551663,0.24654621939157012,H,0.03769077492942152,False
365992335,Premier League,2025-10-04T14:00:00.000000Z,Manchester United,Sunderland,H,0.4894354085981653,0.25737403195248587,0.2531905594493488,H,0.4644629819457671,0.2952649817927306,0.2402720362615023,H,0.037890949840244714,False
365992336,Premier League,2025-10-18T14:00:00.000000Z,Manchester City,Everton,H,0.6186798027369561,0.19286575629631678,0.188454440966727,H,0.5918319212018861,0.2278917009966131,0.1802763778015008,H,0.035025944700296296,False
365992337,Premier League,2025-10-20T19:00:00.000000Z,West Ham United,Brentford,A,0.3496799135389057,0.27135417840205994,0.3789659080590345,A,0.3313483858325943,0.30955251507953824,0.35909909908786747,A,0.038198336677478295,False
365992338,Premier League,2025-10-04T11:30:00.000000Z,Leeds United,Tottenham Hotspur,A,0.33957268228737714,0.2765225306374594,0.3839047870751635,A,0.321602410642605,0.31480914004826743,0.3635884493091277,A,0.038286609410808026,False
365992339,Premier League,2025-12-20T12:30:00.000000Z,Newcastle United,Chelsea,D,0.3662571903948178,0.2701549057629487,0.3635879038422336,H,0.3470994159352484,0.30833083260480554,0.3445697514599461,H,0.03817592684185683,False
365992340,Premier League,2025-12-20T17:30:00.000000Z,Tottenham Hotspur,Liverpool,A,0.2829528526169565,0.24545847728971998,0.47158867009332356,A,0.26887282198392637,0.28300525462522186,0.4481219233908518,A,0.03754677733550188,False
365992341,Premier League,2025-12-20T15:00:00.000000Z,Wolverhampton Wanderers,Brentford,A,0.23942650238621163,0.2516439292466387,0.5089295683671498,A,0.22735365825913673,0.2893790425432521,0.48326729919761124,A,0.03773511329661339,False
365992342,Premier League,2026-01-25T14:00:00.000000Z,Brentford,Nottingham Forest,A,0.5035242376484765,0.23722830652847626,0.25924745582304715,H,0.4789260467106976,0.2744912669880766,0.24658268630122587,H,0.037262960459600314,False
365992343,Premier League,2026-01-24T15:00:00.000000Z,Burnley,Tottenham Hotspur,D,0.2288452595452202,0.239682069765186,0.5314726706895938,A,0.21760293806892028,0.2770336785023803,0.5053633834286994,A,0.037351608737194314,False
365992344,Premier League,2026-01-25T14:00:00.000000Z,Crystal Palace,Chelsea,A,0.3186668789998236,0.27847768253508803,0.4028554384650884,A,0.3017440388319478,0.3167942057154616,0.3814617554525906,A,0.03831652318037354,False
365992345,Premier League,2025-10-05T13:00:00.000000Z,Wolverhampton Wanderers,Brighton & Hove Albion,D,0.2690759352081425,0.2586684583999499,0.4722556063919076,A,0.2553110299946076,0.29659217087923523,0.4480967991261572,A,0.03792371247928533,False
365992346,Premier League,2025-10-18T14:00:00.000000Z,Burnley,Leeds United,H,0.26691629057874333,0.25153842349538635,0.4815452859258703,A,0.2534602810811957,0.28927050069516447,0.4572692182236398,A,0.037732077199778113,False
365992347,Premier League,2025-10-25T14:00:00.000000Z,Newcastle United,Fulham,H,0.5259830873994786,0.23722883428020028,0.23678807832032106,H,0.5002877044414983,0.2744918141782396,0.22522048138026224,H,0.03726297989803931,False
365992348,Premier League,2025-10-18T14:00:00.000000Z,Crystal Palace,AFC Bournemouth,D,0.4523335618424022,0.25495670141278626,0.29270973674481154,H,0.4293676646065358,0.292784068813807,0.2778482665796572,H,0.03782736740102072,False
365992349,Premier League,2025-10-18T16:30:00.000000Z,Fulham,Arsenal,A,0.20460572728834245,0.22642249587224736,0.5689717768394102,A,0.19486424287982276,0.26325329868072495,0.5418824584394524,A,0.036830802808477586,False
365992350,Premier League,2025-10-26T14:00:00.000000Z,Aston Villa,Manchester City,H,0.24430295958836162,0.26062631324895974,0.49507072716267864,A,0.2317564371267321,0.29859788995024206,0.4696456729230258,A,0.03797157670128232,False
365992351,Premier League,2025-10-25T16:30:00.000000Z,Manchester United,Brighton & Hove Albion,H,0.41238563094897496,0.2647235457603717,0.32289082329065333,H,0.39103645192975045,0.3027887630523988,0.30617478501785067,H,0.03806521729202711,False
365992352,Premier League,2025-09-21T13:00:00.000000Z,Sunderland,Aston Villa,D,0.44264245907630667,0.289924446480973,0.2674330944427203,H,0.41867113538129774,0.32837862228877307,0.2529502423299292,H,0.038454175807800084,False
365992353,Premier League,2025-09-20T14:00:00.000000Z,Burnley,Nottingham Forest,D,0.29509006041306063,0.2643760973477985,0.4405338422391409,A,0.27982353033408425,0.30243371413412384,0.417742755531792,A,0.038057616786325354,False
365992354,Premier League,2025-09-20T11:30:00.000000Z,Liverpool,Everton,H,0.6983566313637507,0.15910761839841264,0.1425357502378366,H,0.6714338890136822,0.1915253372504344,0.13704077373588341,H,0.03241771885202177,False
365992355,Premier League,2025-09-27T19:00:00.000000Z,Tottenham Hotspur,Wolverhampton Wanderers,D,0.5109864969084466,0.2296197246205054,0.25939377847104805,H,0.48646736767498594,0.2665855811455226,0.24694705117949142,H,0.036965856525017216,False
365992356,Premier League,2025-10-26T14:00:00.000000Z,AFC Bournemouth,Nottingham Forest,H,0.5890414119920993,0.21251696258081304,0.19844162542708774,H,0.5619854822481435,0.24868773988306517,0.18932677786879132,H,0.03617077730225213,False
365992357,Premier League,2025-10-26T14:00:00.000000Z,Arsenal,Crystal Palace,H,0.6075826624483718,0.19724264569783778,0.1951746918537903,H,0.580862631669885,0.23254599212344962,0.18659137620666535,H,0.03530334642561181,False
365992358,Premier League,2025-12-20T20:00:00.000000Z,Leeds United,Crystal Palace,H,0.3216941829797488,0.25796196184282416,0.4203438551774271,A,0.30526090033823144,0.2958679031279407,0.3988711965338279,A,0.03790594128511654,False
365992359,Premier League,2025-12-27T17:30:00.000000Z,Chelsea,Aston Villa,A,0.49771577734570494,0.24364067741107145,0.25864354524322364,H,0.47304752241279663,0.28112806567512877,0.2458244119120747,H,0.037487388264057314,False
365992360,Premier League,2025-09-27T14:00:00.000000Z,Leeds United,AFC Bournemouth,D,0.26428708756503244,0.27041234086740273,0.46530057156756494,A,0.25045640933111457,0.3085931398230737,0.44095045084581186,A,0.03818079895567095,False
365992361,Premier League,2025-10-25T14:00:00.000000Z,Chelsea,Sunderland,A,0.6109771460023102,0.20122719553027701,0.1877956584674127,H,0.5837893228433643,0.2367717226769864,0.17943895447964925,H,0.03554452714670939,False
365992363,Premier League,2025-12-27T12:30:00.000000Z,Nottingham Forest,Manchester City,A,0.1932469830319429,0.20362074361165772,0.6031322733563994,A,0.1845879422595326,0.23930502878483728,0.5761070289556302,A,0.035684285173179564,False
365992364,Premier League,2025-12-27T15:00:00.000000Z,Burnley,Everton,D,0.30746503539680115,0.27524051282049905,0.4172944517826999,A,0.2912314492446709,0.31350647551612126,0.3952620752392079,A,0.03826596269562227,False
365992365,Premier League,2025-12-27T15:00:00.000000Z,Liverpool,Wolverhampton Wanderers,H,0.800209564672571,0.10737074462702748,0.09241969070040154,H,0.7764266007407281,0.13390050673219522,0.08967289252707665,H,0.026529762105167748,False
365992366,Premier League,2025-12-28T16:30:00.000000Z,Crystal Palace,Tottenham Hotspur,A,0.47382513248779995,0.2439037492132838,0.2822711182989162,H,0.45032733909208894,0.281399846971913,0.26827281393599806,H,0.03749609775862919,False
365992367,Premier League,2025-12-26T20:00:00.000000Z,Manchester United,Newcastle United,H,0.48525175418104194,0.23902883433904978,0.2757194114799084,H,0.4614484271874208,0.27635718056937914,0.2621943922432001,H,0.03732834623032935,False
365992368,Premier League,2025-12-27T15:00:00.000000Z,West Ham United,Fulham,A,0.3058308978041701,0.2644880205977745,0.42968108159805546,A,0.2900052602741365,0.3025480925806598,0.4074466471452037,A,0.0380600719828853,False
365992369,Premier League,2026-01-03T17:30:00.000000Z,AFC Bournemouth,Arsenal,A,0.21504497983803852,0.21036395443187236,0.5745910657300891,A,0.20522522022670409,0.246421695253182,0.5483530845201139,A,0.036057740821309636,False
365992370,Premier League,2026-01-04T15:00:00.000000Z,Everton,Brentford,A,0.39070616518068557,0.27610218059140856,0.33319165422790586,H,0.3700455080116647,0.31438211063880384,0.31557238134953147,H,0.03827993004739527,False
365992371,Premier League,2025-12-30T20:15:00.000000Z,Arsenal,Aston Villa,H,0.6306861585273582,0.19447307543471928,0.17484076603792256,H,0.6031816862588238,0.2296024225096519,0.1672158912315243,H,0.03512934707493262,False
365992372,Premier League,2025-12-30T19:30:00.000000Z,Nottingham Forest,Everton,A,0.4172396771909692,0.2787908950418927,0.3039694277671381,H,0.3950698241877344,0.3171120344626714,0.2878181413495943,H,0.038321139420778694,False
365992373,Premier League,2026-01-01T20:00:00.000000Z,Sunderland,Manchester City,D,0.1711008166882916,0.20014685651813766,0.6287523267935707,A,0.16351106089764814,0.2356270496867378,0.600861889415614,A,0.035480193168600155,False
365992374,Premier League,2025-12-30T19:30:00.000000Z,West Ham United,Brighton & Hove Albion,D,0.27864610248557553,0.2502730301497809,0.47108086736464366,A,0.2646361788148765,0.28796821959536,0.4473956015897635,A,0.03769518944557909,False
365992375,Premier League,2026-01-03T12:30:00.000000Z,Aston Villa,Nottingham Forest,H,0.5499218230627306,0.20697864370890906,0.2430995332283603,H,0.5250449699506915,0.2428526079122049,0.23210242213710372,H,0.03587396420329583,False
365992376,Premier League,2026-01-03T15:00:00.000000Z,Brighton & Hove Albion,Burnley,H,0.6909768278496307,0.15563940611034874,0.15338376604002057,H,0.6647084501861561,0.18773886599162262,0.14755268382222136,H,0.032099459881273884,False
365992377,Premier League,2026-01-07T20:15:00.000000Z,Burnley,Manchester United,D,0.1925814823299591,0.21502587614839008,0.5923926415216508,A,0.18367612961543567,0.2513246488034654,0.5649992215810989,A,0.036298772655075306,False
365992378,Premier League,2026-01-04T12:30:00.000000Z,Leeds United,Manchester United,D,0.30361165912892124,0.25570378476315386,0.44068455610792495,A,0.2881730511349714,0.29355113730353455,0.41827581156149407,A,0.037847352540380685,False
365992379,Premier League,2026-01-04T15:00:00.000000Z,Newcastle United,Crystal Palace,H,0.49710840173716236,0.24772503320573505,0.25516656505710267,H,0.47225001097399044,0.2853432770748288,0.2424067119511808,H,0.037618243869093765,False
365992380,Premier League,2026-01-04T17:30:00.000000Z,Manchester City,Chelsea,D,0.5924209051881251,0.19828824902082776,0.2092908457910471,H,0.5662861381756862,0.23365592365803795,0.2000579381662759,H,0.03536767463721016,False
365992381,Premier League,2026-01-04T15:00:00.000000Z,Tottenham Hotspur,Sunderland,D,0.4498086230652955,0.2714598382032945,0.27873153873141,H,0.42622335697690994,0.3096601142561537,0.26411652876693636,H,0.038200276052859194,False
365992382,Premier League,2026-01-03T15:00:00.000000Z,Wolverhampton Wanderers,West Ham United,H,0.3094188927760044,0.2786506548407313,0.41193045238326437,A,0.2929821316959472,0.3169697333406401,0.39004813496341273,A,0.03831907849990879,False
365992383,Premier League,2026-01-08T20:00:00.000000Z,Arsenal,Liverpool,D,0.6115461689641113,0.20162073091027116,0.18683310012561763,H,0.5843018090726135,0.2371884987107558,0.17850969221663068,H,0.03556776780048465,False
365992384,Premier League,2026-01-07T19:30:00.000000Z,Crystal Palace,Aston Villa,D,0.3328866348249274,0.2707455557783728,0.3963678093966999,A,0.3154551876886431,0.3089326109601922,0.3756122013511647,A,0.03818705518181942,False
365992385,Premier League,2026-01-07T19:30:00.000000Z,Everton,Wolverhampton Wanderers,D,0.5602136523197941,0.21756025392892334,0.22222609375128263,H,0.5341346577312018,0.25398428932897255,0.2118810529398255,H,0.03642403540004921,False
365992386,Premier League,2026-01-07T19:30:00.000000Z,Manchester City,Brighton & Hove Albion,D,0.6706806554376433,0.16707075929119158,0.16224858527116504,H,0.6440190813964853,0.20018220278095858,0.15579871582255606,H,0.033111443489766995,False
365992387,Premier League,2026-01-18T16:30:00.000000Z,Aston Villa,Everton,A,0.564904642532836,0.21239380043254702,0.222701557034617,H,0.5389660041591591,0.2485581914700286,0.2124758043708124,H,0.03616439103748159,False
365992388,Premier League,2025-11-09T16:30:00.000000Z,Manchester City,Liverpool,H,0.4928943382259943,0.23779168696223654,0.26931397481176916,H,0.4687842822077439,0.27507530679657666,0.25614041099567947,H,0.037283619834340115,False
365992389,Premier League,2026-01-17T15:00:00.000000Z,Leeds United,Fulham,H,0.3736031981055022,0.2692581116605851,0.3571386902339127,H,0.3540939717928039,0.3074168023465154,0.3384892258606808,H,0.03815869068593031,False
365992390,Premier League,2026-01-06T20:00:00.000000Z,West Ham United,Nottingham Forest,A,0.2961351355407484,0.26329965772972996,0.4405652067295217,A,0.28084655006844683,0.3013333281677419,0.4178201217638113,A,0.038033670438011924,False
365992391,Premier League,2026-01-07T20:15:00.000000Z,Newcastle United,Leeds United,H,0.5788705464171107,0.20037231490000196,0.22075713868288743,H,0.5531757780258565,0.23586599875565692,0.21095822321848662,H,0.03549368385565496,False
365992392,Premier League,2025-11-22T12:30:00.000000Z,Burnley,Chelsea,A,0.12249047785255121,0.15854725862182265,0.7189622635256262,A,0.11777881023040947,0.19091422874570796,0.6913069610238826,A,0.032366970123885314,False
365992393,Premier League,2025-11-22T15:00:00.000000Z,Wolverhampton Wanderers,Crystal Palace,A,0.20494345913285356,0.23127324272205588,0.5637832981450906,A,0.19507033392576548,0.2683065569676398,0.5366231091065948,A,0.0370333142455839,False
365992394,Premier League,2026-01-07T19:30:00.000000Z,AFC Bournemouth,Tottenham Hotspur,H,0.48327128791912766,0.24087447169892107,0.2758542403819514,H,0.45946603178109063,0.27826791528614664,0.2622660529327626,H,0.03739344358722557,False
365992395,Premier League,2026-01-19T20:00:00.000000Z,Brighton & Hove Albion,AFC Bournemouth,D,0.4580765993904917,0.23097553054199824,0.31094787006750996,H,0.43602452376725664,0.2679968186391656,0.2959786575935777,H,0.03702128809716734,False
365992396,Premier League,2026-02-07T15:00:00.000000Z,Wolverhampton Wanderers,Chelsea,A,0.23209073040467726,0.2370224332900697,0.530886836305253,A,0.22075799227794976,0.27427779865953106,0.5049642090625193,A,0.03725536536946136,False
365992397,Premier League,2026-01-17T15:00:00.000000Z,Chelsea,Brentford,H,0.4817705985795144,0.2349358825185208,0.2832935189019649,H,0.45835976630848285,0.2721128870591737,0.26952734663234357,H,0.0371770045406529,False
365992398,Premier League,2026-01-24T17:30:00.000000Z,AFC Bournemouth,Liverpool,H,0.303785511272878,0.2514928974750075,0.44472159125211447,A,0.2884722834218912,0.289223662714668,0.4223040538634409,A,0.03773076523966046,False
365992399,Premier League,2026-01-17T15:00:00.000000Z,Liverpool,Burnley,D,0.7942373756217321,0.111664058559557,0.0940985658187109,H,0.7699898195960896,0.13878438325191678,0.0912257971519937,H,0.027120324692359782,False
365992400,Premier League,2026-01-17T12:30:00.000000Z,Manchester United,Manchester City,H,0.336690369170205,0.23972983372059412,0.4235797971092009,A,0.32014822802306636,0.2770831338210636,0.4027686381558701,A,0.03735330010046947,False
365992401,Premier League,2026-01-17T15:00:00.000000Z,Sunderland,Crystal Palace,H,0.3683663137220452,0.28458507748590955,0.34704860879204524,H,0.34859530076923834,0.32298293628233116,0.32842176294843056,H,0.0383978587964216,False
365992402,Premier League,2026-01-17T15:00:00.000000Z,Tottenham Hotspur,West Ham United,A,0.5841362645174994,0.2139379985723677,0.20192573691013288,H,0.5572028973277268,0.2501817618933553,0.19261534077891798,H,0.03624376332098758,False
365992403,Premier League,2026-01-25T16:30:00.000000Z,Arsenal,Manchester United,A,0.5934685368709872,0.19159114042716155,0.21494032270185123,H,0.5678164484897631,0.2265338108899684,0.2056497406202685,H,0.03494267046280686,False
365992404,Premier League,2026-01-18T14:00:00.000000Z,Wolverhampton Wanderers,Newcastle United,D,0.1954731636514328,0.2187816692712202,0.585745167077347,A,0.18634454841426407,0.25526463923104054,0.5583908123546955,A,0.03648296995982034,False
365992405,Premier League,2026-01-25T14:00:00.000000Z,Newcastle United,Aston Villa,A,0.47951647448772355,0.25157905828312765,0.26890446722914885,H,0.455340622792863,0.28931230553308884,0.2553470716740482,H,0.03773324724996119,False
365992406,Premier League,2026-02-01T14:00:00.000000Z,Aston Villa,Brentford,A,0.5194056441680116,0.21943779413573614,0.2611565616962523,H,0.49510815035858124,0.2559520399430601,0.2489398096983586,H,0.03651424580732396,False
365992407,Premier League,2026-01-24T12:30:00.000000Z,West Ham United,Sunderland,H,0.31950672126155066,0.2765479265193394,0.40394535221911004,A,0.3025975747914618,0.31483493665256274,0.38256748855597544,A,0.03828701013322339,False
365992408,Premier League,2026-01-31T15:00:00.000000Z,Brighton & Hove Albion,Everton,D,0.49222125894382396,0.24767875299230732,0.2600999880638688,H,0.4676097047747718,0.28529556613643803,0.24709472908879007,H,0.037616813144130706,False
365992409,Premier League,2026-01-31T17:30:00.000000Z,Chelsea,West Ham United,H,0.6320824697952268,0.1825565793021909,0.1853609509025824,H,0.605545166470781,0.21687606298073359,0.1775787705484854,H,0.03431948367854268,False
365992410,Premier League,2026-01-31T15:00:00.000000Z,Leeds United,Arsenal,A,0.23567216303584504,0.21809168242795898,0.546236154536196,A,0.2246859629617925,0.2545414739763384,0.520772563061869,A,0.036449791548379434,False
365992411,Premier League,2026-02-02T20:00:00.000000Z,Sunderland,Burnley,H,0.6070995462493723,0.20309794499535083,0.18980250875527677,H,0.5799373895102276,0.23875202949847407,0.18131058099129835,H,0.03565408450312324,False
365992412,Premier League,2026-01-31T20:00:00.000000Z,Liverpool,Newcastle United,H,0.5162447151272597,0.22193165732059394,0.26182362755214644,H,0.4919404197101394,0.25856235261115557,0.24949722767870508,H,0.03663069529056162,False
365992413,Premier League,2026-02-01T14:00:00.000000Z,Nottingham Forest,Crystal Palace,D,0.4267154987473615,0.273002157299403,0.30028234395323555,H,0.4042773917404046,0.3112300994206257,0.28449250883896976,H,0.03822794212122266,False
365992414,Premier League,2026-02-01T14:00:00.000000Z,Manchester United,Fulham,H,0.5773760204206139,0.21458602740790675,0.20803795217147933,H,0.5507082349271236,0.2508626488883374,0.19842911618453898,H,0.036276621480430676,False
365992415,Premier League,2026-02-01T16:30:00.000000Z,Tottenham Hotspur,Manchester City,D,0.26562377339936977,0.240371558874997,0.4940046677256332,A,0.2525543219406692,0.27774745678833934,0.4696982212709914,A,0.03737589791334234,False
365992416,Premier League,2026-01-31T15:00:00.000000Z,Wolverhampton Wanderers,AFC Bournemouth,A,0.27803798829956006,0.26147811348410105,0.46048389821633884,A,0.2637348847880558,0.2994698823533519,0.4367952328585924,A,0.037991768869250875,False
365992417,Premier League,2026-01-01T20:00:00.000000Z,Brentford,Tottenham Hotspur,D,0.4523936726833727,0.24766799818609028,0.29993832913053703,H,0.42977406096415355,0.2852844786820143,0.28494146035383217,H,0.037616480495924004,False
365992418,Premier League,2026-01-01T17:30:00.000000Z,Crystal Palace,Fulham,D,0.4109271688957006,0.2581701240609862,0.33090270704331326,H,0.38992674192274207,0.29608132905110995,0.313991929026148,H,0.03791120499012374,False
365992419,Premier League,2026-01-01T17:30:00.000000Z,Liverpool,Leeds United,D,0.6051395930101945,0.1737619435502048,0.2210984634396007,H,0.5804900286951119,0.20741766257317892,0.21209230873170912,H,0.03365571902297412,False
365992420,Premier League,2026-04-11T14:00:00.000000Z,Brentford,Everton,D,0.4290087388800301,0.26205729509233283,0.3089339660276372,H,0.40691407301727284,0.30006257566857225,0.29302335131415497,H,0.03800528057623942,False
365992421,Premier League,2025-11-30T12:00:00.000000Z,Crystal Palace,Manchester United,A,0.4700019049562408,0.23999709554127172,0.2900009995024876,H,0.4468959945824952,0.27735983558345234,0.27574416983405253,H,0.037362740042180625,False
365992422,Premier League,2026-02-07T15:00:00.000000Z,AFC Bournemouth,Aston Villa,D,0.35728722281948067,0.26193902049227524,0.3807737566882441,A,0.3388906122345936,0.299941556157437,0.3611678316079694,A,0.03800253566516176,False
365992423,Premier League,2026-02-08T14:00:00.000000Z,Brighton & Hove Albion,Crystal Palace,A,0.4849911934498975,0.2493022736543565,0.2657065328957459,H,0.4606567361893983,0.28696856942225946,0.25237469438834237,H,0.03766629576790295,False
365992424,Premier League,2026-04-11T11:30:00.000000Z,Arsenal,AFC Bournemouth,A,0.6748001022347108,0.16804729600789478,0.1571526017573945,H,0.647877094901996,0.2012403389192318,0.1508825661787723,H,0.03319304291133701,False
365992425,Premier League,2026-04-13T19:00:00.000000Z,Manchester United,Leeds United,A,0.6283166691211709,0.18662327075047416,0.18506006012835502,H,0.6015833174685888,0.2212304794999546,0.1771862030314566,H,0.03460720874948045,False
365992426,Premier League,2026-04-10T19:00:00.000000Z,West Ham United,Wolverhampton Wanderers,H,0.44881896862500215,0.24867029077640426,0.3025107405985937,H,0.426329800020595,0.28631749753327207,0.287352702446133,H,0.03764720675686781,False
365992427,Premier League,2026-02-07T15:00:00.000000Z,Burnley,West Ham United,A,0.2953497268340628,0.2656177985321077,0.4390324746338295,A,0.2800331192219892,0.30370228954466966,0.41626459123334114,A,0.03808449101256195,False
365992428,Premier League,2026-02-07T15:00:00.000000Z,Fulham,Everton,A,0.45747423231411966,0.2618843599895362,0.2806414076963441,H,0.433921555173131,0.29988562461583274,0.26619282021103635,H,0.03800126462629655,False
365992429,Premier League,2026-02-06T20:00:00.000000Z,Leeds United,Nottingham Forest,H,0.4328224005856481,0.2732719400375964,0.2939056593767555,H,0.4100519149509021,0.3115045981147891,0.278443486934309,H,0.03823265807719267,False
365992430,Premier League,2026-02-07T17:30:00.000000Z,Newcastle United,Brentford,A,0.4822986273044825,0.24170597409825656,0.275995398597261,H,0.4584969816271404,0.27912811196464554,0.26237490640821404,H,0.03742213786638898,False
365992431,Premier League,2026-02-12T20:00:00.000000Z,Brentford,Arsenal,D,0.21511224280668773,0.23089613017835545,0.5539916270149569,A,0.20475858217170947,0.26791420203369765,0.5273272157945929,A,0.0370180718553422,False
365992432,Premier League,2026-02-11T19:30:00.000000Z,Nottingham Forest,Wolverhampton Wanderers,D,0.5314288331514416,0.22963230476784702,0.23893886208071125,H,0.5059280260476542,0.2665986806391131,0.22747329331323277,H,0.03696637587126603,False
365992433,Premier League,2026-02-10T19:30:00.000000Z,Chelsea,Leeds United,D,0.5843003306042501,0.1947456719260065,0.22095399746974342,H,0.5587975401897947,0.2298923786512395,0.21131008115896596,H,0.035146706725232985,False
365992434,Premier League,2026-02-11T19:40:00.000000Z,Crystal Palace,Burnley,A,0.6404778953872244,0.1887647713100244,0.17075733330275128,H,0.6130393176731442,0.22351872773400358,0.16344195459285224,H,0.03475395642397919,False
365992435,Premier League,2025-11-30T14:05:00.000000Z,Nottingham Forest,Brighton & Hove Albion,A,0.30376163211149837,0.2605469412033905,0.4356914266851112,A,0.2881639812241134,0.2985166168946408,0.4133194018812459,A,0.037969675691250315,False
365992436,Premier League,2025-12-03T19:30:00.000000Z,Arsenal,Brentford,H,0.6983064485770882,0.16021651154585762,0.14147703987705407,H,0.6712672155626471,0.19273389910866937,0.13599888532868357,H,0.03251738756281172,False
365992437,Premier League,2025-11-01T15:00:00.000000Z,Brighton & Hove Albion,Leeds United,H,0.5656869655111086,0.20003716236259234,0.23427587212629894,H,0.5406020967485609,0.23551077943439266,0.22388712381704656,H,0.03547361707180033,False
365992438,Premier League,2025-11-09T14:00:00.000000Z,Brentford,Newcastle United,H,0.37197324842046336,0.2686719963048319,0.35935475527470473,H,0.3525705464621843,0.3068192000343891,0.3406102535034267,H,0.03814720372955721,False
365992439,Premier League,2025-11-01T15:00:00.000000Z,Crystal Palace,Brentford,H,0.5027428968554732,0.23315773621808653,0.26409936692644026,H,0.4784146893275667,0.2702659636065666,0.2513193470658668,H,0.03710822738848005,False
365992440,Premier League,2025-11-01T15:00:00.000000Z,Fulham,Wolverhampton Wanderers,H,0.4680926966195549,0.24267218738869736,0.2892351159917478,H,0.44494234293468143,0.28012717620599303,0.27493048085932553,H,0.03745498881729567,False
365992441,Premier League,2025-11-01T20:00:00.000000Z,Liverpool,Aston Villa,H,0.5919925885962848,0.19981849184342482,0.20818891956029048,H,0.5657581113507262,0.23527897559344418,0.19896291305582975,H,0.03546048375001937,False
365992442,Premier League,2025-11-03T20:00:00.000000Z,Sunderland,Everton,D,0.422046346218285,0.27350734110913855,0.3044463126725765,H,0.3998332136967654,0.31174408418831534,0.2884227021149193,H,0.038236743079176794,False
365992443,Premier League,2025-11-01T15:00:00.000000Z,Burnley,Arsenal,A,0.0996917073403716,0.13534824269780496,0.7649600499618234,A,0.09622937148005255,0.1653779700027452,0.7383926585172023,A,0.030029727304940246,False
365992444,Premier League,2025-11-02T16:30:00.000000Z,Manchester City,AFC Bournemouth,H,0.5692842271990226,0.21035095466841497,0.22036481813256237,H,0.5432895026355603,0.24640800394973883,0.21030249341470084,H,0.03605704928132386,False
365992445,Premier League,2025-11-01T15:00:00.000000Z,Nottingham Forest,Manchester United,D,0.2718833674132068,0.2540885893154041,0.4740280432713892,A,0.2581039623889584,0.2918923561946438,0.45000368141639785,A,0.03780376687923975,False
365992446,Premier League,2025-11-01T17:30:00.000000Z,Tottenham Hotspur,Chelsea,A,0.3258914153016441,0.27132316235457693,0.40278542234377895,A,0.30880795185146254,0.30952092866083997,0.38167111948769755,A,0.03819776630626304,False
365992447,Premier League,2025-11-08T17:30:00.000000Z,Sunderland,Arsenal,D,0.18670822347282454,0.22137315035141988,0.5919186261757556,A,0.17793066208178804,0.2579780992196443,0.5640912386985677,A,0.036604948868224435,False
365992448,Premier League,2025-11-24T20:00:00.000000Z,Manchester United,Everton,A,0.5081847092520374,0.2464663454105399,0.24534894533742263,H,0.48284141252905066,0.2840452545184604,0.23311333295248893,H,0.0375789091079205,False
365992449,Premier League,2025-11-02T14:00:00.000000Z,West Ham United,Newcastle United,H,0.21997326400398493,0.2377489591284479,0.5422777768675673,A,0.2092142674872943,0.27503101852195777,0.5157547139907479,A,0.03728205939350987,False
365992450,Premier League,2025-11-09T14:00:00.000000Z,Aston Villa,AFC Bournemouth,H,0.38523261652275165,0.2679851190193392,0.3467822644579091,H,0.36516434286227195,0.30611863711981335,0.32871702001791464,H,0.03813351810047416,False
365992451,Premier League,2025-11-09T14:00:00.000000Z,Crystal Palace,Brighton & Hove Albion,D,0.44941447137702,0.2457379384373945,0.30484759018558555,H,0.42703750784696987,0.28329368200740424,0.28966881014562595,H,0.037555743570009736,False
365992452,Premier League,2025-11-08T20:00:00.000000Z,Chelsea,Wolverhampton Wanderers,H,0.7293417619029822,0.14559564947372602,0.12506258862329178,H,0.7027765310808793,0.1767161062646791,0.12050736265444156,H,0.03112045679095307,False
365992453,Premier League,2025-12-14T14:00:00.000000Z,Crystal Palace,Manchester City,A,0.25289775629792355,0.25482781236996793,0.4922744313321086,A,0.24006102292168352,0.2926517014863569,0.4672872755919596,A,0.03782388911638895,False
365992454,Premier League,2025-11-08T15:00:00.000000Z,Everton,Fulham,H,0.38207352292845165,0.27081613000777005,0.34711034706377825,H,0.36206380136814903,0.30900450300199284,0.32893169562985813,H,0.038188372994222786,False
365992455,Premier League,2025-11-08T15:00:00.000000Z,West Ham United,Burnley,H,0.5148837824956831,0.2321226380708168,0.25299357943350004,H,0.4900290695933035,0.269189976417498,0.24078095398919847,H,0.03706733834668119,False
365992456,Premier League,2025-11-22T15:00:00.000000Z,Brighton & Hove Albion,Brentford,H,0.47432569864591556,0.24076520347397165,0.2849090978801127,H,0.45096682608973576,0.27815484713632727,0.27087832677393703,H,0.037389643662355615,False
365992457,Premier League,2025-11-22T15:00:00.000000Z,Fulham,Sunderland,H,0.42622634580526897,0.2705795029474716,0.3031941512472595,H,0.40391410860429244,0.30876344748694357,0.287322443908764,H,0.03818394453947199,False
365992458,Premier League,2025-11-23T14:00:00.000000Z,Leeds United,Aston Villa,A,0.30611813568549684,0.2530975694086014,0.4407842949059018,A,0.29063549924274357,0.2908738963980489,0.4184906043592076,A,0.037776326989447495,False
365992459,Premier League,2025-11-22T15:00:00.000000Z,Liverpool,Nottingham Forest,A,0.6670579307354154,0.16303366382650636,0.16990840543807834,H,0.6409435110797246,0.1957997687380002,0.1632567201822753,H,0.03276610491149387,False
365992460,Premier League,2026-02-11T20:15:00.000000Z,Sunderland,Liverpool,A,0.2672750191216971,0.26030554678120266,0.4724194340971003,A,0.2535574698977311,0.29826942049475524,0.4481731096075137,A,0.03796387371355259,False
365992461,Premier League,2025-11-30T14:05:00.000000Z,Aston Villa,Wolverhampton Wanderers,H,0.6609338357802739,0.17695698622232212,0.16210917799740396,H,0.6337080518029897,0.2108605179891139,0.15543143020789646,H,0.033903531766791783,False
365992462,Premier League,2025-11-29T15:00:00.000000Z,Brentford,Burnley,H,0.6942925713322823,0.16098279864374704,0.14472463002397062,H,0.6673276971218862,0.19356847538736627,0.1391038274907475,H,0.03258567674361923,False
365992463,Premier League,2025-12-30T19:30:00.000000Z,Burnley,Newcastle United,A,0.2242654573906738,0.2307458194837295,0.5449887231255968,A,0.21347512660178578,0.26775779254940735,0.518767080848807,A,0.037011973065677856,False
365992464,Premier League,2025-11-30T16:30:00.000000Z,Chelsea,Arsenal,D,0.32119343364446523,0.273305202449333,0.4055013639062017,A,0.3042946410457435,0.31153843943378545,0.38416691952047105,A,0.03823323698445247,False
365992465,Premier League,2025-11-29T15:00:00.000000Z,Manchester City,Leeds United,H,0.7806267393763271,0.11486504227971756,0.10450821834395539,H,0.7563318632165955,0.14241245142899173,0.10125568535441277,H,0.02754740914927417,False
365992466,Premier League,2025-12-03T19:30:00.000000Z,Brighton & Hove Albion,Aston Villa,A,0.4546343692779246,0.2559677275343882,0.2893979031876872,H,0.43150380718022335,0.2938220690534715,0.2746741237663051,H,0.037854341519083345,False
365992467,Premier League,2025-12-02T19:30:00.000000Z,Fulham,Manchester City,A,0.2238058959948131,0.22814099255034048,0.5480531114548465,A,0.2131052796258464,0.2650451460041065,0.5218495743700471,A,0.03690415345376602,False
365992468,Premier League,2025-12-04T20:00:00.000000Z,Manchester United,West Ham United,D,0.6625409818290071,0.17900396930042442,0.15845504887056855,H,0.6350560703316279,0.21306224473145455,0.15188168493691762,H,0.03405827543103013,False
365992469,Premier League,2025-12-02T20:15:00.000000Z,Newcastle United,Tottenham Hotspur,D,0.4995436411626686,0.2332889524760769,0.2671674063612545,H,0.4753627636529887,0.2704023183520668,0.2542349179949445,H,0.0371133658759899,False
365992470,Premier League,2025-12-03T20:15:00.000000Z,Liverpool,Sunderland,D,0.6178278502855314,0.18617398426307363,0.19599816545139495,H,0.5915789726361611,0.22074999035454487,0.18767103700929402,H,0.03457600609147124,False
365992471,Premier League,2025-12-21T16:30:00.000000Z,Aston Villa,Manchester United,H,0.40356212497692706,0.2256085503196648,0.37082932470340824,H,0.3843867498429191,0.26240399178741314,0.3532092583696678,H,0.036795441467748324,False
365992472,Premier League,2025-12-20T15:00:00.000000Z,AFC Bournemouth,Burnley,D,0.6630823286662917,0.16772513973281186,0.1691925316008966,H,0.6366584556481134,0.20089134590838023,0.16245019844350644,H,0.0331662061755684,False
365992473,Premier League,2025-12-20T20:00:00.000000Z,Everton,Arsenal,A,0.1705758313203662,0.21662262137266278,0.6128015473069711,A,0.16265469981682948,0.2530007834192465,0.5843445167639241,A,0.0363781620465837,False
365992474,Premier League,2025-12-03T19:30:00.000000Z,Wolverhampton Wanderers,Nottingham Forest,A,0.29897295302390636,0.2672778390074574,0.43374920796863625,A,0.2834191697706285,0.3053970118680208,0.4111838183613507,A,0.03811917286056343,False
365992475,Premier League,2025-12-07T14:00:00.000000Z,Brighton & Hove Albion,West Ham United,D,0.674042350243805,0.17001016273328073,0.15594748702291436,H,0.6469546060515102,0.20336496957287056,0.14968042437561932,H,0.03335480683958983,False
365992476,Premier League,2025-12-06T12:30:00.000000Z,Aston Villa,Arsenal,H,0.244157867214901,0.2539581605410555,0.5018839722440436,A,0.23178696215931957,0.2917583464155275,0.47645469142515295,A,0.03780018587447198,False
365992477,Premier League,2025-12-06T15:00:00.000000Z,AFC Bournemouth,Chelsea,D,0.31674357072833986,0.26196417979704045,0.4212922494746198,A,0.30043373365297,0.2999672999728283,0.39959896637420184,A,0.038003120175787886,False
365992478,Premier League,2025-12-06T15:00:00.000000Z,Everton,Nottingham Forest,H,0.3921508439042596,0.2675632896368164,0.34028586645892406,H,0.37173850230280775,0.30568828303100903,0.3225732146661833,H,0.03812499339419262,False
365992479,Premier League,2025-12-06T17:30:00.000000Z,Leeds United,Liverpool,D,0.2840483858158531,0.2247654074085971,0.49118620677554986,A,0.2705799965489021,0.2615237971323681,0.46789620631872986,A,0.03675838972377102,False
365992480,Premier League,2025-12-07T16:30:00.000000Z,Fulham,Crystal Palace,A,0.36166633799187736,0.2858272903684168,0.3525063716397059,H,0.342213910027161,0.324239472341478,0.333546617631361,H,0.03841218197306118,False
365992481,Premier League,2025-12-20T15:00:00.000000Z,Manchester City,West Ham United,H,0.8283084752384648,0.09368388716301176,0.07800763759852332,H,0.8059137392864275,0.11818769298271917,0.0758985677308533,H,0.024503805819707403,False
365992482,Premier League,2025-12-27T15:00:00.000000Z,Arsenal,Brighton & Hove Albion,H,0.6729981870558068,0.17008146233378857,0.1569203506104047,H,0.6459453618813472,0.2034420887668957,0.15061254935175708,H,0.03336062643310714,False
365992483,Premier League,2025-12-28T14:00:00.000000Z,Sunderland,Leeds United,D,0.41150353199852974,0.239080133269384,0.3494163347320863,H,0.39131546441688114,0.2764103151494063,0.3322742204337125,H,0.037330181880022295,False
365992484,Premier League,2025-12-06T15:00:00.000000Z,Manchester City,Sunderland,H,0.7509109880352055,0.1342852655851411,0.11480374637965338,H,0.7249664900149049,0.1641963130608751,0.11083719692421996,H,0.029911047475734004,False
365992485,Premier League,2025-12-06T15:00:00.000000Z,Tottenham Hotspur,Brentford,H,0.36087852356278144,0.2635028256554595,0.37561865078175904,A,0.3422400507362444,0.301541061999701,0.35621888726405454,A,0.03803823634424147,False
365992486,Premier League,2025-12-06T15:00:00.000000Z,Newcastle United,Burnley,H,0.703740965767736,0.15370467732930918,0.14255435690295476,H,0.6771997571143265,0.18562224619913215,0.13717799668654143,H,0.03191756886982297,False
365992487,Premier League,2025-12-30T19:30:00.000000Z,Chelsea,AFC Bournemouth,D,0.5731966349590075,0.20506659571212504,0.2217367693288675,H,0.5474064900552252,0.2408334624993095,0.21176004744546528,H,0.035766866787184465,False
365992488,Premier League,2025-12-14T16:30:00.000000Z,Brentford,Leeds United,D,0.5310789215169958,0.21213525491995058,0.2567858235630538,H,0.5067105138384451,0.24828620824498024,0.24500327791657472,H,0.036150953325029656,False
365992489,Premier League,2025-12-13T20:00:00.000000Z,Arsenal,Wolverhampton Wanderers,H,0.899532885600056,0.05986440858936804,0.040602705810576026,H,0.8819254822031308,0.07826656694373592,0.03980795085313321,H,0.018402158354367877,False
365992490,Premier League,2025-12-13T15:00:00.000000Z,Chelsea,Everton,H,0.5894629016504156,0.21739460798931137,0.19314249036027314,H,0.5620341817990937,0.2538105791920684,0.18415523900883798,H,0.03641597120275708,False
365992491,Premier League,2025-12-13T17:30:00.000000Z,Burnley,Fulham,A,0.24738475050131686,0.2480325594732751,0.5045826900254081,A,0.23500585773669855,0.2856602802196082,0.4793338620436933,A,0.03762772074633311,False
365992492,Premier League,2025-12-13T15:00:00.000000Z,Liverpool,Brighton & Hove Albion,H,0.4730160320315825,0.2196172608468286,0.307366707121589,H,0.4508783714441301,0.25614001491391647,0.2929816136419534,H,0.03652275406708788,False
365992493,Premier League,2025-12-15T20:00:00.000000Z,Manchester United,AFC Bournemouth,D,0.5480647015870937,0.22221766208646074,0.22971763632644557,H,0.5222436261600797,0.2588614677446389,0.2188949060952815,H,0.03664380565817818,False
365992494,Premier League,2025-12-14T14:00:00.000000Z,Nottingham Forest,Tottenham Hotspur,H,0.36789878905493345,0.2692537654267894,0.36284744551827713,H,0.3486875987244419,0.3074123715796893,0.34390002969586886,H,0.0381586061528999,False
365992495,Premier League,2025-12-14T14:00:00.000000Z,Sunderland,Newcastle United,H,0.2807125897804243,0.2605257871597299,0.45876162305984586,A,0.26629907348718895,0.2984949556374876,0.43520597087532353,A,0.03796916847775772,False
365992496,Premier League,2025-12-14T14:00:00.000000Z,West Ham United,Aston Villa,A,0.21930110981479342,0.22493129770639494,0.5557675924788117,A,0.20889846834334913,0.2616970114435811,0.5294045202130697,A,0.03676571373718615,False
365992497,Premier League,2025-12-27T15:00:00.000000Z,Brentford,AFC Bournemouth,H,0.4239238040525564,0.2520950161696267,0.3239811797778169,H,0.4025276548742374,0.28984304176353515,0.30762930336222744,H,0.03774802559390844,False
365992498,Premier League,2026-04-12T13:00:00.000000Z,Nottingham Forest,Aston Villa,D,0.36109836065670003,0.28224622435456664,0.35665541498873327,H,0.3417951759933986,0.320615087754746,0.33758973625185534,H,0.038368863400179365,False
365992499,Premier League,2026-04-12T13:00:00.000000Z,Sunderland,Tottenham Hotspur,H,0.4566558222047952,0.2445436965153914,0.2988004812798133,H,0.4339775915906197,0.2820608186811376,0.28396158972824276,H,0.03751712216574615,False
365992500,Premier League,2026-04-18T19:00:00.000000Z,Chelsea,Manchester United,A,0.39007275514736867,0.23765285600638003,0.3722743888462514,H,0.37099831485933554,0.27493140182885156,0.354070283311813,H,0.03727854582247153,False
365992501,Premier League,2026-04-19T15:30:00.000000Z,Manchester City,Arsenal,H,0.41400283025321405,0.2535649007506037,0.33243226899618233,H,0.3930433512297037,0.29135423372584157,0.3156024150444548,H,0.0377893329752379,False
365992502,Premier League,2026-04-18T11:30:00.000000Z,Brentford,Fulham,D,0.4229368738264215,0.251643847230741,0.32541927894283756,H,0.4016107047358011,0.28937895816957426,0.30901033709462467,H,0.03773511093883325,False
365992503,Premier League,2026-04-18T14:00:00.000000Z,Newcastle United,AFC Bournemouth,A,0.3860690301500362,0.25414220476724947,0.35978876508271446,H,0.3665003791414747,0.29194744102578224,0.341552179832743,H,0.037805236258532826,False
365992504,Premier League,2026-04-19T13:00:00.000000Z,Nottingham Forest,Burnley,H,0.6365034037271821,0.18859787698904962,0.17489871928376843,H,0.6092495846366885,0.22334051393441504,0.16740990142889656,H,0.03474263694536542,False
365992505,Premier League,2026-04-19T13:00:00.000000Z,Aston Villa,Sunderland,H,0.5548510857837141,0.2237631262640143,0.22138578795227157,H,0.5286082163068739,0.2604769103450005,0.2109148733481257,H,0.03671378408098619,False
365992506,Premier League,2026-04-20T19:00:00.000000Z,Crystal Palace,West Ham United,D,0.5110853470743132,0.23871909514751663,0.2501955577781701,H,0.48603245309689946,0.2760363258321321,0.23793122107096848,H,0.03731723068461548,False
365992507,Premier League,2026-04-19T13:00:00.000000Z,Everton,Liverpool,A,0.30336638166671537,0.2675062573952973,0.4291273609379873,A,0.28757718259518156,0.30563009121332596,0.40679272619149254,A,0.03812383381802864,False
365992508,Premier League,2026-04-25T16:30:00.000000Z,Arsenal,Newcastle United,H,0.693496058335062,0.15826151419025425,0.14824242747468383,H,0.6668507864359162,0.19060250669167048,0.14254670687241341,H,0.03234099250141623,False
365992509,Premier League,2026-04-18T16:30:00.000000Z,Tottenham Hotspur,Brighton & Hove Albion,D,0.30734666412198525,0.25949853666269235,0.4331547992153224,A,0.2915978232326495,0.2974427901255863,0.4109593866417642,A,0.03794425346289393,False
365992510,Premier League,2026-04-22T19:00:00.000000Z,AFC Bournemouth,Leeds United,D,0.5119829036743307,0.22590971888555259,0.26210737744011664,H,0.48763773349440026,0.2627182909943371,0.24964397551126266,H,0.03680857210878449,False
365992511,Premier League,2026-04-18T14:00:00.000000Z,Leeds United,Wolverhampton Wanderers,H,0.5510901275705962,0.22762489721124218,0.22128497521816162,H,0.5247745751966959,0.26450720820334106,0.21071821659996307,H,0.03688231099209888,False
365992512,Premier League,2026-05-04T19:00:00.000000Z,Everton,Manchester City,D,0.19652100522438265,0.21273025520897987,0.5907487395666375,A,0.18748917523060932,0.24891206939253357,0.5635987553768571,A,0.03618181418355371,False
365992513,Premier League,2026-05-17T14:00:00.000000Z,Everton,Sunderland,A,0.4948718016462225,0.24193052960487557,0.2631976687489019,H,0.4704374152444237,0.2793603494035056,0.2502022353520707,H,0.037429819798630054,False
365992514,Premier League,2026-03-14T17:30:00.000000Z,Arsenal,Everton,H,0.6798184995565171,0.17034337569151012,0.14983812475197278,H,0.6524653990002791,0.20372534615371934,0.1438092548460015,H,0.033381970462209226,False
365992515,Premier League,2026-03-15T14:00:00.000000Z,Manchester United,Aston Villa,H,0.5472036433515264,0.2322546167567812,0.2205417398916925,H,0.5207804892186345,0.2693272036131147,0.2098923071682507,H,0.037072586856333495,False
365992516,Premier League,2026-02-10T19:30:00.000000Z,Everton,AFC Bournemouth,A,0.3715869609389448,0.2663185099975645,0.3620945290634908,H,0.35229084299693264,0.30441781393219397,0.34329134307087333,H,0.03809930393462946,False
365992517,Premier League,2026-05-09T14:00:00.000000Z,Sunderland,Manchester United,D,0.25903260745792217,0.2527932336120369,0.4881741589300409,A,0.2459397254381981,0.2905610271445415,0.4634992474172603,A,0.03776779353250459,False
365992518,Premier League,2025-10-18T14:00:00.000000Z,Brighton & Hove Albion,Newcastle United,H,0.44355897130306876,0.2651142197841608,0.2913268089127705,H,0.4205786299440636,0.30318790824913805,0.2762334618067984,H,0.03807368846497727,False
365992519,Premier League,2025-11-23T16:30:00.000000Z,Arsenal,Tottenham Hotspur,H,0.7132310462231362,0.157362898767452,0.12940605500941185,H,0.6859262673242855,0.1896217577486481,0.12445197492706635,H,0.0322588589811961,False
365992520,Premier League,2025-12-03T20:15:00.000000Z,Leeds United,Chelsea,H,0.1919900564968252,0.20152826153400846,0.6064816819691663,A,0.18343920770265568,0.23709057776340803,0.5794702145339363,A,0.035562316229399565,False
365992521,Premier League,2026-05-24T15:00:00.000000Z,Manchester City,Aston Villa,A,0.7264702144017591,0.14426064322664015,0.12926914237160086,H,0.7001669272143484,0.17524437471701584,0.12458869806863583,H,0.0309837314903757,False
365992522,Premier League,2025-10-19T13:00:00.000000Z,Tottenham Hotspur,Aston Villa,A,0.3778439771860513,0.27945229281877193,0.34270372999517673,H,0.357743941215604,0.3177830211279188,0.3244730376564772,H,0.038330728309146855,False
365992523,Premier League,2025-11-30T14:05:00.000000Z,West Ham United,Liverpool,A,0.23035720276749488,0.2178112302925248,0.5518315669399804,A,0.21962661405905995,0.2542474514275733,0.5261259345133668,A,0.03643622113504852,False
365992524,Premier League,2026-02-08T16:30:00.000000Z,Liverpool,Manchester City,A,0.4043043177789892,0.261273667487575,0.33442201473343586,H,0.3835140871312481,0.2992606247450751,0.3172252881236769,H,0.037986957257500065,False
365992525,Premier League,2026-05-18T19:00:00.000000Z,Arsenal,Burnley,H,0.8802119356046915,0.06677209481518592,0.053015969580122446,H,0.8615427476993003,0.08656574497567926,0.051891507325020375,H,0.019793650160493323,False
365992526,Premier League,2026-01-24T15:00:00.000000Z,Fulham,Brighton & Hove Albion,H,0.4098648788885053,0.2631532329006852,0.3269818882108095,H,0.38871080424434024,0.3011835992858245,0.3101055964698352,H,0.03803036638513929,False
365992527,Premier League,2026-03-01T14:00:00.000000Z,Brighton & Hove Albion,Nottingham Forest,H,0.4706881233292946,0.24486292234621349,0.2844489543244919,H,0.44729666190206857,0.2823904463025575,0.2703128917953739,H,0.03752752395634401,False
365992528,Premier League,2026-05-02T14:00:00.000000Z,Brentford,West Ham United,H,0.5327103512596366,0.23065603745586327,0.23663361128450014,H,0.5070849897263162,0.2676643612795956,0.22525064899408823,H,0.037008323823732314,False
365992529,Premier League,2026-01-07T19:30:00.000000Z,Fulham,Chelsea,H,0.34367020847268526,0.27896734907427245,0.37736244245304235,A,0.32540373969305425,0.3172910678096314,0.35730519249731435,A,0.03832371873535895,False
365992530,Premier League,2026-02-23T20:00:00.000000Z,Everton,Manchester United,A,0.2901030159839161,0.26776867108741853,0.44212831292866533,A,0.2749966110461261,0.305897826433059,0.4191055625208149,A,0.038129155345640486,False
365992531,Premier League,2026-02-22T16:30:00.000000Z,Tottenham Hotspur,Arsenal,A,0.1973634820792498,0.20331385279134753,0.5993226651294027,A,0.18852778156233302,0.23898043167692556,0.5724917867607414,A,0.03566657888557803,False
365992532,Premier League,2026-03-01T16:30:00.000000Z,Arsenal,Chelsea,H,0.6005230436560997,0.20193579466314107,0.19754116168075916,H,0.57374525707334,0.2375220942991102,0.18873264862754977,H,0.0355862996359691,False
365992533,Premier League,2026-02-28T15:00:00.000000Z,Liverpool,West Ham United,H,0.6810771886156689,0.1608538768363411,0.15806893454799006,H,0.6546389339950033,0.19342809784826295,0.15193296815673374,H,0.03257422101192187,False
365992534,Premier League,2026-03-22T12:00:00.000000Z,Newcastle United,Sunderland,A,0.5688008680858678,0.21574737867957922,0.21545175323455298,H,0.5424480192404075,0.2520822226397558,0.20546975811983656,H,0.03633484396017661,False
365992535,Premier League,2026-02-28T15:00:00.000000Z,Newcastle United,Everton,A,0.507558684489513,0.23341002761817609,0.25903128789231095,H,0.4829828175770962,0.27052812590585945,0.24648905651704445,H,0.037118098287683365,False
365992536,Premier League,2025-11-29T15:00:00.000000Z,Sunderland,AFC Bournemouth,H,0.3157700989930183,0.26969179207569427,0.41453810893128756,A,0.2992674476511685,0.3078588692178921,0.3928736831309395,A,0.03816707714219786,False
365992537,Premier League,2026-03-04T19:30:00.000000Z,Aston Villa,Chelsea,A,0.39507021337378323,0.2575158487674299,0.347413937858787,H,0.37490679182452136,0.2954104316242341,0.32968277655124456,H,0.03789458285680425,False
365992538,Premier League,2026-03-03T19:30:00.000000Z,Everton,Burnley,H,0.6155372138965267,0.1950034255242697,0.18945936057920365,H,0.5886499185676187,0.23016649958062826,0.18118358185175298,H,0.03516307405635857,False
365992539,Premier League,2026-03-04T19:30:00.000000Z,Fulham,West Ham United,A,0.5509505149981336,0.21648323628861454,0.23256624871325182,H,0.5253750774058673,0.2528545319808655,0.22177039061326725,H,0.03637129569225095,False
365992540,Premier League,2026-03-04T19:30:00.000000Z,Manchester City,Nottingham Forest,D,0.6608895490251424,0.16709740113777363,0.17201304983708401,H,0.6346145862419369,0.20021108075250096,0.16517433300556225,H,0.03311367961472733,False
365992541,Premier League,2026-03-14T17:30:00.000000Z,Chelsea,Newcastle United,A,0.5130500121183726,0.21940585276595923,0.26754413511566816,H,0.4890518098019448,0.25591858218778385,0.2550296080102714,H,0.036512729421824625,False
365992542,Premier League,2026-04-11T14:00:00.000000Z,Burnley,Brighton & Hove Albion,A,0.21354949418161126,0.22122500460580066,0.5652255012125882,A,0.20351385731763605,0.25782309200690456,0.5386630506754595,A,0.0365980874011039,False
365992543,Premier League,2026-03-14T15:00:00.000000Z,Sunderland,Brighton & Hove Albion,A,0.31843229303962367,0.2765270524418116,0.4050406545185647,A,0.301580639365399,0.31481373322579875,0.38360562740880233,A,0.03828668078398717,False
365992544,Premier League,2026-03-22T14:15:00.000000Z,Aston Villa,West Ham United,H,0.5685404192756816,0.212678320795813,0.2187812599285055,H,0.5424147606091958,0.24885745028992745,0.20872778910087683,H,0.03617912949411445,False
365992545,Premier League,2026-03-21T17:30:00.000000Z,Everton,Chelsea,H,0.28191672739974305,0.2741784819321893,0.4439047906680676,A,0.2670607091646371,0.3124267185916559,0.42051257224370703,A,0.03824823665946658,False
365992546,Premier League,2026-03-21T12:45:00.000000Z,Brighton & Hove Albion,Liverpool,H,0.31397971001374403,0.2723146186701808,0.41370567131607516,A,0.2974904788243738,0.3105303762595715,0.39197914491605473,A,0.038215757589390664,False
365992547,Premier League,2026-03-21T20:00:00.000000Z,Leeds United,Brentford,D,0.36172077782997586,0.2750929191523388,0.36318630301768534,A,0.34262768948695976,0.31335645219607233,0.34401585831696785,A,0.03826353304373353,False
365992548,Premier League,2026-05-13T19:00:00.000000Z,Manchester City,Crystal Palace,H,0.7519635329939574,0.13367924082742572,0.114357226178617,H,0.7260599877454851,0.16352214942642274,0.11041786282809216,H,0.02984290859899702,False
365992549,Premier League,2026-04-12T13:00:00.000000Z,Crystal Palace,Newcastle United,H,0.38858807384944055,0.26319490268556345,0.34821702346499606,H,0.368530513584418,0.3012262104829459,0.330243275932636,H,0.03803130779738245,False
365992550,Premier League,2026-04-24T19:00:00.000000Z,Sunderland,Nottingham Forest,A,0.3564333501995193,0.2705265650084898,0.37304008479199086,A,0.3377764997845148,0.30870951492251414,0.35351398529297107,A,0.03818294991402432,False
365992551,Premier League,2026-04-25T14:00:00.000000Z,West Ham United,Everton,H,0.3280444293356061,0.2747135474636511,0.3972420232007428,A,0.31074081952636123,0.3129707853629145,0.3762883951107243,A,0.038257237899263385,False
365992552,Premier League,2026-04-25T11:30:00.000000Z,Fulham,Aston Villa,H,0.3850645946812737,0.2705703874998292,0.344365017818897,H,0.36490744865074726,0.30875416087511565,0.3263383904741371,H,0.038183773375286445,False
365992553,Premier League,2026-04-27T19:00:00.000000Z,Manchester United,Brentford,H,0.5571622716564532,0.2190996910018041,0.22373803734174266,H,0.5311213046351582,0.2555978536162317,0.21328084174861006,H,0.03649816261442759,False
365992554,Premier League,2026-04-25T14:00:00.000000Z,Liverpool,Crystal Palace,H,0.5872151541069511,0.2049451041696312,0.20783974172341774,H,0.5608033897123232,0.2407050848898198,0.19849152539785705,H,0.0357599807201886,False
365992555,Premier League,2026-05-04T14:00:00.000000Z,Chelsea,Nottingham Forest,A,0.4447667995282259,0.2409622614646175,0.31427093900715664,H,0.4228538997296116,0.2783587531216729,0.29878734714871535,H,0.037396491657055414,False
365992556,Premier League,2026-05-02T16:30:00.000000Z,Arsenal,Fulham,H,0.6485098655510358,0.17925728974854868,0.17223284470041547,H,0.6215837584275515,0.2133344986099308,0.16508174296251776,H,0.03407720886138213,False
365992557,Premier League,2025-10-26T16:30:00.000000Z,Everton,Tottenham Hotspur,A,0.4023384339251307,0.26445807495841267,0.3332034911164567,H,0.3815200887079676,0.3025174906792134,0.31596242061281904,H,0.03805941572080074,False
365992558,Premier League,2026-05-03T18:00:00.000000Z,Aston Villa,Tottenham Hotspur,A,0.548967311898213,0.2107594049435639,0.24027328315822305,H,0.5238722508606719,0.24683813035575905,0.229289618783569,H,0.036078725412195145,False
365992559,Premier League,2025-11-22T17:30:00.000000Z,Newcastle United,Manchester City,H,0.2373342626629849,0.24041763215884063,0.5222481051781745,A,0.22565552384116022,0.2777951434719747,0.4965493326868651,A,0.037377511313134076,False
365992560,Premier League,2026-05-03T14:30:00.000000Z,Manchester United,Liverpool,H,0.4327308423578835,0.2538210470822747,0.31344811055984173,H,0.41081160584308374,0.2916174585010905,0.29757093565582576,H,0.03779641141881579,False
365992561,Premier League,2026-05-09T11:30:00.000000Z,Liverpool,Chelsea,D,0.5282081519988767,0.21529961175646847,0.25649223624465484,H,0.5037649925354543,0.25161210835134673,0.24462289911319904,H,0.03631249659487826,False
365992562,Premier League,2026-05-11T19:00:00.000000Z,Tottenham Hotspur,Leeds United,D,0.3741558904555087,0.2645050824999368,0.3613390270445545,H,0.35479404361109035,0.3025655281878223,0.34264042820108737,H,0.03806044568788547,False
365992563,Premier League,2026-05-17T14:00:00.000000Z,Brentford,Crystal Palace,D,0.45076517144693984,0.2553055723168815,0.29392925623617877,H,0.427862511273334,0.293142309693145,0.27899517903352095,H,0.03783673737626353,False
365992564,Premier League,2026-05-24T15:00:00.000000Z,Brighton & Hove Albion,Manchester United,A,0.42705451923230126,0.25569946880661254,0.31724601196108615,H,0.40533905171857904,0.29354670675326044,0.3011142415281606,H,0.03784723794664785,False
365992565,Premier League,2026-05-09T16:30:00.000000Z,Manchester City,Brentford,H,0.7129582669229371,0.14971829341077295,0.13732343966629,H,0.6865181237244149,0.18125109290874553,0.1322307833668396,H,0.03153279949797258,False
365992566,Premier League,2026-05-17T14:00:00.000000Z,Leeds United,Brighton & Hove Albion,H,0.33736951363089734,0.2711781957594697,0.391452290609633,A,0.3196891146645728,0.3093732897252719,0.37093759561015544,A,0.038195093965802174,False
365992567,Premier League,2026-05-24T15:00:00.000000Z,Sunderland,Chelsea,H,0.3349388450451303,0.277995767937615,0.3870653870172547,A,0.3171670913861514,0.3163050937825287,0.36652781483131996,A,0.0383093258449137,False
365992568,Premier League,2025-10-25T19:00:00.000000Z,Brentford,Liverpool,H,0.2779311305814317,0.24473763425693545,0.4773312351616329,A,0.2641227708800386,0.28226108257770477,0.4536161465422566,A,0.037523448320769315,False
365992569,Premier League,2025-10-18T14:00:00.000000Z,Sunderland,Wolverhampton Wanderers,H,0.48650366872613465,0.24871216770166113,0.26478416357220436,H,0.462124034044896,0.28636064615990636,0.2515153197951977,H,0.03764847845824523,False
365992570,Premier League,2025-10-24T19:00:00.000000Z,Leeds United,West Ham United,H,0.5121284232542525,0.25422172938858656,0.23364984735716093,H,0.4861659468874764,0.2920291422296257,0.2218049108828979,H,0.03780741284103917,False
365992571,Premier League,2025-11-09T14:00:00.000000Z,Nottingham Forest,Leeds United,H,0.4124446625620097,0.2427122880964595,0.34484304934153087,H,0.3920446645041364,0.2801686289207535,0.3277867065751102,H,0.037456340824294,False
365992572,Premier League,2025-11-29T20:00:00.000000Z,Tottenham Hotspur,Fulham,A,0.39220807167275207,0.2604153994306111,0.3473765288966368,H,0.37207410086235215,0.298381917294909,0.32954398184273886,H,0.03796651786429789,False
365992573,Premier League,2025-11-08T12:30:00.000000Z,Tottenham Hotspur,Manchester United,D,0.3590344755140929,0.2552222432948539,0.3857432811910531,A,0.3407956228662666,0.29305674857592295,0.3661476285578104,A,0.03783450528106902,False
365992574,Premier League,2025-12-08T20:00:00.000000Z,Wolverhampton Wanderers,Manchester United,A,0.19679004405255174,0.2326690281900839,0.5705409277573644,A,0.18727818238984217,0.2697580287465314,0.5429637888636265,A,0.03708900055644748,False
365992575,Premier League,2025-11-22T15:00:00.000000Z,AFC Bournemouth,West Ham United,D,0.5980747327220242,0.19907940036226746,0.20284586691570838,H,0.5716285053405318,0.23449525582925557,0.19387623883021274,H,0.03541585546698811,False
365992576,Premier League,2026-02-11T19:30:00.000000Z,Aston Villa,Brighton & Hove Albion,H,0.5123250182578967,0.22737328221364095,0.2603016995284624,H,0.4878756368896713,0.26424488638138804,0.24787947672894073,H,0.036871604167747096,False
365992577,Premier League,2025-11-29T17:30:00.000000Z,Everton,Newcastle United,A,0.3626165368044977,0.28198972212246376,0.35539374107303856,H,0.34324080779700705,0.3203552437044228,0.3364039484985702,H,0.03836552158195905,False
365992578,Premier League,2025-12-03T19:30:00.000000Z,Burnley,Crystal Palace,A,0.18245042329086036,0.21442053415193288,0.6031290425572068,A,0.17402713978381434,0.25068878959797836,0.5752840706182073,A,0.03626825544604548,False
365992579,Premier League,2026-01-04T15:15:00.000000Z,Fulham,Liverpool,D,0.34117146694847933,0.26290302711378233,0.39592550593773834,A,0.3235714206666601,0.3009277217138888,0.375500857619451,A,0.03802469460010649,False
365992580,Premier League,2026-02-07T12:30:00.000000Z,Manchester United,Tottenham Hotspur,H,0.574997986520185,0.2036489082899146,0.22135310518990042,H,0.5492313053390085,0.23933481531813902,0.21143387934285243,H,0.03568590702822441,False
365992581,Premier League,2025-12-02T19:30:00.000000Z,AFC Bournemouth,Everton,A,0.5566632384108666,0.22820534331830078,0.21513141827083268,H,0.5300438581899001,0.265112209087577,0.20484393272252294,H,0.03690686576927621,False
365992582,Premier League,2026-02-07T15:00:00.000000Z,Arsenal,Sunderland,H,0.7390104191380111,0.144359934438459,0.11662964642352992,H,0.7122411542270008,0.175353889314234,0.11240495645876519,H,0.030993954875775026,False
365992583,Premier League,2025-12-20T15:00:00.000000Z,Brighton & Hove Albion,Sunderland,D,0.5896193567600068,0.2092786597646107,0.20110198347538255,H,0.5627754120403048,0.24527829190458306,0.19194629605511201,H,0.03599963213997234,False
365992584,Premier League,2026-01-07T19:30:00.000000Z,Brentford,Sunderland,H,0.4963163555283825,0.24849583710927703,0.25518780736234054,H,0.47145649332903455,0.2861377357160846,0.24240577095488078,H,0.037641898606807556,False
365992585,Premier League,2026-01-17T17:30:00.000000Z,Nottingham Forest,Arsenal,D,0.19284724146050025,0.20671366134912425,0.6004390971903755,A,0.1841298843255294,0.24257292628825772,0.5732971893862129,A,0.03585926493913347,False
365992586,Premier League,2026-01-26T20:00:00.000000Z,Everton,Leeds United,D,0.4166835618951095,0.24762034727493484,0.33569609082995566,H,0.3958515862146257,0.28523535314839643,0.31891306063697794,H,0.03761500587346159,False
365992587,Premier League,2026-02-11T19:30:00.000000Z,Manchester City,Fulham,H,0.6648168283915032,0.16778796745902572,0.16739520414947112,H,0.638317649245696,0.20095941378200136,0.16072293697230275,H,0.03317144632297564,False
365992588,Premier League,2026-02-21T15:00:00.000000Z,Aston Villa,Leeds United,D,0.5830628922398612,0.19763116864714847,0.21930593911299037,H,0.5573913332601723,0.2329585047744922,0.20965016196533554,H,0.035327336127343734,False
365992589,Premier League,2026-01-24T15:00:00.000000Z,Manchester City,Wolverhampton Wanderers,H,0.8167667609556577,0.10015693474315517,0.08307630430118723,H,0.7936300938515896,0.1256469160229908,0.08072299012541952,H,0.025489981279835636,False
365992590,Premier League,2025-12-30T20:15:00.000000Z,Manchester United,Wolverhampton Wanderers,D,0.7979106428373159,0.11395296387445765,0.08813639328822646,H,0.7732119822270086,0.14137981326728544,0.08540820450570598,H,0.027426849392827787,False
365992591,Premier League,2026-02-27T20:00:00.000000Z,Wolverhampton Wanderers,Aston Villa,H,0.2405997903864454,0.2341678673657636,0.525232342247791,A,0.22892923451542793,0.27131539221344886,0.4997553732711233,A,0.03714752484768527,False
365992592,Premier League,2026-03-14T15:00:00.000000Z,Burnley,AFC Bournemouth,D,0.2140452361117778,0.2250740668021815,0.5608806970860407,A,0.20388830129000846,0.2618460704130385,0.5342656282969531,A,0.036772003610856974,False
365992593,Premier League,2026-04-25T14:00:00.000000Z,Wolverhampton Wanderers,Tottenham Hotspur,A,0.331808704444664,0.2694822337521394,0.3987090618031966,A,0.3144746595293093,0.3076452704717405,0.3778800699989502,A,0.038163036719601084,False
365992594,Premier League,2026-05-09T14:00:00.000000Z,Brighton & Hove Albion,Wolverhampton Wanderers,H,0.6663021126871524,0.17423126239870348,0.15946662491414407,H,0.6391159866833629,0.20792386598340762,0.1529601473332295,H,0.033692603584704134,False
365992595,Premier League,2026-02-22T14:00:00.000000Z,Crystal Palace,Wolverhampton Wanderers,H,0.5639904407417671,0.2197754454629309,0.21623411379530205,H,0.5375843192503948,0.25630568230623757,0.2061099984433677,H,0.03653023684330667,False
365992596,Premier League,2026-02-21T15:00:00.000000Z,Brentford,Brighton & Hove Albion,A,0.4658907310161535,0.24713973313348478,0.2869695358503616,H,0.44262277378421877,0.28473979539028405,0.2726374308254972,H,0.037600062256799266,False
365992597,Premier League,2026-02-21T17:30:00.000000Z,West Ham United,AFC Bournemouth,D,0.2870228981407892,0.25945357916888945,0.4535235226903214,A,0.2723167937559775,0.29739672947879614,0.4302864767652264,A,0.03794315030990669,False
365992598,Premier League,2026-02-28T15:00:00.000000Z,Burnley,Brentford,A,0.24205461237718212,0.24253602741035907,0.5154093602124589,A,0.2300869937257727,0.27998641877910047,0.4899265874951269,A,0.0374503913687414,False
365992599,Premier League,2026-03-01T14:00:00.000000Z,Fulham,Tottenham Hotspur,H,0.5044141135875403,0.22832757792010208,0.2672583084923577,H,0.4802860784498045,0.2652395889309403,0.25447433261925534,H,0.036912011010838214,False
365992600,Premier League,2026-03-15T14:00:00.000000Z,Crystal Palace,Leeds United,D,0.45875022395122794,0.24346341853354667,0.2977863575152254,H,0.4360221154349041,0.2809449163561315,0.2830329682089645,H,0.037481497822584836,False
365992601,Premier League,2026-03-22T14:15:00.000000Z,Tottenham Hotspur,Nottingham Forest,A,0.3804027203466093,0.26054406462110213,0.3590532150322885,H,0.36086978944345094,0.29851367135400286,0.34061653920254614,H,0.03796960673290073,False
365992602,Premier League,2026-05-02T14:00:00.000000Z,Newcastle United,Brighton & Hove Albion,H,0.3575955849613177,0.2625629878700288,0.37984142716865354,A,0.33916053558744413,0.30057992180451354,0.36025954260804244,A,0.03801693393448474,False
365992603,Premier League,2026-05-02T14:00:00.000000Z,Wolverhampton Wanderers,Sunderland,D,0.3275562360837635,0.2822129201330812,0.39023084378315537,A,0.31004711771510374,0.32058135144473743,0.3693715308401589,A,0.03836843131165624,False
365992604,Premier League,2026-05-10T13:00:00.000000Z,Crystal Palace,Everton,D,0.40616788759078526,0.26939139383807165,0.3244407185711431,H,0.38495285444623434,0.30755267213941195,0.3074944734143537,H,0.03816127830134031,False
365992605,Premier League,2026-05-09T14:00:00.000000Z,Fulham,AFC Bournemouth,A,0.35826655207264274,0.2666457873181855,0.3750876606091718,A,0.3396505087226476,0.30475192291807834,0.3555975683592741,A,0.03810613559989284,False
365992606,Premier League,2026-05-17T11:30:00.000000Z,Manchester United,Nottingham Forest,H,0.5155098061468932,0.2249983892799686,0.2594918045731381,H,0.49105229504258974,0.2617670603586274,0.2471806445987828,H,0.036768671078658804,False
365992607,Premier League,2026-05-17T16:30:00.000000Z,Newcastle United,West Ham United,H,0.5477188321382299,0.21737161731442506,0.23490955054734514,H,0.5222340683901702,0.2537864679000889,0.22397946370974098,H,0.03641485058566385,False
365992608,Premier League,2026-05-24T15:00:00.000000Z,Liverpool,Brentford,D,0.5656378184467172,0.2061004454872749,0.22826173606600786,H,0.5401131591039655,0.24192551768090245,0.217961323215132,H,0.035825072193627544,False
365992609,Premier League,2026-02-22T14:00:00.000000Z,Sunderland,Fulham,A,0.3851129637511625,0.27155901084586404,0.34332802540297347,H,0.36491624118071475,0.3097611020546002,0.325322656764685,H,0.03820209120873619,False
365992610,Premier League,2026-02-28T17:30:00.000000Z,Leeds United,Manchester City,A,0.22709794421203042,0.21474398705415348,0.5581580687338161,A,0.21660435259378852,0.2510285775827632,0.5323670698234483,A,0.03628459052860972,False
365992611,Premier League,2026-03-04T20:15:00.000000Z,Newcastle United,Manchester United,H,0.3524147279702316,0.24783723353128545,0.39974803849848295,A,0.3347876339104373,0.2854589410835846,0.3797534250059781,A,0.037621707552299155,False
365992612,Premier League,2026-02-21T15:00:00.000000Z,Chelsea,Burnley,D,0.7723871703003704,0.12309989654420107,0.10451293315542855,H,0.7471992537255729,0.15169603006320614,0.1011047162112209,H,0.02859613351900507,False
365992613,Premier League,2026-02-21T20:00:00.000000Z,Manchester City,Newcastle United,H,0.607544670232518,0.18972495693639524,0.20273037283108672,H,0.581437591667589,0.22454365463045425,0.1940187537019568,H,0.034818697694059014,False
365992614,Premier League,2026-02-22T14:00:00.000000Z,Nottingham Forest,Liverpool,A,0.2740354718011884,0.24919474418934198,0.4767697840094696,A,0.2602888773776988,0.28685780756874774,0.4528533150535536,A,0.03766306337940575,False
365992615,Premier League,2026-02-28T12:30:00.000000Z,AFC Bournemouth,Sunderland,D,0.5465622977777685,0.22234018319403334,0.2310975190281981,H,0.520804011850893,0.2589895898519263,0.22020639829718083,H,0.036649406657892986,False
365992616,Premier League,2026-03-01T14:00:00.000000Z,Manchester United,Crystal Palace,H,0.564407665588057,0.2220798937403445,0.2135124406715984,H,0.5378259076477462,0.25871739039792474,0.20345670195432913,H,0.03663749665758023,False
365992617,Premier League,2026-03-04T19:30:00.000000Z,Brighton & Hove Albion,Arsenal,A,0.24537324037878308,0.24737392405536118,0.5072528355658558,A,0.23311238461713615,0.28498128395070477,0.4819063314321591,A,0.037607359895343584,False
365992618,Premier League,2026-03-03T19:30:00.000000Z,AFC Bournemouth,Brentford,D,0.4531179639154557,0.2469080948773291,0.29997394120721516,H,0.4304992379374201,0.2845009090995981,0.28499985296298186,H,0.03759281422226898,False
365992619,Premier League,2026-03-03T19:30:00.000000Z,Leeds United,Sunderland,A,0.4372809537464649,0.26252135994432924,0.3001976863092059,H,0.4147397397215857,0.3005373396522178,0.2847229206261966,H,0.03801597970788856,False
365992620,Premier League,2026-03-05T20:00:00.000000Z,Tottenham Hotspur,Crystal Palace,A,0.38262580938721524,0.26771535217536124,0.34965883843742346,H,0.3627035204986039,0.30584342912349444,0.3314530503779016,H,0.038128076948133194,False
365992621,Premier League,2026-03-03T20:15:00.000000Z,Wolverhampton Wanderers,Liverpool,H,0.18732082419197016,0.2016919994906905,0.6109871763173393,A,0.1789739581895469,0.23726396506182695,0.5837620767486262,A,0.035571965571136455,False
365992622,Premier League,2026-03-16T20:00:00.000000Z,Brentford,Wolverhampton Wanderers,D,0.6330366413221835,0.19087163020234663,0.17609172847546978,H,0.6057357618264421,0.22576679215425793,0.1684974460193001,H,0.03489516195191131,False
365992623,Premier League,2026-03-15T16:30:00.000000Z,Liverpool,Tottenham Hotspur,D,0.7101324720501714,0.1465900407381298,0.1432774872116989,H,0.6841528818990479,0.17781131542298037,0.1380358026779718,H,0.03122127468485056,False
365992624,Premier League,2026-03-15T14:00:00.000000Z,Nottingham Forest,Fulham,D,0.4041707242657954,0.2618120720100034,0.3340172037242012,H,0.3833652928766433,0.29981165329089826,0.31682305383245846,H,0.03799958128089487,False
365992625,Premier League,2026-03-14T20:00:00.000000Z,West Ham United,Manchester City,D,0.1867710398381201,0.19801747507910128,0.6152114850827786,A,0.17853824285138686,0.23336856227283392,0.5880931948757793,A,0.035351087193732644,False
365992626,Premier League,2026-03-20T20:00:00.000000Z,AFC Bournemouth,Manchester United,D,0.3375349901486722,0.25679004329528626,0.40567496655604146,A,0.32033334559880544,0.2946659194985957,0.3850007349025989,A,0.037875876203309455,False
365992627,Premier League,2026-03-21T15:00:00.000000Z,Fulham,Burnley,H,0.648413658288312,0.18132772092508453,0.17025862078660342,H,0.6213023020282685,0.21555790027820487,0.1631397976935266,H,0.03423017935312034,False
365992628,Premier League,2026-04-12T15:30:00.000000Z,Chelsea,Manchester City,A,0.32019953997928957,0.257201359773654,0.42259910024705655,A,0.3038677334573243,0.2950878716585248,0.40104439488415083,A,0.037886511884870855,False
365992629,Premier League,2026-04-11T16:30:00.000000Z,Liverpool,Fulham,H,0.5814252363143728,0.1991342706818297,0.21944049300379742,H,0.5557110558564585,0.23455345203141895,0.20973549211212245,H,0.03541918134958924,False
365992630,Premier League,2026-04-21T19:00:00.000000Z,Brighton & Hove Albion,Chelsea,H,0.39150404590426574,0.26129821571038453,0.34719773838534984,H,0.3713710579837327,0.2992857518688632,0.3293431901474041,H,0.03798753615847866,False
365992631,Premier League,2026-04-22T19:00:00.000000Z,Burnley,Manchester City,A,0.09866886177468268,0.1211836778116405,0.7801474604136768,A,0.09548493178839008,0.1495420635306176,0.7549730046809923,A,0.028358385718977114,False
365992632,Premier League,2026-05-03T13:00:00.000000Z,AFC Bournemouth,Crystal Palace,H,0.4907924215679846,0.24665530067009087,0.26255227776192464,H,0.4663064598605398,0.28424017087115505,0.24945336926830525,H,0.037584870201064186,False
365992633,Premier League,2026-05-01T19:00:00.000000Z,Leeds United,Burnley,H,0.6582133570432867,0.18021367356176302,0.16157296939495042,H,0.6307954292413126,0.21436193577919302,0.15484263497949435,H,0.03414826221743,False
365992634,Premier League,2026-05-10T13:00:00.000000Z,Burnley,Aston Villa,D,0.20729879026937564,0.21329949330668546,0.579401716423939,A,0.1977570105023086,0.2495106210597865,0.552732368437905,A,0.036211127753101036,False
365992635,Premier League,2026-05-10T13:00:00.000000Z,Nottingham Forest,Newcastle United,D,0.43072457751220716,0.2553749131984786,0.31390050928931423,H,0.4088370373104122,0.29321350512830985,0.297949457561278,H,0.037838591929831245,False
365992636,Premier League,2026-05-10T15:30:00.000000Z,West Ham United,Arsenal,A,0.17091446074106387,0.19439748387361663,0.6346880553853196,A,0.16346253627325613,0.22952200800820516,0.6070154557185388,A,0.035124524134588525,False
365992637,Premier League,2026-05-15T19:00:00.000000Z,Aston Villa,Liverpool,H,0.3482685470986966,0.2664112859840828,0.38532016691722054,A,0.33018012044268347,0.30451253216235297,0.3653073473949635,A,0.038101246178270154,False
365992638,Premier League,2026-05-19T18:30:00.000000Z,AFC Bournemouth,Manchester City,D,0.24657579933846477,0.236868756871979,0.5165554437895562,A,0.234540032620535,0.2741184368571786,0.49134153052228635,A,0.037249679985199624,False
365992639,Premier League,2026-05-19T19:15:00.000000Z,Chelsea,Tottenham Hotspur,H,0.5041396454847002,0.22628429164847655,0.2695760628668232,H,0.48014523137634846,0.26310911840947093,0.25674565021418067,H,0.036824826760994384,False
365992640,Premier League,2026-05-17T14:00:00.000000Z,Wolverhampton Wanderers,Fulham,D,0.2957576555751904,0.27475471650574823,0.4294876279190614,A,0.2801559352703198,0.31301264103351173,0.40683142369616854,A,0.0382579245277635,False
365992641,Premier League,2026-05-24T15:00:00.000000Z,Burnley,Wolverhampton Wanderers,D,0.33883336077015086,0.2750173780428697,0.3861492611869794,A,0.32095080976505025,0.3132796633311076,0.36576952690384207,A,0.03826228528823794,False
365992642,Premier League,2026-05-24T15:00:00.000000Z,Crystal Palace,Arsenal,A,0.2192040219866441,0.23170747079234053,0.5490885072210153,A,0.20863294969390178,0.26875823197190907,0.5226088183341893,A,0.03705076117956854,False
365992643,Premier League,2026-05-24T15:00:00.000000Z,Fulham,Newcastle United,H,0.38965002094435813,0.26286136487100614,0.3474886141846358,H,0.3695507436722798,0.3008851118722536,0.32956414445546667,H,0.03802374700124744,False
365992644,Premier League,2026-05-24T15:00:00.000000Z,Nottingham Forest,AFC Bournemouth,D,0.34864963625674295,0.2682912222478953,0.3830591414953618,A,0.33047659470512775,0.3064308691568582,0.363092536138014,A,0.038139646908962876,False
365992645,Premier League,2026-05-24T15:00:00.000000Z,Tottenham Hotspur,Everton,H,0.40347934049767886,0.27311761405164353,0.3234030454506775,H,0.3822585745155231,0.3113475789111451,0.3063938465733318,H,0.038229964859501586,False
365992646,Premier League,2026-05-24T15:00:00.000000Z,West Ham United,Leeds United,H,0.3335374985567809,0.2654879168777211,0.4009745845654981,A,0.31624482078794686,0.3035696343029247,0.3801855449091284,A,0.038081717425203665,False
366806653,Bundesliga,2025-09-12T18:30:00.000000Z,Bayer 04 Leverkusen,Eintracht Frankfurt,H,0.35884939581533964,0.24003367470424633,0.401116929480414,A,0.3412064309322214,0.2773977035862821,0.38139586548149657,A,0.037364028882035744,False
366806662,La Liga,2025-09-12T19:00:00.000000Z,Sevilla,Elche,D,0.4698048322168907,0.247091815746602,0.2831033520365074,H,0.44634382056191013,0.2846903810967013,0.2689657983413886,H,0.03759856535009931,False
367329875,La Liga,2025-09-13T12:00:00.000000Z,Getafe,Real Oviedo,H,0.5333862944178329,0.2610245322244799,0.2055891733576871,H,0.50597188087855,0.2990055963819205,0.19502252273952958,H,0.03798106415744057,False
367329916,Serie A,2025-09-13T13:00:00.000000Z,Cagliari,Parma,H,0.49619821832005107,0.2630942552947542,0.24070752638519477,H,0.47059122820362576,0.3011232876949331,0.2282854841014412,H,0.03802903240017885,False
367329964,Bundesliga,2025-09-13T13:30:00.000000Z,Heidenheim,Borussia Dortmund,A,0.15231160667927957,0.17982298195066446,0.667865411370056,A,0.1459754523984018,0.21394229982335716,0.6400822477782411,A,0.034119317872692706,False
367329965,Bundesliga,2025-09-13T13:30:00.000000Z,FC Union Berlin,TSG Hoffenheim,A,0.322668012854335,0.25998684653653836,0.41734514060912675,A,0.30611798158277487,0.2979430130708238,0.39593900534640136,A,0.03795616653428546,False
367329966,Bundesliga,2025-09-13T13:30:00.000000Z,FSV Mainz 05,RB Leipzig,A,0.516291751327487,0.25185360740833446,0.23185464126417865,H,0.4902468036646981,0.289594736506472,0.22015845982882995,H,0.03774112909813754,False
367329967,Bundesliga,2025-09-13T13:30:00.000000Z,SC Freiburg,VfB Stuttgart,H,0.246736009409286,0.24391053694143788,0.5093534536492762,A,0.23449976846018294,0.28140685890600275,0.4840933726338143,A,0.03749632196456487,False
367329968,Bundesliga,2025-09-13T13:30:00.000000Z,VfL Wolfsburg,FC Köln,D,0.40731252213396796,0.24148325078115088,0.3512042270848812,H,0.387221482009226,0.2788977411680494,0.33388077682272466,H,0.03741449038689851,False
367330015,La Liga,2025-09-14T14:15:00.000000Z,Levante,Real Betis,D,0.2948812085744476,0.2577151273771668,0.44740366404838566,A,0.2798251285698291,0.29561479715421163,0.4245600742759594,A,0.03789966977704484,False
367330222,Serie A,2025-09-13T16:00:00.000000Z,Juventus,Inter,H,0.4018073775949418,0.271982266606356,0.32621035579870217,H,0.38071864359539054,0.31019204866260275,0.30908930774200666,H,0.038209782056246755,False
367330261,Bundesliga,2025-09-13T16:30:00.000000Z,FC Bayern München,Hamburger SV,H,0.9174469245892075,0.04648735630924319,0.03606571910154921,H,0.9025820057563622,0.06193662936762902,0.035481364876008836,H,0.015449273058385823,False
367330318,Serie A,2025-09-13T18:45:00.000000Z,Fiorentina,Napoli,A,0.2705207459754231,0.29027353441456827,0.4392057196100086,A,0.25586225330916723,0.32873091835131407,0.41540682833951864,A,0.038457383936745804,False
367857020,Serie A,2025-09-14T10:30:00.000000Z,Roma,Torino,A,0.6821210188327979,0.18378484014033453,0.13409414102686765,H,0.6533661280057367,0.21819248506720937,0.12844138692705406,H,0.03440764492687484,False
367857041,La Liga,2025-09-14T12:00:00.000000Z,Celta de Vigo,Girona,D,0.6414127525880182,0.20512239620516276,0.15346485120681913,H,0.6125487477400062,0.24089242247442041,0.14655882978557339,H,0.035770026269257654,False
367857070,Serie A,2025-09-14T13:00:00.000000Z,Atalanta,Lecce,H,0.7168988882610834,0.15829894474491998,0.12480216699399657,H,0.6893503142233396,0.19064334395941157,0.12000634181724883,H,0.03234439921449159,False
367857071,Serie A,2025-09-14T13:00:00.000000Z,Pisa,Udinese,A,0.4058168553306536,0.2665660822579751,0.32761706241137123,H,0.38473323945278315,0.3046705591675779,0.31059620137963895,H,0.03810447690960278,False
367857327,Bundesliga,2025-09-14T13:30:00.000000Z,St. Pauli,FC Augsburg,H,0.5292410802371665,0.23880490229093454,0.2319540174718989,H,0.5032931410468329,0.27612521782366656,0.22058164112950068,H,0.03732031553273202,False
367857369,Ligue 1,2025-09-13T19:05:00.000000Z,Auxerre,Monaco,A,0.30856374418060495,0.2705216004688078,0.42091465535058736,A,0.2924126899579575,0.30870445703338956,0.398882853008653,A,0.03818285656458176,False
367857370,Ligue 1,2025-09-14T13:00:00.000000Z,LOSC Lille,Toulouse,H,0.6466961670261818,0.1795139867336594,0.17378984624015886,H,0.6198218802743563,0.21361033293249052,0.16656778679315332,H,0.03409634619883112,False
367857371,Ligue 1,2025-09-14T15:15:00.000000Z,Metz,Angers SCO,D,0.37726892135082296,0.2811031819949808,0.3416278966541962,H,0.3571413207151034,0.31945690590970327,0.3234017733751933,H,0.03835372391472247,False
367857372,Ligue 1,2025-09-13T15:00:00.000000Z,Nice,Nantes,H,0.6341704814493383,0.19475876977438986,0.17107074877627187,H,0.6064899166252123,0.22990630931514278,0.1636037740596449,H,0.03514753954075292,False
367857373,Ligue 1,2025-09-12T18:45:00.000000Z,Olympique Marseille,Lorient,H,0.5984487948704728,0.1831943155003197,0.21835688962920757,H,0.5732703100735156,0.2175597109786324,0.20916997894785208,H,0.03436539547831269,False
367857374,Ligue 1,2025-09-14T15:15:00.000000Z,Paris Saint Germain,Lens,H,0.6622477837633252,0.16144654852904153,0.17630566770763323,H,0.6364807820377815,0.1940733217108673,0.16944589625135117,H,0.03262677318182575,False
367857375,Ligue 1,2025-09-14T15:15:00.000000Z,Strasbourg,Le Havre,H,0.5096361119227713,0.22614502907004258,0.2642188590071862,H,0.4853884332565188,0.26296382238238764,0.2516477443610935,H,0.036818793312345055,False
367857376,Ligue 1,2025-09-14T15:15:00.000000Z,Brest,Paris,A,0.3709193682259109,0.2325486924187205,0.3965319393553686,A,0.35299606219994706,0.2696329372010734,0.37737100059897954,A,0.03708424478235289,False
367857377,Ligue 1,2025-09-14T18:45:00.000000Z,Rennes,Olympique Lyonnais,H,0.24560689901073451,0.24552441757693003,0.5088686834123355,A,0.23338348404225007,0.283073314471488,0.48354320148626195,A,0.037548896894557954,False
367857748,Bundesliga,2025-09-14T15:30:00.000000Z,Borussia Mönchengladbach,Werder Bremen,A,0.4107251266361845,0.2566770234870268,0.33259784987678864,H,0.3897983320689901,0.29454996141502765,0.31565170651598234,H,0.03787293792800078,False
367857752,Serie A,2025-09-14T16:00:00.000000Z,Sassuolo,Lazio,H,0.23063403140343222,0.23781125490811178,0.531554713688456,A,0.2193520014071153,0.27509558902244774,0.5055524095704369,A,0.03728433411433596,False
367857768,La Liga,2025-09-14T16:30:00.000000Z,Osasuna,Rayo Vallecano,H,0.37626339937043357,0.28210981504385796,0.3416267855857085,H,0.3561542906453845,0.32047690524206285,0.32336880411255264,H,0.03836709019820489,False
367857785,Serie A,2025-09-14T18:45:00.000000Z,AC Milan,Bologna,H,0.5818539938352225,0.22511269196213177,0.19303331420264583,H,0.5542410418150348,0.2618863951326931,0.1838725630522722,H,0.03677370317056136,False
367857786,La Liga,2025-09-13T16:30:00.000000Z,Athletic Club,Deportivo Alavés,A,0.5759957690267681,0.22063423864271572,0.20336999233051625,H,0.5489680152238541,0.25720483004823413,0.19382715472791182,H,0.03657059140551841,False
367857787,La Liga,2025-09-13T19:00:00.000000Z,Atlético de Madrid,Villarreal,H,0.40628128611164754,0.2529249629872205,0.34079375090113195,H,0.3857400417467015,0.29069645633139957,0.3235635019218989,H,0.03777149334417906,False
367857788,La Liga,2025-09-14T19:00:00.000000Z,FC Barcelona,Valencia,H,0.8325938838133288,0.09282930035449535,0.07457681583217593,H,0.8102275746134038,0.11719899698552737,0.07257342840106878,H,0.024369696631032015,False
367857789,La Liga,2025-09-13T14:15:00.000000Z,Real Sociedad,Real Madrid,A,0.16866048297947542,0.1912416523608382,0.6400978646596863,A,0.16137825428716152,0.2261612917469237,0.6124604539659148,A,0.0349196393860855,False
368374796,La Liga,2026-01-11T15:15:00.000000Z,Levante,Espanyol,D,0.2843022617488753,0.2748770044867385,0.4408207337643863,A,0.2693015060609985,0.31313696356143567,0.4175615303775659,A,0.0382599590746972,False
368374797,La Liga,2025-12-13T20:00:00.000000Z,Getafe,Espanyol,A,0.32947448925013106,0.2991798515701056,0.37134565917976337,A,0.31136524529637083,0.337699747494407,0.35093500720922216,A,0.038519895924301384,False
368374798,La Liga,2025-09-15T19:00:00.000000Z,Espanyol,Mallorca,H,0.5700230881268469,0.23416369332056183,0.1958132185525913,H,0.5423737657038943,0.2713110570109795,0.1863151772851262,H,0.037147363690417684,False
368374799,La Liga,2025-12-12T20:00:00.000000Z,Real Sociedad,Girona,A,0.6194125766699061,0.20563031585471356,0.17495710747538035,H,0.5914984204318692,0.24142900691972968,0.16707257264840117,H,0.035798691065016125,False
368374800,La Liga,2025-09-27T14:15:00.000000Z,Atlético de Madrid,Real Madrid,H,0.3315458103892332,0.26299383016282657,0.4054603594479403,A,0.3144392888980803,0.3010205869136678,0.38454012418825195,A,0.03802675675084122,False
368374801,La Liga,2025-10-03T19:00:00.000000Z,Osasuna,Getafe,H,0.39952226597403306,0.2825176306524804,0.31796010337348646,H,0.3781550315200937,0.32088999511892735,0.3009549733609789,H,0.03837236446644693,False
368374802,La Liga,2025-10-27T20:00:00.000000Z,Real Betis,Atlético de Madrid,A,0.3542744471514907,0.2736734124211655,0.37205214042734386,A,0.33562262263228976,0.3119130206234402,0.3524643567442701,A,0.03823960820227468,False
368374803,La Liga,2025-12-14T13:00:00.000000Z,Sevilla,Real Oviedo,H,0.5308258238828929,0.24806913350722426,0.2211050426098829,H,0.5042617297714413,0.28569797785528295,0.21004029237327573,H,0.03762884434805869,False
368374804,La Liga,2025-12-06T20:00:00.000000Z,Athletic Club,Atlético de Madrid,H,0.2757932644060269,0.267999019979747,0.45620771561422596,A,0.2614257365269867,0.3061328174478478,0.4324414460251656,A,0.03813379746810075,False
368374805,La Liga,2026-01-24T13:00:00.000000Z,Rayo Vallecano,Osasuna,A,0.4442508858717856,0.27331556527542356,0.28243354885279087,H,0.420877288390221,0.31154898250325697,0.2675737291065221,H,0.03823341722783341,False
368374806,La Liga,2026-01-10T13:00:00.000000Z,Real Oviedo,Real Betis,D,0.23352975452375777,0.24931274681241497,0.5171574986638272,A,0.22181212616456578,0.2869793570684538,0.49120851676698046,A,0.03766661025603882,False
368374807,La Liga,2026-05-17T17:00:00.000000Z,Levante,Mallorca,H,0.4621462545036558,0.25315891926010115,0.2846948262362431,H,0.4387691523865359,0.29093696038794215,0.27029388722552194,H,0.037778041127841,False
368374808,La Liga,2026-01-24T17:30:00.000000Z,Sevilla,Athletic Club,H,0.35131279429575296,0.27990969353611644,0.3687775121681306,A,0.33260908373274983,0.3182469271638401,0.34914398910341005,A,0.03833723362772368,False
368374809,La Liga,2026-02-08T15:15:00.000000Z,Athletic Club,Levante,H,0.6017741139988945,0.2066952464768871,0.1915306395242184,H,0.5745732664799866,0.242553488190233,0.1828732453297803,H,0.035858241713345895,False
368374810,La Liga,2026-03-08T13:00:00.000000Z,Villarreal,Elche,H,0.6295209380327895,0.17825064010627328,0.19222842186093714,H,0.6034731227751214,0.2122523296791528,0.18427454754572578,H,0.03400168957287952,False
368374811,La Liga,2026-03-07T17:30:00.000000Z,Atlético de Madrid,Real Sociedad,H,0.5749299134958801,0.2102786577204782,0.21479142878364174,H,0.5486825996253203,0.24633185908384567,0.2049855412908341,H,0.036053201363367454,False
368374812,La Liga,2026-03-14T15:15:00.000000Z,Atlético de Madrid,Getafe,H,0.6620864117573432,0.1844204809826513,0.1534931072600056,H,0.6341176403204823,0.2188733209003829,0.14700903877913477,H,0.0344528399177316,False
368374813,La Liga,2026-05-09T12:00:00.000000Z,Elche,Deportivo Alavés,D,0.3827529466511326,0.2652709551800558,0.3519760981688117,H,0.36291691479108934,0.30334801995267907,0.33373506525623176,H,0.03807706477262329,False
368374814,La Liga,2026-03-21T15:15:00.000000Z,Espanyol,Getafe,A,0.421937688940435,0.2761257115720226,0.3019365994875425,H,0.39962455498587585,0.31440601785259,0.2859694271615342,H,0.03828030628056739,False
368374815,La Liga,2026-03-14T17:30:00.000000Z,Real Oviedo,Valencia,H,0.3054770661454167,0.28965380382446354,0.40486913003011976,A,0.28894133057147575,0.328105452631127,0.3829532167973973,A,0.03845164880666346,False
368374816,La Liga,2026-03-21T17:30:00.000000Z,Levante,Real Oviedo,H,0.45297904096616737,0.2534550076806031,0.2935659513532296,H,0.4300515611299999,0.29124129293937995,0.27870714593062024,H,0.037786285258776864,False
368374817,La Liga,2026-04-25T19:00:00.000000Z,Atlético de Madrid,Athletic Club,H,0.4945069184926285,0.23398477958507305,0.27150830192229847,H,0.470530622457979,0.2711252259668953,0.2583441515751258,H,0.03714044638182226,False
368374818,La Liga,2026-04-25T12:00:00.000000Z,Deportivo Alavés,Mallorca,H,0.4464198058978265,0.2598795129254095,0.29370068117676407,H,0.4235272895561568,0.29783307170868056,0.27863963873516273,H,0.03795355878327106,False
368374819,La Liga,2026-04-21T19:30:00.000000Z,Girona,Real Betis,A,0.3000139231722633,0.2733651757372098,0.42662090109052686,A,0.2842277046076206,0.3115994551039936,0.40417284028838574,A,0.03823427936678381,False
368374820,La Liga,2026-05-12T18:00:00.000000Z,Real Betis,Elche,H,0.582097765917014,0.20586596628908121,0.21203626779390483,H,0.5558477311847931,0.24167789890165564,0.2024743699135512,H,0.035811932612574426,False
368374821,La Liga,2026-05-08T19:00:00.000000Z,Levante,Osasuna,H,0.3582984185399639,0.28049495633964705,0.361206625120389,A,0.33920321000587883,0.318840363796387,0.3419564261977342,A,0.03834540745673998,False
368374822,La Liga,2026-05-23T19:00:00.000000Z,Espanyol,Real Sociedad,D,0.36374959559088527,0.265799278641204,0.3704511257679107,A,0.3448792483190901,0.3038876304831824,0.3512331211977275,A,0.038088351841978396,False
368374823,La Liga,2025-11-01T15:15:00.000000Z,Atlético de Madrid,Sevilla,H,0.6699468242430845,0.17271142014334276,0.15734175561357278,H,0.6427594277792658,0.2062839691825357,0.1509566030381986,H,0.033572549039192934,False
368374824,La Liga,2025-09-21T19:00:00.000000Z,FC Barcelona,Getafe,H,0.8595346181987396,0.07874724246585173,0.06171813933540866,H,0.8389901461253899,0.10076689257525608,0.060242961299354,H,0.02201965010940435,False
368374825,La Liga,2025-09-20T16:30:00.000000Z,Deportivo Alavés,Sevilla,A,0.3921164929476929,0.27400053279839004,0.3338829742539171,H,0.37146003411438683,0.3122457440480293,0.3162942218375839,H,0.038245211249639255,False
368374826,La Liga,2025-09-21T16:30:00.000000Z,Elche,Real Oviedo,H,0.5241817680935543,0.2692034598370827,0.20661477206936302,H,0.49681227289373614,0.3073610868579119,0.1958266402483519,H,0.0381576270208292,False
368374827,La Liga,2025-09-19T19:00:00.000000Z,Real Betis,Real Sociedad,H,0.5041316907449883,0.23928294801887506,0.2565853612361366,H,0.4793879586209533,0.27662037254894306,0.24399166883010365,H,0.037337424530068,False
368374828,La Liga,2025-09-20T14:15:00.000000Z,Real Madrid,Espanyol,H,0.819916253746273,0.09864995463405177,0.08143379161967514,H,0.7969338664877547,0.12391494444665005,0.07915118906559525,H,0.025264989812598268,False
368374829,La Liga,2025-09-23T19:30:00.000000Z,Levante,Real Madrid,A,0.11198299179735291,0.13050575387450386,0.7575112543281431,A,0.1081861855474642,0.15998613419784513,0.7318276802546908,A,0.029480380323341243,False
368374830,La Liga,2025-09-20T19:00:00.000000Z,Valencia,Athletic Club,H,0.24032769686908195,0.27818247881324853,0.4814898243176695,A,0.22757175065059196,0.3164946067942266,0.4559336425551815,A,0.03831212798097805,False
368374831,La Liga,2025-09-20T16:30:00.000000Z,Villarreal,Osasuna,H,0.662526452428825,0.18425809911983923,0.15321544845133572,H,0.6345540178422907,0.21869942124096134,0.14674656091674793,H,0.03444132212112211,False
368374832,La Liga,2025-09-24T19:30:00.000000Z,Atlético de Madrid,Rayo Vallecano,H,0.5990162768363836,0.21011310689751345,0.19087061626610297,H,0.571681769873965,0.24615748434425624,0.18216074578177888,H,0.0360443774467428,False
368374833,La Liga,2025-09-24T17:00:00.000000Z,Getafe,Deportivo Alavés,D,0.3833811410674675,0.2969720000588715,0.31964685887366096,H,0.3623817217930483,0.33547984030191075,0.3021384379050409,H,0.03850784024303927,False
368374834,La Liga,2025-09-23T17:00:00.000000Z,Espanyol,Valencia,D,0.43303165015826606,0.2687885225200303,0.2981798273217035,H,0.41043908688590053,0.30693802398120146,0.28262288913289796,H,0.03814950146117113,False
368374835,La Liga,2025-09-25T17:30:00.000000Z,Osasuna,Elche,D,0.41978910886066895,0.26121568338109435,0.3189952077582368,H,0.39820508760884454,0.29920127198699037,0.30259364040416525,H,0.037985588605896015,False
368374836,La Liga,2025-09-25T19:30:00.000000Z,Real Oviedo,FC Barcelona,A,0.032047644720488336,0.055281649804012546,0.9126707054754992,A,0.031456330785328064,0.07271273187399609,0.8958309373406759,A,0.01743108206998354,False
368374837,La Liga,2025-09-28T16:30:00.000000Z,FC Barcelona,Real Sociedad,H,0.8853899360602179,0.06369476216301422,0.05091530177676797,H,0.8672490748670068,0.08287883311559163,0.04987209201740159,H,0.019184070952577417,False
368374838,La Liga,2025-09-24T19:30:00.000000Z,Real Sociedad,Mallorca,H,0.5279909529832163,0.2377960916687787,0.23421295534800513,H,0.5021638761944988,0.27507987230537,0.22275625150013129,H,0.037283780636591324,False
368374839,La Liga,2025-09-23T19:30:00.000000Z,Sevilla,Villarreal,A,0.2266975787421066,0.2308480187907855,0.5424544024671079,A,0.2157875567204442,0.26786414000196107,0.5163483032775948,A,0.03701612121117556,False
368374840,La Liga,2025-09-26T19:00:00.000000Z,Girona,Espanyol,D,0.268269337180764,0.260101794772425,0.471628868046811,A,0.25450633172349535,0.29806074730641813,0.4474329209700866,A,0.03795895253399312,False
368374841,La Liga,2025-09-27T16:30:00.000000Z,Mallorca,Deportivo Alavés,H,0.32830092295453134,0.29261907105838963,0.3790800059870791,A,0.31044324496045833,0.3310965164901743,0.3584602385493674,A,0.03847744543178466,False
368374842,La Liga,2025-09-28T12:00:00.000000Z,Rayo Vallecano,Sevilla,A,0.45819594749964593,0.2566479347424833,0.2851561177578707,H,0.43485185460748604,0.29452011531859756,0.27062803007391634,H,0.037872180576114245,False
368374843,La Liga,2025-09-28T19:00:00.000000Z,Real Betis,Osasuna,H,0.5744615377862592,0.22316511505435288,0.20237334715938793,H,0.5473319618701147,0.25985199415622895,0.19281604397365634,H,0.03668687910187607,False
368374844,La Liga,2025-09-30T18:00:00.000000Z,Valencia,Real Oviedo,A,0.568129228992594,0.22931625937654887,0.20255451163085708,H,0.5408881588047171,0.266269559435069,0.19284228176021395,H,0.036953300058520155,False
368374845,La Liga,2025-09-27T19:00:00.000000Z,Villarreal,Athletic Club,H,0.5390533047599646,0.23599477725088955,0.22495191798914588,H,0.5127943302777166,0.2732118640794483,0.2139938056428352,H,0.03721708682855876,False
368374846,La Liga,2025-10-19T16:30:00.000000Z,Levante,Rayo Vallecano,A,0.32570091960594677,0.26287790436576686,0.4114211760282864,A,0.3088997790642891,0.3009020276629792,0.3901981932727317,A,0.03802412329721233,False
368374847,La Liga,2025-10-04T16:30:00.000000Z,Athletic Club,Mallorca,H,0.6311409108604069,0.1987268362011925,0.17013225293840062,H,0.6032616830653692,0.23412127296673807,0.16261704396789273,H,0.03539443676554557,False
368374848,La Liga,2025-10-05T19:00:00.000000Z,Celta de Vigo,Atlético de Madrid,D,0.22958666621277002,0.23800568217573356,0.5324076516114964,A,0.2183508703263704,0.2752971014158007,0.5063520282578289,A,0.03729141924006715,False
368374849,La Liga,2025-10-05T12:00:00.000000Z,Deportivo Alavés,Elche,H,0.38566400851797106,0.28338666196221973,0.33094932951980915,H,0.36500702450426303,0.32176999548805646,0.31322298000768056,H,0.03838333352583673,False
368374850,La Liga,2025-10-05T16:30:00.000000Z,Espanyol,Real Betis,A,0.33110914390906937,0.27347708633029505,0.3954137697606356,A,0.3136831801768235,0.31171330594895563,0.37460351387422086,A,0.03823621961866058,False
368374851,La Liga,2025-10-05T14:15:00.000000Z,Sevilla,FC Barcelona,H,0.0817285453644439,0.11072754589132765,0.8075439087442283,A,0.07924773153689517,0.13772080009368112,0.7830314683694237,A,0.02699325420235346,False
368374852,La Liga,2025-10-18T14:15:00.000000Z,FC Barcelona,Girona,H,0.9571332523921239,0.025808050505876843,0.0170586971019993,H,0.9472820150973107,0.035834863429968514,0.016883121472720787,H,0.01002681292409167,False
368374853,La Liga,2025-10-04T19:00:00.000000Z,Real Madrid,Villarreal,H,0.6018047077744783,0.18831154744134287,0.20988374478417895,H,0.5760601408244446,0.2230347183296909,0.20090514084586453,H,0.03472317088834809,False
368374854,La Liga,2025-10-04T14:15:00.000000Z,Girona,Valencia,H,0.3429138411159811,0.2838808236645273,0.3732053352194916,A,0.3245310641334802,0.3222702309530326,0.35319870491348715,A,0.03838940728850526,False
368374855,La Liga,2025-10-04T12:00:00.000000Z,Real Oviedo,Levante,A,0.3553201840957445,0.25444289532951386,0.39023692057474174,A,0.3372989201540422,0.2922563435046329,0.37044473634132496,A,0.03781344817511911,False
368374856,La Liga,2025-10-05T16:30:00.000000Z,Real Sociedad,Rayo Vallecano,A,0.393402601733174,0.26366055473898875,0.3429368435278373,H,0.37307810342831377,0.301702320962893,0.3252195756087932,H,0.03804176622390426,False
368374857,La Liga,2025-10-19T19:00:00.000000Z,Getafe,Real Madrid,A,0.16142709593658555,0.19489904413194292,0.6436738599314715,A,0.15437803730020866,0.2300554954896905,0.6155664672101009,A,0.03515645135774759,False
368374858,La Liga,2025-10-18T19:00:00.000000Z,Atlético de Madrid,Osasuna,H,0.7154193951504163,0.16161929389950555,0.1229613109500781,H,0.6875648105155467,0.19426133085379868,0.11817385863065454,H,0.03264203695429313,False
368374859,La Liga,2025-10-25T19:00:00.000000Z,Valencia,Villarreal,A,0.26899190447521093,0.26263496661132363,0.46837312891346555,A,0.25512266706123915,0.3006535483555606,0.4442237845832004,A,0.038018581744237,False
368374860,La Liga,2025-10-18T12:00:00.000000Z,Sevilla,Mallorca,A,0.49746030689315607,0.2459470706763808,0.2565926224304631,H,0.47267979789463194,0.28350949554032234,0.24381070656504578,H,0.03756242486394154,False
368374861,La Liga,2025-10-19T14:15:00.000000Z,Celta de Vigo,Real Sociedad,D,0.4904747959365446,0.2522309300405973,0.2572942740228581,H,0.46571266891852253,0.28998282441699774,0.2443045066644798,H,0.03775189437640042,False
368374862,La Liga,2025-10-20T19:00:00.000000Z,Deportivo Alavés,Valencia,D,0.4962583677078388,0.2685371141872926,0.23520451810486862,H,0.4703793446930281,0.30668164955071703,0.22293900575625494,H,0.03814453536342444,False
368374863,La Liga,2025-10-19T12:00:00.000000Z,Elche,Athletic Club,D,0.2894188779233113,0.2770473015630944,0.4335338205135944,A,0.27408835187929353,0.31534212618374896,0.41056952193695745,A,0.03829482462065459,False
368374864,La Liga,2025-10-17T19:00:00.000000Z,Real Oviedo,Espanyol,A,0.2432401191720058,0.25223886178267835,0.5045210190453159,A,0.23095968674489742,0.28999098162521914,0.47904933162988345,A,0.03775211984254079,False
368374865,La Liga,2025-11-02T20:00:00.000000Z,Real Betis,Mallorca,H,0.6197604451711691,0.20168991631644112,0.17854963851238972,H,0.5921445830475216,0.2372617592352546,0.17059365771722385,H,0.03557184291881349,False
368374866,La Liga,2025-10-18T16:30:00.000000Z,Villarreal,Real Betis,D,0.4963822701254757,0.2283281015011715,0.2752896283733529,H,0.4726383981684562,0.265240134531994,0.26212146729954966,H,0.03691203303082252,False
368374867,La Liga,2025-10-25T14:15:00.000000Z,Espanyol,Elche,H,0.4974237528046183,0.24028858989459986,0.2622876573007819,H,0.47295365479559787,0.2776615793407879,0.24938476586361427,H,0.037372989446188026,False
368374868,La Liga,2025-10-25T12:00:00.000000Z,Girona,Real Oviedo,D,0.4271825495112197,0.26419125170038393,0.30862619878839637,H,0.40509010830762804,0.30224479936401744,0.2926650923283546,H,0.0380535476636335,False
368374869,La Liga,2025-10-26T17:30:00.000000Z,Osasuna,Celta de Vigo,A,0.3757527448664322,0.2770391390220085,0.3472081161115594,H,0.3558494020702971,0.315333836907313,0.32881676102239,H,0.038294697885304485,False
368374870,La Liga,2025-10-26T20:00:00.000000Z,Rayo Vallecano,Deportivo Alavés,H,0.42009557460930624,0.2750015817812738,0.30490284360941994,H,0.39792489594452346,0.3132636057927192,0.2888114982627574,H,0.038262024011445406,False
368374871,La Liga,2025-10-26T15:15:00.000000Z,Real Madrid,FC Barcelona,H,0.4044090459479223,0.22659678204445935,0.36899417200761836,H,0.38514645357639204,0.26343510471695913,0.3514184417066488,H,0.036838322672499785,False
368374872,La Liga,2025-11-02T17:30:00.000000Z,FC Barcelona,Elche,H,0.8644998456700796,0.07289332322195237,0.06260683110796783,H,0.8449557206601179,0.09385282816492425,0.06119145117495783,H,0.02095950494297187,False
368374873,La Liga,2025-11-02T13:00:00.000000Z,Levante,Celta de Vigo,A,0.3511821214668775,0.2681799871340449,0.3806378913990777,A,0.33288092486883736,0.30631741245028027,0.3608016626808825,A,0.03813742531623543,False
368374874,La Liga,2025-10-31T20:00:00.000000Z,Getafe,Girona,H,0.5199899270191393,0.25071013253411445,0.22929994044674631,H,0.4938214214627578,0.28841816309640583,0.2177604154408364,H,0.037708030562291384,False
368374875,La Liga,2025-11-01T20:00:00.000000Z,Real Madrid,Valencia,H,0.8539159403758316,0.08159802240898684,0.06448603721518165,H,0.832979462061896,0.10411558201660702,0.06290495592149707,H,0.022517559607620183,False
368374876,La Liga,2025-11-03T20:00:00.000000Z,Real Oviedo,Osasuna,D,0.29873220848888277,0.27875383502246137,0.42251395648865586,A,0.2828602402857863,0.31707443076617325,0.4000653289480403,A,0.03832059574371188,False
368374877,La Liga,2025-11-01T17:30:00.000000Z,Real Sociedad,Athletic Club,H,0.34642159281975277,0.3007791832301336,0.35279922395011365,A,0.32733368256857803,0.3393064126895303,0.3333599047418917,D,0.03852722945939674,True
368374878,La Liga,2025-11-08T17:30:00.000000Z,Atlético de Madrid,Levante,H,0.7784536408642706,0.12072041859937938,0.10082594053635008,H,0.7533984636563943,0.1490207624744503,0.09758077386915542,H,0.028300343875070938,False
368374879,La Liga,2025-11-08T15:15:00.000000Z,Sevilla,Osasuna,H,0.40033337364187155,0.27633966429143686,0.32332696206669165,H,0.37915458600295204,0.3146233787698389,0.3062220352272091,H,0.038283714478402064,False
368374880,La Liga,2026-02-22T15:15:00.000000Z,FC Barcelona,Levante,H,0.9157567867720424,0.04575065481609787,0.038492558411859765,H,0.901097343067357,0.06102628777675049,0.03787636915589257,H,0.015275632960652617,False
368374881,La Liga,2026-03-15T15:15:00.000000Z,FC Barcelona,Sevilla,H,0.8480739895649525,0.08125343847104073,0.07067257196400681,H,0.8273435256454166,0.10371143468283824,0.06894503967174513,H,0.022457996211797504,False
368374882,La Liga,2026-03-14T20:00:00.000000Z,Real Madrid,Elche,H,0.8478380550020195,0.08192400873460977,0.07023793626337071,H,0.8269913201934154,0.10449776160066904,0.06851091820591558,H,0.02257375286605927,False
368374883,La Liga,2026-03-22T17:30:00.000000Z,Athletic Club,Real Betis,H,0.42990360269479994,0.2702567943528424,0.2998396029523577,H,0.4074124043156904,0.3084346535313555,0.28415294215295406,H,0.03817785917851313,False
368374884,La Liga,2025-11-09T13:00:00.000000Z,Athletic Club,Real Oviedo,H,0.6539650717160183,0.19371613489268547,0.15231879339129634,H,0.625511486814545,0.2287970090903234,0.14569150409513154,H,0.035080874197637946,False
368374885,La Liga,2025-11-09T20:00:00.000000Z,Celta de Vigo,FC Barcelona,A,0.1729692416967403,0.18471817383162886,0.6423125844716309,A,0.1656552980125603,0.21919207974020324,0.6151526222472364,A,0.03447390590857438,False
368374886,La Liga,2025-11-07T20:00:00.000000Z,Elche,Real Sociedad,D,0.3748029180088031,0.29130516484304675,0.3338919171481501,H,0.3544593709579316,0.32977169226583086,0.3157689367762376,H,0.038466527422784114,False
368374887,La Liga,2025-11-08T20:00:00.000000Z,Espanyol,Villarreal,A,0.35121707132611624,0.25522831835520476,0.393554610318679,A,0.3333751183286957,0.2930629864923289,0.37356189517897537,A,0.03783466813712416,False
368374888,La Liga,2025-11-09T15:15:00.000000Z,Rayo Vallecano,Real Madrid,D,0.15454560417545884,0.18145738715588672,0.6639970086686544,A,0.14808095831235515,0.21569704181399757,0.6362219998736474,A,0.03423965465811085,False
368374889,La Liga,2025-11-08T13:00:00.000000Z,Girona,Deportivo Alavés,H,0.2738453996267744,0.2728509665460802,0.45330363382714545,A,0.2594497015410611,0.31107624972844344,0.42947404873049555,A,0.038225283182363234,False
368374890,La Liga,2025-11-09T17:30:00.000000Z,Mallorca,Getafe,H,0.3902293989593905,0.29138445735925805,0.31838614368135143,H,0.36904578796818466,0.3298516667434128,0.3011025452884026,H,0.038467209384154766,False
368374891,La Liga,2025-11-29T17:30:00.000000Z,Levante,Athletic Club,A,0.2664825708208015,0.2570026631858824,0.4765147659933161,A,0.25289607669228636,0.2948840485351543,0.4522198747725594,A,0.037881385349271934,False
368374892,La Liga,2025-11-22T15:15:00.000000Z,FC Barcelona,Athletic Club,H,0.753560395110951,0.1307504022185275,0.11568920267052148,H,0.7279790585009942,0.16025907425488553,0.11176186724412028,H,0.02950867203635804,False
368374893,La Liga,2025-11-22T13:00:00.000000Z,Deportivo Alavés,Celta de Vigo,A,0.43536295803356334,0.2819557125793895,0.2826813293870472,H,0.41210153349399514,0.32032078866060926,0.26757767784539566,H,0.03836507608121975,False
368374894,La Liga,2025-11-23T20:00:00.000000Z,Elche,Real Madrid,D,0.14341247593278603,0.15948147231484056,0.6971060517523735,A,0.13787548859879695,0.1919329059262166,0.6701916054749866,A,0.032451433611376035,False
368374895,La Liga,2025-11-24T20:00:00.000000Z,Espanyol,Sevilla,H,0.4861551114762688,0.2520768656351463,0.2617680228885849,H,0.46161897506966154,0.2898243738135708,0.24855665111676775,H,0.03774750817842448,False
368374896,La Liga,2025-11-23T17:30:00.000000Z,Getafe,Atlético de Madrid,A,0.18906893763207547,0.23083293656319295,0.5800981258047316,A,0.1799701561363338,0.26784844599368274,0.5521813978699835,A,0.037015509430489785,False
368374897,La Liga,2025-11-22T17:30:00.000000Z,Osasuna,Real Sociedad,A,0.3552662652362197,0.28383864031216377,0.36089509445161655,A,0.3362226815344007,0.32222753374722035,0.34154978471837893,A,0.03838889343505658,False
368374898,La Liga,2025-11-23T13:00:00.000000Z,Real Oviedo,Rayo Vallecano,D,0.27775024087188066,0.28566314876696586,0.4365866103611535,A,0.26281543952002334,0.32407348079039605,0.4131110796895807,A,0.038410332023430194,False
368374899,La Liga,2025-11-21T20:00:00.000000Z,Valencia,Levante,H,0.4876126503700742,0.24111425394092503,0.2712730956890008,H,0.4635806130262143,0.2785160124374966,0.25790337453628925,H,0.03740175849657154,False
368374900,La Liga,2025-11-29T15:15:00.000000Z,FC Barcelona,Deportivo Alavés,H,0.8515083005905311,0.0810602886232311,0.06743141078623785,H,0.8307292685310241,0.10348482366324127,0.06578590780573455,H,0.02242453504001017,False
368374901,La Liga,2025-11-28T20:00:00.000000Z,Getafe,Elche,H,0.39111379519485306,0.2802086865062198,0.3286775182989272,H,0.37028017011667064,0.318550116913682,0.3111697129696474,H,0.03834143040746224,False
368374902,La Liga,2025-11-29T13:00:00.000000Z,Mallorca,Osasuna,D,0.41211039764700136,0.27739665518493883,0.3104929471680597,H,0.39026726874952716,0.3156968730213772,0.29403585822909556,H,0.03830021783643839,False
368374903,La Liga,2025-11-30T13:00:00.000000Z,Real Sociedad,Villarreal,A,0.3304468294010972,0.26624224004720315,0.4033109305516997,A,0.3132895792129214,0.3043399439587293,0.38237047682834935,A,0.03809770391152617,False
368374904,La Liga,2026-03-21T17:30:00.000000Z,Osasuna,Girona,H,0.45896889278787295,0.24976234825935298,0.29126875895277415,H,0.43591756681523497,0.2874424022651329,0.27664003091963213,H,0.03768005400577992,False
368374905,La Liga,2026-04-22T19:30:00.000000Z,FC Barcelona,Celta de Vigo,H,0.8382185963826366,0.08723051017905291,0.07455089343831049,H,0.8166676828158481,0.11069815509461996,0.07263416208953179,H,0.02346764491556705,False
368374906,La Liga,2026-05-10T19:00:00.000000Z,FC Barcelona,Real Madrid,H,0.5853412149929701,0.19475480178105709,0.2199039832259728,H,0.5597922817374161,0.22990208903281525,0.21030562922976853,H,0.03514728725175817,False
368374907,La Liga,2026-01-31T20:00:00.000000Z,Elche,FC Barcelona,A,0.09789722039147397,0.11522703993513382,0.7868757396733922,A,0.09484392317008182,0.1428220503933086,0.7623340264366095,A,0.027595010458174793,False
368374908,La Liga,2025-12-01T20:00:00.000000Z,Rayo Vallecano,Valencia,D,0.49279734705436845,0.26359681142898506,0.24360584151664652,H,0.46734094010188276,0.3016371526796525,0.2310219072184647,H,0.038040341250667464,False
368374909,La Liga,2025-12-06T15:15:00.000000Z,Deportivo Alavés,Real Sociedad,H,0.3497250705854072,0.2872619590862191,0.36301297032837365,A,0.3308693840414621,0.32568975914333226,0.3434408568152057,A,0.038427800057113104,False
368374910,La Liga,2025-11-30T15:15:00.000000Z,Sevilla,Real Betis,A,0.29456320258263724,0.26863524378106624,0.4368015536362965,A,0.279199393337521,0.30678172136085274,0.4140188853016264,A,0.03814647757978651,False
368374911,La Liga,2025-12-08T20:00:00.000000Z,Osasuna,Levante,H,0.5154219311744452,0.23880256866819238,0.24577550015736244,H,0.4901516594957472,0.2761228003608006,0.23372554014345223,H,0.03732023169260823,False
368374912,La Liga,2025-12-06T17:30:00.000000Z,Real Betis,FC Barcelona,A,0.24826372683940476,0.21695407183328863,0.5347822013273067,A,0.2367249150889193,0.2533485128260505,0.5099265720850303,A,0.036394440992761845,False
368374913,La Liga,2025-12-05T20:00:00.000000Z,Real Oviedo,Mallorca,D,0.33169952975704103,0.2895006881419931,0.37879978210096593,A,0.3137488937867329,0.3279508918961538,0.35830021431711334,A,0.038450203754160694,False
368374914,La Liga,2026-01-31T17:30:00.000000Z,Levante,Atlético de Madrid,D,0.15145791560749677,0.17716528457498695,0.6713767998175163,A,0.14521442013597283,0.21108470568257864,0.6437008741814485,A,0.03391942110759169,False
368374915,La Liga,2025-12-07T15:15:00.000000Z,Valencia,Sevilla,D,0.40156489925300487,0.2687361385572177,0.3296989621897774,H,0.3806161185563265,0.3068846079410402,0.31249927350263323,H,0.03814846938382255,False
368374916,La Liga,2025-12-06T13:00:00.000000Z,Villarreal,Getafe,H,0.642579806686262,0.18591669229189176,0.17150350102184617,H,0.6153021077589581,0.22047476451629291,0.16422312772474906,H,0.03455807222440116,False
368374917,La Liga,2025-12-13T17:30:00.000000Z,FC Barcelona,Osasuna,H,0.8584035591035463,0.07708307411413594,0.06451336678231777,H,0.8381985549153831,0.09880658650535289,0.06299485857926405,H,0.021723512391216948,False
368374918,La Liga,2025-12-13T13:00:00.000000Z,Atlético de Madrid,Valencia,H,0.703656408099149,0.16380862260584503,0.1325349692950061,H,0.6760270465565004,0.19664202484441737,0.12733092859908227,H,0.03283340223857237,False
368374919,La Liga,2025-12-14T15:15:00.000000Z,Celta de Vigo,Athletic Club,H,0.35229075066733206,0.2921044053164525,0.35560484401621534,A,0.33314417631799087,0.330577670962812,0.3362781527191971,A,0.0384732656463595,False
368374920,La Liga,2025-12-14T20:00:00.000000Z,Deportivo Alavés,Real Madrid,A,0.18171133016242796,0.2063025974507603,0.6119860723868117,A,0.17350684986482712,0.24213896877472435,0.5843541813604485,A,0.035836371323964056,False
368374921,La Liga,2025-12-15T20:00:00.000000Z,Rayo Vallecano,Real Betis,D,0.3211171709827838,0.28339032008546544,0.39549250893175064,A,0.3039173446364427,0.32177369900884883,0.37430895635470834,A,0.03838337892338339,False
368374922,La Liga,2025-12-22T20:00:00.000000Z,Athletic Club,Espanyol,A,0.4500264365434787,0.2648078718061475,0.28516569165037386,H,0.4267247997050532,0.30287492428693474,0.27040027600801203,H,0.038067052480787233,False
368374923,La Liga,2025-12-21T17:30:00.000000Z,Elche,Rayo Vallecano,H,0.3456786704647433,0.2961094359060737,0.35821189362918304,A,0.32677019232109167,0.3346119542384858,0.33861785344042256,A,0.03850251833241208,False
368374924,La Liga,2025-12-20T15:15:00.000000Z,Levante,Real Sociedad,D,0.26414808862301,0.25591206756600965,0.47993984381098037,A,0.25071047858304374,0.29376493836895856,0.45552458304799764,A,0.03785287080294891,False
368374925,La Liga,2025-12-21T20:00:00.000000Z,Real Betis,Getafe,H,0.5873944708566852,0.21495907425111582,0.19764645489219893,H,0.5602369989803526,0.25125449056938953,0.1885085104502579,H,0.03629541631827368,False
368374926,La Liga,2025-12-20T13:00:00.000000Z,Real Oviedo,Celta de Vigo,D,0.27786242264247885,0.28301922836009646,0.43911834899742463,A,0.26298892778215294,0.3213979688911968,0.4156131033266503,A,0.03837874053110035,False
368374927,La Liga,2026-01-03T13:00:00.000000Z,Celta de Vigo,Valencia,H,0.44844231509651056,0.2692624207071658,0.2822952641963238,H,0.42502486722367033,0.3074211951933171,0.2675539375830126,H,0.03815877448615135,False
368374928,La Liga,2026-01-04T17:30:00.000000Z,Deportivo Alavés,Real Oviedo,D,0.5120999273476108,0.2658506680164661,0.2220494046359232,H,0.48553094521320256,0.30394011002534566,0.2105289447614519,H,0.03808944200887954,False
368374929,La Liga,2026-01-03T17:30:00.000000Z,Elche,Villarreal,A,0.27130359810507154,0.24053071970392126,0.48816568219100714,A,0.257949896285713,0.27791218600540735,0.46413791770887963,A,0.03738146630148609,False
368374930,La Liga,2025-12-19T20:00:00.000000Z,Valencia,Mallorca,D,0.41579197042640303,0.2762771415468507,0.30793088802674623,H,0.39379784966911485,0.31455986241638667,0.2916422879144984,H,0.03828272086953599,False
368374931,La Liga,2026-01-03T15:15:00.000000Z,Osasuna,Athletic Club,D,0.3539129549814949,0.2945060812774472,0.3515809637410579,H,0.3346034847126895,0.33299778850842005,0.33239872677889054,H,0.03849170723097284,False
368374932,La Liga,2026-01-02T20:00:00.000000Z,Rayo Vallecano,Getafe,D,0.5022645205849093,0.2661690726308544,0.23156640678423634,H,0.47618991414088413,0.30426523878115636,0.2195448470779595,H,0.03809616615030198,False
368374933,La Liga,2026-01-04T15:15:00.000000Z,Real Madrid,Real Betis,H,0.6904724347842268,0.15551495169190155,0.15401261352387166,H,0.6642365900854683,0.1876028055462825,0.1481606043682492,H,0.032087853854380954,False
368374934,La Liga,2026-01-04T20:00:00.000000Z,Real Sociedad,Atlético de Madrid,D,0.2969387771657296,0.249751661174125,0.45330956166014535,A,0.2820256156508218,0.2874313969095387,0.4305429874396396,A,0.03767973573541364,False
368374935,La Liga,2026-01-09T20:00:00.000000Z,Getafe,Real Sociedad,A,0.305374889697572,0.2836250070928432,0.41100010320958485,A,0.2890116644685885,0.3220112849199439,0.3889770506114676,A,0.03838627782710069,False
368374936,La Liga,2026-01-10T17:30:00.000000Z,Girona,Osasuna,H,0.3447297504958736,0.2785931016393295,0.37667714786479695,A,0.3264190941028744,0.3169113315467296,0.3566695743503961,A,0.038318229907400136,False
368374937,La Liga,2026-01-11T13:00:00.000000Z,Rayo Vallecano,Mallorca,H,0.473680902096755,0.26546643267465747,0.2608526652285876,H,0.4491233252247311,0.30354769046830493,0.24732898430696396,H,0.03808125779364746,False
368374938,La Liga,2026-01-10T20:00:00.000000Z,Valencia,Elche,D,0.4314694804027488,0.25890728481448044,0.30962323478277076,H,0.40938656106728044,0.2968369447159615,0.293776494216758,H,0.03792965990148106,False
368374939,La Liga,2026-01-12T20:00:00.000000Z,Sevilla,Celta de Vigo,A,0.38792316541619554,0.28441107106063757,0.3276657635231669,H,0.36710867691358307,0.322806863995625,0.3100844590907919,H,0.03839579293498746,False
368374940,La Liga,2026-01-10T15:15:00.000000Z,Villarreal,Deportivo Alavés,H,0.6592299772254413,0.1752925733774562,0.1654774493971026,H,0.6322316087112365,0.20906797162932073,0.15870041965944273,H,0.033775398251864513,False
368374941,La Liga,2026-01-18T15:15:00.000000Z,Atlético de Madrid,Deportivo Alavés,H,0.694008501903871,0.16118448959915221,0.1448070084969768,H,0.6670333738038854,0.19378806114509825,0.1391785650510164,H,0.032603571545946036,False
368374942,La Liga,2026-01-18T17:30:00.000000Z,Celta de Vigo,Rayo Vallecano,H,0.44208769304855167,0.2617176234011418,0.2961946835503066,H,0.41933464678146487,0.2997150011546179,0.2809503520639173,H,0.037997377753476114,False
368374943,La Liga,2026-01-16T20:00:00.000000Z,Espanyol,Girona,A,0.5490057352076159,0.23445353979236283,0.21654072500002122,H,0.5223577819850006,0.2716120701192586,0.20603014789574087,H,0.03715853032689573,False
368374944,La Liga,2026-01-18T13:00:00.000000Z,Getafe,Valencia,A,0.3665216915922401,0.29418720440586155,0.3392911040018984,H,0.34653451468023055,0.332676618636751,0.3207888666830184,H,0.038489414230889474,False
368374945,La Liga,2026-01-25T20:00:00.000000Z,Deportivo Alavés,Real Betis,H,0.2694467658083388,0.2574957484593532,0.47305748573230805,A,0.2556954179840174,0.2953898170459314,0.44891476497005117,A,0.03789406858657823,False
368374946,La Liga,2026-01-25T17:30:00.000000Z,Real Sociedad,Celta de Vigo,H,0.4261697230549359,0.27323186553503004,0.30059841141003407,H,0.4037508758638482,0.31146382540567935,0.2847852987304725,H,0.03823195987064931,False
368374947,La Liga,2026-01-26T20:00:00.000000Z,Girona,Getafe,D,0.40801984829544513,0.27862578231744134,0.3133543693871135,H,0.3863462222344835,0.3169444942854666,0.2967092834800499,H,0.038318711968025276,False
368374948,La Liga,2026-02-01T20:00:00.000000Z,Athletic Club,Real Sociedad,D,0.449351987321927,0.25349810940673523,0.29714990327133795,H,0.4266060571688907,0.291285590805764,0.28210835202534545,H,0.037787481399028766,False
368374949,La Liga,2026-02-01T15:15:00.000000Z,Real Betis,Valencia,H,0.5524961922942286,0.21981140339018423,0.22769240431558715,H,0.5266258380925919,0.25634333903043033,0.21703082287697775,H,0.036531935640246094,False
368374950,La Liga,2026-02-08T13:00:00.000000Z,Deportivo Alavés,Getafe,A,0.4336039863713084,0.2819358221246629,0.2844601915040287,H,0.4104373428462326,0.3203006373934954,0.2692620197602721,H,0.03836481526883251,False
368374951,La Liga,2026-02-07T20:00:00.000000Z,Real Sociedad,Elche,H,0.6001536185928121,0.20582995375569624,0.19401642765149166,H,0.5730920994710159,0.24163986512936966,0.18526803539961445,H,0.035809911373673425,False
368374952,La Liga,2026-02-08T15:15:00.000000Z,Sevilla,Girona,D,0.49629416451709946,0.256010739993376,0.24769509548952465,H,0.47104184799251864,0.29386621690162507,0.2350919351058562,H,0.03785547690824914,False
368374953,La Liga,2026-02-13T20:00:00.000000Z,Elche,Osasuna,D,0.3000444865720631,0.270490156791126,0.4294653566368109,A,0.2843402733748877,0.30867242182147725,0.4069873048036351,A,0.03818226503035127,False
368374954,La Liga,2026-02-14T15:15:00.000000Z,Getafe,Villarreal,H,0.29035679728456926,0.2749433576816595,0.4346998450337713,A,0.27503474082766166,0.3132044175636831,0.41176084160865534,A,0.03826105988202361,False
368374955,La Liga,2026-02-14T13:00:00.000000Z,Espanyol,Celta de Vigo,D,0.38127973346428184,0.27767886423075305,0.3410414023049651,H,0.36106055341810395,0.3159833945098225,0.32295605207207356,H,0.03830453027906944,False
368374956,La Liga,2026-02-14T17:30:00.000000Z,Sevilla,Deportivo Alavés,D,0.47024901734751784,0.2581067846975155,0.2716441979549667,H,0.4462200135678731,0.2960163904956323,0.25776359593649467,H,0.03790960579811675,False
368374957,La Liga,2026-02-15T17:30:00.000000Z,Levante,Valencia,A,0.3499007132460892,0.274081916373286,0.37601737038062494,A,0.3314654216815365,0.3123285132421177,0.356206065076346,A,0.038246596868831695,False
368374958,La Liga,2026-02-15T20:00:00.000000Z,Mallorca,Real Betis,A,0.28829411437467406,0.2615792060978839,0.45012667952744195,A,0.27346044904603584,0.299573346048365,0.4269662049055992,A,0.037994139950481065,False
368374959,La Liga,2026-02-15T15:15:00.000000Z,Rayo Vallecano,Atlético de Madrid,H,0.2648014955509422,0.2551387901716098,0.4800597142774482,A,0.25135195553535294,0.292971056287795,0.455676988176852,A,0.03783226611618523,False
368374960,La Liga,2026-02-14T20:00:00.000000Z,Real Madrid,Real Sociedad,H,0.7745613898539587,0.12102566116197468,0.10441294898406668,H,0.7495891077353715,0.1493642737651674,0.1010466184994612,H,0.028338612603192717,False
368374961,La Liga,2026-02-20T20:00:00.000000Z,Athletic Club,Elche,H,0.6367774622237324,0.18877215514744206,0.17445038262882556,H,0.6094967729274677,0.22352661191891207,0.16697661515362028,H,0.034754456771470016,False
368374962,La Liga,2026-02-22T17:30:00.000000Z,Celta de Vigo,Mallorca,H,0.570731358567951,0.22089545725857945,0.20837318417346945,H,0.5439327247748642,0.2574782330497083,0.1985890421754275,H,0.03658277579112884,False
368374963,La Liga,2026-02-21T20:00:00.000000Z,Atlético de Madrid,Espanyol,H,0.5959786081711381,0.20530097633779307,0.1987204154910688,H,0.5691455710043297,0.24108110023148654,0.1897733287641837,H,0.03578012389369348,False
368374964,La Liga,2026-02-22T13:00:00.000000Z,Getafe,Sevilla,A,0.3893633607303275,0.28425666181625453,0.32637997745341796,H,0.3684771077660141,0.32265060928678085,0.308872282947205,H,0.038393947470526324,False
368374965,La Liga,2026-02-21T17:30:00.000000Z,Osasuna,Real Madrid,H,0.17485421126453757,0.19768181353306966,0.6274639752023927,A,0.16715442449047654,0.233012269208515,0.5998333063010084,A,0.03533045567544535,False
368374966,La Liga,2026-02-21T15:15:00.000000Z,Real Betis,Rayo Vallecano,D,0.5538980629675009,0.21421344869062087,0.2318884883418783,H,0.528340098978677,0.25047121112739895,0.221188689893924,H,0.036257762436778085,False
368374967,La Liga,2026-02-21T13:00:00.000000Z,Real Sociedad,Real Oviedo,D,0.5883126163522537,0.21554173179558725,0.1961456518521591,H,0.5610706086614479,0.25186632790580443,0.18706306343274762,H,0.03632459611021718,False
368374968,La Liga,2026-02-27T20:00:00.000000Z,Levante,Deportivo Alavés,H,0.32633052548682057,0.2702307842291654,0.40343869028401413,A,0.3092587721601287,0.30840815062315347,0.38233307721671783,A,0.038177366393988055,False
368374969,La Liga,2026-03-08T20:00:00.000000Z,Valencia,Deportivo Alavés,H,0.44526895440640657,0.260784106605881,0.2939469389877124,H,0.42239438853956685,0.29875945268811677,0.2788461587723164,H,0.03797534608223574,False
368374970,La Liga,2026-02-28T17:30:00.000000Z,Mallorca,Real Sociedad,A,0.29629140555041894,0.2662718870000956,0.4374367074494856,A,0.28090667866958213,0.30437021321487473,0.4147231081155432,A,0.038098326214779155,False
368374971,La Liga,2026-02-28T13:00:00.000000Z,Rayo Vallecano,Athletic Club,D,0.3154992435156046,0.28436387094366267,0.4001368855407328,A,0.29857211317857923,0.3227591009779363,0.37866878584348457,A,0.03839523003427364,False
368374972,La Liga,2026-03-01T17:30:00.000000Z,Real Betis,Sevilla,D,0.5806536488535455,0.20483176505548714,0.21451458609096738,H,0.5545454277594377,0.2405853130198074,0.20486925922075494,H,0.03575354796432026,False
368374973,La Liga,2026-02-28T20:00:00.000000Z,Real Oviedo,Atlético de Madrid,A,0.19381047336778445,0.221951581897936,0.5842379447342795,A,0.18468560458345643,0.2585831921492706,0.556731203267273,A,0.0366316102513346,False
368374974,La Liga,2026-03-07T20:00:00.000000Z,Athletic Club,FC Barcelona,A,0.19502243854748194,0.19782747383059243,0.6071500876219257,A,0.18643079613364394,0.23316689195285464,0.5804023119135014,A,0.03533941812226221,False
368374975,La Liga,2026-03-06T20:00:00.000000Z,Celta de Vigo,Real Madrid,A,0.2526025858174499,0.24100218357383282,0.5063952306087174,A,0.24015617285678545,0.27840005988183547,0.48144376726137905,A,0.03739787630800265,False
368374976,La Liga,2026-03-08T15:15:00.000000Z,Getafe,Real Betis,H,0.2968643038793115,0.2962580034078379,0.4068776927128506,A,0.28062212595381564,0.3347614629781758,0.38461641106800853,A,0.038503459570337906,False
368374977,La Liga,2026-02-28T15:15:00.000000Z,FC Barcelona,Villarreal,H,0.7612609124335687,0.12482470568085902,0.11391438188557224,H,0.736203530598397,0.15363165105831153,0.1101648183432914,H,0.028806945377452514,False
368374978,La Liga,2026-03-21T13:00:00.000000Z,Elche,Mallorca,H,0.41998630518565583,0.26898134929401923,0.31103234552032494,H,0.39806640117431535,0.30713463776110705,0.29479896106457754,H,0.03815328846708782,False
368374979,La Liga,2025-09-20T12:00:00.000000Z,Girona,Levante,A,0.47458688985512065,0.23520516747502085,0.29020794266985855,H,0.4515106541259919,0.27239242699909577,0.27609691887491233,H,0.03718725952407492,False
368374980,La Liga,2026-04-04T12:00:00.000000Z,Real Sociedad,Levante,H,0.5266305926095647,0.2180883311074691,0.2552810762829662,H,0.5020811571171016,0.2545379607827294,0.24338088210016923,H,0.036449629675260276,False
368374981,La Liga,2026-03-22T20:00:00.000000Z,Real Madrid,Atlético de Madrid,H,0.576798176294745,0.20516853248023326,0.21803329122502169,H,0.550838469577776,0.2409411694860885,0.20822036093613544,H,0.03577263700585523,False
368374982,La Liga,2026-04-04T14:15:00.000000Z,Mallorca,Real Madrid,H,0.1359286703171804,0.16111554298061145,0.7029557867022082,A,0.1306467401409489,0.19371300102653363,0.6756402588325174,A,0.03259745804592218,False
368374983,La Liga,2026-04-04T19:00:00.000000Z,Atlético de Madrid,FC Barcelona,A,0.2800191259632021,0.24228731056895797,0.4776935634678398,A,0.26618213095188603,0.2797292769618036,0.4540885920863103,A,0.03744196639284564,False
368374984,La Liga,2026-04-05T16:30:00.000000Z,Real Oviedo,Sevilla,H,0.3187227810585898,0.2741834718850085,0.4070937470564017,A,0.3019270608553389,0.3124317931522399,0.3856411459924212,A,0.03824832126723138,False
368374985,La Liga,2026-03-20T20:00:00.000000Z,Villarreal,Real Sociedad,H,0.494116245096262,0.22821517342699382,0.27766858147674417,H,0.47048726727362805,0.26512245330682493,0.264390279419547,H,0.03690727987983111,False
368374986,La Liga,2026-04-05T19:00:00.000000Z,Deportivo Alavés,Osasuna,D,0.35817048339654256,0.2834192394383983,0.3584102771650592,A,0.3389850368952162,0.3218029770240932,0.3392119860806907,A,0.03838373758569491,False
368374987,La Liga,2026-04-05T12:00:00.000000Z,Getafe,Athletic Club,H,0.3067851547403423,0.29834138043085023,0.39487346482880753,A,0.2899450440167971,0.3368569626260682,0.37319799335713466,A,0.038515582195217946,False
368374988,La Liga,2026-04-03T19:00:00.000000Z,Rayo Vallecano,Elche,H,0.546688724363773,0.230514514798702,0.222796760837525,H,0.5203998810598371,0.2675170766654242,0.21208304227473862,H,0.03700256186672218,False
368374989,La Liga,2026-04-11T14:15:00.000000Z,Elche,Valencia,H,0.3391070176576511,0.28315180666516687,0.3777411756771821,A,0.3209510609063173,0.32153221201731585,0.35751672707636684,A,0.03838040535214898,False
368374990,La Liga,2026-04-04T16:30:00.000000Z,Real Betis,Espanyol,D,0.5867191738842652,0.20224107370842526,0.2110397524073094,H,0.5605337413238379,0.23784526646999962,0.20162099220616253,H,0.03560419276157434,False
368374991,La Liga,2026-04-11T16:30:00.000000Z,FC Barcelona,Espanyol,H,0.8823328432285634,0.06422403680376505,0.05344311996767144,H,0.8641444470081528,0.08351410871117632,0.052341444280670925,H,0.019290071907411263,False
368374992,La Liga,2026-04-05T14:15:00.000000Z,Valencia,Celta de Vigo,A,0.3712751212959091,0.276681217922978,0.352043660781113,H,0.35162155553892344,0.3149703260032455,0.333408118457831,H,0.03828910808026753,False
368374993,La Liga,2026-04-12T19:00:00.000000Z,Athletic Club,Villarreal,A,0.3868297372685763,0.27876246517450887,0.33440779755691497,H,0.3662767373675904,0.3170831875846465,0.31664007504776315,H,0.03832072241013762,False
368374994,La Liga,2026-04-13T19:00:00.000000Z,Levante,Getafe,H,0.344737961081032,0.28799510708857917,0.36726693183038894,A,0.3261283396120206,0.32643050741297513,0.3474411529750043,A,0.03843540032439596,False
368374995,La Liga,2026-04-11T12:00:00.000000Z,Real Sociedad,Deportivo Alavés,D,0.4863364595337354,0.23377694265194443,0.27988659781432007,H,0.46276782162487556,0.2709093299982879,0.2663228483768366,H,0.03713238734634344,False
368374996,La Liga,2026-04-12T16:30:00.000000Z,Celta de Vigo,Real Oviedo,A,0.6247165419528686,0.19871481429178528,0.1765686437553461,H,0.597122080767385,0.23410851922940243,0.16876940000321256,H,0.03539370493761715,False
368374997,La Liga,2026-04-12T14:15:00.000000Z,Mallorca,Rayo Vallecano,H,0.3171373735362772,0.2771840848892733,0.40567854157444944,A,0.30033448941494684,0.31548102834702574,0.3841844822380275,A,0.03829694345775242,False
368374998,La Liga,2026-04-12T12:00:00.000000Z,Osasuna,Real Betis,D,0.38206191309306364,0.27535650767776476,0.3425815792291716,H,0.36188551782028555,0.31362437220939204,0.32449010997032235,H,0.03826786453162728,False
368374999,La Liga,2026-04-10T19:00:00.000000Z,Real Madrid,Girona,D,0.7857345076638289,0.11494328441506702,0.09932220792110392,H,0.7612693598313498,0.14250099401763175,0.09622964615101852,H,0.02755770960256472,False
368375000,La Liga,2026-04-11T19:00:00.000000Z,Sevilla,Atlético de Madrid,H,0.27169171658351743,0.24586863282219062,0.482439650594292,A,0.2581599632625695,0.2834285546356421,0.4584114821017885,A,0.03755992181345147,False
368375001,La Liga,2026-05-10T16:30:00.000000Z,Real Oviedo,Getafe,D,0.38522307959370466,0.3060899244615929,0.3086869959447025,H,0.3638258633407652,0.34463316014219847,0.29154097651703637,H,0.03854323568060558,False
368375002,La Liga,2026-04-27T19:00:00.000000Z,Espanyol,Levante,D,0.38704457421963895,0.25393444244922164,0.35902098333113946,H,0.36743489746269375,0.2917339761400326,0.34083112639727364,H,0.03779953369081096,False
368375003,La Liga,2026-05-09T16:30:00.000000Z,Atlético de Madrid,Celta de Vigo,A,0.5779499975213183,0.20625388067310912,0.21579612180557256,H,0.5518584578239544,0.24208753145754797,0.20605401071849777,H,0.03583365078443884,False
368375004,La Liga,2026-04-25T14:15:00.000000Z,Getafe,FC Barcelona,A,0.12747030010020832,0.17060390974750989,0.7019257901522818,A,0.1223365533471933,0.20400705920232248,0.6736563874504843,A,0.0334031494548126,False
368375005,La Liga,2026-04-26T19:00:00.000000Z,Villarreal,Celta de Vigo,H,0.5365396259264464,0.2206302676602876,0.242830106413266,H,0.5113635495864126,0.2572006735172937,0.2314357768962938,H,0.036570405857006105,False
368375006,La Liga,2026-04-26T16:30:00.000000Z,Osasuna,Sevilla,H,0.49684758844223376,0.25207083035587596,0.25108158120189034,H,0.47177212184940276,0.28981816644744596,0.2384097117031513,H,0.037747336091569994,False
368375007,La Liga,2026-04-26T12:00:00.000000Z,Rayo Vallecano,Real Sociedad,D,0.4326870373969302,0.2665823684350837,0.30073059416798614,H,0.4102067215740919,0.3046871845322029,0.28510609389370517,H,0.03810481609711919,False
368375008,La Liga,2026-04-21T17:00:00.000000Z,Athletic Club,Osasuna,H,0.46761580464355396,0.2579409205042382,0.2744432748522078,H,0.4437293401786437,0.2958463284421731,0.26042433137918325,H,0.0379054079379349,False
368375009,La Liga,2026-04-25T16:30:00.000000Z,Valencia,Girona,H,0.46738112579529045,0.25923693546274457,0.2733819387419649,H,0.4434444292033644,0.2971747548219711,0.25938081597466456,H,0.03793781935922652,False
368375010,La Liga,2026-04-26T14:15:00.000000Z,Real Oviedo,Elche,A,0.4026137415084365,0.2727783388316145,0.3246079196599489,H,0.38145168156974524,0.3110023406371703,0.3075459777930845,H,0.038224001805555796,False
368375011,La Liga,2026-05-17T17:00:00.000000Z,Real Oviedo,Deportivo Alavés,A,0.34322199844260254,0.28052993631779494,0.3762480652396025,A,0.32492915501496517,0.3188758269819442,0.35619501800309056,A,0.038345890664149285,False
368375012,La Liga,2026-04-23T17:00:00.000000Z,Levante,Sevilla,H,0.40490790213052136,0.2658760461798753,0.32921605168960333,H,0.38389927850153793,0.3039660260535125,0.3121346954449496,H,0.03808997987363716,False
368375013,La Liga,2026-05-23T19:00:00.000000Z,Celta de Vigo,Sevilla,H,0.3984748493579908,0.25357601561326804,0.3479491350287411,H,0.37830103157366535,0.2913656564780039,0.3303333119483309,H,0.03778964086473585,False
368375014,La Liga,2026-04-22T17:00:00.000000Z,Elche,Atlético de Madrid,H,0.2342491066244635,0.22910775972520556,0.536643133650331,A,0.2230228304351019,0.26605240095038885,0.5109247686145092,A,0.03694464122518329,False
368375015,La Liga,2026-04-23T19:30:00.000000Z,Real Oviedo,Villarreal,D,0.23279023407716926,0.24337865516031545,0.5238311107625154,A,0.2212591432021662,0.28085732998488394,0.4978835268129499,A,0.037478674824568486,False
368375016,La Liga,2026-04-23T18:00:00.000000Z,Rayo Vallecano,Espanyol,H,0.5339819046702885,0.23946367539675234,0.22655441993295922,H,0.5077623223868517,0.2768075339958376,0.21543014361731083,H,0.03734385859908523,False
368375017,La Liga,2026-04-21T19:30:00.000000Z,Real Madrid,Deportivo Alavés,H,0.7734358356625869,0.11948633418061275,0.10707783015680042,H,0.7487138164488416,0.1476309775506783,0.10365520600048009,H,0.02814464337006556,False
368375018,La Liga,2026-04-24T19:00:00.000000Z,Real Betis,Real Madrid,D,0.26831489402017206,0.24020837750762725,0.4914767284722007,A,0.25511788848887534,0.27757855138962917,0.4673035601214955,A,0.03737017388200192,False
368375019,La Liga,2026-04-21T17:00:00.000000Z,Mallorca,Valencia,D,0.3584290245968428,0.2717829518375344,0.36978802356562285,A,0.33962391576342393,0.3099891235069445,0.3503869607296316,A,0.038206171669410094,False
368375020,La Liga,2026-05-02T16:30:00.000000Z,Deportivo Alavés,Athletic Club,A,0.3778554328227368,0.2859535741597298,0.3361909930175334,H,0.3575279224869254,0.3243671705796247,0.31810490693345,H,0.038413596419894946,False
368375021,La Liga,2026-04-22T18:00:00.000000Z,Real Sociedad,Getafe,A,0.48789210340899786,0.25081587747452294,0.2612920191164792,H,0.46333344314339114,0.28852699887397326,0.24813955798263565,H,0.03771112139945032,False
368375022,La Liga,2026-05-23T19:00:00.000000Z,Girona,Elche,D,0.4395846641362636,0.2577068710696214,0.30270846479411495,H,0.41714067199860017,0.2956063305111608,0.287252997490239,H,0.037899459441539385,False
368375023,La Liga,2026-05-03T16:30:00.000000Z,Real Betis,Real Oviedo,H,0.6249161250247747,0.19659582795362843,0.1784880470215969,H,0.597487178919463,0.2318590078483204,0.17065381323221657,H,0.035263179894691965,False
368375024,La Liga,2026-05-03T12:00:00.000000Z,Celta de Vigo,Elche,H,0.5179378704715232,0.2347723354543771,0.24728979407409976,H,0.4927791589593366,0.2719430911589574,0.2352777498817059,H,0.03717075570458028,False
368375025,La Liga,2026-05-03T19:00:00.000000Z,Espanyol,Real Madrid,A,0.1597100688123703,0.17456855829576304,0.6657213728918667,A,0.15318588645228115,0.20828756731927298,0.6385265462284458,A,0.03371900902350994,False
368375026,La Liga,2026-05-03T14:15:00.000000Z,Getafe,Rayo Vallecano,A,0.32971842949881053,0.2886129842572261,0.3816685862439634,A,0.31190125580165534,0.3270545904624249,0.36104415373591975,A,0.03844160620519882,False
368375027,La Liga,2026-05-04T19:00:00.000000Z,Sevilla,Real Sociedad,H,0.3315875647280338,0.27661820701356105,0.3917942282584052,A,0.3140368553573196,0.3149063244319093,0.37105682021077113,A,0.038288117418348255,False
368375028,La Liga,2026-05-01T19:00:00.000000Z,Girona,Mallorca,A,0.4275676467468094,0.2592628793874943,0.31316947386569627,H,0.40566884187339675,0.29720133845989566,0.29712981966670754,H,0.03793845907240134,False
368375029,La Liga,2026-05-02T19:00:00.000000Z,Osasuna,FC Barcelona,A,0.17257780663515532,0.192993498466149,0.6344286948986957,A,0.1650857601220731,0.2280277265846777,0.6068865132932492,A,0.035034228118528715,False
368375030,La Liga,2026-05-10T12:00:00.000000Z,Mallorca,Villarreal,D,0.27438185546671157,0.2567314238710563,0.4688867206622321,A,0.2604003209241257,0.29460577694695134,0.4449939021289229,A,0.03787435307589504,False
368375031,La Liga,2026-05-02T14:15:00.000000Z,Valencia,Atlético de Madrid,A,0.3358157163656565,0.2723812413088289,0.39180304232551455,A,0.31817756196574015,0.31059819002392747,0.37122424801033244,A,0.038216948715098564,False
368375032,La Liga,2026-05-10T14:15:00.000000Z,Athletic Club,Valencia,A,0.4967809974409694,0.24896163329363308,0.25425736926539766,H,0.4718730792802284,0.28661766738080957,0.241509253338962,H,0.03765603408717649,False
368375033,La Liga,2026-05-02T12:00:00.000000Z,Villarreal,Levante,H,0.6089292986340447,0.18993034547654147,0.20114035588941395,H,0.5827457397680988,0.22476280719633548,0.19249145303556572,H,0.03483246171979407,False
368375034,La Liga,2026-05-12T19:30:00.000000Z,Osasuna,Atlético de Madrid,A,0.30430863656439344,0.2692471306188054,0.42644423281680116,A,0.2884182382876143,0.30740560770793396,0.4041761540044518,A,0.03815847708912856,False
368375035,La Liga,2026-05-11T19:00:00.000000Z,Rayo Vallecano,Girona,D,0.5493084712943226,0.2362139681662363,0.21447756053944117,H,0.5225363476751385,0.2734392707629323,0.20402438156192934,H,0.037225302596695986,False
368375036,La Liga,2026-05-09T19:00:00.000000Z,Real Sociedad,Real Betis,D,0.3638439481864172,0.27177577328731223,0.36438027852627064,A,0.34475499675163357,0.3099818145493456,0.34526318869902095,A,0.03820604126203336,False
368375037,La Liga,2026-05-09T14:15:00.000000Z,Sevilla,Espanyol,H,0.4616407101672675,0.2656645800374424,0.27269470979529,H,0.4376982293968655,0.30375006791633463,0.2585517026867999,H,0.038085487878892155,False
368375038,La Liga,2026-05-13T17:00:00.000000Z,Espanyol,Athletic Club,H,0.30493689747587477,0.27774517666013293,0.4173179258639924,A,0.2887642510671331,0.31605071453230194,0.395185034400565,A,0.038305537872169004,False
368375039,La Liga,2026-05-23T19:00:00.000000Z,Real Madrid,Athletic Club,H,0.6570022613788,0.16892422514670302,0.17407351347449698,H,0.6307042633457871,0.2021899083522828,0.16710582830193013,H,0.033265683205579766,False
368375040,La Liga,2026-05-12T17:00:00.000000Z,Celta de Vigo,Levante,A,0.42775060915339025,0.24646842384855244,0.32578096699805736,H,0.4064184847080301,0.2840473986343178,0.30953411665765207,H,0.037578974785765384,False
368375041,La Liga,2026-05-13T19:30:00.000000Z,Getafe,Mallorca,H,0.3767055000855097,0.2837546787710456,0.3395398211434447,H,0.3565156005919276,0.3221425468671538,0.3213418525409187,H,0.038387868096108224,False
368375042,La Liga,2026-05-13T19:30:00.000000Z,Deportivo Alavés,FC Barcelona,H,0.14089148058350434,0.15584571976698217,0.7032627996495135,A,0.1355307932660915,0.1879643909970914,0.6765048157368171,A,0.032118671230109225,False
368375043,La Liga,2026-05-14T18:00:00.000000Z,Girona,Real Sociedad,D,0.35870377411389753,0.26715382066728943,0.37414240521881303,A,0.34004695393343876,0.30527045164370414,0.35468259442285716,A,0.03811663097641471,False
368375044,La Liga,2026-05-14T19:30:00.000000Z,Real Madrid,Real Oviedo,H,0.8108978765792201,0.10248706161278816,0.08661506180799172,H,0.7875583524355616,0.12831956839292868,0.08412207917150975,H,0.025832506780140527,False
368375045,La Liga,2026-05-14T17:00:00.000000Z,Valencia,Rayo Vallecano,D,0.36965639629035946,0.2715639344209422,0.3587796692886985,H,0.35027009555886507,0.30976611561596157,0.33996378882517353,H,0.03820218119501939,False
368375046,La Liga,2026-05-13T17:00:00.000000Z,Villarreal,Sevilla,A,0.5913460051639098,0.19675409333417268,0.21189990150191748,H,0.5653781567403996,0.23202712768116493,0.20259471557843547,H,0.03527303434699225,False
368375047,La Liga,2026-05-17T17:00:00.000000Z,Elche,Getafe,H,0.38654380808543526,0.29657840162349675,0.31687779029106805,H,0.36538431415283473,0.33508385619701314,0.2995318296501521,H,0.038505454573516396,False
368375048,La Liga,2026-05-17T17:00:00.000000Z,Athletic Club,Celta de Vigo,D,0.4704199036775927,0.262455398780413,0.2671246975419943,H,0.44617355799451264,0.30046986461839703,0.25335657738709044,H,0.03801446583798401,False
368375049,La Liga,2026-05-17T19:15:00.000000Z,FC Barcelona,Real Betis,H,0.703292865811814,0.1508818026747185,0.1458253315134674,H,0.6770812482345657,0.1825283080611789,0.14039044370425532,H,0.03164650538646038,False
368375050,La Liga,2026-05-17T17:00:00.000000Z,Atlético de Madrid,Girona,H,0.6058854593195977,0.19616070837097868,0.1979538323094236,H,0.579326693745189,0.23139670715175256,0.18927659910305847,H,0.03523599878077388,False
368375051,La Liga,2026-05-17T17:00:00.000000Z,Osasuna,Espanyol,A,0.5135028083616346,0.23784005636609407,0.24865713527227132,H,0.4883819002255001,0.2751254414064521,0.23649265836804764,H,0.037285385040358054,False
368375052,La Liga,2026-05-17T17:00:00.000000Z,Rayo Vallecano,Villarreal,H,0.3683975376911451,0.27511708993604134,0.3564853723728137,H,0.34895117191418984,0.3133810216194976,0.3376678064663126,H,0.038263931683456265,False
368375053,La Liga,2026-05-17T17:00:00.000000Z,Sevilla,Real Madrid,A,0.2129216748507259,0.21120129027346815,0.575877034875806,A,0.20317659036547867,0.24730334551762387,0.5495200641168975,A,0.03610205524415572,False
368375054,La Liga,2026-05-23T19:00:00.000000Z,Deportivo Alavés,Rayo Vallecano,A,0.3726607473249149,0.286134328737937,0.3412049239371481,H,0.3526065695993651,0.32454993635538365,0.3228434940452513,H,0.03841560761744661,False
368375055,La Liga,2026-05-23T19:00:00.000000Z,Getafe,Osasuna,H,0.36393758583625596,0.2826173703341717,0.35344504382957237,H,0.34447013558763623,0.3209910123974209,0.33453885201494293,H,0.03837364206324917,False
368375056,La Liga,2026-05-23T19:00:00.000000Z,Mallorca,Real Oviedo,H,0.5152188572673598,0.25041665284370496,0.23436448988893527,H,0.48930652566549776,0.2881160731595035,0.2225774011749988,H,0.03769942031579854,False
368375057,La Liga,2026-05-23T19:00:00.000000Z,Valencia,FC Barcelona,H,0.16528717134081905,0.18963993958439804,0.6450728890747829,A,0.15818645008430343,0.2244529311780373,0.6173606187376592,A,0.034812991593639264,False
368375058,La Liga,2025-11-30T20:00:00.000000Z,Girona,Real Madrid,D,0.09227947211761985,0.11929135058441646,0.7884291772979637,A,0.08933310684680336,0.1474112489626636,0.763255644190533,A,0.028119898378247146,False
368375059,La Liga,2026-03-01T20:00:00.000000Z,Girona,Celta de Vigo,A,0.30812378406869584,0.27775720719021274,0.4141190087410915,A,0.29178176771299935,0.31606292762836613,0.3921553046586344,A,0.03830572043815339,False
368375060,La Liga,2025-12-07T13:00:00.000000Z,Elche,Girona,H,0.5127926291456877,0.2510029106939411,0.23620446016037108,H,0.4869703916061583,0.2887194839385663,0.22431012445527546,H,0.03771657324462513,False
368375061,La Liga,2025-12-03T18:00:00.000000Z,Athletic Club,Real Madrid,A,0.2190887484791919,0.23382586642201159,0.5470853850987966,A,0.20847013837921843,0.27096015309635607,0.5205697085244256,A,0.037134286674344485,False
368375062,La Liga,2025-09-21T12:00:00.000000Z,Rayo Vallecano,Celta de Vigo,D,0.4585727381480082,0.26762593940795765,0.27380132244403416,H,0.4347001479027248,0.30575220466611003,0.25954764743116526,H,0.03812626525815238,False
368375063,La Liga,2025-09-28T14:15:00.000000Z,Elche,Celta de Vigo,H,0.3814020728637892,0.30050507712520846,0.3180928500110023,H,0.36039560515167657,0.33903113284857017,0.30057326199975315,H,0.03852605572336171,False
368375064,La Liga,2026-01-24T20:00:00.000000Z,Villarreal,Real Madrid,A,0.25735196056773707,0.23574401261418793,0.506904026818075,A,0.2448228306368297,0.27295166607564436,0.48222550328752595,A,0.037207653461456436,False
368375065,La Liga,2026-03-15T13:00:00.000000Z,Mallorca,Espanyol,H,0.3237772011204771,0.26678904016441657,0.4094337587151063,A,0.30694867404620896,0.30489814866879206,0.388153177284999,A,0.03810910850437549,False
368375066,La Liga,2026-04-06T19:00:00.000000Z,Girona,Villarreal,H,0.287911165527871,0.2531351387888067,0.4589536956833223,A,0.2733482516880009,0.29091251572347177,0.4357392325885273,A,0.03777737693466504,False
368375067,La Liga,2026-05-17T17:00:00.000000Z,Real Sociedad,Valencia,A,0.44268691946869293,0.25726116461485476,0.30005191591645225,H,0.42010489779367166,0.2951492153837314,0.284745886822597,H,0.037888050768876635,False
368375068,La Liga,2026-05-23T19:00:00.000000Z,Real Betis,Levante,H,0.5155507597935942,0.22247204360614647,0.2619771966002593,H,0.4912458692607453,0.25912746794098446,0.24962666279827023,H,0.03665542433483798,False
368375069,La Liga,2026-05-24T19:00:00.000000Z,Villarreal,Atlético de Madrid,H,0.42364442011014003,0.2559474916009553,0.3204080882889047,H,0.40209143300257627,0.29380129861369936,0.3041072683837245,H,0.037853807012744045,False
368375070,La Liga,2025-09-21T14:15:00.000000Z,Mallorca,Atlético de Madrid,D,0.15625305717076696,0.2018215497240985,0.6419253931051345,A,0.1492879238531329,0.23740113720927905,0.613310938937588,A,0.03557958748518056,False
368375071,La Liga,2025-09-27T12:00:00.000000Z,Getafe,Levante,D,0.5133800705997942,0.24564984005196927,0.24097008934823666,H,0.4878230777994549,0.2832027617775877,0.22897416042295735,H,0.03755292172561847,False
368375072,La Liga,2025-09-23T17:00:00.000000Z,Athletic Club,Girona,D,0.7202589934746507,0.15878682406696318,0.12095418245838616,H,0.6925273179105202,0.1911755218639978,0.11629716022548202,H,0.03238869779703463,False
368375073,La Liga,2025-10-26T13:00:00.000000Z,Mallorca,Levante,D,0.42183336687704154,0.2587778042314663,0.31938882889149206,H,0.4002492350853328,0.29670424347654195,0.30304652143812527,H,0.03792643924507566,False
368375074,La Liga,2025-12-07T20:00:00.000000Z,Real Madrid,Celta de Vigo,A,0.8241168764958796,0.09632900861588398,0.07955411488823634,H,0.8013970267081513,0.12124206375082196,0.07736090954102677,H,0.02491305513493798,False
368375075,La Liga,2025-12-21T13:00:00.000000Z,Girona,Atlético de Madrid,A,0.19351480462418033,0.21282208673798994,0.5936631086378298,A,0.18461893189965023,0.24900864384166818,0.5663724242586816,A,0.03618655710367824,False
368375076,La Liga,2025-11-23T15:15:00.000000Z,Real Betis,Girona,D,0.7142963420301793,0.15629143393675113,0.12941222403306962,H,0.6870691575669039,0.18845148769841388,0.1244793547346822,H,0.032160053761662755,False
368375077,La Liga,2026-03-14T13:00:00.000000Z,Girona,Athletic Club,H,0.31862544341272714,0.28070218680955694,0.40067236977771586,A,0.3016384158529656,0.3190504481582746,0.3793111359887599,A,0.03834826134871766,False
368375078,La Liga,2025-11-30T17:30:00.000000Z,Celta de Vigo,Espanyol,A,0.40277811685657877,0.25777465126410415,0.3394472318793171,H,0.38221055204115617,0.2956758363804024,0.3221136115784415,H,0.03790118511629825,False
368375079,La Liga,2026-02-16T20:00:00.000000Z,Girona,FC Barcelona,H,0.10435024623080051,0.13080857360925965,0.7648411801599398,A,0.10080679402456794,0.1603239642166814,0.7388692417587507,A,0.029515390607421754,False
368375080,La Liga,2025-12-21T15:15:00.000000Z,Villarreal,FC Barcelona,A,0.24902422144717098,0.22541018474022903,0.5255655938125999,A,0.23719758128474222,0.2621969477519665,0.5006054709632913,A,0.03678676301173747,False
368375081,La Liga,2026-01-04T17:30:00.000000Z,Mallorca,Girona,A,0.5217011266355983,0.2472353511948631,0.2310635221695386,H,0.4956404565052618,0.28483839668721433,0.2195211468075239,H,0.037603045492351245,False
368375082,La Liga,2026-01-03T20:00:00.000000Z,Espanyol,FC Barcelona,A,0.15840715485396564,0.17515396161063237,0.666438883535402,A,0.15192284233805056,0.20891859487711542,0.6391585627848341,A,0.033764633266483046,False
368375083,La Liga,2026-01-04T13:00:00.000000Z,Sevilla,Levante,A,0.5680754081986197,0.22171023239276086,0.21021435940861943,H,0.5413460170534381,0.2583307431954267,0.20032323975113517,H,0.036620510802665845,False
368375084,La Liga,2026-01-31T13:00:00.000000Z,Real Oviedo,Girona,H,0.35067707656648556,0.28864005548230237,0.3606828679512122,A,0.33172649595637577,0.32708192942335534,0.3411915746202689,A,0.03844187394105297,False
368375085,La Liga,2026-01-25T15:15:00.000000Z,FC Barcelona,Real Oviedo,H,0.9241335569489879,0.04313887493870087,0.0327275681123113,H,0.9099847883700547,0.05778871263680032,0.032226498993145086,H,0.014649837698099452,False
368375086,La Liga,2026-02-07T15:15:00.000000Z,FC Barcelona,Mallorca,H,0.8873643274655885,0.06124510689347261,0.05139056564093891,H,0.8697002753711216,0.07993214988417974,0.05036757474469864,H,0.01868704299070713,False
368375087,La Liga,2026-03-07T15:15:00.000000Z,Levante,Girona,D,0.3479410021913031,0.2659134150753348,0.38614558273336214,A,0.32988680885795696,0.30400418633878834,0.3661090048032547,A,0.03809077126345356,False
368375088,La Liga,2026-03-16T20:00:00.000000Z,Rayo Vallecano,Levante,D,0.5890794986377204,0.22064599654764272,0.19027450481463698,H,0.5614369778295701,0.25721713729718004,0.18134588487324985,H,0.03657114074953732,False
368375089,La Liga,2026-03-22T13:00:00.000000Z,FC Barcelona,Rayo Vallecano,H,0.8198027213433174,0.09481615697353592,0.08538112168314675,H,0.7974505945318854,0.11949622148202367,0.08305318398609099,H,0.02468006450848778,False
368375090,La Liga,2026-03-15T17:30:00.000000Z,Real Betis,Celta de Vigo,D,0.4413323541157981,0.2493313122085841,0.30933633367561797,H,0.4191871121261127,0.28699847979824755,0.29381440807563985,H,0.03766716758966346,False
368375091,La Liga,2026-03-22T15:15:00.000000Z,Celta de Vigo,Deportivo Alavés,A,0.5438668685907682,0.22835373110672738,0.22777940030250457,H,0.5178500021227909,0.2652668418287104,0.21688315604849887,H,0.03691311072198308,False
368375092,La Liga,2026-02-18T19:00:00.000000Z,Levante,Villarreal,A,0.248728777047509,0.2324829931773216,0.5187882297751695,A,0.2367117506420649,0.2695646378792285,0.4937236114787067,A,0.03708164470190692,False
368375093,La Liga,2026-03-04T18:00:00.000000Z,Rayo Vallecano,Real Oviedo,H,0.5631885280010451,0.23240086627253254,0.2044106057264224,H,0.5359840621720038,0.26947925719432325,0.19453668063367305,H,0.037078390921790716,False
368375094,La Liga,2026-03-02T20:00:00.000000Z,Real Madrid,Getafe,A,0.8042607153084862,0.11007239978015018,0.08566688491136372,H,0.7799467636660564,0.13697618387049892,0.08307705246344468,H,0.026903784090348742,False
368375095,La Liga,2026-03-09T20:00:00.000000Z,Espanyol,Real Oviedo,D,0.5227979272387975,0.23503366662917172,0.24216840613203083,H,0.49738764520044004,0.2722143998877454,0.23039795491181467,H,0.037180733258573656,False
368375096,La Liga,2026-03-08T17:30:00.000000Z,Sevilla,Rayo Vallecano,D,0.3824690828953495,0.27726396292643185,0.3402669541782187,H,0.36220183774002823,0.3155621394354159,0.3222360228245559,H,0.03829817650898404,False
368375097,La Liga,2025-11-22T20:00:00.000000Z,Villarreal,Mallorca,H,0.6639920549201624,0.17399521726580233,0.16201272781403522,H,0.6369228204549071,0.20766929057371672,0.15540788897137614,H,0.03367407330791439,False
368375098,La Liga,2026-01-17T15:15:00.000000Z,Mallorca,Athletic Club,H,0.3148975153780579,0.29885188918527134,0.3862505954366709,A,0.2975983169138713,0.3373701363273973,0.3650315467587314,A,0.03851824714212598,False
368375099,La Liga,2026-01-23T20:00:00.000000Z,Levante,Elche,H,0.33374071859602694,0.2585972184830318,0.40766206292094126,A,0.31667024983859254,0.2965191510293561,0.38681059913205124,A,0.03792193254632431,False
368375100,La Liga,2026-01-30T20:00:00.000000Z,Espanyol,Deportivo Alavés,A,0.5120164198823565,0.24372891438848396,0.2442546657291597,H,0.48663444158767316,0.2812192282426735,0.2321463301696534,H,0.03749031385418958,False
368375101,La Liga,2026-03-01T13:00:00.000000Z,Elche,Espanyol,D,0.34447037833074534,0.27497227601791724,0.3805573456513374,A,0.326291808929817,0.31323381496902714,0.3604743761011558,A,0.0382615389511099,False
368375102,La Liga,2026-03-01T15:15:00.000000Z,Valencia,Osasuna,H,0.3730300592762539,0.2878231309903938,0.3391468097333523,H,0.3528989600349731,0.32625677158009103,0.32084426838493585,H,0.03843364058969723,False
368375103,La Liga,2026-03-13T20:00:00.000000Z,Deportivo Alavés,Villarreal,D,0.3264369864678013,0.2576795802162533,0.41588343331594546,A,0.3097709242689119,0.2955783441445922,0.39465073158649583,A,0.03789876392833891,False
368375104,La Liga,2026-01-17T13:00:00.000000Z,Real Madrid,Levante,H,0.8943736578323866,0.05986545209743631,0.04576089007017708,H,0.8768670153416716,0.0782678270770276,0.04486515758130089,H,0.018402374979591296,False
368375105,La Liga,2025-11-29T20:00:00.000000Z,Atlético de Madrid,Real Oviedo,H,0.8322133979386667,0.09940140360057298,0.06838519846076026,H,0.808762866623616,0.12477892773016162,0.06645820564622232,H,0.02537752412958863,False
368375106,La Liga,2026-01-25T13:00:00.000000Z,Atlético de Madrid,Mallorca,H,0.704317453577596,0.15711086589158682,0.1385716805308171,H,0.6773813268832485,0.18934656925277274,0.13327210386397886,H,0.03223570336118592,False
368375107,La Liga,2026-02-23T20:00:00.000000Z,Deportivo Alavés,Girona,D,0.4204577707104124,0.2806672921101741,0.2988749371794136,H,0.398043075997895,0.31901507437814386,0.28294184962396113,H,0.038347782267969754,False
368375108,La Liga,2026-03-07T13:00:00.000000Z,Osasuna,Mallorca,D,0.5634811782468535,0.2275737478010554,0.208945073952091,H,0.536577298047997,0.26445388533514025,0.1989688166168627,H,0.03688013753408484,False
368375109,La Liga,2025-11-09T17:30:00.000000Z,Valencia,Real Betis,D,0.23125727301128945,0.25892983768321637,0.5098128893054943,A,0.21942082394131696,0.2968600576469822,0.4837191184117009,A,0.03793021996376583,False
368375110,La Liga,2025-12-13T15:15:00.000000Z,Mallorca,Elche,H,0.3972516585079163,0.26986022453151337,0.33288811696057036,H,0.37648410300229207,0.3080305329220664,0.31548536407564154,H,0.03817030839055302,False
368375111,La Liga,2026-01-18T20:00:00.000000Z,Real Sociedad,FC Barcelona,H,0.19118300657420192,0.184044410574545,0.6247725828512531,A,0.1831167683070058,0.21847054665061774,0.5984126850423765,A,0.034426136076072755,False
368375112,La Liga,2026-02-02T20:00:00.000000Z,Mallorca,Sevilla,H,0.3601018007777497,0.2667303076397086,0.37316789158254177,A,0.34138737648593837,0.30483819855699373,0.35377442495706785,A,0.03810789091728517,False
368375113,La Liga,2025-11-01T13:00:00.000000Z,Villarreal,Rayo Vallecano,H,0.5615423696259131,0.21219585539302221,0.22626177498106467,H,0.5357719253429516,0.24834996221136452,0.21587811244568395,H,0.0361541068183423,False
368375114,La Liga,2026-01-19T20:00:00.000000Z,Elche,Sevilla,D,0.39152076191020924,0.2721719279527671,0.3363073101370237,H,0.3709647249415241,0.3103851268719113,0.31865014818656456,H,0.03821319891914415,False
368375115,La Liga,2026-01-17T17:30:00.000000Z,Osasuna,Real Oviedo,H,0.5245523415307299,0.2516309081302089,0.2238167503390612,H,0.4981030321278595,0.28936564705187223,0.21253132082026832,H,0.03773473892166335,False
368375116,La Liga,2026-02-06T20:00:00.000000Z,Celta de Vigo,Osasuna,A,0.44474610798994435,0.26232472787966193,0.29292916413039377,H,0.42182891180299237,0.30033618796831824,0.2778349002286895,H,0.0380114600886563,False
368375117,La Liga,2026-03-15T20:00:00.000000Z,Real Sociedad,Osasuna,H,0.4611094234811257,0.2582109820730716,0.28067959444580276,H,0.43754249460496386,0.2961232175130342,0.266334287882002,H,0.03791223543996264,False
368375118,La Liga,2025-10-25T16:30:00.000000Z,Athletic Club,Getafe,A,0.5962746113700785,0.22119657852844987,0.18252881010147165,H,0.5682550575497827,0.2577933478143534,0.17395159463586382,H,0.03659676928590355,False
368375119,La Liga,2025-12-07T17:30:00.000000Z,Espanyol,Rayo Vallecano,H,0.4460283837544404,0.2688261367441301,0.2851454795014296,H,0.42275609314084506,0.30697637842050723,0.2702675284386477,H,0.038150241676377206,False
368375120,La Liga,2026-02-09T20:00:00.000000Z,Villarreal,Espanyol,H,0.5257282420325264,0.2159910336131664,0.2582807243543072,H,0.5013552824264685,0.2523379850241413,0.2463067325493902,H,0.03634695141097488,False
368375121,La Liga,2025-10-24T19:00:00.000000Z,Real Sociedad,Sevilla,H,0.421808615021763,0.26869900644413247,0.30949237853410455,H,0.39980530280021753,0.30684674339423235,0.2933479538055502,H,0.038147736950099875,False
368375122,La Liga,2025-12-20T17:30:00.000000Z,Osasuna,Deportivo Alavés,H,0.3929169337862897,0.27940420832435076,0.3276788578893596,H,0.3720168378455859,0.3177342467763967,0.3102489153780174,H,0.03833003845204597,False
368375123,La Liga,2025-11-02T15:15:00.000000Z,Deportivo Alavés,Espanyol,H,0.366896894959355,0.2812612827453049,0.3518418222953401,H,0.3473172561658256,0.31961713874765835,0.3330656050865161,H,0.03835585600235347,False
368375124,La Liga,2026-01-17T20:00:00.000000Z,Real Betis,Villarreal,H,0.39143101939648917,0.2566021234825548,0.35196685712095593,H,0.37149031269841004,0.29447311040245916,0.33403657689913085,H,0.03787098691990437,False
368375125,La Liga,2026-02-01T17:30:00.000000Z,Getafe,Celta de Vigo,D,0.3037022244737037,0.29195978968222913,0.4043379858440672,A,0.28720026217742434,0.33043185841719236,0.3823678794053833,A,0.03847206873496323,False
368375126,La Liga,2026-01-31T15:15:00.000000Z,Osasuna,Villarreal,D,0.3336583345833285,0.27220596178131645,0.394135703635355,A,0.3161391525374846,0.3104197719154335,0.3734410755470819,A,0.038213810134117066,False
368375127,La Liga,2026-02-08T17:30:00.000000Z,Atlético de Madrid,Real Betis,A,0.5653692456515955,0.2136530326309606,0.22097772171744384,H,0.5393210846310134,0.24988226261050858,0.21079665275847803,H,0.03622922997954797,False
368375128,La Liga,2026-02-01T13:00:00.000000Z,Real Madrid,Rayo Vallecano,H,0.813380705297415,0.10263074534126028,0.08398854936132473,H,0.7899470177295993,0.12848416257833056,0.08156881969207017,H,0.025853417237070284,False
368375129,La Liga,2026-02-08T20:00:00.000000Z,Valencia,Real Madrid,A,0.16419247599332618,0.18361167780685814,0.6521958461998157,A,0.15727487761217848,0.218006959940375,0.6247181624474466,A,0.034395282133516863,False
368375130,La Liga,2025-12-20T20:00:00.000000Z,Real Madrid,Sevilla,H,0.7981907750305989,0.10813597761410024,0.09367324735530097,H,0.7743518972352726,0.13477251377162536,0.09087558899310205,H,0.02663653615752512,False
368375131,La Liga,2026-01-24T15:15:00.000000Z,Valencia,Espanyol,H,0.3850693496567838,0.2852723060867994,0.3296583442564168,H,0.36437765776259157,0.323678180882807,0.31194416135460157,H,0.0384058747960076,False
368375132,La Liga,2025-12-02T20:00:00.000000Z,FC Barcelona,Atlético de Madrid,H,0.5978093750348242,0.18659283965625004,0.21559778530892573,H,0.5723765362961541,0.22119793954565375,0.20642552415819204,H,0.03460509988940372,False
368375133,La Liga,2026-02-15T13:00:00.000000Z,Real Oviedo,Athletic Club,A,0.24022459267680532,0.26568515564349454,0.4940902516797001,A,0.22776511957468135,0.30377108160886573,0.468463798816453,A,0.03808592596537119,False
368375134,La Liga,2026-02-22T20:00:00.000000Z,Villarreal,Valencia,H,0.5783615575048147,0.2114562592694075,0.2101821832257778,H,0.5518724835157213,0.2475717189171128,0.20055579756716585,H,0.036115459647705295,False
368375135,La Liga,2026-03-21T20:00:00.000000Z,Sevilla,Valencia,A,0.4169781140751522,0.28220390355996394,0.30081798236488394,H,0.39468940647359824,0.32057221779768746,0.28473837572871435,H,0.03836831423772352,False
368376439,Ligue 1,2025-12-13T20:05:00.000000Z,Paris,Toulouse,A,0.3389727942473762,0.28116609986139046,0.37986110589123334,A,0.32088633912416875,0.3195206737284873,0.3595929871473441,A,0.03835457386709684,False
368376441,Ligue 1,2026-05-03T15:15:00.000000Z,Paris,Brest,H,0.4501835416455038,0.2645366306920378,0.28527982766245846,H,0.4268859882291557,0.3025977669778954,0.2705162447929489,H,0.03806113628585761,False
368376443,Ligue 1,2026-03-22T16:15:00.000000Z,Paris,Le Havre,H,0.46441456349006066,0.2665695902235013,0.26901584628643804,H,0.4402864284818637,0.30467414020405603,0.2550394313140802,H,0.038104549980554736,False
368376444,Ligue 1,2026-03-01T14:00:00.000000Z,Paris,Nice,H,0.3763733786253841,0.2797384080973453,0.34388821327727054,H,0.35634148747556554,0.3180732176980792,0.32558529482635523,H,0.03833480960073393,False
368376446,Ligue 1,2025-10-29T20:05:00.000000Z,Paris,Olympique Lyonnais,D,0.3315893281587727,0.26151552627213914,0.4068951455690882,A,0.3145301255074604,0.29950817326751855,0.38596170122502105,A,0.03799264699537941,False
368376447,Ligue 1,2025-10-29T20:05:00.000000Z,Olympique Marseille,Angers SCO,D,0.8405933856689793,0.09272108029050265,0.06668553404051805,H,0.8180306722611008,0.11707372759348325,0.06489560014541595,H,0.024352647302980604,False
368376448,Ligue 1,2026-01-24T18:00:00.000000Z,Le Havre,Monaco,D,0.3829906074894551,0.2796424946515076,0.33736689785903734,H,0.36260996366197906,0.31797594058428036,0.31941409575374063,H,0.03833344593277277,False
368376449,Ligue 1,2025-10-29T18:00:00.000000Z,Lorient,Paris Saint Germain,D,0.1849230110301238,0.17429869725069624,0.64077829171918,A,0.17737607462392932,0.20799658691649778,0.6146273384595728,A,0.033697889665801534,False
368376450,Ligue 1,2025-11-21T19:45:00.000000Z,Nice,Olympique Marseille,A,0.20233484179791736,0.22344427804248468,0.574220880159598,A,0.19277264241959088,0.26014374401559837,0.5470836135648108,A,0.03669946597311369,False
368376451,Ligue 1,2025-12-12T19:45:00.000000Z,Angers SCO,Nantes,H,0.42837824962243287,0.28036995307563295,0.29125179730193423,H,0.4055531927984382,0.3187136288523092,0.2757331783492527,H,0.038343675776676245,False
368376452,Ligue 1,2025-11-30T16:15:00.000000Z,Le Havre,LOSC Lille,A,0.20036582896621055,0.2273125138994759,0.5723216571343136,A,0.1908053139928332,0.26418152653860777,0.5450131594685591,A,0.036869012639131865,False
368376453,Ligue 1,2025-12-14T16:15:00.000000Z,Auxerre,LOSC Lille,A,0.23137090500230684,0.2613128684547665,0.5073162265429266,A,0.2194723756272976,0.2993007500060128,0.48122687436668965,A,0.03798788155124633,False
368376454,Ligue 1,2026-01-04T19:45:00.000000Z,Paris Saint Germain,Paris,H,0.8368158722155893,0.08894610852302696,0.0742380192613837,H,0.8150025958505737,0.11269454707211113,0.07230285707731518,H,0.023748438549084164,False
368376456,Ligue 1,2025-10-05T18:45:00.000000Z,LOSC Lille,Paris Saint Germain,D,0.30783609589792,0.24380194872238065,0.4483619553796994,A,0.29257340612173177,0.28129468079573566,0.42613191308253245,A,0.03749273207335502,False
368376457,Ligue 1,2025-10-05T15:15:00.000000Z,Strasbourg,Angers SCO,H,0.6084654002472313,0.20351465396695087,0.188019945785818,H,0.5812094903971292,0.2391928252805266,0.1795976843223443,H,0.035678171313575785,False
368376458,Ligue 1,2025-10-05T15:15:00.000000Z,Le Havre,Rennes,D,0.4285426658182475,0.28105142307349185,0.2904059111082606,H,0.405681633255895,0.3194044463282282,0.27491392041587687,H,0.03835302325473633,False
368376459,Ligue 1,2025-10-04T15:00:00.000000Z,Metz,Olympique Marseille,A,0.13264238883207385,0.17147182725203064,0.6958857839158955,A,0.12728351032206117,0.20494515247614287,0.6677713372017959,A,0.03347332522411223,False
368376460,Ligue 1,2025-10-03T18:45:00.000000Z,Paris,Lorient,H,0.49350971875054306,0.23009705148777337,0.27639322976168357,H,0.46980192307166946,0.2670825476236995,0.263115529304631,H,0.03698549613592611,False
368376461,Ligue 1,2025-10-04T17:00:00.000000Z,Brest,Nantes,D,0.5477530661816727,0.2197717535553014,0.232475180263026,H,0.5221074249654581,0.2563018159327895,0.22159075910175224,H,0.036530062377488154,False
368376462,Ligue 1,2025-10-05T15:15:00.000000Z,Monaco,Nice,D,0.48358483894398663,0.23338412411294968,0.2830310369430637,H,0.46017120915050497,0.27050121064324967,0.2693275802062455,H,0.03711708653029999,False
368376463,Ligue 1,2025-10-19T18:45:00.000000Z,Nantes,LOSC Lille,A,0.20511189001244753,0.24078323155979411,0.5541048784277584,A,0.19501044140453788,0.27817350263670027,0.5268160559587618,A,0.03739027107690615,False
368376464,Ligue 1,2025-10-18T19:05:00.000000Z,Olympique Marseille,Le Havre,H,0.6817886227405817,0.16539141069665075,0.1528199665627676,H,0.6548560750510496,0.19836077229020502,0.14678315265874547,H,0.032969361593554264,False
368376465,Ligue 1,2025-10-19T15:15:00.000000Z,Lorient,Brest,D,0.3684664357449654,0.2662713026358848,0.3652622616191498,H,0.3493340915956651,0.30436961658897554,0.3462962918153593,H,0.03809831395309077,False
368376466,Ligue 1,2025-10-19T15:15:00.000000Z,Toulouse,Metz,H,0.7119504160462788,0.15820138754698573,0.12984819640673542,H,0.6846026811557683,0.19053690525397768,0.12486041359025411,H,0.032335517706991945,False
368376467,Ligue 1,2025-10-19T13:00:00.000000Z,Lens,Paris,H,0.5037409501528941,0.22707554011964703,0.2691835097274588,H,0.47971877081250647,0.26393442559676106,0.2563468035907325,H,0.03685888547711402,False
368376468,Ligue 1,2025-10-26T19:45:00.000000Z,Olympique Lyonnais,Strasbourg,H,0.4476924081724648,0.24208493316299812,0.3102226586645371,H,0.4255798994993256,0.2795200184648687,0.2949000820358057,H,0.03743508530187056,False
368376469,Ligue 1,2025-10-25T19:05:00.000000Z,Lens,Olympique Marseille,H,0.2688204707317959,0.24574530185060456,0.4854342274175995,A,0.25543531577053435,0.2833012810790685,0.4612634031503972,A,0.03755597922846393,False
368376470,Ligue 1,2025-10-26T16:15:00.000000Z,Auxerre,Le Havre,A,0.40803287472801286,0.2645791386735733,0.3273879865984138,H,0.3869149339462705,0.3026412046517174,0.310443861402012,H,0.0380620659781441,False
368376471,Ligue 1,2025-10-25T17:00:00.000000Z,Monaco,Toulouse,H,0.45037880795935636,0.2300114126582851,0.3196097793823586,H,0.42874744684522353,0.2669933951410237,0.3042591580137528,H,0.03698198248273862,False
368376472,Ligue 1,2025-10-26T14:00:00.000000Z,LOSC Lille,Metz,H,0.8491552241209729,0.08794972345529638,0.06289505242373068,H,0.827195867272556,0.111535561376832,0.06126857135061203,H,0.023585837921535624,False
368376473,Ligue 1,2025-10-25T15:00:00.000000Z,Brest,Paris Saint Germain,A,0.20770752300791084,0.20089903032144438,0.5913934466706448,A,0.19847361627199325,0.23642409806928938,0.5651022856587173,A,0.035525067747845,False
368376474,Ligue 1,2025-10-26T16:15:00.000000Z,Rennes,Nice,A,0.43491256978750414,0.26417679953218864,0.30091063068030716,H,0.41242098824679246,0.30223002830172135,0.28534898345148624,H,0.03805322876953271,False
368376475,Ligue 1,2025-10-26T16:15:00.000000Z,Angers SCO,Lorient,H,0.28238177368245354,0.2778637123235105,0.439754513994036,A,0.26740220129766124,0.31617104587365513,0.41642675282868374,A,0.03830733355014465,False
368376476,Ligue 1,2025-10-24T18:45:00.000000Z,Paris,Nantes,A,0.5706034515829982,0.22596653712757545,0.20343001128942634,H,0.5434670171683577,0.2627775803165061,0.1937554025151362,H,0.036811043188930664,False
368376477,Ligue 1,2025-11-02T16:15:00.000000Z,Nantes,Metz,A,0.5245697171323425,0.23808234203718556,0.23734794083047192,H,0.4988931741068549,0.27537654886541807,0.22573027702772713,H,0.03729420682823251,False
368376478,Ligue 1,2025-11-02T16:15:00.000000Z,Toulouse,Le Havre,D,0.5221347590936543,0.23502555105248252,0.24283968985386323,H,0.4967571902637095,0.2722059750583714,0.23103683467791916,H,0.03718042400588889,False
368376479,Ligue 1,2025-11-01T16:00:00.000000Z,Paris Saint Germain,Nice,H,0.7752099869310964,0.12394673109778276,0.10084328197112076,H,0.7498136596619179,0.15264674257512703,0.09753959776295502,H,0.028700011477344273,False
368376480,Ligue 1,2025-11-02T16:15:00.000000Z,LOSC Lille,Angers SCO,H,0.7895231169956748,0.11847707077767113,0.0919998122266541,H,0.7644308788741841,0.14649320200099766,0.0890759191248182,H,0.028016131223326537,False
368376481,Ligue 1,2025-11-01T18:00:00.000000Z,Monaco,Paris,A,0.5716750529819667,0.1950042402370617,0.23332070678097158,H,0.54670363976136,0.23016736595510953,0.22312899428353042,H,0.03516312571804783,False
368376482,Ligue 1,2025-11-02T19:45:00.000000Z,Brest,Olympique Lyonnais,D,0.31063888270164786,0.2697926045669525,0.4195685127313997,A,0.294401332120078,0.3079616174582598,0.3976370504216623,A,0.03816901289130731,False
368376483,Ligue 1,2025-11-02T16:15:00.000000Z,Lens,Lorient,H,0.5287380672007026,0.22018081142747795,0.2510811213718194,H,0.5039566453552893,0.25673015310335934,0.23931320154135138,H,0.03654934167588139,False
368376484,Ligue 1,2025-11-01T20:05:00.000000Z,Auxerre,Olympique Marseille,A,0.1594571070068867,0.1946210265012369,0.6459218664918764,A,0.15249997546575522,0.2297598018387974,0.6177402226954474,A,0.03513877533756052,False
368376485,Ligue 1,2025-11-02T14:00:00.000000Z,Rennes,Strasbourg,H,0.34783824621986953,0.2643006686553318,0.38786108512479867,A,0.3298454096219946,0.3023566271300163,0.367797963247989,A,0.038055958474684515,False
368376492,Ligue 1,2026-01-23T19:00:00.000000Z,Auxerre,Paris Saint Germain,A,0.11375240890224297,0.1421956866457128,0.7440519044520443,A,0.1096721524645794,0.1729648071029975,0.7173630404324232,A,0.030769120457284693,False
368376494,Ligue 1,2026-02-01T16:15:00.000000Z,Angers SCO,Metz,H,0.4785369190847813,0.2530676433535318,0.2683954375616868,H,0.4543353076671185,0.290843133456594,0.2548215588762876,H,0.03777549010306219,False
368376501,Ligue 1,2026-02-08T16:15:00.000000Z,Le Havre,Strasbourg,H,0.30833113693181957,0.28570379444602345,0.405965068622157,A,0.29175084031501697,0.3241145857731427,0.38413457391184036,A,0.038410791327119276,False
368376503,Ligue 1,2026-02-08T16:15:00.000000Z,Angers SCO,Toulouse,H,0.28382985963150187,0.2833414710739122,0.4328286692945859,A,0.2686285100389283,0.3217242432418898,0.409647246719182,A,0.038382772167977586,False
368376505,Ligue 1,2026-02-08T16:15:00.000000Z,Auxerre,Paris,D,0.37537905706168545,0.28878302071996664,0.3358379222183478,H,0.3550887611339076,0.3272263028023786,0.31768493606371384,H,0.038443282082411934,False
368376507,Ligue 1,2026-01-31T20:05:00.000000Z,Monaco,Rennes,H,0.3692757449671014,0.2540879444630623,0.3766363105698362,A,0.3505603916708821,0.291891693660093,0.35754791466902486,A,0.03780374919703067,False
368376511,Ligue 1,2026-02-15T16:15:00.000000Z,Lorient,Angers SCO,H,0.48539169961879575,0.2563802837117527,0.25822801666945155,H,0.46067550543601943,0.2942454744852161,0.24507902007876445,H,0.0378651907734634,False
368376513,Ligue 1,2026-02-13T20:05:00.000000Z,Monaco,Nantes,H,0.5624790319618589,0.21138093412795272,0.22614003391018847,H,0.5367226628137701,0.24749243806610968,0.21578489912012028,H,0.03611150393815696,False
368376519,Ligue 1,2026-02-21T16:00:00.000000Z,Lens,Monaco,A,0.6032375564966306,0.20280210160317216,0.19396034190019731,H,0.5762711971971715,0.2384390156669978,0.18528978713583083,H,0.03563691406382563,False
368376520,Ligue 1,2026-02-20T19:45:00.000000Z,Brest,Olympique Marseille,H,0.28594438138486544,0.25420458010320723,0.4598510385119274,A,0.2714488738290539,0.2920115238586538,0.4365396023122922,A,0.037806943755446576,False
368376521,Ligue 1,2026-02-22T16:15:00.000000Z,Angers SCO,LOSC Lille,A,0.27901007676593004,0.27839068417300733,0.4425992390610627,A,0.2641955009432475,0.31670591653875985,0.4190985825179927,A,0.038315232365752516,False
368376522,Ligue 1,2026-02-21T20:05:00.000000Z,Paris Saint Germain,Metz,H,0.9343565048572855,0.03732192303086492,0.028321572111849658,H,0.921549433532949,0.05051719349778572,0.027933372969265215,H,0.013195270466920796,False
368376524,Ligue 1,2026-02-22T14:00:00.000000Z,Auxerre,Rennes,A,0.31585699445251497,0.28249065403599444,0.40165235151149065,A,0.2989651304361786,0.3208626721180461,0.3801721974457753,A,0.03837201808205165,False
368376525,Ligue 1,2026-02-22T16:15:00.000000Z,Nantes,Le Havre,H,0.3642370343425548,0.291143908464,0.3446190571934452,H,0.3444721969633437,0.32960903983033935,0.32591876320631696,H,0.038465131366339333,False
368376526,Ligue 1,2026-02-22T16:15:00.000000Z,Nice,Lorient,D,0.39886061340708306,0.26001406209210176,0.34112532450081523,H,0.37840146352283116,0.2979708888807243,0.3236276475964445,H,0.037956826788622555,False
368376527,Ligue 1,2026-02-21T18:00:00.000000Z,Toulouse,Paris,D,0.5692411686595358,0.2265139482525631,0.20424488308790123,H,0.542132914242416,0.263348699203972,0.19451838655361206,H,0.03683475095140892,False
368376528,Ligue 1,2026-02-28T18:00:00.000000Z,Monaco,Angers SCO,H,0.5411165811046493,0.2240983329211266,0.23478508597422412,H,0.5155018062793552,0.26082710299175227,0.22367109072889266,H,0.036728770070625666,False
368376529,Ligue 1,2026-02-28T16:00:00.000000Z,Rennes,Toulouse,H,0.38918055555741055,0.24486293092048966,0.36595651352209985,H,0.3698397188689653,0.28239045515545513,0.3477698259755797,H,0.03752752423496547,False
368376530,Ligue 1,2026-03-01T16:15:00.000000Z,LOSC Lille,Nantes,H,0.6348803760119198,0.18954378609266245,0.17557583789541775,H,0.6076142711940107,0.22435031802161326,0.16803541078437598,H,0.03480653192895081,False
368376531,Ligue 1,2026-02-27T19:45:00.000000Z,Strasbourg,Lens,D,0.3046898103849367,0.2708255414695766,0.42448464814548675,A,0.288732502120005,0.30901409001008884,0.4022534078699062,A,0.038188548540512235,False
368376532,Ligue 1,2026-03-01T19:45:00.000000Z,Olympique Marseille,Olympique Lyonnais,H,0.47618033316770747,0.24376867899814636,0.28005098783414606,H,0.45257277185876527,0.28126030985894046,0.2661669182822943,H,0.03749163086079407,False
368376533,Ligue 1,2026-02-28T20:05:00.000000Z,Le Havre,Paris Saint Germain,A,0.1199758409382178,0.15195108879268387,0.7280730702690984,A,0.11548408284822806,0.18370106885395338,0.7008148482978187,A,0.0317499800612695,False
368376534,Ligue 1,2026-03-01T16:15:00.000000Z,Lorient,Auxerre,D,0.5246412505835885,0.24593208116638468,0.2294266682500269,H,0.4985076010161204,0.28349402796135537,0.21799837102252423,H,0.037561946794970685,False
368376535,Ligue 1,2026-03-01T16:15:00.000000Z,Metz,Brest,A,0.23828483132180933,0.2453388404591121,0.5163763282190785,A,0.2264306242053237,0.28288176603410703,0.4906876097605693,A,0.03754292557499492,False
368376536,Ligue 1,2026-03-07T16:00:00.000000Z,Nantes,Angers SCO,A,0.3676224981742271,0.29263363538623416,0.3397438664395388,H,0.3476254808752446,0.33111119728778027,0.3212633218369752,H,0.03847756190154611,False
368376537,Ligue 1,2026-03-06T19:45:00.000000Z,Paris Saint Germain,Monaco,A,0.782117003979821,0.11704587788253784,0.10083711813764122,H,0.757463480865439,0.1448779410492955,0.09765857808526546,H,0.027832063166757653,False
368376538,Ligue 1,2026-03-07T18:00:00.000000Z,Auxerre,Strasbourg,D,0.29682574546721163,0.2774045107273882,0.4257697438054002,A,0.28109284003196194,0.31570484913896907,0.403202310829069,A,0.03830033841158087,False
368376539,Ligue 1,2026-03-08T19:45:00.000000Z,Olympique Lyonnais,Paris,D,0.602488912917108,0.20294665514285723,0.1945644319400347,H,0.5755447882214662,0.23859196620580803,0.1858632455727259,H,0.035645311062950796,False
368376540,Ligue 1,2026-03-07T20:05:00.000000Z,Toulouse,Olympique Marseille,A,0.38637456124964054,0.27046423551890725,0.3431612032314523,H,0.36615284209956356,0.3086460125271031,0.3252011453733333,H,0.038181777008195916,False
368376541,Ligue 1,2026-03-08T16:15:00.000000Z,LOSC Lille,Lorient,D,0.5048996617436031,0.2411082179779037,0.2539921202784932,H,0.4800159692548807,0.2785097675666734,0.24147426317844595,H,0.037401549588769706,False
368376542,Ligue 1,2026-03-08T14:00:00.000000Z,Lens,Metz,H,0.8254980526094793,0.09808247925439416,0.07641946813612664,H,0.8024519643837904,0.12326203078657806,0.07428600482963166,H,0.025179551532183903,False
368376543,Ligue 1,2026-03-08T16:15:00.000000Z,Nice,Rennes,A,0.3593960891874371,0.2722773495980726,0.36832656121449026,A,0.3405230281521966,0.3104924398869368,0.34898453196086665,A,0.03821509028886416,False
368376544,Ligue 1,2026-03-08T16:15:00.000000Z,Brest,Le Havre,H,0.5122163010893062,0.23798302636880292,0.24980067254189098,H,0.4871501264847798,0.27527362112736786,0.2375762523878525,H,0.03729059475856494,False
368376545,Ligue 1,2026-03-13T19:45:00.000000Z,Olympique Marseille,Auxerre,H,0.6944227885500844,0.16098492045254828,0.14459229099736723,H,0.6674526328156023,0.19357078562298793,0.13897658156140985,H,0.032585865170439654,False
368376546,Ligue 1,2026-03-15T16:15:00.000000Z,Le Havre,Olympique Lyonnais,D,0.2541603858266661,0.2619407695339162,0.4838988446394177,A,0.24107369974682774,0.29994334584423027,0.4589829544089421,A,0.03800257631031406,False
368376547,Ligue 1,2026-03-14T20:05:00.000000Z,Monaco,Brest,H,0.5040703469345325,0.23759500076509266,0.25833465230037483,H,0.47942472939961944,0.2748714288115327,0.2457038417888478,H,0.03727642804644005,False
368376548,Ligue 1,2026-03-15T19:45:00.000000Z,Rennes,LOSC Lille,A,0.4116915550258263,0.26238459672407977,0.3259238482500939,H,0.3904751264466914,0.3003974350527445,0.309127438500564,H,0.038012838328664755,False
368376549,Ligue 1,2026-03-14T16:00:00.000000Z,Lorient,Lens,H,0.2517669228106584,0.250447022246679,0.49778605494266265,A,0.23910378598148915,0.28814733574314166,0.4727488782753692,A,0.03770031349646269,False
368376550,Ligue 1,2026-03-15T16:15:00.000000Z,Metz,Toulouse,A,0.18440203824860288,0.2261059554044429,0.5894920063469543,A,0.17562932830183914,0.2629230537795261,0.5614476179186348,A,0.03681709837508318,False
368376551,Ligue 1,2026-03-14T18:00:00.000000Z,Angers SCO,Nice,A,0.3918998554400188,0.29182924585255343,0.3162708987074277,H,0.3706101151548575,0.3303002256808518,0.29908965916429076,H,0.03847097982829839,False
368376552,Ligue 1,2026-04-22T17:00:00.000000Z,Paris Saint Germain,Nantes,H,0.8695141775393754,0.07257151297264328,0.05791430948798124,H,0.8499195773528246,0.09347121866386633,0.05660920398330904,H,0.020899705691223056,False
368376553,Ligue 1,2026-03-15T14:00:00.000000Z,Strasbourg,Paris,D,0.5608823194023508,0.22365393238137674,0.21546374821627248,H,0.5343614585514096,0.26036282000227373,0.20527572144631678,H,0.036708887620896996,False
368376554,Ligue 1,2026-03-21T16:00:00.000000Z,Toulouse,Lorient,H,0.48847276495935893,0.2502082765429779,0.2613189584976632,H,0.463916425836858,0.2879015547628741,0.2481820194002679,H,0.03769327821989621,False
368376555,Ligue 1,2026-03-22T14:00:00.000000Z,Olympique Lyonnais,Monaco,A,0.45589827997251386,0.2508063092833246,0.2932954107441615,H,0.43295053200230915,0.2885171512642821,0.2785323167334088,H,0.03771084198095753,False
368376556,Ligue 1,2026-03-22T19:45:00.000000Z,Nantes,Strasbourg,A,0.2625098830567692,0.2623823130583047,0.4751078038849261,A,0.2489815578426609,0.30039509884918336,0.4506233433081558,A,0.03801278579087869,False
368376557,Ligue 1,2026-03-22T16:15:00.000000Z,Olympique Marseille,LOSC Lille,A,0.4963939141828806,0.24032199890891107,0.2632840869082083,H,0.4719726382284404,0.27769615997553543,0.2503312017960243,H,0.03737416106662436,False
368376558,Ligue 1,2026-03-21T18:00:00.000000Z,Auxerre,Brest,H,0.3265303282929434,0.2965328245011878,0.37693684720586884,A,0.30865727402345156,0.33503799818666724,0.3563047277898812,A,0.038505173685479455,False
368376559,Ligue 1,2026-03-22T16:15:00.000000Z,Rennes,Metz,D,0.7280793417591886,0.1424827157843123,0.12943794245649912,H,0.7019291437461548,0.17328189589517456,0.12478896035867074,H,0.030799180110862273,False
368376560,Ligue 1,2026-03-21T20:05:00.000000Z,Nice,Paris Saint Germain,A,0.14692384306840936,0.16777966216144527,0.6852964947701454,A,0.14106773212791665,0.20095041595834728,0.657981851913736,A,0.033170753796902014,False
368376561,Ligue 1,2026-03-20T19:45:00.000000Z,Lens,Angers SCO,H,0.7547184606828155,0.13838401133260755,0.1068975279845771,H,0.7281226150984401,0.16874686447773216,0.10313052042382778,H,0.03036285314512463,False
368376562,Ligue 1,2026-04-05T18:45:00.000000Z,Monaco,Olympique Marseille,H,0.38662776167906304,0.2530497425688389,0.360322495752098,H,0.36707510819953065,0.2908247318416537,0.3421001599588156,H,0.03777498927281481,False
368376563,Ligue 1,2026-04-12T15:15:00.000000Z,Nice,Le Havre,D,0.44535466213645825,0.2507579624471266,0.30388737541641514,H,0.4229399158656665,0.28846739179629755,0.2885926923380359,H,0.03770942934917093,False
368376564,Ligue 1,2026-04-11T17:00:00.000000Z,Auxerre,Nantes,D,0.4667512918388586,0.2665412960824497,0.2667074120786917,H,0.44250306537292466,0.3046452565148577,0.2528516781122177,H,0.03810396043240799,False
368376565,Ligue 1,2026-05-13T19:00:00.000000Z,Lens,Paris Saint Germain,A,0.3268510594847211,0.245126623793597,0.428022316721682,A,0.3105983927792678,0.28266269728114946,0.4067389099395827,A,0.037536073487552446,False
368376566,Ligue 1,2026-04-10T19:05:00.000000Z,Olympique Marseille,Metz,H,0.7833166339229649,0.11568897972928915,0.1009943863477459,H,0.7588195375505625,0.14334452966732295,0.0978359327821145,H,0.02765554993803379,False
368376567,Ligue 1,2026-04-19T18:45:00.000000Z,Paris Saint Germain,Olympique Lyonnais,A,0.7552110434847894,0.13426860546903144,0.11052035104617923,H,0.7291201076959523,0.16417778439319108,0.10670210791085664,H,0.029909178924159646,False
368376568,Ligue 1,2026-04-17T18:45:00.000000Z,Lens,Toulouse,H,0.6229862329080919,0.19316412317490306,0.18384964391700506,H,0.5959265492531839,0.22820939774927457,0.17586405299754157,H,0.03504527457437151,False
368376569,Ligue 1,2026-04-19T13:00:00.000000Z,Monaco,Auxerre,D,0.5834448917955619,0.2069383192815093,0.20961678892292873,H,0.5570545387007955,0.24281004954155164,0.20013541175765298,H,0.03587173026004234,False
368376570,Ligue 1,2026-04-25T17:00:00.000000Z,Angers SCO,Paris Saint Germain,A,0.08805389791761384,0.11959371146928158,0.7923523906131046,A,0.08523764817674967,0.14775196499997334,0.767010386823277,A,0.028158253530691763,False
368376571,Ligue 1,2026-04-24T18:45:00.000000Z,Brest,Lens,D,0.18839466667734855,0.21913117516878639,0.5924741581538651,A,0.17958865255863593,0.25563083844270956,0.5647805089986546,A,0.03649966327392318,False
368376572,Ligue 1,2026-04-26T18:45:00.000000Z,Olympique Marseille,Nice,D,0.6607898784295911,0.18031079483062767,0.15889932673978124,H,0.6332555777650717,0.2144662348023059,0.15227818743262245,H,0.03415543997167822,False
368376573,Ligue 1,2026-05-03T18:45:00.000000Z,Olympique Lyonnais,Rennes,H,0.35304604298253117,0.25239591157103325,0.39455804544643563,A,0.33521600388354167,0.29015248863005566,0.3746315074864027,A,0.03775657705902241,False
368376574,Ligue 1,2026-05-10T19:00:00.000000Z,Metz,Lorient,A,0.2694284705196816,0.25130643577701717,0.47926509370330134,A,0.2558524336430338,0.289031815791961,0.4551157505650052,A,0.03772538001494391,False
368376576,Ligue 1,2026-05-10T19:00:00.000000Z,Auxerre,Nice,H,0.4594028266767088,0.2787114616576832,0.2618857116656081,H,0.4349960835899998,0.31703143494573877,0.24797248146426137,H,0.03831997328805559,False
368376577,Ligue 1,2026-05-10T19:00:00.000000Z,Le Havre,Olympique Marseille,A,0.23993153196824446,0.24979154646038837,0.5102769215713673,A,0.2278804259128982,0.2874724696931869,0.48464710439391495,A,0.037680923232798536,False
368376579,Ligue 1,2026-05-10T19:00:00.000000Z,Angers SCO,Strasbourg,D,0.2357780795178408,0.2537374733388769,0.5104844471432823,A,0.22383721237316195,0.2915315791528507,0.4846312084739873,A,0.0377941058139738,False
368376580,Ligue 1,2026-05-10T19:00:00.000000Z,Monaco,LOSC Lille,A,0.3281954487966372,0.2594119077324799,0.4123926434708829,A,0.3113811987779471,0.2973540345654661,0.3912647666565869,A,0.0379421268329862,False
368376587,Ligue 1,2026-05-17T19:00:00.000000Z,Lorient,Le Havre,A,0.514277614794179,0.23764973377567125,0.2480726514301498,H,0.48912977432337,0.27492816535889475,0.2359420603177353,H,0.0372784315832235,False
368376591,Ligue 1,2026-04-25T19:05:00.000000Z,Toulouse,Monaco,D,0.32692260588819627,0.2632699924413088,0.40980740167049506,A,0.3100455301891802,0.30130299439149183,0.38865147541932804,A,0.03803300195018311,False
368376592,Ligue 1,2026-05-03T15:15:00.000000Z,Strasbourg,Toulouse,A,0.5068532333210777,0.2358448094704462,0.25730195720847604,H,0.48217140977146816,0.2730562591313008,0.24477233109723093,H,0.0372114496608546,False
368376593,Ligue 1,2026-04-26T15:15:00.000000Z,Paris,LOSC Lille,A,0.270943134479063,0.2744333903799931,0.454623475140944,A,0.2566587618066499,0.3126859331890168,0.4306553050043333,A,0.03825254280902368,False
368376594,Ligue 1,2026-04-26T15:15:00.000000Z,Le Havre,Metz,D,0.5699915185899502,0.22174457188232496,0.20826390952772494,H,0.5431696279774884,0.25836666410777764,0.19846370791473414,H,0.036622092225452735,False
368376595,Ligue 1,2026-05-02T15:00:00.000000Z,Paris Saint Germain,Lorient,D,0.8118159452704121,0.1024966785787033,0.08568737615088465,H,0.7884484799713722,0.1283305856869202,0.08322093434170755,H,0.02583390710821691,False
368376596,Ligue 1,2026-04-19T15:15:00.000000Z,Strasbourg,Rennes,A,0.4003742661561316,0.25633414990347814,0.34329158394039033,H,0.3799890836940681,0.29419813199844974,0.32581278430748223,H,0.037863982094971604,False
368376597,Ligue 1,2025-10-18T15:00:00.000000Z,Nice,Olympique Lyonnais,H,0.4138501252243418,0.26133308130448696,0.32481679347117115,H,0.3925665314376296,0.2993214391252688,0.30811202943710153,H,0.03798835782078186,False
368376598,Ligue 1,2026-04-04T17:00:00.000000Z,Brest,Rennes,A,0.29916571816059295,0.26542167818250734,0.43541260365689965,A,0.28365706533946655,0.303501977733667,0.4128409569268665,A,0.03808029955115966,False
368376599,Ligue 1,2026-04-12T15:15:00.000000Z,Toulouse,LOSC Lille,A,0.3405877170737259,0.28900960204326126,0.3704026808830127,A,0.322171064720168,0.3274550959042531,0.35037383937557903,A,0.03844549386099183,False
368376600,Ligue 1,2026-04-12T18:45:00.000000Z,Olympique Lyonnais,Lorient,H,0.5035381845315945,0.23553851952705038,0.2609232959413551,H,0.4790352258484211,0.27273841547601574,0.24822635867556314,H,0.03719989594896536,False
368376601,Ligue 1,2026-04-11T19:05:00.000000Z,Rennes,Angers SCO,H,0.651036302142429,0.18670850880679857,0.16225518905077246,H,0.6233286563547421,0.22132162098804684,0.15534972265721114,H,0.03461311218124827,False
368376602,Ligue 1,2026-04-18T19:05:00.000000Z,LOSC Lille,Nice,D,0.6561925197589912,0.1866795474161522,0.15712793282485663,H,0.628268041271365,0.22129065436699893,0.1504413043616361,H,0.03461110695084674,False
368376603,Ligue 1,2026-04-18T17:00:00.000000Z,Angers SCO,Le Havre,D,0.3648537306841233,0.2870877319816984,0.3480585373341784,H,0.345188122363585,0.3255136880585801,0.32929818957783497,H,0.03842595607688176,False
368376604,Ligue 1,2026-04-25T13:00:00.000000Z,Olympique Lyonnais,Auxerre,H,0.5395395221275776,0.2258585459840643,0.23460193188835815,H,0.5138872622899282,0.2626648908672049,0.22344784684286692,H,0.03680634488314061,False
368376605,Ligue 1,2026-05-03T15:15:00.000000Z,Auxerre,Angers SCO,H,0.5050422231762552,0.2623197975748866,0.23263797924885826,H,0.4790182972508794,0.3003311440793306,0.22065055866979005,H,0.03801134650444399,False
368376606,Ligue 1,2026-05-02T19:05:00.000000Z,Nice,Lens,D,0.15478663821881894,0.1956926609109705,0.6495207008702105,A,0.14801122604179084,0.23089927694738185,0.6210894970108273,A,0.03520661603641134,False
368376607,Ligue 1,2025-10-05T13:00:00.000000Z,Olympique Lyonnais,Toulouse,A,0.5386445541716017,0.22104238994427863,0.24031305588411972,H,0.5133430558574107,0.2576320008574752,0.22902494328511422,H,0.03658961091319654,False
368376608,Ligue 1,2025-10-04T19:05:00.000000Z,Auxerre,Lens,A,0.2790284237902529,0.2804961676452811,0.44047540856446604,A,0.2641578104691943,0.31884159184482297,0.41700059768598274,A,0.038345424199541844,False
368376609,Ligue 1,2026-04-10T17:00:00.000000Z,Paris,Monaco,H,0.30706649814676673,0.2706166193860624,0.42231688246717075,A,0.290990968702817,0.3088012604385773,0.40020777085860576,A,0.0381846410525149,False
368376610,Ligue 1,2026-04-05T15:15:00.000000Z,Metz,Nantes,D,0.31430586336101846,0.2731017399642906,0.4125923966746909,A,0.2977756066701789,0.3113314271168759,0.3908929662129453,A,0.03822968715258529,False
368376611,Ligue 1,2025-10-17T18:45:00.000000Z,Paris Saint Germain,Strasbourg,D,0.6531165430147392,0.16940013576473636,0.17748332122052438,H,0.6269282997579058,0.20270499004584305,0.17036671019625133,H,0.03330485428110666,False
368376612,Ligue 1,2026-04-05T15:15:00.000000Z,Lorient,Paris,D,0.47005873500510853,0.2570817650667512,0.27285949992814035,H,0.4460891569703405,0.29496519383760694,0.25894564919205254,H,0.037883428770855765,False
368376613,Ligue 1,2025-10-18T17:00:00.000000Z,Angers SCO,Monaco,D,0.18734936710874606,0.2155025668889203,0.5971480660023336,A,0.17867499343461893,0.2518252083059533,0.5694997982594278,A,0.03632264141703298,False
368376614,Ligue 1,2026-04-05T13:00:00.000000Z,Angers SCO,Olympique Lyonnais,D,0.25630496013452464,0.256663565312447,0.48703147455302853,A,0.24324636163310337,0.2945361529009504,0.4622174854659462,A,0.037872587588503426,False
368376615,Ligue 1,2025-10-19T15:15:00.000000Z,Rennes,Auxerre,D,0.5027221982067984,0.24424091765407333,0.25303688413912834,H,0.4777728403506369,0.2817481211667702,0.2404790384825929,H,0.0375072035126969,False
368376616,Ligue 1,2026-04-19T15:15:00.000000Z,Metz,Paris,A,0.258504395375171,0.2550706355790477,0.4864249690457812,A,0.2453765283540339,0.2929010702301321,0.4617224014158341,A,0.03783043465108438,False
368376617,Ligue 1,2026-05-03T13:00:00.000000Z,LOSC Lille,Le Havre,D,0.6480114029285211,0.1859098415363956,0.16607875553508328,H,0.6205037432708622,0.22046743559795656,0.15902882113118125,H,0.034557594061560976,False
368376618,Ligue 1,2026-04-05T15:15:00.000000Z,Le Havre,Auxerre,D,0.397503615218682,0.28711474745436016,0.3153816373269578,H,0.3760772069160057,0.3255409904096508,0.2983818026743436,H,0.038426242955290624,False
368376619,Ligue 1,2026-04-04T15:00:00.000000Z,Strasbourg,Nice,H,0.5798849152136818,0.21749801658377352,0.20261706820254466,H,0.5528945774425053,0.25391902407150424,0.19318639848599056,H,0.03642100748773072,False
368376620,Ligue 1,2026-05-02T17:00:00.000000Z,Metz,Monaco,A,0.21139470228864113,0.2080698469520722,0.5805354507592867,A,0.20180261883434203,0.24400386060412466,0.5541935205615334,A,0.035934013652052454,False
368376621,Ligue 1,2026-04-04T19:05:00.000000Z,LOSC Lille,Lens,H,0.2934397855425652,0.2622181892138627,0.4443420252435721,A,0.2783223707836581,0.3002271920306047,0.4214504371857371,A,0.03800900281674202,False
368376622,Ligue 1,2026-04-03T18:45:00.000000Z,Paris Saint Germain,Toulouse,H,0.7437208482669083,0.13146756743535365,0.12481158429773805,H,0.7183819586065093,0.16105884153573405,0.12055919985775665,H,0.0295912741003804,False
368376623,Ligue 1,2026-05-13T17:00:00.000000Z,Brest,Strasbourg,A,0.29453745538639103,0.2626521556099266,0.4428103890036824,A,0.2793505769081213,0.3006711304607686,0.4199782926311102,A,0.03801897485084199,False
368376624,Ligue 1,2026-04-19T15:15:00.000000Z,Nantes,Brest,D,0.3450076624247158,0.2876641776224069,0.36732815995287726,A,0.3263937803256027,0.3260961791597775,0.3475100405146198,A,0.038432001537370586,False
368376625,Ligue 1,2026-04-26T15:15:00.000000Z,Rennes,Nantes,H,0.7031725370024051,0.1577337889137078,0.13909367408388712,H,0.6762126075634112,0.19002662804610077,0.13376076439048823,H,0.032292839132392975,False
368376626,Ligue 1,2026-04-18T15:00:00.000000Z,Lorient,Olympique Marseille,H,0.28197358037765247,0.26102893868571925,0.45699748093662834,A,0.26748088008363946,0.29901010735844696,0.4335090125579135,A,0.037981168672727716,False
368376627,Ligue 1,2026-04-26T13:00:00.000000Z,Lorient,Strasbourg,A,0.3795761121821424,0.2795887770560017,0.34083511076185596,H,0.3593790785129919,0.31792145727074556,0.32269946421626255,H,0.03833268021474384,False
368376628,Ligue 1,2026-05-02T13:00:00.000000Z,Nantes,Olympique Marseille,H,0.21058027048634778,0.2262598059179376,0.5631599235957147,A,0.2005583550831587,0.26308357269926225,0.5363580722175791,A,0.03682376678132465,False
368376629,Ligue 1,2025-09-26T18:45:00.000000Z,Strasbourg,Olympique Marseille,A,0.3338965225874142,0.270768113847331,0.39533536356525484,A,0.3164114593159246,0.3089555905247167,0.3746329501593586,A,0.0381874766773857,False
368376630,Ligue 1,2025-11-09T16:15:00.000000Z,Angers SCO,Auxerre,H,0.35133932526015854,0.29828142778914557,0.350379246950696,H,0.3320553466486493,0.3367966891473577,0.33114796420399306,D,0.03851526135821215,True
368376631,Ligue 1,2025-10-29T18:00:00.000000Z,Nice,LOSC Lille,H,0.2569663611153701,0.23811064732990284,0.5049229915547272,A,0.24438760430054918,0.2754058825717471,0.4802065131277036,A,0.03729523524184425,False
368376632,Ligue 1,2025-11-23T16:15:00.000000Z,Brest,Metz,H,0.5717512410859101,0.2149614878100384,0.21328727110405138,H,0.545316845365467,0.25125702544211026,0.20342612919242278,H,0.036295537632071856,False
368376633,Ligue 1,2025-11-29T20:05:00.000000Z,Olympique Marseille,Toulouse,D,0.6557976835795276,0.17515048397288077,0.16905183244759167,H,0.6289532827397137,0.20891484696955667,0.1621318702907295,H,0.0337643629966759,False
368376634,Ligue 1,2025-11-29T18:00:00.000000Z,Paris,Auxerre,D,0.5070292130945766,0.24602580775347044,0.24694497915195293,H,0.4817677132598723,0.28359074176695565,0.2346415449731722,H,0.03756493401348521,False
368376635,Ligue 1,2025-11-30T14:00:00.000000Z,Strasbourg,Brest,A,0.537955854743479,0.22955545733928595,0.23248868791723507,H,0.5121466371073191,0.26651865925034945,0.2213347036423313,H,0.036963201911063504,False
368376636,Ligue 1,2025-12-06T20:05:00.000000Z,Paris Saint Germain,Rennes,H,0.7393906761641944,0.13414501823760802,0.1264643055981975,H,0.7138617901465505,0.1640403277807225,0.12209788207272701,H,0.02989530954311448,False
368376637,Ligue 1,2025-12-07T14:00:00.000000Z,Nice,Angers SCO,A,0.5210961012629052,0.2227434784241402,0.25616042031295466,H,0.4965129221456138,0.2594112566778525,0.24407582117653376,H,0.036667778253712285,False
368376638,Ligue 1,2026-01-04T16:15:00.000000Z,Brest,Auxerre,H,0.464321306994478,0.2462444078278058,0.2894342851777163,H,0.4411766356999719,0.2838162899586181,0.2750070743414101,H,0.03757188213081228,False
368376639,Ligue 1,2026-01-18T16:15:00.000000Z,Nantes,Paris,A,0.3425255416885729,0.2792646879765054,0.3782097703349217,A,0.3243103534846243,0.31759271831555663,0.3580969281998191,A,0.038328030339051244,False
368376640,Ligue 1,2026-01-04T14:00:00.000000Z,Olympique Marseille,Nantes,A,0.8419069310011295,0.09140616186996282,0.06668690712890757,H,0.8195347300187821,0.11555045051929873,0.0649148194619193,H,0.02414428864933589,False
368376641,Ligue 1,2026-01-02T19:45:00.000000Z,Toulouse,Lens,A,0.32717187073521536,0.2852094376015968,0.38761869166318785,A,0.3095931760157083,0.3236145885595634,0.3667922354247283,A,0.038405150957966594,False
368376642,Ligue 1,2026-01-16T18:00:00.000000Z,Monaco,Lorient,A,0.43630564522307064,0.23443041825688574,0.32926393652004365,H,0.41512913943153373,0.2715880596009915,0.31328280096747474,H,0.03715764134410579,False
368376643,Ligue 1,2026-01-18T19:45:00.000000Z,Olympique Lyonnais,Brest,H,0.5519042744497716,0.22496108583330676,0.22313463971692163,H,0.5257225188633041,0.2617281129431146,0.2125493681935814,H,0.03676702710980784,False
368376644,Ligue 1,2026-01-18T14:00:00.000000Z,Strasbourg,Metz,H,0.6452583297762468,0.1858161347931092,0.1689255354306441,H,0.6178758748891793,0.22036718501595062,0.16175694009487007,H,0.03455105022284141,False
368376645,Ligue 1,2026-01-17T16:00:00.000000Z,Lens,Auxerre,H,0.678651177766719,0.17008453287017986,0.15126428936310107,H,0.6513708108598252,0.20344540983721324,0.14518377930296172,H,0.03336087696703338,False
368376646,Ligue 1,2025-09-27T15:00:00.000000Z,Lorient,Monaco,H,0.2367132395787545,0.2233798829660375,0.539906877455208,A,0.2255281530656672,0.26007644971611504,0.5143953972182178,A,0.03669656675007754,False
368376647,Ligue 1,2025-09-28T15:15:00.000000Z,LOSC Lille,Olympique Lyonnais,A,0.5235745765138348,0.22486182676937208,0.2515635967167931,H,0.4987428899072089,0.2616244754118179,0.23963263468097323,H,0.0367626486424458,False
368376648,Ligue 1,2025-09-20T19:05:00.000000Z,Lens,LOSC Lille,H,0.2937841255087408,0.26347161278711395,0.44274426170414527,A,0.2786118327270883,0.3015091490680174,0.4198790182048943,A,0.03803753628090345,False
368376649,Ligue 1,2025-09-27T19:05:00.000000Z,Paris Saint Germain,Auxerre,H,0.8138565969923038,0.10233367979076616,0.08380972321692999,H,0.7904561786552179,0.12814383786730907,0.08139998347747304,H,0.02581015807654291,False
368376650,Ligue 1,2025-09-28T15:15:00.000000Z,Angers SCO,Brest,A,0.2764957354979016,0.26509674285440793,0.45840752164769055,A,0.2621712539013305,0.3031700540513616,0.434658692047308,A,0.038073311196953674,False
368376651,Ligue 1,2025-09-27T17:00:00.000000Z,Toulouse,Nantes,D,0.5079543749928204,0.24493372636456773,0.24711189864261202,H,0.4827070045034947,0.2824635496971017,0.2348294457994036,H,0.03752982333253396,False
368376652,Ligue 1,2025-09-21T15:15:00.000000Z,Le Havre,Lorient,D,0.48594879923263,0.24549934003322169,0.2685518607341484,H,0.4617653216684436,0.28304743113105696,0.25518724720049957,H,0.03754809109783527,False
368376653,Ligue 1,2025-09-21T15:15:00.000000Z,Monaco,Metz,H,0.7587618805704491,0.1312063422324726,0.11003177719707828,H,0.732944536238743,0.16076758613539985,0.10628787762585729,H,0.029561243902927248,False
368376654,Ligue 1,2025-09-19T18:45:00.000000Z,Olympique Lyonnais,Angers SCO,H,0.6873176350389202,0.16542290509031618,0.14725945987076366,H,0.6601634400545037,0.19839495179681768,0.14144160814867868,H,0.0329720467065015,False
368376655,Ligue 1,2025-09-28T13:00:00.000000Z,Nice,Paris,D,0.5114737866820834,0.21402739273044302,0.2744988205874736,H,0.4878851003254868,0.25027570457067816,0.2618391951038351,H,0.03624831184023514,False
368376656,Ligue 1,2025-09-21T15:15:00.000000Z,Auxerre,Toulouse,H,0.3689878411909119,0.27784015239148624,0.3531720064176018,H,0.34941487702528773,0.31614712959017616,0.33443799338453617,H,0.03830697719868992,False
368376657,Ligue 1,2025-09-21T13:00:00.000000Z,Paris,Strasbourg,A,0.3360781987806544,0.27244476026816655,0.39147704095117913,A,0.3184241932201378,0.3106628425311928,0.3709129642486693,A,0.03821808226302631,False
368376658,Ligue 1,2025-09-20T15:00:00.000000Z,Nantes,Rennes,D,0.2918687843522033,0.29094029935718313,0.4171909162906136,A,0.27603619435076315,0.32940365045427994,0.394560155194957,A,0.03846335109709681,False
368376659,Ligue 1,2025-09-22T18:00:00.000000Z,Olympique Marseille,Paris Saint Germain,H,0.3123737345079468,0.23426515846778728,0.45336110702426585,A,0.29721824866638813,0.27141643678352034,0.4313653145500915,A,0.03715127831573306,False
368376660,Ligue 1,2025-09-28T18:45:00.000000Z,Rennes,Lens,D,0.32763585638011217,0.26002251580055147,0.4123416278193364,A,0.31082982527221925,0.29797954759797574,0.391190627129805,A,0.03795703179742427,False
368376661,Ligue 1,2025-09-28T15:15:00.000000Z,Metz,Le Havre,D,0.24841508084108846,0.26027120523607045,0.491313713922841,A,0.2356663637982711,0.29823425104206336,0.46609938515966554,A,0.03796304580599291,False
368376662,Ligue 1,2025-09-20T17:00:00.000000Z,Brest,Nice,H,0.3292301458939326,0.2543923706389708,0.4163774834670965,A,0.31253386569475017,0.2922044423879247,0.39526169191732513,A,0.0378120717489539,False
368376663,Ligue 1,2025-11-23T14:00:00.000000Z,Auxerre,Olympique Lyonnais,D,0.25914804478718534,0.26421766997013907,0.4766342852426756,A,0.24574509521282842,0.3022718002846917,0.4519831045024799,A,0.038054130314552626,False
368376664,Ligue 1,2025-10-29T20:05:00.000000Z,Strasbourg,Auxerre,H,0.5924330578958646,0.2076265003905016,0.19994044171363382,H,0.5655844832400065,0.2435362099788694,0.19087930678112414,H,0.03590970958836781,False
368376665,Ligue 1,2025-10-29T20:05:00.000000Z,Toulouse,Rennes,D,0.4650085538505252,0.24820257222167177,0.286788873927803,H,0.44173148852517086,0.28583550970835436,0.2724330017664747,H,0.03763293748668259,False
368376666,Ligue 1,2025-11-23T16:15:00.000000Z,Nantes,Lorient,D,0.3481005926075462,0.26880738537433746,0.3830920220181164,A,0.3299384927056612,0.3069572581305836,0.36310424916375517,A,0.03814987275624615,False
368376667,Ligue 1,2025-10-29T18:00:00.000000Z,Le Havre,Brest,H,0.40454902279461613,0.2772587039647539,0.31819227324063004,H,0.38311195096230805,0.3155567993902588,0.30133124964743313,H,0.03829809542550494,False
368376668,Ligue 1,2025-11-09T19:45:00.000000Z,Olympique Lyonnais,Paris Saint Germain,A,0.24220491272662034,0.23224151443075866,0.5255535728426209,A,0.23050978106401196,0.2693135806937244,0.5001766382422637,A,0.03707206626296575,False
368376669,Ligue 1,2025-11-23T19:45:00.000000Z,LOSC Lille,Paris,H,0.6173348678759023,0.19333917410295332,0.18932595802114438,H,0.5905061778481183,0.22839576070077777,0.1810980614511039,H,0.03505658659782446,False
368376670,Ligue 1,2025-11-22T20:05:00.000000Z,Paris Saint Germain,Le Havre,H,0.8085689778695277,0.10312541479803362,0.08830560733243858,H,0.7851963347376135,0.129050636007042,0.08575302925534461,H,0.02592522120900838,False
368376671,Ligue 1,2025-10-29T18:00:00.000000Z,Metz,Lens,H,0.14014701209022554,0.18431966570770977,0.6755333222020647,A,0.13422868782482308,0.21876535700896824,0.6470059551662086,A,0.03444569130125846,False
368376672,Ligue 1,2025-11-08T20:05:00.000000Z,Monaco,Lens,A,0.4798626549887483,0.24147693229468334,0.2786604127165684,H,0.45619335190230087,0.27889120531828426,0.2649154427794149,H,0.037414273023600925,False
368376673,Ligue 1,2025-11-22T18:00:00.000000Z,Rennes,Monaco,H,0.4254060590180059,0.2562696332609982,0.3183243077209959,H,0.4037492217483716,0.29413192314500347,0.3021188551066249,H,0.03786228988400525,False
368376674,Ligue 1,2025-11-07T19:45:00.000000Z,Paris,Rennes,A,0.38699091091887966,0.2615239217442209,0.35148516733689944,H,0.3670811457683383,0.2995167656910065,0.3334020885406553,H,0.03799284394678559,False
368376675,Ligue 1,2025-10-29T20:05:00.000000Z,Nantes,Monaco,A,0.23498826682562632,0.2475257609180233,0.5174859722563504,A,0.223242487545646,0.28513783596127046,0.4916196764930836,A,0.03761207504324715,False
368376676,Ligue 1,2025-11-09T14:00:00.000000Z,Lorient,Toulouse,D,0.32517879373327685,0.2747328366092505,0.40008836965747263,A,0.30802573931811844,0.3129903963238403,0.37898386435804127,A,0.03825755971458977,False
368376677,Ligue 1,2025-11-09T16:15:00.000000Z,Strasbourg,LOSC Lille,H,0.3285680491479196,0.2590483410471613,0.4123836098049191,A,0.3117469465979435,0.2969814994055067,0.3912715539965499,A,0.03793315835834543,False
368376678,Ligue 1,2025-11-22T16:00:00.000000Z,Lens,Strasbourg,H,0.4390881814399818,0.24954634119913044,0.31136547736088777,H,0.4170454660144811,0.28721995014648133,0.2957345838390375,H,0.03767360894735089,False
368376679,Ligue 1,2025-11-23T16:15:00.000000Z,Toulouse,Angers SCO,A,0.5990441200815653,0.2133900470374073,0.18756583288102743,H,0.5714639386404096,0.24960581896280956,0.17893024239678085,H,0.03621577192540226,False
368376680,Ligue 1,2025-11-29T16:00:00.000000Z,Monaco,Paris Saint Germain,H,0.19291868111127136,0.18852767766883727,0.6185536412198913,A,0.1846601319914407,0.2232655475047275,0.5920743205038318,A,0.03473786983589022,False
368376681,Ligue 1,2025-12-05T18:00:00.000000Z,Brest,Monaco,H,0.3754789021111406,0.26733880065290505,0.3571822972359544,H,0.355942705505524,0.3054592200833288,0.33859807441114725,H,0.03812041943042377,False
368376682,Ligue 1,2025-12-06T18:00:00.000000Z,Toulouse,Strasbourg,H,0.4041685671220189,0.27069612215804134,0.32513531071993984,H,0.38300642310586425,0.3088822527726275,0.30811132412150827,H,0.038186130614586145,False
368376683,Ligue 1,2025-11-08T18:00:00.000000Z,Le Havre,Nantes,D,0.5140213114372278,0.2524084811370369,0.23357020742573537,H,0.48806078642158196,0.29016541435185106,0.22177379922656698,H,0.03775693321481416,False
368376684,Ligue 1,2025-11-09T16:15:00.000000Z,Metz,Nice,H,0.2848065049308827,0.2486749100036825,0.4665185850654347,A,0.27053543973647437,0.28632225708283104,0.44314230318069453,A,0.037647347079148547,False
368376685,Ligue 1,2025-11-30T19:45:00.000000Z,Olympique Lyonnais,Nantes,H,0.6263438772627546,0.19516034375831193,0.17849577897893343,H,0.5989714646074842,0.23033335971920987,0.17069517567330603,H,0.035173015960897946,False
368376686,Ligue 1,2025-12-07T16:15:00.000000Z,Auxerre,Metz,H,0.4875211170400237,0.25257121694138257,0.2599076660185938,H,0.4628906145866065,0.2903327534808726,0.24677663193252083,H,0.03776153653949005,False
368376687,Ligue 1,2025-12-07T19:45:00.000000Z,Lorient,Olympique Lyonnais,H,0.3227133570037394,0.26835216714944204,0.40893447584681863,A,0.30589028328864776,0.30649302856221994,0.38761668814913225,A,0.03814086141277789,False
368376688,Ligue 1,2025-11-30T16:15:00.000000Z,Angers SCO,Lens,A,0.21430222544070307,0.2470501961638237,0.5386475783954732,A,0.2036014093485449,0.284647460312193,0.5117511303392621,A,0.03759726414836931,False
368376689,Ligue 1,2025-11-28T19:45:00.000000Z,Metz,Rennes,A,0.20067172627628935,0.22207547210807585,0.5772528016156347,A,0.19122084927553532,0.2587127660876659,0.5500663846367988,A,0.03663729397959006,False
368376690,Ligue 1,2025-12-05T20:00:00.000000Z,LOSC Lille,Olympique Marseille,H,0.3623010281194002,0.2546529505497192,0.38304602133088056,A,0.34391775409608183,0.2924721064147716,0.3636101394891465,A,0.03781915586505241,False
368376691,Ligue 1,2025-12-06T16:00:00.000000Z,Nantes,Lens,A,0.1974546754068464,0.2258184028377923,0.5767269217553612,A,0.18806767925132623,0.2626229994433794,0.5493093213052943,A,0.0368045966055871,False
368376692,Ligue 1,2025-11-30T16:15:00.000000Z,Lorient,Nice,H,0.42216425717445766,0.2661628619833912,0.31167288084215117,H,0.400248243808165,0.3042588974770067,0.29549285871482833,H,0.03809603549361551,False
368376693,Ligue 1,2025-12-07T16:15:00.000000Z,Le Havre,Paris,D,0.38147514718769915,0.2807846897976892,0.33774016301461157,H,0.36113445139033606,0.3191340814827869,0.31973146712687706,H,0.038349391685097656,False
368376694,Ligue 1,2025-12-13T18:00:00.000000Z,Metz,Paris Saint Germain,A,0.06733087188288417,0.09099787354789297,0.8416712545692229,A,0.06554730142001358,0.11507701136518704,0.8193756872147995,A,0.024079137817294066,False
368376695,Ligue 1,2025-12-14T14:00:00.000000Z,Olympique Lyonnais,Le Havre,H,0.5886563494369154,0.20801747449085692,0.20332617607222767,H,0.5619498269049743,0.24394862376436066,0.19410154933066515,H,0.03593114927350374,False
368376696,Ligue 1,2026-01-04T16:15:00.000000Z,Lorient,Metz,D,0.6028529132370246,0.21321704746257514,0.18393003930040017,H,0.5751102785203778,0.2494239423357011,0.17546577914392109,H,0.03620689487312595,False
368376697,Ligue 1,2025-12-14T16:15:00.000000Z,Strasbourg,Lorient,D,0.4887578181303122,0.2380735021553804,0.27316867971430747,H,0.46483467306953014,0.2753673877106405,0.2597979392198294,H,0.037293885555260115,False
368376698,Ligue 1,2025-12-13T16:00:00.000000Z,Rennes,Brest,H,0.46684904460668764,0.2495294157589778,0.2836215396343345,H,0.44341354634128516,0.2872025186139562,0.26938393504475877,H,0.03767310285497838,False
368376699,Ligue 1,2026-01-03T20:05:00.000000Z,LOSC Lille,Rennes,A,0.5825882768617692,0.2099727234543396,0.20743899968389118,H,0.556013669751316,0.2460096045838988,0.19797672566478525,H,0.03603688112955922,False
368376700,Ligue 1,2026-01-03T18:00:00.000000Z,Nice,Strasbourg,D,0.3098450739349967,0.2648950527890772,0.42525987327592607,A,0.29379909926485165,0.3029639987078992,0.40323690202724916,A,0.038068945918821984,False
368376701,Ligue 1,2025-12-14T19:45:00.000000Z,Olympique Marseille,Monaco,H,0.6754711459984795,0.17433650871832493,0.15019234528319564,H,0.6479006485214167,0.2080373608393059,0.1440619906392775,H,0.03370085212098098,False
368376702,Ligue 1,2025-12-14T16:15:00.000000Z,Lens,Nice,H,0.6366147370111387,0.1952452725431409,0.16813999044572037,H,0.6087862812396586,0.2304236622943208,0.16079005646602057,H,0.0351783897511799,False
368376703,Ligue 1,2026-01-03T16:00:00.000000Z,Monaco,Olympique Lyonnais,A,0.371905307394457,0.25116782896376477,0.3769268636417783,A,0.35317110200711715,0.2888891935528455,0.3579397044400375,A,0.03772136458908071,False
368376704,Ligue 1,2026-01-04T16:15:00.000000Z,Le Havre,Angers SCO,H,0.43426986891071473,0.2721834301019544,0.293546700987331,H,0.4114688895071717,0.31039683565419307,0.2781342748386353,H,0.03821340555223868,False
368376705,Ligue 1,2026-01-17T20:05:00.000000Z,Angers SCO,Olympique Marseille,A,0.20728045075743656,0.22995105813404315,0.5627684911085202,A,0.19732637153211519,0.2669305617326652,0.5357430667352195,A,0.036979503598622065,False
368376706,Ligue 1,2026-01-16T20:00:00.000000Z,Paris Saint Germain,LOSC Lille,H,0.6901097593371798,0.15863324425223832,0.1512569964105819,H,0.6635551713151494,0.19100801836900017,0.14543681031585046,H,0.032374774116761845,False
368376707,Ligue 1,2026-01-18T16:15:00.000000Z,Rennes,Le Havre,D,0.580396145569334,0.20314037467711227,0.21646347975355365,H,0.5544255491628561,0.23879691698853212,0.20677753384861178,H,0.03565654231141985,False
368376708,Ligue 1,2026-01-17T18:00:00.000000Z,Toulouse,Nice,H,0.502877308206142,0.2545707675335037,0.24255192426035438,H,0.47736546493510024,0.29238769312948326,0.23024684193541647,H,0.037816925595979545,False
368529072,Serie A,2025-09-15T16:30:00.000000Z,Hellas Verona,Cremonese,D,0.37645934987498464,0.2739565407735201,0.3495841093514953,H,0.35662929054320264,0.3122010016394661,0.3311697078173313,H,0.03824446086594602,False
368529075,Serie A,2025-09-15T18:45:00.000000Z,Como,Genoa,D,0.6140605948007368,0.21867112811198364,0.1672682770872795,H,0.5853921259031986,0.2551488025501861,0.1594590715466153,H,0.03647767443820249,False
371465499,Bundesliga,2025-09-19T18:30:00.000000Z,VfB Stuttgart,St. Pauli,H,0.4551371363374774,0.23840240101100976,0.3064604626515128,H,0.4328428710270966,0.27570820969153836,0.2914489192813651,H,0.0373058086805286,False
372014866,Bundesliga,2025-09-20T13:30:00.000000Z,FC Augsburg,FSV Mainz 05,A,0.3088963908256808,0.26206046315424203,0.42904314602007715,A,0.29298761226546893,0.30006581715376335,0.4069465705807677,A,0.03800535399952132,False
372014867,Bundesliga,2025-09-20T13:30:00.000000Z,Hamburger SV,Heidenheim,H,0.5090775931603666,0.2404166478037079,0.25050575903592553,H,0.4840269704722965,0.2777941246592148,0.2381789048684887,H,0.037377476855506936,False
372014868,Bundesliga,2025-09-20T13:30:00.000000Z,Werder Bremen,SC Freiburg,A,0.4830215676752692,0.23197846476901196,0.2849999675557188,H,0.45971291288844446,0.26904005793907365,0.27124702917248183,H,0.03706159317006169,False
372014869,Bundesliga,2025-09-20T13:30:00.000000Z,TSG Hoffenheim,FC Bayern München,A,0.0795856256827966,0.09045900154479872,0.8299553727724047,A,0.0774862333377068,0.11445181925930405,0.8080619474029892,A,0.02399281771450533,False
372015145,Bundesliga,2025-09-20T16:30:00.000000Z,RB Leipzig,FC Köln,H,0.4442730072407948,0.21826647434973495,0.33746051840947033,H,0.42355315256029163,0.25472469887916693,0.32172214856054143,H,0.03645822452943198,False
372580130,Serie A,2025-09-20T13:00:00.000000Z,Bologna,Genoa,H,0.4893702694670292,0.25842093647530884,0.25220879405766194,H,0.4643483854938509,0.29633845301071676,0.23931316149543244,H,0.037917516535407925,False
372580131,Serie A,2025-09-21T13:00:00.000000Z,Cremonese,Parma,D,0.40380094683205786,0.2663327158609044,0.32986633730703785,H,0.38283142080796007,0.30443231748017063,0.31273626171186936,H,0.03809960161926623,False
372580132,Serie A,2025-09-21T16:00:00.000000Z,Fiorentina,Como,A,0.40117968366560547,0.2617303324260681,0.33708998390832645,H,0.3805315442134743,0.29972800695948554,0.3197404488270401,H,0.03799767453341746,False
372580133,Serie A,2025-09-20T16:00:00.000000Z,Hellas Verona,Juventus,D,0.20270332243864989,0.22396483326223685,0.5733318442991133,A,0.19311118550936113,0.2606876431882803,0.5462011713023586,A,0.03672280992604346,False
372580134,Serie A,2025-09-21T18:45:00.000000Z,Inter,Sassuolo,H,0.7934555372944296,0.10672038222232935,0.09982408048324096,H,0.7699715477762744,0.1331588758677373,0.09686957635598824,H,0.026438493645407957,False
372580135,Serie A,2025-09-21T10:30:00.000000Z,Lazio,Roma,A,0.3678237152787645,0.28092279590534774,0.35125348881588775,H,0.34820619872835246,0.319274072254291,0.33251972901735666,H,0.03835127634894325,False
372580136,Serie A,2025-09-19T18:45:00.000000Z,Lecce,Cagliari,A,0.3126698218947784,0.2943981386318307,0.39293203947339106,A,0.2956135258850602,0.3328890749798665,0.37149739913507335,A,0.0384909363480358,False
372580137,Serie A,2025-09-22T18:45:00.000000Z,Napoli,Pisa,H,0.7358997813411393,0.14833790992931858,0.11576230872954218,H,0.7087709557185286,0.17973429421524512,0.11149475006622639,H,0.03139638428592653,False
372580138,Serie A,2025-09-21T13:00:00.000000Z,Torino,Atalanta,A,0.17656517370089617,0.22447795756598257,0.5989568687331214,A,0.16819919133203293,0.2612236169600518,0.5705771917079153,A,0.036745659394069236,False
372580139,Serie A,2025-09-20T18:45:00.000000Z,Udinese,AC Milan,A,0.2358952368548723,0.2503456997280698,0.513759063417058,A,0.22403294118381248,0.28804303130402703,0.4879240275121606,A,0.03769733157595723,False
372580358,Bundesliga,2025-09-21T13:30:00.000000Z,Eintracht Frankfurt,FC Union Berlin,A,0.6158398987102652,0.1892179698318536,0.19494213145788122,H,0.5894188131835723,0.22400256467126106,0.18657862214516666,H,0.03478459483940746,False
372580695,Bundesliga,2025-09-21T15:30:00.000000Z,Bayer 04 Leverkusen,Borussia Mönchengladbach,D,0.668702495021004,0.1603788165208324,0.1709186884581636,H,0.642793004552031,0.19291070807631103,0.1642962873716579,H,0.032531891555478615,False
372580716,Bundesliga,2025-09-21T17:30:00.000000Z,Borussia Dortmund,VfL Wolfsburg,H,0.624431505195084,0.17969741501675435,0.1958710797881618,H,0.5984662655077326,0.2138074063577414,0.187726328134526,H,0.03410999134098705,False
373089875,Bundesliga,2025-09-26T18:30:00.000000Z,FC Bayern München,Werder Bremen,H,0.9108974812287165,0.048579505531726644,0.04052301323955686,H,0.8956405004163974,0.06451522225911187,0.039844277324490654,H,0.015935716727385224,False
373089876,Bundesliga,2025-09-27T13:30:00.000000Z,Heidenheim,FC Augsburg,H,0.29253038394357567,0.26061523843481105,0.44685437762161323,A,0.2775074040908301,0.29858655008688,0.4239060458222898,A,0.03797131165206896,False
373089877,Bundesliga,2025-09-27T13:30:00.000000Z,VfL Wolfsburg,RB Leipzig,A,0.3689808619974225,0.26790108517684463,0.3631180528257329,H,0.34976226438714564,0.3060329123365006,0.34420482327635377,H,0.03813182715965596,False
373089878,Bundesliga,2025-09-28T17:30:00.000000Z,FC Union Berlin,Hamburger SV,D,0.4650128305821337,0.2531715668295284,0.2818156025883379,H,0.4414901080053121,0.29094996108148774,0.26755993091320024,H,0.037778394251959335,False
373089879,Bundesliga,2025-12-20T14:30:00.000000Z,VfL Wolfsburg,SC Freiburg,A,0.3443233517926043,0.26461504851782114,0.3910615996895745,A,0.32650149089986275,0.30267789914848364,0.3708206099516537,A,0.038062850630662504,False
373089880,Bundesliga,2026-01-27T19:30:00.000000Z,St. Pauli,RB Leipzig,D,0.1949398619925953,0.2264651633376749,0.5785949746697298,A,0.18565760283400934,0.2632978087940819,0.5510445883719087,A,0.036832645456406965,False
373089881,Bundesliga,2026-01-17T14:30:00.000000Z,Borussia Dortmund,St. Pauli,H,0.75279355891384,0.1376000917839333,0.10960634930222662,H,0.7263640339353605,0.16787774180596768,0.10575822425867175,H,0.03027765002203439,False
373089882,Bundesliga,2026-02-14T14:30:00.000000Z,Hamburger SV,FC Union Berlin,H,0.4310655402962174,0.2685272185770079,0.30040724112677464,H,0.4085866311447963,0.3066715578091483,0.2847418110460555,H,0.03814433923214039,False
373089883,Bundesliga,2026-05-09T13:30:00.000000Z,TSG Hoffenheim,Werder Bremen,H,0.6208003571244323,0.1876560979122575,0.19154354496331039,H,0.594298825453088,0.22233448912472664,0.1833666854221854,H,0.03467839121246913,False
373089884,Bundesliga,2026-01-11T14:30:00.000000Z,Borussia Mönchengladbach,FC Augsburg,H,0.43001189003170653,0.26099685782261595,0.3089912521456774,H,0.4079118123844089,0.29897726534695895,0.29311092226863217,H,0.03798040752434301,False
373089885,Bundesliga,2026-01-13T19:30:00.000000Z,FSV Mainz 05,Heidenheim,H,0.45985077341539,0.24434389527508601,0.29580533130952397,H,0.4370238944188865,0.28185447797436364,0.2811216276067498,H,0.03751058269927762,False
373089886,Bundesliga,2026-01-15T19:30:00.000000Z,FC Augsburg,FC Union Berlin,D,0.3476814060589261,0.2755400631373135,0.3767785308037605,A,0.3293145290816939,0.31381092348074885,0.35687454743755737,A,0.03827086034343541,False
373089887,Bundesliga,2026-01-16T19:30:00.000000Z,Werder Bremen,Eintracht Frankfurt,D,0.30591996146225425,0.26492911156474475,0.42915092697300106,A,0.2900762154860493,0.3029987961162331,0.4069249883977177,A,0.03806968455148835,False
373089888,Bundesliga,2026-02-07T14:30:00.000000Z,SC Freiburg,Werder Bremen,H,0.5266143089147683,0.22579483397685626,0.24759085710837542,H,0.5015805229425967,0.26259840367991544,0.23582107337748792,H,0.036803569703059175,False
373089889,Bundesliga,2026-01-13T19:30:00.000000Z,Borussia Dortmund,Werder Bremen,H,0.6652395259529005,0.17550768067186898,0.1592527933752306,H,0.6379744760696939,0.20929975606396425,0.15272576786634184,H,0.03379207539209528,False
373089890,Bundesliga,2026-01-31T14:30:00.000000Z,Eintracht Frankfurt,Bayer 04 Leverkusen,A,0.35635584997933584,0.257858339183813,0.38578581083685115,A,0.33815573020708745,0.2957616516048471,0.36608261818806537,A,0.03790331242103406,False
373089891,Bundesliga,2026-01-14T19:30:00.000000Z,TSG Hoffenheim,Borussia Mönchengladbach,H,0.5304980517921516,0.22617610636319369,0.24332584184465467,H,0.5052558576928095,0.26299624708925606,0.23174789521793446,H,0.03682014072606238,False
373089892,Bundesliga,2026-01-24T14:30:00.000000Z,Eintracht Frankfurt,TSG Hoffenheim,A,0.37175454945660513,0.23875255129454562,0.3894928992488493,A,0.35353012370734627,0.2760709852613227,0.37039889103133106,A,0.03731843396677706,False
373089893,Bundesliga,2026-01-31T17:30:00.000000Z,Hamburger SV,FC Bayern München,D,0.08264460807903734,0.10021540190386219,0.8171399900171005,A,0.080302573809775,0.12571405708146627,0.7939833691087588,A,0.02549865517760408,False
373089894,Bundesliga,2026-01-13T17:30:00.000000Z,VfB Stuttgart,Eintracht Frankfurt,H,0.5190892020342031,0.2280987687309608,0.2528120292348362,H,0.4942730438564498,0.26500114115116924,0.24072581499238102,H,0.03690237242020844,False
373089895,Bundesliga,2025-09-28T15:30:00.000000Z,FC Köln,VfB Stuttgart,A,0.3268564517548128,0.24925225095670148,0.4238912972884858,A,0.3104581601000646,0.2869170438095365,0.4026247960903989,A,0.037664792852835,False
373089896,Bundesliga,2025-12-06T14:30:00.000000Z,FC Augsburg,Bayer 04 Leverkusen,H,0.2039780970485497,0.20000378320539403,0.5960181197460563,A,0.19493376377072852,0.23547539761095615,0.5695908386183154,A,0.035471614405562124,False
373089897,Bundesliga,2026-01-10T14:30:00.000000Z,SC Freiburg,Hamburger SV,H,0.5297559764036428,0.22608236815598529,0.24416165544037197,H,0.5045549280873232,0.26289844291809833,0.2325466289945786,H,0.036816074762113044,False
373089898,Bundesliga,2026-01-24T14:30:00.000000Z,Heidenheim,RB Leipzig,A,0.17429905707294976,0.19002949324946058,0.6356714496775897,A,0.16680196744709813,0.22486858868337184,0.60832944386953,A,0.034839095433911255,False
373089899,Bundesliga,2026-02-22T14:30:00.000000Z,SC Freiburg,Borussia Mönchengladbach,H,0.5186692502321253,0.2318236359132666,0.24950711385460816,H,0.49364960306323563,0.2688790456649128,0.23747135127185148,H,0.03705540975164617,False
373089900,Bundesliga,2026-01-17T17:30:00.000000Z,RB Leipzig,FC Bayern München,A,0.16767323262216358,0.16307157600848574,0.6692551913693506,A,0.16110809218704414,0.19584098440910364,0.6430509234038523,A,0.0327694084006179,False
373089901,Bundesliga,2026-02-07T14:30:00.000000Z,FSV Mainz 05,FC Augsburg,H,0.4216757205446709,0.260529344163467,0.31779493529186204,H,0.40002413461587416,0.2984985979445187,0.30147726743960723,H,0.037969253781051704,False
373089902,Bundesliga,2026-01-17T14:30:00.000000Z,TSG Hoffenheim,Bayer 04 Leverkusen,H,0.3746255898348089,0.25371322597564944,0.37166118418954175,H,0.35565381006731506,0.291506662153959,0.352839527778726,H,0.03779343617830955,False
373089903,Bundesliga,2026-01-18T14:30:00.000000Z,VfB Stuttgart,FC Union Berlin,D,0.5842462987269637,0.1992463480961857,0.2165073531768506,H,0.5583987850900602,0.2346723165318996,0.20692889837804018,H,0.03542596843571391,False
373089904,Bundesliga,2026-01-24T14:30:00.000000Z,FC Bayern München,FC Augsburg,A,0.9515553731160966,0.027316597958967164,0.021128028924936235,H,0.9413156604011608,0.037783669955912785,0.02090066964292648,H,0.010467071996945621,False
373089905,Bundesliga,2026-01-23T19:30:00.000000Z,St. Pauli,Hamburger SV,D,0.30588449602020285,0.2836115546486083,0.41050394933118883,A,0.2894943424432033,0.3219976670304589,0.3885079905263377,A,0.03838611238185058,False
373089906,Bundesliga,2026-02-01T16:30:00.000000Z,Borussia Dortmund,Heidenheim,H,0.8066560122232096,0.10710700565195864,0.08623698212483187,H,0.7827219201305112,0.13359981402606613,0.08367826584342272,H,0.026492808374107488,False
373089907,Bundesliga,2026-05-09T16:30:00.000000Z,VfL Wolfsburg,FC Bayern München,A,0.05518399241049091,0.0677884182749942,0.8770275893145149,A,0.05400056150359169,0.08777986777680757,0.8582195707196008,A,0.019991449501813377,False
373089908,Bundesliga,2026-02-07T14:30:00.000000Z,Heidenheim,Hamburger SV,A,0.2934631479624212,0.27240948773501955,0.4341273643025592,A,0.27804868901974494,0.31062694078239667,0.41132437019785834,A,0.038217453047377115,False
373089909,Bundesliga,2026-02-07T14:30:00.000000Z,VfL Wolfsburg,Borussia Dortmund,A,0.2064033882798135,0.2030498733458134,0.5905467383743731,A,0.1971700014635703,0.23870117177642045,0.5641288267600092,A,0.03565129843060705,False
373089910,Bundesliga,2026-01-31T14:30:00.000000Z,FC Augsburg,St. Pauli,H,0.4879348620915351,0.2568811350099067,0.2551840028985582,H,0.4630638563901994,0.2947593744304618,0.24217676917933878,H,0.03787823942055507,False
373089911,Bundesliga,2026-02-01T14:30:00.000000Z,VfB Stuttgart,SC Freiburg,H,0.5767577823405268,0.20303830891604369,0.2202039087434296,H,0.5509575746835248,0.23868893688191217,0.210353488434563,H,0.03565062796586849,False
373089912,Bundesliga,2026-01-31T14:30:00.000000Z,TSG Hoffenheim,FC Union Berlin,H,0.5614792833802884,0.21714187647360994,0.22137884014610176,H,0.5353699719758925,0.2535455108331123,0.21108451719099508,H,0.036403634359502335,False
373089913,Bundesliga,2026-02-07T17:30:00.000000Z,Borussia Mönchengladbach,Bayer 04 Leverkusen,D,0.23289465690607786,0.22508030484423272,0.5420250382496895,A,0.2218431025863862,0.2618525829985855,0.5163043144150283,A,0.03677227815435277,False
373089914,Bundesliga,2026-02-07T14:30:00.000000Z,St. Pauli,VfB Stuttgart,H,0.2152966036131895,0.22827022195322402,0.5564331744335865,A,0.20499959126611023,0.2651798197814992,0.5298205889523906,A,0.03690959782827516,False
373089915,Bundesliga,2026-03-07T14:30:00.000000Z,VfL Wolfsburg,Hamburger SV,A,0.3311213597231178,0.25646420353159494,0.41241443674528716,A,0.31425774593845707,0.2943315900306059,0.39141066403093716,A,0.03786738649901089,False
373089916,Bundesliga,2026-03-21T14:30:00.000000Z,FC Bayern München,FC Union Berlin,H,0.916081806244081,0.04647724599460728,0.03744094776131184,H,0.9012414444625354,0.061924144448352335,0.03683441108911231,H,0.015446898453745056,False
373089917,Bundesliga,2026-01-31T14:30:00.000000Z,Werder Bremen,Borussia Mönchengladbach,D,0.4545724151423709,0.25078669568337775,0.2946408891742513,H,0.43169235150825114,0.28849696473462383,0.27981068375712514,H,0.03771026905124608,False
373089918,Bundesliga,2026-02-08T14:30:00.000000Z,FC Köln,RB Leipzig,A,0.2689382484914232,0.24268995952848282,0.48837179198009395,A,0.2556369059402062,0.28014554765063465,0.4642175464091591,A,0.03745558812215183,False
373089919,Bundesliga,2026-04-05T15:30:00.000000Z,Eintracht Frankfurt,FC Köln,D,0.522581108052639,0.22121076086351055,0.2562081310838505,H,0.4980235988024137,0.25780818784539794,0.24416821335218838,H,0.03659742698188739,False
373089920,Bundesliga,2026-02-13T19:30:00.000000Z,Borussia Dortmund,FSV Mainz 05,H,0.7001251480709526,0.1575011265503143,0.142373725378733,H,0.6733071725079786,0.18977266294957137,0.1369201645424502,H,0.03227153639925706,False
373089921,Bundesliga,2026-02-22T18:30:00.000000Z,Heidenheim,VfB Stuttgart,D,0.1955527995091465,0.19876065683877495,0.6056865436520786,A,0.18691382819542013,0.23415715189470507,0.5789290199098749,A,0.03539649505593012,False
373089922,Bundesliga,2026-02-20T19:30:00.000000Z,FSV Mainz 05,Hamburger SV,D,0.3858697756650529,0.2640619174601653,0.3500683068747818,H,0.36591889725265125,0.3021126074332334,0.3319684953141154,H,0.03805068997306815,False
373089923,Bundesliga,2026-02-21T14:30:00.000000Z,VfL Wolfsburg,FC Augsburg,A,0.3781707877495176,0.2548851148643614,0.366944097386121,H,0.3589731103837594,0.292710551488865,0.34831633812737556,H,0.037825436624503606,False
373089924,Bundesliga,2026-02-28T14:30:00.000000Z,Bayer 04 Leverkusen,FSV Mainz 05,D,0.6042135201460833,0.19515125422577453,0.20063522562814226,H,0.5778089761624043,0.23032369476114403,0.19186732907645174,H,0.0351724405353695,False
373089925,Bundesliga,2026-03-14T14:30:00.000000Z,Borussia Dortmund,FC Augsburg,H,0.6914958838959531,0.1551508660416229,0.15335325006242406,H,0.6652603250400455,0.18720469267244436,0.14753498228751016,H,0.03205382663082146,False
373089926,Bundesliga,2026-03-22T14:30:00.000000Z,FSV Mainz 05,Eintracht Frankfurt,H,0.41211626849804145,0.26311060570164063,0.3247731258003179,H,0.390847763979995,0.30114000810561214,0.3080122279143929,H,0.03802940240397151,False
373089927,Bundesliga,2026-02-28T14:30:00.000000Z,TSG Hoffenheim,St. Pauli,A,0.6515152040001254,0.1770155740307645,0.17146922196911013,H,0.6246719496307642,0.21092357825335012,0.16440447211588582,H,0.03390800422258561,False
373089928,Bundesliga,2026-03-07T14:30:00.000000Z,Heidenheim,TSG Hoffenheim,A,0.18972997705845449,0.19971069652602413,0.6105593264155215,A,0.1813246589482877,0.23516469425559813,0.5835106467961142,A,0.035453997729574,False
373089929,Bundesliga,2026-03-06T19:30:00.000000Z,FC Bayern München,Borussia Mönchengladbach,H,0.9361751441932427,0.03554582478592902,0.02827903102082826,H,0.9238153327721553,0.048278988877995234,0.02790567834984945,H,0.012733164092066214,False
373089930,Bundesliga,2026-03-01T14:30:00.000000Z,VfB Stuttgart,VfL Wolfsburg,H,0.734429993015794,0.1399047086105319,0.12566529837367407,H,0.7083635849246385,0.1704312326847701,0.12120518239059143,H,0.030526524074238198,False
373089931,Bundesliga,2026-03-07T17:30:00.000000Z,FC Köln,Borussia Dortmund,A,0.20339924579213406,0.20105170899273292,0.595549045215133,A,0.194352833949408,0.23658583918749398,0.5690613268630981,A,0.035534130194761065,False
373089932,Bundesliga,2026-04-18T13:30:00.000000Z,Bayer 04 Leverkusen,FC Augsburg,A,0.6843287100293106,0.156832018318399,0.1588392716522904,H,0.6581865368830726,0.1890420411414081,0.15277142197551932,H,0.03221002282300911,False
373089933,Bundesliga,2026-03-08T16:30:00.000000Z,FC Union Berlin,Werder Bremen,A,0.4131121191210016,0.2699115643020076,0.31697631657699094,H,0.39151333477191086,0.3080828547302778,0.30040381049781145,H,0.03817129042827028,False
373089934,Bundesliga,2026-04-04T13:30:00.000000Z,SC Freiburg,FC Bayern München,A,0.10491894875975465,0.12078639624019015,0.7742946550000552,A,0.1015408037568385,0.14909501996494856,0.749364176278213,A,0.02830862372475841,False
373089935,Bundesliga,2026-03-14T14:30:00.000000Z,Bayer 04 Leverkusen,FC Bayern München,D,0.15668103400826297,0.1693707201942602,0.6739482457974769,A,0.15039921781325905,0.20267315845652598,0.6469276237302151,A,0.03330243826226578,False
373089936,Bundesliga,2026-03-13T19:30:00.000000Z,Borussia Mönchengladbach,St. Pauli,H,0.43083108173251516,0.26811437077390043,0.30105454749358446,H,0.408381915272531,0.30625048262102056,0.28536760210644846,H,0.038136111847120124,False
373089937,Bundesliga,2026-03-15T18:30:00.000000Z,VfB Stuttgart,RB Leipzig,H,0.45096061731108245,0.2361181651726794,0.31292121751623825,H,0.4289866327791937,0.2733398802811348,0.2976734869396715,H,0.03722171510845543,False
373089938,Bundesliga,2026-03-15T14:30:00.000000Z,Werder Bremen,FSV Mainz 05,A,0.4458523205490988,0.26446243416443815,0.28968524528646306,H,0.42278222567923374,0.3025219454467336,0.2746958288740327,H,0.038059511282295455,False
373089939,Bundesliga,2026-03-22T18:30:00.000000Z,FC Augsburg,VfB Stuttgart,A,0.2672655192376578,0.2462224786732921,0.48651200208905016,A,0.2539439723133588,0.28379366499570896,0.46226236269093235,A,0.03757118632241685,False
373089940,Bundesliga,2026-03-22T16:30:00.000000Z,St. Pauli,SC Freiburg,A,0.36321630101622093,0.29157067695522004,0.34521302202855914,H,0.34349309852288074,0.3300394762671983,0.326467425209921,H,0.03846879931197833,False
373089941,Bundesliga,2026-04-04T13:30:00.000000Z,Borussia Mönchengladbach,Heidenheim,D,0.5502973790293206,0.22200362584525765,0.22769899512542172,H,0.5243851841704876,0.2586376248697908,0.21697719095972168,H,0.036633999024533154,False
373089942,Bundesliga,2026-04-11T13:30:00.000000Z,Heidenheim,FC Union Berlin,H,0.35915438815889383,0.2836443165294339,0.3572012953116723,H,0.3399088015308772,0.3220308316806993,0.3380603667884235,H,0.0383865151512654,False
373089943,Bundesliga,2026-04-04T13:30:00.000000Z,Hamburger SV,FC Augsburg,D,0.4198615230673605,0.2604594151575599,0.31967906177507954,H,0.3983060811921148,0.2984269906917414,0.30326692811614386,H,0.03796757553418151,False
373089944,Bundesliga,2026-04-11T16:30:00.000000Z,St. Pauli,FC Bayern München,A,0.06959053424707427,0.09062855771865791,0.8397809080342679,A,0.06775237891352955,0.11464857689063308,0.8175990441958374,A,0.024020019171975174,False
373089945,Bundesliga,2026-04-04T16:30:00.000000Z,VfB Stuttgart,Borussia Dortmund,A,0.38691708063433217,0.25377238702955063,0.3593105323361172,H,0.3673204352086626,0.29156745649056043,0.34111210830077704,H,0.0377950694610098,False
373089946,Bundesliga,2026-04-12T17:30:00.000000Z,FSV Mainz 05,SC Freiburg,A,0.46642698247929404,0.24702717036476088,0.28654584715594517,H,0.443137905090714,0.2846237142174776,0.27223838069180833,H,0.03759654385271674,False
373089947,Bundesliga,2026-04-11T13:30:00.000000Z,RB Leipzig,Borussia Mönchengladbach,H,0.6551643351475457,0.17679331009599475,0.1680423547564596,H,0.6281915345746925,0.2106843335932047,0.16112413183210292,H,0.03389102349720996,False
373089948,Bundesliga,2026-04-11T13:30:00.000000Z,Borussia Dortmund,Bayer 04 Leverkusen,A,0.4916335549777438,0.22581821760400805,0.2825482274182481,H,0.46826130428289287,0.2626228061402092,0.26911588957689797,H,0.036804588536201166,False
373089949,Bundesliga,2026-04-12T15:30:00.000000Z,VfB Stuttgart,Hamburger SV,H,0.6670015003273646,0.17114444268317,0.1618540569894654,H,0.6400858967994815,0.20459136529379843,0.1553227379067201,H,0.03344692261062843,False
373089950,Bundesliga,2026-04-19T17:30:00.000000Z,Borussia Mönchengladbach,FSV Mainz 05,D,0.3794117357317957,0.27703583421152833,0.343552430056676,H,0.35931469771858293,0.3153304807754195,0.32535482150599765,H,0.038294646563891144,False
373089951,Bundesliga,2026-04-19T15:30:00.000000Z,FC Bayern München,VfB Stuttgart,H,0.7841941034180006,0.10674676585525315,0.10905913072674638,H,0.7609802813005706,0.13318897141746744,0.10583074728196197,H,0.026442205562214285,False
373089952,Bundesliga,2026-04-17T18:30:00.000000Z,St. Pauli,FC Köln,D,0.3182261637904232,0.2704005686202982,0.41137326758927867,A,0.3015731100818064,0.30858114551511384,0.3898457444030798,A,0.03818057689481563,False
373089953,Bundesliga,2026-05-03T17:30:00.000000Z,SC Freiburg,VfL Wolfsburg,D,0.5636886363750934,0.20937037455801413,0.22694098906689258,H,0.538018755675903,0.24537494667934437,0.21660629764475273,H,0.036004572121330236,False
373089954,Bundesliga,2026-05-09T13:30:00.000000Z,RB Leipzig,St. Pauli,H,0.7649565039244702,0.12876120695492455,0.10628228912060524,H,0.7392510413083055,0.15803816075488059,0.10271079793681384,H,0.02927695379995604,False
373089955,Bundesliga,2026-04-25T13:30:00.000000Z,FC Köln,Bayer 04 Leverkusen,A,0.24900789605838675,0.22364062195011475,0.5273514819914985,A,0.23723415520600677,0.260348912209838,0.5024169325841553,A,0.036708290259723275,False
373089956,Bundesliga,2026-05-02T13:30:00.000000Z,TSG Hoffenheim,VfB Stuttgart,D,0.404531434329181,0.24302390932056275,0.35244465635025624,H,0.384508998845784,0.28049072562183863,0.33500027553237727,H,0.03746681630127588,False
373089957,Bundesliga,2026-04-26T15:30:00.000000Z,Borussia Dortmund,SC Freiburg,H,0.6314631622076914,0.18299582351811458,0.18554101427419417,H,0.6049131414537952,0.2173469609079462,0.17773989763825873,H,0.03435113738983164,False
373089958,Bundesliga,2026-04-26T13:30:00.000000Z,VfB Stuttgart,Werder Bremen,D,0.6380566912284845,0.1769515127327449,0.1849917960387706,H,0.6117737820807976,0.21085462653496367,0.17737159138423883,H,0.033903113802218776,False
373089959,Bundesliga,2026-05-02T16:30:00.000000Z,Bayer 04 Leverkusen,RB Leipzig,H,0.41258085407768463,0.2309395826611624,0.356479563261153,H,0.3927206795870059,0.2679594150922322,0.33931990532076195,H,0.037019832431069793,False
373089960,Bundesliga,2026-05-03T15:40:00.000000Z,Borussia Mönchengladbach,Borussia Dortmund,H,0.21715604789226847,0.21711032293541446,0.5657336291723172,A,0.20705892372088947,0.25351241423583065,0.5394286620432799,A,0.03640209130041619,False
373089961,Bundesliga,2026-05-02T13:30:00.000000Z,Eintracht Frankfurt,Hamburger SV,A,0.5984860761379215,0.1976351738618135,0.2038787500002651,H,0.5721351372889725,0.23296275675990324,0.1949021059511242,H,0.03532758289808974,False
373089962,Bundesliga,2026-05-03T13:30:00.000000Z,St. Pauli,FSV Mainz 05,A,0.2925716678938822,0.27964288549661126,0.4277854466095065,A,0.27700260969295554,0.31797633699548555,0.40502105331155897,A,0.038333451498874294,False
373089963,Bundesliga,2026-05-10T17:30:00.000000Z,FSV Mainz 05,FC Union Berlin,A,0.5570118887861072,0.2191674301755216,0.22382068103837127,H,0.5309733892539121,0.25566882074441244,0.21335779000167537,H,0.036501390568890846,False
373089964,Bundesliga,2026-05-10T13:30:00.000000Z,Hamburger SV,SC Freiburg,H,0.36304863339007476,0.27260211161638026,0.364349254993545,A,0.34397236298051176,0.31082299316764633,0.34520464385184196,A,0.03822088155126607,False
373089965,Bundesliga,2025-12-20T17:30:00.000000Z,RB Leipzig,Bayer 04 Leverkusen,A,0.4499694949845263,0.24634694113817027,0.30368356387730355,H,0.42753521578206244,0.2839220730810114,0.28854271113692614,H,0.03757513194284115,False
373089966,Bundesliga,2025-10-17T18:30:00.000000Z,FC Union Berlin,Borussia Mönchengladbach,H,0.38992263527139936,0.2504026429949055,0.3596747217336951,H,0.3703125119815053,0.28810165110305813,0.3415858369154367,H,0.03769900810815263,False
373089967,Bundesliga,2025-10-19T13:30:00.000000Z,SC Freiburg,Eintracht Frankfurt,D,0.3264514393589611,0.26329153869460115,0.4102570219464378,A,0.30959797913823,0.3013250262211609,0.38907699464060913,A,0.03803348752655977,False
373089968,Bundesliga,2025-10-04T16:30:00.000000Z,Eintracht Frankfurt,FC Bayern München,A,0.12107998283765495,0.12318153790189851,0.7557384792604466,A,0.11712975151090914,0.15178771768219368,0.7310825308068972,A,0.02860617978029517,False
373089969,Bundesliga,2025-10-04T13:30:00.000000Z,FC Augsburg,VfL Wolfsburg,H,0.33782809784560575,0.2605027257189926,0.4016691764354017,A,0.3204827126526239,0.2984713409803151,0.381045946367061,A,0.0379686152613225,False
373089970,Bundesliga,2025-10-05T15:30:00.000000Z,Hamburger SV,FSV Mainz 05,H,0.3074192508808382,0.2773131681650253,0.4152675809541366,A,0.2911275056404134,0.3156121026628811,0.39326039169670546,A,0.03829893449785582,False
373089971,Bundesliga,2025-10-18T13:30:00.000000Z,FSV Mainz 05,Bayer 04 Leverkusen,A,0.2877523901610467,0.252257057095489,0.45999055274346423,A,0.2732241199654584,0.2900096940250422,0.4367661860094995,A,0.03775263692955316,False
373089972,Bundesliga,2025-10-18T16:30:00.000000Z,FC Bayern München,Borussia Dortmund,H,0.7631638018296071,0.12289367120335697,0.11394252696703597,H,0.7383046215483408,0.1514643978299635,0.11023098062169578,H,0.02857072662660652,False
373089973,Bundesliga,2025-10-18T13:30:00.000000Z,RB Leipzig,Hamburger SV,H,0.5940654503009518,0.1995103484634376,0.20642420123561056,H,0.5677630223687795,0.23495227049294437,0.19728470713827614,H,0.03544192202950677,False
373089974,Bundesliga,2025-10-18T13:30:00.000000Z,VfL Wolfsburg,VfB Stuttgart,A,0.29135636548148797,0.26036358170430296,0.4482800528142091,A,0.2764011480017207,0.29832885311098206,0.42526999888729733,A,0.0379652714066791,False
373089975,Bundesliga,2025-10-24T18:30:00.000000Z,Werder Bremen,FC Union Berlin,H,0.4387277790923019,0.2348131972058003,0.3264590237018979,H,0.417414645301705,0.2719855156226853,0.31059983907560973,H,0.03717231841688501,False
373089976,Bundesliga,2025-10-26T14:30:00.000000Z,Bayer 04 Leverkusen,SC Freiburg,H,0.6011160169301295,0.19294689055981187,0.2059370925100587,H,0.5750237815318091,0.2279780977101405,0.19699812075805048,H,0.03503120715032862,False
373089977,Bundesliga,2025-10-25T16:30:00.000000Z,Borussia Dortmund,FC Köln,H,0.6352483125119626,0.17990244788646106,0.18484923960157637,H,0.6088148904248718,0.2140276621068433,0.17715744746828482,H,0.03412521422038223,False
373089978,Bundesliga,2025-10-25T13:30:00.000000Z,Hamburger SV,VfL Wolfsburg,A,0.4501914396656523,0.2504466014027734,0.29936195893157436,H,0.4275481525162566,0.2881469025254413,0.2843049449583022,H,0.03770030112266787,False
373089979,Bundesliga,2025-11-01T14:30:00.000000Z,Heidenheim,Eintracht Frankfurt,D,0.23994580879929886,0.22238378334287107,0.5376704078578302,A,0.22863643914737122,0.2590351809460061,0.5123283799066227,A,0.036651397603135016,False
373089980,Bundesliga,2025-10-26T16:30:00.000000Z,VfB Stuttgart,FSV Mainz 05,H,0.6668364563317136,0.18072179488345191,0.15244174878483446,H,0.6390116023308358,0.21490753297112672,0.14608086469803744,H,0.034185738087674805,False
373089981,Bundesliga,2025-11-02T14:30:00.000000Z,FC Köln,Hamburger SV,H,0.3777548028458571,0.25806344917477275,0.3641817479793702,H,0.3584537967576086,0.29597195960717393,0.34557424363521755,H,0.03790851043240118,False
373089982,Bundesliga,2025-11-01T14:30:00.000000Z,FC Union Berlin,SC Freiburg,D,0.3620359789187904,0.2788334495432981,0.35913057153791156,H,0.3427979028813725,0.31715521240996747,0.34004688470866007,H,0.038321762866669384,False
373089983,Bundesliga,2025-10-31T19:30:00.000000Z,FC Augsburg,Borussia Dortmund,A,0.1932226397043867,0.21051442145661228,0.596262938839001,A,0.18439573122701663,0.24658015866353344,0.5690241101094499,A,0.03606573720692116,False
373089984,Bundesliga,2025-11-01T14:30:00.000000Z,St. Pauli,Borussia Mönchengladbach,A,0.5020750080566065,0.25084470005153825,0.24708029189185524,H,0.4768008972987331,0.2885566628497554,0.23464243985151154,H,0.03771196279821715,False
373089985,Bundesliga,2025-11-02T16:30:00.000000Z,VfL Wolfsburg,TSG Hoffenheim,A,0.33231327892628104,0.251866099342222,0.415820621731497,A,0.3155489039926526,0.28960758608542014,0.39484350992192735,A,0.03774148674319816,False
373089986,Bundesliga,2025-11-09T18:30:00.000000Z,Eintracht Frankfurt,FSV Mainz 05,H,0.601943396562653,0.19912551950069476,0.1989310839366522,H,0.5753224670268798,0.23454417054681842,0.19013336242630186,H,0.035418651046123656,False
373089987,Bundesliga,2025-11-08T14:30:00.000000Z,Hamburger SV,Borussia Dortmund,D,0.24896711038717698,0.24119287049988763,0.5098400191129354,A,0.2366945784969927,0.2785973480664511,0.48470807343655614,A,0.037404477566563454,False
373089988,Bundesliga,2025-11-08T14:30:00.000000Z,TSG Hoffenheim,RB Leipzig,H,0.3293832257094655,0.2475406629347474,0.42307611135578715,A,0.31291862995755143,0.2851532000572673,0.4019281699851813,A,0.037612537122519885,False
373089989,Bundesliga,2025-11-22T17:30:00.000000Z,FC Köln,Eintracht Frankfurt,A,0.3220251501824812,0.2550722915097093,0.42290255830780954,A,0.3056713945088383,0.2929027706889708,0.401425834802191,A,0.03783047917926152,False
373089990,Bundesliga,2025-11-21T19:30:00.000000Z,FSV Mainz 05,TSG Hoffenheim,D,0.3008109669976836,0.25055873561277575,0.4486302973895406,A,0.28567748647081176,0.28826233031158743,0.42606018321760075,A,0.03770359469881168,False
373089991,Bundesliga,2025-11-22T14:30:00.000000Z,FC Augsburg,Hamburger SV,H,0.3911747239517045,0.2590646275888408,0.3497606484594547,H,0.37114780791319396,0.2969981892038108,0.3318540028829953,H,0.037933561614970024,False
373089992,Bundesliga,2025-11-22T14:30:00.000000Z,FC Bayern München,SC Freiburg,H,0.8957208506025034,0.0600743096891152,0.04420483970838146,H,0.8781426619784124,0.07852000185515116,0.04333733616643649,H,0.018445692166035962,False
373089993,Bundesliga,2025-11-23T16:30:00.000000Z,St. Pauli,FC Union Berlin,A,0.3904339856427387,0.280572492287325,0.3289935220699363,H,0.3696233160903776,0.31891897000298913,0.3114577139066333,H,0.03834647771566413,False
373089994,Bundesliga,2025-11-22T14:30:00.000000Z,VfL Wolfsburg,Bayer 04 Leverkusen,A,0.1835382652674166,0.18955867980779534,0.626903054924788,A,0.17565550552595577,0.2243662127346179,0.5999782817394264,A,0.034807532926822565,False
373089995,Bundesliga,2025-11-23T14:30:00.000000Z,RB Leipzig,Werder Bremen,H,0.6278504565295098,0.18682489085556284,0.18532465261492734,H,0.6011195427239513,0.2214460550600423,0.17743440221600634,H,0.03462116420447947,False
373089996,Bundesliga,2025-11-29T17:30:00.000000Z,Bayer 04 Leverkusen,Borussia Dortmund,A,0.4838601744190769,0.2310352399402047,0.28510458564071844,H,0.4605635333558582,0.2680589442094909,0.2713775224346509,H,0.037023704269286195,False
373089997,Bundesliga,2025-12-06T14:30:00.000000Z,VfB Stuttgart,FC Bayern München,A,0.15501935120387045,0.16021088656694743,0.6847697622291822,A,0.14901695576895807,0.19272777108241945,0.6582552731486225,A,0.03251688451547202,False
373089998,Bundesliga,2025-11-30T14:30:00.000000Z,Hamburger SV,VfB Stuttgart,H,0.2895816942010677,0.24777780337476313,0.4626405024241692,A,0.2750992356486051,0.28539767715484815,0.43950308719654674,A,0.03761987378008502,False
373089999,Bundesliga,2025-12-05T19:30:00.000000Z,FSV Mainz 05,Borussia Mönchengladbach,A,0.3671249606385859,0.2587368789310238,0.37413816043039033,A,0.34834165991828847,0.29666229836228813,0.35499604171942334,A,0.03792541943126432,False
373090000,Bundesliga,2025-12-07T16:30:00.000000Z,Borussia Dortmund,TSG Hoffenheim,H,0.550407745861621,0.2077271419364639,0.24186511220191514,H,0.5254567142182784,0.24364237986749893,0.23090090591422274,H,0.035915237931035016,False
373090001,Bundesliga,2025-12-06T17:30:00.000000Z,RB Leipzig,Eintracht Frankfurt,H,0.5296904743862828,0.22265059329952594,0.2476589323141913,H,0.5047077110364289,0.25931414910586414,0.2359781398577069,H,0.036663555806338205,False
373090002,Bundesliga,2025-12-12T19:30:00.000000Z,FC Union Berlin,RB Leipzig,H,0.20903472020897979,0.21892307412526235,0.5720422056657579,A,0.19926920177352525,0.25541280708212377,0.5453179911443511,A,0.03648973295686142,False
373090003,Bundesliga,2025-12-13T14:30:00.000000Z,Borussia Mönchengladbach,VfL Wolfsburg,A,0.45939033990865447,0.2487309430593356,0.29187871703201,H,0.4363684825075025,0.2863799913658912,0.2772515261266064,H,0.037649048306555605,False
373090004,Bundesliga,2025-12-13T14:30:00.000000Z,Eintracht Frankfurt,FC Augsburg,H,0.608109836793996,0.19136002065685073,0.20053014254915322,H,0.5818438518405734,0.22628747001721738,0.19186867814220918,H,0.03492744936036665,False
373090005,Bundesliga,2025-12-13T14:30:00.000000Z,St. Pauli,Heidenheim,H,0.43138340380035006,0.2740361968274422,0.2945803993722078,H,0.40865691047944275,0.31228201569454306,0.2790610738260143,H,0.03824581886710088,False
373090006,Bundesliga,2025-12-14T14:30:00.000000Z,SC Freiburg,Borussia Dortmund,D,0.3211411240044475,0.271508933177861,0.40734994281769143,A,0.3043008785708044,0.30971010843852753,0.38598901299066807,A,0.03820117526066652,False
373090007,Bundesliga,2025-12-13T14:30:00.000000Z,TSG Hoffenheim,Hamburger SV,H,0.519529808871458,0.22705665030213845,0.2534135408264035,H,0.49475584635056197,0.26391472706540736,0.24132942658403053,H,0.03685807676326891,False
373090008,Bundesliga,2025-12-19T19:30:00.000000Z,Borussia Dortmund,Borussia Mönchengladbach,H,0.6221068950005397,0.18663146186835244,0.1912616431311078,H,0.5956370535533402,0.2212392381452359,0.18312370830142405,H,0.03460777627688347,False
373090009,Bundesliga,2026-01-17T14:30:00.000000Z,Hamburger SV,Borussia Mönchengladbach,D,0.4352624227219823,0.25908827477473445,0.3056493025032832,H,0.41297730006967426,0.29702242164622894,0.2900002782840968,H,0.03793414687149449,False
373090010,Bundesliga,2025-12-21T14:30:00.000000Z,FSV Mainz 05,St. Pauli,D,0.3956396565738022,0.2625302728405413,0.3418300705856565,H,0.3752446363246642,0.3005464569328904,0.32420890674244546,H,0.03801618409234908,False
373090011,Bundesliga,2025-12-20T14:30:00.000000Z,VfB Stuttgart,TSG Hoffenheim,D,0.5018240670542188,0.21477327635942994,0.28340265658635133,H,0.47863430428954856,0.25105934279820175,0.2703063529122497,H,0.0362860664387718,False
373090012,Bundesliga,2026-01-14T19:30:00.000000Z,RB Leipzig,SC Freiburg,H,0.5529593573185683,0.20670625433016396,0.2403343883512678,H,0.5279642169499138,0.24256510772356035,0.2294706753265259,H,0.035858853393396395,False
373090013,Bundesliga,2026-01-14T17:30:00.000000Z,VfL Wolfsburg,St. Pauli,H,0.4761184977245432,0.24692987579234998,0.2769516264831069,H,0.4523505128431418,0.28452337281534906,0.26312611434150907,H,0.03759349702299908,False
373090014,Bundesliga,2026-02-14T17:30:00.000000Z,VfB Stuttgart,FC Köln,H,0.6428732656472058,0.1747998876322735,0.18232684672052074,H,0.6165903563463538,0.20853695661208096,0.17487268704156533,H,0.033737068979807466,False
373090015,Bundesliga,2026-03-01T18:30:00.000000Z,Hamburger SV,RB Leipzig,A,0.311048820670101,0.2693363815441254,0.41961479778577354,A,0.29480374093619627,0.3074965929055054,0.3976996661582983,A,0.03816021136137998,False
373090016,Bundesliga,2026-03-07T14:30:00.000000Z,SC Freiburg,Bayer 04 Leverkusen,D,0.27902688320549374,0.2573725381304382,0.4636005786640681,A,0.26479015821933205,0.2952634496453042,0.43994639213536374,A,0.03789091151486601,False
373090017,Bundesliga,2026-03-14T14:30:00.000000Z,TSG Hoffenheim,VfL Wolfsburg,D,0.7585729981332362,0.1281539413732202,0.11327306049354371,H,0.7331620182812767,0.1573593872357739,0.10947859448294936,H,0.02920544586255372,False
373090018,Bundesliga,2026-03-21T17:30:00.000000Z,Borussia Dortmund,Hamburger SV,H,0.6938883873078903,0.1580614217632961,0.1480501909288136,H,0.6672494025256477,0.19038418344006514,0.1423664140342872,H,0.032322761676769035,False
373090019,Bundesliga,2026-03-20T19:30:00.000000Z,RB Leipzig,TSG Hoffenheim,H,0.4365711477812737,0.2338750201503821,0.32955383206834415,H,0.41540933860372,0.27101121367148373,0.31357944772479635,H,0.03713619352110162,False
373090020,Bundesliga,2026-04-04T13:30:00.000000Z,Bayer 04 Leverkusen,VfL Wolfsburg,H,0.7546185114268483,0.12989902704416897,0.11548246152898274,H,0.7291119250955415,0.15930899413030428,0.11157908077415434,H,0.029409967086135302,False
373090021,Bundesliga,2026-04-10T18:30:00.000000Z,FC Augsburg,TSG Hoffenheim,D,0.31431029685101786,0.2591004793720842,0.42658922377689806,A,0.2982174427791096,0.2970349281854596,0.40474762903543066,A,0.03793444881337543,False
373090022,Bundesliga,2026-04-11T13:30:00.000000Z,VfL Wolfsburg,Eintracht Frankfurt,A,0.2442751904753671,0.23632320034098586,0.5194016091836471,A,0.2323667293603684,0.27355258681886924,0.49408068382076237,A,0.037229386477883375,False
373090023,Bundesliga,2026-04-18T16:30:00.000000Z,Eintracht Frankfurt,RB Leipzig,A,0.31083823611906425,0.256110849939404,0.43305091394153167,A,0.2950190110532573,0.2939689655809845,0.41101202336575826,A,0.037858115641580536,False
373090024,Bundesliga,2026-05-08T18:30:00.000000Z,Borussia Dortmund,Eintracht Frankfurt,H,0.592346844222974,0.19436777931682225,0.2132853764602038,H,0.5665226812613696,0.22949040714365365,0.20398691159497676,H,0.0351226278268314,False
373090025,Bundesliga,2026-05-16T13:30:00.000000Z,Eintracht Frankfurt,VfB Stuttgart,D,0.2973025322983924,0.240977021045672,0.46172044665593565,A,0.2826544594428297,0.2783740247267918,0.4389715158303785,A,0.037397003681119784,False
373090026,Bundesliga,2025-12-20T14:30:00.000000Z,FC Köln,FC Union Berlin,A,0.41146797886249126,0.2696115746333496,0.31892044650415924,H,0.3899672345465009,0.3077771077778259,0.30225565767567314,H,0.03816553314447635,False
373090027,Bundesliga,2026-05-02T13:30:00.000000Z,FC Union Berlin,FC Köln,D,0.3297493366799892,0.25690025301872615,0.4133504103012848,A,0.3129407080419662,0.2947789878594839,0.3922803040985499,A,0.03787873484075782,False
373090028,Bundesliga,2026-05-02T13:30:00.000000Z,FC Bayern München,Heidenheim,D,0.955249007248403,0.023907818819665878,0.02084317393193113,H,0.9459911392472051,0.0333676900174372,0.020641170735357643,H,0.009459871197771325,False
373090029,Bundesliga,2026-02-14T14:30:00.000000Z,TSG Hoffenheim,SC Freiburg,H,0.5236126603043147,0.22473116819064917,0.2516561715050362,H,0.4987872515755705,0.2614880441858504,0.23972470423857906,H,0.036756875995201305,False
373090030,Bundesliga,2026-02-14T14:30:00.000000Z,Werder Bremen,FC Bayern München,A,0.071490845298161,0.0881832753467883,0.8403258793550508,A,0.06963860384359415,0.11180734538437508,0.8185540507720308,A,0.023624070037586778,False
373090031,Bundesliga,2026-02-21T14:30:00.000000Z,FC Union Berlin,Bayer 04 Leverkusen,H,0.3269248626106717,0.2532214488356883,0.4198536885536401,A,0.31038562032803885,0.2910012349631474,0.39861314470881387,A,0.037779786127459136,False
373090032,Bundesliga,2026-02-15T14:30:00.000000Z,FC Augsburg,Heidenheim,H,0.539592862571422,0.2271465116404208,0.23326062578815726,H,0.5138565098020851,0.26400843364703747,0.22213505655087756,H,0.03686192200661667,False
373090033,Bundesliga,2026-03-01T16:30:00.000000Z,Eintracht Frankfurt,SC Freiburg,H,0.46727364966584567,0.2386238362738905,0.29410251406026383,H,0.44437333199027024,0.2759376373675481,0.2796890306421816,H,0.03731380109365762,False
373090034,Bundesliga,2026-02-15T16:30:00.000000Z,RB Leipzig,VfL Wolfsburg,D,0.7122158712144069,0.15090696298003264,0.13687716580556047,H,0.6856688563451739,0.18255591435863155,0.1317752292961945,H,0.03164895137859891,False
373090035,Bundesliga,2026-02-28T17:30:00.000000Z,Borussia Dortmund,FC Bayern München,A,0.23186986866711,0.2105542305117347,0.5575759008211553,A,0.22127630030215462,0.24662208088648682,0.5321016188113585,A,0.03606785037475213,False
373090036,Bundesliga,2026-05-16T13:30:00.000000Z,SC Freiburg,RB Leipzig,H,0.25762983577326704,0.24452643730169846,0.4978437269250346,A,0.24483602644085725,0.2820429954589789,0.4731209781001639,A,0.037516558157280416,False
373090037,Bundesliga,2026-02-21T14:30:00.000000Z,FC Bayern München,Eintracht Frankfurt,H,0.9115968631262406,0.0486675325387148,0.03973560433504456,H,0.8963073468824566,0.06462350365143489,0.0390691494661086,H,0.015955971112720083,False
373090038,Bundesliga,2026-02-22T16:30:00.000000Z,St. Pauli,Werder Bremen,H,0.38287980432411756,0.28838454374582195,0.3287356519300606,H,0.3621977854490938,0.3268238767474358,0.3109783378034704,H,0.03843933300161384,False
373090039,Bundesliga,2026-02-21T17:30:00.000000Z,RB Leipzig,Borussia Dortmund,D,0.379521364525982,0.2583622253595117,0.36211641011450624,H,0.3601184315454595,0.29627826746466723,0.3436033009898732,H,0.037916042105155534,False
373090040,Bundesliga,2026-03-07T14:30:00.000000Z,RB Leipzig,FC Augsburg,H,0.6329270892376496,0.18600285015804163,0.18107006060430877,H,0.6060516334713762,0.22056693307760833,0.1733814334510154,H,0.0345640829195667,False
373090041,Bundesliga,2026-04-18T13:30:00.000000Z,TSG Hoffenheim,Borussia Dortmund,H,0.34271813885053565,0.24936083978660936,0.40792102136285496,A,0.32552009495119594,0.28702889340411414,0.38745101164469,A,0.037668053617504776,False
373090042,Bundesliga,2026-04-25T13:30:00.000000Z,FC Augsburg,Eintracht Frankfurt,D,0.3707921213574669,0.26209241135914785,0.3671154672833851,H,0.3516943908455674,0.3000985054987876,0.34820710365564495,H,0.038006094139639734,False
373090043,Bundesliga,2026-04-25T16:30:00.000000Z,Hamburger SV,TSG Hoffenheim,A,0.27657628594202943,0.2576977659574587,0.4657259481005118,A,0.2624553159587736,0.29559699339742634,0.44194769064380013,A,0.03789922743996765,False
373090044,Bundesliga,2026-05-02T13:30:00.000000Z,Werder Bremen,FC Augsburg,A,0.4501849680453228,0.2531631386377471,0.29665189331693004,H,0.42741271327750024,0.2909412975815837,0.281645989140916,H,0.037778158943836626,False
373090045,Bundesliga,2026-05-10T15:30:00.000000Z,FC Köln,Heidenheim,A,0.5670870933264157,0.21817570496218033,0.21473720171140398,H,0.5406457219837866,0.25462955262167036,0.20472472539454298,H,0.03645384765949003,False
373090046,Bundesliga,2026-05-16T13:30:00.000000Z,Borussia Mönchengladbach,TSG Hoffenheim,H,0.2880576527604645,0.2587436377263093,0.45319870951322616,A,0.2733194914573088,0.2966692256407002,0.430011282901991,A,0.03792558791439088,False
373090047,Bundesliga,2026-05-16T13:30:00.000000Z,Bayer 04 Leverkusen,Hamburger SV,D,0.7017907848104566,0.150821059081148,0.14738815610839542,H,0.6756419026964972,0.18246165696352304,0.14189644033997992,H,0.03164059788237503,False
373090048,Bundesliga,2026-05-09T13:30:00.000000Z,VfB Stuttgart,Bayer 04 Leverkusen,H,0.41945343686670516,0.23433412885104563,0.3462124342822492,H,0.39909945915261136,0.2714880646829279,0.32941247616446073,H,0.037153935831882284,False
373090049,Bundesliga,2026-05-16T13:30:00.000000Z,St. Pauli,VfL Wolfsburg,A,0.38760420211974894,0.27601004620378816,0.33638575167646284,H,0.36711097614676064,0.3142885004728039,0.31860052338043543,H,0.038278454269015716,False
373090050,Bundesliga,2025-12-20T14:30:00.000000Z,Hamburger SV,Eintracht Frankfurt,D,0.3604737327952241,0.2710709920421358,0.3684552751626402,A,0.3415862785972432,0.30926410293713913,0.34914961846561776,A,0.038193110895003324,False
373090051,Bundesliga,2025-10-04T13:30:00.000000Z,Bayer 04 Leverkusen,FC Union Berlin,H,0.6567544439450747,0.17080009651495656,0.17244545953996882,H,0.6302854127147219,0.20421915952077407,0.16549542776450404,H,0.03341906300581751,False
373090052,Bundesliga,2025-09-28T13:30:00.000000Z,SC Freiburg,TSG Hoffenheim,D,0.5002242389200087,0.2236935744837943,0.2760821865961971,H,0.47656919189227676,0.2604042405705947,0.2630265675371286,H,0.0367106660868004,False
373090053,Bundesliga,2025-09-27T13:30:00.000000Z,FSV Mainz 05,Borussia Dortmund,A,0.28022027991282683,0.2537428225139696,0.4660368975732035,A,0.2660285017779551,0.2915370760124387,0.4424344222096062,A,0.0377942534984691,False
373090054,Bundesliga,2025-09-27T13:30:00.000000Z,St. Pauli,Bayer 04 Leverkusen,A,0.3281093266521769,0.25303786050514504,0.418852812842678,A,0.3115164947911881,0.29081251724418217,0.3976709879646297,A,0.03777465673903713,False
373090055,Bundesliga,2025-10-04T13:30:00.000000Z,Borussia Dortmund,RB Leipzig,D,0.6051960237039786,0.2042200276232211,0.19058394867280035,H,0.5780317260534495,0.23993870915333335,0.18202956479321725,H,0.035718681530112234,False
373090056,Bundesliga,2025-10-25T13:30:00.000000Z,Eintracht Frankfurt,St. Pauli,H,0.5858000974090699,0.192855044407829,0.22134485818310118,H,0.560379886986543,0.2278802939825254,0.21173981903093167,H,0.03502524957469641,False
373090057,Bundesliga,2025-10-18T13:30:00.000000Z,Heidenheim,Werder Bremen,D,0.31348434147350845,0.26546250881853156,0.4210531497079599,A,0.2972321394536377,0.303543682639646,0.3992241779067162,A,0.03808117382111442,False
373090058,Bundesliga,2025-10-19T15:30:00.000000Z,St. Pauli,TSG Hoffenheim,A,0.41444919262639546,0.26398149046426866,0.3215693169093359,H,0.39302399854522685,0.30203039897873335,0.30494560247603975,H,0.038048908514464685,False
373090059,Bundesliga,2025-10-25T13:30:00.000000Z,FC Augsburg,RB Leipzig,A,0.3188269136435959,0.2562007751816493,0.4249723111747548,A,0.30259815188670175,0.2940612565211676,0.4033405915921307,A,0.037860481339518304,False
373090060,Bundesliga,2025-11-01T14:30:00.000000Z,FSV Mainz 05,Werder Bremen,D,0.44349072309297116,0.24815747255449885,0.30835180435253,H,0.42129292899124504,0.28578902774186155,0.2929180432668933,H,0.03763155518736269,False
373090061,Bundesliga,2025-11-01T17:30:00.000000Z,FC Bayern München,Bayer 04 Leverkusen,H,0.8033689777715824,0.10826654129907115,0.0883644809293465,H,0.779355581091936,0.13492122908113635,0.0857231898269276,H,0.0266546877820652,False
373090062,Bundesliga,2025-11-01T14:30:00.000000Z,RB Leipzig,VfB Stuttgart,H,0.39362884997564884,0.24041744491762465,0.3659537051067265,H,0.37425917894423777,0.2777949496763701,0.3479458713793922,H,0.03737750475874543,False
373090063,Bundesliga,2025-11-08T14:30:00.000000Z,FC Union Berlin,FC Bayern München,D,0.053127446281228695,0.07531429377862311,0.8715582599401481,A,0.051897674669356096,0.09671852663777339,0.8513837986928705,A,0.021404232859150274,False
373090064,Bundesliga,2025-11-08T14:30:00.000000Z,Bayer 04 Leverkusen,Heidenheim,H,0.7222838755606339,0.1378578415217434,0.13985828291762264,H,0.6968943991196571,0.16816356862172352,0.13494203225861934,H,0.030305727099980112,False
373090065,Bundesliga,2025-11-07T19:30:00.000000Z,Werder Bremen,VfL Wolfsburg,H,0.450972658905703,0.23794766617758267,0.31107967491671434,H,0.42890533184704305,0.27523697353178017,0.2958576946211769,H,0.0372893073541975,False
373090066,Bundesliga,2025-11-09T16:30:00.000000Z,VfB Stuttgart,FC Augsburg,H,0.6665723872910012,0.17534015406609452,0.15808745864290433,H,0.639268755520977,0.2091192442267472,0.1516120002522758,H,0.03377909016065267,False
373090067,Bundesliga,2025-11-22T14:30:00.000000Z,Borussia Dortmund,VfB Stuttgart,D,0.49941384746076806,0.23084510208611544,0.2697410504531166,H,0.4753792811052777,0.2678611049974361,0.25675961389728624,H,0.03701600291132065,False
373090068,Bundesliga,2025-11-30T16:30:00.000000Z,Eintracht Frankfurt,VfL Wolfsburg,D,0.6493247967984173,0.1750447481286774,0.17563045507290542,H,0.6227552350112255,0.20880088934542512,0.1684438756433494,H,0.03375614121674772,False
373090069,Bundesliga,2025-11-29T14:30:00.000000Z,Werder Bremen,FC Köln,D,0.4305912639142677,0.23082445856751554,0.3385842775182168,H,0.4098698472430823,0.26783962404583916,0.32229052871107855,H,0.03701516547832362,False
373090070,Bundesliga,2025-11-29T14:30:00.000000Z,TSG Hoffenheim,FC Augsburg,H,0.5641241530473252,0.2146160336304679,0.22125981332220687,H,0.538066359781901,0.2508941701347903,0.21103947008330864,H,0.036278136504322406,False
373090071,Bundesliga,2025-12-06T14:30:00.000000Z,FC Köln,St. Pauli,D,0.5097674741292398,0.24019168430663326,0.2500408415641269,H,0.48469562400757993,0.2775612717735365,0.23774310421888362,H,0.03736958746690325,False
373090072,Bundesliga,2026-01-10T14:30:00.000000Z,FC Union Berlin,FSV Mainz 05,D,0.5363649838882742,0.2538070557214742,0.20982796039025167,H,0.5091971248681658,0.2916030814146453,0.19919979371718882,H,0.03779602569317114,False
373090073,Bundesliga,2026-01-10T17:30:00.000000Z,Bayer 04 Leverkusen,VfB Stuttgart,A,0.5256622025091386,0.20884696344969758,0.2654908340411638,H,0.5017586290763025,0.24482327031658266,0.2534181006071149,H,0.03597630686688508,False
373090074,Bundesliga,2026-01-09T19:30:00.000000Z,Eintracht Frankfurt,Borussia Dortmund,D,0.3652306220722319,0.27606520140870944,0.3587041765190586,H,0.345918404254522,0.31434453964407233,0.3397370561014057,H,0.03827933823536289,False
373090075,Bundesliga,2026-01-11T16:30:00.000000Z,FC Bayern München,VfL Wolfsburg,H,0.9367624185215717,0.03514304836899201,0.028094533109436368,H,0.9245029666885823,0.047770174618263994,0.0277268586931537,H,0.012627126249271987,False
373090076,Bundesliga,2026-03-04T19:30:00.000000Z,Hamburger SV,Bayer 04 Leverkusen,A,0.30380105145144193,0.260525935149389,0.43567301339916914,A,0.28820202650543864,0.2984951071763358,0.4133028663182256,A,0.03796917202694683,False
373090077,Bundesliga,2026-01-14T19:30:00.000000Z,FC Köln,FC Bayern München,A,0.055478940303298065,0.07026729090118944,0.8742537687955125,A,0.05425764950459505,0.0907340481367833,0.8550083023586217,A,0.020466757235593866,False
373090078,Bundesliga,2026-01-18T16:30:00.000000Z,FC Augsburg,SC Freiburg,D,0.3299895538746935,0.27653725486451736,0.39347319126078917,A,0.31252596238431285,0.31482409664846384,0.3726499409672234,A,0.03828684178394648,False
373090079,Bundesliga,2026-01-24T14:30:00.000000Z,FSV Mainz 05,VfL Wolfsburg,H,0.3783328464398184,0.2636258392385264,0.3580413143216552,H,0.358788222312191,0.301666829664848,0.33954494802296115,H,0.038040990426321586,False
373090080,Bundesliga,2026-02-14T14:30:00.000000Z,Eintracht Frankfurt,Borussia Mönchengladbach,H,0.5409203364281052,0.2220827721808414,0.23699689139105345,H,0.5154445689871563,0.2587204007734256,0.22583503023941823,H,0.03663762859258421,False
373090081,Bundesliga,2026-02-08T16:30:00.000000Z,FC Bayern München,TSG Hoffenheim,H,0.8206624144795676,0.0915408029404671,0.08779678257996537,H,0.7988321516229467,0.11570652896424369,0.0854613194128095,H,0.02416572602377659,False
373090082,Bundesliga,2025-09-27T16:30:00.000000Z,Borussia Mönchengladbach,Eintracht Frankfurt,A,0.28062503402335154,0.24226306286061455,0.47711190311603385,A,0.26675884701506963,0.2797042060217167,0.4535369469632136,A,0.03744114316110214,False
373090083,Bundesliga,2025-10-05T13:30:00.000000Z,VfB Stuttgart,Heidenheim,H,0.749912944230953,0.13687195101432661,0.11321510475472035,H,0.7236759668079374,0.1670699510736966,0.109254082118366,H,0.030198000059369984,False
373090084,Bundesliga,2025-10-04T13:30:00.000000Z,Werder Bremen,St. Pauli,H,0.3624636154987302,0.2453315476105571,0.3922048368907128,A,0.3444320424306907,0.2828742381304892,0.3726937194388201,A,0.03754269051993209,False
373090085,Bundesliga,2025-10-18T13:30:00.000000Z,FC Köln,FC Augsburg,D,0.50644635020763,0.23759947233301998,0.2559541774593501,H,0.48168430823882064,0.2748760641287598,0.2434396276324196,H,0.03727659179573983,False
373090086,Bundesliga,2025-10-05T17:30:00.000000Z,Borussia Mönchengladbach,SC Freiburg,D,0.37608894357830797,0.2639108294146624,0.36000022700702966,H,0.3566494725188311,0.30195817000554204,0.3413923574756269,H,0.038047340590879664,False
373090087,Bundesliga,2026-01-27T19:30:00.000000Z,Werder Bremen,TSG Hoffenheim,A,0.24208781356319542,0.2445639222485356,0.513348264188269,A,0.23006482670780057,0.28208170515224196,0.48785346813995745,A,0.03751778290370636,False
373090088,Bundesliga,2026-05-16T13:30:00.000000Z,FC Union Berlin,FC Augsburg,H,0.38120329218942883,0.2668629591741436,0.35193374863642746,H,0.36138721413743363,0.304973597569666,0.33363918829290035,H,0.03811063839552237,False
373090089,Bundesliga,2026-04-05T13:30:00.000000Z,FC Union Berlin,St. Pauli,D,0.4072290417396267,0.27278604313686905,0.31998491512350424,H,0.3858240908515098,0.31101018099627314,0.3031657281522171,H,0.038224137859404095,False
373090090,Bundesliga,2025-10-03T18:30:00.000000Z,TSG Hoffenheim,FC Köln,A,0.44049935840532267,0.23222748787935388,0.32727315371532345,H,0.4192300688704935,0.26929899671490426,0.31147093441460233,H,0.03707150883555038,False
373090091,Bundesliga,2025-11-28T19:30:00.000000Z,Borussia Mönchengladbach,RB Leipzig,D,0.2291020066043535,0.21992773813474603,0.5509702552609006,A,0.21837120884777517,0.25646516441774025,0.5251636267344846,A,0.03653742628299422,False
373090092,Bundesliga,2025-11-29T14:30:00.000000Z,FC Bayern München,St. Pauli,H,0.9454356640864706,0.03150661054392823,0.023057725369601212,H,0.9340650510404193,0.04315453539749762,0.022780413562083154,H,0.011647924853569386,False
373090093,Bundesliga,2025-11-08T17:30:00.000000Z,Borussia Mönchengladbach,FC Köln,H,0.3703944131063242,0.2505854606686938,0.379020126224982,A,0.35175921127039333,0.2882898393122538,0.35995094941735284,A,0.03770437864356002,False
373090094,Bundesliga,2025-10-25T13:45:00.000000Z,Borussia Mönchengladbach,FC Bayern München,A,0.060353889788098025,0.07592043030922623,0.8637256799026758,A,0.0589487464870356,0.09743460647183204,0.8436166470411324,A,0.021514176162605814,False
373090095,Bundesliga,2025-10-25T13:30:00.000000Z,TSG Hoffenheim,Heidenheim,H,0.5658383848158741,0.2092264870273548,0.22493512815677105,H,0.5400808424775583,0.24522330659101815,0.21469585093142365,H,0.03599681956366335,False
373090096,Bundesliga,2025-11-09T14:30:00.000000Z,SC Freiburg,St. Pauli,H,0.4965294172049281,0.24435782321656405,0.25911275957850793,H,0.4718810650522319,0.2818688625012737,0.24625007244649447,H,0.03751103928470964,False
373090097,Bundesliga,2025-11-22T14:30:00.000000Z,Heidenheim,Borussia Mönchengladbach,A,0.33998127584453197,0.26769538895859885,0.3923233351968693,A,0.32228004243601477,0.30582306176639457,0.3718968957975907,A,0.038127672807795776,False
373090098,Bundesliga,2025-12-06T14:30:00.000000Z,Heidenheim,SC Freiburg,H,0.25463233902728266,0.2555655562764407,0.4898021046962767,A,0.24168798350383722,0.2934092337145356,0.46490278278162733,A,0.037843677438094914,False
373090099,Bundesliga,2025-11-29T14:30:00.000000Z,FC Union Berlin,Heidenheim,A,0.5761584733439696,0.21970276410669293,0.20413876254933755,H,0.5491876925621039,0.2562295647485886,0.19458274268930753,H,0.03652680064189573,False
373090100,Bundesliga,2025-11-30T18:30:00.000000Z,SC Freiburg,FSV Mainz 05,H,0.47928271192832517,0.2541995355015976,0.26651775257007737,H,0.45498647017613325,0.2920063412414633,0.25300718858240356,H,0.03780680573986572,False
373090101,Bundesliga,2025-12-13T17:30:00.000000Z,Bayer 04 Leverkusen,FC Köln,H,0.6473317473341126,0.16348479382565656,0.18918345884023088,H,0.6219455528185133,0.1962901333237638,0.18176431385772293,H,0.03280533949810724,False
373090102,Bundesliga,2025-12-07T14:30:00.000000Z,Hamburger SV,Werder Bremen,H,0.43241370267066964,0.2622451292795289,0.30534116804980155,H,0.41013545928175665,0.30025475402027035,0.2896097866979731,H,0.03800962474074143,False
373090103,Bundesliga,2025-12-06T14:30:00.000000Z,VfL Wolfsburg,FC Union Berlin,H,0.41060829936471993,0.2661084990873402,0.3232832015479399,H,0.3892944152537988,0.3042033900689479,0.3065021946772532,H,0.03809489098160773,False
373090104,Bundesliga,2026-01-24T17:30:00.000000Z,FC Union Berlin,Borussia Dortmund,A,0.2939172569285535,0.25685296193164286,0.44922978113980366,A,0.27893656943043726,0.2947304709244509,0.42633295964511186,A,0.03787750899280806,False
373090105,Bundesliga,2025-12-14T18:30:00.000000Z,Werder Bremen,VfB Stuttgart,A,0.32956694132790615,0.26062896092885635,0.4098040977432375,A,0.31264147818465654,0.2986006009864484,0.38875792082889504,A,0.03797164005759207,False
373090106,Bundesliga,2025-12-14T16:30:00.000000Z,FC Bayern München,FSV Mainz 05,D,0.9567450993495062,0.02569425499662591,0.017560645653867786,H,0.9469319581436317,0.03568751219743466,0.017380529658933615,H,0.009993257200808753,False
373090107,Bundesliga,2026-01-10T14:30:00.000000Z,Heidenheim,FC Köln,D,0.324814125539862,0.2699164822791709,0.40526939218096714,A,0.3078316782536563,0.30808786670900234,0.3840804550373414,A,0.03817138442983142,False
373090108,Bundesliga,2025-12-21T16:30:00.000000Z,Heidenheim,FC Bayern München,A,0.0458873285528382,0.06234047162945266,0.8917721998177092,A,0.04496187838507275,0.08125107713219379,0.8737870444827335,A,0.01891060550274113,False
373090109,Bundesliga,2025-12-20T14:30:00.000000Z,FC Augsburg,Werder Bremen,D,0.4225959160408448,0.26202294306638696,0.31538114089276825,H,0.4008329904622681,0.30002742715891895,0.29913958237881294,H,0.03800448409253199,False
373090110,Bundesliga,2026-01-17T14:30:00.000000Z,FC Köln,FSV Mainz 05,H,0.470383689756926,0.267819914330122,0.261796395912952,H,0.44588723049000056,0.3059501047156233,0.2481626647943762,H,0.038130190385501306,False
373090111,Bundesliga,2026-01-17T14:30:00.000000Z,VfL Wolfsburg,Heidenheim,D,0.5435747038989935,0.21542181989009754,0.24100347621090887,H,0.5184122952618676,0.2517404282324136,0.22984727650571876,H,0.03631860834231607,False
373090112,Bundesliga,2026-01-30T19:30:00.000000Z,FC Köln,VfL Wolfsburg,H,0.47940596680004255,0.24848437598088888,0.27210965721906866,H,0.45539371375908155,0.28612592526871666,0.25848036097220173,H,0.037641549287827786,False
373090113,Bundesliga,2026-01-31T14:30:00.000000Z,RB Leipzig,FSV Mainz 05,A,0.6942439917545176,0.16257229839731077,0.14318370984817178,H,0.6671136523350027,0.19529810957266874,0.1375882380923286,H,0.032725811175358,False
373090114,Bundesliga,2026-01-24T14:30:00.000000Z,Bayer 04 Leverkusen,Werder Bremen,H,0.6681933333155863,0.16768043088950033,0.1641262357949134,H,0.6415702118997777,0.20084290623960493,0.15758688186061745,H,0.03316247535010461,False
373090115,Bundesliga,2026-01-25T16:30:00.000000Z,SC Freiburg,FC Köln,H,0.5266538711787941,0.2193775960710764,0.2539685327501294,H,0.502021137813213,0.2558889835068904,0.2420898786798967,H,0.036511387435813975,False
373090116,Bundesliga,2026-01-25T14:30:00.000000Z,Borussia Mönchengladbach,VfB Stuttgart,A,0.26803600909659675,0.23803672958719624,0.49392726131620707,A,0.2549175999934389,0.2753292782135748,0.4697531217929864,A,0.03729254862637854,False
373090117,Bundesliga,2026-02-06T19:30:00.000000Z,FC Union Berlin,Eintracht Frankfurt,D,0.41778919174512574,0.26847244240018847,0.31373836585468573,H,0.39600486040521843,0.3066156950594127,0.2973794445353688,H,0.03814325265922425,False
373090118,Bundesliga,2026-02-28T14:30:00.000000Z,Werder Bremen,Heidenheim,H,0.5357838613493398,0.22445805915819825,0.239758079492462,H,0.5103986989339112,0.2612028354541185,0.22839846561197033,H,0.03674477629592024,False
373090119,Bundesliga,2026-02-14T14:30:00.000000Z,Bayer 04 Leverkusen,St. Pauli,H,0.6273304410475737,0.1805515755273047,0.1921179834251216,H,0.6011690731318494,0.21472478045705737,0.18410614641109332,H,0.034173204929752676,False
373090120,Bundesliga,2026-02-21T14:30:00.000000Z,FC Köln,TSG Hoffenheim,D,0.30315405842915083,0.24706396024547753,0.4497819813253717,A,0.28801612758654277,0.2846616548228534,0.42732221759060396,A,0.037597694577375856,False
373090121,Bundesliga,2026-02-28T14:30:00.000000Z,Borussia Mönchengladbach,FC Union Berlin,H,0.3412677460965785,0.27097856009253163,0.38775369381089,A,0.32338968236164867,0.3091699564839961,0.3674403611543554,A,0.03819139639146446,False
373090122,Bundesliga,2026-02-27T19:30:00.000000Z,FC Augsburg,FC Köln,H,0.4723173358677201,0.24798671938738268,0.2796959447448971,H,0.4486853606970989,0.28561303082218464,0.26570160848071644,H,0.03762631143480194,False
373090123,Bundesliga,2026-03-08T14:30:00.000000Z,St. Pauli,Eintracht Frankfurt,D,0.3247861777389078,0.2733406990498173,0.401873123211275,A,0.30769725128169434,0.3115745532114632,0.38072819550684256,A,0.03823385416164593,False
373090124,Bundesliga,2026-03-14T17:30:00.000000Z,Hamburger SV,FC Köln,D,0.5027189455068497,0.23888534601599387,0.2583957084771564,H,0.47806683623113316,0.27620854974456155,0.24572461402430523,H,0.03732320372856768,False
373090125,Bundesliga,2026-03-07T14:30:00.000000Z,FSV Mainz 05,VfB Stuttgart,D,0.2673452782788489,0.2543327405406275,0.4783219811805236,A,0.25378903862331753,0.29214318603490386,0.4540677753417786,A,0.03781044549427637,False
373090126,Bundesliga,2026-03-14T14:30:00.000000Z,Eintracht Frankfurt,Heidenheim,H,0.6396909326488686,0.1770249143963355,0.18328415295479597,H,0.6133340001166221,0.2109336314030872,0.17573236848029072,H,0.033908717006751715,False
373090127,Bundesliga,2026-03-15T16:30:00.000000Z,SC Freiburg,FC Union Berlin,A,0.4762933353795867,0.2417043851976286,0.2820022794227848,H,0.45278813691101405,0.27912646860673845,0.2680853944822475,H,0.03742208340910985,False
373090128,Bundesliga,2026-03-21T14:30:00.000000Z,Heidenheim,Bayer 04 Leverkusen,D,0.17275086146156324,0.18848191628689973,0.6387672222515371,A,0.16535674431349096,0.22321667666949202,0.6114265790170171,A,0.034734760382592295,False
373090129,Bundesliga,2026-04-18T13:30:00.000000Z,FC Union Berlin,VfL Wolfsburg,A,0.47460205546938894,0.24468329231182484,0.2807146522187862,H,0.45102536870307725,0.28220497014972135,0.2667696611472014,H,0.037521677837896505,False
373090130,Bundesliga,2026-03-21T14:30:00.000000Z,FC Köln,Borussia Mönchengladbach,D,0.42074326521028327,0.2695292774359753,0.30972745735374135,H,0.39876124370998584,0.307693223139812,0.29354553315020215,H,0.03816394570383669,False
373090131,Bundesliga,2026-04-04T13:30:00.000000Z,Werder Bremen,RB Leipzig,A,0.27658540290356126,0.2571037904177979,0.46631080667864083,A,0.2624809284417991,0.2949877875694682,0.44253128398873276,A,0.03788399715167029,False
373090132,Bundesliga,2026-03-21T14:30:00.000000Z,VfL Wolfsburg,Werder Bremen,A,0.2980093059290946,0.25462668332867994,0.44736401074222554,A,0.2828890328732487,0.2924451267543809,0.4246658403723705,A,0.037818443425700954,False
373090133,Bundesliga,2026-05-16T13:30:00.000000Z,Heidenheim,FSV Mainz 05,A,0.29304393491940706,0.26565848327791963,0.44129758180267337,A,0.2778457159368146,0.303743841305277,0.4184104427579084,A,0.03808535802735735,False
373090134,Bundesliga,2026-04-04T13:30:00.000000Z,TSG Hoffenheim,FSV Mainz 05,A,0.5657261697870614,0.2169958401184106,0.21727799009452795,H,0.5394294442522973,0.2533923276500639,0.20717822809763886,H,0.03639648753165328,False
373090135,Bundesliga,2026-04-12T13:30:00.000000Z,FC Köln,Werder Bremen,H,0.37818437109217373,0.2726383723390611,0.34917725656876514,H,0.35831147322220613,0.3108598971982051,0.33082862957958875,H,0.03822152485914404,False
373090136,Bundesliga,2026-04-18T13:30:00.000000Z,Werder Bremen,Hamburger SV,H,0.4696177550068797,0.2573622398188287,0.27302000517429165,H,0.4456570548369121,0.2952528870886209,0.2590900580744671,H,0.03789064726979219,False
373090137,Bundesliga,2026-04-19T13:30:00.000000Z,SC Freiburg,Heidenheim,H,0.581401035820422,0.2020786363638987,0.21652032781567931,H,0.5554651672401942,0.23767331602493397,0.20686151673487174,H,0.03559467966103527,False
373090138,Bundesliga,2026-04-25T13:30:00.000000Z,Heidenheim,St. Pauli,H,0.3809590665705872,0.28524341933834957,0.3337975140910633,H,0.3604892451004427,0.3236489617827475,0.3158617931168098,H,0.03840554244439792,False
373090139,Bundesliga,2026-04-25T13:30:00.000000Z,VfL Wolfsburg,Borussia Mönchengladbach,D,0.34729308184538954,0.25900520806773325,0.3937017100868773,A,0.329514883568544,0.2969372977686918,0.37354781866276404,A,0.03793208970095863,False
373090140,Bundesliga,2026-04-25T13:30:00.000000Z,FSV Mainz 05,FC Bayern München,A,0.08959533887194203,0.11328059239211428,0.7971240687359437,A,0.086833130792684,0.1406179912185217,0.7725488779887942,A,0.027337398826407414,False
373090141,Bundesliga,2026-04-24T18:30:00.000000Z,RB Leipzig,FC Union Berlin,H,0.7270358317919957,0.14475295538116414,0.12821121282684017,H,0.7006538942391761,0.17578729115489655,0.12355881460592734,H,0.031034335773732408,False
373090142,Bundesliga,2026-05-16T13:30:00.000000Z,FC Bayern München,FC Köln,H,0.890114484562585,0.05415730868286122,0.05572820675455382,H,0.8739404654122422,0.07134394935424951,0.05471558523350829,H,0.01718664067138829,False
373090143,Bundesliga,2026-05-09T13:30:00.000000Z,FC Augsburg,Borussia Mönchengladbach,H,0.4512339470252491,0.2502916210835948,0.2984744318911562,H,0.4285456631481684,0.28798735882233717,0.28346697802949444,H,0.03769573773874235,False
373090144,Bundesliga,2026-05-16T13:30:00.000000Z,Werder Bremen,Borussia Dortmund,A,0.24661219628044073,0.22767588861330648,0.5257119151062528,A,0.23483454808290027,0.2645603647891993,0.5006050871279004,A,0.03688447617589283,False
374119961,Serie A,2025-10-19T18:45:00.000000Z,AC Milan,Fiorentina,H,0.5774144741438025,0.22322469661394503,0.19936082924225257,H,0.5501413510339733,0.2599142661113781,0.18994438285464868,H,0.0366895694974331,False
374119962,Serie A,2025-10-18T18:45:00.000000Z,Roma,Inter,A,0.2794086889437448,0.2701965256936526,0.4503947853626025,A,0.2647925535487654,0.30837324250411513,0.4268342039471194,A,0.03817671681046253,False
374119963,Serie A,2025-10-05T18:45:00.000000Z,Juventus,AC Milan,D,0.44416944271420955,0.2536026497967977,0.3022279074889928,H,0.42168097688621176,0.2913930281748818,0.28692599493890636,H,0.03779037837808408,False
374119964,Serie A,2025-11-01T19:45:00.000000Z,Cremonese,Juventus,A,0.19349688952552477,0.22571183796651326,0.580791272507962,A,0.18430047354292003,0.2625117888387317,0.5531877376183483,A,0.03679995087221846,False
374119965,Serie A,2025-12-20T19:45:00.000000Z,Juventus,Roma,H,0.46536683066111056,0.2694516115802945,0.26518155775859503,H,0.4410569613975089,0.3076140560071745,0.25132898259531666,H,0.03816244442687999,False
374119966,Serie A,2025-10-04T13:00:00.000000Z,Lazio,Torino,D,0.6018229191813219,0.2131386730674223,0.18503840775125585,H,0.5741335228831685,0.24934154008811568,0.17652493702871574,H,0.03620286702069339,False
374119967,Serie A,2025-10-29T19:45:00.000000Z,Inter,Fiorentina,H,0.7180932622466175,0.15037174463989342,0.13153499311348918,H,0.6913881112141025,0.1819685469965927,0.12664334178930478,H,0.031596802356699316,False
374119968,Serie A,2025-11-03T19:45:00.000000Z,Lazio,Cagliari,H,0.5756908603197674,0.21744728597670365,0.20686185370352905,H,0.5488992859408299,0.25386582357785487,0.19723489048131534,H,0.03641853760115121,False
374119969,Serie A,2025-11-02T17:00:00.000000Z,Parma,Bologna,A,0.24139506784989787,0.26550015956588907,0.49310477258421315,A,0.22887933747689385,0.30358213880336044,0.46753852371974575,A,0.038081979237471364,False
374119970,Serie A,2025-11-02T14:00:00.000000Z,Torino,Pisa,D,0.531296474178983,0.25324501572971414,0.21545851009130307,H,0.5044166853374263,0.2910254589833298,0.20455785567924387,H,0.037780443253615736,False
374119971,Serie A,2025-11-03T17:30:00.000000Z,Sassuolo,Genoa,A,0.38232861154812775,0.2865999036491967,0.3310714848026757,H,0.36173800759100716,0.32502061924108205,0.31324137316791084,H,0.03842071559188537,False
374119972,Serie A,2025-11-09T14:00:00.000000Z,Bologna,Napoli,H,0.35924830756652054,0.2904916006286348,0.3502600918048446,H,0.3397750222297571,0.3289509592916693,0.33127401847857363,H,0.03845935866303446,False
374119973,Serie A,2025-11-09T14:00:00.000000Z,Genoa,Fiorentina,D,0.39157983338451663,0.29975405860295495,0.3086661080125283,H,0.3700378331364176,0.338276722328829,0.29168544453475337,H,0.03852266372587404,False
374119974,Serie A,2025-11-22T14:00:00.000000Z,Udinese,Bologna,A,0.24564361997950926,0.26307837597648165,0.49127800404400923,A,0.2329672367993414,0.30110704889969025,0.4659257143009684,A,0.038028672923208606,False
374119975,Serie A,2025-11-23T17:00:00.000000Z,Lazio,Lecce,H,0.5429423369960424,0.23029696680584416,0.2267606961981135,H,0.5168472912300426,0.26729064828693444,0.21586206048302303,H,0.03699368148109028,False
374119976,Serie A,2025-11-30T19:45:00.000000Z,Roma,Napoli,A,0.4306817609542099,0.27230310804442864,0.2970151310013614,H,0.4080641831869303,0.3105186596116627,0.2814171572014069,H,0.03821555156723405,False
374119977,Serie A,2025-12-01T19:45:00.000000Z,Bologna,Cremonese,A,0.7302469699906649,0.15149200411712835,0.1182610258922069,H,0.7029602825450874,0.183197678266006,0.1138420391889067,H,0.03170567414887768,False
374119978,Serie A,2025-11-30T11:30:00.000000Z,Lecce,Torino,H,0.34885572254963937,0.3107601065252594,0.3403841709251012,H,0.32934540417030483,0.34930695810949103,0.3213476377202042,D,0.0385468515842316,True
374119979,Serie A,2025-11-29T14:00:00.000000Z,Parma,Udinese,A,0.39467161605591483,0.28932592747867164,0.31600245646541353,H,0.37331928546856996,0.3277744682883059,0.29890624624312423,H,0.03844854080963428,False
374119980,Serie A,2025-12-13T14:00:00.000000Z,Torino,Cremonese,H,0.46316312412911415,0.2535488926671488,0.2832879832037371,H,0.43971561375587415,0.29133778208966776,0.26894660415445815,H,0.037788889422518956,False
374119981,Serie A,2025-11-30T14:00:00.000000Z,Pisa,Inter,A,0.12941156163309803,0.1730069698975891,0.6975814684693129,A,0.1241543044230024,0.20660300270438872,0.669242692872609,A,0.033596032806799625,False
374119982,Serie A,2025-12-07T11:30:00.000000Z,Cremonese,Lecce,H,0.3937120612604317,0.27638767076340465,0.3299002679761638,H,0.3728817639031798,0.3146721468374089,0.3124460892594113,H,0.03828447607400426,False
374119983,Serie A,2025-12-14T19:45:00.000000Z,Bologna,Juventus,A,0.43369040893555766,0.26893538476509327,0.297374206299349,H,0.41105721867840705,0.30708777224235684,0.28185500907923616,H,0.03815238747726357,False
374119984,Serie A,2025-12-14T11:30:00.000000Z,AC Milan,Sassuolo,D,0.6081808135438901,0.18803488581228936,0.20378430064382053,H,0.5821864780613992,0.22273919267012357,0.1950743292684773,H,0.03470430685783421,False
374119985,Serie A,2025-12-21T19:45:00.000000Z,Genoa,Atalanta,A,0.29407439892918996,0.2715338643657226,0.43439173670508746,A,0.2786527873404317,0.3097354957903628,0.4116117168692055,A,0.038201631424640226,False
374119986,Serie A,2026-01-14T17:30:00.000000Z,Napoli,Parma,D,0.6966796779006795,0.1613418316654517,0.14197849043386881,H,0.669584066987423,0.19395934031288617,0.13645659269969082,H,0.03261750864743446,False
374119987,Serie A,2026-01-08T19:45:00.000000Z,AC Milan,Genoa,D,0.6826904171703937,0.16931176629032285,0.14799781653928354,H,0.6553252186565578,0.2026093604074222,0.14206542093602006,H,0.033297594117099344,False
374119988,Serie A,2026-01-04T17:00:00.000000Z,Hellas Verona,Torino,A,0.34173148901292155,0.28737715431252536,0.3708913566745531,A,0.32330322317365545,0.32580616558507597,0.3508906112412685,A,0.038429011272550606,False
374119989,Serie A,2026-01-06T14:00:00.000000Z,Pisa,Como,A,0.22385336691648366,0.26073887058932677,0.5154077624941896,A,0.21235449710406804,0.2987131374121445,0.4889323654837875,A,0.03797426682281774,False
374119990,Serie A,2026-02-03T19:45:00.000000Z,Bologna,AC Milan,A,0.3067896261702078,0.2713155143706336,0.42189485945915867,A,0.2907077203441231,0.30951313995892143,0.39977913969695544,A,0.03819762558828782,False
374119991,Serie A,2026-04-05T18:45:00.000000Z,Inter,Roma,H,0.6713902747183023,0.17572571938724568,0.15288400589445206,H,0.6438521155495336,0.20953466359299888,0.1466132208574676,H,0.0338089442057532,False
374119992,Serie A,2026-02-08T11:30:00.000000Z,Bologna,Parma,A,0.5743982341124833,0.21886966212567327,0.20673210376184342,H,0.5475676647838148,0.25535684199565734,0.19707549322052792,H,0.036487179869984065,False
374119993,Serie A,2026-02-06T19:45:00.000000Z,Hellas Verona,Pisa,D,0.4369316528263916,0.2736880114457513,0.289380335727857,H,0.413927482114992,0.3119278708524967,0.2741446470325113,H,0.0382398594067454,False
374119994,Serie A,2026-03-08T14:00:00.000000Z,Bologna,Hellas Verona,A,0.6518938355080515,0.1890476372637607,0.15905852722818792,H,0.6239410625274605,0.2238207338308933,0.15223820364164625,H,0.034773096567132594,False
374119995,Serie A,2026-03-08T19:45:00.000000Z,AC Milan,Inter,H,0.22635436145374022,0.24130142384311556,0.5323442147031442,A,0.2151937827495741,0.2787096501196311,0.5060965671307949,A,0.03740822627651555,False
374119996,Serie A,2026-02-15T14:00:00.000000Z,Parma,Hellas Verona,H,0.43525191253582546,0.26861070488541705,0.2961373825787574,H,0.41255112071266914,0.3067566972449904,0.2806921820423406,H,0.03814599235957333,False
374119997,Serie A,2026-03-01T19:45:00.000000Z,Roma,Juventus,D,0.40100212339116315,0.2645467465469337,0.3344511300619032,H,0.38024936289811784,0.3026081041618765,0.31714253294000583,H,0.03806135761494278,False
374119998,Serie A,2026-03-08T11:30:00.000000Z,Lecce,Cremonese,H,0.4457776382089948,0.2795144372149523,0.2747079245760528,H,0.42206116266843324,0.3178460554086586,0.26009278192290813,H,0.03833161819370634,False
374119999,Serie A,2026-03-15T19:45:00.000000Z,Lazio,AC Milan,H,0.28507264574523533,0.27302574525452933,0.4419016090002354,A,0.27008193803848035,0.31125410116969,0.41866396079182966,A,0.03822835591516066,False
374120000,Serie A,2026-03-15T17:00:00.000000Z,Como,Roma,H,0.43160536758406093,0.2749388464379844,0.29345578597795474,H,0.40882984518666077,0.3131998315477681,0.2779703232655712,H,0.03826098510978371,False
374120001,Serie A,2026-03-14T14:00:00.000000Z,Inter,Atalanta,D,0.6743320447815306,0.16623807630387025,0.1594298789145991,H,0.6476088422260629,0.1992793486894748,0.15311180908446245,H,0.03304127238560456,False
374120002,Serie A,2026-03-14T17:00:00.000000Z,Napoli,Lecce,H,0.7029760806260088,0.16381919733750683,0.1332047220364843,H,0.6753723141234071,0.1966535145593659,0.12797417131722696,H,0.03283431722185906,False
374120003,Serie A,2026-03-22T14:00:00.000000Z,Bologna,Lazio,A,0.46611864010775705,0.26951002086942416,0.2643713390228189,H,0.44176683021023533,0.30767359463193233,0.25055957515783245,H,0.038163573762508174,False
374120004,Serie A,2026-04-04T18:45:00.000000Z,Lazio,Parma,D,0.5258055820525209,0.24159340316427744,0.23260101478320158,H,0.4998633783104591,0.2790116792838162,0.2211249424057246,H,0.03741827611953877,False
374120005,Serie A,2026-04-06T13:00:00.000000Z,Lecce,Atalanta,A,0.19610910587773497,0.23331958806046266,0.5705713060618024,A,0.18661557523231628,0.2704341521874749,0.5429502725802088,A,0.03711456412701225,False
374120006,Serie A,2026-04-04T16:00:00.000000Z,Hellas Verona,Fiorentina,A,0.25506256434588864,0.26812661643151015,0.47681081922260127,A,0.24177179948738917,0.30626297357254584,0.4519652269400651,A,0.03813635714103569,False
374120007,Serie A,2026-04-05T13:00:00.000000Z,Cremonese,Bologna,A,0.23811366594573113,0.2714849160961924,0.49040141795807646,A,0.22562783362949063,0.30968565162032624,0.46468651475018313,A,0.03820073552413383,False
374120008,Serie A,2026-04-05T16:00:00.000000Z,Pisa,Torino,A,0.3147979426899785,0.27740119203688984,0.40780086527313175,A,0.2981125405426358,0.31570147951344696,0.3861859799439172,A,0.038300287476557116,False
374120009,Serie A,2025-09-27T13:00:00.000000Z,Como,Cremonese,D,0.6945507289438593,0.17279394868726342,0.13265532236887725,H,0.666356547358275,0.2063730619866905,0.12727039065503457,H,0.03357911329942706,False
374120010,Serie A,2025-09-27T16:00:00.000000Z,Juventus,Atalanta,D,0.3884029736191609,0.25854554204653957,0.3530514843342996,H,0.3685386527956128,0.29646618176666467,0.33499516543772256,H,0.037920639720125104,False
374120011,Serie A,2025-10-05T16:00:00.000000Z,Napoli,Genoa,H,0.739067409317066,0.14517273792749355,0.11575985275544043,H,0.7121985532700089,0.1762500528789807,0.11155139385101037,H,0.03107731495148716,False
374120012,Serie A,2026-01-19T19:45:00.000000Z,Lazio,Como,A,0.3469304856114164,0.2780546864099346,0.375014827978649,A,0.3285205310269423,0.31636489835986903,0.35511457061318874,A,0.03831021194993445,False
374120013,Serie A,2025-12-08T19:45:00.000000Z,Torino,AC Milan,A,0.2821529669608753,0.266833298582358,0.45101373445676674,A,0.26748664815179696,0.30494332343523345,0.4275700284129697,A,0.03811002485287546,False
374120014,Serie A,2025-12-13T19:45:00.000000Z,Atalanta,Cagliari,H,0.6084692976737238,0.19982672644424135,0.19170397588203483,H,0.5815039919823048,0.2352877053465895,0.18320830267110574,H,0.035460978902348145,False
374120015,Serie A,2026-04-12T13:00:00.000000Z,Parma,Napoli,D,0.21790446380104248,0.23944409199347852,0.542651444205479,A,0.20720539266789212,0.2767872543067078,0.5160073530254,A,0.03734316231322929,False
374120016,Serie A,2026-04-25T16:00:00.000000Z,Bologna,Roma,A,0.363670096720065,0.29293074642686506,0.34339915685306993,H,0.3438785490786949,0.3314106625487908,0.3247107883725143,H,0.03847991612192575,False
374120017,Serie A,2026-01-06T19:45:00.000000Z,Sassuolo,Juventus,A,0.23067512979590046,0.2433675214312782,0.5259573487728213,A,0.21924909031133746,0.2808458251525258,0.49990508453613663,A,0.03747830372124761,False
374120018,Serie A,2026-01-17T19:45:00.000000Z,Cagliari,Juventus,H,0.16225359153737567,0.19428560546746018,0.6434608029951642,A,0.1551817049380815,0.22940298422970806,0.6154153108322105,A,0.03511737876224788,False
374120019,Serie A,2026-02-14T14:00:00.000000Z,Como,Fiorentina,A,0.6004476355001555,0.20420398410138796,0.19534838039845653,H,0.5734977056352615,0.23992174789500378,0.18658054646973474,H,0.035717763793615825,False
374120020,Serie A,2026-02-21T19:45:00.000000Z,Cagliari,Lazio,D,0.3459327427301976,0.29219114972277216,0.3618761075470302,A,0.3271290656836627,0.3306651285842428,0.34220580573209447,A,0.03847397886147064,False
374120021,Serie A,2026-02-27T19:45:00.000000Z,Parma,Cagliari,D,0.3987158169449143,0.27722289799972133,0.3240612850553643,H,0.37758919837682114,0.31552044099842647,0.30689036062475245,H,0.038297542998705136,False
374120022,Serie A,2026-03-02T17:30:00.000000Z,Pisa,Bologna,A,0.2545717149627466,0.2680586185795103,0.4773696664577432,A,0.24130823363239698,0.30619361267656314,0.4524981536910399,A,0.03813499409705284,False
374120023,Serie A,2026-03-01T17:00:00.000000Z,Torino,Lazio,H,0.34575163346007093,0.28856422418460875,0.36568414235532026,A,0.3270695801388526,0.3270053472688194,0.345925072592328,A,0.03844112308421066,False
374120024,Serie A,2026-03-22T19:45:00.000000Z,Fiorentina,Inter,D,0.1656223394744835,0.19274259471502556,0.641635065810491,A,0.15843782266110942,0.2277605422901723,0.6138016350487183,A,0.03501794757514676,False
374120025,Serie A,2026-03-22T11:30:00.000000Z,Como,Pisa,H,0.780048536280787,0.12753615436559215,0.09241530935362098,H,0.7540020363778246,0.15666848192434138,0.08932948169783411,H,0.029132327558749255,False
374120026,Serie A,2026-04-12T10:30:00.000000Z,Genoa,Sassuolo,H,0.4720790549042328,0.2617908824075015,0.2661300626882658,H,0.4477789307192234,0.29978996973333716,0.25243109954743953,H,0.03799908732583568,False
374120027,Serie A,2026-03-20T19:45:00.000000Z,Genoa,Udinese,A,0.4834158687043642,0.25622876399335465,0.26035536730228126,H,0.4588078815873696,0.29408998076039405,0.2471021376522363,H,0.03786121676703941,False
374120028,Serie A,2026-04-26T13:00:00.000000Z,Genoa,Como,A,0.24625477728248982,0.2562019384142728,0.49754328430323747,A,0.2337200149452636,0.29406245032698763,0.47221753472774886,A,0.037860511912714834,False
374120029,Serie A,2026-05-10T13:00:00.000000Z,Fiorentina,Genoa,D,0.4298454477279802,0.26691037025067504,0.30324418202134473,H,0.4074987865388276,0.3050219884238577,0.28747922503731477,H,0.03811161817318265,False
374120030,Serie A,2026-05-17T18:45:00.000000Z,Sassuolo,Lecce,A,0.48651340255565684,0.25545247945579636,0.2580341179885468,H,0.4617869889921298,0.2932931428660268,0.24491986814184327,H,0.03784066341023046,False
374120031,Serie A,2025-10-04T18:45:00.000000Z,Atalanta,Como,D,0.5008329238533231,0.22080999100460036,0.2783570851420765,H,0.4773215029083002,0.25738878489997197,0.26528971219172787,H,0.03657879389537161,False
374120032,Serie A,2025-09-27T18:45:00.000000Z,Cagliari,Inter,A,0.2157696391245625,0.20664036730840132,0.5775899935670361,A,0.20601812000260594,0.24249555833606193,0.5514863216613322,A,0.035855191027660605,False
374120033,Serie A,2025-10-05T13:00:00.000000Z,Fiorentina,Roma,A,0.27810263183822004,0.28290690066188956,0.4389904674998903,A,0.2632191604639848,0.32128422397635975,0.4154966155596555,A,0.03837732331447019,False
374120034,Serie A,2025-09-28T18:45:00.000000Z,AC Milan,Napoli,H,0.3809986845577005,0.2759904813379741,0.34301083410432553,H,0.36085541193325416,0.3142686216786257,0.32487596638812016,H,0.03827814034065158,False
374120035,Serie A,2025-09-28T13:00:00.000000Z,Pisa,Fiorentina,D,0.3593511367487524,0.2833959415780934,0.35725292167315426,H,0.3401032190860412,0.32177939025189933,0.33811739066205954,H,0.03838344867380594,False
374120036,Serie A,2025-09-28T16:00:00.000000Z,Lecce,Bologna,D,0.24995086423460297,0.27351803926736384,0.4765310964980332,A,0.23679519935604204,0.31175496733314534,0.4514498333108127,A,0.038236928065781495,False
374120037,Serie A,2025-09-29T16:30:00.000000Z,Parma,Torino,H,0.45051961806568214,0.29319811311872646,0.25628226881559146,H,0.4259909687842835,0.3316801123470352,0.2423289188686813,H,0.03848199922830875,False
374120038,Serie A,2025-09-28T10:30:00.000000Z,Sassuolo,Udinese,H,0.31869617437142306,0.2880482337355533,0.39325559189302367,A,0.3014908130508571,0.3264841748181686,0.3720250121309743,A,0.03843594108261528,False
374120039,Serie A,2025-09-28T13:00:00.000000Z,Roma,Hellas Verona,H,0.6655853121243631,0.18174397204066045,0.15267071583497654,H,0.6377171142582468,0.21600452508611656,0.14627836065563665,H,0.03426055304545611,False
374120040,Serie A,2025-10-05T13:00:00.000000Z,Bologna,Pisa,H,0.5609758457208214,0.22798049254722016,0.2110436617319586,H,0.534164945872393,0.26487787030998816,0.20095718381761885,H,0.03689737776276805,False
374120041,Serie A,2025-10-03T18:45:00.000000Z,Hellas Verona,Sassuolo,A,0.45428855661426126,0.2660111283178813,0.2797003150678574,H,0.43071171410905595,0.3041039655163242,0.2651843203746198,H,0.038092837198442864,False
374120042,Serie A,2025-10-04T13:00:00.000000Z,Parma,Lecce,A,0.48210386417766476,0.26958412122978864,0.24831201459254645,H,0.4569134261980292,0.3077491252064452,0.23533744859552558,H,0.03816500397665651,False
374120043,Serie A,2025-10-19T13:00:00.000000Z,Genoa,Parma,D,0.398252758497316,0.2790105992910703,0.32273664221161374,H,0.3770835463940452,0.3173349478917099,0.305581505714245,H,0.0383243486006396,False
374120044,Serie A,2025-10-05T10:30:00.000000Z,Udinese,Cagliari,D,0.41922002521487106,0.27337945348779374,0.30740052129733514,H,0.3971608093583192,0.3116139807461301,0.2912252098955507,H,0.03823452725833637,False
374120045,Serie A,2025-10-19T16:00:00.000000Z,Atalanta,Lazio,D,0.5470098423284636,0.21624459511445848,0.23674556255707793,H,0.5216332892097241,0.2526041066353397,0.2257626041549363,H,0.03635951152088124,False
374120046,Serie A,2025-10-19T13:00:00.000000Z,Cagliari,Bologna,A,0.24349995283427767,0.25955051738523144,0.4969495297804909,A,0.23102140513923317,0.2974960450004579,0.47148254986030896,A,0.03794552761522646,False
374120047,Serie A,2025-10-18T13:00:00.000000Z,Pisa,Hellas Verona,D,0.341065835371214,0.2669774850055242,0.3919566796232618,A,0.32333235107190905,0.305090488163825,0.371577160764266,A,0.038113003158300796,False
374120048,Serie A,2025-10-18T13:00:00.000000Z,Lecce,Sassuolo,D,0.3775069546580513,0.28002089415515435,0.3424721511867944,H,0.3574047553445729,0.3183596937683773,0.3242355508870499,H,0.03833879961322295,False
374120049,Serie A,2025-10-18T16:00:00.000000Z,Torino,Napoli,H,0.18200933177293052,0.22177789761789382,0.5962127706091757,A,0.17344385705281978,0.25840152388833953,0.5681546190588407,A,0.036623626270445714,False
374120050,Serie A,2025-10-26T11:30:00.000000Z,Torino,Genoa,H,0.38929944219973794,0.2737096463697766,0.33699091143048543,H,0.3688022667787754,0.3119498778501844,0.3192478553710402,H,0.03824023148040778,False
374120051,Serie A,2025-10-29T19:45:00.000000Z,Genoa,Cremonese,A,0.49888957397908285,0.26427376129806873,0.23683666472284845,H,0.47308456060539866,0.302329127493935,0.22458631190066639,H,0.03805536619586625,False
374120052,Serie A,2025-11-08T17:00:00.000000Z,Juventus,Torino,D,0.6538412994509143,0.18664446308750718,0.1595142374615786,H,0.626020031505948,0.2212531400645772,0.15272682842947488,H,0.03460867697707001,False
374120053,Serie A,2025-11-09T19:45:00.000000Z,Inter,Lazio,H,0.7446012458319458,0.1414222057133872,0.1139765484546672,H,0.7179873099753977,0.17210995230649134,0.10990273771811108,H,0.030687746593104137,False
374120054,Serie A,2025-11-01T14:00:00.000000Z,Udinese,Atalanta,H,0.23357573480618776,0.23903889206236062,0.5273853731314517,A,0.22211775107953768,0.27636759831088364,0.5015146506095788,A,0.037328706248523025,False
374120055,Serie A,2025-11-08T14:00:00.000000Z,Lecce,Hellas Verona,D,0.36476317016379045,0.2855387362294315,0.34969809360677806,H,0.34515376575349205,0.32394765742199305,0.3308985768245149,H,0.03840892119256156,False
374120056,Serie A,2025-11-22T14:00:00.000000Z,Cagliari,Genoa,D,0.33136395585207895,0.2928731697804895,0.37576287436743167,A,0.3133322441699263,0.3313526329207853,0.3553151229092883,A,0.03847946314029588,False
374120057,Serie A,2025-11-22T17:00:00.000000Z,Fiorentina,Juventus,D,0.24280380084162148,0.2639879348799117,0.49320826427846687,A,0.23025175892287827,0.3020369862624074,0.46771125481471437,A,0.0380490513824957,False
374120058,Serie A,2025-11-23T19:45:00.000000Z,Inter,AC Milan,A,0.5934077490910294,0.2012457770624725,0.20534647384649815,H,0.567000313861232,0.23679140389168044,0.1962082822470877,H,0.03554562682920795,False
374120059,Serie A,2025-11-22T19:45:00.000000Z,Napoli,Atalanta,H,0.4817899860060836,0.252853205798288,0.2653568081956285,H,0.45743472282117986,0.29062268490553955,0.25194259227328064,H,0.03776947910725159,False
374120060,Serie A,2026-05-17T10:00:00.000000Z,Roma,Lazio,H,0.5268687144215943,0.2402998575236338,0.23283142805477186,H,0.5009494522952509,0.2776732421852803,0.22137730551946883,H,0.03737338466164647,False
374120061,Serie A,2025-11-02T11:30:00.000000Z,Hellas Verona,Inter,A,0.17518267225375136,0.1871859433725787,0.6376313843736701,A,0.16771553599529668,0.2218320258620201,0.6104524381426832,A,0.0346460824894414,False
374120062,Serie A,2025-10-20T18:45:00.000000Z,Cremonese,Udinese,D,0.28266563589511134,0.27149045278324224,0.4458439113216464,A,0.26784350500906345,0.30969128970630244,0.4224652052846341,A,0.0382008369230602,False
374120063,Serie A,2025-10-25T18:45:00.000000Z,Cremonese,Atalanta,D,0.17998258208733198,0.21059189517830396,0.6094255227343641,A,0.171758769235203,0.2466617439532114,0.5815794868115856,A,0.03606984877490743,False
374120064,Serie A,2025-10-26T17:00:00.000000Z,Fiorentina,Bologna,D,0.28683114047914327,0.27129831440588187,0.4418705451149749,A,0.2717959375646437,0.30949562341753045,0.41870843901782584,A,0.038197309011648584,False
374120065,Serie A,2025-10-25T13:00:00.000000Z,Udinese,Lecce,H,0.4781499907517289,0.26636977134243783,0.2554802379058333,H,0.4533177326208298,0.30447014897083424,0.24221211840833598,H,0.03810037762839641,False
374120066,Serie A,2025-10-29T19:45:00.000000Z,Bologna,Torino,D,0.5875351877971317,0.2178171895310852,0.19464762267178318,H,0.5601659699391218,0.2542536995293696,0.18558033053150852,H,0.036436509998284405,False
374120067,Serie A,2025-10-29T17:30:00.000000Z,Juventus,Udinese,H,0.6355804047018625,0.18760594265961855,0.17681365263851886,H,0.608452288889055,0.22228089473512258,0.16926681637582247,H,0.03467495207550403,False
374120068,Serie A,2025-10-29T17:30:00.000000Z,Roma,Parma,H,0.675743908351251,0.1793729111016162,0.14488318054713284,H,0.6476759887205836,0.21345874582877986,0.13886526545063657,H,0.034085834727163644,False
374120069,Serie A,2025-11-29T17:00:00.000000Z,Juventus,Cagliari,H,0.7100397973672302,0.15971944953623443,0.13024075309653535,H,0.6826001460074906,0.19219228476968092,0.12520756922282847,H,0.03247283523344649,False
374120070,Serie A,2025-11-29T19:45:00.000000Z,AC Milan,Lazio,H,0.5038828547255011,0.2415348250201861,0.2545823202543127,H,0.47902553178497914,0.27895108877435476,0.24202337944066615,H,0.03741626375416862,False
374120071,Serie A,2025-12-06T17:00:00.000000Z,Inter,Como,H,0.6043769628397764,0.19166223933181487,0.2039607978284089,H,0.5782475754797343,0.2266095847220252,0.1951428397982406,H,0.03494734539021033,False
374120072,Serie A,2025-12-07T17:00:00.000000Z,Lazio,Bologna,D,0.30285868145102535,0.27469599831255925,0.42244532023641546,A,0.2868840723527086,0.31295294326421114,0.40016298438308034,A,0.03825694495165188,False
374120073,Serie A,2025-12-12T19:45:00.000000Z,Lecce,Pisa,H,0.39675860069237745,0.30168183798617076,0.3015595613214518,H,0.37486679283934654,0.3402126902384234,0.28492051692223014,H,0.03853085225225261,False
374120074,Serie A,2025-12-13T17:00:00.000000Z,Parma,Lazio,A,0.2825813231919266,0.2690602604316661,0.4483584163764074,A,0.26783066381275444,0.3072150931831228,0.4249542430041228,A,0.0381548327514567,False
374120075,Serie A,2025-12-27T17:00:00.000000Z,Udinese,Lazio,D,0.32811956307943513,0.275535315579835,0.3963451213407299,A,0.310786223180538,0.3138060986503401,0.37540767816912196,A,0.03827078307050508,False
374120076,Serie A,2025-12-20T17:00:00.000000Z,Lazio,Cremonese,D,0.6051970823944206,0.20514000524874704,0.1896629123568324,H,0.5779614448884192,0.240911028135071,0.18112752697650983,H,0.03577102288632397,False
374120077,Serie A,2025-12-28T14:00:00.000000Z,Cremonese,Napoli,A,0.23987059113986967,0.25378796284142213,0.5063414460187082,A,0.22772119087163853,0.291583461995069,0.4806953471332925,A,0.03779549915364688,False
374120078,Serie A,2025-12-27T19:45:00.000000Z,Pisa,Juventus,A,0.20421336223292005,0.23989530628442945,0.5558913314826506,A,0.19417627444237434,0.2772544558396253,0.5285692697180004,A,0.03735914955519587,False
374120079,Serie A,2025-12-27T14:00:00.000000Z,Torino,Cagliari,A,0.47049118337452744,0.25424940380101585,0.2752594128244567,H,0.44663815463622597,0.29205757328711573,0.2613042720766583,H,0.037808169486099885,False
374120080,Serie A,2026-01-03T11:30:00.000000Z,Como,Udinese,H,0.5799780240231057,0.21115588589128984,0.20886609008560447,H,0.5534366436294504,0.2472555497347963,0.1993078066357532,H,0.03609966384350646,False
374120081,Serie A,2026-01-04T14:00:00.000000Z,Fiorentina,Cremonese,H,0.5336735654417122,0.23095381522295938,0.23537261933532852,H,0.5079835432067816,0.2679742240758099,0.22404223271740853,H,0.03702040885285052,False
374120082,Serie A,2026-01-03T17:00:00.000000Z,Juventus,Lecce,D,0.721160442560042,0.15749320188736676,0.12134635555259139,H,0.6935376011886764,0.1897640119112052,0.1166983869001185,H,0.03227081002383844,False
374120083,Serie A,2026-01-03T14:00:00.000000Z,Sassuolo,Parma,D,0.4677835091005124,0.25579494210292686,0.27642154879656067,H,0.44399235329891723,0.2936447126406053,0.2623629340604774,H,0.03784977053767846,False
374120084,Serie A,2026-01-12T17:30:00.000000Z,Genoa,Cagliari,H,0.41429747509202675,0.26755245443831877,0.3181500704696545,H,0.3927327946174306,0.30567722766058225,0.30158997772198715,H,0.038124773222263486,False
374120085,Serie A,2026-02-09T17:30:00.000000Z,Atalanta,Cremonese,H,0.7018246057958883,0.16379343265887147,0.13438196154524024,H,0.6742687745536039,0.1966255204241778,0.12910570502221838,H,0.03283208776530633,False
374120086,Serie A,2025-09-29T18:45:00.000000Z,Genoa,Lazio,A,0.2873894935646134,0.29876566135550786,0.4138448450798787,A,0.2716035971999162,0.33728346679059135,0.3911129360094925,A,0.038517805435083485,False
374120087,Serie A,2025-10-19T10:30:00.000000Z,Como,Juventus,H,0.3690046001647298,0.2809447956964666,0.3500506041388037,H,0.3493233465219011,0.31929637140250433,0.33138028207559456,H,0.038351575706037755,False
374120088,Serie A,2025-10-04T16:00:00.000000Z,Inter,Cremonese,H,0.8337581387847801,0.09170174387336553,0.07454011734185445,H,0.8115520959493157,0.11589306392731218,0.07255484012337199,H,0.02419132005394664,False
374120089,Serie A,2026-01-07T19:45:00.000000Z,Torino,Udinese,A,0.48397503051636565,0.25209644831089323,0.2639285211727412,H,0.4595479214960796,0.289844514723074,0.25060756378084653,H,0.03774806641218076,False
374120090,Serie A,2026-05-24T18:45:00.000000Z,Cremonese,Como,A,0.18587380665758405,0.23264782777386442,0.5814783655685516,A,0.176890033174229,0.2697359910885569,0.5533739757372141,A,0.037088163314692474,False
374120091,Serie A,2026-01-24T17:00:00.000000Z,Fiorentina,Cagliari,A,0.5547528094088604,0.22411763225083434,0.22112955834030518,H,0.5284912693582734,0.2608472630514451,0.21066146759028148,H,0.036729630800610785,False
374120092,Serie A,2026-01-11T17:00:00.000000Z,Hellas Verona,Lazio,A,0.2838922437341663,0.27443335637687133,0.4416743998889624,A,0.26892518296920437,0.31268589861365625,0.41838891841713927,A,0.038252542236784925,False
374120093,Serie A,2026-01-18T14:00:00.000000Z,Bologna,Fiorentina,A,0.4726978429073357,0.2387961040733045,0.2885060530193598,H,0.44952260258238863,0.2761161034959493,0.27436129392166214,H,0.03731999942264477,False
374120094,Serie A,2026-01-16T19:45:00.000000Z,Pisa,Atalanta,D,0.22867476299935363,0.2516452399920146,0.5196799970086319,A,0.21714403296649107,0.2893803909692308,0.4934755760642783,A,0.03773515097721619,False
374120095,Serie A,2026-01-18T17:00:00.000000Z,Torino,Roma,A,0.27147138727522085,0.2693170432049194,0.45921156951985975,A,0.2572938243483424,0.3074768791402532,0.4352292965114045,A,0.038159835935333786,False
374120096,Serie A,2026-01-24T19:45:00.000000Z,Lecce,Lazio,D,0.2362924738772275,0.27432188284777737,0.48938564327499506,A,0.22383744236238073,0.3125725459791886,0.4635900116584307,A,0.03825066313141123,False
374120097,Serie A,2026-01-25T19:45:00.000000Z,Roma,AC Milan,D,0.3827184615909832,0.2811986897217876,0.33608284868722926,H,0.36229672404375335,0.31955370308091424,0.3181495728753324,H,0.038355013359126666,False
374120098,Serie A,2026-01-31T17:00:00.000000Z,Napoli,Fiorentina,H,0.5633355815087265,0.21218626651283345,0.22447815197843995,H,0.5374835140502856,0.2483398745065812,0.21417661144313313,H,0.036153607993747755,False
374120099,Serie A,2026-01-30T19:45:00.000000Z,Lazio,Genoa,H,0.49634104097380694,0.2504355351253891,0.2532234239008039,H,0.4713771505185532,0.2881355108387982,0.24048733864264862,H,0.03769997571340905,False
374120100,Serie A,2026-02-01T19:45:00.000000Z,Parma,Juventus,A,0.13477457647215316,0.18011178361273622,0.6851136399151108,A,0.12916246789274502,0.214252508175082,0.656585023932173,A,0.03414072456234579,False
374120101,Serie A,2026-02-02T19:45:00.000000Z,Udinese,Roma,H,0.25224641066907155,0.25936809404800903,0.48838549528291936,A,0.23932434568745806,0.297309143796874,0.46336651051566785,A,0.037941049748864975,False
374120102,Serie A,2026-02-18T19:45:00.000000Z,AC Milan,Como,D,0.41186735787563794,0.244192860739713,0.34393978138464903,H,0.3914291512672825,0.28169848523966684,0.3268723634930506,H,0.037505624499953844,False
374120103,Serie A,2026-02-08T17:00:00.000000Z,Sassuolo,Inter,A,0.1091294067353352,0.13837344439516341,0.7524971488695015,A,0.1052839411974458,0.16873515280382737,0.7259809059987269,A,0.03036170840866395,False
374120104,Serie A,2026-02-16T19:45:00.000000Z,Cagliari,Lecce,A,0.45884311055457266,0.26705378938428653,0.2741031000611408,H,0.4349824098923469,0.3051683643462532,0.2598492257613999,H,0.038114574961966685,False
374120105,Serie A,2026-02-14T17:00:00.000000Z,Lazio,Atalanta,A,0.291285608160451,0.2773951482997856,0.43131924353976336,A,0.2758466092654466,0.31569534300346336,0.40845804773109007,A,0.03830019470367774,False
374120106,Serie A,2026-02-15T19:45:00.000000Z,Napoli,Roma,D,0.3872925115184924,0.26763775367405945,0.34506973480744807,H,0.36713020809182056,0.3057642585495806,0.3271055333585989,H,0.03812650487552116,False
374120107,Serie A,2026-02-15T17:00:00.000000Z,Torino,Bologna,A,0.35304980795359764,0.27789295336632436,0.36905723868007806,A,0.33432051729226764,0.31620072881418476,0.34947875389354754,A,0.038307775447860404,False
374120108,Serie A,2026-02-22T14:00:00.000000Z,Atalanta,Napoli,H,0.4041210784929456,0.27107388845844077,0.32480503304861374,H,0.3829465553079113,0.30926705300846324,0.3077863916836255,H,0.038193164550022474,False
374120109,Serie A,2026-02-22T19:45:00.000000Z,Roma,Cremonese,H,0.7571862407570763,0.1400351570373904,0.10277860220553342,H,0.7302958155573581,0.17057562256533232,0.09912856187730963,H,0.030540465527941957,False
374120110,Serie A,2026-02-28T14:00:00.000000Z,Como,Lecce,H,0.7411650714621032,0.14996347835918164,0.10887145017871508,H,0.713649970744489,0.18152033580857305,0.1048296934469379,H,0.03155685744939141,False
374120111,Serie A,2026-02-28T19:45:00.000000Z,Inter,Genoa,H,0.8745474985662643,0.06960916913851199,0.05584333229522373,H,0.8554268833783929,0.08995071157090216,0.05462240505070483,H,0.02034154243239017,False
374120112,Serie A,2026-03-02T19:45:00.000000Z,Udinese,Fiorentina,H,0.3210403841587486,0.2848357353607589,0.39412388048049246,A,0.3038020921060481,0.32323654431758475,0.3729613635763673,A,0.03840080895682585,False
374120113,Serie A,2026-03-06T19:45:00.000000Z,Napoli,Torino,H,0.6605340420490223,0.1784491641030675,0.1610167938479102,H,0.633184364615439,0.21246580658733819,0.15434982879722278,H,0.03401664248427069,False
374120114,Serie A,2026-03-16T19:45:00.000000Z,Cremonese,Fiorentina,A,0.2577287131077513,0.2731987935092265,0.4690724933830222,A,0.24417160138636687,0.3114301765663131,0.44439822204732005,A,0.03823138305708662,False
374120115,Serie A,2026-03-15T11:30:00.000000Z,Hellas Verona,Genoa,A,0.2839885041535019,0.27970329321937976,0.4363082026271184,A,0.26887458859591157,0.31803760409278153,0.4130878073113069,A,0.03833431087340178,False
374120116,Serie A,2026-03-20T17:30:00.000000Z,Cagliari,Napoli,A,0.23139465763640685,0.23582007633331875,0.5327852660302745,A,0.2201272650097917,0.2730305950431273,0.506842139947081,A,0.03721051870980857,False
374120117,Serie A,2026-03-13T19:45:00.000000Z,Torino,Parma,H,0.3792212495898755,0.27757157580846376,0.34320717460166084,H,0.3591150752050119,0.3158744712635213,0.32501045353146696,H,0.03830289545505755,False
374120118,Serie A,2026-03-14T19:45:00.000000Z,Udinese,Juventus,A,0.185468961859076,0.2149745714525177,0.5995564666884063,A,0.17689367576280574,0.2512707666496248,0.5718355575875695,A,0.036296195197107084,False
374120119,Serie A,2026-03-21T19:45:00.000000Z,Juventus,Sassuolo,D,0.7787942412960209,0.12233955176713443,0.09886620693684472,H,0.7535027012889443,0.15084179685586385,0.09565550185519185,H,0.028502245088729422,False
374120120,Serie A,2026-03-22T17:00:00.000000Z,Roma,Lecce,H,0.6903645544975238,0.1720608650252916,0.1375745804771847,H,0.6624138897051929,0.20558148696245604,0.13200462333235113,H,0.03352062193716443,False
374120121,Serie A,2026-04-06T16:00:00.000000Z,Juventus,Genoa,H,0.6972180363925803,0.16254013203170203,0.1402418315757177,H,0.669974865046071,0.195263127548185,0.13476200740574412,H,0.03272299551648297,False
374120122,Serie A,2026-04-06T18:45:00.000000Z,Napoli,AC Milan,H,0.41929193513276775,0.26777502158820266,0.3129330432790297,H,0.39745807038504616,0.3059043052780599,0.296637624336894,H,0.03812928368985724,False
374120123,Serie A,2026-04-11T18:45:00.000000Z,Atalanta,Juventus,A,0.3727721853957366,0.25432936779677334,0.3728984468074902,A,0.3538702098062649,0.2921397212509302,0.35399006894280494,A,0.03781035345415684,False
374120124,Serie A,2026-04-04T13:00:00.000000Z,Sassuolo,Cagliari,H,0.4353758149350468,0.25972422852630966,0.3048999565386435,H,0.4130565456016685,0.29767400377269243,0.2892694506256392,H,0.037949775246382766,False
374120125,Serie A,2026-04-12T16:00:00.000000Z,Bologna,Lecce,H,0.6004807824152472,0.21545193001719998,0.1840672875675528,H,0.5726819380273951,0.2517720427517318,0.17554601922087323,H,0.03632011273453184,False
374120126,Serie A,2026-04-11T13:00:00.000000Z,Cagliari,Cremonese,H,0.4808269018785492,0.2588905262727187,0.26028257184873216,H,0.45621866069899486,0.2968197698293534,0.2469615694716519,H,0.037929243556634684,False
374120127,Serie A,2026-04-12T18:45:00.000000Z,Como,Inter,A,0.3162719825283796,0.26458126509120133,0.419146752380419,A,0.2999031042340959,0.30264337755156795,0.3974535182143362,A,0.03806211246036656,False
374120128,Serie A,2026-04-13T18:45:00.000000Z,Fiorentina,Lazio,H,0.4203022848831217,0.27850330342064356,0.30119441169623473,H,0.39798107150389916,0.3168202060309408,0.28519872246516,H,0.03831690261029724,False
374120129,Serie A,2026-04-10T18:45:00.000000Z,Roma,Pisa,H,0.7189179138843289,0.15463696984557332,0.1264451162700979,H,0.6916995413461726,0.18664257916529042,0.12165787948853712,H,0.032005609319717104,False
374120130,Serie A,2026-04-11T16:00:00.000000Z,AC Milan,Udinese,A,0.6141813174433357,0.19623595263048138,0.18958272992618302,H,0.5872527868748203,0.23147666104141518,0.18127055208376464,H,0.035240708410933796,False
374120131,Serie A,2026-04-11T13:00:00.000000Z,Torino,Hellas Verona,H,0.5199138822419066,0.23190956158954135,0.248176556168552,H,0.494829066660529,0.2689684047084506,0.23620252863102043,H,0.03705884311890928,False
374120132,Serie A,2026-04-19T13:00:00.000000Z,Hellas Verona,AC Milan,A,0.21220938670111003,0.2270924170542274,0.5606981962446626,A,0.20208921846228833,0.2639520248881128,0.5339587566495988,A,0.03685960783388542,False
374120133,Serie A,2026-04-19T10:30:00.000000Z,Cremonese,Torino,D,0.27992870140016207,0.28098032558234315,0.4390909730174947,A,0.26499747995861,0.31933238425251026,0.4156701357888797,A,0.03835205867016711,False
374120134,Serie A,2026-04-17T18:45:00.000000Z,Inter,Cagliari,H,0.8377927972503516,0.08724793659458731,0.07495926615506113,H,0.8162497837472322,0.11071845351891342,0.07303176273385441,H,0.023470516924326112,False
374120135,Serie A,2026-04-19T16:00:00.000000Z,Pisa,Genoa,A,0.27379840012756557,0.28456810140788347,0.44163349846455097,A,0.2591034762345783,0.3229657593033582,0.4179307644620636,A,0.038397657895474724,False
374120136,Serie A,2026-04-19T18:45:00.000000Z,Juventus,Bologna,H,0.5900340884067002,0.2085157129908629,0.2014501986024368,H,0.5632279482723813,0.24447404002408707,0.19229801170353156,H,0.03595832703322416,False
374120137,Serie A,2026-04-17T16:30:00.000000Z,Sassuolo,Como,H,0.18593883859996357,0.22074979346644358,0.593311367933593,A,0.17721135106451563,0.2573257800420538,0.5654628688934306,A,0.03657598657561023,False
374120138,Serie A,2026-04-20T18:45:00.000000Z,Lecce,Fiorentina,D,0.2734364152176561,0.28698788497383393,0.4395756998085101,A,0.2587006699049113,0.32541277773569827,0.4158865523593904,A,0.03842489276186434,False
374120139,Serie A,2026-04-18T16:00:00.000000Z,Napoli,Lazio,A,0.6089868458622585,0.21068039787109538,0.18033275626664608,H,0.5811541139238039,0.24675493880590973,0.17209094727028645,H,0.03607454093481435,False
374120140,Serie A,2026-04-18T18:45:00.000000Z,Roma,Atalanta,D,0.36630618544100396,0.2706448632583907,0.36304895130060527,H,0.3471283343816362,0.30883003385542995,0.3440416317629339,H,0.03818517059703924,False
374120141,Serie A,2026-04-18T13:00:00.000000Z,Udinese,Parma,A,0.46871682710868395,0.26129494032419004,0.269988232567126,H,0.4446133490165973,0.29928239926020295,0.25610425172319967,H,0.03798745893601291,False
374120142,Serie A,2026-04-26T16:00:00.000000Z,Torino,Inter,D,0.14617784631569858,0.17316714088475849,0.680655012799543,A,0.1402360746773804,0.20677587268472133,0.6529880526378984,A,0.03360873179996285,False
374120143,Serie A,2026-05-03T10:30:00.000000Z,Bologna,Cagliari,D,0.5523406553443189,0.2323786032691686,0.2152807413865126,H,0.525661598108131,0.26945611147167065,0.20488229042019843,H,0.03707750820250205,False
374120144,Serie A,2026-05-02T16:00:00.000000Z,Como,Napoli,D,0.42233233718197916,0.27057587452147713,0.30709178829654377,H,0.4002240942481996,0.30875975093369284,0.29101615481810766,H,0.03818387641221571,False
374120145,Serie A,2026-05-03T18:45:00.000000Z,Inter,Parma,H,0.8195670674035014,0.09976537345095485,0.08066755914554381,H,0.7964141548221295,0.12519715864609152,0.07838868653177895,H,0.02543178519513667,False
374120146,Serie A,2026-05-03T16:00:00.000000Z,Juventus,Hellas Verona,D,0.7688541693203085,0.12551383778454706,0.10563199289514456,H,0.7434535888220491,0.1544041749177956,0.10214223626015534,H,0.02889033713324854,False
374120147,Serie A,2026-05-09T16:00:00.000000Z,Lazio,Inter,A,0.21382633646656576,0.2312295266061254,0.5549441369273089,A,0.20352635580011863,0.26826107820889256,0.5282125659909888,A,0.037031551602767165,False
374120148,Serie A,2026-05-09T18:45:00.000000Z,Lecce,Juventus,A,0.15229578819386924,0.20836196246817723,0.6393422493379536,A,0.14537971436789734,0.2443119199551695,0.6103083656769331,A,0.03594995748699226,False
374120149,Serie A,2026-04-27T16:30:00.000000Z,Cagliari,Atalanta,H,0.22408832658581435,0.24237023719531633,0.5335414362188694,A,0.21301307803038885,0.27981501651021135,0.5071719054593999,A,0.03744477931489501,False
374120150,Serie A,2026-04-26T10:30:00.000000Z,Fiorentina,Sassuolo,D,0.4888980260852061,0.2484082905742536,0.26269368334054033,H,0.4644143279905874,0.28604751904761877,0.2495381529617938,H,0.03763922847336518,False
374120151,Serie A,2026-04-26T18:45:00.000000Z,AC Milan,Juventus,D,0.33478397756721434,0.26400439500579087,0.40121162742699473,A,0.3174763539742319,0.302053811199168,0.3804698348266001,A,0.03804941619337715,False
374120152,Serie A,2026-04-25T18:45:00.000000Z,Hellas Verona,Lecce,D,0.3924824206505347,0.30258356489054494,0.3049340144589205,H,0.3707967298200955,0.34111766577277775,0.28808560440712677,H,0.03853410088223286,False
374120153,Serie A,2026-04-27T18:45:00.000000Z,Lazio,Udinese,D,0.4851474267368902,0.2548277708797707,0.26002480238333914,H,0.46052202979777956,0.2926516588750365,0.246826311327184,H,0.037823887995265815,False
374120154,Serie A,2026-04-25T13:00:00.000000Z,Parma,Pisa,H,0.4870232044174881,0.26344008086337867,0.24953671471913325,H,0.4618727480286704,0.3014769094086502,0.2366503425626795,H,0.03803682854527152,False
374120155,Serie A,2026-04-24T18:45:00.000000Z,Napoli,Cremonese,H,0.7461885370601079,0.14090763939155307,0.11290382354833914,H,0.7195811227189306,0.1715409515650523,0.10887792571601712,H,0.03063331217349924,False
374120156,Serie A,2026-05-02T18:45:00.000000Z,Atalanta,Genoa,D,0.580266426143514,0.21015344139400055,0.20958013246248558,H,0.5537845857394857,0.24619997030949875,0.20001544395101553,H,0.0360465289154982,False
374120157,Serie A,2026-05-04T16:30:00.000000Z,Cremonese,Lazio,A,0.23923281897921342,0.2614313523634396,0.49933582865734694,A,0.22692710416488038,0.29942202265442863,0.473650873180691,A,0.037990670290989015,False
374120158,Serie A,2026-05-01T18:45:00.000000Z,Pisa,Lecce,A,0.3611077973544025,0.2962548104284253,0.34263739221717215,H,0.34135079948628727,0.3347582498776052,0.3238909506361075,H,0.038503439449179944,False
374120159,Serie A,2026-05-04T18:45:00.000000Z,Roma,Fiorentina,H,0.527839142615435,0.2391561103885753,0.23300474699598978,H,0.5019392634791474,0.2764890082196778,0.22157172830117478,H,0.037332897831102524,False
374120160,Serie A,2026-05-24T18:45:00.000000Z,Lecce,Genoa,H,0.3205373971438091,0.3091630322651491,0.37029957059104185,A,0.30265233696957317,0.34770973804307476,0.3496379249873522,A,0.03854670577792568,False
374120161,Serie A,2026-05-24T18:45:00.000000Z,AC Milan,Cagliari,A,0.5830298411921325,0.20970803959960763,0.20726211920825985,H,0.5564544519056522,0.2457307523559089,0.19781479573843896,H,0.036022712756301284,False
374120162,Serie A,2026-05-03T13:00:00.000000Z,Sassuolo,AC Milan,H,0.27699536843509737,0.26876826166670553,0.4542363698981971,A,0.2625442387407808,0.30691736411182813,0.4305383971473911,A,0.038149102445122596,False
374120163,Serie A,2026-05-10T13:00:00.000000Z,Cremonese,Pisa,H,0.4070627993605573,0.27159234862812,0.32134485201132285,H,0.38571363027100364,0.30979504889867104,0.30449132083032526,H,0.038202700270551115,False
374120164,Serie A,2026-05-02T13:00:00.000000Z,Udinese,Torino,H,0.4364998477021199,0.26697232512667385,0.2965278271712063,H,0.4138045604681896,0.3050852218876901,0.2811102176441203,H,0.03811289676101626,False
374120165,Serie A,2026-05-09T13:00:00.000000Z,Cagliari,Udinese,A,0.32538952793847553,0.2878048675206624,0.38680560454086194,A,0.3078299539969721,0.32623832040029654,0.3659317256027314,A,0.03843345287963407,False
374120166,Serie A,2026-05-10T10:30:00.000000Z,Hellas Verona,Como,A,0.17606028659209785,0.21275275393624182,0.6111869594716604,A,0.167968311321711,0.24893573063210053,0.5830959580461885,A,0.03618297669585871,False
374120167,Serie A,2026-05-10T16:00:00.000000Z,Parma,Roma,A,0.21104541194959137,0.25278738412896595,0.5361672039214427,A,0.20037818731210533,0.2905550131516888,0.5090667995362059,A,0.03776762902272285,False
374120168,Serie A,2026-05-11T18:45:00.000000Z,Napoli,Bologna,A,0.5511765164524773,0.22593184061209826,0.22289164293542438,H,0.5249662264200926,0.2627413750475888,0.21229239853231868,H,0.036809534435490565,False
374120169,Serie A,2026-05-10T18:45:00.000000Z,AC Milan,Atalanta,A,0.37133669117388896,0.26805154159781536,0.3606117672282957,H,0.3519898783831843,0.30618639369763306,0.34182372791918264,H,0.038134852099817707,False
374120170,Serie A,2026-05-08T18:45:00.000000Z,Torino,Sassuolo,H,0.3963740121794435,0.27370933452724006,0.3299166532933165,H,0.37550436236286927,0.31194956064630563,0.31254607699082515,H,0.03824022611906558,False
374120171,Serie A,2026-05-17T16:00:00.000000Z,Atalanta,Bologna,A,0.5253044115958762,0.233538562418375,0.24115702598574884,H,0.49986159867344565,0.2706616752995376,0.22947672602701671,H,0.0371231128811626,False
374120172,Serie A,2026-05-17T10:00:00.000000Z,Como,Parma,H,0.7275104471245812,0.15633452733824924,0.11615502553716965,H,0.699774715060859,0.1884985733579936,0.11172671158114741,H,0.0321640460197444,False
374120173,Serie A,2026-05-17T10:00:00.000000Z,Genoa,AC Milan,A,0.30538495795840986,0.28579993607991655,0.40881510596167364,A,0.28896041629853647,0.3242118106586809,0.3868277730427827,A,0.03841187457876433,False
374120174,Serie A,2026-05-17T13:00:00.000000Z,Inter,Hellas Verona,D,0.8574210104040823,0.07706694217210211,0.06551204742381578,H,0.8372421716487286,0.09878756381527544,0.06397026453599589,H,0.02172062164317333,False
374120175,Serie A,2026-05-17T18:45:00.000000Z,Cagliari,Torino,H,0.3778570178055107,0.29195497319792757,0.3301880089965617,H,0.3573259421197487,0.33042700189975555,0.3122470559804958,H,0.038472028701827976,False
374120176,Serie A,2026-05-17T10:00:00.000000Z,Juventus,Fiorentina,A,0.6953152585822517,0.17302332154380853,0.13166141987393973,H,0.6670668969369395,0.2066206516712994,0.12631245139176112,H,0.03359733012749086,False
374120177,Serie A,2026-05-17T10:00:00.000000Z,Pisa,Napoli,A,0.15813656657372777,0.1953655407412222,0.64649789268505,A,0.15122138693572254,0.23055153187066463,0.6182270811936129,A,0.03518599112944243,False
374120178,Serie A,2026-05-17T18:45:00.000000Z,Udinese,Cremonese,A,0.5674468093009455,0.22019663129560169,0.21235655940345285,H,0.5408500670171743,0.2567467165009409,0.20240321648188472,H,0.0365500852053392,False
374120179,Serie A,2026-05-23T16:00:00.000000Z,Bologna,Inter,D,0.22539205630344492,0.2284913973824277,0.5461165463141274,A,0.2146064019210498,0.2654102900770083,0.5199833080019419,A,0.03691889269458057,False
374120180,Serie A,2026-05-24T18:45:00.000000Z,Hellas Verona,Roma,A,0.19056955541666118,0.21371783695715052,0.5957126076261883,A,0.1817879509536243,0.24995037649940152,0.5682616725469741,A,0.036232539542251,False
374120181,Serie A,2026-05-23T18:45:00.000000Z,Lazio,Pisa,H,0.6337104814831762,0.19223649431539186,0.17405302420143196,H,0.606263902108128,0.22722146903626275,0.16651462885560933,H,0.03498497472087089,False
374120182,Serie A,2026-05-22T18:45:00.000000Z,Fiorentina,Atalanta,D,0.3161266263045168,0.2871731847234651,0.39670018897201814,A,0.2990849633365756,0.32560004703006484,0.37531498963335946,A,0.03842686230659975,False
374120183,Serie A,2026-05-24T13:00:00.000000Z,Parma,Sassuolo,H,0.32445737800806246,0.28614902638089684,0.38939359561104064,A,0.30699675860841924,0.32456479684341416,0.36843844454816665,A,0.03841577046251732,False
374120184,Serie A,2026-05-24T16:00:00.000000Z,Napoli,Udinese,H,0.6024766922860499,0.20036037692184291,0.19716293079210717,H,0.5757350366970212,0.23585334730474386,0.18841161599823505,H,0.035492970382900946,False
374120185,Serie A,2026-05-24T19:45:00.000000Z,Torino,Juventus,D,0.18700454070193664,0.2221811536289181,0.5908143056691453,A,0.17819497579929067,0.2588232885411871,0.5629817356595223,A,0.036642134912268975,False
374120186,Serie A,2025-11-01T17:00:00.000000Z,Napoli,Como,D,0.5827570631935414,0.20942220237628992,0.2078207344301687,H,0.5562150275056166,0.24542956366611893,0.1983554088282646,H,0.03600736128982901,False
374120187,Serie A,2026-02-13T19:45:00.000000Z,Pisa,AC Milan,A,0.1877886627047059,0.21126517718594892,0.6009461601093452,A,0.17919237921301234,0.24737059504784606,0.5734370257391416,A,0.03610541786189714,False
374120188,Serie A,2026-02-22T11:30:00.000000Z,Genoa,Torino,H,0.4422495866028619,0.2672612879434417,0.29048912545369643,H,0.419242697053479,0.3053801220306305,0.27537718091589053,H,0.03811883408718875,False
374120189,Serie A,2025-12-29T19:45:00.000000Z,Roma,Genoa,H,0.5820797419294422,0.21015047257189845,0.20776978549865932,H,0.5555153630658256,0.24619684316418058,0.19828779376999378,H,0.036046370592282134,False
374120190,Serie A,2025-10-28T19:45:00.000000Z,Atalanta,AC Milan,D,0.4194799147711753,0.2578817092146618,0.32263837601416295,H,0.39805485710103655,0.29578561502339173,0.3061595278755718,H,0.03790390580872993,False
374120191,Serie A,2025-11-02T14:00:00.000000Z,Fiorentina,Lecce,A,0.5318017815416645,0.2320413950952543,0.2361568233630813,H,0.5061353516622148,0.26910549748687707,0.2247591508509082,H,0.03706410239162278,False
374120192,Serie A,2025-11-02T19:45:00.000000Z,AC Milan,Roma,H,0.4256602364131963,0.2713401239607896,0.30299963962601417,H,0.40334611762176276,0.3095382022438333,0.28711568013440397,H,0.038198078283043724,False
374120193,Serie A,2025-10-25T13:00:00.000000Z,Parma,Como,D,0.24764391541090156,0.2719609788095675,0.480395105779531,A,0.23464691318406636,0.31017037621767524,0.4551827105982584,A,0.03820939740810775,False
374120194,Serie A,2025-10-26T14:00:00.000000Z,Sassuolo,Roma,A,0.22106679231019996,0.24154775804980108,0.5373854496399989,A,0.21016090897734593,0.27896446626640103,0.510874624756253,A,0.03741670821659995,False
374120195,Serie A,2025-10-29T17:30:00.000000Z,Como,Hellas Verona,H,0.5531525073511502,0.2275007665681381,0.21934672608071176,H,0.5267464958509177,0.2643778002448075,0.2088757039042748,H,0.03687703367666939,False
374120196,Serie A,2025-11-07T19:45:00.000000Z,Pisa,Cremonese,H,0.40914562175561303,0.27255837974857744,0.3182959984958096,H,0.3876489296332899,0.31077848456213747,0.30157258580457263,H,0.03822010481356003,False
374120197,Serie A,2025-10-25T16:00:00.000000Z,Napoli,Inter,H,0.3697246365933439,0.26357387079820294,0.36670149260845325,H,0.35062664293494206,0.30161369869543453,0.34775965836962336,H,0.03803982789723165,False
374120198,Serie A,2025-10-30T17:30:00.000000Z,Cagliari,Sassuolo,A,0.4235409272487862,0.2714161448472341,0.3050429279039797,H,0.4013347791954071,0.30961561959910516,0.2890496012054878,H,0.038199474751871076,False
374120199,Serie A,2025-10-28T17:30:00.000000Z,Lecce,Napoli,A,0.1707813941430922,0.2085028407655441,0.6207157650913637,A,0.16302281461797433,0.24446046767588636,0.5925167177061393,A,0.035957626910342266,False
374120200,Serie A,2025-10-30T19:45:00.000000Z,Pisa,Lazio,D,0.26730472593430593,0.2762511525724598,0.4564441214932344,A,0.25316578575880666,0.3145334598533996,0.4323007543877937,A,0.03828230728093984,False
374120201,Serie A,2025-10-26T14:00:00.000000Z,Hellas Verona,Cagliari,D,0.48263744181657303,0.27724575507137095,0.24011680311205605,H,0.45706305253217194,0.31554365079033386,0.22739329667749425,H,0.038297895718962915,False
374120202,Serie A,2025-10-26T19:45:00.000000Z,Lazio,Juventus,H,0.31579769232834437,0.2768173883603287,0.407384919311327,A,0.29907676218734114,0.31510863057701505,0.38581460723564387,A,0.03829124221668634,False
374120203,Serie A,2025-11-08T14:00:00.000000Z,Como,Cagliari,D,0.6106226269125539,0.2083030635741674,0.1810743095132788,H,0.5828975010461905,0.24424981078431265,0.1728526881694968,H,0.03594674721014526,False
374120204,Serie A,2025-11-30T17:00:00.000000Z,Atalanta,Fiorentina,H,0.5762129684729633,0.22145446072766312,0.20233257079937353,H,0.5491183261353227,0.258063169806274,0.19281850405840328,H,0.03660870907861086,False
374120205,Serie A,2025-11-09T11:30:00.000000Z,Atalanta,Sassuolo,A,0.6911703187989202,0.1644868598793647,0.14434282132171505,H,0.6639608014309868,0.1973787660838367,0.13866043248517657,H,0.03289190620447199,False
374120206,Serie A,2025-11-08T19:45:00.000000Z,Parma,AC Milan,D,0.18524320299054836,0.22420505548287284,0.5905517415265787,A,0.1764720241659434,0.260938582434096,0.5625893933999606,A,0.03673352695122317,False
374120207,Serie A,2025-11-09T17:00:00.000000Z,Roma,Udinese,H,0.6227946840719748,0.1965904619738538,0.1806148539541715,H,0.5954592944969067,0.23185330745397373,0.17268739804911964,H,0.03526284548011993,False
374120208,Serie A,2025-11-23T11:30:00.000000Z,Hellas Verona,Parma,A,0.46708830831194487,0.2784297104298983,0.25448198125815685,H,0.44228564111982277,0.3167455222998412,0.24096883658033597,H,0.03831581186994293,False
374120209,Serie A,2025-11-23T14:00:00.000000Z,Cremonese,Roma,A,0.19452748014652807,0.23144247227180137,0.5740300475816706,A,0.1851523555712441,0.26848259925178747,0.5463650451769685,A,0.0370401269799861,False
374120210,Serie A,2025-12-07T19:45:00.000000Z,Napoli,Juventus,H,0.41560909051673833,0.26140119710325416,0.3229897123800075,H,0.39423216277987033,0.29939115833444396,0.3063766788856857,H,0.037989961231189806,False
374120211,Serie A,2025-12-06T14:00:00.000000Z,Sassuolo,Fiorentina,H,0.41895527283773487,0.280953981931318,0.30009074523094703,H,0.39660948856279793,0.31930568256676595,0.2840848288704362,H,0.038351700635447905,False
374120212,Serie A,2025-12-21T11:30:00.000000Z,Cagliari,Pisa,D,0.44178316582167887,0.28181777019521576,0.2763990639831055,H,0.41818435868252646,0.3201810335404978,0.2616346077769757,H,0.03836326334528212,False
374120213,Serie A,2025-11-24T19:45:00.000000Z,Sassuolo,Pisa,D,0.46213953616128084,0.27430182996344427,0.2635586338752749,H,0.43778094201814277,0.3125521544026185,0.2496669035792388,H,0.038250324439174255,False
374120214,Serie A,2025-11-24T17:30:00.000000Z,Torino,Como,A,0.32054733793000784,0.2926013691767375,0.3868512928932547,A,0.3031119107942831,0.331078672913771,0.3658094162919459,A,0.03847730373703351,False
374120215,Serie A,2025-12-07T14:00:00.000000Z,Cagliari,Roma,H,0.20669507892601402,0.2377932501539003,0.5555116709200857,A,0.19658449863837157,0.27507692705682485,0.5283385743048036,A,0.037283676902924556,False
374120216,Serie A,2025-11-28T19:45:00.000000Z,Como,Sassuolo,H,0.5762055275332247,0.2149223593193766,0.20887211314739867,H,0.5495679635253172,0.25121592976521245,0.1992161067094703,H,0.036293570445835865,False
374120217,Serie A,2026-01-04T11:30:00.000000Z,Lazio,Napoli,A,0.3296110459231874,0.29330093258062684,0.3770880214961859,A,0.3116623125742134,0.33178372396752365,0.35655396345826296,A,0.03848279138689681,False
374120218,Serie A,2026-01-07T17:30:00.000000Z,Bologna,Atalanta,A,0.4325541885578102,0.2669692577399407,0.3004765537022491,H,0.41006418258696126,0.3050820912445948,0.28485372616844395,H,0.03811283350465411,False
374120219,Serie A,2026-01-11T11:30:00.000000Z,Lecce,Parma,A,0.39288499977811653,0.2911807974486757,0.3159342027732079,H,0.37156433158513263,0.32964624926013975,0.2987894191547277,H,0.0384654518114641,False
374120220,Serie A,2026-02-01T11:30:00.000000Z,Torino,Lecce,H,0.5095556669045187,0.25119473957755584,0.23924959351792552,H,0.4838860652435702,0.2889168845856471,0.22719705017078268,H,0.03772214500809129,False
374120221,Serie A,2026-02-07T19:45:00.000000Z,Fiorentina,Torino,D,0.5101261424580423,0.23981121947397893,0.2500626380679787,H,0.4850582067047121,0.2771673985139429,0.23777439478134504,H,0.037356179039963966,False
374120222,Serie A,2026-02-09T19:45:00.000000Z,Roma,Cagliari,H,0.6185732639220276,0.2006429163216216,0.1807838197563508,H,0.5910943908320507,0.23615274698695235,0.1727528621809969,H,0.035509830665330755,False
374120223,Serie A,2025-11-29T14:00:00.000000Z,Genoa,Hellas Verona,H,0.4851802123308481,0.2573329051805721,0.2574868824885797,H,0.46042695872573264,0.2952227994405298,0.24435024183373752,H,0.0378898942599577,False
374120224,Serie A,2025-12-06T19:45:00.000000Z,Hellas Verona,Atalanta,H,0.2557805072183371,0.25213918098259014,0.4920803117990727,A,0.24286964101990308,0.28988846482908365,0.4672418941510133,A,0.03774928384649351,False
374120225,Serie A,2026-01-10T19:45:00.000000Z,Atalanta,Torino,H,0.5122802186837644,0.23084072207793999,0.25687905923829574,H,0.48762670984784423,0.2678565473292115,0.2445167428229442,H,0.037015825251271506,False
374120226,Serie A,2026-01-11T14:00:00.000000Z,Fiorentina,AC Milan,D,0.26762549796234614,0.2532749196311843,0.4790995824064696,A,0.2540847274146718,0.29105619627505047,0.4548590763102779,A,0.03778127664386616,False
374120227,Serie A,2026-01-25T11:30:00.000000Z,Sassuolo,Cremonese,H,0.4867752659138979,0.25782127119724463,0.25540346288885757,H,0.4619161102588476,0.2957236418292778,0.2423602479118747,H,0.03790237063203317,False
374120228,Serie A,2026-02-01T17:00:00.000000Z,Cremonese,Inter,A,0.06756208389606154,0.09984918594078845,0.83258873016315,A,0.06565232941100121,0.1252934433592677,0.8090542272297311,A,0.02544425741847925,False
374120229,Serie A,2025-12-14T14:00:00.000000Z,Udinese,Napoli,H,0.25404916718913695,0.2475970292651935,0.49835380354566955,A,0.2413486890578711,0.28521131307271574,0.47343999786941315,A,0.03761428380752224,False
374120230,Serie A,2025-12-28T11:30:00.000000Z,AC Milan,Hellas Verona,H,0.673825154273361,0.16781458913391317,0.15836025659272582,H,0.646964252646964,0.20098825490526898,0.15204749244776705,H,0.033173665771355804,False
374120231,Serie A,2026-01-03T14:00:00.000000Z,Genoa,Pisa,D,0.4653360598504961,0.2664321503044659,0.26823178984503804,H,0.44116639817777537,0.30453383266027273,0.25429976916195196,H,0.038101682355806854,False
374120232,Serie A,2026-01-07T19:45:00.000000Z,Lazio,Fiorentina,D,0.45530991444520896,0.2513586114115985,0.2933314741431926,H,0.43236511499599045,0.2890855002307797,0.2785493847732298,H,0.03772688881918124,False
374120233,Serie A,2025-12-08T14:00:00.000000Z,Pisa,Parma,A,0.40371858877789807,0.26808768996796173,0.3281937212541401,H,0.3826832254261388,0.3062232671029036,0.3110935074709575,H,0.03813557713494187,False
374120234,Serie A,2025-12-08T17:00:00.000000Z,Udinese,Genoa,A,0.3778747838656753,0.27431167881523355,0.3478135373190911,H,0.3579572855044394,0.31256216962624156,0.32948054486931905,H,0.03825049081100801,False
374120235,Serie A,2025-12-14T14:00:00.000000Z,Fiorentina,Hellas Verona,A,0.4509688803453755,0.24537002319636497,0.30366109645825956,H,0.4285325277938791,0.2829139534838098,0.288553518722311,H,0.03754393028744485,False
374120236,Serie A,2026-01-02T19:45:00.000000Z,Cagliari,AC Milan,A,0.2201535466983902,0.23494535100908354,0.5449011022925263,A,0.20945531885691213,0.2721227168468455,0.5184219642962424,A,0.03717736583776199,False
374120237,Serie A,2026-01-10T14:00:00.000000Z,Udinese,Pisa,D,0.5195668240258349,0.2518677151353058,0.22856546083885929,H,0.4933558866956747,0.28960924813257616,0.21703486517174905,H,0.037741532997270344,False
374120238,Serie A,2026-01-19T17:30:00.000000Z,Cremonese,Hellas Verona,D,0.38304543297925137,0.2620218301841713,0.3549327368365773,H,0.363319328912729,0.30002628846313834,0.3366543826241328,H,0.038004458278967035,False
374120239,Serie A,2026-01-17T14:00:00.000000Z,Udinese,Inter,A,0.13905925017241386,0.16850990788753772,0.6924308419400484,A,0.13350159060575448,0.20174134599238694,0.6647570634018587,A,0.033231438104849215,False
374120240,Serie A,2026-01-31T14:00:00.000000Z,Pisa,Sassuolo,A,0.3773439669736767,0.27104261876621294,0.35161341426011034,H,0.35757361835159795,0.30923520383180364,0.3331911778165985,H,0.0381925850655907,False
374120241,Serie A,2026-02-21T14:00:00.000000Z,Juventus,Como,A,0.5205298921178911,0.22465722075292527,0.25481288712918365,H,0.49585519312380544,0.2614108250796994,0.2427339817964952,H,0.03675360432677416,False
374120242,Serie A,2026-02-21T17:00:00.000000Z,Lecce,Inter,A,0.07475992165786223,0.11107456111275313,0.8141655172293847,A,0.07248578035685743,0.13811501285826008,0.7893992067848825,A,0.027040451745506955,False
374120243,Serie A,2026-02-22T17:00:00.000000Z,AC Milan,Parma,A,0.6896836776371092,0.16699243502121605,0.14332388734167475,H,0.6622746997541947,0.20009730130285283,0.13762799894295252,H,0.03310486628163678,False
374120244,Serie A,2026-03-07T14:00:00.000000Z,Cagliari,Como,A,0.19657335906729564,0.23744128981375168,0.5659853511189527,A,0.18696564662910975,0.2747120819468568,0.5383222714240334,A,0.037270792133105135,False
374120245,Serie A,2025-12-14T17:00:00.000000Z,Genoa,Inter,A,0.18586109222324587,0.20343379551686105,0.6107051122598931,A,0.1775374690968717,0.23910730201578975,0.5833552288873386,A,0.0356735064989287,False
374120246,Serie A,2025-12-15T19:45:00.000000Z,Roma,Como,H,0.4269459057248828,0.25786123775980463,0.3151928565153127,H,0.40514042095046104,0.29576462379429824,0.29909495525524077,H,0.037903386034493614,False
374120247,Serie A,2026-01-15T19:45:00.000000Z,Como,AC Milan,A,0.379655861482326,0.2843769294692792,0.3359672090483949,H,0.35928615303949524,0.3227723153452133,0.31794153161529154,H,0.03839538587593411,False
374120248,Serie A,2026-01-08T17:30:00.000000Z,Cremonese,Cagliari,D,0.36692786436691,0.276317466928136,0.35675466870495404,H,0.34751709846319456,0.3146008288698697,0.3378820726669359,H,0.03828336194173365,False
374120249,Serie A,2026-01-12T19:45:00.000000Z,Juventus,Cremonese,H,0.7797951245856386,0.12763371093642925,0.09257116447793229,H,0.7537438310834166,0.1567776097905229,0.0894785591260605,H,0.029143898854093686,False
374120250,Serie A,2025-12-21T17:00:00.000000Z,Fiorentina,Udinese,H,0.37448767092269064,0.2598462746693754,0.365666054407934,H,0.3552851235789177,0.29779902466862784,0.34691585175245443,H,0.037952749999252466,False
374120251,Serie A,2025-12-21T14:00:00.000000Z,Sassuolo,Torino,A,0.42916697941112764,0.27051114982891034,0.30032187075996203,H,0.40670366573356465,0.3086938098466095,0.284602524419826,H,0.038182660017699155,False
374120252,Serie A,2025-12-28T19:45:00.000000Z,Atalanta,Inter,A,0.27965732001405735,0.25629968119796925,0.4640429987879735,A,0.26541947886409645,0.29416275948873705,0.4404177616471665,A,0.03786307829076779,False
374120253,Serie A,2026-01-03T19:45:00.000000Z,Atalanta,Roma,H,0.39101736150710104,0.2800423158353447,0.3289403226575543,H,0.3701949516855673,0.3183814164217173,0.3114236318927154,H,0.038339100586372576,False
374120254,Serie A,2026-01-04T19:45:00.000000Z,Inter,Bologna,H,0.6089145504736968,0.1922139770938908,0.19887147243241243,H,0.5825437496163544,0.22719748065581108,0.1902587697278346,H,0.03498350356192029,False
374120255,Serie A,2025-12-28T17:00:00.000000Z,Bologna,Sassuolo,D,0.6225638399409686,0.19410712690279633,0.18332903315623517,H,0.5954439792338334,0.22921308883168304,0.17534293193448366,H,0.03510596192888671,False
374120256,Serie A,2026-01-24T14:00:00.000000Z,Como,Torino,H,0.6100585520895306,0.20392241987348556,0.1860190280369838,H,0.5826993032817367,0.23962404967670395,0.1776766470415594,H,0.03570162980321839,False
374120257,Serie A,2026-01-26T19:45:00.000000Z,Hellas Verona,Udinese,A,0.38141834797347546,0.28970665936484796,0.32887499266167647,H,0.36077004282510255,0.3281588044182153,0.31107115275668207,H,0.03845214505336736,False
374120258,Serie A,2026-01-06T17:00:00.000000Z,Lecce,Roma,A,0.23272651943935882,0.25754854489921863,0.5097249356614225,A,0.22084793951282916,0.29544396383225907,0.48370809665491177,A,0.03789541893304044,False
374120259,Serie A,2026-01-07T17:30:00.000000Z,Napoli,Hellas Verona,D,0.7294162572843632,0.1463595135142888,0.12422422920134793,H,0.7027582976178338,0.17755749331141463,0.11968420907075161,H,0.031197979797125797,False
374120260,Serie A,2026-01-18T19:45:00.000000Z,AC Milan,Lecce,H,0.7499423526981356,0.1388730013465312,0.1111846459553332,H,0.7234537718763954,0.16928871532714485,0.10725751279645974,H,0.030415713980613657,False
374120261,Serie A,2026-01-17T17:00:00.000000Z,Napoli,Sassuolo,H,0.7125686655410449,0.15675354944556838,0.13067778501338667,H,0.6853563419963424,0.1889563340333331,0.12568732397032453,H,0.03220278458776471,False
374120262,Serie A,2026-01-18T11:30:00.000000Z,Parma,Genoa,D,0.3917054197050319,0.28412891303378407,0.324165667261184,H,0.37069812370016697,0.3225213249553456,0.30678055134448745,H,0.03839241192156151,False
374120263,Serie A,2026-01-10T17:00:00.000000Z,Roma,Sassuolo,H,0.6236895416345594,0.196391129820919,0.1799193285445216,H,0.5963313177639704,0.23164153872970308,0.17202714350632647,H,0.03525040890878409,False
374120264,Serie A,2026-01-25T14:00:00.000000Z,Atalanta,Parma,H,0.6345319190915358,0.19468901857280693,0.17077906233565715,H,0.6068414725773124,0.22983212168171405,0.16332640574097357,H,0.035143103108907114,False
374120265,Serie A,2026-01-25T14:00:00.000000Z,Genoa,Bologna,H,0.31491272289308847,0.285392909470639,0.3996943676362725,A,0.29798743014766904,0.323800167500884,0.378212402351447,A,0.03840725803024497,False
374120266,Serie A,2026-01-25T17:00:00.000000Z,Juventus,Napoli,H,0.4932944775563449,0.26603427517318273,0.24067124727047234,H,0.4676921549335475,0.304127601038452,0.22818024402800063,H,0.038093325865269256,False
374120267,Serie A,2026-01-31T19:45:00.000000Z,Cagliari,Hellas Verona,H,0.45633994098764,0.25317689908428376,0.2904831599280762,H,0.4332556816635421,0.29095544218847436,0.27578887614798353,H,0.0377785431041906,False
374120268,Serie A,2026-01-23T19:45:00.000000Z,Inter,Pisa,H,0.8648277414889319,0.07863671878128274,0.05653553972978521,H,0.8441775756391644,0.10063682776517793,0.055185596595657464,H,0.022000108983895178,False
374120269,Serie A,2026-02-01T14:00:00.000000Z,Como,Atalanta,D,0.4538485282582786,0.26211477124277077,0.28403670049895074,H,0.4304719323178981,0.3001213830725588,0.2694066846095432,H,0.038006611829788095,False
374120270,Serie A,2026-02-07T17:00:00.000000Z,Genoa,Napoli,A,0.2507302401757681,0.2550822664087232,0.49418749341550866,A,0.2379968711774877,0.29291301378299706,0.46909011503951525,A,0.03783074737427383,False
374120271,Serie A,2026-03-01T11:30:00.000000Z,Cremonese,AC Milan,A,0.15103316487043475,0.19366873139726706,0.6552981037322982,A,0.14446276980715836,0.22874655679500433,0.6267906733978373,A,0.03507782539773727,False
374120272,Serie A,2026-02-08T19:45:00.000000Z,Juventus,Lazio,D,0.6636674849026151,0.18806660580240608,0.14826590929497885,H,0.635298708066885,0.22277307822940506,0.1419282137037099,H,0.03470647242699898,False
374120273,Serie A,2026-02-15T14:00:00.000000Z,Cremonese,Genoa,D,0.29794610896477663,0.27053089581724116,0.43152299521798226,A,0.28235054014614297,0.30871392715427465,0.4089355326995824,A,0.03818303133703349,False
374120274,Serie A,2026-03-07T17:00:00.000000Z,Atalanta,Udinese,D,0.640109418194794,0.1855373185369619,0.17435326326824407,H,0.61297009558726,0.22006886085727212,0.16696104355546798,H,0.03453154232031022,False
374120275,Serie A,2026-03-21T17:00:00.000000Z,AC Milan,Torino,H,0.6730677934538222,0.17144788570195746,0.15548432084422037,H,0.6458775671900632,0.20491928290471986,0.14920314990521702,H,0.033471397202762404,False
374120276,Serie A,2026-02-08T14:00:00.000000Z,Lecce,Udinese,H,0.2845083748122812,0.3005191530857304,0.4149724721019884,A,0.26883817749871214,0.33904526991951817,0.3921165525817698,A,0.03852611683378776,False
374120277,Serie A,2026-02-28T17:00:00.000000Z,Hellas Verona,Napoli,A,0.17900550106962,0.204952567706008,0.616041931224372,A,0.1709540203885145,0.2407129717350885,0.5883330078763971,A,0.035760404029080484,False
374120278,Serie A,2026-02-15T11:30:00.000000Z,Udinese,Sassuolo,A,0.4666911894369564,0.25761356696884374,0.27569524359419983,H,0.4428677027470629,0.2955106468931788,0.2616216503597584,H,0.03789707992433505,False
374120279,Serie A,2026-02-20T19:45:00.000000Z,Sassuolo,Hellas Verona,H,0.5140861778809805,0.23958544796474013,0.24632837415427936,H,0.4888365495731045,0.27693363125558823,0.23422981917130734,H,0.0373481832908481,False
374120280,Serie A,2026-03-08T14:00:00.000000Z,Fiorentina,Parma,D,0.528843546504197,0.2371250250668026,0.2340314284290004,H,0.5030145923618907,0.27438417831564754,0.2226012293224616,H,0.037259153248844934,False
374120281,Serie A,2026-03-08T17:00:00.000000Z,Genoa,Roma,H,0.23925465030637713,0.25416637683752374,0.5065789728560991,A,0.22712696301221852,0.2919722750451489,0.4809007619426326,A,0.037805898207625144,False
374120282,Serie A,2026-03-09T19:45:00.000000Z,Lazio,Sassuolo,H,0.4775995695652617,0.2487467657139981,0.2736536647207402,H,0.4536643667185636,0.2863962941008037,0.25993933918063267,H,0.0376495283868056,False
374120283,Serie A,2026-03-21T14:00:00.000000Z,Parma,Cremonese,A,0.5118971204466737,0.2503994965585171,0.23770338299480923,H,0.48615278568654785,0.2880984120752078,0.22574880223824437,H,0.03769891551669069,False
374120284,Serie A,2026-03-15T14:00:00.000000Z,Pisa,Cagliari,H,0.3468736338701664,0.2913558440356582,0.3617705220941754,A,0.32804447208586873,0.32982280767102046,0.34213272024311076,A,0.03846696363536228,False
374120285,Serie A,2026-03-15T14:00:00.000000Z,Sassuolo,Bologna,A,0.29146702988225476,0.276536320004928,0.43199665011281735,A,0.2760421397769991,0.3148231470384209,0.40913471318457995,A,0.038286827033492954,False
374120286,Serie A,2026-03-22T14:00:00.000000Z,Atalanta,Hellas Verona,H,0.7686329645015574,0.1272801857050412,0.10408684979340123,H,0.7430019470947311,0.15638210792871543,0.10061594497655353,H,0.029101922223674193,False
374120287,Serie A,2025-10-24T18:45:00.000000Z,AC Milan,Pisa,D,0.7595911089226881,0.14042842606505182,0.09998046501226007,H,0.7325658779078082,0.17101082768421058,0.09642329440798111,H,0.03058240161915876,False
374120288,Serie A,2026-01-15T17:30:00.000000Z,Hellas Verona,Bologna,A,0.2573986212070739,0.2643385729269402,0.47826280586598585,A,0.2440830313539407,0.3023953651029752,0.4535216035430842,A,0.038056792176035026,False
374120289,Serie A,2025-12-27T14:00:00.000000Z,Lecce,Como,A,0.25689932046489045,0.2775713439929731,0.4655293355421364,A,0.2432786164363568,0.31587423590952796,0.44084714765411526,A,0.03830289191655484,False
374120290,Serie A,2026-01-14T19:45:00.000000Z,Inter,Lecce,H,0.8683214930016228,0.0764908479349247,0.05518765906345268,H,0.8479961695070312,0.09810798216138722,0.053895848331581495,H,0.021617134226462525,False
374120291,Serie A,2025-12-27T11:30:00.000000Z,Parma,Fiorentina,H,0.3483275700259275,0.2852110010058622,0.3664614289682103,A,0.3296121460245151,0.3236161699872456,0.34677168398823927,A,0.03840516898138341,False
374120292,Serie A,2026-01-11T19:45:00.000000Z,Inter,Napoli,D,0.6026801240142208,0.2087019465526078,0.18861792943317152,H,0.5752853056232559,0.24467039084595874,0.18004430353078546,H,0.03596844429335094,False
374120293,Serie A,2026-01-07T19:45:00.000000Z,Parma,Inter,A,0.13851043715757824,0.1655403826329551,0.6959491802094666,A,0.13303580562904863,0.19852243816805643,0.668441756202895,A,0.032982055535101334,False
374120294,Serie A,2026-01-10T14:00:00.000000Z,Como,Bologna,D,0.49126914380891135,0.2529537744703556,0.25577708172073316,H,0.46642949468719713,0.2907260757714021,0.24284442954140084,H,0.03777230130104653,False
374120295,Serie A,2026-02-14T19:45:00.000000Z,Inter,Juventus,H,0.5720635227421886,0.19764046514860045,0.23029601210921097,H,0.546875552595485,0.2329683740386555,0.22015607336585938,H,0.03532790889005505,False
374120296,Serie A,2026-02-23T19:45:00.000000Z,Bologna,Udinese,H,0.5291210244127634,0.2338094635325019,0.23706951205473467,H,0.5034770181100758,0.27094311356660966,0.22557986832331456,H,0.03713365003410776,False
374120297,Serie A,2026-02-23T17:30:00.000000Z,Fiorentina,Pisa,H,0.6101050570260669,0.2011416221012339,0.18875332087269925,H,0.5829628191163561,0.2366810819031014,0.18035609898054258,H,0.035539459801867485,False
374120298,Serie A,2026-03-01T14:00:00.000000Z,Sassuolo,Atalanta,H,0.2470815895874758,0.24358991065948976,0.5093284997530345,A,0.23483687309306955,0.2810756137138809,0.48408751319304966,A,0.03748570305439114,False
374120299,Serie A,2026-03-07T19:45:00.000000Z,Juventus,Pisa,H,0.8120485835854689,0.10627153609533478,0.08167988031919633,H,0.7880838517526142,0.13264675969870196,0.0792693885486837,H,0.02637522360336718,False
374120300,Serie A,2026-04-06T10:30:00.000000Z,Udinese,Como,D,0.18358628086520154,0.23093594881944174,0.5854777703153567,A,0.1747491673352242,0.26795563405995865,0.5572951986048171,A,0.03701968524051691,False
419543349,Premier League,2025-12-22T20:00:00.000000Z,Fulham,Nottingham Forest,H,0.4431349576777833,0.25422595468477893,0.30263908763743774,H,0.42066992607887405,0.2920334830762426,0.28729659084488335,H,0.037807528391463674,False
420450453,Ligue 1,2026-02-15T14:00:00.000000Z,Le Havre,Toulouse,H,0.3121924998603508,0.2968968605755127,0.3909106395641366,A,0.295094413132346,0.335404250925985,0.369501335941669,A,0.03850739035047235,False
420450454,Ligue 1,2026-01-31T18:00:00.000000Z,Lorient,Nantes,H,0.562626986042323,0.2243456444519476,0.21302736950572945,H,0.535977495705296,0.26108542723139605,0.202937077063308,H,0.03673978277944845,False
420450455,Ligue 1,2026-02-01T16:15:00.000000Z,Nice,Brest,D,0.3866266143262428,0.2537625738007599,0.35961081187299737,H,0.36704507829282684,0.2915573724751049,0.3413975492320683,H,0.03779479867434499,False
420450456,Ligue 1,2026-02-14T20:05:00.000000Z,Paris,Lens,A,0.22470126708607635,0.25146825895379105,0.5238304739601327,A,0.21337510595977696,0.28919831369349613,0.49742658034672693,A,0.03773005473970509,False
420450457,Ligue 1,2026-05-17T19:00:00.000000Z,Olympique Lyonnais,Lens,A,0.29822631130438787,0.2450050393481615,0.4567686493474506,A,0.2834009532851333,0.282537175749675,0.4340618709651916,A,0.03753213640151351,False
420450458,Ligue 1,2026-02-13T18:00:00.000000Z,Rennes,Paris Saint Germain,H,0.17114868136865155,0.1778404194642529,0.6510108991670955,A,0.1640770125346846,0.21181111813238132,0.624111869332934,A,0.03397069866812841,False
420450459,Ligue 1,2026-02-06T19:45:00.000000Z,Metz,LOSC Lille,D,0.20449286295788938,0.2216437201063276,0.573863416935783,A,0.1948725817385032,0.25826116578703284,0.5468662524744641,A,0.03661744568070524,False
420450460,Ligue 1,2026-01-25T16:15:00.000000Z,Brest,Toulouse,A,0.3521786663209842,0.26993425256682557,0.3778870811121903,A,0.3337648907236166,0.3081059765528162,0.3581291327235671,A,0.03817172398599067,False
420450461,Ligue 1,2026-02-07T20:05:00.000000Z,Nantes,Olympique Lyonnais,A,0.19718162026893313,0.21968389240441868,0.5831344873266482,A,0.18795172275551222,0.2562098003027092,0.5558384769417786,A,0.036525907898290494,False
420450462,Ligue 1,2026-05-10T19:00:00.000000Z,Paris Saint Germain,Brest,H,0.8736869834454432,0.07310217237011782,0.05321084418443889,H,0.8538942111057187,0.094100399460689,0.052005389433592286,H,0.02099822709057117,False
420450463,Ligue 1,2026-05-08T18:45:00.000000Z,Lens,Nantes,H,0.7687097838271263,0.12459084003205707,0.10669937614081672,H,0.7434389229444484,0.1533693772152742,0.1031916998402774,H,0.028778537183217143,False
420450464,Ligue 1,2026-02-01T14:00:00.000000Z,Olympique Lyonnais,LOSC Lille,H,0.5047738683647788,0.24242390874885322,0.252802222886368,H,0.4798231548266472,0.27987050656378815,0.24030633860956463,H,0.03744659781493492,False
420450465,Ligue 1,2026-02-15T19:45:00.000000Z,Olympique Lyonnais,Nice,H,0.6093726501965347,0.20210038415212783,0.18852696565133742,H,0.5821872742442246,0.2376963384865281,0.1801163872692474,H,0.03559595433440027,False
420450466,Ligue 1,2026-05-17T19:00:00.000000Z,Nice,Metz,D,0.55213384472533,0.21304365775140788,0.23482249752326212,H,0.5267371002240693,0.24924163646375566,0.22402126331217512,H,0.036197978712347784,False
420450467,Ligue 1,2026-05-17T19:00:00.000000Z,Olympique Marseille,Rennes,H,0.47082807937674087,0.2407171619776328,0.2884547586456263,H,0.44764395666270507,0.2781051327942296,0.2742509105430653,H,0.03738797081659681,False
420450468,Ligue 1,2026-01-24T16:00:00.000000Z,Rennes,Lorient,A,0.49459517600430597,0.2286576174173518,0.27674720657834223,H,0.47091781551263007,0.265583476263089,0.26349870822428095,H,0.03692585884573718,False
420450469,Ligue 1,2026-01-25T16:15:00.000000Z,Paris,Angers SCO,D,0.47682947053434666,0.2517061878531173,0.271464341612536,H,0.45278267671272143,0.28944308989176326,0.25777423339551536,H,0.037736902038645936,False
420450470,Ligue 1,2026-01-25T14:00:00.000000Z,Nantes,Nice,A,0.3466617748962935,0.2770455168806459,0.37629270822306066,A,0.32829914961715895,0.3153403137943307,0.3563605365885103,A,0.038294796913684814,False
420450471,Ligue 1,2026-02-22T19:45:00.000000Z,Strasbourg,Olympique Lyonnais,H,0.3169820183944142,0.27736237626401394,0.40565560534157186,A,0.30018201648109794,0.3156620675931698,0.3841559159257322,A,0.03829969132915584,False
420450472,Ligue 1,2026-01-30T19:45:00.000000Z,Lens,Le Havre,H,0.6850419104074749,0.1713748143350368,0.1435832752574884,H,0.6573752677452798,0.20484032434894417,0.1377844079057761,H,0.03346551001390738,False
420450473,Ligue 1,2026-02-07T16:00:00.000000Z,Lens,Rennes,H,0.5953203018240996,0.2065717764408479,0.19810792173505257,H,0.5684205130823717,0.2424231517930224,0.18915633512460592,H,0.0358513753521745,False
420450474,Ligue 1,2026-02-01T19:45:00.000000Z,Strasbourg,Paris Saint Germain,A,0.19169167536226195,0.2065639579233384,0.6017443667143998,A,0.18303019992001054,0.24241489813999992,0.5745549019399896,A,0.03585094021666152,False
420450475,Ligue 1,2026-02-14T16:00:00.000000Z,Olympique Marseille,Strasbourg,D,0.6050052933602741,0.19643126785099266,0.19856343878873337,H,0.578463443806823,0.23168418320334758,0.18985237298982954,H,0.03525291535235492,False
420450476,Ligue 1,2026-05-17T19:00:00.000000Z,Strasbourg,Monaco,H,0.39301567388911135,0.25994807088762106,0.34703625522326764,H,0.3728589824401485,0.2979032960411521,0.32923772151869946,H,0.03795522515353106,False
420450477,Ligue 1,2026-05-17T19:00:00.000000Z,LOSC Lille,Auxerre,A,0.6222119648039719,0.20283144264787528,0.17495659254815296,H,0.5943950428867203,0.23847006223266312,0.16713489488061672,H,0.03563861958478784,False
420450478,Ligue 1,2026-05-10T19:00:00.000000Z,Rennes,Paris,H,0.5509501271489049,0.21112872033890212,0.23792115251219303,H,0.5257390106331088,0.2472269527695227,0.2270340365973686,H,0.036098232430620575,False
420450479,Ligue 1,2026-05-17T19:00:00.000000Z,Paris,Paris Saint Germain,H,0.175005450431909,0.1907488059640353,0.6342457436040557,A,0.16746092290749043,0.2256358217255725,0.6069032553669371,A,0.034887015761537216,False
420450480,Ligue 1,2026-05-17T19:00:00.000000Z,Brest,Angers SCO,D,0.49448697599515085,0.24024944268558082,0.2652635813192684,H,0.4701634962700157,0.27762105846940816,0.25221544526057627,H,0.03737161578382733,False
420450482,Ligue 1,2026-05-10T19:00:00.000000Z,Toulouse,Olympique Lyonnais,H,0.3340968574024119,0.26382119864200515,0.402081943955583,A,0.3168309008420535,0.301866546639978,0.38130255251796863,A,0.03804534799797282,False
420450483,Ligue 1,2026-02-15T16:15:00.000000Z,Metz,Auxerre,A,0.31869329399308477,0.2928535683941865,0.3884531376127287,A,0.301351627470668,0.33133287696630576,0.3673154955630263,A,0.03847930857211923,False
420450484,Ligue 1,2026-02-14T18:00:00.000000Z,LOSC Lille,Brest,D,0.5234306146195021,0.23123770090233645,0.24533168447816145,H,0.4982165524828284,0.2682695821801849,0.23351386533698676,H,0.03703188127784843,False
420450485,Ligue 1,2026-02-07T18:00:00.000000Z,Brest,Lorient,H,0.40840972065066783,0.26325268389391043,0.32833759545542174,H,0.3873266600396696,0.3012852955949943,0.3113880443653361,H,0.03803261170108385,False
420450486,Ligue 1,2026-02-08T19:45:00.000000Z,Paris Saint Germain,Olympique Marseille,H,0.6097085613607475,0.18314489342332138,0.20714654521593107,H,0.5840605452299714,0.21750674148926893,0.1984327132807596,H,0.03436184806594755,False
420450487,Ligue 1,2026-02-08T14:00:00.000000Z,Nice,Monaco,D,0.37106601658442956,0.2551779930491747,0.37375599036639573,A,0.3522176761205824,0.2930113115006929,0.3547710123787246,A,0.03783331845151816,False
420450488,Ligue 1,2026-02-01T16:15:00.000000Z,Toulouse,Auxerre,D,0.5758797300111953,0.22049295736141336,0.2036273126273914,H,0.5488672002631024,0.2570569412642908,0.19407585847260686,H,0.036563983902877434,False
420450489,Ligue 1,2026-01-31T16:00:00.000000Z,Paris,Olympique Marseille,D,0.21555728307880795,0.2298761214764302,0.554566595444762,A,0.20520760109078914,0.2668525442641703,0.5279398546450407,A,0.03697642278774013,False
420450490,Ligue 1,2026-01-24T20:05:00.000000Z,Olympique Marseille,Lens,H,0.4330531251909332,0.24707341785096756,0.31987345695809927,H,0.41142827148678635,0.28467140812469527,0.30390032038851833,H,0.037597990273727705,False
420450491,Ligue 1,2026-01-25T16:15:00.000000Z,Metz,Olympique Lyonnais,A,0.18155194471941788,0.20567171718227767,0.6127763380983045,A,0.17336925128672115,0.24147273728846816,0.5851580114248107,A,0.03580102010619049,False
420450492,Ligue 1,2026-01-25T19:45:00.000000Z,LOSC Lille,Strasbourg,A,0.48714066025654484,0.24324854845373883,0.2696107912897164,H,0.4630174535113867,0.28072288227497055,0.25625966421364277,H,0.03747433382123172,False
420451303,Ligue 1,2025-11-08T16:00:00.000000Z,Olympique Marseille,Brest,H,0.6764343685774866,0.17281877204793292,0.15074685937458046,H,0.6489731540098367,0.20639985876133202,0.1446269872288314,H,0.0335810867133991,False
