fixture_id,season_id,y_true,y_pred,p_home,p_draw,p_away
45213654,4629,H,H,0.555248960030914,0.19615117558484715,0.24859986438423895
45213655,4630,D,A,0.2865873361980796,0.2649757681889372,0.4484368956129832
45213667,4634,A,H,0.4864617838246262,0.28093456021667246,0.23260365595870136
45213671,4629,H,H,0.40466656962643727,0.23843833924894534,0.3568950911246173
45213674,4634,D,H,0.39743867616306655,0.29518762870775583,0.3073736951291776
45213685,4634,H,H,0.49278667652282976,0.2721034887200969,0.2351098347570734
45213692,4630,H,H,0.5396128220801785,0.18719008675723306,0.2731970911625884
45213693,4634,H,H,0.5431321526821575,0.24312769284414265,0.21374015447369982
45213703,4629,H,H,0.37662219623202886,0.3174565842616266,0.3059212195063446
45213709,4630,D,H,0.4781328236823879,0.20221314216415412,0.31965403415345794
45213715,4629,A,H,0.47369288010196625,0.22401995751474502,0.3022871623832887
45213716,4629,A,H,0.34659846817733436,0.3208745676487513,0.3325269641739144
45213717,4629,D,H,0.40776090276615384,0.2531492405960971,0.33908985663774915
45213731,4634,A,H,0.39318715281150274,0.3129074180425842,0.293905429145913
45213739,4634,D,H,0.4065022785946533,0.2788410984415264,0.3146566229638203
45213743,4629,H,H,0.48917686227061147,0.2314653893381817,0.279357748391207
45213757,4630,H,H,0.4696584794606422,0.22572590652839078,0.30461561401096693
45213771,4634,D,H,0.43439611186183813,0.25214472710799235,0.31345916103016963
45213780,4629,D,H,0.4830699789201646,0.23888967107513942,0.2780403500046959
45213781,4634,A,H,0.3686205421000921,0.33340360345821757,0.29797585444169034
45213786,4630,H,H,0.5533727311135407,0.20752781517109972,0.2390994537153596
45213801,4630,D,H,0.4130580210574469,0.23112241706170156,0.3558195618808516
45213802,4630,H,H,0.473180017981628,0.2315952344611135,0.29522474755725836
45213803,4630,A,H,0.3750467193009604,0.25786622406880855,0.367087056630231
45213804,4630,A,A,0.3279358429537004,0.2913639639710262,0.38070019307527336
45213851,4634,A,H,0.46961522658525057,0.24710677291195088,0.2832780005027985
45213868,4630,A,A,0.33118295372563866,0.2750330042344823,0.39378404203987916
45213869,4629,D,A,0.33883308849172655,0.3120140983062061,0.3491528132020674
45213871,4634,A,H,0.45016918069831163,0.28998855056985823,0.25984226873183014
45346864,4634,H,H,0.4918595914757153,0.26322975622919426,0.24491065229509043
45346865,4630,H,H,0.44477600121617067,0.25102515736416975,0.3041988414196596
45346866,4634,A,H,0.4375521878736498,0.31593927063295957,0.24650854149339066
45346869,4675,A,H,0.4614978552270812,0.2727995525767604,0.2657025921961584
45566305,4630,H,H,0.38927440774532096,0.25634956724117225,0.35437602501350673
45566306,4724,A,A,0.3580196597244732,0.2542219517450044,0.3877583885305226
45566307,4634,D,H,0.5631949222381947,0.27364374247519435,0.16316133528661103
45566308,4630,A,A,0.28367488280610115,0.2592339219085285,0.45709119528537046
45566309,4630,H,H,0.5183451510714356,0.1862363556544108,0.29541849327415354
45566310,4630,A,H,0.4344754616241074,0.28575592111972087,0.2797686172561717
45566311,4675,H,H,0.46911825053323836,0.2519224644188737,0.27895928504788786
45566312,4675,D,H,0.4466772519609539,0.25768935983663305,0.29563338820241297
45566313,4675,A,H,0.45031938796961857,0.22743400522342697,0.3222466068069544
45566314,4675,H,H,0.4241165906929488,0.26425136045919684,0.31163204884785434
45566315,4675,H,H,0.4370809553471237,0.27332023548581325,0.28959880916706293
45566316,4675,H,H,0.5848854232022719,0.17980426974128663,0.23531030705644146
45566317,4724,A,H,0.38158991955839155,0.24334197378178993,0.3750681066598186
45566319,4634,A,A,0.33215138140328837,0.30264933688455214,0.36519928171215943
45566377,4724,A,H,0.35460323928328535,0.3076847087275845,0.33771205198913007
45566378,4724,H,H,0.4789226315871978,0.2333031126286156,0.28777425578418653
45566379,4630,H,H,0.4470969791591605,0.1873014685997736,0.36560155224106583
45566381,4634,A,H,0.5904142383734681,0.2562668490820426,0.1533189125444894
45952291,4634,D,H,0.3716798990439516,0.2975584352947516,0.3307616656612968
45952295,4630,H,A,0.36112255879162186,0.22220145385258305,0.4166759873557952
45952296,4630,H,H,0.5113811207673452,0.21478258535069297,0.27383629388196173
45952297,4634,H,H,0.45705525662225654,0.2929637111652072,0.24998103221253615
45952299,4724,D,H,0.4212231639435988,0.25152850388790154,0.32724833216849974
45952302,4634,H,H,0.4825886501885579,0.28393151556881574,0.23347983424262644
45952303,4724,H,A,0.34879198798563305,0.2965689000504277,0.3546391119639392
45952304,4724,A,H,0.42345751223059286,0.28062496684188687,0.29591752092752016
45952306,4724,A,A,0.3019776137704018,0.27065636391299946,0.4273660223165988
46247431,4634,A,A,0.3740544863233609,0.24865382291943824,0.37729169075720087
46247432,4630,A,H,0.5042091007097798,0.20768225734932283,0.28810864194089736
46247433,4724,A,H,0.39005351763930457,0.2943971136600904,0.315549368700605
46247434,4634,H,H,0.35923444805770693,0.3576778817275984,0.28308767021469466
46247435,4724,D,H,0.44947902297817205,0.23818575421530386,0.31233522280652415
46860489,4629,D,A,0.3200135442687331,0.24112102001176822,0.43886543571949865
46860494,4629,A,H,0.4137838148538132,0.26125822089515816,0.3249579642510286
47011584,4629,D,A,0.1820037644792446,0.255141429692011,0.5628548058287444
47011640,4630,A,H,0.49364712039304665,0.26902717907876794,0.23732570052818538
47035890,4675,H,A,0.2448495628708126,0.20829462109987132,0.5468558160293161
47035914,4629,D,A,0.25080549691569237,0.2504477592343795,0.4987467438499281
47035918,4629,D,H,0.3796945960336417,0.3102239490969004,0.31008145486945804
47035919,4629,H,D,0.3015199277585002,0.35812553859075613,0.3403545336507437
47035920,4629,H,A,0.34876251039919987,0.24158051200867803,0.40965697759212216
47035921,4629,A,A,0.3378343036865753,0.237681868824385,0.42448382748903973
47035922,4629,H,H,0.4870641382678581,0.24919438328963564,0.2637414784425062
47262759,4675,A,H,0.3921522744809676,0.25005259723610046,0.3577951282829319
47262760,4675,H,H,0.63563674628205,0.21738762962049282,0.14697562409745715
47262761,4675,A,H,0.44172807445538725,0.2174315574283958,0.3408403681162168
47262762,4675,D,A,0.2218885377448254,0.2710524525133733,0.5070590097418013
47262763,4675,A,A,0.32557276603382,0.2337741473071695,0.44065308665901043
47262764,4675,A,A,0.33876446582375447,0.2203204541754419,0.44091508000080365
47262765,4724,H,A,0.2378880907647471,0.18749552429076805,0.5746163849444849
47262766,4724,H,H,0.3874340886098523,0.2954932756467354,0.3170726357434124
47262767,4724,H,H,0.4025524323331595,0.3242483651513882,0.27319920251545216
47262768,4724,H,H,0.47123724579101356,0.2533098589140816,0.27545289529490485
47652443,4675,H,H,0.5188465164321149,0.1890709795743524,0.2920825039935328
47652730,4675,H,H,0.40486551004383625,0.27867855071689207,0.3164559392392717
47702745,4724,H,H,0.5438908069602231,0.20851323464527488,0.24759595839450216
47702746,4724,A,H,0.5076546878962315,0.29093354225977475,0.20141176984399375
47702747,4724,D,H,0.5488474471379,0.24542113928997888,0.20573141357212116
47702748,4724,D,H,0.5558809800610759,0.2035991282354926,0.2405198917034315
47702749,4675,H,H,0.6907135205627407,0.1673870067990852,0.1418994726381742
47702752,4675,D,A,0.330558465024997,0.24749716051341833,0.42194437446158484
47751291,4634,H,H,0.41203970810777574,0.29924616678905847,0.28871412510316563
47751292,4634,A,H,0.5137592856880314,0.27400886652375733,0.21223184778821125
47751293,4634,A,H,0.5309052568951105,0.23501551761280517,0.2340792254920844
47751294,4630,A,H,0.49389358824288915,0.22857120501956074,0.27753520673755017
47751295,4629,A,H,0.5824914126977963,0.2573822122952926,0.16012637500691118
47751296,4629,H,A,0.35476380171255695,0.2891187007721961,0.356117497515247
47751297,4630,H,A,0.3965504459529854,0.20008196275385934,0.40336759129315536
47751298,4634,A,D,0.3082405011284936,0.3563169129999586,0.3354425858715478
47751299,4629,H,A,0.3726101721687508,0.20090109386774024,0.426488733963509
47751300,4630,A,H,0.599991628831971,0.26000961096208597,0.13999876020594307
47751301,4634,D,H,0.4549694610010784,0.2491295779810881,0.2959009610178336
47751302,4630,A,H,0.4255534380697654,0.20642680893380946,0.3680197529964252
47751303,4630,D,H,0.5553125183648622,0.2754885430485778,0.16919893858656
47751304,4630,D,H,0.6187901054246493,0.1988316156134676,0.18237827896188308
47751305,4630,A,A,0.3579573547079237,0.2101410376989649,0.4319016075931114
47751306,4634,A,A,0.27004850328953833,0.2687959556458487,0.46115554106461304
48065885,4629,D,H,0.388508574098541,0.2305750091896705,0.3809164167117885
48065886,4629,H,A,0.3371423607033921,0.23525064688419653,0.42760699241241146
48065887,4629,H,H,0.3649223084851327,0.28788319138373214,0.3471945001311351
48065888,4629,D,A,0.17291396050614868,0.1796019096251532,0.6474841298686981
48065889,4634,A,H,0.44381153883851165,0.3008113859229883,0.25537707523849995
48065890,4724,A,A,0.2667543447452367,0.3037393407402126,0.42950631451455085
48065891,4724,D,H,0.5446692313481238,0.24398707398191227,0.21134369466996392
48065901,4630,A,A,0.21245119889133018,0.22777130089202444,0.5597775002166455
48065902,4630,A,A,0.24267546425534547,0.2474047658079114,0.5099197699367432
48065913,4630,H,H,0.42536222530455037,0.31709280807358237,0.2575449666218672
48065915,4634,H,H,0.4632137760751076,0.3031128172512744,0.23367340667361797
48065916,4634,D,A,0.36658199599102936,0.22717737684962275,0.40624062715934794
48320126,4634,H,A,0.31476085874223114,0.2233863302882125,0.4618528109695563
48585558,4629,D,H,0.5952167996783502,0.24487679812404084,0.15990640219760907
48585559,4629,A,H,0.40794031480199044,0.2711925731465492,0.3208671120514603
50341982,4634,A,H,0.4636129967820751,0.29119819531478514,0.24518880790313968
50341983,4629,D,A,0.22569091484341203,0.28759072853707546,0.48671835661951257
50341984,4630,A,A,0.20733232216964678,0.18834336006667746,0.6043243177636758
50341985,4724,A,A,0.20626803263187257,0.311041702414417,0.4826902649537104
50341986,4675,D,H,0.6344654461302296,0.17395446921578042,0.19158008465398987
50341987,4634,H,A,0.3469980197033931,0.25337049631251396,0.399631483984093
50341988,4724,H,A,0.27753780878588413,0.24958092104826948,0.47288127016584636
50595133,4629,H,D,0.38622682633722144,0.39376691263499214,0.22000626102778645
50595134,4634,H,H,0.47798628638257257,0.29274818627323357,0.22926552734419392
50595135,4724,A,H,0.5719273295521716,0.2824580832178526,0.14561458722997583
50595136,4724,H,H,0.4796784135882782,0.2449926825540792,0.2753289038576425
50595137,4724,D,A,0.3027332217471732,0.2525354580953747,0.4447313201574521
50595138,4724,H,H,0.4594644860247988,0.2597254527608,0.2808100612144012
50595139,4675,A,A,0.17820895835786185,0.34200522609892453,0.47978581554321376
50595140,4634,H,H,0.3731482126656597,0.32151386027488216,0.30533792705945817
50595141,4630,H,H,0.4292819273241718,0.2866164333605155,0.2841016393153127
50595142,4634,H,H,0.6129094499010612,0.26753194796899016,0.11955860212994865
50595153,4630,A,H,0.40700476237629174,0.2515093219097459,0.3414859157139624
50595154,4630,A,A,0.24328924622997697,0.2157586483792282,0.5409521053907947
50595155,4630,D,H,0.6140957345873255,0.20449492657855092,0.1814093388341237
50595156,4675,H,H,0.48786058153146983,0.3496451238023471,0.16249429466618304
50595157,4675,D,H,0.4426191942851256,0.39917270843723,0.15820809727764434
50595158,4675,H,H,0.4349769453971755,0.1998041274220698,0.3652189271807546
50595159,4675,H,H,0.42544866125203623,0.2926495722387632,0.28190176650920057
50595160,4675,H,H,0.573209412199872,0.2998553551590373,0.12693523264109074
50595161,4634,H,H,0.4964171041752924,0.2183739787291115,0.285208917095596
50595163,4630,D,H,0.4768550534075428,0.24232367696141552,0.2808212696310417
50595165,4629,D,A,0.2452331154478199,0.2889007230166275,0.46586616153555266
50595211,4630,H,H,0.6472793455821052,0.18139045554691413,0.17133019887098067
50846751,4634,A,A,0.34752238340477026,0.29284630076371637,0.3596313158315135
50846752,4724,H,H,0.3940235996393577,0.30657496385000105,0.2994014365106413
50846753,4724,A,A,0.26352252271122595,0.20836873612074983,0.5281087411680243
50846754,4629,A,A,0.29530411514334926,0.24722730275176574,0.45746858210488506
50846756,4724,H,H,0.423597051595771,0.24080912919798791,0.33559381920624115
50846757,4724,H,H,0.5062460699053797,0.2090843667112585,0.28466956338336186
50846758,4634,H,H,0.6205244102263149,0.2160716022468471,0.16340398752683807
50846759,4675,A,H,0.3768354582298824,0.36595669203584563,0.2572078497342719
50846760,4629,H,A,0.35399533119412174,0.2354961870219919,0.41050848178388627
50846762,4634,D,A,0.328999171306766,0.27864139168700536,0.3923594370062287
50846764,4675,D,H,0.4942385801438216,0.23540995585212832,0.27035146400405025
50846765,4629,H,A,0.2529792894498201,0.2724455910156291,0.47457511953455084
50846766,4629,H,A,0.2845186147492225,0.2473090859891628,0.4681722992616148
50846767,4630,H,H,0.4117145623509511,0.24103888792097833,0.3472465497280707
50846768,4630,H,H,0.5359055710008108,0.18038512235703122,0.283709306642158
50846769,4634,H,H,0.5597340860609266,0.2678165185825242,0.17244939535654932
50846771,4629,D,H,0.3996562394408485,0.2807694957499819,0.31957426480916973
50846808,4630,H,H,0.4962493086299339,0.2540617698760244,0.24968892149404168
51054878,4629,D,A,0.29807996695982614,0.29574264205875306,0.40617739098142075
53333849,4675,D,H,0.4937267352919836,0.2352864206294804,0.2709868440785361
53333850,4634,H,H,0.3612073043032219,0.3213856143868061,0.317407081309972
53608635,4724,D,A,0.22576982819797992,0.26966397074123016,0.5045662010607899
53608640,4675,D,H,0.35166532830488983,0.32102748188936675,0.32730718980574336
53608641,4634,A,H,0.39941250044040133,0.31704987200410456,0.28353762755549405
53608642,4724,H,H,0.5746193775767084,0.22233191789157516,0.20304870453171633
53608645,4634,H,H,0.465671848632847,0.29090464628839957,0.24342350507875338
53608650,4630,A,A,0.240930813864828,0.1990266984088878,0.5600424877262842
53608651,4630,H,H,0.4168125590028725,0.2655310887391374,0.31765635225799005
53608652,4630,H,H,0.36650223421727013,0.30351948601736695,0.32997827976536287
53608653,4675,A,A,0.11662763127676345,0.22668975320221502,0.6566826155210215
53608654,4675,A,A,0.3499257993824711,0.2875246165980973,0.36254958401943166
53608655,4724,H,H,0.5860699742517902,0.23573831367389464,0.17819171207431508
53608657,4634,H,H,0.42710350532108393,0.30722974618406523,0.2656667484948507
53608658,4630,A,A,0.15806333906714828,0.23634426179850895,0.6055923991343428
53608661,4634,H,H,0.5251705807630093,0.2875369712658359,0.1872924479711549
53608662,4675,A,A,0.38028071244314776,0.2121060537872698,0.40761323376958253
53608664,4675,H,H,0.6057679922518466,0.2378015573292164,0.15643045041893694
53608667,4675,H,H,0.40913087780009866,0.2523830509315598,0.33848607126834146
53608668,4630,H,H,0.6420188218564066,0.2229819035976659,0.13499927454592744
53608676,4630,A,A,0.24590573584521777,0.23883801960671308,0.5152562445480691
53608692,4630,A,A,0.2979455055005447,0.24632449756614358,0.4557299969333119
54121595,4724,H,H,0.45802093981162256,0.2939934494375904,0.24798561075078712
54121597,4634,H,H,0.3965304784348055,0.3394609091501556,0.26400861241503903
54121598,4724,H,A,0.3490923147795279,0.29868826168159907,0.35221942353887303
54121599,4675,D,A,0.28606875386051883,0.2812946286391858,0.43263661750029525
54121600,4630,H,A,0.3232943592707897,0.25896762052778644,0.4177380202014238
54121602,4634,H,H,0.47972458282205055,0.2958082586502696,0.22446715852767993
54121603,4675,H,A,0.36298730858007217,0.27100552408808465,0.36600716733184313
54121604,4724,D,A,0.29200947136427047,0.2600163233149577,0.4479742053207718
54121605,4724,H,H,0.45176748551215595,0.22979200569911568,0.3184405087887285
54121606,4629,A,H,0.3686982673604729,0.29567456654024216,0.33562716609928495
54121607,4630,D,A,0.3362874735461291,0.24103212717258682,0.4226803992812841
54121610,4724,D,H,0.41192372333899163,0.25109085767160416,0.3369854189894042
54121612,4634,H,A,0.20482386253200682,0.21917812738739137,0.5759980100806018
54121618,4634,H,H,0.37784539686862256,0.27584782948585723,0.34630677364552015
54121624,4629,A,H,0.39853245899736556,0.29964946276363336,0.3018180782390012
54121625,4629,D,A,0.33689542590294513,0.2510860929446213,0.4120184811524336
54585703,4634,A,A,0.28966409401236987,0.3422487852983939,0.3680871206892363
54585704,4630,D,H,0.5759797892324495,0.2206929684431202,0.20332724232443025
54585707,4724,A,H,0.40611713486568457,0.2998533329253132,0.2940295322090023
54585734,4724,D,H,0.402351450914055,0.30722699027523587,0.2904215588107092
54638919,4629,D,H,0.5142720283371881,0.2629294341713038,0.22279853749150813
54638920,4629,D,A,0.23866714735193137,0.2158582586925792,0.5454745939554895
54638921,4629,A,H,0.38096647957080726,0.26417241796548674,0.35486110246370595
54638922,4629,D,H,0.5687192898499812,0.2251974346228697,0.20608327552714917
54638923,4629,A,H,0.5156401034650926,0.24793302160685318,0.23642687492805423
54856821,4629,D,A,0.23853829662208068,0.26842478673422,0.49303691664369936
55517686,4629,A,H,0.4377065971017566,0.309279057267984,0.2530143456302594
55517687,4724,H,H,0.5000936360482489,0.2731376127787336,0.2267687511730175
55517688,4675,H,H,0.6787312325064718,0.23573741565912273,0.08553135183440538
55517714,4724,D,A,0.3065062443872796,0.28388988563249107,0.4096038699802294
55517716,4634,A,A,0.3237216384956616,0.2904963822634498,0.38578197924088864
55781141,4629,H,H,0.5357219010470516,0.2527467505460949,0.21153134840685345
55781143,4630,A,A,0.25938504250400396,0.30707993115360904,0.4335350263423869
55781148,4675,H,H,0.4647980629788646,0.2784819342563591,0.2567200027647763
55781149,4630,A,H,0.6043641422759071,0.20059559836316165,0.19504025936093125
55781154,4629,H,A,0.300765917623366,0.28742474690896114,0.4118093354676729
55781161,4630,D,H,0.40791186762796033,0.21378200258296634,0.37830612978907335
55781162,4630,D,H,0.5411019213048059,0.22986710596483273,0.2290309727303614
55781163,4675,A,A,0.15466388979791598,0.2826297587526578,0.5627063514494263
55781164,4675,A,H,0.4054356743869247,0.2853395313785537,0.3092247942345216
55781165,4675,H,H,0.6104663376071939,0.19400052228518258,0.19553314010762357
55781166,4675,H,H,0.7168725865800775,0.19721780145686016,0.08590961196306234
55781172,4675,H,H,0.4713442015800922,0.3277488439673651,0.20090695445254275
55781174,4634,D,A,0.28879535795257083,0.3019150910932623,0.40928955095416686
55781175,4724,D,H,0.46802764538832925,0.2549612176545725,0.27701113695709817
55781177,4634,H,H,0.6999280948705752,0.2092864259116558,0.09078547921776903
55781178,4724,H,A,0.1869212895348852,0.3010322153419727,0.5120464951231422
55781180,4634,D,H,0.4451522129449994,0.27719167521486254,0.277656111840138
55781181,4630,H,H,0.6545776163683178,0.19045018968291494,0.1549721939487673
55781183,4724,H,H,0.5148743605478124,0.29822861912606424,0.18689702032612332
55781184,4634,H,H,0.5843445958613853,0.2662596341052657,0.149395770033349
56297591,4629,H,H,0.5233460134143915,0.24195830219451503,0.23469568439109353
56297594,4675,D,H,0.5595305172343525,0.23176555009816383,0.2087039326674836
56297595,4630,A,A,0.2772406325002485,0.2344638748100974,0.48829549268965405
56297596,4629,D,A,0.3078918442689396,0.27389623960559345,0.41821191612546693
56297603,4675,H,H,0.5573199406986794,0.28083433889435583,0.16184572040696474
56297604,4629,H,H,0.5450314905981083,0.23439173319057519,0.22057677621131655
56297610,4629,A,H,0.3733710151882662,0.31807641355147226,0.3085525712602614
56297613,4629,H,A,0.3556552245634172,0.2735087576678556,0.3708360177687272
56297614,4630,H,H,0.5733219474393078,0.21296665352931385,0.21371139903137845
56297615,4630,H,H,0.6771572718747456,0.2126673458605441,0.11017538226471038
56297622,4724,D,A,0.3440801514758942,0.21872728805231142,0.4371925604717943
56297623,4724,D,A,0.3386139389845592,0.24504428303482276,0.41634177798061794
56297624,4724,A,A,0.27023311848224074,0.22661572170812813,0.5031511598096312
56297625,4724,H,H,0.5831851867285717,0.2602621769610685,0.1565526363103599
56297629,4724,A,A,0.06203929447249581,0.16536655923524804,0.7725941462922563
56297630,4634,H,H,0.49697692333404536,0.2689300137708782,0.2340930628950763
56297631,4634,H,H,0.4073566838005689,0.24386299425143887,0.3487803219479923
56297633,4634,D,H,0.37521370109454116,0.33946230192587196,0.2853239969795868
56297641,4634,D,H,0.3719915300284146,0.31988195939553543,0.3081265105760499
56297643,4630,A,H,0.39109921304013584,0.22039315378171154,0.38850763317815257
56297644,4630,D,H,0.40360171614636503,0.21473471782856984,0.38166356602506507
56297646,4634,H,H,0.4943832985965556,0.28940925435454257,0.21620744704890166
57052120,4629,A,A,0.36082873471218724,0.2628589095929122,0.37631235569490046
58704532,4634,H,H,0.4767518558355207,0.2821021092324018,0.2411460349320774
58704533,4634,D,A,0.21644056358627997,0.27479454978733214,0.5087648866263879
58704534,4724,H,H,0.4415715912221791,0.28568820128410416,0.27274020749371664
58792046,4629,H,H,0.5682393444752599,0.2056002482101959,0.22616040731454418
58792047,4675,H,H,0.39566981715112987,0.29818551099209717,0.306144671856773
58792048,4629,A,A,0.29648895128890923,0.2998859111809809,0.4036251375301099
58792049,4629,D,H,0.44716171937913646,0.2546254941454042,0.29821278647545924
58792050,4630,D,H,0.38645235050090043,0.2474449238893977,0.3661027256097018
58792051,4629,H,H,0.5729510268946082,0.26552397960900664,0.16152499349638516
58792052,4629,H,H,0.5258075499997259,0.26956885467991787,0.2046235953203562
58792053,4675,D,A,0.34699229344021815,0.22769040322124176,0.42531730333854
58792054,4630,H,H,0.4107149462356129,0.2311249759902783,0.35816007777410885
58792055,4629,D,A,0.18387421760299272,0.21482973908652386,0.6012960433104836
58792056,4630,H,A,0.10862289550915813,0.20534584497118621,0.6860312595196558
58792057,4630,A,H,0.4243999605304465,0.2435526696228178,0.33204736984673583
58792058,4630,A,A,0.18409640235597147,0.24336732915270146,0.5725362684913271
58792059,4675,H,H,0.3625990512045004,0.31612023089935126,0.32128071789614837
58792060,4675,A,A,0.2653441080128948,0.3256672144833652,0.40898867750374
58792061,4675,A,A,0.17241458799615425,0.19412928580676922,0.6334561261970765
58792062,4675,A,A,0.10744306123305561,0.23421446187892303,0.6583424768880213
58792063,4675,H,H,0.4689185937594921,0.27917410210889954,0.2519073041316084
58792064,4630,H,A,0.28954915902572026,0.22929990178353396,0.4811509391907458
58792065,4629,A,H,0.44705519166121716,0.27659474091555586,0.276350067423227
58792066,4675,A,H,0.49754402772771383,0.26300134713541573,0.2394546251368704
58792067,4634,A,A,0.23974536908189817,0.25092785372153975,0.5093267771965619
58792068,4724,D,H,0.38536861825062885,0.2746537715093405,0.3399776102400306
58792069,4634,A,H,0.40959135450428297,0.27470116183888305,0.3157074836568339
58792070,4634,D,H,0.4313138791110892,0.28727553661673516,0.28141058427217563
58792071,4724,H,H,0.6110409766916072,0.23804819415692333,0.1509108291514695
58792072,4724,H,A,0.3493482555888785,0.2832861500212179,0.36736559438990357
58792073,4724,A,H,0.7493734166376765,0.1565776604254565,0.09404892293686694
58792074,4634,A,A,0.28698653357474163,0.29339213713492646,0.41962132929033186
58792075,4634,D,H,0.5812649706805529,0.24799831123890223,0.1707367180805448
58792076,4724,A,A,0.3014257901030616,0.24118355157160304,0.4573906583253354
58792077,4724,H,A,0.2716778477531202,0.2991340697662781,0.42918808248060175
59262828,4675,H,D,0.2916618791732743,0.3594680027496365,0.3488701180770892
59262848,4630,H,H,0.6110165282077811,0.24376642233139828,0.14521704946082067
59262849,4630,H,H,0.7803605285365021,0.142390374154997,0.07724909730850084
59262850,4630,A,H,0.5378453514844327,0.2276670296078238,0.23448761890774347
59262856,4724,H,A,0.19090148227658235,0.23346299363699172,0.575635524086426
59262858,4634,D,H,0.45407678815417624,0.2934140775559895,0.2525091342898342
59262859,4634,D,H,0.37520335501575447,0.357484281563591,0.2673123634206545
59262860,4724,D,A,0.3556869488443008,0.2856973204729825,0.3586157306827166
59262862,4634,H,H,0.6056216690066616,0.2560587435571375,0.13831958743620099
59262863,4724,A,A,0.20708901747367814,0.23792051495231364,0.5549904675740083
59262867,4630,A,H,0.4410069908514525,0.2312612319605713,0.32773177718797625
59262872,4629,A,H,0.5081727372954913,0.24380203830745614,0.24802522439705255
59262873,4629,H,H,0.38748045446289126,0.2686097794024457,0.34390976613466306
59902525,4634,H,H,0.5506562519611319,0.26715024010691857,0.18219350793194947
60168268,4634,H,H,0.37474093924681784,0.309177891897449,0.3160811688557332
60168269,4634,A,H,0.473972235226718,0.28845093439797553,0.2375768303753065
60168271,4724,H,H,0.5250034977491963,0.2693972954747209,0.20559920677608276
60168272,4634,D,H,0.4076267632117209,0.30843383923780626,0.28393939755047276
60168274,4724,A,A,0.3412729596656641,0.24252016992669245,0.41620687040764337
60168275,4634,D,H,0.3780957102916857,0.31581946247253617,0.30608482723577807
60168288,4724,A,A,0.13576723645134783,0.19653367716867093,0.6676990863799812
60402446,4724,H,H,0.6855204051328395,0.18787025048867956,0.12660934437848093
60402483,4634,H,H,0.6992865469069587,0.2022436439972202,0.09846980909582106
60442094,4724,D,H,0.4683690112372803,0.2352796162811848,0.296351372481535
60712489,4724,D,H,0.4636594945295563,0.24778855841947958,0.2885519470509642
60712490,4724,A,H,0.43220608224071777,0.33446398427677204,0.23332993348251022
60712496,4634,H,A,0.2997336426310124,0.2980743985945217,0.402191958774466
61217225,4634,D,D,0.33275512981414396,0.3668720216057119,0.300372848580144
61217671,4724,D,A,0.2532413209403545,0.2916979082387703,0.4550607708208752
61218070,4634,A,H,0.4161128776262782,0.29202353395317265,0.29186358842054916
61218338,4724,H,H,0.4171208629758908,0.29345325074675416,0.289425886277355
61282012,4675,A,A,0.2782358682298998,0.3069405567937806,0.4148235749763196
61282017,4675,H,H,0.6932560402749678,0.19138564697790147,0.11535831274713082
61282018,4675,A,H,0.46954898723253863,0.30003641635524547,0.23041459641221584
61282019,4675,D,H,0.8002075750455852,0.15330673379079013,0.04648569116362467
61282021,4634,H,H,0.4241083615723911,0.2704793434463798,0.30541229498122907
61282022,4675,H,H,0.4999092399878717,0.2241373564226614,0.2759534035894669
61282023,4675,H,H,0.7809063808299611,0.15364305164033315,0.06545056752970584
61282025,4675,H,H,0.7679682565008754,0.1685367431705051,0.06349500032861949
61282027,4675,H,H,0.6766891407969846,0.17443028831716928,0.14888057088584605
61282028,4675,D,H,0.6769889468698961,0.22238470263784937,0.10062635049225459
61374399,4629,A,H,0.4504900921271094,0.20836176897607556,0.34114813889681506
61374400,4629,D,A,0.37134158781852916,0.2549923937286977,0.3736660184527731
61374401,4629,D,H,0.4575601154809284,0.23664109165071676,0.30579879286835476
61374403,4629,D,A,0.369785304406671,0.25601869907098057,0.3741959965223483
61374404,4630,D,A,0.17683390594703097,0.2452530499272882,0.5779130441256809
61374405,4630,D,A,0.2837743956021481,0.2216562054933664,0.4945693989044854
61374406,4630,D,H,0.38770887690300165,0.24741973398079098,0.3648713891162073
61374407,4630,D,H,0.4545023805222817,0.23107984748172572,0.31441777199599263
61374408,4630,H,A,0.3239867899230359,0.23984551157277362,0.4361676985041904
61374409,4630,H,H,0.5137822148193649,0.2682599044188527,0.21795788076178238
61374410,4630,H,H,0.4862153968764367,0.2637184353409079,0.2500661677826554
61374411,4630,A,A,0.2713704647451498,0.27410018885807014,0.45452934639678017
61374412,4630,A,A,0.16731964558539728,0.21632028021200922,0.6163600742025936
61786513,4724,H,H,0.6408580014957813,0.22884950136959137,0.13029249713462732
61842258,4630,H,A,0.3643452472491482,0.21186234578524069,0.42379240696561127
61842311,4629,A,A,0.33630364003952445,0.25230262435641077,0.41139373560406484
61842313,4629,A,H,0.3998588684660928,0.2819147427329915,0.3182263888009158
62188597,4629,H,A,0.3482753467526882,0.28444057281770413,0.36728408042960764
62188603,4629,A,A,0.2892375370768553,0.2982572094294888,0.4125052534936559
62523129,4634,H,H,0.6247385715447953,0.2357843498613508,0.13947707859385391
62831832,4724,A,H,0.5091692678344206,0.22112602121622763,0.2697047109493517
62831833,4724,H,A,0.2728478483892496,0.25664109371096244,0.47051105789978803
62831834,4724,H,H,0.5527905898949791,0.23953268462895336,0.20767672547606753
62831835,4634,D,H,0.47380373371168566,0.28747653131536477,0.23871973497294957
62831836,4634,D,H,0.38965336256365946,0.2961314596015867,0.31421517783475383
62831838,4724,H,H,0.5243181819791823,0.26921102680854075,0.2064707912122769
62831840,4724,D,H,0.6560550504970343,0.20080208344195175,0.14314286606101403
62831841,4634,A,A,0.27556743423735586,0.27585674997265847,0.4485758157899856
62831843,4724,D,H,0.4593954092521357,0.27311616443313214,0.26748842631473213
62831845,4724,D,A,0.30967576819394516,0.34392607626364324,0.34639815554241155
62831859,4634,H,H,0.6118428737571314,0.2301464847490432,0.15801064149382535
63079737,4634,D,A,0.13663479182554608,0.28915611170179023,0.5742090964726637
63079738,4634,D,H,0.35834688896275657,0.3135366025289601,0.32811650850828344
63079739,4634,D,H,0.35119277836671275,0.3088852509890164,0.3399219706442709
63079741,4634,H,H,0.5774619944648385,0.23908221961007656,0.18345578592508496
63079744,4634,A,H,0.5079929764721886,0.28205860645919373,0.2099484170686177
63325784,4724,A,A,0.22321398432094644,0.2608171223049538,0.5159688933740998
63902125,4724,H,H,0.4358577323445328,0.2634571493809936,0.30068511827447353
63902699,4724,A,A,0.16493410099227626,0.23774294312275743,0.5973229558849663
66611649,4634,H,H,0.496150305566397,0.25954245447384694,0.24430723995975606
66611650,4724,A,H,0.4602043310432814,0.2519086094115206,0.287887059545198
66611651,4629,A,A,0.3262424078531673,0.31312665697537206,0.36063093517146055
66611654,4634,D,H,0.4966756836827963,0.28569023802646465,0.21763407829073905
66611656,4724,H,H,0.5769886782863831,0.22881106194337616,0.19420025977024072
66611657,4675,A,H,0.48662369514935216,0.29563055088647705,0.2177457539641708
66611658,4629,H,H,0.6767350488776696,0.2082907233937455,0.114974227728585
66611660,4634,H,H,0.6858785989411554,0.2239429048987944,0.09017849616005012
66611661,4675,H,A,0.32497903780269966,0.2703588888646284,0.40466207333267196
66611664,4724,D,H,0.43597040805026116,0.3174109877325132,0.24661860421722556
66611665,4724,H,H,0.4674609042285154,0.24275048533230506,0.28978861043917964
66611666,4629,H,A,0.3232832707126837,0.29076778504772366,0.3859489442395927
66611667,4629,H,H,0.3978858514915286,0.2769914577857083,0.32512269072276306
66611668,4629,D,H,0.3850069171645802,0.23952419387405807,0.3754688889613618
66611669,4634,A,H,0.3920881710491822,0.31158864702269806,0.29632318192811974
66611670,4629,H,A,0.21357048393326117,0.2847987030387576,0.5016308130279812
66611671,4724,H,H,0.5258962506164819,0.2663304445675129,0.2077733048160052
66611674,4629,H,H,0.5256784384861998,0.22290488477599774,0.2514166767378025
66611675,4634,A,A,0.19902670148466972,0.2380183272880767,0.5629549712272535
66611676,4630,A,A,0.17551010939271827,0.28354436062128496,0.5409455299859968
66611677,4724,A,H,0.37720690526634204,0.30742158676882114,0.3153715079648369
66611685,4675,A,A,0.059473358282314176,0.18185448435742688,0.7586721573602588
66611686,4634,D,A,0.25993199203284095,0.2560940189599804,0.48397398900717853
66611687,4630,D,A,0.3423163617424047,0.21869749768805166,0.43898614056954366
66611689,4724,A,A,0.13276684808323896,0.1755429932315852,0.6916901586851757
66611694,4629,H,H,0.6224967403925321,0.21013930304825282,0.16736395655921513
66611696,4634,D,H,0.34934423915776264,0.3213560333282671,0.3292997275139703
66611737,4630,D,H,0.5583126661061033,0.23418479050413757,0.20750254338975915
66611738,4630,H,H,0.6404159468956605,0.19056242698095044,0.16902162612338917
66611739,4630,H,H,0.4986858633986925,0.20356124734190165,0.29775288925940596
66611740,4630,H,H,0.6224427822238654,0.21993625187529645,0.15762096590083816
66611741,4630,A,A,0.266328231212061,0.28580390618437596,0.4478678626035631
66611742,4675,A,A,0.15994180665984503,0.2962961575344879,0.5437620358056671
66611743,4675,A,H,0.5565046926837913,0.25526048867695467,0.18823481863925395
66611744,4675,A,A,0.18830670983715225,0.20675777153637886,0.6049355186264689
66611745,4675,H,H,0.5188840214270004,0.30129525685974473,0.17982072171325486
66611746,4675,A,A,0.2179642710896245,0.23717931329030942,0.544856415620066
66611749,4724,A,A,0.23745684229087424,0.21899920624025962,0.5435439514688661
66611753,4634,H,H,0.5680578656443377,0.2624776461589499,0.1694644881967123
66611755,4630,H,H,0.6447418488889397,0.20592375889234732,0.14933439221871295
66611770,4629,D,H,0.47011504878599764,0.28271390273622915,0.24717104847777324
66611771,4634,H,H,0.41889044664399605,0.31770989843575553,0.26339965492024836
66611774,4675,H,H,0.6943056694623119,0.20006376620872263,0.10563056432896546
66611806,4630,H,H,0.516281826813329,0.21738861665841586,0.26632955652825513
67104531,4629,D,H,0.615270611036753,0.21972850442858008,0.16500088453466705
67169860,4634,H,H,0.4634737221312259,0.27215678192224824,0.26436949594652587
67169861,4630,H,H,0.6992876097266811,0.18211949583724035,0.11859289443607855
67169862,4724,A,H,0.7751318087697918,0.17357025303407014,0.05129793819613799
67169869,4724,D,A,0.2760274312108165,0.27642026732479064,0.4475523014643928
68958085,4634,H,H,0.7424112271655477,0.1837821210258757,0.0738066518085766
68958086,4724,D,H,0.45906909149567077,0.24639453780942935,0.29453637069489996
68958088,4634,D,H,0.5195380479233194,0.25117827636808954,0.22928367570859112
68958089,4724,H,H,0.6121789012210775,0.18936311706687747,0.19845798171204504
68958090,4675,H,H,0.7750848044143646,0.16065024606979247,0.06426494951584291
68958092,4629,D,H,0.5659277064504648,0.2386101335256796,0.19546216002385558
68958094,4675,D,H,0.3890654632168095,0.23752334190104166,0.3734111948821488
68958095,4629,H,H,0.4268632166933812,0.2515106255964544,0.32162615771016445
68958096,4629,D,H,0.3607602720821289,0.29031174835286566,0.3489279795650053
68958097,4629,H,A,0.2661308163067805,0.22857780233062516,0.5052913813625944
68958098,4630,H,H,0.6544872208924419,0.18920575594872746,0.15630702315883072
68958099,4630,D,H,0.6000764778183411,0.24330943884740572,0.15661408333425328
68958102,4630,A,H,0.49577888380096696,0.26222269514774715,0.24199842105128608
68958104,4724,H,A,0.19538470397093788,0.2928904660914723,0.5117248299375899
68958111,4629,H,H,0.3630076979194035,0.28105274956794446,0.3559395525126519
68958113,4634,D,A,0.3180991358968615,0.30334771469442917,0.3785531494087094
68958114,4724,H,H,0.6331953743635766,0.2038900020166316,0.1629146236197918
68958120,4675,H,H,0.8241010515480538,0.12338813985073638,0.05251080860120981
68958122,4634,D,H,0.3436664152888808,0.3142497180110646,0.34208386670005464
68958123,4630,D,A,0.1504505886832923,0.2243418651495916,0.6252075461671162
68958125,4724,A,H,0.5205740917995493,0.2566776830285345,0.22274822517191628
68958132,4634,A,H,0.4053871434510587,0.25038633503586905,0.3442265215130722
68958144,4630,H,H,0.8206263809446825,0.12219205036779941,0.05718156868751806
68958145,4630,H,H,0.4388771611172502,0.30276198039682534,0.25836085848592444
68958146,4675,A,H,0.7285310074137509,0.16402708123014192,0.10744191135610723
68958147,4675,H,H,0.417190429291312,0.30723692096020766,0.2755726497484804
68958148,4675,H,H,0.4086858242073435,0.28475403299594093,0.30656014279671556
68958149,4675,H,H,0.5292581605481319,0.2767430830338929,0.19399875641797526
68958150,4675,H,H,0.8018576082957302,0.14436429912518506,0.05377809257908476
68958151,4724,D,A,0.3144337796154408,0.30055076901534034,0.3850154513692188
68958153,4634,A,D,0.27375497095324475,0.3924657805093737,0.3337792485373816
68958154,4630,A,H,0.45666697752531776,0.20485358263651976,0.3384794398381624
68958160,4629,A,A,0.3041465603452931,0.2651838504096359,0.4306695892450709
68958161,4634,H,H,0.6810905869293348,0.21959376084209967,0.09931565222856553
68958162,4630,A,A,0.19445425373404485,0.20649599835445967,0.5990497479114955
68958163,4724,H,H,0.5370912060402437,0.2703761911176377,0.1925326028421186
68958166,4675,D,H,0.45310932980061736,0.31813570671529456,0.22875496348408803
68958211,4629,H,H,0.5023270384029229,0.2506978259281889,0.24697513566888818
68958214,4724,D,H,0.5662981395595122,0.24526416740384635,0.18843769303664137
68958217,4629,A,A,0.24785783702299638,0.21534860524235905,0.5367935577346447
68958221,4634,H,H,0.44521906534997385,0.3002622212727904,0.2545187133772358
68958225,4629,H,H,0.5843633340815944,0.2416097807204454,0.17402688519796017
68958236,4630,A,A,0.24521268719607342,0.2153790507776913,0.5394082620262353
68958237,4634,D,A,0.3445643907237568,0.28854756371007945,0.36688804556616383
68958241,4630,H,H,0.7119759580745034,0.1889445277571961,0.09907951416830062
69438797,4634,A,H,0.34776308718682364,0.3386505988238291,0.3135863139893473
69438798,4724,H,A,0.30702215158698415,0.27328259778590286,0.41969525062711294
69438799,4724,A,A,0.15245322216461343,0.2634451628781026,0.584101614957284
70476178,4724,H,H,0.4356658688892361,0.2754545951410085,0.28887953596975546
71292545,4630,H,A,0.17028987666449427,0.21315093332685275,0.6165591900086529
71292546,4630,H,A,0.373410936778802,0.19340594465659589,0.43318311856460223
71292547,4630,H,A,0.1718773304314132,0.34364930300376473,0.48447336656482215
71292548,4630,H,H,0.8318421705809793,0.1110129645165841,0.057144864902436567
71292549,4630,D,A,0.27123818946536793,0.22437780126495055,0.5043840092696816
71292550,4630,A,A,0.27439074188940216,0.30685387613019105,0.41875538198040685
71292551,4630,H,H,0.5068984494045725,0.20865241944053736,0.2844491311548901
71292552,4630,A,H,0.40396466333642495,0.2770512922468618,0.31898404441671324
71292591,4630,D,A,0.1156721340293377,0.18648170160826824,0.697846164362394
71859274,4630,A,H,0.6524379199205806,0.18247496444012373,0.16508711563929568
71859275,4724,H,H,0.38196487584740174,0.290621480470175,0.3274136436824232
71859276,4724,H,H,0.5928268992957108,0.28201517554398253,0.12515792516030677
71859277,4634,D,H,0.6357689603466019,0.22318826189309057,0.14104277776030746
71859278,4724,A,H,0.38773005242562414,0.2610890470208863,0.35118090055348955
71859279,4629,H,H,0.5219464373206181,0.21345712795170202,0.2645964347276799
71859280,4634,A,A,0.3157807529126182,0.27195446173620524,0.41226478535117644
71859281,4724,H,H,0.5979306612171522,0.2124429941292506,0.1896263446535972
71859282,4675,H,A,0.14692291192325324,0.23738620843791663,0.6156908796388302
71859283,4629,H,H,0.5946842448581806,0.22192929295372213,0.1833864621880973
71859284,4634,H,H,0.524350671847969,0.28654881399047843,0.18910051416155246
71859285,4675,D,H,0.5001125516162646,0.2656148631980927,0.23427258518564278
71859286,4724,H,A,0.23902956428749417,0.33964011596226606,0.4213303197502398
71859287,4629,A,A,0.3138054252132029,0.30628559519588244,0.3799089795909146
71859288,4629,D,H,0.43940442852620226,0.2941674761169159,0.2664280953568818
71859289,4724,A,A,0.32949423956267004,0.27971693205973003,0.39078882837759993
71859291,4629,D,A,0.3551169221822096,0.2665254753109177,0.37835760250687267
71859292,4634,A,H,0.3959793644989818,0.25150633693709673,0.3525142985639215
71859293,4724,A,H,0.651047706299232,0.22033625448439778,0.12861603921637024
71859294,4675,A,A,0.17454368067855094,0.19247817402988118,0.6329781452915679
71859295,4634,D,A,0.29344376831667046,0.3074287006819266,0.3991275310014029
71859296,4724,A,A,0.27660569363857085,0.2001792642859609,0.5232150420754683
71859297,4629,D,H,0.34532716164461624,0.3342491635989585,0.32042367475642536
71859298,4634,H,H,0.45133797633672834,0.3052019408274753,0.24346008283579632
71859299,4675,A,A,0.2617647763703968,0.24622821650491494,0.4920070071246882
71859300,4675,D,A,0.2694767077887545,0.33281942012253535,0.39770387208871016
71859301,4675,H,A,0.0764801896137003,0.19573099841140132,0.7277888119748984
71859302,4675,D,H,0.40803604629501666,0.30176258023008584,0.2902013734748975
71859303,4675,A,A,0.32443374887536663,0.278310320984301,0.3972559301403324
71859304,4724,A,A,0.13011936364511115,0.2390820511165303,0.6307985852383585
71859305,4634,A,A,0.21760219909914097,0.27268686380034884,0.5097109371005102
71859306,4629,H,H,0.5853037903575107,0.21392314333316167,0.20077306630932762
71859307,4634,H,A,0.18947496739391614,0.2550678926823524,0.5554571399237314
71859308,4675,A,D,0.3801622756025829,0.3937035287571179,0.22613419564029918
71859327,4634,H,H,0.4900327302632989,0.2711660970513533,0.23880117268534773
72188901,4629,A,H,0.4307814916726457,0.25958757146052713,0.30963093686682713
72188905,4634,H,H,0.5416707014393655,0.274700382519203,0.18362891604143156
72188906,4629,D,A,0.34282377991747254,0.2893420449979068,0.36783417508462063
73953296,4630,D,A,0.1909010543378068,0.16966911718632363,0.6394298284758695
73953297,4630,H,H,0.4422624739827129,0.2610483222606573,0.29668920375662977
73953298,4630,H,H,0.5959374955156144,0.18695022669584074,0.21711227778854486
73953299,4630,D,H,0.7223846916318083,0.18976988406691003,0.08784542430128159
73953300,4630,H,H,0.6956482485121641,0.17223867962614337,0.13211307186169252
73953303,4630,H,A,0.086681976950046,0.21556054165006874,0.6977574813998854
73953310,4630,A,H,0.4515316170639461,0.25809956089060127,0.2903688220454525
73953311,4630,H,A,0.24079978702482424,0.23477388100545415,0.5244263319697217
73953369,4630,H,H,0.509621352527814,0.2668381151763733,0.22354053229581272
73953370,4630,H,H,0.8153113838112099,0.12900243541000708,0.055686180778782894
74415076,4634,H,H,0.6855940686369602,0.2043961085254038,0.11000982283763602
74415077,4724,H,H,0.7178414398940243,0.16136838663134975,0.120790173474626
74415078,4629,H,H,0.416813267758097,0.23930286989511135,0.3438838623467917
74415079,4675,H,H,0.7509044260634449,0.1590638854609934,0.09003168847556174
74415080,4634,D,H,0.44571223698592227,0.2856988658519048,0.26858889716217305
74415081,4724,D,A,0.3351198896650893,0.27681256095101753,0.38806754938389315
74415082,4675,D,A,0.34912207260330264,0.27151075147182324,0.3793671759248742
74415083,4629,A,H,0.5528438146586854,0.2600900058732078,0.18706617946810683
74415084,4634,H,H,0.7195237341429441,0.19393588075268753,0.08654038510436839
74415085,4675,H,H,0.8573497623813071,0.10602233293360971,0.03662790468508317
74415086,4724,D,A,0.20882339488533347,0.24080974570458,0.5503668594100866
74415087,4724,H,H,0.4481634127823122,0.2660322056935214,0.2858043815241664
74415088,4629,H,A,0.3651756685713062,0.2643053494265218,0.3705189820021721
74415089,4629,H,H,0.3786026215925621,0.26797522892110054,0.3534221494863374
74415090,4629,D,H,0.5570961408778177,0.23104227200272942,0.211861587119453
74415091,4634,D,H,0.5386840184902819,0.2546758691130403,0.20664011239667776
74415092,4629,D,H,0.5179397857661617,0.25295603359815627,0.22910418063568203
74415093,4724,A,H,0.7434973888235938,0.1857212747703382,0.07078133640606797
74415097,4629,D,A,0.2847710063929729,0.2429186717953308,0.47231032181169613
74415098,4634,H,H,0.62432880972011,0.2187704095547617,0.15690078072512836
74415099,4724,D,H,0.5240435522916239,0.2495388852714526,0.22641756243692343
74415100,4675,D,H,0.48680867956125595,0.32052784293292974,0.19266347750581442
74415101,4634,D,H,0.3974292026681406,0.3355238713968517,0.2670469259350076
74415102,4634,D,A,0.3128704614029169,0.34167692960824625,0.3454526089888369
74415103,4724,H,H,0.7297481480120285,0.18357396515251131,0.08667788683546018
74415104,4629,A,A,0.2859643955747932,0.22943654373004524,0.4845990606951615
74415105,4634,A,A,0.18483068176708842,0.30650515131728534,0.5086641669156261
74415106,4675,D,D,0.3497523777691835,0.40664394286718414,0.2436036793636324
74415107,4675,H,H,0.6534224749773438,0.18637235761068835,0.16020516741196777
74415108,4675,D,H,0.37769838010376233,0.2713209269834455,0.3509806929127921
74415109,4675,H,H,0.8917734067001795,0.08031781689568827,0.02790877640413225
74415110,4724,D,A,0.2607746356062803,0.2532644556035969,0.48596090879012266
74415111,4634,A,A,0.20568934272371925,0.26109752984230267,0.5332131274339781
74415118,4629,D,A,0.34359052509688115,0.26233112244089524,0.3940783524622235
74415119,4634,H,H,0.6476277235065646,0.22435278952299542,0.12801948697043994
74415120,4724,H,H,0.506944589210982,0.2513024659181238,0.2417529448708943
74415121,4675,H,H,0.40776866079246704,0.29356651286842955,0.2986648263391035
74415122,4724,D,H,0.6171540746637691,0.23611542511059144,0.14673050022563938
78218351,4629,H,H,0.5993194937331644,0.1876617208019632,0.21301878546487238
78218352,4634,H,H,0.43693591935528736,0.3129518776105812,0.25011220303413145
78218353,4675,A,A,0.03702959737303337,0.12722211839844152,0.8357482842285251
78483704,4629,D,A,0.34171242675752234,0.2614876761600198,0.3967998970824578
78483708,4675,A,A,0.302056312296627,0.22598410507413483,0.4719595826292382
78483709,4634,H,H,0.6616097724757684,0.2240034057085606,0.114386821815671
78483710,4724,A,H,0.4028115828411902,0.21661295541912504,0.3805754617396848
78483711,4629,A,A,0.3241117295764986,0.30110732862559975,0.37478094179790167
78483716,4634,D,H,0.49488408479478657,0.2940233093009734,0.21109260590424003
78483717,4630,A,H,0.3722731467459063,0.338083359776914,0.2896434934771797
78483718,4630,A,A,0.2764709806025549,0.2382882853634772,0.4852407340339678
78483719,4630,H,H,0.5540416238768117,0.19684238576003946,0.24911599036314888
78483720,4630,A,A,0.19069714438684673,0.2536253838674165,0.5556774717457367
78483721,4675,A,A,0.15323139802488694,0.19930445722511203,0.647464144750001
78483722,4675,H,A,0.13991680158158804,0.21908846405388543,0.6409947343645266
78483723,4675,D,H,0.5246269801323323,0.30142554996313364,0.17394746990453405
78483724,4675,D,A,0.23918392905451719,0.3559663335644166,0.40484973738106617
78483725,4675,H,H,0.4865355429828019,0.28022835914113464,0.2332360978760635
78483726,4724,H,A,0.20087583867251488,0.32097036621180136,0.4781537951156839
78483727,4634,D,A,0.26052391321777313,0.25633203011262706,0.48314405666959986
78483728,4630,D,H,0.44478431618266256,0.19362866922452898,0.3615870145928084
78483732,4724,H,H,0.42519928037060445,0.24863880018516157,0.32616191944423406
78483733,4634,H,H,0.7420953505169607,0.17391353289393607,0.08399111658910324
78483734,4630,A,A,0.2491376483214657,0.21072592458448827,0.5401364270940461
78483753,4630,H,A,0.34664913759890154,0.23647176271230955,0.416879099688789
79034384,4724,D,A,0.31381921725383727,0.22360361325596798,0.4625771694901946
79034385,4629,A,A,0.22662600782802655,0.28898609657135976,0.4843878956006138
79034387,4634,A,A,0.15325602691006399,0.23106065227626765,0.6156833208136683
79034388,4724,H,H,0.6512238533265203,0.22011241060543388,0.12866373606804585
79034389,4675,D,H,0.6234957844017398,0.2619830161315656,0.11452119946669462
79034390,4630,A,H,0.4706839358767858,0.257911219995951,0.2714048441272631
79034392,4634,H,H,0.532096481690678,0.2607389969127889,0.20716452139653316
79034395,4724,H,H,0.4293018329477824,0.28872044610959385,0.28197772094262386
79034396,4724,A,A,0.23889403028028444,0.31571246045699564,0.4453935092627198
79034397,4629,A,H,0.4309274228753707,0.2547650768956971,0.31430750022893206
79034398,4629,D,H,0.40716290171544256,0.29176382152700336,0.30107327675755396
79034399,4629,A,H,0.41476543700311513,0.3016326771549433,0.2836018858419416
79034400,4630,A,H,0.3886230751692237,0.22563728111090828,0.3857396437198681
79034404,4634,H,H,0.4360214791421266,0.30248135629284195,0.2614971645650314
79034405,4629,H,H,0.5996702258810886,0.20978923307720707,0.19054054104170426
79034406,4724,D,A,0.22779930365377343,0.31408163134464145,0.4581190650015851
79034419,4629,H,H,0.3885694495900628,0.25501547080919323,0.35641507960074403
79034420,4675,D,H,0.4880317450374212,0.32747680107369465,0.18449145388888416
79034430,4634,H,H,0.48168872009166397,0.2910291051013348,0.22728217480700125
79566591,4634,D,H,0.5540914436770753,0.24752612023552747,0.1983824360873972
79566592,4630,H,A,0.325463561038293,0.28365244420697266,0.39088399475473423
79566593,4724,H,H,0.5025767978271559,0.2558537450119122,0.24156945716093195
79566624,4724,D,A,0.2847715572176883,0.28727595573524056,0.4279524870470712
80501659,4634,H,H,0.41778740740838644,0.29641423398619937,0.28579835860541425
80501660,4724,A,A,0.3235258683147223,0.24357255939546008,0.43290157228981757
80501661,4675,A,H,0.45067374891881445,0.3468260790920558,0.20250017198912965
80501664,4629,H,H,0.48071084603592396,0.2780022373291124,0.2412869166349636
80798817,4634,H,H,0.7814737188680506,0.1537679519421874,0.0647583291897619
80798819,4675,H,H,0.7283990927953786,0.17244438433581685,0.09915652286880454
80798823,4629,H,A,0.27642923824810645,0.27128416593370736,0.4522865958181862
80798836,4634,D,A,0.24099145183595533,0.3074081030953617,0.45160044506868297
80798837,4630,H,H,0.6856852180792965,0.17569040530608787,0.1386243766146156
80798838,4724,H,H,0.49860767108762455,0.24298144045636869,0.2584108884560067
80798846,4675,H,H,0.7274816994512233,0.178530132496333,0.09398816805244357
80798847,4630,A,H,0.3950670250394854,0.27324573390329726,0.33168724105721736
80798848,4724,H,H,0.5584038591883488,0.2662318116026955,0.1753643292089558
80798852,4629,H,H,0.5980694249264725,0.24169879066682398,0.16023178440670352
80798859,4634,H,H,0.5324804694688334,0.26691945505888826,0.2006000754722784
80798873,4630,H,H,0.42455465846465584,0.31548882805524037,0.25995651348010385
80798874,4630,H,H,0.5475833558474137,0.25831624386806895,0.19410040028451736
80798875,4630,H,H,0.6993251738792376,0.16362995684664589,0.1370448692741165
80798876,4675,H,H,0.3686347042782366,0.2915247822871533,0.3398405134346102
80798877,4675,H,H,0.3704021643524306,0.27588741659113936,0.3537104190564299
80798878,4675,H,H,0.8595575353563131,0.10945131039288007,0.030991154250806795
80798880,4724,D,H,0.5850989856764623,0.2606367924449509,0.15426422187858663
80798886,4634,H,H,0.6558398777284792,0.2224086392287459,0.12175148304277487
81259723,4675,D,H,0.7528585327490852,0.13851891741795766,0.10862254983295702
81259725,4634,H,H,0.4310483256106917,0.23869521970222984,0.33025645468707837
81259726,4724,A,A,0.3411190364005019,0.21827134476128884,0.4406096188382092
81259727,4629,H,H,0.4072995735945458,0.23662962141643595,0.35607080498901816
81259728,4675,H,H,0.3630960057182583,0.27497448269164254,0.3619295115900993
81259731,4634,D,H,0.4721266735842699,0.2799699891861395,0.24790333722959051
81259732,4724,A,A,0.252100559695437,0.2739005334638113,0.4739989068407517
81259735,4630,D,H,0.5597210192245005,0.17087519514175628,0.2694037856337433
81259736,4629,H,H,0.553943499380718,0.2511766361858684,0.1948798644334136
81259744,4634,D,A,0.23567360464503215,0.34764888616262346,0.41667750919234436
81259746,4675,A,H,0.3975364968488304,0.3076430450263853,0.2948204581247843
81259750,4724,D,H,0.4443965392965232,0.278938069629923,0.2766653910735537
81259751,4724,H,H,0.6530030998905699,0.22391649472798017,0.12308040538144979
81259752,4629,H,H,0.4900454217186719,0.27984278579645777,0.23011179248487032
81259753,4629,H,H,0.5494194680673008,0.23503730307044307,0.2155432288622561
81259754,4629,D,H,0.4628588473871512,0.2557287514303447,0.2814124011825042
81259756,4630,D,H,0.49874814428627556,0.23358950900966408,0.26766234670406036
81259757,4630,H,H,0.7478758155691028,0.14758737662201948,0.10453680780887784
81259758,4630,H,A,0.29522313974998343,0.24051740409430072,0.46425945615571595
81259759,4630,D,A,0.1476898343994214,0.24298136183652927,0.6093288037640492
81259769,4634,D,H,0.49335460381380875,0.2808580480345741,0.22578734815161722
81259773,4629,A,A,0.15708248805112413,0.19438916566502604,0.6485283462838498
81259775,4724,D,A,0.30517163881335363,0.275355740864977,0.4194726203216695
81727361,4634,D,H,0.4727962687758238,0.2914784237237993,0.23572530750037687
81727362,4724,H,A,0.26151680194315163,0.26297749560878825,0.47550570244806006
83382237,4675,D,H,0.40087452301051274,0.3643138127968288,0.2348116641926585
83382238,4675,D,A,0.3648714789431214,0.21026269618678392,0.4248658248700947
83382239,4675,A,A,0.3177853364548645,0.2297386437051299,0.4524760198400057
83382240,4675,H,H,0.535215901067182,0.29100012254194585,0.1737839763908722
83382241,4675,H,H,0.3451300325645424,0.3374223662256439,0.31744760120981375
83382242,4675,A,H,0.4032053809341152,0.3138167569934922,0.2829778620723926
83382243,4675,H,A,0.10998047614353017,0.15242898246192896,0.7375905413945408
83382244,4675,H,A,0.21951293098721622,0.34897057137094917,0.4315164976418347
83382245,4675,H,H,0.5724544841816215,0.282252018510307,0.14529349730807148
83450120,4634,A,H,0.4138899020236598,0.26420637276449593,0.32190372521184424
83450121,4724,D,H,0.46391488877396464,0.25071053749115557,0.2853745737348797
83450122,4629,A,A,0.35369064116813564,0.27634109017899894,0.3699682686528653
83450123,4634,D,H,0.37795539360564123,0.30778137487352164,0.3142632315208372
83450124,4724,A,A,0.19723766991440728,0.28414289810954757,0.5186194319760452
83450125,4629,H,A,0.30663463506839833,0.2827832675332901,0.41058209739831153
83450127,4724,H,H,0.45641312673138773,0.2698962232206617,0.2736906500479506
83450128,4629,A,A,0.27808196632246157,0.273466147569782,0.4484518861077563
83450129,4629,D,A,0.21564624678887565,0.2745546420133566,0.5097991111977677
83450130,4629,H,H,0.365153997329457,0.2868814713721062,0.3479645312984368
83450131,4634,H,H,0.77855356494482,0.1653332591687123,0.05611317588646766
83450132,4629,H,H,0.538872423589554,0.2268891620980711,0.23423841431237485
83450133,4724,D,H,0.40460489832289614,0.3170783168904391,0.2783167847866648
83450134,4629,H,H,0.7263898928937552,0.1643271221393446,0.10928298496690018
83450135,4634,H,H,0.39924283733993843,0.2864600183939809,0.31429714426608063
83450136,4724,H,H,0.7749123534874501,0.15247779286629182,0.07260985364625815
83450137,4634,A,A,0.26810438026149314,0.30157233653448495,0.43032328320402197
83450138,4724,H,A,0.32130016707770676,0.2588887525941764,0.419811080328117
83450139,4629,A,A,0.3079974638693054,0.24349041385496978,0.4485121222757248
83450140,4634,D,A,0.2677958051959992,0.24330165555082378,0.48890253925317695
83450141,4724,D,A,0.2575370218566035,0.2932680457634374,0.4491949323799591
83450142,4634,A,H,0.38445006192883735,0.30870211984823837,0.30684781822292434
83450143,4629,D,A,0.3067764811900286,0.3046477417428539,0.3885757770671176
83450144,4634,H,H,0.525550944305695,0.26048440607593054,0.2139646496183744
83450145,4724,H,H,0.4461413680172313,0.2430379549968663,0.3108206769859025
83450146,4630,A,H,0.488112603087685,0.23548761726204273,0.2763997796502722
83450147,4630,H,A,0.19975292742620407,0.20539146235475053,0.5948556102190454
83450148,4630,H,H,0.4070924930823475,0.22412563576520741,0.36878187115244504
83450149,4630,H,A,0.379476353680681,0.19120585417422692,0.4293177921450921
83450150,4630,A,H,0.48470839337829225,0.28409820918529266,0.2311933974364151
83450151,4630,A,A,0.06103760601062577,0.20088047572705775,0.7380819182623165
83450152,4630,H,H,0.389211962616551,0.24639406996649946,0.3643939674169495
83450153,4630,H,H,0.46967881593934274,0.24328734970807012,0.28703383435258717
83450154,4630,A,A,0.1495354133262096,0.19391080741045855,0.6565537792633319
83450155,4630,H,H,0.5029826024837967,0.2746393570730823,0.22237804044312107
83855525,4634,D,H,0.46417602852547896,0.3026959508210504,0.23312802065347063
83855526,4724,H,A,0.29651390413867335,0.32362492504316753,0.3798611708181592
83855528,4724,D,A,0.2633096640659351,0.28660847295040964,0.4500818629836553
84969967,4630,A,A,0.1520313430841999,0.19264748567887713,0.655321171236923
84970504,4630,D,H,0.6008284066182389,0.25132423348334426,0.14784735989841688
84970510,4630,A,H,0.5629054533575419,0.2493835173728951,0.18771102926956296
84970512,4630,H,A,0.14888432454006803,0.2771647366453858,0.5739509388145463
84970516,4630,D,H,0.5713369022151781,0.21551030004302899,0.21315279774179297
84971007,4630,H,H,0.45320486190117754,0.18601767862592236,0.36077745947290013
85359967,4630,H,H,0.4164552818947986,0.22394829507139272,0.3595964230338086
85359968,4630,H,A,0.3605044080084721,0.2589941562086833,0.38050143578284473
85359969,4630,A,A,0.13535730547003427,0.17868230488230305,0.6859603896476626
85360261,4630,H,A,0.3037854316374347,0.21015356623258746,0.4860610021299779
85402270,4675,H,H,0.6060716555409581,0.20984049731557403,0.18408784714346785
85402271,4675,A,H,0.39298645114100283,0.301634793916051,0.3053787549429462
85402272,4675,D,H,0.38469442712790636,0.2371134654784159,0.37819210739367776
85402273,4675,H,H,0.49301701319510516,0.3087134857171788,0.19826950108771602
85402274,4675,A,H,0.4416971349545996,0.30050008494340247,0.257802780101998
85402275,4675,D,H,0.47362623118009506,0.29463152852927005,0.23174224029063492
85402278,4675,H,H,0.6645607676599148,0.16468752334347211,0.17075170899661304
85402295,4675,H,H,0.6831499023902996,0.16183048884564138,0.15501960876405904
85402299,4675,H,H,0.5027334994547917,0.31029394553317263,0.1869725550120357
85459650,4629,D,A,0.21783091574306848,0.2015886345258135,0.5805804497311181
85459651,4634,D,H,0.579882320935453,0.25665065350648913,0.16346702555805784
85459652,4634,D,A,0.3007245648706489,0.28607484799605465,0.4132005871332963
85459653,4724,H,H,0.4579358184093573,0.319184941131475,0.22287924045916768
85459654,4724,H,H,0.6594364163208406,0.21341302739222145,0.12715055628693792
85459655,4629,A,H,0.370814952830114,0.2760840645282213,0.3531009826416647
85459656,4629,H,H,0.5105669307891372,0.223150161541968,0.2662829076688948
85459657,4634,A,H,0.5154191374420302,0.2661720160913262,0.2184088464666436
85459658,4629,H,A,0.2508673719172911,0.2590639309721384,0.49006869711057055
85459659,4634,H,A,0.3411608535980249,0.25392329522122375,0.4049158511807513
85459660,4634,H,H,0.7578922905060411,0.15513603821256658,0.08697167128139242
85459661,4724,A,A,0.1646093924169761,0.18375316624326488,0.651637441339759
85459662,4724,H,H,0.3858829028312618,0.2612149997160458,0.3529020974526923
85459663,4629,H,H,0.5984339996892908,0.24311926828464142,0.15844673202606774
85459664,4634,D,H,0.5161033795713735,0.26828910846216597,0.21560751196646044
85459665,4724,D,A,0.3268989879895107,0.31553326284087957,0.3575677491696097
85459666,4724,H,H,0.5979736656694856,0.22756843416441994,0.17445790016609444
85459667,4629,A,A,0.33579084488444444,0.281061955127832,0.3831471999877236
85459668,4629,A,H,0.3822597029234676,0.30953576530467725,0.3082045317718551
85459669,4629,D,H,0.3771803978000957,0.2524808386037912,0.37033876359611306
85459670,4634,D,H,0.34206313178640047,0.33790190545370663,0.32003496275989296
85459671,4724,H,H,0.4679686401469797,0.25860077818068783,0.2734305816723325
85459672,4724,H,H,0.372254101689385,0.29755414163262506,0.33019175667799
85459673,4634,H,H,0.4531132367636032,0.3201464515995768,0.22674031163682004
85459674,4629,A,H,0.6364569174051977,0.23516299589577286,0.12838008669902942
85459675,4634,H,H,0.3844485628045888,0.3056151131380427,0.3099363240573686
85459676,4724,D,A,0.25345139044092024,0.2537974769893747,0.49275113256970504
85823939,4724,H,H,0.6342470691736058,0.24052305016568837,0.12522988066070584
86067470,4634,H,H,0.6514294938301864,0.2343340712970565,0.114236434872757
86506310,4630,D,H,0.6509143048005711,0.1974022165404091,0.15168347865901968
86506312,4630,H,H,0.4038123350671288,0.29092817921406194,0.3052594857188093
86506313,4630,A,A,0.3020705584601891,0.22636628529676706,0.47156315624304385
86506314,4630,H,H,0.6217848885426073,0.18272884602588055,0.19548626543151215
86506316,4630,H,H,0.5217146677603292,0.23481055461165531,0.24347477762801556
86506317,4630,D,H,0.6777577209534624,0.16947364025187853,0.15276863879465902
86506318,4630,H,H,0.6660541129620097,0.23068023259089807,0.10326565444709224
86506320,4630,A,A,0.18853392078373077,0.2113914829022665,0.6000745963140026
86506322,4630,A,A,0.2705869532109578,0.27487543820859833,0.45453760858044384
86853538,4630,D,A,0.3267935485587833,0.246936892834321,0.42626955860689575
87198544,4630,D,H,0.4749148498340572,0.19102499394343936,0.33406015622250346
87198545,4630,H,H,0.4611685817886256,0.2500991709574663,0.288732247253908
87198546,4630,A,A,0.3313740425746653,0.33191426092114173,0.33671169650419297
87198547,4630,H,A,0.19540097351474006,0.20848758033736242,0.5961114461478975
87198548,4630,A,H,0.5484005304137618,0.2632677414795158,0.18833172810672233
87198549,4630,H,H,0.4201727836012635,0.27795304823601635,0.30187416816272017
87198550,4630,D,H,0.8042093039779482,0.14738276646034654,0.04840792956170523
87198551,4675,H,H,0.3956968727024473,0.32201643555158255,0.2822866917459702
87198552,4675,H,H,0.603264028446332,0.24555217661474413,0.1511837949389239
87198553,4675,A,A,0.12150358678011168,0.1787291454085001,0.6997672678113882
87198554,4675,H,H,0.5116001833512963,0.24995600857875663,0.2384438080699471
87198555,4675,H,H,0.7882379867796119,0.15270322431573857,0.05905878890464945
87198556,4675,H,D,0.36658817172422675,0.3768140072196697,0.25659782105610357
87198557,4634,A,H,0.3765781811422645,0.29473414197133513,0.3286876768864004
87198558,4634,D,H,0.6016742508439873,0.24429696077717636,0.15402878837883638
87198559,4675,D,H,0.5969512082046661,0.27589341766867415,0.12715537412665984
87198560,4675,D,H,0.6163798772373585,0.25345753022651407,0.13016259253612744
87198561,4634,A,H,0.44394680426044314,0.27071082097747523,0.2853423747620815
87198562,4675,D,A,0.22727911629271635,0.23436376317719618,0.5383571205300874
87198564,4630,H,A,0.37053716445996293,0.2213828583697629,0.4080799771702743
87247092,4724,A,A,0.3413852100115218,0.28106913387315363,0.37754565611532465
87247093,4629,H,H,0.7665052259060404,0.15382051351916604,0.07967426057479353
87247094,4724,A,H,0.3549325637050647,0.3130364212909429,0.33203101500399246
87247095,4629,H,A,0.24641628209621633,0.2815801572580433,0.4720035606457403
87247096,4634,H,H,0.6414275056283969,0.26040306800144697,0.09816942637015622
87247097,4724,H,H,0.4338144511540589,0.22588421366199787,0.34030133518394323
87247098,4724,H,H,0.7673597265614355,0.14548095550362886,0.08715931793493577
87247099,4724,H,H,0.37350877396969295,0.30027001846119566,0.3262212075691113
87247100,4724,D,H,0.5069359872755324,0.26023142013523165,0.232832592589236
87247101,4724,H,H,0.46691453573953545,0.22251689819191223,0.31056856606855243
87247102,4724,A,A,0.24491121796795576,0.26618500057964134,0.48890378145240293
87247103,4724,D,A,0.13105961519983492,0.2790030173449699,0.5899373674551952
87247104,4724,A,A,0.2569530849435262,0.29479949524301485,0.448247419813459
87247105,4634,A,A,0.14046368101888845,0.2262618958956493,0.6332744230854622
87247106,4634,H,H,0.43124846128583033,0.3064088174690978,0.2623427212450718
87247107,4634,D,A,0.22851743732081412,0.3065030552926141,0.4649795073865717
87247108,4634,D,A,0.28278491592585114,0.24702578892762997,0.470189295146519
87247109,4634,H,H,0.41377277682959934,0.34359259816595544,0.24263462500444535
87247110,4634,H,H,0.5294816595407935,0.2593470355477756,0.21117130491143088
87247111,4629,H,H,0.561580363492905,0.23654199891477465,0.20187763759232027
87247112,4629,D,A,0.3382447795780883,0.2828462711095106,0.378908949312401
87247113,4629,H,H,0.39449911054122844,0.2847244455515007,0.3207764439072709
87247114,4629,H,H,0.3866665417666242,0.27698887403084615,0.3363445842025297
87247115,4629,H,H,0.39096498724719864,0.29936273800157104,0.30967227475123027
87247116,4629,A,A,0.2435193191928799,0.24081460714366207,0.515666073663458
87505929,4634,D,A,0.19701053282547487,0.28191325337281575,0.5210762138017093
87546521,4629,A,A,0.310969636885681,0.27660980091334525,0.41242056220097373
88204418,4630,H,H,0.730145653740875,0.15726665550712893,0.11258769075199612
88697568,4630,A,H,0.6144749886460419,0.19970929590074346,0.18581571545321462
88697569,4630,H,A,0.32968759729117714,0.23436562649489692,0.43594677621392586
88697570,4630,A,A,0.2786617476117363,0.19163944387796825,0.5296988085102955
88697571,4630,H,H,0.5722005337773419,0.22075465393127836,0.20704481229137964
88697572,4630,A,H,0.5064908391427302,0.23346805445447236,0.2600411064027974
88697573,4630,H,A,0.2280697728188688,0.2308953449466235,0.5410348822345077
88697574,4630,A,A,0.1502477209277533,0.19340150408965912,0.6563507749825875
88697576,4630,A,A,0.3150630886164884,0.32372125929070333,0.36121565209280815
88697577,4630,H,H,0.40965749755547826,0.26371055617554984,0.3266319462689719
88697578,4630,A,H,0.7069979573088319,0.16684406239950372,0.12615798029166442
88969409,4724,H,H,0.4187535621121881,0.2576116119518219,0.3236348259359899
88969410,4724,H,H,0.5629148662554706,0.24137435933473103,0.1957107744097984
88969411,4724,A,H,0.5084867401270392,0.29280757153751064,0.19870568833545013
88969412,4724,H,A,0.20958545190517547,0.2808564323169294,0.5095581157778951
88969413,4724,D,H,0.47400433665250424,0.3045456266756094,0.2214500366718863
88969414,4724,H,H,0.5451156870507713,0.2468207092798542,0.20806360366937454
88969415,4724,H,H,0.46928319485662195,0.2608481591395743,0.2698686460038038
88969416,4724,D,A,0.10126151863709457,0.17229224599075718,0.7264462353721481
88969417,4724,D,H,0.5069259524952914,0.24931670210755777,0.2437573453971508
88969418,4724,H,H,0.4985613862976393,0.26196860761318314,0.2394700060891776
89117066,4634,H,H,0.52114173554197,0.2764605407573236,0.20239772370070647
89117068,4634,D,H,0.6315783528002887,0.22850925923645082,0.1399123879632604
89117069,4634,A,H,0.5479217638394622,0.2592122885267896,0.19286594763374817
89260692,4634,H,H,0.5120627790431117,0.21911631470578813,0.2688209062511002
89260694,4634,H,H,0.7493783795342722,0.17736305146684866,0.07325856899887905
89260695,4634,H,A,0.3436388818684827,0.31201531208993777,0.34434580604157955
89260699,4634,H,D,0.34312245244621625,0.36342239672328086,0.29345515083050305
89404832,4634,A,A,0.3676950845732552,0.25385675117026557,0.37844816425647915
89404835,4634,A,A,0.2825502601398142,0.2805989834183708,0.436850756441815
89404836,4634,H,H,0.5051717055985792,0.33656704059767456,0.1582612538037463
89587259,4630,A,A,0.31377445521826486,0.24165134171078187,0.4445742030709532
89587322,4630,H,H,0.6860076457791531,0.20912589816892438,0.10486645605192264
89587323,4630,H,A,0.3703734626024079,0.23397503285318,0.39565150454441206
89587324,4630,H,H,0.8107653787009125,0.14132797780399858,0.04790664349508897
89587325,4630,H,H,0.4052981655266823,0.2619145997574309,0.33278723471588667
89587614,4630,H,A,0.3365257860413109,0.284314068106852,0.3791601458518371
89744205,4630,H,A,0.24839929641968672,0.1996787598454096,0.5519219437349038
89744206,4630,H,H,0.47141117343959443,0.2876527514273715,0.24093607513303403
89755839,4724,D,H,0.42757463163274545,0.24556769925517846,0.32685766911207603
89755840,4724,A,A,0.15539119573031662,0.2583517786011516,0.5862570256685318
89755842,4724,A,A,0.29546510448906743,0.31077153308375444,0.3937633624271782
89755843,4724,H,A,0.35127051650094715,0.2430245926269173,0.40570489087213557
89755844,4724,A,A,0.2106719775739974,0.2466699070150899,0.5426581154109126
89755846,4724,H,A,0.30482083500918405,0.3041572284015232,0.3910219365892927
89755847,4724,D,H,0.47621275056929685,0.28655365588181525,0.23723359354888787
89755848,4724,A,H,0.3959888815757091,0.26380941078284714,0.34020170764144375
89755849,4724,H,H,0.7768196266715466,0.14587205174681073,0.07730832158164282
89755850,4724,D,H,0.48998698427091114,0.2791286573269304,0.2308843584021584
89755851,4630,D,H,0.43135489921402587,0.2528878494134863,0.3157572513724878
89755852,4630,H,H,0.612022654638492,0.15259870341430737,0.23537864194720057
90150696,4629,D,H,0.5405797488584486,0.24771020964934445,0.2117100414922069
90150697,4634,A,H,0.5012181210563814,0.2812769365431724,0.2175049424004462
90150699,4675,H,H,0.792974094620673,0.1312442125547405,0.07578169282458648
90229724,4675,D,H,0.4803293449545956,0.25620173498270316,0.2634689200627013
90229731,4629,H,A,0.3112097187103174,0.25123358811646185,0.43755669317322077
90229735,4634,H,H,0.5833848653446864,0.2723182853059886,0.14429684934932493
90229746,4675,A,A,0.21249588190068622,0.2792288000263516,0.5082753180729623
90229749,4634,H,H,0.5172925537986164,0.2499918063922416,0.23271563980914195
90229750,4630,A,A,0.2480208762720134,0.1992260316575907,0.552753092070396
90229752,4629,A,H,0.5237007250184336,0.24512995765203444,0.23116931732953205
90229755,4634,D,H,0.4448513536774261,0.32259178064722455,0.23255686567534928
90229767,4675,A,A,0.12790081675625775,0.1873348967501168,0.6847642864936254
90229768,4675,D,H,0.36909698353908954,0.3395705719853225,0.291332444475588
90229769,4675,D,H,0.5983888133255179,0.2659062995114116,0.13570488716307055
90229770,4675,A,H,0.622214218011316,0.18424567990894747,0.19354010207973651
90229779,4634,H,H,0.5341674347091213,0.2593269009846995,0.2065056643061791
90229780,4630,H,H,0.5747867018073982,0.2214703455503785,0.20374295264222334
90352271,4630,D,A,0.3119252739332199,0.23080672027781052,0.4572680057889696
90352273,4724,A,A,0.16429674181984052,0.20379172546008126,0.6319115327200782
90352274,4724,H,H,0.5401847674474868,0.2745864858510783,0.1852287467014349
90352285,4724,D,A,0.33935733748159513,0.2891026008239596,0.37154006169444526
90352290,4724,H,H,0.4616783876598562,0.23449589318334418,0.30382571915679957
90352291,4629,A,A,0.19499838179108658,0.1967783559808779,0.6082232622280355
90352296,4724,D,H,0.5637734326573841,0.24166353731457987,0.19456303002803596
90352297,4675,H,A,0.29077480316599347,0.25731735016185125,0.45190784667215544
90352298,4629,H,H,0.4460957430423009,0.29412369751451833,0.25978055944318074
90352304,4634,A,A,0.3279816619318771,0.30606793190536724,0.36595040616275565
90352305,4675,D,H,0.4072727745903414,0.3046617164933599,0.2880655089162987
90352308,4724,H,H,0.5714308794817555,0.2760794880956098,0.15248963242263477
90352309,4724,H,A,0.31116444203234367,0.2665287465820215,0.4223068113856349
90352310,4629,H,H,0.5806004492012374,0.21901574685528374,0.20038380394347888
90352311,4629,A,H,0.4205518423949833,0.26795653935639663,0.3114916182486201
90352312,4629,A,H,0.4772126727941179,0.2697113813163072,0.2530759458895748
90352313,4630,D,A,0.28662988276607504,0.22886604744068906,0.48450406979323585
90352317,4634,D,A,0.11924338941948281,0.23233994549770123,0.6484166650828159
90352318,4629,H,H,0.6116279017297968,0.21570395519469004,0.17266814307551326
90352320,4724,H,H,0.48382306998129054,0.2628932170826067,0.25328371293610263
90450275,4724,H,H,0.5518066770447109,0.23927232262303913,0.20892100033224995
90450277,4630,D,H,0.4022914728487316,0.2705587278676636,0.32714979928360477
90559695,4724,H,H,0.6021294819260166,0.23200384141251057,0.16586667666147287
92627898,4675,D,H,0.4425941559451405,0.30799318393712416,0.24941266011773539
92990950,4634,H,H,0.505756562198459,0.28728653093651246,0.20695690686502852
94360868,4675,A,A,0.31615662922084536,0.20215358896311908,0.48168978181603556
94360869,4630,H,H,0.6204451060241879,0.19647935629379787,0.18307553768201432
94360874,4634,A,A,0.3035447032859197,0.288261848927071,0.40819344778700933
94360880,4634,H,A,0.3134854706153009,0.27819644772085755,0.40831808166384165
94360881,4630,H,H,0.4526651141025223,0.26704001123680055,0.28029487466067715
94360887,4634,A,A,0.20693393740096608,0.2571171870675388,0.5359488755314952
94360889,4675,D,A,0.20033697415214408,0.27386587346725455,0.5257971523806012
94360890,4675,D,H,0.49682162192304324,0.2754316060288063,0.22774677204815041
94360891,4675,H,A,0.22912813417261477,0.24711038119209075,0.5237614846352946
94360892,4675,A,A,0.25045901904890683,0.27019390757915684,0.47934707337193644
94360893,4675,H,H,0.5085527067494412,0.2412517412152009,0.25019555203535787
94360897,4634,A,H,0.36920609470019533,0.28978370192897196,0.34101020337083265
94638448,4634,H,H,0.683177337390301,0.19573483459950805,0.12108782801019112
94638450,4634,A,A,0.3532418318759478,0.26038886810902195,0.3863693000150302
94638453,4675,A,H,0.5416067100304659,0.2581761554500834,0.2002171345194507
94638454,4630,A,A,0.24978705876168272,0.20301894232658957,0.5471939989117277
94638458,4634,H,H,0.7866354150581987,0.16884157428933377,0.04452301065246757
94638462,4675,A,H,0.8445660601177142,0.11444037576403725,0.04099356411824847
94638464,4630,D,A,0.16946669458358574,0.26706243900247656,0.5634708664139377
94638468,4634,H,H,0.4080500766907809,0.2990134310422375,0.29293649226698154
94678160,4724,A,A,0.2450496551831483,0.24444955547623126,0.5105007893406205
94678161,4724,A,A,0.26648531112258217,0.33437376640902566,0.3991409224683921
94678162,4724,H,A,0.3401284486951342,0.26190231213980636,0.39796923916505933
94678163,4724,H,D,0.320664075372335,0.3560794738043011,0.3232564508233638
94678164,4724,A,A,0.20988004157431825,0.2653530122774232,0.5247669461482586
94678165,4724,H,H,0.5686233748816588,0.23632492069906202,0.1950517044192792
94907114,4634,D,H,0.3844843990786984,0.3598497278238899,0.2556658730974118
94907115,4630,D,H,0.4622573553321921,0.254545118217821,0.28319752644998697
95530892,4629,A,A,0.31904980317720116,0.2880582205878978,0.3928919762349011
95697293,4629,D,H,0.37961466402735805,0.2533434342467523,0.3670419017258896
95697296,4629,H,H,0.5562225293759565,0.23149524818622558,0.21228222243781794
96032296,4675,D,H,0.7542047927266075,0.15263178141764697,0.09316342585574564
96032297,4675,H,H,0.6381639504745983,0.24119892827034467,0.12063712125505707
96032299,4629,D,H,0.6436564383359058,0.187668235571438,0.16867532609265615
96032302,4675,H,H,0.6548008891108734,0.2248072005498247,0.12039191033930197
96032303,4629,A,A,0.30280177287749066,0.28292348097622505,0.4142747461462843
96032304,4675,H,H,0.4766275326974865,0.33216488625179746,0.191207581050716
96032305,4629,D,H,0.49611080851794126,0.27888721081740087,0.2250019806646579
96032306,4629,D,A,0.3161621556263073,0.3194076049278939,0.36443023944579894
96032307,4629,D,A,0.24961270687439818,0.2933695666853366,0.45701772644026517
96032309,4629,D,A,0.25695467801407357,0.2659356619982065,0.47710965998772
96348848,4675,H,H,0.3941839698744622,0.22808370870330216,0.3777323214222357
96348849,4675,A,A,0.14199974926357417,0.19156828672561696,0.6664319640108087
96348850,4675,H,H,0.45627711145790883,0.2921321291184332,0.251590759423658
96348851,4675,D,H,0.44218479188408316,0.33576313281568165,0.22205207530023519
96348852,4675,D,H,0.60829138432756,0.2525847831542456,0.1391238325181943
96387280,4724,H,H,0.38632025736169656,0.3172312633300162,0.29644847930828716
96387281,4634,D,H,0.3867497522754619,0.3392818541103835,0.2739683936141547
96387282,4634,A,H,0.6260649290727128,0.24344021373003674,0.13049485719725054
96387283,4724,A,A,0.28513909835929335,0.2996503733639077,0.41521052827679894
96387284,4724,H,H,0.48226263162128463,0.24503625878814939,0.27270110959056587
96387285,4634,A,H,0.3657078104208964,0.2902124742576835,0.3440797153214201
96387286,4724,D,H,0.7230593203961795,0.19201991348711306,0.08492076611670746
96387287,4724,H,H,0.6163080836880286,0.2183903403454519,0.16530157596651948
96387288,4634,D,H,0.6291298983128536,0.22065528222528108,0.1502148194618652
96387289,4724,A,A,0.18514248998127306,0.1936861475879617,0.6211713624307653
96387290,4724,D,H,0.5672004040346759,0.21335876681238422,0.21944082915293983
96387291,4724,D,H,0.43344608250148553,0.2691374696122446,0.29741644788627
96387292,4724,D,H,0.5005279966772751,0.25649955726129364,0.24297244606143126
96545570,4634,H,H,0.5326793434610598,0.30661094883863976,0.1607097077003004
96545571,4724,A,A,0.21861914547537228,0.26671853964763065,0.5146623148769971
96545572,4634,D,A,0.19104090059708775,0.27688455113030624,0.532074548272606
96545573,4634,A,A,0.24996766652615648,0.22694833700353825,0.5230839964703051
96545574,4634,H,H,0.49800761076073463,0.29534654068164423,0.20664584855762122
96545575,4634,A,A,0.1767051283639061,0.2466507007810883,0.5766441708550056
96545576,4634,A,A,0.3125468892303222,0.3259039833819463,0.3615491273877314
96545577,4630,A,H,0.5011101756990765,0.1906005503785555,0.30828927392236793
96545578,4630,H,H,0.5057236067616316,0.3096279827612742,0.18464841047709418
96545580,4630,H,A,0.28487063765767034,0.25931000571235424,0.4558193566299754
96545581,4630,D,H,0.47765928074028996,0.22343175456774217,0.29890896469196787
96545582,4630,A,A,0.16892001411272978,0.2025741651581674,0.6285058207291028
96735889,4630,H,H,0.6775373095081916,0.16474623871757282,0.15771645177423563
96735891,4630,H,H,0.7706350194326455,0.1601784223210437,0.06918655824631097
96735892,4630,H,H,0.6051616007478985,0.19316720205144264,0.20167119720065876
96910291,4630,A,H,0.4690628739477665,0.24121396556401087,0.28972316048822266
96910292,4630,D,H,0.5323383056197614,0.24317510269072198,0.22448659168951657
97226251,4634,H,H,0.5501875523902178,0.28378757874508903,0.16602486886469328
97226252,4634,H,H,0.6209096837724063,0.24016872199635578,0.1389215942312379
97226253,4634,A,A,0.21775484411297236,0.24201136783049637,0.5402337880565312
97569935,4675,H,H,0.6370668359553849,0.24695238304208927,0.11598078100252575
97569937,4675,D,H,0.42927577874042716,0.26426022366886165,0.3064639975907111
97569942,4675,H,A,0.23473622901123076,0.2771022199330129,0.48816155105575637
97569943,4675,D,A,0.30818634832823016,0.27536342184703105,0.41645022982473884
97911321,4724,H,H,0.5758284852830892,0.2673254811819308,0.15684603353498003
97911322,4634,D,H,0.6437072834805786,0.19398504720315993,0.16230766931626145
97911323,4724,H,H,0.579966702952593,0.18615577564698976,0.23387752140041726
97911324,4629,H,A,0.2542967140956564,0.2829138692132069,0.46278941669113666
97911326,4634,D,H,0.42882509683943976,0.2814338416356331,0.2897410615249271
97911327,4724,H,H,0.5574275950939402,0.24080094022450887,0.20177146468155086
97911328,4630,H,A,0.31902268164112596,0.18763591615787026,0.4933414022010038
97911329,4629,D,H,0.5324645761908456,0.20559612066353322,0.26193930314562114
97911331,4634,D,A,0.27440298107863764,0.2954597158493723,0.4301373030719901
97911333,4724,H,H,0.4724229532443742,0.2727952214322234,0.25478182532340227
97911334,4629,A,H,0.5115269422352479,0.25416668734820874,0.23430637041654342
97911335,4629,A,H,0.5307309083727502,0.25171947145621165,0.21754962017103818
97911336,4629,H,H,0.6183226952590253,0.22040469300880422,0.1612726117321705
97911337,4630,H,A,0.29103538286592884,0.2847029112245474,0.4242617059095238
97911338,4630,A,H,0.4148994401406026,0.2876267294989349,0.2974738303604626
97911339,4630,D,H,0.5218081172562141,0.2354963449894692,0.24269553775431668
97911340,4634,D,H,0.46512445234061167,0.31770278898853566,0.21717275867085267
97911341,4629,D,H,0.4633916554147341,0.26600252914369255,0.27060581544157336
97911342,4724,D,H,0.591766466961682,0.24832104244537334,0.1599124905929446
97911343,4629,A,A,0.2358160460542846,0.27201863545085764,0.49216531849485784
97911344,4634,D,H,0.5659297521017596,0.22562473955506993,0.20844550834317055
97911345,4724,H,H,0.5336951203315841,0.24956373386399983,0.21674114580441617
97911346,4634,A,A,0.3311474869068251,0.2695234615770146,0.3993290515161602
97911347,4630,A,A,0.10349279708140699,0.19547550822991713,0.701031694688676
97911348,4724,A,A,0.16770657280940454,0.27193176502893324,0.5603616621616622
97911349,4629,H,H,0.46946825144002574,0.27921467505577474,0.2513170735041995
97911350,4634,A,H,0.4699155705060217,0.2972899275718266,0.23279450192215176
97911351,4630,D,H,0.5154168246785241,0.26809262426267655,0.21649055105879936
97911352,4630,D,A,0.32822498931241817,0.2540767593145832,0.4176982513729987
97911353,4630,H,H,0.5524130545833486,0.23166175711490825,0.21592518830174318
97911354,4675,A,A,0.07771123591146686,0.1707391992188685,0.7515495648696646
97911355,4675,D,H,0.4250558384519122,0.2969573236043419,0.27798683794374585
97911356,4675,A,H,0.36358437217935424,0.29907749625810587,0.3373381315625399
97911357,4675,A,A,0.29100959586838276,0.23555723024635733,0.47343317388525996
97911358,4675,H,H,0.7412570225793519,0.17057064486972132,0.08817233255092675
97911359,4724,D,H,0.4434853037969306,0.2767257681140612,0.2797889280890082
97911360,4724,D,A,0.3048787110941979,0.30795698364237734,0.3871643052634247
97911361,4634,H,H,0.6061955547998751,0.2836075328515814,0.11019691234854354
97911362,4630,D,A,0.2959232182979932,0.21744686416378967,0.486629917538217
97911363,4629,A,A,0.15057470817148488,0.20006640382842902,0.6493588880000862
97911364,4634,H,H,0.6783468487491243,0.2044348486319854,0.11721830261889027
97911365,4724,H,A,0.2881933444280911,0.2754746712819409,0.4363319842899679
97911366,4634,A,H,0.45824278390472284,0.2804842060340778,0.2612730100611994
97911367,4630,A,A,0.17072045989950912,0.203553946821077,0.6257255932794139
99654835,4634,D,A,0.13410924914446595,0.2554575847882636,0.6104331660672704
99654836,4724,A,H,0.6650901654335545,0.19088502000720345,0.14402481455924215
99654837,4634,D,H,0.6504075712382118,0.26118360480155856,0.08840882396022968
99654838,4724,H,H,0.5565989694284894,0.23249119924821315,0.2109098313232974
99654839,4629,A,H,0.379766774922725,0.24275985541788428,0.37747336965939066
99654841,4634,H,A,0.22869257230088433,0.28543514345221477,0.48587228424690077
99654842,4724,A,A,0.2745550656730852,0.26844922800374954,0.45699570632316533
99654843,4675,D,H,0.5426101570007493,0.2933070737715511,0.16408276922769954
99654844,4629,A,H,0.40727140061350003,0.32499501917927504,0.26773358020722493
99654845,4634,H,H,0.4528295760171176,0.29750537900094465,0.2496650449819377
99654846,4675,H,H,0.6884552452746158,0.21725901417919838,0.09428574054618599
99654847,4724,D,H,0.380621196221307,0.31666855393572163,0.3027102498429713
99654848,4724,H,H,0.5275390952530261,0.2464382413111395,0.2260226634358343
99654849,4629,D,A,0.14316078690110867,0.27436082445014986,0.5824783886487415
99654850,4629,H,A,0.2662204262803891,0.31061025019240224,0.42316932352720854
99654851,4629,A,H,0.4267042090737803,0.29657456605963467,0.2767212248665849
99654853,4634,H,H,0.4760156013136765,0.3008543037141387,0.2231300949721848
99654854,4629,A,A,0.34404352818040906,0.29843577708946756,0.3575206947301234
99654855,4724,H,H,0.5631105485632311,0.23867949461584045,0.19820995682092843
99654857,4629,H,H,0.5814432942584759,0.19097320704958579,0.22758349869193834
99654858,4634,H,H,0.44813886384087237,0.28867660632569747,0.26318452983343016
99654859,4724,D,A,0.3300478477966401,0.3009055323864019,0.3690466198169581
99654860,4675,H,H,0.49374346119017226,0.17332943391623584,0.3329271048935919
99654861,4634,H,H,0.4824417797110529,0.2341380247310886,0.2834201955578584
99654862,4724,A,A,0.20026869185658847,0.20149684502299625,0.5982344631204153
99654863,4629,H,H,0.5205073935121648,0.2524787414253811,0.22701386506245405
99654864,4634,A,H,0.5908482547353975,0.24750032702032632,0.16165141824427612
99654865,4675,D,A,0.25066535842143634,0.2251195459029144,0.5242150956756493
99654866,4675,A,H,0.466373130496104,0.30799970471182525,0.2256271647920709
99654867,4675,D,H,0.6272263544777106,0.25973821157143817,0.11303543395085126
99654868,4675,D,H,0.6254233668863446,0.24693332693559264,0.12764330617806277
99654869,4675,H,H,0.39327557159453386,0.3020724278724029,0.3046520005330633
99654870,4724,A,A,0.23812945000078464,0.3100624959809366,0.4518080540182788
99654871,4634,D,H,0.4352141383598454,0.31512859284131867,0.24965726879883596
99654873,4629,D,H,0.5893737737245015,0.21617726621366362,0.19444896006183493
99654874,4634,A,H,0.3574653175027369,0.2931878707104736,0.3493468117867895
99654875,4724,A,H,0.38131134552017026,0.3338145534505665,0.2848741010292632
99654876,4675,H,H,0.658304506196277,0.1979628335961705,0.1437326602075524
100477631,4630,A,A,0.26852615465474694,0.22047676482795323,0.5109970805172999
100477632,4630,H,H,0.7384065932236755,0.16978547783206827,0.09180792894425617
100477633,4630,H,H,0.6451994817066821,0.1935109759555905,0.1612895423377274
100477634,4630,A,A,0.32923537126956276,0.28950823452475005,0.38125639420568724
100477635,4630,H,H,0.5045628135643208,0.23269199529032503,0.26274519114535416
100477636,4630,A,H,0.5575219641778879,0.2158469273000719,0.22663110852204013
100477637,4630,A,A,0.2538019803359139,0.19468162275946294,0.5515163969046232
100477638,4630,A,H,0.5265583389246565,0.21428137634884561,0.2591602847264979
100477639,4630,A,H,0.6161467251090579,0.24459558862768288,0.1392576862632592
100477640,4630,H,H,0.45233759805180873,0.25121936131240014,0.29644304063579113
101118597,4630,A,A,0.34558311822832327,0.251977809034816,0.4024390727368607
101118599,4630,A,A,0.16476684126210078,0.25948127967286894,0.5757518790650303
101118602,4630,D,H,0.682087675101586,0.17707375372106526,0.14083857117734871
101118607,4630,A,H,0.5112457294724323,0.23315959521658855,0.2555946753109792
101118608,4630,H,A,0.34901786446031385,0.262064619454887,0.3889175160847992
101118609,4630,D,H,0.4622377790975687,0.26726445095728196,0.2704977699451494
101118610,4630,A,A,0.29374187748138514,0.2105289400340987,0.4957291824845162
101118611,4630,A,A,0.09068896926424645,0.16849246151743327,0.7408185692183205
101118613,4630,A,A,0.16743511940162298,0.19642266510528794,0.6361422154930891
101515916,4724,H,A,0.2061918629488016,0.26973219934126225,0.5240759377099362
101515917,4629,H,H,0.45152390182302854,0.21480591515155778,0.3336701830254136
101515918,4724,A,A,0.21625955573882374,0.28829171217529515,0.4954487320858812
101515919,4675,H,A,0.15179038716311827,0.18520788576412717,0.6630017270727547
101515920,4629,D,A,0.3031549082661493,0.2753331241390929,0.4215119675947578
101515921,4675,D,A,0.3386187218544939,0.28525343213388626,0.3761278460116199
101515922,4724,D,H,0.5211118276281779,0.27254850425624877,0.20633966811557336
101515923,4724,D,A,0.230194603732708,0.24964416529556455,0.5201612309717273
101515924,4629,H,H,0.4157913469023396,0.28162108083874343,0.302587572258917
101515925,4629,A,H,0.545016469619916,0.25477047054016916,0.2002130598399148
101515926,4629,H,H,0.6075526971284361,0.24473185477383363,0.14771544809773024
101515927,4629,A,H,0.4951397213210525,0.2796968601785758,0.22516341850037178
101515928,4724,A,A,0.34722858178453064,0.25334882827673944,0.39942258993873003
101515929,4629,A,A,0.12074203245000503,0.18612723761741368,0.6931307299325813
101515930,4724,H,H,0.6876316525493005,0.19518028211063249,0.11718806534006711
101515931,4675,H,H,0.5837673384451727,0.24852429802082082,0.16770836353400656
101515932,4724,D,A,0.1917282464404033,0.21742571091499158,0.5908460426446052
101515933,4629,H,H,0.5384474456004676,0.22152598489248515,0.2400265695070472
101515934,4675,A,A,0.15476640863164146,0.22333336813776086,0.6219002232305977
101515935,4675,A,A,0.16903804134489206,0.19446656812824634,0.6364953905268618
101515936,4675,A,H,0.5074708390678709,0.30262824378404823,0.18990091714808077
101515937,4675,H,H,0.3508002136376193,0.305547861344764,0.34365192501761677
101515938,4675,D,A,0.23423049146607727,0.26937446595572,0.4963950425782029
101515939,4724,D,H,0.43521533362274206,0.2980231363795192,0.26676152999773867
101515940,4724,H,H,0.8249515912499964,0.12863617079677733,0.046412237953226236
101515941,4629,H,A,0.31883718917830123,0.25705406657536034,0.42410874424633854
101515942,4675,A,A,0.2961956991565571,0.33810056706429487,0.36570373377914805
101515943,4724,H,H,0.5785583418977436,0.218467315792665,0.20297434230959144
101515944,4724,H,A,0.3575326801973262,0.23851125867169026,0.4039560611309835
101515948,4630,D,H,0.5786291123608007,0.20794539628007247,0.21342549135912678
101750691,4634,H,H,0.43674069159642454,0.22018589821144297,0.34307341019213244
101750693,4634,D,H,0.5145563186526052,0.29766313422206647,0.18778054712532835
101750694,4634,A,A,0.3079931363853026,0.29038127670850106,0.40162558690619626
101750695,4634,D,H,0.4215657217754451,0.36548732273686063,0.2129469554876943
101750696,4634,D,A,0.12663920908279597,0.2149618060883628,0.6583989848288412
101750697,4634,A,A,0.28497073130206824,0.2470238846883835,0.46800538400954833
101750698,4634,H,H,0.5331824430456272,0.28161746243512276,0.18520009451924999
101750699,4634,H,H,0.5470120902035663,0.2582621716176556,0.1947257381787781
101750700,4634,D,H,0.34999933256262317,0.31783391723839294,0.33216675019898384
101750712,4634,D,H,0.5258570256808631,0.28018959973878355,0.1939533745803534
102977692,4630,H,H,0.6066216637667214,0.16393209578424267,0.22944624044903578
102977693,4630,A,A,0.158531303510157,0.1908462615306847,0.6506224349591582
102977694,4630,A,H,0.4352042233808572,0.27729547808737814,0.28750029853176473
102977695,4630,H,H,0.4964377147695979,0.2941276180179196,0.20943466721248258
102977696,4630,D,H,0.5046263565561018,0.23528601737604193,0.2600876260678563
102977697,4630,H,H,0.6093832563089903,0.20317707883025146,0.18743966486075825
102977703,4630,H,H,0.6868549923823366,0.21631675698434139,0.09682825063332204
102977706,4630,H,H,0.6986910478624937,0.17275135270995223,0.1285575994275541
103372503,4634,H,H,0.6667432968895463,0.21503113316622277,0.11822556994423092
103372504,4630,H,H,0.40999682557500694,0.2630115533648685,0.32699162106012464
103372505,4724,H,A,0.3674344610233643,0.2543540894811711,0.3782114494954646
103372506,4724,H,H,0.4810813131762951,0.2648133075736901,0.2541053792500149
103372507,4634,H,H,0.7286407211784264,0.1842972098397941,0.08706206898177961
103372508,4724,D,A,0.32563397497871194,0.26186919969321365,0.41249682532807436
103372509,4629,H,H,0.5301362875867305,0.21920814411065379,0.25065556830261576
103372510,4675,H,H,0.42211803754432076,0.290330811332782,0.2875511511228973
103372511,4634,D,H,0.441296998997589,0.31136348958861737,0.24733951141379365
103372512,4724,A,A,0.06931252735145674,0.17252702780990045,0.7581604448386429
103372513,4675,A,H,0.6377474416768115,0.20091479917302035,0.16133775915016815
103372514,4629,D,H,0.6387588668338272,0.20564293667385153,0.15559819649232126
103372515,4634,H,A,0.274826768856131,0.2753202695060147,0.4498529616378544
103372516,4675,D,H,0.5345163634395186,0.26814173674895997,0.19734189981152148
103372517,4724,D,A,0.22904143050663578,0.309121942941781,0.46183662655158314
103372518,4629,A,A,0.3485124941116022,0.28239168907170703,0.36909581681669074
103372519,4629,D,H,0.620405549667234,0.23047421659665124,0.1491202337361148
103372520,4629,H,A,0.22735359231320112,0.26876610667940437,0.5038803010073944
103372521,4634,D,H,0.3537761191718123,0.31461425585879316,0.33160962496939456
103372522,4629,A,H,0.4225096880061438,0.23033231889388764,0.34715799309996853
103372523,4724,H,H,0.7052575214893054,0.18359242836826503,0.11115005014242955
103372524,4629,A,A,0.22300654608024487,0.25734638514470437,0.5196470687750507
103372525,4634,D,A,0.13846475240045275,0.24638285626708478,0.6151523913324625
103372526,4724,H,H,0.4517605185506835,0.29429351539765386,0.2539459660516628
103372527,4675,H,H,0.5413744746594912,0.20962298695287926,0.2490025383876296
103372528,4634,D,H,0.4792949257400752,0.28204550547431695,0.23865956878560773
103372529,4724,A,A,0.27736222208088546,0.31020475389399216,0.4124330240251224
103372530,4629,A,H,0.4162776643041194,0.3233679818384851,0.26035435385739547
103372531,4634,H,H,0.5572574446280114,0.2654691776962984,0.17727337767569012
103372532,4675,D,H,0.722124399281574,0.19924880833732198,0.07862679238110407
103372533,4675,D,H,0.6343359571984135,0.2607377597507866,0.10492628305079992
103372534,4675,H,H,0.49227325760491386,0.2969496307474877,0.21077711164759846
103372535,4675,D,H,0.3843625571694686,0.31724982817038444,0.2983876146601469
103372536,4724,A,D,0.349938958900152,0.3764043827825811,0.27365665831726693
103372537,4634,A,A,0.2420414221402271,0.3294199651393969,0.42853861272037597
103372538,4629,A,A,0.32048030794442495,0.3199246877143622,0.3595950043412127
103372539,4634,A,H,0.5525803361899478,0.28139617875172485,0.16602348505832729
103372540,4724,H,H,0.546556244408473,0.25616342245948115,0.19728033313204602
103372541,4675,H,H,0.825640297897517,0.13050020011744773,0.04385950198503535
103372542,4724,A,H,0.41844641547429884,0.24830624792375763,0.33324733660194356
104036583,4630,H,H,0.38680090615641444,0.22647159292522942,0.3867275009183561
104988750,4630,H,H,0.6351478370747277,0.19478657037387598,0.17006559255139633
104988751,4630,H,H,0.7001053375628563,0.16715532034519406,0.13273934209194962
104988752,4630,A,A,0.22824644220651277,0.3169300106033773,0.4548235471901099
104988753,4630,A,A,0.2021815383915482,0.2068218183437305,0.5909966432647213
104988754,4630,A,A,0.14283972829159694,0.16815941993595326,0.6890008517724499
104988755,4630,H,H,0.4121603973391241,0.2624802376955276,0.32535936496534834
104988756,4630,H,A,0.28848316969512955,0.25788517834161484,0.4536316519632557
104988757,4630,A,H,0.3984504698412103,0.2433653194888396,0.35818421066995015
104988758,4630,D,A,0.3302757649121386,0.27142148759600226,0.398302747491859
105462393,4630,A,A,0.0547557396531176,0.1692143956671395,0.7760298646797429
105462394,4724,H,H,0.7745079689846138,0.138736007662012,0.0867560233533741
105462395,4634,D,H,0.37539971351760343,0.2551110627604412,0.36948922372195536
105462396,4724,H,A,0.2726676818363761,0.2170792456204757,0.5102530725431482
105462397,4629,A,A,0.33288679953262673,0.28151540068837116,0.38559779977900205
105462398,4634,H,A,0.22523939170774107,0.25601639780790447,0.5187442104843545
105462399,4724,A,H,0.4560528195195955,0.24033335485019078,0.30361382563021366
105462400,4675,H,H,0.4422549279816871,0.30239109834776506,0.2553539736705479
105462401,4629,A,H,0.5429913384310743,0.2799999339585364,0.17700872761038933
105462402,4634,H,H,0.5790085177029928,0.23951016209795795,0.1814813201990492
105462403,4675,A,A,0.09611595290805973,0.18159513318967252,0.7222889139022677
105462404,4724,D,H,0.43397203130401174,0.30421202468802927,0.261815944007959
105462405,4724,A,H,0.45432623561469726,0.2934324893865168,0.25224127499878585
105462406,4629,H,H,0.6194805358740662,0.1883345486405658,0.192184915485368
105462407,4629,D,H,0.4070174650253565,0.25847326726328324,0.33450926771136014
105462408,4629,A,H,0.4850595086112408,0.2811397057369355,0.23380078565182383
105462409,4634,H,H,0.47019138034788543,0.34242109573821594,0.1873875239138987
105462410,4629,H,A,0.3378878627462218,0.2592835008609024,0.4028286363928758
105462411,4724,H,H,0.49891958152748145,0.26610568625734116,0.23497473221517734
105462415,4629,A,A,0.18751998053038113,0.251076181134994,0.5614038383346248
105462416,4634,D,A,0.2174989217203326,0.23180699871034005,0.5506940795693274
105462417,4724,D,A,0.362185481391936,0.2510504976630759,0.386764020944988
105462418,4675,A,A,0.2439073676735584,0.2539418307768907,0.5021508015495509
105462419,4634,D,H,0.4513153545437905,0.2727108207864697,0.2759738246697397
105462420,4724,A,A,0.30195418689441644,0.27703547773087694,0.42101033537470656
105462421,4629,A,A,0.3078355072584588,0.2386418811399013,0.45352261160163987
105462422,4634,D,H,0.4353153415375597,0.3235697925838087,0.24111486587863165
105462423,4675,A,H,0.3610092282309304,0.30971086112209284,0.32927991064697676
105462424,4675,A,H,0.3910331564104713,0.25076033161373484,0.3582065119757938
105462425,4675,A,A,0.22298995477143346,0.24830821227192504,0.5287018329566415
105462426,4675,D,A,0.33372769078781234,0.31108940077765884,0.3551829084345289
105462427,4675,A,A,0.23686495806392024,0.2672463351398378,0.495888706796242
105462428,4724,D,H,0.5736259667286282,0.2661115020294368,0.1602625312419351
105462429,4634,H,H,0.3867045603391836,0.28119539577623837,0.3321000438845781
105462432,4629,D,A,0.19926220655698987,0.21198772481032735,0.5887500686326828
105462433,4634,H,H,0.5212442864109226,0.3155769016783898,0.16317881191068756
105462434,4724,A,A,0.31460262376002035,0.23153733722826014,0.4538600390117195
105462435,4675,D,A,0.1555634990395293,0.1989917314661544,0.6454447694943164
105462438,4724,H,H,0.5942856761052969,0.19360557485918337,0.2121087490355197
105462439,4724,A,A,0.23437220800452246,0.2948328707671572,0.47079492122832045
105462443,4634,H,H,0.4514884781157986,0.2984468943147678,0.25006462756943365
106903882,4675,H,H,0.7944992968070643,0.13778740976764114,0.06771329342529456
106903883,4675,H,H,0.4785254358496828,0.27942737403992357,0.24204719011039375
106903884,4630,D,H,0.47233209559004236,0.18418512034847762,0.34348278406148003
106903885,4675,A,H,0.3696061559913673,0.30484035528412334,0.32555348872450934
106903886,4630,D,H,0.6017635702578545,0.24633967732780113,0.1518967524143443
106903887,4630,H,H,0.5195356012016676,0.23635376249585435,0.24411063630247798
106903888,4630,A,H,0.4394800058336544,0.219899570672163,0.3406204234941826
106903889,4630,H,H,0.8050781494089541,0.10699768624452645,0.08792416434651945
106903890,4630,H,H,0.4798244268156034,0.26062154940676263,0.259554023777634
106903891,4630,D,H,0.415663497931426,0.25914831583085124,0.3251881862377229
106903892,4630,D,H,0.6949649371032808,0.20750131817007839,0.09753374472664086
106903893,4675,H,H,0.4657865945314831,0.2759791874040106,0.25823421806450636
106903894,4675,D,H,0.580861660181977,0.26562634811486324,0.15351199170315974
106903895,4675,H,H,0.7694178965106959,0.17678723557732343,0.053794867911980605
106903896,4675,H,H,0.7373063806367764,0.18929183356789314,0.0734017857953305
106903897,4630,H,H,0.5630925541548644,0.21643710769524066,0.22047033814989503
106903898,4675,H,H,0.6632156813322171,0.23892286115664746,0.09786145751113542
107396010,4634,D,D,0.3281722859465679,0.3393660803022073,0.33246163375122495
107396011,4634,A,H,0.42996362355538453,0.32166210397044803,0.2483742724741674
107396012,4634,H,H,0.6818467710992981,0.20507405605236148,0.11307917284834032
107396013,4634,A,A,0.2807408171969894,0.28440722677401936,0.4348519560289913
107396014,4629,H,H,0.4463099239299378,0.286678354837356,0.2670117212327061
107396015,4629,H,H,0.4452538820142131,0.2769048966427554,0.2778412213430315
107396016,4634,H,H,0.5135503374938172,0.2659508088385525,0.22049885366763025
107396017,4629,D,H,0.6768341861966787,0.18207383122577328,0.14109198257754813
107396018,4634,H,H,0.6055734312892306,0.24861857104740334,0.14580799766336605
107396019,4675,A,A,0.3186716693593877,0.2586610460916017,0.4226672845490107
107396020,4634,A,A,0.21909754749355595,0.2849235654111723,0.49597888709527177
107396021,4634,H,A,0.14192302164624349,0.2546177863704098,0.6034591919833467
107396022,4634,H,H,0.5225392611969726,0.254906378071475,0.2225543607315525
107396023,4634,H,H,0.6983903426817007,0.19394548224466834,0.10766417507363096
107396024,4630,H,A,0.3552178536286724,0.2293854675874418,0.41539667878388586
107396025,4724,A,A,0.21001933094955585,0.18959016105340423,0.60039050799704
107456180,4629,A,A,0.2575970800427508,0.2722388729869913,0.47016404697025815
107701020,4724,A,H,0.51908077957241,0.27622054165047466,0.20469867877711553
107701021,4724,D,A,0.3217046609994555,0.2545258722973981,0.42376946670314647
107701022,4724,H,H,0.6295949522080828,0.2444528682601415,0.1259521795317757
107701023,4724,A,D,0.30486680021099755,0.3493998052447052,0.34573339454429713
107701024,4724,D,H,0.46232846091905216,0.24648939225698555,0.2911821468239623
107701025,4724,A,H,0.4236575610421264,0.27674456063984104,0.29959787831803253
107701026,4724,H,H,0.3481874343811441,0.3147183767661623,0.33709418885269365
107701027,4724,H,H,0.4529426630880502,0.33792007714698535,0.20913725976496433
107701029,4724,D,H,0.39437007654544187,0.2208579414420966,0.38477198201246154
107991856,4629,D,H,0.43279243905826753,0.25469103881118976,0.3125165221305427
107991857,4629,A,H,0.4175338933566657,0.3406613444559227,0.24180476218741156
107991867,4630,H,H,0.4437259842122383,0.24107567200324226,0.3151983437845194
107991871,4629,H,H,0.6618723471406319,0.20514903798976866,0.13297861486959933
107991872,4629,H,A,0.3030072391475496,0.25821587049244865,0.43877689036000167
107991873,4629,A,H,0.48339863691856605,0.24189829901838905,0.2747030640630449
109292214,4675,H,H,0.5568696023819341,0.21478653425304445,0.2283438633650215
109292215,4675,A,A,0.12870458017152953,0.20681952612151122,0.6644758937069593
109292216,4630,D,A,0.28497115910484444,0.23733014335999375,0.4776986975351618
109292218,4675,A,A,0.19271312404420515,0.24597729360509613,0.5613095823506987
109292219,4630,H,A,0.25460376678533675,0.22346493242457027,0.521931300790093
109292220,4630,D,H,0.43104017880411416,0.25585591776050154,0.3131039034353842
109292221,4630,H,A,0.2823760234096524,0.27808737183642346,0.43953660475392414
109292223,4675,A,A,0.2844444504096818,0.27350542033445635,0.44205012925586196
109292224,4675,A,A,0.06891762978404238,0.1615339587402306,0.7695484114757268
109292225,4675,D,H,0.40968798149297253,0.3037915098648213,0.2865205086422062
109292226,4675,A,H,0.36624369487813074,0.3142326936897742,0.31952361143209507
109834363,4634,A,H,0.39656447680253903,0.2563151502564633,0.3471203729409976
109834364,4629,A,A,0.1514750860776349,0.2034640702966768,0.6450608436256883
109834365,4634,H,A,0.3135853742818198,0.29345429302222087,0.3929603326959595
109834366,4634,A,H,0.5187978943240745,0.3385974380844052,0.14260466759152018
109834367,4629,H,H,0.3861759679538671,0.23977487832164565,0.37404915372448727
109834368,4634,H,H,0.39450842149334786,0.3020147859869426,0.3034767925197096
109834369,4629,H,H,0.5029868846362037,0.28592622861088796,0.21108688675290843
109834370,4629,H,A,0.29273109867825886,0.27922626561485936,0.4280426357068816
109834371,4629,D,H,0.5362712960361057,0.28294287649364164,0.18078582747025262
109834372,4634,A,H,0.48427654449943663,0.29523878428602224,0.22048467121454113
109834373,4629,D,H,0.517382942413715,0.19260588022324376,0.2900111773630413
109834374,4634,H,H,0.562443484575336,0.25555754649452517,0.18199896893013884
109834375,4634,H,A,0.22962236174065623,0.25650514220383813,0.5138724960555057
109834376,4724,A,A,0.33885215658118956,0.30858942039495113,0.35255842302385926
109834377,4629,A,H,0.3796738655340393,0.27650077555160224,0.34382535891435856
109834378,4634,A,A,0.17261391004634463,0.22923266927886343,0.5981534206747919
109834379,4675,H,H,0.3977193569184312,0.3345198618637001,0.2677607812178688
109834380,4675,H,A,0.3318481063908325,0.3055406331084393,0.3626112605007282
109834381,4634,H,H,0.4908508524215132,0.3322275100762113,0.1769216375022755
109834382,4629,A,H,0.41793030895222255,0.31921209640588205,0.26285759464189545
109834383,4634,H,H,0.5591110849866076,0.2809707988688202,0.15991811614457224
110164295,4724,D,H,0.7086837679948607,0.161546729096334,0.1297695029088053
110164296,4724,H,H,0.683834248358034,0.19940450075118407,0.11676125089078193
110164297,4724,A,H,0.5720131496279396,0.21305835842837956,0.21492849194368077
110164298,4724,A,A,0.24699353495578882,0.25076847481567804,0.5022379902285331
110164299,4629,A,H,0.4750609810990307,0.20587645297557686,0.31906256592539256
110164300,4724,A,A,0.263110465824207,0.276177068337232,0.46071246583856096
110164301,4724,A,A,0.34915126385159106,0.27392568572873466,0.37692305041967417
110164302,4724,H,H,0.45713235754695614,0.32839828643473573,0.2144693560183081
110164303,4724,A,A,0.24857793010552923,0.25409750783472146,0.49732456205974934
110164304,4724,D,H,0.5570256136343749,0.21742305851494953,0.22555132785067558
110919358,4630,H,H,0.7635432656271356,0.11674694494370354,0.11970978942916083
110919359,4630,H,A,0.2712871694990222,0.2295449453879967,0.4991678851129812
110919361,4630,H,H,0.6606703489053742,0.2249740173134696,0.1143556337811561
110919363,4630,A,H,0.37896260552907324,0.2774401179188497,0.34359727655207717
111217220,4630,A,A,0.20624558169396678,0.18922042296506836,0.6045339953409649
111217228,4630,H,A,0.13859068434640207,0.1944618250157495,0.6669474906378484
113581745,4629,H,H,0.4635269197208216,0.2281559832868156,0.3083170969923628
113581746,4634,H,H,0.42909309717944544,0.349575509076452,0.2213313937441026
113891820,4630,D,A,0.33733161729638944,0.24599361555495713,0.41667476714865326
113891821,4724,A,A,0.32783584840408286,0.23709089630634497,0.4350732552895721
113891822,4675,A,H,0.5138358669730609,0.22298561612825343,0.2631785168986856
113891823,4630,H,H,0.5263525663275588,0.23647008060760222,0.237177353064839
113891824,4629,A,A,0.2415469183245531,0.26725844327392545,0.49119463840152144
113891825,4630,H,H,0.6680892469006396,0.1854532338341825,0.14645751926517792
113891826,4630,D,A,0.15124078136032076,0.3070871472454941,0.5416720713941852
113891827,4630,D,H,0.44204618619044567,0.25125413760123383,0.30669967620832045
113891828,4630,H,H,0.45424744419088225,0.24456566704600047,0.30118688876311717
113891829,4675,A,H,0.5412348679469913,0.2389924788603344,0.21977265319267428
113891830,4675,D,H,0.5424566713456846,0.28796054767971346,0.16958278097460183
113891831,4675,H,H,0.7851150689964913,0.14574463338380686,0.06914029761970193
113891832,4675,D,H,0.7831785783722451,0.15753945268490394,0.05928196894285089
113891834,4724,D,H,0.5135803620502621,0.26013990234429835,0.22627973560543954
113891835,4630,H,H,0.5444665889070904,0.23343981373446154,0.22209359735844808
113891836,4724,H,H,0.47238596074474176,0.26142203169270817,0.2661920075625502
113891837,4634,D,H,0.544698128907135,0.26097308418352977,0.19432878690933533
113891838,4724,H,A,0.3318666998328546,0.23160624336497115,0.4365270568021743
113891839,4629,D,H,0.3714195942832687,0.3010134903059095,0.3275669154108218
113891841,4634,H,H,0.7188875896108985,0.1608280439922781,0.12028436639682343
113891847,4634,A,A,0.3245818333188573,0.33325179373624286,0.3421663729448998
113891848,4630,D,H,0.6400835689380435,0.22257878677997892,0.13733764428197756
113891849,4675,A,H,0.47692721926533627,0.2727909061906531,0.25028187454401063
113891851,4634,A,H,0.43424056201444855,0.3033313138325754,0.26242812415297606
113891852,4724,A,A,0.32307686215123327,0.22036469646634627,0.4565584413824206
114502448,4634,H,H,0.597750044092673,0.20221907708676556,0.20003087882056136
114502449,4675,D,H,0.7119491529090488,0.17994519026508715,0.10810565682586411
114502450,4630,D,A,0.31752217767878005,0.1884141469761959,0.49406367534502404
114502451,4629,H,A,0.22543222040036373,0.2709103520163717,0.5036574275832646
114502452,4634,H,H,0.5620828417076528,0.22382394393715024,0.21409321435519701
114502453,4675,D,H,0.6893531023459882,0.19717772869912473,0.11346916895488711
114502454,4629,A,H,0.4910721091923885,0.25455720359812684,0.25437068720948475
114502455,4629,A,A,0.2973708561625332,0.3233379897503247,0.3792911540871421
114502456,4630,H,H,0.672513275589054,0.16326826534931696,0.164218459061629
114502457,4629,A,A,0.2542118319966813,0.2614779071914704,0.4843102608118483
114502459,4629,A,H,0.5742341544583469,0.23987222267243324,0.18589362286921987
114502460,4675,D,H,0.530715238776285,0.3158066490676033,0.15347811215611173
114502461,4629,A,A,0.22532786492955195,0.19525135690488704,0.579420778165561
114502464,4634,A,H,0.4224439028552115,0.2605810190522227,0.3169750780925658
114502478,4634,D,H,0.4659417022920706,0.3112431247931148,0.22281517291481456
115046296,4634,A,A,0.34675811529893086,0.2659772215619589,0.3872646631391103
115046297,4724,H,H,0.8195443646896716,0.1244529905487674,0.056002644761561
115046306,4724,D,D,0.3302278591419604,0.3444184128153803,0.32535372804265933
115046308,4724,H,H,0.775788244827706,0.16198942393729282,0.06222233123500108
115046356,4724,D,H,0.3954592408691411,0.3073462855333545,0.2971944735975044
115046359,4724,D,A,0.17381420628812658,0.28169964693186705,0.5444861467800064
115356386,4630,D,A,0.2333209905176704,0.24043828675089166,0.526240722731438
115356387,4630,D,H,0.6325056539030518,0.19434310587772155,0.17315124021922665
115356388,4630,H,A,0.33580194800490526,0.2705624632119701,0.3936355887831247
115356436,4630,D,A,0.2745232114089186,0.29803421095184707,0.4274425776392344
115356437,4630,H,H,0.4329583365910961,0.2796617056983733,0.28737995771053054
115638602,4630,D,A,0.29015155983678503,0.2649826048600926,0.44486583530312235
115638624,4630,H,H,0.5823624999343141,0.18138211509669996,0.23625538496898593
115638636,4630,H,H,0.833525288670157,0.09754859045101544,0.06892612087882757
115881744,4630,H,H,0.4175751865449062,0.24090994620186146,0.3415148672532323
115881745,4630,H,H,0.8769145907151729,0.09447261924635376,0.02861279003847337
116077385,4629,H,H,0.5006668568827227,0.22342658715683872,0.2759065559604386
116077388,4675,D,H,0.5149168850923281,0.2592419642565893,0.22584115065108257
116370399,4629,D,H,0.54149730139665,0.22447939330593972,0.23402330529741033
116370400,4675,H,H,0.40295330655914363,0.30880493222509575,0.2882417612157606
116370401,4675,H,H,0.5043060195317844,0.330818423490922,0.16487555697729353
116370402,4675,A,A,0.2567466955657014,0.24877425414145046,0.4944790502928482
116370406,4675,A,H,0.4375856643292666,0.221978052006063,0.34043628366467044
116370407,4675,A,A,0.122296931184068,0.1885574849087504,0.6891455839071816
116370409,4675,H,A,0.14052716602618393,0.18203886887623028,0.6774339650975859
116370411,4629,D,H,0.79418478845927,0.1386002672301358,0.06721494431059423
116370413,4724,H,H,0.5826509780940106,0.20272122619487548,0.21462779571111393
116920493,4629,A,A,0.32399505986921795,0.3304339515910762,0.3455709885397059
116920494,4629,H,H,0.40596418223903336,0.25123093402110164,0.342804883739865
116920495,4675,H,H,0.3521650587997545,0.3425943045986508,0.3052406366015947
116920496,4629,H,H,0.3586630333058128,0.32758970457496217,0.31374726211922505
116920497,4629,D,H,0.42080544656169966,0.23360742970450368,0.3455871237337966
116920498,4629,D,H,0.4966654876847965,0.25704605154625493,0.24628846076894859
116920509,4675,A,H,0.4231088550117045,0.31006076658942905,0.26683037839886653
116920512,4629,H,H,0.6697379346738065,0.20792223350118008,0.12233983182501336
117383945,4724,A,A,0.08038878452384787,0.15957510965422814,0.7600361058219239
117383946,4724,H,H,0.4660315070146566,0.2417656719742801,0.29220282101106315
117383947,4630,D,A,0.14147426898856819,0.27191032251094654,0.5866154085004853
117383948,4724,A,H,0.3735330307871982,0.2855755807521871,0.3408913884606148
117383949,4724,H,A,0.17386212671645906,0.22845049486016586,0.5976873784233749
117383950,4630,D,A,0.2182519251915696,0.18561116354705054,0.5961369112613799
117383951,4724,A,A,0.34867844416857824,0.2838169155436953,0.3675046402877264
117383952,4724,D,A,0.1788147497083485,0.2477035661225433,0.5734816841691082
117383953,4724,H,A,0.33156033185288014,0.2649451890414693,0.4034944791056505
117383954,4724,H,H,0.6947496475213429,0.20247617731240747,0.10277417516624962
117383955,4724,D,D,0.3241795007952502,0.34711452877292515,0.3287059704318247
117383961,4630,H,H,0.6100222938435332,0.2204585171226159,0.16951918903385077
117383998,4630,A,A,0.3624164208597863,0.20539991534638535,0.4321836637938282
117384002,4630,A,H,0.45203076767218975,0.2523485023741668,0.29562072995364347
117384003,4630,H,H,0.3725195304834166,0.30666734473707935,0.32081312477950397
117384004,4630,H,H,0.4976700485697529,0.2900442391370326,0.2122857122932146
117384007,4630,A,A,0.15986797288507984,0.1749233749613327,0.6652086521535875
117384008,4630,D,H,0.5876196558956622,0.22823766390768913,0.18414268019664876
117384009,4630,A,A,0.1481484283827043,0.20325228634521575,0.64859928527208
118459767,4634,H,H,0.49115929019331017,0.30595712053404944,0.2028835892726404
118781391,4634,A,A,0.16617133837675743,0.28480359636375824,0.5490250652594844
118781392,4634,A,A,0.17312420937327425,0.22818879515875326,0.5986869954679725
118781393,4634,D,H,0.4163451084709453,0.28638570792243584,0.2972691836066188
118781394,4634,H,H,0.4111882448988199,0.2593087454086911,0.329503009692489
119319770,4634,D,H,0.5988106018521886,0.28738264736462427,0.11380675078318717
119319771,4634,H,A,0.32789820717504375,0.3234533333239832,0.3486484595009731
119319772,4634,A,H,0.42363221341230756,0.30297067841063585,0.27339710817705665
119319774,4634,D,H,0.5351270095840418,0.28052944315134987,0.18434354726460833
119746182,4724,D,H,0.6461872120384982,0.2092486629361551,0.1445641250253467
119746186,4724,D,H,0.8242972469243749,0.12955347175648407,0.04614928131914107
119746187,4629,H,A,0.30594719207003457,0.2452387769803202,0.4488140309496451
119746189,4675,H,H,0.7550876951455151,0.15685782830150988,0.088054476552975
119746190,4675,A,A,0.2314491534597568,0.3604171748764587,0.4081336716637845
119746191,4724,D,A,0.1970695521334979,0.27248530042061914,0.5304451474458829
119746192,4629,D,A,0.27971750755970476,0.3266996794200161,0.3935828130202793
119746193,4724,D,H,0.5890592225524747,0.2550479941935366,0.1558927832539888
119746205,4629,A,H,0.4607958440999959,0.2537768855186214,0.2854272703813826
119746207,4724,D,H,0.6577599618033679,0.18117624669958574,0.1610637914970463
119746208,4675,H,H,0.6778070097991613,0.17898452672490103,0.1432084634759376
119746209,4724,D,A,0.3664731304176479,0.22555967951950454,0.40796719006284765
119746210,4629,H,H,0.3681264214872933,0.28707639112129135,0.3447971873914153
119746211,4675,D,H,0.3566036620948402,0.3129492754522061,0.33044706245295385
119746212,4675,A,A,0.27966166410611965,0.274015227887501,0.4463231080063793
119746213,4675,H,H,0.3673249674828157,0.30651900943226845,0.326156023084916
119746214,4675,H,H,0.7631036462495582,0.14663701480846045,0.09025933894198136
119746215,4675,H,H,0.7823367922715259,0.15285153043798824,0.06481167729048574
119746216,4724,H,H,0.38357782937636603,0.31655637474358717,0.29986579588004686
119746222,4629,H,A,0.22650757851096545,0.2723950171371497,0.5010974043518849
119746223,4724,H,H,0.6449077948309859,0.24004125414607688,0.1150509510229372
119746224,4675,H,H,0.5873379623152608,0.24294557504958536,0.16971646263515372
119746228,4634,A,H,0.37521343134330093,0.3176213634372882,0.3071652052194109
119746229,4724,D,H,0.47702517180322257,0.24738295257727824,0.2755918756194992
120119553,4629,A,H,0.48171233526086504,0.27385028511248666,0.24443737962664816
120971825,4634,D,H,0.6908043106582217,0.2126705076762242,0.09652518166555403
120971827,4630,H,H,0.5183102413904742,0.2313814174169573,0.25030834119256845
120971828,4630,A,H,0.7441801868145007,0.10687995946534394,0.14893985372015547
120971829,4630,A,A,0.3608133621835032,0.25906310586215925,0.3801235319543377
120971830,4630,A,H,0.7720793013391368,0.1350880832234908,0.09283261543737238
120971831,4630,D,A,0.34561398583976277,0.24582236406914557,0.40856365009109163
120971832,4630,D,H,0.3835979875239351,0.23956806366066324,0.3768339488154018
120971833,4630,H,H,0.7290980927548328,0.16254730799595687,0.10835459924921027
120971834,4630,D,A,0.2482868599368819,0.2610700491107205,0.49064309095239755
120971835,4630,H,H,0.6018705400264752,0.25484666870676737,0.14328279126675741
120971836,4630,H,H,0.4223718283282026,0.22523153287664904,0.3523966387951483
121312075,4634,H,H,0.6328245016998544,0.24976195277503008,0.11741354552511551
121312076,4634,A,H,0.4725635654957006,0.25301999669085995,0.27441643781343933
121312078,4634,H,H,0.4209505188689104,0.30301826234793483,0.2760312187831548
121312079,4634,H,H,0.48733153249751016,0.2508250236101444,0.2618434438923454
121409099,4630,A,H,0.3624896641821958,0.30128640951234725,0.336223926305457
121409100,4630,A,A,0.13349755151137943,0.16759163509175268,0.6989108133968679
121409101,4630,A,D,0.267888973449917,0.37684099009856065,0.3552700364515224
121959719,4634,H,H,0.5100190236914373,0.2437181998009606,0.24626277650760214
121959721,4634,A,A,0.25301888484837903,0.35659422259100093,0.39038689256062
121959722,4634,D,H,0.3710667817196959,0.2893193370056208,0.3396138812746832
121959723,4634,H,A,0.3181503202984141,0.25929694334197817,0.4225527363596078
121959725,4675,D,A,0.2784862342742586,0.2069651528413816,0.5145486128843598
121959726,4630,A,A,0.22938654585588902,0.17260134263277058,0.5980121115113404
121959728,4630,H,H,0.3747069287170786,0.25258159549903514,0.3727114757838863
121959729,4630,H,H,0.5564051272836782,0.2447418702162693,0.1988530025000525
121959730,4630,H,H,0.3799245769475637,0.31845802690618114,0.3016173961462551
122547982,4634,H,H,0.47944235485925224,0.3007291544905996,0.21982849065014806
122547983,4629,H,H,0.6111880471854155,0.22940555094747417,0.1594064018671103
122547984,4724,A,A,0.27097442972417,0.23472842954303752,0.4942971407327926
122547985,4675,D,H,0.5088021822254717,0.29899981587414637,0.192198001900382
122547986,4629,D,H,0.4426072701216974,0.22215142402077095,0.3352413058575316
122547987,4724,A,A,0.15295901034111636,0.2707600612401002,0.5762809284187834
122547988,4629,A,A,0.3642299003304622,0.26317039870682396,0.3725997009627138
122547989,4675,H,A,0.15196649158717193,0.24739158219635698,0.6006419262164711
122547990,4724,D,H,0.5363117485643314,0.2741194879511299,0.1895687634845387
122547991,4629,A,H,0.44733709737494565,0.2852557294618227,0.26740717316323165
122547992,4629,A,H,0.41299004182641796,0.2815245558363607,0.30548540233722143
122547993,4629,H,H,0.5797405938153518,0.24202126065182542,0.1782381455328227
122547994,4724,A,H,0.39314411610595884,0.3277871789685406,0.2790687049255006
122547995,4629,H,H,0.6311665149915707,0.2262896681941755,0.1425438168142538
122547996,4724,H,H,0.4045024470668349,0.31423842440474464,0.2812591285284205
122547997,4675,A,A,0.14484085155964058,0.18459592193532318,0.6705632265050362
122547998,4724,H,A,0.2835920958141371,0.25263257008288803,0.46377533410297483
122547999,4629,A,A,0.2510512368149093,0.27337464634599545,0.47557411683909523
122548000,4675,A,A,0.18852405980632186,0.2505880646481296,0.5608878755455485
122548001,4675,H,H,0.42290767747571817,0.3008121394727435,0.2762801830515384
122548002,4675,A,H,0.5217788296219035,0.31661126850204324,0.16160990187605334
122548003,4675,H,H,0.4966613858117647,0.29422876278982213,0.20910985139841315
122548004,4629,H,H,0.4608655780861726,0.2838553496563504,0.2552790722574769
122548005,4724,D,A,0.24864220884515748,0.25284536028360854,0.49851243087123387
122548006,4675,H,H,0.44479635582776894,0.29772969708942076,0.25747394708281024
122548007,4724,A,A,0.35560006249007103,0.2745288005807875,0.3698711369291415
122548008,4724,A,A,0.22890300023448548,0.18797659792758328,0.5831204018379312
122548009,4724,A,H,0.44174895853459284,0.23129557444375412,0.3269554670216532
125353401,4629,H,H,0.43005261634721675,0.21906964639057833,0.3508777372622049
125353402,4634,D,H,0.42046168371240905,0.3230884890710764,0.2564498272165145
125353403,4675,A,A,0.24469003342348453,0.35394747845192637,0.40136248812458925
125353404,4629,H,A,0.22705273655975544,0.28902544337505676,0.48392182006518775
125353405,4634,H,H,0.5501549876003597,0.27449022282269947,0.17535478957694084
125353406,4675,D,H,0.609735038504217,0.24367279108652382,0.14659217040925926
125353407,4629,A,H,0.4203970368906421,0.2163603805516231,0.36324258255773473
125353409,4634,H,H,0.39835221130259024,0.28999655108112726,0.3116512376162825
125353410,4675,D,H,0.5658718841903269,0.2620948760922064,0.17203323971746673
125353411,4629,H,A,0.2894368556274854,0.2983979387254353,0.41216520564707926
125353412,4629,A,A,0.24865568200725174,0.299937209863083,0.4514071081296653
125353413,4629,A,H,0.37736098072769414,0.257440849257097,0.3651981700152089
125353416,4634,D,H,0.3863685087282141,0.3225186534118475,0.29111283785993836
125353417,4629,A,A,0.2314792282572511,0.2595309655932319,0.508989806149517
125353425,4629,D,H,0.7459590207102077,0.15214925845944005,0.10189172083035239
125353426,4634,A,A,0.25936152515096633,0.24339623367407537,0.49724224117495824
125353427,4675,D,H,0.5593820131722357,0.19367407347071575,0.24694391335704854
125353428,4634,H,H,0.4486193535210964,0.255739457907816,0.2956411885710877
125353429,4634,H,H,0.4331296672420844,0.30904583760085197,0.25782449515706357
125353430,4675,A,H,0.6097584907049726,0.21916889099727302,0.17107261829775447
125353431,4675,A,H,0.5539806651243196,0.2606100423095643,0.18540929256611605
125353432,4675,H,H,0.5675745415305794,0.19930754807980283,0.2331179103896177
125353433,4675,H,H,0.7335923514636566,0.145789576430638,0.12061807210570534
125353434,4634,H,H,0.6471981060298106,0.21030321372370528,0.14249868024648402
125353437,4629,D,H,0.5414869676290803,0.2687254017600001,0.1897876306109196
125353438,4634,A,A,0.3034446352651962,0.31962972311554017,0.3769256416192636
125353439,4675,H,H,0.38645305350178355,0.29219080527692654,0.3213561412212899
125353442,4629,D,H,0.4662835635106296,0.22516583447200345,0.30855060201736695
125353445,4629,H,H,0.4291359186331162,0.23874201080721538,0.33212207055966836
125353446,4629,A,A,0.10896143855273771,0.17388764409499227,0.7171509173522701
125353449,4634,A,A,0.2918376778493475,0.28333767556616624,0.4248246465844864
126918030,4630,D,A,0.1898319818885679,0.1821348196204803,0.6280331984909517
126918577,4630,D,H,0.5086494409743514,0.28111067375109167,0.21023988527455695
126918579,4630,H,H,0.7798600210894939,0.1579918931631563,0.06214808574734971
126918589,4630,H,H,0.5462231780359204,0.23074610858459932,0.2230307133794804
126919011,4630,D,H,0.4654492375444809,0.25168352374433545,0.2828672387111836
126919603,4630,H,H,0.36757974787035536,0.3196173894526686,0.31280286267697605
126919771,4630,D,H,0.49803758735318643,0.22224461712615284,0.27971779552066084
126982275,4630,A,A,0.10900309428002856,0.17451817002523962,0.7164787356947319
126982279,4630,A,A,0.20802883200142577,0.1843974665297312,0.607573701468843
126982285,4630,H,H,0.44865120303410194,0.23085510223563252,0.3204936947302656
127483019,4724,H,H,0.516481721532164,0.2930249354960246,0.19049334297181145
127483023,4724,H,H,0.743780308663525,0.1513786427354644,0.10484104860101055
127483024,4724,D,A,0.3378660864954727,0.2978840488199714,0.36424986468455595
127483196,4724,D,H,0.38317401542952556,0.2428589320425922,0.37396705252788226
127483197,4724,H,H,0.5149057823871379,0.2628922309754917,0.22220198663737042
127591072,4724,D,H,0.6380161630985237,0.20577824972201333,0.15620558717946303
127591808,4724,H,H,0.6189257751917142,0.23367754822099596,0.1473966765872898
127591809,4724,D,H,0.3796855255908934,0.24313341653076842,0.37718105787833817
127591901,4724,H,H,0.5903270269631483,0.24462130317665506,0.1650516698601966
127663287,4724,H,H,0.45343586108705397,0.3004674989342515,0.24609663997869446
128293508,4634,H,H,0.5310148521725429,0.30692239698272394,0.16206275084473315
128293509,4634,A,H,0.5206501668199593,0.31812270489340555,0.16122712828663513
128293510,4675,D,H,0.4241161933676869,0.3274700478128936,0.2484137588194195
128293511,4634,A,H,0.4556849541874191,0.29772089491806475,0.24659415089451617
128293512,4675,A,A,0.2105816079292773,0.19726189256364382,0.5921564995070789
128293513,4634,H,D,0.31964459570581305,0.3504090058155688,0.3299463984786181
128293514,4675,A,H,0.4299992046172404,0.323474278303004,0.24652651707975556
128293515,4634,A,H,0.3627813979037428,0.28728453326203207,0.3499340688342251
128293516,4634,A,A,0.3089890445676887,0.2596400908909822,0.4313708645413291
128293517,4675,D,H,0.3699994278494465,0.3211887677316955,0.30881180441885786
128293518,4634,H,H,0.39208616802783663,0.26759933493714627,0.34031449703501704
128293519,4634,H,H,0.8075627429417889,0.1400428853271292,0.05239437173108181
128293520,4675,H,A,0.3549156558771535,0.18355077464878852,0.46153356947405794
128293521,4675,D,H,0.4240760437310408,0.2898537294681738,0.28607022680078553
128293522,4675,H,H,0.5993606084281066,0.28966493023551665,0.11097446133637671
128293523,4675,H,H,0.5660899804955156,0.23678584924094145,0.19712417026354284
128293524,4634,H,H,0.6371876912940577,0.19712943082575102,0.16568287788019131
128293525,4634,A,H,0.38183215402364834,0.2544347159472616,0.36373313002909013
128293526,4675,D,A,0.16121641483346416,0.2586209852469898,0.5801625999195461
128991725,4724,D,H,0.36577723681419544,0.2816684224893138,0.3525543406964908
128991727,4724,H,A,0.058763006884950945,0.15897968382976108,0.7822573092852879
129366678,4724,D,H,0.5297749223848628,0.24903132108984113,0.22119375652529602
129366679,4724,D,D,0.3504467739862865,0.36932040345980705,0.2802328225539066
129366680,4724,D,H,0.3837561410506471,0.3293505804347201,0.28689327851463275
129366683,4724,H,A,0.28358824230969,0.26076789793876154,0.45564385975154836
129366684,4724,A,A,0.11508753899255846,0.2562272534043904,0.6286852076030512
129366685,4724,D,A,0.2643281244781533,0.2673007815518382,0.46837109397000853
129529400,4724,A,A,0.20313041916376298,0.25165358360707196,0.545215997229165
129540182,4629,A,H,0.43877578630663416,0.2743622913849597,0.286861922308406
129540348,4630,D,H,0.3813431226979143,0.30494748742291666,0.313709389879169
129540352,4629,H,H,0.5841069341790327,0.23255987168741313,0.18333319413355428
129583808,4629,A,H,0.5441460924794429,0.25354257115964896,0.20231133636090812
129583809,4630,H,A,0.371902910135926,0.23983043198281567,0.3882666578812582
129583810,4724,D,A,0.2702270026144579,0.24249624674353323,0.4872767506420089
129583816,4630,H,H,0.5606647837293164,0.18071068757465344,0.25862452869603014
129583818,4630,H,H,0.5406073461464467,0.21489103506986595,0.2445016187836874
129583819,4630,H,A,0.2617945610708997,0.22665411262840998,0.5115513263006903
129583820,4629,D,H,0.5646298065014169,0.268301144220551,0.1670690492780321
129583821,4629,A,A,0.26041023966045745,0.24976649002002183,0.48982327031952055
129583823,4630,H,H,0.7036644437550598,0.15818175742447407,0.13815379882046613
129583824,4629,H,H,0.6319983654325546,0.23135600701875922,0.13664562754868623
129583826,4630,A,A,0.24210699519528925,0.32351038561254897,0.43438261919216176
129583827,4630,A,A,0.19855290800557035,0.2326917975015768,0.5687552944928528
129583828,4630,D,H,0.41664446787988335,0.23337960457319074,0.34997592754692597
129583829,4629,H,H,0.35728133047658095,0.29886082178705475,0.3438578477363643
129583830,4630,H,H,0.7274279447995456,0.14976700662625772,0.12280504857419666
130052640,4724,D,H,0.49133033051857483,0.20724815300919586,0.30142151647222915
131508731,4630,D,A,0.29699746674377825,0.18572687674088612,0.5172756565153356
131508732,4629,A,A,0.3058505098726037,0.27471812137726015,0.41943136875013626
131508733,4629,A,A,0.23289664482718708,0.2440785562966351,0.5230247988761777
131508734,4629,A,A,0.27400264183121315,0.3050696378735421,0.42092772029524483
131508735,4629,D,H,0.401794211327452,0.2516984276297792,0.34650736104276886
131508736,4629,H,H,0.4468853934869255,0.2824305375924471,0.27068406892062735
131508737,4629,A,H,0.6591902721996212,0.1925860642680858,0.1482236635322929
131508738,4634,H,H,0.597637302579865,0.2751251184849641,0.12723757893517082
131508739,4675,A,A,0.09254712542382634,0.17734960649543782,0.7301032680807359
131508740,4675,H,H,0.798698149980159,0.1366349749791878,0.06466687504065319
131508741,4630,A,A,0.12993012463836828,0.16950279174292157,0.7005670836187102
131508742,4675,A,A,0.27841507735427173,0.34058496654178055,0.3809999561039477
131508747,4675,H,A,0.26152046892938685,0.23928166903013703,0.49919786204047617
131508748,4630,A,A,0.2319406549615901,0.24087099680599583,0.527188348232414
131508749,4630,A,A,0.33099845292493235,0.32813828802758116,0.34086325904748643
131508750,4630,H,H,0.5256443170406394,0.2687187051402934,0.2056369778190672
131508751,4630,H,H,0.5643367094863924,0.2625563114543389,0.17310697905926872
131508752,4630,D,H,0.6783533109308687,0.16477044328481658,0.15687624578431478
131508753,4630,H,H,0.6675826802760445,0.22526873618696527,0.10714858353699014
131508754,4630,A,H,0.42658070206693105,0.27737126154649966,0.29604803638656935
131508755,4675,H,H,0.500094580347296,0.27681797309180567,0.2230874465608983
131508756,4675,D,H,0.4923621744318937,0.22631842088616902,0.2813194046819372
131508757,4675,D,H,0.48477599196928234,0.2790307214951991,0.23619328653551863
131508758,4675,D,H,0.7619373454177719,0.15456710133514123,0.08349555324708684
131508759,4630,A,A,0.17403774557613066,0.17531932455081933,0.6506429298730501
131508760,4629,D,H,0.4808522787165296,0.24799540430456385,0.2711523169789066
131508761,4629,H,H,0.5152817572961503,0.2505499163657675,0.23416832633808216
131508762,4675,A,A,0.25517616071373406,0.24051703475566547,0.5043068045306004
131508763,4634,H,H,0.6225024329377132,0.23920870246885534,0.13828886459343145
131508764,4629,H,H,0.6288614235771409,0.21768038746374185,0.15345818895911717
131577481,4634,D,H,0.4979541095396563,0.29672102158361785,0.20532486887672585
131577521,4634,H,H,0.5025773970027487,0.24432333295861453,0.2530992700386368
131577522,4634,H,H,0.3450714860520307,0.3295220506622369,0.3254064632857325
131577523,4634,D,H,0.5969931333073242,0.23918270992439558,0.16382415676828016
131577524,4634,A,A,0.1340857866405873,0.21879858341992345,0.6471156299394892
131577525,4634,H,H,0.4844546674774366,0.28961011246564566,0.22593522005691777
131577526,4634,H,H,0.5334168941044036,0.22308725032987783,0.2434958555657185
131577527,4634,D,A,0.27785506914013036,0.2777593253299953,0.4443856055298744
131856554,4724,H,H,0.571066984216316,0.25222342309046786,0.17670959269321623
131856555,4724,D,H,0.7177680644683152,0.1995602073987101,0.08267172813297462
131856556,4724,A,A,0.3540911582517712,0.2678501316592699,0.3780587100889588
131856557,4724,H,H,0.5706955353551076,0.2691479773294993,0.16015648731539311
131856558,4724,A,A,0.3275362320976089,0.25318548308912425,0.41927828481326684
131856559,4724,A,A,0.12312431955928647,0.15512152744640803,0.7217541529943055
131856560,4724,H,H,0.5605349770434704,0.2634234879318413,0.17604153502468822
131924021,4724,H,H,0.5076294874185321,0.23594523972136475,0.25642527286010325
132162271,4724,A,H,0.3966171389987635,0.3022770129656311,0.3011058480356055
132162272,4724,H,H,0.42295980344450823,0.24733387647145683,0.32970632008403494
134704448,4634,H,H,0.5257526981546682,0.24897985699404032,0.22526744485129147
134704449,4634,A,A,0.1591675757119079,0.25946365039158237,0.5813687738965098
134704450,4634,D,A,0.3299516496301896,0.3337352826936296,0.33631306767618074
134704453,4634,A,A,0.2958432192461063,0.285316120917386,0.4188406598365077
134704454,4634,H,A,0.288464670999668,0.27821248177764835,0.4333228472226836
134704455,4629,H,A,0.28841732226799965,0.25785742188715466,0.45372525584484574
134704456,4629,A,A,0.2610846461362168,0.18782720049152984,0.5510881533722534
134704457,4630,H,A,0.24879451088659987,0.25291327704809896,0.4982922120653013
134704458,4630,A,A,0.24218272921535397,0.26172517602381756,0.49609209476082855
134704459,4634,H,H,0.4953529032247112,0.3356786016334451,0.16896849514184373
134704460,4634,A,H,0.5861092297335476,0.25048951195205177,0.16340125831440058
134704461,4634,A,H,0.4900279858201903,0.28538748229093014,0.22458453188887964
134704462,4634,H,H,0.7646526256920186,0.1639631707870754,0.07138420352090583
134704463,4630,A,A,0.1514146843757282,0.1878214673854487,0.6607638482388231
134704464,4634,D,H,0.41053267721111836,0.30913446869116046,0.2803328540977212
136824980,4724,D,H,0.4483465040244689,0.23211900658786735,0.31953448938766377
136868005,4675,D,A,0.20789462650156532,0.2570661591293743,0.5350392143690604
136868007,4675,A,H,0.41687465377647576,0.32574859476369666,0.25737675145982747
136868010,4675,H,A,0.19575200202784665,0.21049506589077774,0.5937529320813756
136868012,4675,H,H,0.5382720272368263,0.29757446266932774,0.16415351009384588
136868014,4675,H,H,0.6849331188434169,0.18610702386157013,0.12895985729501308
136868016,4675,H,H,0.5905433095556789,0.24910493153386615,0.16035175891045486
136868081,4675,H,H,0.7679095524038755,0.17620701319659673,0.05588343439952779
136868083,4675,H,A,0.280881460842899,0.3514128176451454,0.3677057215119556
136868084,4675,H,H,0.7940413259485032,0.12329461950911623,0.08266405454238053
136868842,4724,A,A,0.23642519251747673,0.2611834528582606,0.5023913546242627
136869072,4724,H,A,0.236751411091273,0.23163972405017955,0.5316088648585474
136924774,4724,H,H,0.48164213190743316,0.25563372104239074,0.2627241470501761
136924775,4724,D,H,0.6413152153961786,0.20425020294314783,0.15443458166067361
137015131,4724,D,H,0.4771062826923669,0.29443296503753036,0.22846075227010285
137015132,4724,A,H,0.4551601638716657,0.3216517783297136,0.22318805779862072
137015133,4724,A,A,0.3271470746000035,0.33345953945096796,0.33939338594902857
137425983,4630,H,H,0.7307845766983719,0.16849182642438879,0.10072359687723927
137425984,4630,A,A,0.2994182289955476,0.22076786816437521,0.4798139028400773
137425985,4630,A,H,0.3764433508596452,0.2580477360775048,0.36550891306285005
137425986,4630,A,H,0.3828027295764491,0.2664442112461281,0.35075305917742283
137425987,4630,H,H,0.6174313334299312,0.1988307341450669,0.18373793242500183
137425988,4630,H,A,0.351009967552363,0.21727175194983772,0.43171828049779926
137425989,4630,H,H,0.6838022720620921,0.1703904205444043,0.14580730739350375
137425991,4630,A,A,0.30227275157952715,0.2913890200682562,0.40633822835221667
137425992,4630,H,H,0.8398358634627562,0.09066889219573225,0.0694952443415116
137425993,4630,A,A,0.16866907320335617,0.22668634233394358,0.6046445844627003
137426233,4634,H,H,0.4622086129517962,0.28332018498668426,0.25447120206151946
137426234,4634,A,H,0.6426023999526089,0.22432954121225726,0.13306805883513367
137426235,4634,H,H,0.6200465002067083,0.23996170034312841,0.13999179945016318
137426236,4634,A,H,0.40835664054485465,0.2782254720421105,0.3134178874130349
137426237,4634,D,H,0.45973395858581245,0.28172475141731235,0.25854128999687515
137426238,4634,H,H,0.40627903534368637,0.32168233587407313,0.27203862878224044
137426239,4634,D,H,0.5111189336200047,0.30409091773679664,0.18479014864319862
137426240,4634,A,A,0.31399182954152455,0.34098037822017935,0.34502779223829616
137426241,4634,A,A,0.244243508082387,0.2736223018156995,0.4821341901019135
137426242,4634,D,A,0.20014406466382065,0.21477385632816212,0.5850820790080171
137426298,4629,A,A,0.3519488672617684,0.2205392812538643,0.4275118514843672
137426299,4629,H,H,0.35247228530570507,0.3347873057184457,0.31274040897584926
137426301,4629,H,H,0.671123579814743,0.20473057379495463,0.12414584639030235
137426302,4629,D,H,0.4967026766399084,0.23314301316942077,0.27015431019067077
137426303,4629,H,H,0.43792403745962505,0.29025420489733345,0.27182175764304145
137426304,4629,H,A,0.3319250463321583,0.26634959831128124,0.4017253553565604
137426305,4629,D,H,0.4633270050253968,0.25802226220170144,0.27865073277290175
137426306,4629,A,A,0.2879601645840171,0.26141065075026393,0.45062918466571894
137426307,4629,A,A,0.1608716058090078,0.18434144977295525,0.6547869444180369
137483653,4724,D,H,0.4483748288361779,0.2237731716629602,0.3278519995008619
137483654,4724,A,A,0.24735581753051014,0.33669391690914396,0.415950265560346
139241035,4634,H,H,0.37145676961005014,0.36513823908578164,0.26340499130416817
139241036,4634,D,H,0.453558682178234,0.28163102984457805,0.264810287977188
139241037,4634,A,H,0.401177696187569,0.3283337359628062,0.2704885678496249
139241038,4634,H,H,0.7154490604651371,0.2045299932593218,0.08002094627554096
139241039,4634,D,A,0.31842343852047134,0.3325655178136428,0.34901104366588587
139241041,4634,A,A,0.26396217119971155,0.2707573078784066,0.46528052092188177
139241042,4634,A,H,0.46936296082615275,0.25678488034381936,0.27385215883002795
139241043,4634,A,A,0.25332241247499043,0.264089859610536,0.4825877279144735
139241045,4634,D,H,0.7502102270424387,0.1490909922571971,0.10069878070036432
139241046,4634,D,H,0.3651832008705494,0.3439055132468344,0.2909112858826162
139737616,4724,H,H,0.5849300943392469,0.22501800024949858,0.19005190541125458
139737617,4724,A,A,0.27911239702898266,0.28423142896523407,0.43665617400578327
139737618,4724,H,A,0.21504463432978646,0.26542001573116,0.5195353499390537
139737620,4724,A,H,0.37944793025644796,0.3251859007505504,0.2953661689930017
139737621,4724,H,A,0.3136704540273557,0.25439505344260854,0.43193449253003574
139737622,4724,D,A,0.13860399850839084,0.17634039018109174,0.6850556113105174
139737624,4724,H,H,0.4779999576521657,0.2506575638063646,0.27134247854146976
139737625,4724,D,H,0.6538095008589457,0.21707755630101894,0.12911294284003538
139737626,4724,D,H,0.743587450402825,0.17800069860161097,0.07841185099556405
139737627,4724,D,H,0.5039634697372858,0.2870919374423512,0.20894459282036304
