fixture_id,season_id,y_true,y_pred,p_home,p_draw,p_away
152781768,6435,D,H,0.3849951103317566,0.3340261808887854,0.280978708779458
152781770,6435,D,H,0.4063646186392275,0.3420865873856038,0.25154879397516855
152908782,6435,D,H,0.405134721139766,0.3253758544543946,0.2694894244058395
152908783,6484,H,H,0.48239766507113535,0.22311742479805202,0.29448491013081257
152908785,6435,H,H,0.48157088107345236,0.286619444995669,0.23180967393087867
153121348,6526,D,H,0.5371761707280551,0.2425744284283959,0.220249400843549
153121349,6526,D,A,0.332610151803412,0.314512131605573,0.3528777165910149
153121354,6526,D,D,0.3007741841032186,0.3581842737403726,0.34104154215640886
153121355,6526,D,A,0.2312824847967608,0.3194482834883087,0.4492692317149305
153121356,6484,A,H,0.44782664203325545,0.2579485798089604,0.2942247781577842
153121359,6484,H,H,0.6630540651464015,0.15922210289010014,0.17772383196349836
153121360,6484,A,H,0.41955940552248344,0.2717224356910702,0.30871815878644643
153121361,6484,H,H,0.7049446084540573,0.12778232925370564,0.16727306229223704
153121362,6484,A,A,0.13778080535438325,0.13214921018444492,0.7300699844611719
153121364,6435,D,H,0.5055542314833826,0.30912737515389227,0.18531839336272513
153121365,6484,D,H,0.5037974742959487,0.22695965578794114,0.2692428699161102
153121366,6435,A,A,0.2658730348253829,0.35961747352146184,0.3745094916531553
153121367,6527,H,H,0.6196360168719124,0.16072296019907853,0.219641022929009
153121371,6527,A,A,0.3038129846032588,0.25679529827814984,0.4393917171185914
153121372,6527,A,H,0.41600155723152243,0.23826797276797976,0.3457304700004977
153121383,6527,A,A,0.3164219588174195,0.27423000565713646,0.4093480355254439
153503374,6526,H,H,0.3647807133054956,0.2901990484828832,0.3450202382116212
153503375,6526,D,H,0.4930403792636193,0.30097016312102703,0.20598945761535373
153503376,6484,A,A,0.32449694966244097,0.2964565757593299,0.37904647457822915
153503377,6484,H,H,0.35741930423290913,0.28635714487575553,0.35622355089133534
153503379,6435,D,A,0.26343975335093095,0.33167517433787264,0.40488507231119625
153503380,6526,H,H,0.5764664218888614,0.22855039719136086,0.19498318091977773
153503381,6526,D,H,0.35428949779499797,0.3170792575775174,0.32863124462748466
153503382,6527,H,H,0.37632292796929295,0.2664044972622102,0.3572725747684968
153503385,6435,A,D,0.36043324044399067,0.3820197020794397,0.25754705747656975
153503389,6527,A,D,0.2845273179637338,0.3583096725032123,0.3571630095330539
153503390,6527,D,H,0.38507579933786573,0.28067564348148066,0.3342485571806535
153503391,6527,D,H,0.352483235327926,0.3288763000128555,0.3186404646592185
153503392,6527,H,A,0.33043432278984525,0.3243821515655098,0.34518352564464494
153799321,6435,D,A,0.32586114972945107,0.33256004598215266,0.3415788042883962
153799322,6484,D,H,0.3719735254582794,0.26675421571354596,0.36127225882817465
153799323,6526,H,H,0.5055822537514988,0.2836791810678739,0.21073856518062736
153799333,6526,A,A,0.331720458706451,0.30199711053827405,0.3662824307552749
153799336,6435,H,H,0.4266280631602311,0.3035775380727337,0.2697943987670351
154591797,6597,A,A,0.22438195365488256,0.32720973646589163,0.4484083098792257
154830973,6597,H,H,0.48429829026576615,0.1953735921049907,0.3203281176292431
154830974,6597,D,H,0.5651717973209636,0.21818429916699422,0.21664390351204224
154830975,6597,H,H,0.5157154427075156,0.27651618199138095,0.20776837530110348
154830976,6597,H,H,0.6539955981030066,0.15732566801782166,0.18867873387917178
154830980,6597,D,H,0.4219239338233461,0.319761562197348,0.2583145039793059
154830984,6597,H,A,0.26437171653417196,0.3131483485369925,0.42247993492883545
155290854,6435,H,H,0.5723346094813795,0.2276921913033478,0.19997319921527276
155290856,6597,A,H,0.38187559033003754,0.2955078464508247,0.32261656321913784
155290863,6435,A,H,0.490495873370451,0.2783900391487021,0.23111408748084705
155290864,6435,D,H,0.39881298988597913,0.30666851657384253,0.2945184935401784
155290865,6435,H,H,0.5759140032806881,0.2676486318661005,0.15643736485321147
155290866,6435,H,H,0.3988859757357895,0.3183552789501672,0.2827587453140434
155290867,6435,A,H,0.4215609484780789,0.3039623919772758,0.2744766595446453
155290868,6435,H,H,0.5892357779197555,0.24715177706072147,0.16361244501952307
155658082,6597,A,A,0.30730631723708784,0.22708057999969203,0.46561310276322
155658106,6435,H,H,0.4137893439285439,0.27385389237201635,0.3123567636994398
155658107,6435,D,A,0.32911965362701556,0.3306297095401003,0.3402506368328842
155658109,6435,H,A,0.3392592953295865,0.21257394576978442,0.44816675890062907
156528090,6527,H,H,0.6043446105695368,0.17999818786346122,0.2156572015670019
156559576,6597,H,H,0.5834470363435077,0.2568241339714291,0.1597288296850632
156783614,6484,H,H,0.5324688627887075,0.22619648793811076,0.24133464927318174
156784040,6484,A,H,0.6313564036158136,0.16928107153613928,0.1993625248480472
156784045,6484,H,H,0.5371633237858681,0.23813876025255667,0.22469791596157523
156784051,6484,H,H,0.8528148727961533,0.09886699526558514,0.04831813193826145
156784053,6484,A,A,0.3376415154422479,0.2782443724110822,0.38411411214666985
156784055,6484,H,H,0.568869150852164,0.24413454125117548,0.1869963078966605
156784608,6527,A,A,0.2798041415592462,0.31020049891527385,0.40999535952547994
156784989,6484,A,A,0.2091121608593589,0.314531150743601,0.47635668839704015
156784999,6526,H,A,0.2752526693140963,0.31244682752290404,0.4123005031629997
156785000,6526,H,A,0.24327230856879045,0.3394146066280176,0.4173130848031918
156785012,6527,H,H,0.5333481090734931,0.23751558220449487,0.22913630872201207
156785132,6526,H,H,0.5752536400333381,0.2072026129690517,0.21754374699761023
156785133,6526,A,D,0.32908752144377107,0.36236979698751626,0.3085426815687127
156785143,6527,A,H,0.47562298547553955,0.31678997163312733,0.20758704289133328
156833294,6597,A,H,0.6056167787265655,0.1737805732377067,0.22060264803572774
156833297,6597,A,A,0.25972303805620284,0.18750613383195297,0.5527708281118442
156833298,6597,A,H,0.5406574336668719,0.25904883157298,0.20029373476014806
156833299,6597,D,A,0.30741436244171283,0.29813680679784776,0.3944488307604395
156833300,6597,H,H,0.44637592328815245,0.31419447460902994,0.2394296021028177
156833301,6597,D,H,0.4818077940341765,0.26246375855705273,0.2557284474087708
156833303,6526,H,A,0.19860130055660885,0.29999825159538474,0.5014004478480065
156833307,6484,H,H,0.6856137539789632,0.17020643102399308,0.14417981499704377
156833310,6484,A,D,0.28191541097636047,0.41587565565508944,0.3022089333685501
156833311,6484,D,H,0.3615543538455559,0.2797244901270613,0.3587211560273828
157282140,6527,H,H,0.547195744584128,0.27070751990358505,0.18209673551228697
157282604,6527,H,A,0.2874892297963501,0.27254627272631676,0.439964497477333
157282605,6527,H,H,0.40120242842712656,0.27160185308053225,0.3271957184923412
157282608,6527,D,H,0.3785889560871765,0.29981199672103254,0.321599047191791
157282771,6526,D,H,0.6795292283732158,0.207127561736607,0.11334320989017709
157282888,6527,D,H,0.5744627169181437,0.27939190213455484,0.14614538094730156
157282889,6526,H,H,0.44033893666641843,0.2634257187382512,0.2962353445953303
157282890,6526,A,H,0.4310709919175896,0.3058394358564259,0.2630895722259845
157334390,6526,A,H,0.34924290770494204,0.32306146830266713,0.3276956239923909
157334392,6597,H,H,0.5749119526177705,0.2221857476238465,0.202902299758383
157334395,6597,H,H,0.597158589515484,0.20734396218142637,0.1954974483030897
157706664,6526,D,H,0.5582957911945109,0.31032406970470744,0.13138013910078172
157706724,6435,H,H,0.4260937584793846,0.23116322588770769,0.3427430156329078
157750800,6526,D,H,0.4606073773085517,0.31146513177880075,0.2279274909126475
157750801,6527,A,A,0.21914218217365733,0.18653257624090852,0.5943252415854341
157750802,6526,A,H,0.4295542414737048,0.2672071654780238,0.3032385930482714
157750803,6526,D,H,0.7200894119540558,0.1483688590081325,0.1315417290378116
157750804,6527,H,A,0.1491916710364424,0.22524286189538148,0.6255654670681761
157750805,6484,A,A,0.2717773654799736,0.2192829848029607,0.5089396497170657
157750806,6527,D,H,0.5755700392903629,0.17709224654884384,0.24733771416079323
157750807,6484,H,A,0.3321344319558758,0.19901090731014157,0.46885466073398274
157750808,6484,D,H,0.47438084962076416,0.2920396929852091,0.2335794573940268
157750809,6526,H,H,0.690685830545262,0.187038878538174,0.12227529091656404
157750810,6526,D,A,0.2738461462390229,0.32786436304086697,0.39828949072011016
157750811,6526,H,H,0.4238450093472758,0.3258498352435578,0.25030515540916637
157750812,6526,D,H,0.49499539948425236,0.3088663672363113,0.19613823327943625
157750813,6484,A,A,0.20564204124917582,0.287261191333625,0.5070967674171992
157750814,6484,D,H,0.7199200389890783,0.16811573860093454,0.11196422240998721
157750815,6484,D,A,0.15187859767585127,0.15827987729426282,0.6898415250298859
157750816,6484,A,A,0.3037130852472058,0.22966401503328698,0.46662289971950727
157750817,6484,H,H,0.5103132479328685,0.23037560495270354,0.25931114711442793
157750818,6484,D,H,0.6746327515225712,0.10219452698734395,0.22317272149008485
157750819,6527,H,A,0.32202354797992916,0.24717286269919048,0.43080358932088036
157750820,6435,D,A,0.1726705192347593,0.27403393523654584,0.5532955455286949
157750821,6435,H,H,0.41011925300686886,0.31519634072227554,0.27468440627085555
157750822,6435,A,H,0.4731710183912073,0.27740008969096125,0.24942889191783155
157750823,6435,H,H,0.489147008838553,0.2869352600650414,0.22391773109640556
157750824,6435,A,A,0.31765405786993917,0.2424132300352364,0.43993271209482443
157750825,6435,D,A,0.29169855579082826,0.3066630425382705,0.4016384016709013
157750826,6526,H,A,0.2938428163680803,0.24823047327828174,0.4579267103536378
158001286,6526,H,H,0.4445963449056682,0.32138433578275766,0.2340193193115741
158001287,6526,A,A,0.30033631085928847,0.30714772869726387,0.3925159604434478
158001288,6435,D,H,0.5439536003666263,0.2487336898519454,0.20731270978142832
158001289,6435,D,H,0.5632901884457261,0.24304538110500987,0.19366443044926412
158001310,6484,A,H,0.5052245139773079,0.18292144021872342,0.3118540458039685
158222940,6435,H,H,0.5683547736993764,0.237785814954788,0.19385941134583565
158946180,6435,H,H,0.8154391757261177,0.13512276222523925,0.049438062048643004
158946197,6527,H,H,0.38911917471473745,0.2725619153135893,0.33831890997167324
158946598,6435,A,A,0.2993364275042354,0.2724909499244536,0.4281726225713109
158946602,6527,A,A,0.2041524131123004,0.31551490261097936,0.48033268427672027
158946634,6435,H,H,0.6018019508365723,0.194483609506927,0.20371443965650066
158946773,6527,A,A,0.22814978507119762,0.2095474422586437,0.5623027726701587
158946782,6435,D,A,0.213121408705568,0.2712817031559185,0.5155968881385136
158946783,6435,A,H,0.3741553881188806,0.27442977771523486,0.3514148341658846
159468224,6435,H,H,0.6219761638328217,0.21188429584104576,0.16613954032613257
159468225,6435,H,A,0.324161310842053,0.3072919996316145,0.36854668952633257
159468234,6527,A,A,0.2879069978632587,0.29353013779282966,0.4185628643439116
159468238,6527,H,A,0.27906864785703817,0.2588197108598871,0.46211164128307486
159468407,6435,A,H,0.38004157527057236,0.28185981147138456,0.338098613258043
159468437,6435,D,H,0.5780525282787186,0.1974957983184035,0.22445167340287794
159468531,6435,H,H,0.6220565187071027,0.20891073748943612,0.16903274380346112
160980090,6597,H,H,0.6051210339579237,0.1517293525297684,0.243149613512308
161252166,6484,A,A,0.38289010585583105,0.21337017415007836,0.4037397199940906
161252167,6484,H,H,0.45058092057192467,0.35486381542133816,0.1945552640067373
161252168,6484,H,H,0.8221050523935122,0.11703583224186728,0.06085911536462056
161252169,6484,A,H,0.7277906554230426,0.12700985991872596,0.1451994846582314
161252170,6484,D,H,0.5772125950794552,0.20477573509074903,0.2180116698297957
161252171,6484,D,H,0.6238204214058619,0.18408281521808245,0.19209676337605566
161252172,6484,D,H,0.7956435127168563,0.1361892002152725,0.06816728706787117
161252173,6597,A,A,0.23866693926105398,0.37670084615557786,0.38463221458336827
161252174,6484,A,H,0.3725324878990956,0.2956858220032005,0.331781690097704
161252175,6597,H,H,0.5421212460967,0.2616282328046793,0.19625052109862076
161252176,6597,A,A,0.16026629425428165,0.1306122965831318,0.7091214091625865
161252177,6597,A,A,0.12205561603956905,0.2988876401918444,0.5790567437685865
161252217,6597,A,H,0.4893943339915687,0.19783470504839576,0.31277096096003565
161252218,6597,D,H,0.5915124564121784,0.19561401759139616,0.2128735259964253
161792352,6484,A,H,0.47282946415082966,0.22928475633538903,0.2978857795137813
161792354,6484,A,A,0.3007918443995003,0.3039652254404675,0.39524293016003215
161792356,6597,A,H,0.5650091884894044,0.19645594385504844,0.23853486765554707
161792357,6527,D,H,0.43247690839601177,0.30474244849982873,0.26278064310415955
161792358,6527,H,A,0.33568429388028637,0.2733961881662305,0.39091951795348306
161792359,6527,A,H,0.5948436625223885,0.2289344830802812,0.17622185439733032
161792366,6597,H,H,0.5150305779976906,0.3194267980950287,0.16554262390728072
161792368,6527,H,H,0.6979307772433311,0.19371032658967574,0.1083588961669933
162252209,6435,H,H,0.6847823204249144,0.20921244426446636,0.10600523531061926
162252210,6435,A,H,0.3793913080974012,0.3542752055365396,0.26633348636605936
162252211,6435,A,A,0.20703959550490114,0.18224746198647673,0.6107129425086221
162252216,6435,A,A,0.1509991391189609,0.2588971896821812,0.590103671198858
162252217,6435,H,H,0.409526384931111,0.2608199097145195,0.32965370535436955
162252218,6435,H,H,0.4929065664315932,0.22949262685192204,0.27760080671648474
162252219,6435,A,H,0.46845593728092627,0.2502036484693747,0.28134041424969897
162252220,6435,H,H,0.5364534879870045,0.2558331768253708,0.2077133351876246
162252258,6435,H,H,0.6110611624706813,0.2811669343503539,0.10777190317896496
162252259,6435,H,H,0.7037019498245503,0.20119323958282834,0.09510481059262131
162525188,6526,H,H,0.4873776085431221,0.2548090138118317,0.2578133776450462
162525190,6526,A,H,0.44020666581999063,0.3595091035266895,0.20028423065331993
162525191,6527,D,H,0.5967027902048353,0.2062248956274825,0.19707231416768217
162525206,6526,D,H,0.3509282073358504,0.30916918547763045,0.3399026071865191
162525209,6526,H,H,0.7613720312449772,0.16309942640905403,0.07552854234596877
162525213,6527,A,A,0.14645635996621675,0.3033329342556501,0.5502107057781332
162525214,6526,D,A,0.22623738092030898,0.2508267337583223,0.5229358853213687
162525216,6527,H,H,0.5452841196575248,0.23454908407885997,0.22016679626361518
162525223,6526,D,A,0.22228717685633814,0.30080230287424325,0.47691052026941844
162525238,6527,H,A,0.16918896618954707,0.2584087724001184,0.5724022614103345
162525249,6527,H,H,0.6344774688677725,0.21620885703055556,0.14931367410167204
162525261,6526,D,A,0.1797691596488369,0.2400014708280286,0.5802293695231345
162525282,6526,A,A,0.31000849408224607,0.29327683716945574,0.3967146687482981
162525284,6526,D,D,0.2991775700719216,0.3686271747737703,0.33219525515430814
162525285,6526,H,A,0.34365120593038073,0.2517857597815649,0.40456303428805424
163194222,6527,H,H,0.5751057829639482,0.2314174664692169,0.19347675056683483
163194227,6597,A,D,0.3581138240939899,0.3635820233925582,0.278304152513452
163194237,6435,A,H,0.34584242847874996,0.3210880083283142,0.3330695631929359
163194238,6435,H,H,0.5772017595375439,0.23747626808035258,0.18532197238210354
163461421,6527,D,H,0.42975958134827913,0.23164900115262288,0.3385914174990979
163461432,6527,D,A,0.05386150033700238,0.15956623155654107,0.7865722681064566
163461451,6527,D,H,0.4974621585975786,0.24425917177969414,0.2582786696227274
163461452,6597,H,H,0.5306652850660613,0.2907458610607929,0.17858885387314588
163461453,6484,D,H,0.4743286910375915,0.20410473634506235,0.3215665726173461
163461459,6484,H,H,0.6415802591481702,0.17564037804027954,0.1827793628115502
163461460,6484,D,H,0.518791586688422,0.24723591229621672,0.2339725010153613
163461461,6484,H,H,0.7769586126173343,0.11568161654249302,0.10735977084017262
163461462,6484,D,H,0.45253176505003334,0.2931183359192748,0.25434989903069194
163461463,6484,H,H,0.5430796868260668,0.21687965940252965,0.24004065377140352
163461464,6484,H,H,0.6284675907532639,0.22849663042799506,0.14303577881874105
163461465,6597,D,H,0.6019921381055087,0.26014178586231507,0.13786607603217627
163461466,6597,H,H,0.4478226001270268,0.3269818932615813,0.22519550661139195
163461467,6597,A,A,0.21739797648044,0.181663563851811,0.600938459667749
163461468,6597,A,H,0.42548571576050054,0.3217196617287554,0.252794622510744
163461470,6484,A,A,0.32635476474916264,0.28739041775057655,0.3862548175002608
163976485,6527,H,H,0.7314466642927377,0.15439440777181335,0.11415892793544896
163976493,6526,A,H,0.3971596975569083,0.21861629311566572,0.3842240093274261
163976494,6527,A,A,0.1940036165551563,0.23686805497842686,0.5691283284664169
163976497,6597,D,A,0.2947435031035251,0.25476082268796346,0.45049567420851155
163976499,6597,H,H,0.4304124209524435,0.2592832206583398,0.31030435838921666
163976500,6484,D,H,0.6627898936784886,0.17653156185620147,0.16067854446530994
163976501,6527,H,D,0.24950553220715166,0.3803860934202755,0.3701083743725729
163976502,6527,D,A,0.2197569411559851,0.2619224677885247,0.5183205910554902
163976503,6527,H,A,0.3393879401331439,0.2977278984142738,0.36288416145258234
163976505,6597,H,H,0.7443786435840387,0.16900031363688797,0.08662104277907326
163976509,6484,D,H,0.5028728896923664,0.2411056990747105,0.256021411232923
164451535,6526,H,H,0.5780287185149147,0.2332459555721003,0.18872532591298502
164451536,6526,A,A,0.28882098310832466,0.30666457349032433,0.404514443401351
164451537,6526,H,H,0.404053582543745,0.26396521250466226,0.33198120495159267
164451538,6526,D,H,0.5639767186229776,0.26932971962119157,0.16669356175583086
164451539,6526,D,H,0.47311215421809244,0.2338199583188189,0.2930678874630887
164451540,6526,H,A,0.21299966774016274,0.3077666705942864,0.4792336616655508
164451541,6526,A,H,0.5165739031983455,0.2569411902780892,0.22648490652356532
164451542,6526,A,H,0.5087854638274036,0.3130530672595742,0.17816146891302206
164451547,6526,A,H,0.6664401721013348,0.20507869443618618,0.128481133462479
165444903,6435,H,H,0.5307957578008262,0.27003915259029376,0.19916508960887996
165530213,6435,D,H,0.3795550086504732,0.24579783459286234,0.37464715675666455
165530214,6435,A,A,0.18617013807626545,0.22319206871163408,0.5906377932121004
165530215,6435,H,A,0.3450480772729135,0.30461319469887804,0.3503387280282085
165530234,6435,H,A,0.33162197242088626,0.30077816618286124,0.36759986139625256
165744639,6435,D,A,0.32666625486456513,0.31757354850723835,0.35576019662819647
165745866,6435,H,H,0.4296459362661742,0.33729777264840904,0.23305629108541684
165746575,6435,H,H,0.824171710284188,0.12048726215413266,0.05534102756167944
166356394,6435,D,H,0.6692706912399524,0.20330876504633585,0.12742054371371161
166422933,6484,H,H,0.46911731360660763,0.17556467429431394,0.3553180120990785
166422934,6484,D,H,0.4773480954239112,0.25553872547458545,0.2671131791015035
166422935,6484,H,H,0.7090802341519539,0.14487427148503737,0.14604549436300884
166422942,6484,A,A,0.27410833533871926,0.19015134300042247,0.5357403216608583
166422943,6484,A,A,0.07192444349521203,0.16891646922300313,0.7591590872817848
166422948,6484,D,A,0.22570192975861345,0.2645752931798936,0.509722777061493
166422954,6484,A,H,0.4252335225493387,0.2311342100915018,0.3436322673591595
166422955,6484,H,A,0.23893795064300208,0.23593132130303784,0.52513072805396
166422956,6484,D,A,0.1630490483629949,0.15566539496699672,0.6812855566700082
166422957,6435,A,H,0.6107934046009037,0.24941214645395787,0.13979444894513837
166997679,6484,H,H,0.6074178114901323,0.19980545995466825,0.19277672855519942
166997680,6526,A,D,0.3389787893005417,0.37805284818397394,0.2829683625154844
166997681,6526,H,H,0.792100470990668,0.14451764826394092,0.06338188074539101
166997682,6527,H,A,0.1912620601886903,0.24660527373819585,0.562132666073114
166997684,6526,D,A,0.24669738874757333,0.27438129734067707,0.4789213139117497
166997686,6597,A,H,0.5656780000222823,0.28746251378671356,0.1468594861910042
166997687,6527,A,A,0.362602018828613,0.2731212096170507,0.36427677155433635
166997688,6527,D,H,0.6410030302003875,0.2424848908369657,0.11651207896264687
166997690,6597,A,A,0.16072674731490355,0.30349677911177303,0.5357764735733235
166997692,6526,H,H,0.68717145145649,0.20783253613429495,0.10499601240921506
166997693,6526,H,H,0.4651994711291391,0.2581675214921752,0.27663300737868574
166997694,6526,A,A,0.22565691702663054,0.32504581845161623,0.4492972645217533
166997695,6526,D,A,0.3181092597428755,0.30999088895542715,0.3718998513016973
166997696,6527,A,A,0.2271451603539951,0.2669452987095607,0.5059095409364442
166997698,6597,D,H,0.47217067680879965,0.27547892653441153,0.2523503966567888
166997700,6526,A,A,0.2697706422167287,0.2679973532071236,0.46223200457614777
166997701,6527,D,H,0.4632899365898054,0.17464023655021418,0.36206982685998046
166997702,6597,H,H,0.44512781725824413,0.3106168029051792,0.24425537983657658
166997703,6597,A,H,0.4624244321116145,0.2786704938916713,0.25890507399671425
166997704,6597,D,A,0.17298303749074354,0.26049824398804905,0.5665187185212074
166997705,6597,A,H,0.6764649970154433,0.23629232646939363,0.08724267651516306
166997706,6597,H,H,0.47559776414940513,0.24554568193037682,0.27885655392021796
166997707,6526,A,A,0.2420837636158594,0.26693387772687976,0.4909823586572609
166997708,6527,H,H,0.6070112100919006,0.18646179567981344,0.20652699422828596
166997709,6526,H,H,0.6794458124479326,0.22617743479808713,0.09437675275398032
166997710,6597,H,H,0.6004276481131505,0.21742016027579206,0.18215219161105736
166997711,6527,H,A,0.2701134389001099,0.3193357659280213,0.4105507951718687
166997712,6435,A,A,0.2747167452087367,0.34138386326610876,0.3838993915251544
166997713,6435,D,A,0.29487948277258236,0.3305918375465602,0.3745286796808575
166997714,6435,A,H,0.43154012303436556,0.3092768205574333,0.2591830564082011
166997715,6435,H,H,0.7829702293184866,0.14360773998416657,0.07342203069734692
166997716,6435,D,H,0.42930976242850943,0.2620720430219719,0.3086181945495188
166997717,6435,H,H,0.7666881202931682,0.1562297529970127,0.07708212670981904
166997718,6435,D,H,0.41470220955889214,0.30475716472637643,0.28054062571473143
166997719,6435,H,H,0.6661721444867004,0.228236140019758,0.10559171549354168
167336769,6527,A,H,0.41304367945990667,0.2554640257124858,0.33149229482760756
167336770,6527,H,H,0.8129457065322788,0.13798972313832622,0.04906457032939492
168157236,6435,A,A,0.24205247559753054,0.3300745145712309,0.4278730098312386
168240949,6435,D,A,0.3042315351333369,0.27926502781346285,0.4165034370532001
168240950,6435,D,H,0.41169173145101773,0.33056518252779826,0.25774308602118406
168240953,6435,H,A,0.1059314477933765,0.2034909159556718,0.6905776362509517
168240955,6435,H,H,0.4661180666158006,0.2908354277585532,0.2430465056256462
168447351,6435,H,H,0.42243125950313354,0.27240283044698965,0.30516591004987675
168448723,6435,D,H,0.6283854688429515,0.22804754135940206,0.14356698979764643
169079955,6435,D,H,0.4286542585516955,0.36422937389025895,0.20711636755804555
169081170,6435,H,H,0.7218173147892328,0.18161228409724084,0.09657040111352644
169150142,6484,D,A,0.2970572792871936,0.23778656917573437,0.46515615153707196
169150145,6484,H,H,0.57418944816434,0.24390202560560426,0.18190852623005566
169150146,6484,H,H,0.7481384030678109,0.15345915828576998,0.09840243864641918
169150147,6484,H,H,0.7613611816305331,0.147294947252001,0.09134387111746581
169150148,6484,H,H,0.46970504890047815,0.2595459668180709,0.270748984281451
169150149,6484,H,A,0.23508200404407642,0.2847097007710976,0.48020829518482594
169150151,6484,H,A,0.24075542744555797,0.2042563960492843,0.5549881765051579
169150152,6484,D,H,0.5906219892650625,0.19880400151731795,0.2105740092176195
169150153,6484,D,H,0.4476104086051183,0.2791127452000085,0.2732768461948732
169150156,6484,A,A,0.2139141140574717,0.18006171336878682,0.6060241725737414
169703210,6435,H,H,0.5131830741668402,0.3116068472941836,0.17521007853897624
169762468,6526,H,A,0.2959570081602736,0.23932655133183056,0.464716440507896
169762469,6527,D,A,0.14542339898842896,0.1691473079447716,0.6854292930667994
169762470,6597,D,H,0.7138228879184777,0.18247870364313787,0.10369840843838438
169762471,6526,D,A,0.203147562853219,0.30255015680945646,0.4943022803373245
169762472,6597,D,A,0.2724820685019355,0.24673543130501394,0.4807825001930506
169762473,6527,H,H,0.5023429707925033,0.3103286781079827,0.18732835109951393
169762474,6527,D,A,0.27793118569715825,0.27671564522939524,0.4453531690734465
169762475,6527,H,H,0.4463353231419427,0.320507268129204,0.23315740872885335
169762476,6597,A,H,0.4842017396157656,0.2555905500252011,0.26020771035903323
169762477,6526,H,H,0.5748415339742275,0.27787683014160386,0.14728163588416865
169762478,6526,D,H,0.459529407684209,0.28849775274397,0.2519728395718209
169762479,6527,H,A,0.28944561536622454,0.2552689029815729,0.45528548165220256
169762482,6526,D,H,0.6559705045483042,0.20414027517885747,0.13988922027283837
169762484,6527,A,A,0.2863360441643583,0.2379764820744602,0.47568747376118153
169762486,6526,H,H,0.6635771118988866,0.2093129826163939,0.12710990548471965
169762487,6527,H,H,0.529438594568785,0.22959323098834036,0.24096817444287472
169762488,6597,A,H,0.5163169092276302,0.24267846493096612,0.24100462584140372
169762489,6526,H,H,0.5981006637676097,0.2655825845902593,0.136316751642131
169762491,6527,H,A,0.23189863844580663,0.33025047822358156,0.43785088333061184
169762492,6597,A,H,0.44510482543972313,0.23345956135429155,0.3214356132059854
169762493,6597,H,H,0.45104746701572984,0.252957212644629,0.2959953203396412
169762494,6597,A,H,0.36728461305941834,0.3290694032255015,0.30364598371508006
169762495,6597,D,H,0.8118826151945887,0.1462782309191748,0.041839153886236456
169762496,6526,H,D,0.3248141436996003,0.42420991413371917,0.25097594216668057
169762497,6526,H,H,0.48072985169465293,0.3279138721434146,0.19135627616193243
169762498,6527,D,H,0.6720828441502428,0.18044409529019495,0.14747306055956227
169762499,6597,H,D,0.3476766088497697,0.3650266635698472,0.28729672758038316
169762500,6526,H,H,0.5249232559591662,0.25251461590682983,0.22256212813400394
171009035,6435,D,H,0.45075626715664635,0.31548353864179146,0.2337601942015621
171082432,6435,D,A,0.3021546099265907,0.264407749293452,0.4334376407799572
171082433,6435,H,H,0.378068313046167,0.3376472436831764,0.28428444327065655
171082434,6435,A,A,0.11767694176142489,0.22594050968910198,0.6563825485494731
171082435,6435,H,H,0.43971759192563004,0.27188790473102964,0.2883945033433403
171082436,6435,H,H,0.7295069193313185,0.1762989120522198,0.0941941686164616
171082437,6435,A,A,0.1916678216965308,0.3102921464346359,0.4980400318688334
171082438,6435,A,A,0.26345698668944023,0.30635777552270266,0.430185237787857
171082439,6435,D,H,0.5127665925005701,0.24770524538630428,0.23952816211312553
171082440,6435,H,D,0.3101173879024163,0.38539769087621495,0.30448492122136867
173892549,6597,H,H,0.5871174706867162,0.23324341050661426,0.17963911880666958
173892561,6435,A,H,0.5553433143743044,0.31074818497632173,0.13390850064937382
173892565,6527,D,H,0.5553358737809949,0.17089473595407323,0.27376939026493174
174190733,6527,H,H,0.7386585905506537,0.1515316064222888,0.10980980302705744
174190734,6435,A,A,0.22614548930568687,0.31253882526638094,0.46131568542793217
174190735,6526,H,H,0.48932843076145377,0.2386917095344715,0.27197985970407473
174190736,6527,A,A,0.15507973063438388,0.2490038667333301,0.595916402632286
174190737,6597,H,H,0.5507646654967383,0.22805341302775226,0.2211819214755094
174190738,6435,A,H,0.49689954727438773,0.2998668257212176,0.2032336270043948
174190739,6484,H,A,0.2505526163152365,0.20108510118041548,0.548362282504348
174190742,6526,H,H,0.7311726728453402,0.17563655794187433,0.09319076921278559
174190764,6527,D,A,0.28777226238228604,0.27768738911328494,0.434540348504429
174190765,6435,A,D,0.2937665938166886,0.38104453702367497,0.32518886915963646
174190766,6484,A,H,0.4348693723182633,0.27927977908257584,0.2858508485991608
174190767,6484,A,A,0.3920280131166531,0.21151074076404144,0.3964612461193054
174190768,6484,H,H,0.48329254858907683,0.2201589357519617,0.2965485156589615
174190769,6484,A,H,0.5016951455609057,0.22510067141268142,0.2732041830264129
174190770,6597,H,H,0.4424157200278002,0.2850861800290305,0.27249809994316926
174190771,6597,A,H,0.37436338282853293,0.2748983784829683,0.35073823868849885
174190772,6597,H,H,0.514280247050483,0.27789645105455096,0.20782330189496598
174190773,6597,H,H,0.7175909357068693,0.17296706678764764,0.10944199750548309
174190774,6526,D,A,0.24252188630973068,0.31459251635848984,0.44288559733177946
174190775,6526,D,H,0.4787854657842099,0.26848733850532586,0.2527271957104642
174190776,6435,H,H,0.5968440800589271,0.2532803689987083,0.14987555094236468
174190777,6484,H,H,0.6989275722540662,0.17965101546048096,0.12142141228545272
174190782,6484,A,D,0.32634922913502706,0.3517173245724084,0.3219334462925646
174190783,6597,H,H,0.5777915359152442,0.28172408031777235,0.14048438376698338
174815179,6435,H,H,0.7409992393345192,0.17570751912769844,0.08329324153778232
174815180,6527,A,A,0.12442638527160801,0.23014398708839343,0.6454296276399987
174815182,6435,D,H,0.4515635168764539,0.3263153379346857,0.2221211451888604
174815183,6526,H,H,0.49511432418639495,0.29953610606332925,0.20534956975027585
174815184,6597,A,H,0.4911537105099083,0.30054371207954367,0.20830257741054803
174815186,6527,D,A,0.33093877396076055,0.25363451881955945,0.41542670721968006
174815187,6527,D,H,0.5443504404387638,0.22834682524765695,0.2273027343135792
174815188,6435,H,H,0.6762436598394421,0.20422983787645763,0.11952650228410033
174815189,6597,A,A,0.23079636028233352,0.34707170469008736,0.4221319350275791
174815190,6526,A,A,0.1567388237939451,0.2255104687787777,0.6177507074272772
174815191,6526,A,A,0.2566892081419531,0.266115963507639,0.4771948283504079
174815192,6527,A,A,0.2526876505599661,0.30156746695677716,0.44574488248325667
174815193,6484,A,A,0.045356738050338345,0.1337356138641991,0.8209076480854625
174815194,6435,H,H,0.4269510470494543,0.27954105915073163,0.2935078937998141
174815195,6526,A,A,0.24738850552766972,0.262975877666315,0.4896356168060152
174815239,6527,H,H,0.3530253554242232,0.31562004842569574,0.331354596150081
174815241,6484,H,H,0.7174035650855966,0.12192143042628864,0.16067500448811492
174815242,6526,A,A,0.3984946142539707,0.20199609775561558,0.39950928799041374
175378050,6435,A,H,0.4101757184236786,0.3332505097206585,0.2565737718556628
175378051,6484,H,H,0.5234410891164514,0.2129401104116263,0.2636188004719223
175378052,6526,A,H,0.5873053212640226,0.25507308359226094,0.1576215951437164
176188618,6484,A,A,0.21852264200399596,0.27364967227592846,0.5078276857200755
176188619,6597,D,H,0.40602380634595286,0.31234473300334265,0.2816314606507045
176188625,6435,A,A,0.24418898628356336,0.32427672057480084,0.43153429314163566
176188626,6526,H,A,0.278629310905026,0.32138108781437813,0.39998960128059574
176188627,6526,H,H,0.3538627670780972,0.33513611049473707,0.3110011224271657
176455462,6597,D,A,0.1847161918070751,0.27256224186705713,0.5427215663258678
176455467,6484,H,H,0.5278944794371077,0.2371243811381903,0.234981139424702
176455468,6597,H,A,0.2601895719921527,0.28385889923208146,0.4559515287757659
176455469,6597,H,H,0.4785994030419633,0.2618983245208078,0.25950227243722895
176455470,6597,H,H,0.7972255665841356,0.13956934293878098,0.0632050904770835
176455472,6435,A,A,0.24137280841525052,0.30969260041519997,0.4489345911695494
176455474,6526,H,H,0.65376447128264,0.19971279245946208,0.14652273625789797
176455475,6484,H,H,0.871771809782864,0.10149632781035361,0.02673186240678253
176455476,6484,D,H,0.44516401842126485,0.2668913790260628,0.2879446025526723
176455482,6435,A,A,0.3715855189614392,0.22025823202916608,0.4081562490093947
176455484,6435,H,H,0.40222371363055553,0.3345021646042439,0.2632741217652005
176455485,6484,D,A,0.3109904852023941,0.2533154414895257,0.4356940733080802
176455486,6526,H,H,0.43642129303072597,0.26095875166046606,0.3026199553088081
176455492,6435,H,H,0.5063932530105332,0.2712024263430945,0.2224043206463723
176455494,6484,D,H,0.7044151712773642,0.1829170360325842,0.1126677926900515
176455495,6597,D,H,0.4063062688138783,0.25402692023501916,0.3396668109511025
176455497,6526,H,H,0.7223485716330427,0.20011411081167152,0.07753731755528585
176981611,6435,A,H,0.427724255507274,0.27468926955235495,0.29758647494037105
176981612,6526,H,H,0.48110589120911945,0.27484858345515406,0.24404552533572646
176981613,6597,D,H,0.4968210722055507,0.283556413206384,0.21962251458806523
176981614,6435,H,H,0.4577875169344954,0.23391023391313667,0.3083022491523681
176981615,6526,D,H,0.48682716862020403,0.22623994014010101,0.286932891239695
176981616,6597,D,H,0.5873829361934684,0.21387328489631224,0.19874377891021944
176981617,6484,D,A,0.32168080188060305,0.21375037851461998,0.464568819604777
176981620,6435,D,H,0.5972228679432271,0.2530571692161391,0.14971996284063377
176981621,6597,A,A,0.057817763999753594,0.1521195364045,0.7900626995957465
176981622,6526,D,H,0.4271211942387248,0.3646450745094898,0.20823373125178546
176981623,6526,H,H,0.5908650018567292,0.28424623423115664,0.12488876391211419
176981624,6484,H,A,0.3391257645515393,0.2960145408889498,0.3648596945595108
176981625,6484,H,A,0.16933366040481998,0.17116845405782263,0.6594978855373574
176981626,6484,H,H,0.5700929216992486,0.21045521544780801,0.21945186285294338
176981630,6526,D,H,0.4727215937812387,0.29866637240697963,0.22861203381178175
176981641,6435,H,A,0.27460440575172473,0.2753210900629054,0.4500745041853698
177491191,6435,D,H,0.41534318282914556,0.282701775469468,0.30195504170138654
178194477,6527,A,A,0.23023311378646238,0.16688707666507704,0.6028798095484605
178194479,6527,H,A,0.34773664212993366,0.24179069302998055,0.4104726648400859
178194480,6527,A,A,0.14490520673961094,0.33794850206245675,0.5171462911979323
178194481,6527,H,A,0.24749200886433817,0.23029358786193513,0.5222144032737267
178194484,6527,A,H,0.4734165905392209,0.19677955636955644,0.3298038530912226
178194486,6527,A,H,0.389197659087428,0.2764096923921331,0.334392648520439
178194487,6527,H,H,0.429400904102351,0.3157200986280735,0.2548789972695754
178194490,6527,H,H,0.6707227153994066,0.19509590593232148,0.13418137866827198
178650201,6527,D,H,0.47554947513835555,0.25914149333715325,0.2653090315244911
179595223,6484,D,A,0.37362051109050687,0.21461898399919294,0.4117605049103002
179595224,6484,H,H,0.6073370999437634,0.17080810194093154,0.221854798115305
179595225,6484,D,A,0.2026407438181211,0.3319913040603063,0.4653679521215727
179595226,6484,H,H,0.3558987060858116,0.31852367278290733,0.32557762113128114
179595227,6484,H,H,0.6106831668966183,0.23521202017699921,0.15410481292638245
179595228,6484,H,H,0.6513349364841363,0.15080160916443816,0.1978634543514254
179595229,6484,D,H,0.3885274529917564,0.2848306657540701,0.32664188125417354
179595230,6484,H,A,0.15518932611597086,0.1412790474847792,0.7035316263992498
179595231,6484,H,A,0.2873715319300048,0.20193529017588893,0.5106931778941063
180209799,6484,H,H,0.5769448470311124,0.19885907724160118,0.22419607572728648
180209800,6435,D,H,0.35567138913108387,0.32348963596612706,0.320838974902789
180209801,6527,A,A,0.28566725755612227,0.18934793402123443,0.5249848084226433
180209802,6435,A,H,0.4231921461347955,0.35819376428176575,0.21861408958343875
180209803,6597,H,H,0.49837407410435236,0.2827605667269103,0.21886535916873742
180209804,6527,H,H,0.440716536500576,0.3085552844257578,0.2507281790736663
180209805,6527,H,A,0.30460407276400636,0.2616454611910309,0.43375046604496276
180209806,6435,H,H,0.9044433356535571,0.07920283061355758,0.01635383373288531
180209807,6597,D,H,0.6553919731313315,0.2201291028543529,0.12447892401431573
180209808,6527,H,H,0.4550141213305658,0.2553841988524691,0.28960167981696516
180209809,6435,H,H,0.6290330040384213,0.2306633260345511,0.14030366992702756
180209810,6527,H,A,0.1785217543622177,0.26283906602140134,0.558639179616381
180209811,6435,A,A,0.18219313337671408,0.23190893293274062,0.5858979336905453
180209812,6527,A,A,0.32748995090994454,0.2679657516779988,0.40454429741205655
180209813,6597,H,H,0.4477175659171377,0.29997512481204724,0.252307309270815
180209814,6435,D,H,0.5727103025290381,0.2309927714537397,0.19629692601722223
180209815,6527,H,H,0.7377572029137404,0.14565079308876192,0.11659200399749778
180209816,6435,H,H,0.5635410063626651,0.2617467311209991,0.1747122625163357
180209817,6597,H,A,0.25645061103516814,0.30038619450580395,0.4431631944590279
180209818,6597,D,H,0.4166996980737214,0.32309100136328506,0.26020930056299346
180209819,6597,A,H,0.4986239120553636,0.28604704897916294,0.21532903896547345
180209820,6597,H,H,0.6889354847219845,0.22528133418845583,0.08578318108955969
180209821,6597,H,H,0.79894205238257,0.1373864028482661,0.06367154476916384
180209822,6435,H,H,0.5585931349265556,0.30782144409507667,0.1335854209783678
180209823,6527,D,H,0.44984426802476263,0.25869113051342935,0.291464601461808
180209824,6435,H,H,0.3992087864316329,0.346450711761994,0.2543405018063732
180209825,6597,D,H,0.6605104444589992,0.17234340818873523,0.1671461473522655
180209826,6527,A,H,0.7466835562204154,0.1523420085695303,0.10097443521005425
180209827,6526,H,H,0.5834733994398127,0.23829323805948638,0.17823336250070093
180209828,6526,A,A,0.2959769875674583,0.25381655113183,0.4502064613007117
180209829,6526,A,A,0.11396579233376722,0.2138981404708315,0.6721360671954013
180209830,6526,D,H,0.5833756743813641,0.2544486946629178,0.16217563095571808
180209831,6526,H,H,0.7330754717345981,0.17804557728099435,0.08887895098440751
180209832,6526,H,A,0.28964896489034947,0.27645188969585766,0.43389914541379293
180209833,6526,A,A,0.21482381361653527,0.23001646119047375,0.5551597251929911
180209834,6526,A,H,0.49688406325514706,0.26279363586276466,0.2403223008820883
180209835,6526,H,H,0.4055634832395801,0.28538314101142365,0.3090533757489962
180209836,6526,A,A,0.33795154205955164,0.3236206374828396,0.3384278204576087
180209839,6435,H,H,0.4008379359538573,0.35173509117907126,0.24742697286707152
181508812,6526,A,A,0.36019729216604074,0.26245665760961534,0.377346050224344
181723791,6526,H,H,0.5362662369189994,0.31831759450871583,0.14541616857228473
181724598,6526,A,A,0.21546425728535065,0.2240879711015808,0.5604477716130685
181724798,6526,A,A,0.13650433138093435,0.28902321882428655,0.5744724497947791
182340187,6526,A,A,0.16634776965838102,0.23295898931077944,0.6006932410308394
182340515,6526,H,A,0.1784949232182178,0.34687427641908075,0.4746308003627015
182340598,6526,H,H,0.6858935832698765,0.2115394990163434,0.10256691771378011
182404256,6484,D,H,0.4579535996355118,0.21878456041673955,0.32326183994774865
182404257,6484,A,H,0.8441738165424556,0.10090805169662587,0.05491813176091869
182404258,6484,A,H,0.6283514323948804,0.21374079072753557,0.15790777687758392
182404259,6484,H,H,0.6917146118995185,0.18286327092322138,0.12542211717726012
182404260,6484,H,H,0.6280908998411732,0.1594926416271934,0.21241645853163343
182404261,6484,H,A,0.2105011545009821,0.19621683872545476,0.5932820067735632
182404280,6484,H,H,0.43125680075620587,0.3264981159572628,0.24224508328653138
182404281,6484,D,H,0.44205031489068475,0.32506441398066316,0.23288527112865204
182404282,6484,A,A,0.3725110826632684,0.23735040804987337,0.3901385092868582
182404283,6484,H,A,0.2776715270356102,0.2776447424440866,0.4446837305203032
182911612,6526,H,A,0.2869889411739556,0.3120789440238904,0.40093211480215407
182911613,6526,A,H,0.5945224894922877,0.25643621026654106,0.1490413002411713
182911657,6526,H,H,0.6427732073071911,0.25494089239081474,0.10228590030199405
182967017,6435,H,A,0.12268330966442498,0.18485568314967307,0.6924610071859019
182967018,6527,H,H,0.564112782809007,0.26224334098127405,0.17364387620971894
182967020,6597,A,H,0.5413454898434551,0.2643896997031977,0.19426481045334715
182967022,6435,D,A,0.16543340813832216,0.2613658839853219,0.5732007078763558
182967023,6435,H,A,0.2991534847501832,0.3354336914407833,0.3654128238090335
182967024,6597,A,H,0.5333999310759949,0.2096008210009978,0.2569992479230072
182967025,6527,A,H,0.35754675420728144,0.30095629669762247,0.3414969490950961
182967026,6527,A,A,0.26978530247548715,0.30295277395655323,0.4272619235679596
182967027,6527,H,A,0.18532212629679834,0.32954742662352027,0.4851304470796814
182967029,6435,A,A,0.3543975305145911,0.24653005213036372,0.3990724173550451
182967031,6597,D,H,0.44268735510737917,0.3188318484260791,0.23848079646654177
182967032,6527,D,H,0.39118005146596146,0.24965253111464736,0.3591674174193912
182967035,6435,D,H,0.5744829044118698,0.23982875995316796,0.1856883356349623
182967037,6527,A,A,0.055130961927063474,0.13929594418464442,0.8055730938882922
182967039,6435,A,H,0.5105660680567431,0.25436724626438695,0.23506668567887
182967042,6527,H,H,0.4866450165377763,0.22861605351014755,0.2847389299520763
182967044,6597,D,H,0.5246298474410578,0.2477104816521912,0.2276596709067511
182967045,6435,D,A,0.29703577484305965,0.33538457950072226,0.367579645656218
182967048,6527,A,A,0.2741531368451561,0.2608562829418237,0.4649905802130201
182967050,6435,H,H,0.5681496429329942,0.22926833081743958,0.20258202624956623
182967052,6597,A,A,0.06459599661613923,0.1194603105292957,0.8159436928545651
182967053,6597,D,A,0.07688856914223137,0.21101898628809568,0.7120924445696731
182967054,6597,H,A,0.2961435984667016,0.265827421197292,0.43802898033600635
182967055,6597,H,H,0.5553949256021606,0.3052402478550133,0.13936482654282614
182967056,6435,H,H,0.7219804291497262,0.17681049689835016,0.10120907395192376
182967058,6435,A,H,0.5521424113828496,0.2914372061748475,0.15642038244230294
182967059,6527,A,H,0.4772251807750616,0.2662094932927053,0.2565653259322331
182967060,6597,D,H,0.3923027969643483,0.2609768344237695,0.34672036861188216
183869746,6526,D,A,0.2297349795709291,0.306899184789128,0.46336583563994294
184105715,6526,D,H,0.43263062610461284,0.3189940729140629,0.2483753009813242
184206513,6526,D,H,0.48513443378264065,0.2798518418931891,0.23501372432417014
184406791,6526,A,H,0.35729894379294463,0.311269540087231,0.3314315161198243
184407656,6526,D,A,0.19065467869388916,0.2789191718670139,0.5304261494390968
184407902,6526,H,H,0.6260769990785789,0.2328154046464154,0.14110759627500571
185014209,6526,H,H,0.6966104075095157,0.1957755200853418,0.1076140724051424
185015100,6526,H,H,0.7685752827179485,0.15708689275355928,0.07433782452849223
185015104,6526,A,H,0.422652334627473,0.2590448353381342,0.3183028300343929
185015404,6526,A,A,0.12449420532126956,0.2623183914380493,0.6131874032406812
186813811,6527,H,H,0.7462219070517692,0.16505727425315322,0.08872081869507759
186813812,6435,H,H,0.6855488162942952,0.23349757240391067,0.0809536113017941
186813813,6597,H,H,0.8642194722106064,0.10537431624185126,0.03040621154754244
186813814,6527,H,H,0.6465549937549931,0.20010694042086663,0.1533380658241401
187076929,6435,D,A,0.1329196771459142,0.2358788488346787,0.6312014740194072
187076930,6526,A,A,0.18371531780393896,0.24998831198634347,0.5662963702097176
187076931,6597,H,H,0.5060648750827704,0.2619548510257499,0.2319802738914797
187076932,6435,H,H,0.6223967505584984,0.2650157821851829,0.11258746725631878
187076962,6484,A,H,0.5831665000296048,0.16005986844559542,0.2567736315247997
187076963,6526,D,H,0.43574933397131105,0.2360569754691319,0.3281936905595571
187076967,6527,A,H,0.43201910409652583,0.19531343340046184,0.3726674625030123
187076969,6484,A,H,0.7184565172802918,0.16564444782501114,0.11589903489469706
187076970,6484,D,H,0.49953789204208193,0.22259186322306063,0.27787024473485733
187076971,6484,D,H,0.45736189709977904,0.3205125906899547,0.22212551221026633
187076972,6484,H,H,0.4664712354105015,0.22504332861919796,0.30848543597030065
187076973,6597,H,H,0.42741011805799006,0.2942214868804145,0.27836839506159544
187076974,6597,H,H,0.3708509354647255,0.2941417282471689,0.33500733628810564
187076975,6597,H,H,0.4101888874812948,0.2659854482628219,0.3238256642558834
187076976,6597,H,H,0.7372815426424085,0.20051856336949855,0.0621998939880929
187076977,6597,H,H,0.7047092538659698,0.17286041644553302,0.12243032968849725
187076978,6526,A,A,0.0903968678039896,0.26575224142177334,0.6438508907742371
187076979,6435,H,A,0.19737315698710486,0.25859097720983243,0.5440358658030627
187076980,6484,A,A,0.21590498128051572,0.2110083083021618,0.5730867104173225
187076984,6435,H,H,0.5933072675207759,0.253714545087437,0.15297818739178703
187076985,6527,D,H,0.3782675594207268,0.2531324047410703,0.3686000358382029
187076986,6527,H,H,0.4172882082789297,0.3171247050202864,0.2655870867007839
187076987,6484,A,H,0.48172726424658524,0.18644273165581932,0.3318300040975954
187076988,6435,A,D,0.34592099376647195,0.36966220386086995,0.284416802372658
187649727,6435,H,H,0.45472429498839506,0.32887214017008976,0.21640356484151516
187649728,6526,H,H,0.5454576237574418,0.26904085264806027,0.18550152359449795
187649729,6527,H,H,0.5592325610347204,0.2021444394869315,0.23862299947834806
187649732,6435,A,A,0.13221756504315754,0.22080361223592507,0.6469788227209173
187649733,6526,H,H,0.517789707366184,0.2600686772445899,0.2221416153892261
187649734,6597,H,H,0.6017004464099931,0.22736627721009275,0.17093327637991418
187649735,6484,D,A,0.18798337893672182,0.30746053773608134,0.5045560833271968
187649737,6527,H,H,0.5365176430191407,0.25997459909153803,0.20350775788932132
187649738,6527,A,H,0.5789383015788312,0.25370987576354326,0.16735182265762552
187649739,6435,H,H,0.4069767815505453,0.2860655296206596,0.3069576888287952
187649743,6597,A,D,0.324125114709185,0.34735510194231795,0.328519783348497
187649744,6526,D,H,0.48152003959602346,0.2792991404027863,0.23918082000119023
187649745,6526,A,A,0.26551591803418306,0.2873750494428457,0.44710903252297124
187649746,6527,H,H,0.5645235766257528,0.22576639648772442,0.2097100268865228
187649747,6484,A,A,0.09435740934431248,0.1561349827909797,0.7495076078647078
187649750,6435,D,A,0.27036460996386114,0.3591740626271749,0.37046132740896387
187649752,6526,D,D,0.3484590505063111,0.35840904928238687,0.29313190021130203
188203048,6484,A,H,0.5546991362225614,0.24899688540736484,0.1963039783700737
188203049,6526,A,H,0.40700830893827183,0.3373059837508585,0.25568570731086965
188203050,6526,D,A,0.32509976554013964,0.32596155151404493,0.3489386829458155
189091581,6484,D,H,0.7231945345548405,0.19671073149706894,0.08009473394809054
189091582,6526,H,H,0.5974920285999619,0.23604825693264983,0.16645971446738836
189091583,6597,H,H,0.5596046638801668,0.28136209087352343,0.1590332452463098
189091587,6435,H,H,0.5555455851689106,0.271176299409127,0.1732781154219623
189091588,6527,A,H,0.46063727738634397,0.24499146028904628,0.29437126232460964
189312708,6527,D,H,0.795819585535415,0.13659916329606805,0.06758125116851685
189312709,6435,A,A,0.1759381939688013,0.2881425878908128,0.5359192181403859
189312710,6526,H,H,0.5022891308577271,0.3276620178393198,0.17004885130295314
189312716,6435,H,A,0.2212703066590628,0.3016710929635429,0.4770586003773944
189312717,6484,A,H,0.379446442390775,0.24137833962904293,0.379175217980182
189312722,6435,D,H,0.5412641856259883,0.2814908532414754,0.1772449611325363
189312724,6484,A,A,0.26661694753244897,0.2548099952124107,0.47857305725514043
189312725,6484,D,H,0.44552120826291,0.25582901772577293,0.2986497740113172
189312726,6484,H,H,0.5787745863502053,0.2549486330823134,0.1662767805674813
189312727,6597,A,A,0.22665537798476296,0.25988319247941594,0.5134614295358211
189312728,6597,H,H,0.595580695866604,0.2769314844530165,0.12748781968037945
189312729,6597,H,H,0.4108588080164612,0.30624249013339006,0.2828987018501488
189312730,6597,D,A,0.2791887305070136,0.29430747318744865,0.4265037963055377
189312731,6597,A,H,0.5289891792096804,0.2591838241628364,0.21182699662748322
189312732,6526,D,H,0.6043143526415713,0.2296578294620379,0.16602781789639084
189312733,6435,A,H,0.7955127442803137,0.15819758134951112,0.04628967437017512
189312742,6484,H,H,0.612927561694563,0.23205268146622626,0.15501975683921082
189312744,6597,D,A,0.10052899773442582,0.20492343364397092,0.6945475686216033
189312746,6527,H,H,0.41617365443092746,0.2494161898221502,0.3344101557469224
189312747,6527,H,H,0.4572822868207993,0.31961049734300034,0.22310721583620036
189312753,6526,H,H,0.6925276809143173,0.21091610639904637,0.09655621268663639
189758516,6435,H,H,0.44333646197364923,0.24659419832846752,0.3100693396978833
189758517,6526,D,A,0.1905329729729985,0.23664678139003048,0.5728202456369709
189758518,6527,H,A,0.2893692098607768,0.24823568913249755,0.46239510100672565
189758521,6435,A,H,0.40068230067145144,0.29189753761521314,0.3074201617133353
189758523,6597,A,A,0.33390342513619736,0.2756959032922442,0.3904006715715584
189758525,6527,A,H,0.34832310406643274,0.3205702588685281,0.3311066370650391
189758527,6484,H,A,0.4010283609615285,0.19688147414306978,0.4020901648954017
189758531,6435,H,H,0.692661579748509,0.19581498776724962,0.11152343248424137
189758532,6597,H,H,0.5610227145887536,0.2655261115569479,0.17345117385429845
189758533,6526,A,A,0.24015801376724263,0.29958380438584437,0.4602581818469129
189758534,6526,H,A,0.19603810380385867,0.27570665597678295,0.5282552402193583
189758535,6527,D,A,0.17416936124472848,0.2508009666416448,0.5750296721136268
189758539,6484,D,H,0.623922327026948,0.19041590991827934,0.1856617630547725
189758540,6484,H,H,0.517695815815737,0.2724432083324508,0.20986097585181226
189758541,6484,H,H,0.5724888635219176,0.16833277318817497,0.2591783632899075
189758542,6526,A,H,0.49211759995185317,0.29864796317701364,0.2092344368711332
189758545,6435,D,H,0.5425046846968163,0.24804612414153182,0.2094491911616519
189758574,6527,H,H,0.3562184681771824,0.33988771323200334,0.3038938185908142
189758577,6527,H,H,0.476750659994073,0.2045271355491823,0.3187222044567446
190444544,6435,D,H,0.5191941373221067,0.24359828699086014,0.23720757568703302
190444545,6526,A,A,0.2128061560122651,0.21740923237238285,0.5697846116153521
193166609,6484,H,A,0.3160148169665786,0.17734527374370826,0.5066399092897131
193166610,6484,H,H,0.5005747987977982,0.20586428203399068,0.29356091916821114
193166611,6484,H,H,0.5106497922950533,0.24392691606097747,0.2454232916439692
193166612,6484,H,H,0.49999367472908696,0.1843661702328628,0.3156401550380501
193166616,6484,A,A,0.13995690662436422,0.23921597267642844,0.6208271206992074
193166617,6484,D,A,0.19622135092355814,0.1585556021457866,0.6452230469306552
193166618,6484,H,H,0.6894048890918852,0.17224367916355213,0.13835143174456255
193166619,6484,H,H,0.48764529997640876,0.2634782681776085,0.24887643184598274
193166620,6484,H,A,0.30403394511277704,0.2850098183885604,0.41095623649866264
193166621,6484,A,A,0.26886727966354584,0.28189297290334936,0.4492397474331048
193935346,6526,A,A,0.31602566635563173,0.3289217689871465,0.3550525646572218
193935347,6435,H,H,0.6168619074122439,0.2572902351840379,0.12584785740371818
193935348,6526,A,A,0.34257257702309807,0.29010680874003597,0.367320614236866
193935349,6527,A,A,0.19959500606540967,0.2362232534312796,0.5641817405033108
193935351,6435,D,H,0.40275412318871984,0.336764537644489,0.26048133916679117
193935353,6526,D,A,0.2526836381420889,0.2769024099364102,0.4704139519215009
193935354,6597,D,A,0.3061643892371349,0.29890478920733277,0.3949308215555324
193935356,6527,H,A,0.33741522554220216,0.2914574343845873,0.3711273400732106
193935357,6527,D,A,0.325332338239538,0.285363600121885,0.389304061638577
193935359,6435,H,H,0.4470626593066566,0.29367529100128026,0.25926204969206307
193935361,6597,H,H,0.439130549245108,0.31905482096595805,0.2418146297889339
193935362,6526,A,D,0.35708548470697477,0.3662616047161092,0.27665291057691604
193935363,6527,H,H,0.6217051885249483,0.25421278299847155,0.12408202847658022
193935365,6435,A,A,0.23471423354124887,0.3446336035225254,0.42065216293622565
193935366,6526,H,H,0.6559267296685157,0.2248628710030328,0.11921039932845144
193935369,6527,A,A,0.19932433842611808,0.25682909559971384,0.5438465659741681
193935370,6435,A,A,0.21826268366854665,0.2845352052606985,0.49720211107075485
193935371,6526,H,H,0.5498061724349614,0.2871096901121709,0.1630841374528677
193935372,6527,H,H,0.670505243825308,0.23902230867177393,0.09047244750291807
193935374,6597,D,H,0.4338601943852684,0.23227999642829383,0.33385980918643765
193935375,6435,A,A,0.34724757208554596,0.2906675062328917,0.3620849216815622
193935376,6526,D,H,0.5171085464932096,0.2796978841370464,0.20319356936974411
193935377,6527,H,H,0.4912161738399979,0.25401401644398064,0.25476980971602153
193935379,6435,D,A,0.2297022948043844,0.18505976919822456,0.585237935997391
193935381,6597,A,A,0.25573548980429445,0.3117654459790778,0.43249906421662776
193935382,6597,A,A,0.2462239406614723,0.3168236847762498,0.43695237456227803
193935383,6597,D,H,0.6351564929829248,0.21878092180937353,0.14606258520770168
193935384,6597,H,H,0.9323099627357551,0.05256394127505417,0.015126095989190845
193935385,6597,H,H,0.7398100226812272,0.18065192724070958,0.07953805007806332
193935386,6526,D,H,0.39792646967280493,0.3269696455571907,0.2751038847700044
193935388,6435,H,H,0.5515999652267254,0.3337945126695441,0.11460552210373048
193935392,6527,D,A,0.08656769806769725,0.17963816447219655,0.7337941374601064
193935393,6435,H,H,0.3960257749770994,0.3282125604090166,0.27576166461388407
193935394,6526,H,H,0.5613831620834163,0.21921317013183975,0.21940366778474385
193935395,6597,H,H,0.5728707854761383,0.23272668885613795,0.1944025256677238
193935396,6527,H,H,0.4867797469316904,0.25673146133460945,0.25648879173370015
193935397,6526,H,H,0.7347785523772529,0.16276593845869108,0.10245550916405609
193935399,6435,H,A,0.3086135634769353,0.2667735953007781,0.4246128412222867
193935400,6435,A,A,0.21492133906105296,0.16905854996939815,0.6160201109695489
193935402,6435,H,H,0.7258877370381511,0.18497687795967294,0.08913538500217602
195659456,6484,D,H,0.3973435956241927,0.22419463681877183,0.37846176755703553
195659457,6484,A,H,0.534813529428665,0.20775473293374289,0.2574317376375921
195659458,6484,A,H,0.44140248281724387,0.18833416715205542,0.37026335003070077
195659459,6484,D,A,0.2329913543536081,0.1694618319045353,0.5975468137418567
195659460,6484,H,H,0.450660118614323,0.26257187674274096,0.28676800464293606
195659461,6484,H,H,0.7012708537926117,0.21057478711654581,0.08815435909084253
195840961,6484,D,A,0.09824899191353133,0.13460827816276946,0.7671427299236993
196645413,6484,A,A,0.23572923477755334,0.25709955707687654,0.5071712081455703
196645415,6484,D,A,0.21995033524886712,0.23768248515266371,0.5423671795984693
196861243,6484,H,H,0.6140320119426994,0.24268908503912343,0.14327890301817725
197601582,6526,A,A,0.2991633108161501,0.2638104164245439,0.43702627275930617
197601583,6435,A,H,0.8437945944268626,0.12678628181298368,0.029419123760153865
197601584,6526,D,H,0.5925862361663564,0.26539567648618273,0.14201808734746085
197601585,6527,H,H,0.7052574539810229,0.16688737907513013,0.12785516694384685
197601586,6597,H,H,0.41076819991951,0.2605545314380006,0.32867726864248936
197601587,6435,D,H,0.6722319563751765,0.21354889364015525,0.11421914998466835
197601588,6435,A,H,0.43938027286573367,0.2628686892817764,0.2977510378524899
197601589,6526,H,H,0.40445098812721386,0.2712184418214043,0.3243305700513819
197601590,6597,D,H,0.6018228102367446,0.24544013889501745,0.15273705086823794
197601592,6527,H,H,0.37740637653842124,0.25827013151332523,0.3643234919482536
197601593,6527,A,A,0.2433051728074726,0.24439977194263424,0.5122950552498932
197601594,6527,H,H,0.568149406985598,0.2525927474715918,0.17925784554281013
197601595,6435,D,A,0.25669824798428137,0.29854177153297806,0.44475998048274057
197601597,6597,A,A,0.229646809900331,0.3186626246277548,0.45169056547191405
197601598,6526,A,H,0.5482051650637527,0.2987387440060112,0.153056090930236
197601599,6526,H,A,0.33624713141471396,0.3028020587082418,0.36095080987704425
197601600,6527,D,A,0.17939356395093603,0.23061082016777282,0.589995615881291
197601602,6435,H,H,0.5537692897796365,0.27432209055826284,0.17190861966210066
197601603,6526,H,H,0.35222687763790833,0.310037390137345,0.33773573222474673
197601605,6527,D,A,0.3009393597864175,0.2266920528129814,0.4723685874006011
197601606,6435,D,A,0.2044735720321681,0.30685744512255725,0.4886689828452748
197601607,6526,D,H,0.6996272892034245,0.2082704478234328,0.0921022629731427
197601609,6527,D,A,0.33787193706576535,0.2738186153045522,0.38830944762968245
197601611,6597,A,H,0.46237411565585457,0.2276738859321783,0.3099519984119671
197601612,6435,H,H,0.40604119417411416,0.288600570190152,0.30535823563573383
197601613,6526,A,A,0.2438770930515538,0.2502165789877069,0.5059063279607393
197601614,6527,D,H,0.4324906296882204,0.22568513194347226,0.34182423836830733
197601615,6435,H,H,0.3867876266773097,0.32341881446643306,0.28979355885625724
197601616,6597,A,H,0.6223771930041734,0.25802209829066847,0.11960070870515817
197601617,6597,H,H,0.6472470704247937,0.2536945756138462,0.0990583539613603
197601618,6597,H,A,0.09817234891941362,0.14435268348228047,0.7574749675983059
197601619,6597,A,A,0.20729692204094025,0.2856696727808805,0.5070334051781793
197601620,6526,A,A,0.11417416966905512,0.21549893049465704,0.6703268998362879
197601621,6435,D,A,0.3016351891239466,0.2938285422136187,0.4045362686624346
197601626,6435,H,A,0.2702808081302315,0.33921650090580974,0.3905026909639588
197601627,6526,A,H,0.4139016244932056,0.32450650764262684,0.26159186786416755
197601628,6527,H,H,0.5869868279546754,0.2788998425592194,0.13411332948610516
197601629,6597,H,H,0.4472551064797484,0.3048606565553273,0.24788423696492431
198896599,6484,D,H,0.5319422198267665,0.23755195473594498,0.23050582543728845
198896601,6484,H,H,0.7474093493043454,0.14402411454274736,0.10856653615290722
198896602,6484,A,H,0.5852006431624824,0.19662721110161296,0.2181721457359046
198896604,6484,A,H,0.5030442258579569,0.23422562826385232,0.26273014587819077
198896611,6484,H,H,0.439094953973014,0.24964058541140083,0.3112644606155852
198896612,6484,A,H,0.45833283668452673,0.3072394510307104,0.23442771228476286
198896613,6484,H,H,0.6133913922104076,0.21997888950939337,0.16662971828019899
198896614,6484,D,H,0.6411364701081401,0.19485811317408647,0.16400541671777344
198896615,6484,D,H,0.656379633351092,0.18958221049204274,0.15403815615686534
199259549,6484,A,A,0.10366595680962938,0.19178749957647923,0.7045465436138915
200191796,6484,A,A,0.3430975695070884,0.1826424055787021,0.4742600249142095
200191797,6484,A,H,0.3984814444016347,0.2657846090982857,0.3357339465000795
200191798,6484,D,A,0.1820962669764005,0.2379825764054131,0.5799211566181864
200191799,6484,A,A,0.3333094455733938,0.24083969596033244,0.42585085846627374
200191800,6484,D,H,0.39993114493383886,0.2769608019733185,0.32310805309284263
200191801,6484,A,A,0.2569507351774039,0.2090786580600124,0.5339706067625837
200191802,6484,A,H,0.3925162935030024,0.2299131554297038,0.3775705510672938
200191803,6484,H,A,0.2885224035098169,0.20917377828870468,0.5023038182014784
200191805,6484,A,A,0.3379637250659849,0.3174703234806518,0.34456595145336333
200191806,6484,D,H,0.7940514256309397,0.14517215820932358,0.06077641615973671
200713990,6526,H,H,0.7165270145694786,0.18437485749783214,0.09909812793268925
200713993,6435,D,H,0.5572939084695071,0.22522732896777525,0.21747876256271761
200713994,6526,A,A,0.1858119275149397,0.22056076701020694,0.5936273054748533
200713997,6435,H,H,0.4996039568940701,0.3211164867360142,0.1792795563699157
200713998,6435,A,A,0.2325712892312972,0.32454132776160594,0.4428873830070968
200713999,6526,H,H,0.7769843953064475,0.16124714528801673,0.06176845940553573
200714000,6597,A,H,0.4432125644328744,0.24852351530275418,0.3082639202643715
200714001,6435,H,H,0.6419373118152397,0.25018252871976937,0.10788015946499092
200714002,6597,H,H,0.4935047940928363,0.2555767305510965,0.25091847535606715
200714003,6526,H,D,0.33392958785038906,0.36996979149552806,0.2961006206540828
200714005,6435,D,H,0.46226776992151863,0.2852107470710884,0.25252148300739297
200714006,6526,H,H,0.5048621743699252,0.2983185131446559,0.19681931248541887
200714007,6435,A,H,0.5613761542403387,0.2546998546512626,0.1839239911083987
200714008,6526,A,A,0.1547514189450948,0.2933901012036326,0.5518584798512726
200714009,6597,H,H,0.637431001047913,0.21480817111159908,0.14776082784048797
200714010,6435,A,A,0.29418567495366305,0.27568377297602176,0.4301305520703152
200714012,6526,A,A,0.18777705839742956,0.2588761514691694,0.553346790133401
200714013,6435,H,A,0.2930202524504772,0.3029614855241298,0.4040182620253929
200714014,6597,H,D,0.33264578540689244,0.365169859357614,0.30218435523549375
200714015,6597,H,H,0.5353549764952139,0.2544599133818265,0.21018511012295957
200714016,6597,A,H,0.35011225425027903,0.3104235099844367,0.3394642357652842
200714017,6597,A,H,0.49741718243551303,0.30764682424117307,0.19493599332331393
200714018,6597,A,H,0.5680331015855214,0.25792244030594197,0.17404445810853664
200714019,6526,A,A,0.226329585909617,0.33486224654979235,0.43880816754059065
200714020,6435,A,H,0.6256046361646006,0.22370052851412098,0.15069483532127845
200714021,6435,H,H,0.6430684266050295,0.2660049534484405,0.09092661994653001
200714022,6526,A,A,0.1273936951296924,0.250903407288359,0.6217028975819486
200714023,6597,H,H,0.8557195916753326,0.10313199634569571,0.041148411978971525
200714024,6526,A,H,0.6732146074015185,0.20392296995794373,0.12286242264053776
200714025,6527,A,A,0.1572105436453113,0.18293094939131163,0.6598585069633771
203077629,6484,H,H,0.7236109939821304,0.18715847628186463,0.08923052973600502
203077630,6484,D,H,0.6143589797675398,0.19601261788590466,0.18962840234655556
203077631,6484,H,H,0.8286108495973323,0.1207397302907155,0.05064942011195223
203077632,6484,H,A,0.23754293739044133,0.2686706112586782,0.49378645135088045
203077633,6484,A,A,0.1889636448196012,0.27603679311105556,0.5349995620693432
203077634,6484,H,H,0.4201861628881811,0.1899159034490376,0.38989793366278125
203077635,6484,H,H,0.48835859601428094,0.2152108748788502,0.29643052910686896
203077636,6484,A,H,0.6061566787628597,0.18279570820482954,0.2110476130323108
203077637,6484,D,H,0.5701256412543175,0.21468133590980318,0.2151930228358793
203077638,6484,D,H,0.6374593269859786,0.19336752005510127,0.16917315295892016
203701457,6526,A,H,0.7259789030932717,0.1772952359503176,0.09672586095641054
203701458,6526,H,H,0.5454599656084654,0.2903596112670806,0.16418042312445397
203701459,6526,D,H,0.5248059246429578,0.2586293685080264,0.21656470684901574
203701460,6526,D,H,0.4364975264191484,0.24033322968665743,0.3231692438941941
203701461,6526,H,H,0.6262862613554996,0.23876362434138332,0.13495011430311718
203701462,6526,D,H,0.43634308603278993,0.306362709245602,0.25729420472160813
203701464,6526,D,A,0.25091672520215497,0.2685480715837423,0.48053520321410287
203701465,6526,A,A,0.1033779226267719,0.1945437904720772,0.702078286901151
203701466,6526,H,H,0.39987045830037765,0.327135003815518,0.2729945378841044
203701468,6526,A,H,0.3748452703922484,0.3570994735841265,0.268055256023625
205020017,6527,H,H,0.4155478045204463,0.28819917871661405,0.29625301676293964
205044727,6484,A,A,0.33875501215734843,0.2682052437388768,0.39303974410377474
205044728,6484,H,A,0.09784506553033924,0.18380015476560643,0.7183547797040544
205044729,6484,D,H,0.3864539432579366,0.2568533423475932,0.35669271439447015
205044754,6484,A,A,0.1463571361919055,0.1902114569132047,0.6634314068948899
205044755,6484,D,H,0.4484705291968217,0.24311787996376116,0.3084115908394172
205044756,6484,A,A,0.11190853226429176,0.25152175494322193,0.6365697127924863
205344960,6527,H,H,0.6093820422868023,0.28296758820290274,0.10765036951029498
205344961,6527,D,H,0.5505648163383317,0.19026052615052993,0.2591746575111385
205344962,6527,H,A,0.20466874101638052,0.2866887318472924,0.5086425271363272
205684762,6484,H,H,0.7546463604580604,0.17703943446185436,0.06831420508008527
205684763,6484,A,A,0.3816601181208941,0.2254299183860271,0.39290996349307883
205684764,6484,D,H,0.5505504475826737,0.262682327170838,0.18676722524648826
205863376,6527,H,H,0.6685450816406818,0.23178538582068164,0.09966953253863665
205863381,6527,H,A,0.37008250454484615,0.25703182659825197,0.37288566885690183
205863382,6527,H,A,0.23612789729244188,0.27575102859059286,0.4881210741169652
205863383,6527,A,H,0.4725446004207823,0.2411423854638315,0.28631301411538623
205863393,6484,A,A,0.18803140520018716,0.2462768110776791,0.5656917837221338
206315767,6526,H,A,0.3067877561912888,0.2807866738143685,0.41242556999434277
206315768,6526,D,H,0.3903567822830186,0.32531852283869833,0.284324694878283
206315769,6526,D,A,0.28847203050716436,0.34358394344194637,0.3679440260508893
206315770,6526,A,D,0.3616489938283529,0.37861562792433545,0.2597353782473116
206315771,6526,D,D,0.251547743972382,0.38422565369612827,0.3642266023314898
206315772,6526,A,H,0.41698571929955236,0.24925667807401186,0.33375760262643583
206315773,6526,D,H,0.38822118573696274,0.32310064313851394,0.2886781711245234
207381045,6527,D,A,0.3266854826131405,0.28493633800561863,0.3883781793812409
207381046,6597,A,A,0.2587818079038521,0.2817085525736696,0.4595096395224782
207381053,6527,D,A,0.2377276711552942,0.2615213225245605,0.5007510063201452
207381055,6484,A,A,0.2709455468888846,0.29564386601571346,0.4334105870954019
207381056,6484,D,H,0.7768539768030689,0.12488414003087082,0.09826188316606033
207381057,6484,D,H,0.6787378906004525,0.21239563322965363,0.10886647616989382
207381058,6484,D,A,0.29609959881567854,0.22456047434096196,0.4793399268433594
207381059,6484,A,A,0.2939446358022064,0.3006590978098607,0.40539626638793286
207381060,6484,H,H,0.6831337918857328,0.16180374593273705,0.15506246218153014
207381061,6484,D,A,0.2812594653393621,0.20425186356750707,0.5144886710931308
207381062,6484,H,H,0.6819245605991672,0.19509658572220884,0.12297885367862396
207381063,6484,H,H,0.6584584021921033,0.19275564565319214,0.14878595215470455
207381064,6484,A,A,0.34183307058318657,0.28514440103759225,0.3730225283792211
207381068,6435,H,H,0.40338910501265846,0.2856653361272313,0.3109455588601103
207626566,6527,A,A,0.25572987490647925,0.24070057475948212,0.5035695503340385
207626568,6435,D,H,0.38958940368007555,0.34238905579475293,0.2680215405251714
207626574,6527,A,A,0.3492487762533619,0.2176714276048435,0.43307979614179454
207626578,6435,D,H,0.5345638125616257,0.25485821208424236,0.210577975354132
207626579,6527,H,A,0.2752074100845208,0.26292732003846914,0.46186526987701004
207626583,6435,H,A,0.19279871222679093,0.33588035221965745,0.4713209355535515
207626591,6597,H,H,0.6436655503898343,0.25133045318448344,0.10500399642568223
207626592,6597,H,H,0.5751182398829077,0.29200178233210533,0.132879977784987
207626593,6597,A,A,0.34722139122543305,0.29518148872228855,0.3575971200522784
207626595,6435,A,A,0.297567333149735,0.2822027146860774,0.42022995216418774
207626604,6597,A,A,0.10143140059254445,0.1351472848536908,0.7634213145537646
207626607,6597,A,A,0.35081840429062194,0.24551920926045037,0.4036623864489278
207626613,6597,H,A,0.31333377590590433,0.28521419060298575,0.4014520334911099
207932271,6597,A,A,0.23791560768898745,0.3169773303367742,0.4451070619742384
207932275,6435,H,H,0.6934696691277003,0.18729923798315729,0.11923109288914255
207932282,6597,H,H,0.41685359764122215,0.3039629237102569,0.27918347864852083
207932286,6435,A,D,0.33084211947259395,0.349302401692141,0.3198554788352651
207932295,6527,H,H,0.8850965558620484,0.09162027716949571,0.0232831669684558
207932296,6527,A,H,0.5020889391130597,0.2426909589098908,0.25522010197704953
207932298,6527,A,H,0.35574880864609665,0.3039133625585208,0.3403378287953825
207932299,6527,A,A,0.11838498835213034,0.24995846810473135,0.6316565435431384
208235743,6526,H,A,0.19473793796486227,0.22095786479586774,0.5843041972392701
208235749,6526,H,H,0.7123712395294186,0.2049629756755147,0.08266578479506675
208235750,6526,D,H,0.4725676783091367,0.29928994867749165,0.2281423730133715
208235751,6526,A,A,0.0669327244875498,0.175558651603606,0.7575086239088442
208235752,6526,H,H,0.5038432390243442,0.26729971659171564,0.2288570443839402
208235753,6526,D,H,0.5660509326512211,0.2977415516631578,0.13620751568562112
208235754,6526,D,A,0.19774859999034358,0.23374603043176342,0.568505369577893
208235755,6526,D,A,0.14720191446043,0.2318167015289442,0.6209813840106257
208235756,6526,A,H,0.42398636165664677,0.3459914017340993,0.2300222366092538
208235757,6526,D,H,0.4655983936111142,0.3283670175978884,0.20603458879099742
208496337,6484,D,A,0.16666377429888563,0.1818532356187381,0.6514829900823763
208496338,6597,H,H,0.5364091495101009,0.2454464174808395,0.21814443300905964
208496339,6597,H,H,0.6149757327060397,0.2015137023004819,0.18351056499347845
208496340,6597,H,H,0.6386620899369057,0.2210175425269566,0.14032036753613777
208496341,6484,D,H,0.5306455357532981,0.21843966408012502,0.2509148001665769
208496342,6484,D,A,0.24066111397899378,0.2347947608489488,0.5245441251720574
208496343,6597,H,A,0.21569898507829238,0.24853126515924084,0.5357697497624667
208496344,6484,H,A,0.3285564033631144,0.2581162907831615,0.4133273058537241
208694031,6484,H,H,0.6556049283073992,0.1599273345442282,0.1844677371483725
208694032,6597,A,H,0.5313844567480486,0.2992138912953813,0.16940165195657012
208694033,6597,D,H,0.6164304885992933,0.23036231899553236,0.15320719240517444
208694034,6597,H,H,0.8733129096495085,0.09642907982640828,0.030258010524083216
208694035,6597,H,H,0.575411222134033,0.22127600483854187,0.20331277302742515
208694036,6484,H,H,0.6490346583701603,0.20403163136318034,0.14693371026665936
208694037,6484,A,A,0.17406963259039993,0.35065152275347494,0.47527884465612513
208694038,6597,H,H,0.3683323733894024,0.3601617227875162,0.27150590382308143
208694039,6484,A,A,0.3543743427127683,0.22161011137371592,0.42401554591351587
208927587,6484,A,A,0.2155479762582017,0.24743816241973346,0.537013861322065
208927599,6484,H,H,0.73653600422631,0.1897311354056267,0.07373286036806327
209140288,6435,H,H,0.5553901464182396,0.29389299916764405,0.15071685441411634
209140291,6435,H,H,0.4554539953466911,0.2549642925983261,0.28958171205498284
209378442,6435,D,A,0.24646417983156352,0.2002454651294801,0.5532903550389564
209378446,6435,A,A,0.33962331527096523,0.3193685653916387,0.3410081193373961
209378450,6435,D,H,0.4089804960134111,0.2643704496358113,0.3266490543507777
209378461,6435,H,A,0.12319799267311186,0.2876792757644067,0.5891227315624814
209766256,6435,A,H,0.4726187070961058,0.31720937321395304,0.21017191968994106
209766258,6484,A,A,0.16074726983737248,0.22413879019544264,0.6151139399671849
209766262,6435,H,H,0.6644804007248041,0.2584543899946894,0.07706520928050661
209766263,6484,H,H,0.7658201545696881,0.1683766008050315,0.06580324462528037
209766264,6484,A,A,0.3578184233704093,0.28387086167380504,0.3583107149557857
209766265,6484,H,A,0.3618301506493898,0.19357669746984113,0.44459315188076914
209766270,6435,A,H,0.5687005089369105,0.24682810666667912,0.18447138439641034
209766278,6484,D,H,0.6569253358647104,0.18563880545923506,0.15743585867605453
209766279,6484,A,H,0.3419597978429912,0.331370435483282,0.32666976667372677
209766280,6484,A,A,0.16064851367325955,0.24365585147212623,0.5956956348546142
209766281,6484,A,A,0.09674788920891499,0.16186917289522101,0.7413829378958641
209766282,6484,A,H,0.4891411723086654,0.21146296743686485,0.29939586025446974
209766285,6435,H,A,0.3165947155993996,0.30725276181959177,0.3761525225810087
210158686,6435,H,H,0.6492280863402171,0.22038037728148754,0.13039153637829537
210158687,6484,H,H,0.7704733023360184,0.15134412129198418,0.07818257637199733
210158688,6526,H,H,0.7602793101879701,0.1621821668720963,0.0775385229399335
210158689,6527,D,H,0.6323252188765727,0.19485139073686888,0.17282339038655845
210158690,6526,A,A,0.1396951547147418,0.2696926208181683,0.5906122244670899
210158691,6527,H,A,0.3505297288502208,0.22038936476288323,0.42908090638689594
210158692,6527,D,H,0.602881745413592,0.24271514654224866,0.15440310804415944
210158693,6526,D,H,0.4014464177502221,0.33090779812781396,0.26764578412196394
210158694,6526,H,H,0.44464162956703335,0.3520343843424994,0.20332398609046726
210158695,6527,D,A,0.2670835329251014,0.2410440501740734,0.4918724169008253
210158696,6526,D,H,0.5285975420071409,0.25855610578011773,0.21284635221274134
210158697,6527,D,H,0.4396629301042844,0.288496888273384,0.2718401816223315
210158698,6526,A,H,0.4003538144194799,0.28250534199433786,0.3171408435861823
210158699,6527,A,A,0.33463481435552966,0.3150164128693065,0.35034877277516385
210158700,6526,H,H,0.3807098754758657,0.3070000121378073,0.3122901123863269
210158701,6527,A,A,0.12390015385951182,0.165387917392024,0.7107119287484641
210158702,6526,H,H,0.6392938304852078,0.23643303794609688,0.12427313156869534
210158703,6527,H,A,0.3402342931034817,0.22314016171075945,0.43662554518575886
210158704,6526,H,H,0.45864934709197663,0.3276157056134034,0.21373494729462
210158705,6527,H,A,0.13866403918920542,0.18634464824310965,0.674991312567685
210158706,6526,D,H,0.6221986600806498,0.2196159457412448,0.15818539417810537
210158707,6526,D,H,0.47184853424415973,0.2461644617474422,0.281987004008398
210158708,6526,A,A,0.2819372954008463,0.2700545024438662,0.44800820215528747
210158709,6526,H,H,0.49330887284648905,0.2862603585166938,0.22043076863681707
211165214,6597,H,H,0.6413345436858018,0.18554372936625385,0.1731217269479444
211382237,6597,H,H,0.6623332381642651,0.19275929206807665,0.1449074697676582
211382238,6597,H,H,0.8516219237407504,0.09741912175450586,0.050958954504743706
211382239,6597,A,H,0.3695240537266657,0.33295494394951636,0.2975210023238179
211382240,6597,D,A,0.35442686888202135,0.2869559671791518,0.3586171639388269
211382241,6597,A,H,0.3544386907565537,0.33453361014419714,0.31102769909924916
211382855,6597,H,H,0.7206976663257126,0.19823099515416467,0.08107133852012262
211940262,6597,H,A,0.3182862609925483,0.28500280966746316,0.3967109293399884
211940439,6597,A,H,0.5356040687471509,0.30366619803418565,0.16072973321866335
212674706,6435,D,H,0.3643036438266255,0.2994206172598557,0.3362757389135188
212674707,6526,D,H,0.41586849046479646,0.36103037459117243,0.22310113494403122
212674709,6435,H,H,0.740034350055783,0.18274897088328343,0.07721667906093366
212674710,6526,A,H,0.43048279973262393,0.23006260124030659,0.33945459902706954
212674711,6527,H,A,0.35814102012977594,0.21274497849277763,0.4291140013774463
212674715,6435,D,H,0.7614964816862572,0.16897120415291533,0.06953231416082745
212674716,6526,A,A,0.07823565732847836,0.1873294307173399,0.7344349119541816
212674717,6527,H,H,0.538789799558493,0.24746790031421775,0.2137423001272892
212674718,6527,A,H,0.5882595330936505,0.27398778771263643,0.13775267919371298
212674719,6527,D,A,0.27149863141049263,0.2773838642713444,0.45111750431816305
212674720,6435,A,H,0.4394459386953175,0.30445109536028914,0.2561029659443933
212674722,6526,A,A,0.26514613537970877,0.34546020704681774,0.3893936575734735
212674723,6527,A,A,0.14490514270048582,0.25798821193983484,0.5971066453596794
212674724,6435,H,H,0.39679236304581633,0.25760959713767095,0.34559803981651277
212674725,6526,H,H,0.6092087968920809,0.2543733700932,0.13641783301471908
212674731,6527,D,H,0.8565638977221561,0.098998578917043,0.044437523360800917
212674732,6435,A,A,0.06340335756140529,0.18354352757307005,0.7530531148655246
212674733,6526,D,A,0.17409664565658223,0.29688318204710173,0.5290201722963161
212674735,6527,H,A,0.23546680901359088,0.2825577484581943,0.4819754425282147
212674736,6435,D,H,0.474999783249541,0.34183840362688783,0.18316181312357116
212674737,6526,H,H,0.4241362569247,0.2807257587615346,0.2951379843137655
212674738,6527,H,H,0.4641357961819856,0.2771377183711784,0.2587264854468359
212674739,6435,D,H,0.46297774730530433,0.2957950720615006,0.241227180633195
212674741,6526,A,A,0.2893026250834585,0.20128341196557129,0.5094139629509703
212674742,6435,A,D,0.288752514983387,0.3781857736913714,0.3330617113252416
212674746,6435,D,H,0.3826845089506444,0.31796167054499064,0.29935382050436493
212674747,6526,H,A,0.30670885895001926,0.3305428361993551,0.3627483048506257
212674748,6527,D,H,0.5108507198061141,0.2739776276620332,0.21517165253185272
212674751,6526,H,H,0.44285537032818695,0.30787275837741723,0.24927187129439574
213723591,6484,A,H,0.4515648586092476,0.25181896375048235,0.29661617764027
213723592,6597,H,H,0.4679390466044893,0.259504659959334,0.2725562934361767
213723593,6484,D,H,0.6191094595070729,0.20213093862606596,0.1787596018668612
213723594,6597,D,A,0.24191299885871162,0.2407183169821771,0.5173686841591113
213723595,6484,A,H,0.7078386937441724,0.1937954335333905,0.09836587272243713
213723596,6484,A,H,0.633810538023684,0.1967945814949933,0.16939488048132273
213723598,6597,H,H,0.4821869592466423,0.35674936893313336,0.1610636718202244
213723599,6484,H,A,0.3452104575888179,0.17328994184497504,0.4814996005662071
213723600,6484,A,A,0.15348746361396767,0.2012826616874863,0.645229874698546
213723601,6484,A,A,0.09372176527435347,0.22686913111588136,0.6794091036097653
213723602,6484,H,H,0.9039079431251735,0.07434902137304286,0.021743035501783543
213723603,6484,A,H,0.6698872520636732,0.1867405244637972,0.14337222347252973
213723604,6484,H,H,0.5827378334426512,0.16627569259270034,0.25098647396464857
213723605,6597,H,H,0.3629156930965284,0.31654243295151363,0.3205418739519581
213723606,6597,H,H,0.4683678495810292,0.2924741698468695,0.23915798057210125
213723607,6597,A,A,0.04226632691504277,0.13882853494530592,0.8189051381396513
213723608,6597,D,H,0.5022669143194626,0.2667729506171646,0.23096013506337282
213723609,6597,D,A,0.19578853280640673,0.29511952786769124,0.509091939325902
213723613,6597,D,H,0.5980534684799503,0.2753146289204132,0.12663190259963658
215022546,6484,H,H,0.8006185643871814,0.12409933133580917,0.07528210427700943
215022547,6484,H,H,0.41216031374324874,0.26600477430357594,0.32183491195317526
215022548,6484,A,H,0.3585303948004825,0.3363240379319826,0.3051455672675349
215022549,6484,A,A,0.3347004222060036,0.21967877702775057,0.4456208007662459
215022550,6484,H,A,0.26622713434601214,0.24788990204747646,0.4858829636065114
215022551,6484,A,H,0.6131604857585374,0.18009926362117462,0.20674025062028786
215022552,6484,A,H,0.48979814253709253,0.27535030574862,0.23485155171428737
215022553,6484,H,H,0.52124626922179,0.29984139975972585,0.1789123310184842
215022554,6484,A,A,0.2798665521567236,0.13313099808366866,0.5870024497596077
215022555,6484,H,H,0.37581542815459207,0.26721881675440323,0.3569657550910048
215560087,6435,H,H,0.5518457530709087,0.30304449840980774,0.14510974851928368
215560088,6526,A,A,0.2441762091288169,0.2587971086939734,0.4970266821772099
215560090,6435,D,A,0.3137680355043371,0.31425687812197645,0.3719750863736864
215560091,6526,D,A,0.2738137227204777,0.2914981305127351,0.43468814676678724
215560092,6527,H,H,0.5363410184352505,0.18234535466860555,0.2813136268961439
215560096,6435,H,H,0.36134121682062253,0.29670430965830336,0.34195447352107405
215560097,6526,D,A,0.2314527060186016,0.23505639230858125,0.5334909016728172
215560098,6597,H,H,0.6836201375708911,0.2250716951443448,0.091308167284764
215560099,6527,H,H,0.3976322182136443,0.3443635252910232,0.25800425649533243
215560100,6527,D,H,0.5404570507226126,0.24941244820398512,0.2101305010734023
215560101,6527,A,H,0.4470197549176869,0.24927491947240643,0.30370532560990665
215560102,6435,H,D,0.2887632205771726,0.3559366023997681,0.3553001770230593
215560104,6597,D,H,0.5818636312635515,0.20296914356010826,0.21516722517634032
215560105,6526,H,H,0.4770434932163708,0.32645929488184033,0.19649721190178893
215560106,6527,D,A,0.32858359181446956,0.24659041430937378,0.4248259938761566
215560109,6435,H,H,0.7394080512592701,0.18378543507014977,0.0768065136705802
215560110,6526,H,H,0.6782278124242369,0.20527326397768658,0.11649892359807662
215560113,6435,H,A,0.09205628372696266,0.17047353677208238,0.737470179500955
215560114,6526,H,H,0.4309520029455463,0.330006262523865,0.2390417345305888
215560116,6527,H,H,0.6089308184078166,0.22082388946340148,0.17024529212878184
215560119,6597,D,H,0.4584694763092477,0.22786794598074045,0.3136625777100117
215560120,6435,H,H,0.7294379022586096,0.1905164197704854,0.08004567797090502
215560121,6526,D,H,0.6339180056632556,0.2188632816732231,0.14721871266352127
215560123,6527,A,A,0.10365624360107811,0.18206885015699156,0.7142749062419304
215560124,6435,H,H,0.7324041658376472,0.2116662186598796,0.05592961550247314
215560125,6597,D,H,0.490179576198514,0.3118008909607062,0.19801953284077986
215560126,6597,A,H,0.3780712249990188,0.25042703023316615,0.3715017447678151
215560127,6597,A,A,0.3186991905156245,0.2976514818954394,0.38364932758893616
215560128,6597,H,H,0.8880001598453592,0.09544844638809766,0.016551393766543233
215560129,6597,A,H,0.6802300078603041,0.1988512945162518,0.1209186976234441
215560130,6526,H,H,0.45255982115747717,0.29920668849532894,0.24823349034719383
215560131,6526,A,H,0.4577862597702683,0.30873522880812354,0.233478511421608
215560132,6435,D,H,0.44718270573348945,0.30414849899010254,0.248668795276408
215560133,6526,A,H,0.46389483496746386,0.32007734460498577,0.21602782042755034
215560134,6527,A,A,0.14932749790525374,0.25336400615607546,0.5973084959386706
215560135,6597,H,A,0.3186837741274525,0.243108168736244,0.4382080571363034
215560151,6527,H,H,0.6415706950942752,0.23328167161179883,0.12514763329392595
215609590,6435,A,A,0.303855038945906,0.3453323061481698,0.3508126549059242
219132047,6527,A,A,0.1328001172852853,0.24939612874090084,0.6178037539738138
219132049,6435,D,H,0.5465421021278273,0.23142464590716724,0.22203325196500548
219132053,6597,D,A,0.2920170087144917,0.29535165358711707,0.4126313376983912
219132055,6435,H,H,0.5430669662865144,0.25894307063534183,0.19798996307814373
219132057,6597,D,H,0.5492495453569954,0.3035339217812438,0.14721653286176078
219132058,6597,H,H,0.5028365093684634,0.3198224792970873,0.17734101133444927
219132059,6597,A,H,0.45271178160042297,0.3016139281883109,0.24567429021126605
219132060,6597,A,A,0.31471071156443337,0.33136961859330233,0.35391966984226436
219132061,6435,H,H,0.39073329181992117,0.30209534209236294,0.30717136608771595
219132066,6597,H,H,0.8801858367491033,0.09417726293401615,0.025636900316880373
219132074,6435,A,A,0.2198140583826168,0.324030335644808,0.45615560597257526
219132075,6527,H,H,0.40167787310849357,0.2291891443052698,0.3691329825862366
219132076,6597,D,A,0.26941959780271535,0.24222173600144759,0.48835866619583695
219132078,6527,H,H,0.6836739269531443,0.15978431996971895,0.1565417530771366
219132079,6435,H,H,0.6888520095647831,0.23819674922329256,0.07295124121192438
219541609,6526,A,A,0.11872594310044525,0.17877981396453588,0.7024942429350188
219541611,6435,A,H,0.3529260572798291,0.30559547042964597,0.3414784722905249
219541613,6435,A,A,0.19791193707194935,0.22232909318336858,0.5797589697446821
219541614,6435,H,H,0.49667152607576226,0.34036808037199606,0.16296039355224157
219541616,6526,H,H,0.6153228885955707,0.2179259824756914,0.16675112892873795
219541617,6527,H,H,0.5497155672321932,0.21662057765421225,0.23366385511359458
219541619,6527,D,A,0.2567241454987361,0.2712433885751373,0.4720324659261266
219541620,6526,A,A,0.16988666130981392,0.3158413385869093,0.5142720001032768
219541621,6526,D,H,0.6649392206338943,0.20555657434463484,0.12950420502147098
219541625,6527,A,A,0.1431856360230823,0.19653778605066985,0.6602765779262479
219541626,6597,D,D,0.3415477964436269,0.4183815375588933,0.24007066599747973
219541627,6527,H,H,0.4311464086036534,0.34824183970873485,0.22061175168761174
219541630,6526,D,D,0.3325977585400889,0.36064740576079135,0.3067548356991198
219541634,6526,H,H,0.6523174672567962,0.2475706875124948,0.10011184523070905
219541635,6526,A,A,0.30411885030069774,0.2570436006404768,0.4388375490588253
219541637,6526,A,A,0.18087263672652867,0.32474925704035923,0.49437810623311207
219541638,6597,H,H,0.42847846588180855,0.3146627496215719,0.25685878449661953
219541639,6526,D,A,0.11852226298107715,0.2619455999299089,0.6195321370890139
219541640,6435,H,H,0.5374868112111889,0.3106461190981759,0.15186706969063507
219541643,6526,H,H,0.36644763199704394,0.3532622801871142,0.28029008781584186
219890281,6435,D,H,0.43422478493123834,0.32269107591667173,0.2430841391520899
219928208,6527,A,A,0.34226757604349256,0.25349719924825337,0.4042352247082542
219928209,6527,A,H,0.7443875990561915,0.18380160759575462,0.07181079334805389
219930818,6597,D,H,0.4089104738906704,0.24101316926077365,0.3500763568485559
219930846,6484,H,A,0.36452039344578324,0.18199884646843673,0.45348076008578003
219930851,6435,A,H,0.41524901823098076,0.32101923141467387,0.2637317503543455
219931447,6484,A,A,0.08685855399974349,0.17656744000369795,0.7365740059965586
219931477,6435,D,D,0.30481147699465305,0.35199640185132974,0.34319212115401726
219931887,6597,A,H,0.526355617742707,0.22194788341390723,0.2516964988433858
219931888,6597,A,H,0.5281312002589551,0.26091292007219363,0.2109558796688513
219931889,6597,H,A,0.2929189708930296,0.268620830650586,0.4384601984563843
219931890,6597,A,H,0.5426027066272159,0.21514307815648542,0.24225421521629872
219932119,6484,D,H,0.6254467591729463,0.22396928857933632,0.1505839522477173
219932120,6484,H,H,0.4055418852887078,0.2027361503063231,0.3917219644049692
219932122,6484,H,H,0.45840003769979853,0.2070945597403732,0.3345054025598283
219932123,6484,A,A,0.08821876427051968,0.2533612506702971,0.6584199850591832
219932124,6484,A,H,0.3770934415472539,0.276330044656212,0.3465765137965341
219932351,6435,D,A,0.14526266064309434,0.2260939892879068,0.6286433500689989
219932567,6597,D,A,0.15552174288269993,0.21097723151579345,0.6335010256015067
219932571,6484,A,H,0.6154821079865735,0.23531468967837146,0.14920320233505494
219932584,6435,D,H,0.6395978597151745,0.21510365408785323,0.1452984861969723
219932785,6435,D,H,0.6577357981581402,0.2177066743145021,0.12455752752735773
219933248,6527,A,A,0.09789436061673287,0.13527325213973984,0.7668323872435272
219933251,6527,H,H,0.8026119403837767,0.13860261337145968,0.058785446244763596
219933253,6527,A,A,0.17650757634908615,0.25073776283680355,0.5727546608141104
219933255,6527,A,H,0.5647368638533966,0.2503476682205895,0.1849154679260139
219933258,6527,D,H,0.4830012373790303,0.29341430519081424,0.22358445743015545
219933260,6527,A,A,0.28158700496693123,0.30044826692470267,0.4179647281083662
219933261,6527,A,H,0.36233181988902463,0.2947549159135583,0.342913264197417
219933262,6527,A,A,0.11492578671167884,0.2368056105632304,0.6482686027250908
219933263,6527,H,H,0.5752423594792496,0.2504226820458605,0.1743349584748899
219934235,6435,D,A,0.1395604215394361,0.24067847630974396,0.61976110215082
219934655,6526,D,H,0.6104674843767577,0.24076019418480818,0.1487723214384341
219934656,6526,H,H,0.6436677018281352,0.21087509042844169,0.1454572077434231
219934657,6526,A,H,0.3662774968438106,0.3256754981419379,0.3080470050142515
219934658,6526,H,H,0.4653315791516945,0.2991256985012533,0.23554272234705226
219934659,6526,H,A,0.36900252465530686,0.24151143054896004,0.3894860447957331
219934661,6526,D,H,0.3897676318396824,0.2634670435721531,0.34676532458816456
219934662,6526,H,H,0.690233643549688,0.2283096257113536,0.08145673073895829
219934663,6526,D,D,0.3512261294063467,0.3579208101763347,0.2908530604173187
219934664,6484,H,H,0.8359840410561014,0.12472821683786141,0.03928774210603731
219934665,6526,A,A,0.2541620291908103,0.30330128154272973,0.44253668926645995
219934666,6526,H,H,0.5078729787960045,0.2347787617727138,0.25734825943128165
219934764,6597,A,H,0.4575710455035038,0.31342666940705555,0.22900228508944065
219934896,6435,A,A,0.16143265863835313,0.3390047798387867,0.49956256152286027
219934960,6597,H,H,0.7846916141331101,0.1444285658111364,0.07087982005575355
219934963,6484,H,H,0.5035744090631792,0.2311727515537533,0.26525283938306754
219934988,6435,H,H,0.3848724726147926,0.34644182855549815,0.2686856988297092
219935017,6597,A,A,0.2880464037024114,0.2831488220728534,0.42880477422473506
219935065,6435,H,H,0.46845312875476186,0.3130193069376884,0.21852756430754958
219935239,6435,H,H,0.7329679068122599,0.1880652683996403,0.07896682478809984
219936004,6597,H,H,0.5195479760509625,0.27231647273535586,0.20813555121368163
219936044,6435,H,H,0.5047504841794408,0.2621098905208595,0.23313962529969973
219936048,6484,A,A,0.26254464321090587,0.32659670084289316,0.4108586559462009
219936784,6484,D,A,0.35245589464484894,0.25766749381919635,0.3898766115359547
219936813,6435,A,H,0.5664201085751431,0.2950328631250747,0.13854702829978224
219937207,6597,D,H,0.5292894286756886,0.31071799523928273,0.15999257608502862
219937208,6597,H,H,0.48064317811444635,0.31404808928885325,0.2053087325967005
219937209,6597,A,H,0.4603068112887764,0.3380585333828403,0.20163465532838332
219937210,6597,A,A,0.12032123047486536,0.2039506569217328,0.6757281126034017
219937453,6484,A,H,0.6952261340302281,0.17678303600777398,0.12799082996199795
219937454,6484,A,H,0.7482160416845236,0.18273367923513437,0.06905027908034193
219937455,6484,A,H,0.49431342078957596,0.25929415674792694,0.2463924224624971
219937456,6484,A,A,0.18407678457843502,0.24867301670726652,0.5672501987142984
219937458,6484,A,A,0.14505872115711618,0.2665193899377609,0.588421888905123
219937668,6435,A,H,0.40652479832802574,0.2916748004487168,0.30180040122325746
219937904,6435,A,A,0.20923165969928845,0.25223856654815413,0.5385297737525574
219937906,6597,H,H,0.44289238460341,0.30797465670887364,0.24913295868771643
219937907,6484,H,A,0.31864098904521493,0.1943794447993775,0.48697956615540766
219938095,6435,A,A,0.10998202489571066,0.21557274413678787,0.6744452309675015
219938595,6527,H,H,0.5157345655910563,0.2913363353781826,0.19292909903076097
219938598,6527,A,A,0.15448345189118395,0.2518267577950771,0.593689790313739
219938600,6527,H,H,0.4095384661005037,0.23318317748702141,0.35727835641247485
219938602,6527,D,A,0.34095679317205557,0.25123441249393225,0.40780879433401224
219938604,6527,H,A,0.21881495413801583,0.2784103453876461,0.502774700474338
219938607,6527,D,A,0.16337680173528918,0.33758952246679946,0.4990336757979114
219938609,6527,H,A,0.09592256862570735,0.1721249434574593,0.7319524879168334
219938610,6527,H,H,0.7312152214085618,0.1903473582679063,0.07843742032353186
219938612,6527,A,A,0.12165593595448856,0.13130578026018422,0.7470382837853271
219939554,6435,H,H,0.8080777832042823,0.15459895293908263,0.03732326385663513
219939917,6526,A,A,0.22403129185264917,0.2686914003118486,0.5072773078355022
219939918,6526,H,A,0.3328410831171667,0.20961653561292995,0.45754238126990326
219939919,6526,A,A,0.15073996918052895,0.28321290204869554,0.5660471287707755
219939920,6526,H,A,0.24141709413027312,0.3018138300202766,0.45676907584945026
219939921,6526,H,H,0.6647854652240255,0.22456805518125375,0.11064647959472074
219939922,6526,A,A,0.32414662286395496,0.31094522523582635,0.36490815190021875
219939923,6526,H,A,0.18285793660219216,0.2575578428626799,0.5595842205351279
219939926,6526,H,H,0.7329190262961452,0.1762170984698358,0.09086387523401888
219939927,6526,H,A,0.19336649070465123,0.23915491436322495,0.5674785949321237
219939928,6526,D,A,0.11356942684846144,0.22827017152085471,0.6581604016306839
219939929,6484,H,H,0.5245963553067129,0.17217008542509651,0.3032335592681906
219940033,6597,D,H,0.554589499231897,0.2751493144273157,0.1702611863407872
219940137,6435,H,H,0.7678329201894508,0.15404158451911798,0.07812549529143124
219940197,6597,H,H,0.7685980228175245,0.15552862059621,0.07587335658626541
219940201,6484,A,A,0.325459011332117,0.17929749735218037,0.49524349131570256
219940224,6435,A,H,0.4157452373371495,0.2898696159867958,0.2943851466760547
219940250,6597,D,A,0.268178793849768,0.302452692161272,0.42936851398896003
219940273,6435,H,H,0.5874179770453339,0.2753025508779378,0.13727947207672822
219940427,6435,D,H,0.568719511295758,0.25441093010739346,0.1768695585968485
219940561,6484,H,H,0.44589348579397686,0.24880038291355722,0.3053061312924659
219940562,6484,A,A,0.264475311951382,0.25216189204795547,0.4833627960006624
219940563,6484,H,H,0.5476739310446493,0.21381667853594633,0.23850939041940433
219940615,6484,H,H,0.7944290574974433,0.1508394905909843,0.05473145191157237
219940831,6484,D,H,0.46214610243690774,0.29885353783045765,0.2390003597326346
219940832,6484,D,A,0.23729342710029158,0.20891028437028264,0.5537962885294256
219940833,6484,A,A,0.2936254749590551,0.27413222242357077,0.43224230261737423
219940834,6484,H,H,0.6752609614424313,0.19208421735657186,0.13265482120099678
219940848,6484,H,H,0.742098863632731,0.1241671835626367,0.13373395280463235
219940958,6484,H,H,0.551352894292476,0.2603209495705547,0.1883261561369693
219941294,6597,A,A,0.13889637471438515,0.1633950497053684,0.6977085755802465
219942784,6597,A,H,0.4619422879504797,0.3190275832396596,0.21903012880986084
219942785,6597,A,H,0.36169387699596445,0.31504463003214916,0.32326149297188644
219942786,6597,A,D,0.31814921166232096,0.35152097333525,0.33032981500242903
219942787,6597,A,H,0.42074292890953646,0.2881181119787304,0.2911389591117332
219942788,6597,A,A,0.3390454022266307,0.22867218273111553,0.43228241504225373
219943424,6597,A,A,0.36119917664283047,0.18204219194371807,0.45675863141345147
219943888,6435,H,H,0.7829797882625117,0.1456999066479569,0.0713203050895315
219943891,6435,H,A,0.21965746207929293,0.22565995666129238,0.5546825812594146
219943894,6435,D,H,0.49505971855012576,0.2796373999510673,0.22530288149880684
219943897,6435,D,H,0.4935446040162547,0.26694327418866876,0.23951212179507655
219943900,6435,H,A,0.3328750299322562,0.23299906200323797,0.43412590806450585
219943902,6435,D,D,0.33833940076979285,0.34427258941010375,0.31738800982010346
219943905,6435,H,A,0.2586203541636288,0.3331119926581969,0.4082676531781744
219943906,6527,H,H,0.6179762528465863,0.21688892872388604,0.1651348184295276
219943908,6435,D,A,0.17275355758565844,0.37829162009425343,0.44895482232008815
219943909,6527,H,H,0.7417699872930263,0.16086941701313417,0.09736059569383948
219943911,6435,D,D,0.34584967516479226,0.3463360044501921,0.30781432038501577
219943912,6527,H,H,0.3884582266820065,0.2661958270152152,0.3453459463027784
219943914,6435,H,H,0.6028380790745765,0.27700420221707467,0.1201577187083488
219943915,6527,A,A,0.18204453345522936,0.24679021233962564,0.571165254205145
219943917,6527,A,A,0.0876913236155918,0.2602691284271751,0.6520395479572332
219943919,6527,A,H,0.6636081542888944,0.2274278011676537,0.10896404454345181
219943920,6527,A,A,0.3380394225156715,0.3142396489446631,0.34772092853966546
219943921,6527,H,H,0.7343823696746193,0.16840125039897744,0.09721637992640322
219943922,6527,A,A,0.23157482346487318,0.25422919449276793,0.5141959820423588
219945233,6526,D,H,0.7693747234022084,0.16702439289365503,0.06360088370413654
219945234,6526,H,H,0.6669474604584018,0.23467746097002737,0.09837507857157081
219945235,6526,H,H,0.5574839133984792,0.282943274299923,0.15957281230159784
219945236,6526,D,H,0.6019266078435758,0.19012546623642854,0.20794792591999572
219945238,6526,H,H,0.7306661373811115,0.21379460521363206,0.055539257405256365
219945239,6526,A,H,0.45736277640105893,0.23678366324817743,0.30585356035076366
219945240,6526,A,A,0.2803565952107272,0.3587062405270468,0.3609371642622261
219945241,6526,D,A,0.32947455598094044,0.1940065696136396,0.47651887440541996
219945242,6526,H,H,0.541673562786351,0.251906149573843,0.20642028763980588
219945243,6526,H,H,0.4434290081694788,0.32639746036028805,0.23017353147023312
219945320,6597,A,H,0.6193598595217872,0.2316800568058459,0.14896008367236682
219945442,6597,D,H,0.37784011367041814,0.33197079506811655,0.29018909126146536
221820325,6526,H,A,0.1926639124644479,0.22864384675795452,0.5786922407775976
222894475,6597,A,H,0.7969821951339833,0.14984986821657906,0.05316793664943765
222894478,6597,A,H,0.8533912770595113,0.12214978538724411,0.024458937553244568
222894481,6597,A,H,0.5251165753221095,0.27015134683160663,0.20473207784628383
222894483,6597,A,H,0.6427007521553576,0.20858828384863512,0.14871096399600736
222894486,6597,D,H,0.5070847250762277,0.2897721510922373,0.203143123831535
222894491,6597,D,H,0.4206625505340907,0.31313320450954185,0.2662042449563674
222894492,6597,D,H,0.5756612390761173,0.2608463090122283,0.16349245191165437
222894493,6597,A,H,0.39172986647237357,0.3442009811301419,0.2640691523974845
222894494,6597,D,A,0.20479460851925693,0.2956518287658804,0.4995535627148626
222895147,6484,H,A,0.271882068362499,0.23362087769426532,0.4944970539432358
222896232,6484,H,H,0.46887589533373114,0.24295320193515585,0.28817090273111295
222896236,6484,H,H,0.729744335606532,0.16515219358613362,0.10510347080733452
222896239,6484,H,H,0.9052350169746021,0.07135717139806212,0.023407811627335837
222896559,6484,A,H,0.45986673901402897,0.22822096530841982,0.31191229567755113
222896746,6484,D,H,0.3645803135519336,0.30218863517747396,0.3332310512705924
223349905,6435,D,H,0.7558311659321435,0.15147830641782836,0.09269052765002803
223349908,6435,H,H,0.8255306376982754,0.12266738645973935,0.05180197584198525
223349911,6435,H,H,0.6099375156269632,0.24179091520211532,0.14827156917092144
223349914,6435,H,H,0.5885172639150253,0.2901424387803577,0.12134029730461691
223349917,6435,A,A,0.3075996285653638,0.3328850870100006,0.3595152844246356
223349920,6435,H,H,0.5949712458004462,0.28963697259055515,0.11539178160899859
223349921,6527,D,H,0.43804450843366516,0.28977717331530517,0.2721783182510297
223349923,6435,H,A,0.3066032105951575,0.30101610768518033,0.3923806817196622
223349924,6527,A,A,0.2571311708867797,0.31654854781553515,0.4263202812976852
223349926,6435,D,H,0.40383239370042834,0.27956908086891924,0.3165985254306524
223349927,6527,A,D,0.28756915634700037,0.37349593186572055,0.3389349117872792
223349929,6435,H,A,0.3530872112223899,0.23132862575897306,0.415584163018637
223349930,6527,D,A,0.3090826118735624,0.19782496415344739,0.4930924239729902
223349932,6435,H,H,0.7143998778308841,0.1930625087300598,0.09253761343905599
223349933,6527,A,H,0.5446589708086208,0.21792515353571437,0.23741587565566483
223349935,6527,H,H,0.5899315366513307,0.1991754097383365,0.21089305361033278
223349936,6527,H,H,0.716121889186815,0.19486525452684922,0.0890128562863357
223349937,6527,A,A,0.12699167869498107,0.16649300101702558,0.7065153202879934
223349938,6527,A,H,0.6321899244144897,0.17417565556260314,0.19363442002290718
223351463,6526,D,A,0.3141404926138602,0.3127861411658805,0.3730733662202593
223351465,6526,D,H,0.6322467118675054,0.2596173696813696,0.10813591845112501
223351466,6526,A,A,0.1553817642246086,0.32929272162506934,0.515325514150322
223351468,6526,A,A,0.13713856134624033,0.22322659620998628,0.6396348424437734
223351470,6526,H,H,0.8109569200706863,0.14407144985496104,0.04497163007435256
223351474,6526,A,H,0.4651551846827044,0.25424801352562204,0.2805968017916735
223351477,6526,D,H,0.5572454966899014,0.2817879683712848,0.16096653493881385
223351479,6526,A,A,0.19225029620074352,0.2536336938969023,0.5541160099023541
223351482,6526,H,H,0.5148025388248696,0.235981992693468,0.24921546848166246
223351483,6526,D,H,0.41180751050167397,0.2982171321842662,0.2899753573140598
223351601,6484,H,H,0.8068081336227992,0.13455591468916978,0.05863595168803102
223351605,6484,D,H,0.3676188177500096,0.2689190740841048,0.36346210816588553
223351891,6484,D,A,0.22690071984799368,0.21553450938975574,0.5575647707622505
223497353,6484,D,A,0.1430734920750853,0.15951677794145977,0.697409729983455
223733820,6484,A,A,0.28627310876459133,0.22932819094488274,0.48439870029052584
226039502,6597,H,H,0.45820287057535614,0.2720690688509008,0.26972806057374304
226508121,6597,A,H,0.4039782675295722,0.3260308294365045,0.2699909030339233
226508122,6597,H,H,0.3758217741378339,0.32743076383482517,0.29674746202734087
226508123,6597,D,H,0.4861978892555411,0.29881640409110805,0.21498570665335084
226508124,6597,D,A,0.0712515688203535,0.13525918012193358,0.7934892510577128
226508551,6484,D,H,0.5104021436879181,0.28369725810328367,0.2059005982087982
226508559,6484,A,A,0.2182051245153193,0.2532156745910597,0.5285792008936211
226508566,6484,D,H,0.5447553701142762,0.24912892064183118,0.20611570924389264
226508572,6484,H,H,0.48404388056229725,0.2273481380993434,0.2886079813383594
226508578,6484,A,A,0.16846989991433364,0.3370724291086515,0.4944576709770149
226508907,6597,H,H,0.40764041671999235,0.2674389093268608,0.32492067395314683
226508915,6484,A,H,0.6555036865503657,0.19101924208815912,0.15347707136147518
226509687,6484,H,H,0.46378804048726463,0.21404918841222534,0.3221627711005101
226509689,6484,H,H,0.47080114751081537,0.2436487103609046,0.2855501421282801
226816577,6527,H,H,0.5565311978982305,0.21514914484385822,0.2283196572579113
226816580,6527,D,H,0.5293944509533282,0.25066745784402855,0.21993809120264335
226816585,6527,D,H,0.653547336318837,0.20207530550728295,0.14437735817388012
226816587,6527,H,H,0.6128495569831067,0.25001967047240653,0.13713077254448677
226816589,6527,H,H,0.4196404161853727,0.24148329359304108,0.3388762902215863
226816590,6527,H,A,0.29030220282169183,0.28302761482365596,0.42667018235465204
226816591,6527,H,A,0.20167247191192803,0.28306455454069185,0.5152629735473802
226816592,6527,A,A,0.11061463535574524,0.1708950333622046,0.7184903312820502
226816630,6435,A,A,0.2597959586874627,0.24911346667089518,0.49109057464164213
226816632,6435,D,H,0.4417962688586472,0.29355731496229076,0.264646416179062
226816633,6435,D,H,0.6450492776757433,0.20471175639328013,0.15023896593097655
226816634,6435,A,A,0.2883250806891746,0.25724888937576695,0.4544260299350585
226816636,6435,A,A,0.20217373662048935,0.3387410062604417,0.459085257119069
226816638,6435,A,A,0.1554294914715404,0.34290451646949666,0.501665992058963
226816639,6435,A,H,0.3442469295546312,0.3283469559270492,0.3274061145183196
226816640,6435,A,A,0.3480392493298787,0.22254902633993248,0.4294117243301888
226816642,6435,D,D,0.32825599325168897,0.36964020161738653,0.30210380513092444
226816644,6435,H,H,0.4735522204146247,0.3370231207994249,0.1894246587859505
226818015,6526,A,H,0.4743710505575772,0.1871316082939602,0.3384973411484625
226818018,6526,H,H,0.40881764303913487,0.3193435449302066,0.27183881203065846
226818021,6526,H,A,0.287111304771396,0.289907975073115,0.4229807201554891
226818025,6526,H,H,0.4427405803541717,0.28845540951939375,0.2688040101264346
226818030,6526,H,H,0.4731938004608912,0.29519373903902224,0.2316124605000865
226818035,6526,D,D,0.1956892179973725,0.4073625355326369,0.3969482464699906
226818038,6526,H,H,0.6682606866863272,0.22380261595936832,0.10793669735430457
226818040,6526,H,H,0.5900484915576448,0.21177561221524838,0.1981758962271067
226818043,6526,A,H,0.5506917734013732,0.30639598162283155,0.1429122449757952
226818047,6526,D,A,0.14202179915779897,0.22422277391149165,0.6337554269307095
226818197,6597,A,A,0.3504424501310295,0.24108174698934462,0.40847580287962587
226818386,6597,H,H,0.5460684134239342,0.283765549369156,0.17016603720690981
226818434,6597,A,A,0.24724410824444193,0.21392884168164714,0.538827050073911
226818449,6484,A,A,0.1995814396380279,0.2712872728466767,0.5291312875152955
232741773,6597,H,H,0.6468416086386536,0.26744668450914816,0.08571170685219826
233101677,6597,H,H,0.8657144810598869,0.10471725841327768,0.029568260526835418
233101678,6597,D,H,0.4089777029196826,0.32984249593625065,0.26117980114406675
233101679,6597,A,H,0.5903638273823913,0.2535573671837698,0.15607880543383887
233101680,6597,H,H,0.4893023918035185,0.2773562349144606,0.2333413732820208
233101681,6597,A,H,0.3655019975067358,0.32240802992711953,0.3120899725661447
233102413,6597,H,H,0.5387676083624396,0.23563042938784323,0.2256019622497172
233404663,6526,D,H,0.650975476105311,0.21835613852042868,0.1306683853742603
233404664,6526,A,A,0.10128235255818567,0.21858654157422677,0.6801311058675876
233404668,6526,H,H,0.5868226167078279,0.26962142545459,0.14355595783758218
233404672,6526,A,A,0.15157800089708895,0.261401013812755,0.587020985290156
233466963,6527,A,A,0.1981254020465617,0.23930457914374673,0.5625700188096917
233466965,6527,H,H,0.6259755363251219,0.24861866570047308,0.12540579797440501
233466967,6527,H,A,0.329944293414541,0.28751739611127103,0.38253831047418807
233466969,6527,H,A,0.33694631212192155,0.25722273041518723,0.4058309574628912
233466971,6527,A,H,0.43164630929818326,0.23896523399226197,0.3293884567095549
233466975,6527,A,A,0.030851757257636832,0.11052540126979417,0.8586228414725691
233466978,6527,H,A,0.12307017257855604,0.1882159511364512,0.6887138762849927
233466981,6527,H,H,0.5380673953101576,0.20664534389004852,0.25528726079979397
233466984,6527,H,H,0.5492579617491388,0.209810326938232,0.2409317113126293
233467020,6435,D,H,0.7778653554060914,0.14099543658913477,0.08113920800477391
233467024,6435,H,H,0.8341089978142935,0.11800059192387666,0.047890410261829955
233467028,6435,H,H,0.44424391351810033,0.3405124836498629,0.21524360283203672
233467032,6435,D,H,0.5460783020633516,0.29777770776287993,0.15614399017376854
233467036,6435,A,A,0.3406965233769988,0.2875915487823789,0.3717119278406223
233467039,6435,H,H,0.5843289390044154,0.3041311583686365,0.11153990262694809
233467042,6435,A,A,0.2784064753045937,0.3160940668662582,0.40549945782914815
233467044,6435,D,A,0.24485709597823863,0.24368571697204472,0.5114571870497167
233467045,6435,H,H,0.39108281224637736,0.3394527870755951,0.2694644006780276
233467046,6435,H,H,0.8149523894965333,0.14871038576144893,0.036337224742017685
233467692,6526,H,H,0.5799287976761931,0.24978073493855948,0.1702904673852475
233468178,6526,H,A,0.2492774286635854,0.25439355836394206,0.49632901297247245
233468440,6597,A,H,0.4772693377479334,0.2864163050258865,0.2363143572261801
233468616,6597,H,H,0.5389882692724502,0.24932206667980875,0.21168966404774103
233468624,6526,H,H,0.6166849135030438,0.25857574575680775,0.1247393407401484
233468675,6526,H,H,0.45370771963485856,0.2647397228160292,0.2815525575491122
233917285,6526,D,D,0.32435288266128764,0.3504859413143616,0.32516117602435074
233917309,6526,D,H,0.6113938273763477,0.24964690054816402,0.13895927207548828
234744846,6484,A,H,0.7592473073074443,0.14018614682477565,0.10056654586778019
234744847,6484,H,H,0.550816594742205,0.23069662242579256,0.2184867828320024
234744848,6484,A,H,0.5372529605183358,0.23185964614096724,0.23088739334069688
234744849,6484,H,H,0.4245484451579958,0.3378116935469982,0.23763986129500597
234744852,6484,H,H,0.46253790605668077,0.24988468914488376,0.28757740479843547
235450239,6484,H,H,0.7982470263069669,0.15134364843338713,0.05040932525964597
235450240,6484,H,H,0.4968893278771081,0.2535373373583789,0.24957333476451304
235450241,6484,D,A,0.09538685089940381,0.24633502438315538,0.6582781247174408
235450245,6484,H,H,0.7292274791961035,0.15967460256281224,0.11109791824108421
235829102,6484,H,H,0.599497809671366,0.18343638816006327,0.21706580216857066
236552956,6597,H,H,0.5076696390359239,0.27499619593770325,0.21733416502637284
236552958,6597,A,A,0.17303245282333865,0.23353547560575905,0.5934320715709024
236552961,6597,H,A,0.3301944071446123,0.2443898128214398,0.4254157800339479
236552965,6597,A,A,0.2750068575813575,0.3188060344879884,0.40618710793065405
236552968,6597,A,A,0.08612419854583026,0.1410146459605805,0.7728611554935891
236552971,6597,D,H,0.6419981004919639,0.2578841906873765,0.10011770882065961
236552974,6597,H,H,0.46933941804603324,0.24983564346553758,0.28082493848842915
236552977,6597,A,H,0.4284670637602378,0.2413932148267714,0.33013972141299086
236552981,6597,D,H,0.3852209305996996,0.3047942909409902,0.3099847784593102
236553576,6484,D,A,0.26089484930171536,0.16948193496094782,0.5696232157373368
236554184,6484,D,A,0.2507597875562904,0.23378157070514918,0.5154586417385604
236554724,6484,H,H,0.39322880155199436,0.25339771715893306,0.35337348128907253
236554725,6484,A,A,0.26566634738242967,0.34571315942853864,0.3886204931890317
236555141,6484,H,H,0.4792404578657789,0.23660764629560457,0.2841518958386165
236946950,6527,H,H,0.6056834240994765,0.214207177040594,0.18010939885992944
236946952,6527,A,H,0.5856007200830011,0.2384662012078291,0.17593307870916977
236946954,6527,H,A,0.26705980987085726,0.1938683294388045,0.5390718606903382
236946956,6527,A,A,0.2639263522674843,0.35876694622252675,0.37730670150998896
236946958,6527,H,A,0.3620233048448076,0.2486444378350029,0.3893322573201895
236946960,6527,H,H,0.6418257031710357,0.23894534502023002,0.11922895180873418
236946962,6527,H,H,0.887125348110023,0.08447914820854131,0.02839550368143581
236946965,6527,A,A,0.2679570690741855,0.28486341340989607,0.44717951751591845
236946968,6527,A,H,0.4266312119299366,0.286967766447408,0.28640102162265546
236947006,6435,D,H,0.7284617287103146,0.1760800190382856,0.09545825225139992
236947009,6435,A,H,0.7626556153694701,0.16574812611369572,0.07159625851683415
236947013,6435,A,H,0.3939191900707176,0.3025314495676466,0.3035493603616359
236947016,6435,D,A,0.33344564350911454,0.3157641433498644,0.3507902131410211
236947018,6435,D,H,0.3619368194337728,0.2834302083468045,0.3546329722194227
236947020,6435,A,H,0.46388720233206404,0.25057404249603266,0.2855387551719032
236947021,6435,A,H,0.3776778284082939,0.30497676311637734,0.31734540847532877
236947022,6435,A,A,0.1880313091684016,0.34246086784264046,0.4695078229889578
236947023,6435,A,H,0.36478420221876456,0.34537678337361394,0.2898390144076215
236947024,6435,A,H,0.6935851776668285,0.21122120632616073,0.09519361600701076
236947926,6484,H,H,0.7389099909336319,0.17175865663587114,0.08933135243049693
236948244,6526,A,H,0.5353456097800886,0.21722710658482675,0.24742728363508462
236948247,6526,D,H,0.45903534923007544,0.2737987520825267,0.2671658986873979
236948250,6526,D,D,0.24473515407963564,0.3865006272090899,0.36876421871127446
236948253,6526,H,H,0.37563443728993373,0.2924985970671151,0.3318669656429512
236948255,6526,D,H,0.416165621839695,0.3425557319144165,0.24127864624588846
236948257,6526,D,H,0.5017286602252008,0.2443594970707974,0.2539118427040018
236948260,6526,A,A,0.12837326017260856,0.3239670734865043,0.5476596663408871
236948261,6526,D,A,0.22660903737504418,0.23713164553832616,0.5362593170866297
236948264,6526,D,H,0.4721239013392971,0.24126052509134996,0.28661557356935297
236948266,6526,D,H,0.4547315534916284,0.3473099165203549,0.1979585299880167
236948407,6484,D,A,0.24086790285038057,0.22788131771922204,0.5312507794303974
236948415,6484,H,A,0.23757598489952347,0.1793413592425903,0.5830826558578863
236948774,6484,D,A,0.2904508746266094,0.19602751227574722,0.5135216130976434
237402908,6484,A,A,0.18399662600495043,0.22117357636052457,0.594829797634525
240012388,6597,A,H,0.49709614825125203,0.25666224859927533,0.24624160314947277
243450198,6527,A,H,0.3794618564935751,0.318842954612573,0.3016951888938519
244303680,6526,A,A,0.30562430321810385,0.2525440650952582,0.44183163168663797
244304317,6484,H,H,0.5289427408869142,0.25344411041967463,0.21761314869341108
244304581,6526,H,H,0.49640599772532945,0.2840641421747573,0.21952986009991327
244304867,6597,D,H,0.6284770873198695,0.2690145010949927,0.10250841158513785
244304868,6597,H,H,0.4156800853555847,0.22483435780845726,0.3594855568359582
244304869,6597,A,H,0.45541655704517314,0.27183033613247864,0.2727531068223481
244304870,6597,A,H,0.435207923499909,0.3159970770169744,0.24879499948311654
244304871,6597,A,A,0.27261977926271486,0.35324904667362184,0.37413117406366336
244304969,6484,D,H,0.7289571206180372,0.1992447563952976,0.07179812298666535
244304970,6484,A,H,0.5403377181042625,0.22096072594348684,0.23870155595225073
244304971,6484,A,A,0.17813571570175807,0.2944463995461799,0.527417884752062
244305744,6526,H,H,0.6665588038595398,0.23406906834320595,0.09937212779725421
244305890,6484,D,H,0.6816998338555478,0.18843331591246787,0.1298668502319844
244305891,6597,D,H,0.7123311295875049,0.20605950347497726,0.08160936693751782
244306058,6526,H,H,0.6167302054966555,0.25721757700665726,0.12605221749668724
244306626,6435,H,H,0.6539943981716401,0.18257940739013778,0.1634261944382222
244306627,6435,H,H,0.7303511591268507,0.21281931552065778,0.0568295253524917
244306628,6435,A,H,0.45992273665614797,0.3005585338725013,0.2395187294713506
244306629,6435,A,H,0.6319062007431449,0.22680319954083078,0.14129059971602428
244306630,6435,A,A,0.2060359014883204,0.2756597784536571,0.5183043200580224
244306631,6435,A,A,0.05087247836760864,0.16085107479709151,0.7882764468353
244306632,6435,H,H,0.49843373058361157,0.2226654432572713,0.2789008261591171
244306633,6435,A,H,0.4278044271109917,0.35614900877342065,0.21604656411558767
244306634,6435,H,D,0.3552957058425693,0.35705547261593035,0.2876488215415004
244306635,6435,A,H,0.5526097371801446,0.3252074001463984,0.12218286267345702
244306644,6527,A,A,0.3645594138574972,0.21918394048180118,0.41625664566070153
244306645,6527,A,A,0.21936513444492933,0.27493100626628286,0.5057038592887878
244306646,6527,A,H,0.39946231539673366,0.26860253088558483,0.33193515371768145
244306647,6527,D,A,0.05295085458833911,0.14494776853686112,0.8021013768747999
244306648,6527,D,A,0.26271670630858723,0.29437192851042066,0.442911365180992
244306649,6527,D,A,0.13826439595765036,0.2724774268808852,0.5892581771614644
244306650,6527,H,D,0.3441785835700057,0.3681022809930082,0.2877191354369861
244306651,6527,A,H,0.563715171241428,0.26422083408381297,0.1720639946747591
244306652,6527,H,H,0.41931793379588694,0.19677182138963192,0.38391024481448105
244307407,6526,H,H,0.39412333094952445,0.2836234161370475,0.322253252913428
244307726,6484,D,H,0.7641270957311992,0.14356304603167702,0.09230985823712382
244307727,6484,H,H,0.7299482927442558,0.2009548912866229,0.06909681596912136
244307728,6484,H,A,0.3086613957224294,0.24607224518854798,0.44526635908902273
244307732,6526,D,H,0.46318489309131616,0.34302961372103513,0.19378549318764876
244307733,6526,D,A,0.28088314403735903,0.3401517687590035,0.37896508720363736
244308290,6597,A,H,0.4252174695176493,0.3473137467822162,0.22746878370013446
244308591,6484,H,H,0.4847369212345639,0.2628099789927262,0.2524530997727098
244308592,6597,H,H,0.60348159601737,0.2665076920449026,0.13001071193772748
244308604,6526,H,H,0.4762774087723794,0.29990225503749,0.22382033619013048
244308690,6526,D,H,0.37140186372945166,0.30741093645236117,0.3211871998181871
244308852,6526,H,H,0.6921162959423973,0.22271046022908533,0.08517324382851735
244308853,6484,H,H,0.5376237819104568,0.1966078698314773,0.2657683482580659
244576869,6527,H,H,0.5793004303475162,0.21309048124869143,0.20760908840379239
250518519,6435,D,H,0.5144445332119327,0.31029531144912054,0.1752601553389467
250518520,6435,H,H,0.521302681054421,0.3485746147314871,0.130122704214092
250518521,6435,H,H,0.42364021731128937,0.28404371669713324,0.2923160659915773
250518522,6435,H,H,0.7856408970675702,0.16897506058651965,0.045384042345910126
250518523,6435,H,H,0.7319581598503602,0.19109176136837236,0.07695007878126757
250518524,6435,A,H,0.3964656231890428,0.31281769542263477,0.2907166813883225
250518525,6435,A,A,0.27900994542872537,0.2901860585216212,0.4308039960496535
250518526,6435,H,H,0.681672161750986,0.20757090461657718,0.11075693363243681
250518527,6435,D,H,0.47410508696094666,0.27881146893875886,0.24708344410029456
250518528,6435,H,H,0.4885859413583951,0.2673056472720158,0.24410841136958916
250518529,6435,H,H,0.5714062623936005,0.2810087041568525,0.147585033449547
250518530,6435,H,H,0.4517742023994276,0.28357791874674476,0.26464787885382773
250518531,6435,H,H,0.3903829782127849,0.29593619051203457,0.31368083127518054
250518532,6435,H,H,0.7868266818590732,0.16394927719754582,0.049224040943380926
250518533,6435,A,A,0.2770220019040952,0.2715403083371408,0.4514376897587641
250518534,6435,D,H,0.5293980539240314,0.2712758499215696,0.19932609615439909
250518535,6435,D,H,0.5826044522968944,0.2512432514564806,0.16615229624662495
250518536,6435,A,A,0.24294733738251006,0.3236368017094294,0.43341586090806067
250518537,6435,A,A,0.25796568170437073,0.3436348825270943,0.3983994357685349
250518538,6435,H,A,0.23969006790234632,0.31723144673332665,0.44307848536432703
250518539,6435,H,H,0.6360301190032779,0.2532203932003578,0.11074948779636436
250518540,6435,D,H,0.6714136365272123,0.21412225429408163,0.11446410917870602
250518541,6435,H,H,0.5824921663947736,0.2704803210974313,0.14702751250779508
250518542,6435,A,A,0.16551427049210535,0.2805602955535368,0.5539254339543579
250518543,6435,H,H,0.3976261551810696,0.300512357637503,0.3018614871814275
250518544,6435,H,H,0.456896614807246,0.3251397183086041,0.2179636668841499
250518545,6435,A,D,0.3276218845127084,0.4045796669676308,0.26779844851966084
250518546,6435,H,H,0.5106101532069682,0.2676713839305253,0.22171846286250638
250518547,6435,D,H,0.4099174155105372,0.28649521234729036,0.3035873721421724
250518548,6435,H,H,0.4071354692707147,0.3051255316399615,0.2877389990893239
250518549,6435,A,A,0.34568976165641685,0.2933959724394032,0.3609142659041799
250518550,6435,A,A,0.289313880020469,0.29876667400224527,0.41191944597728575
250518551,6435,A,A,0.30688115710557284,0.3261349855283296,0.36698385736609757
250518552,6435,D,H,0.37674337914227196,0.28700096545663517,0.33625565540109287
250518553,6435,A,A,0.25018470054491315,0.35249977175905656,0.3973155276960302
250518554,6435,H,H,0.7063277607221676,0.21267923998992663,0.08099299928790568
250518555,6435,H,H,0.557217103040378,0.27782734380410035,0.16495555315552163
250518556,6435,H,H,0.46020393437504675,0.31136382071283536,0.22843224491211786
250518557,6435,H,H,0.35853398783422513,0.2991754230632396,0.34229058910253535
250518558,6435,A,A,0.2281304586355014,0.2326062233000307,0.5392633180644678
250518559,6435,H,H,0.5341593293313405,0.26688872427414545,0.1989519463945141
250518560,6435,A,A,0.1776369076986498,0.21455003758764501,0.6078130547137053
250518561,6435,D,H,0.5440879452407432,0.29968995350226507,0.15622210125699176
250518562,6435,H,H,0.7301293324431167,0.18176944699599426,0.08810122056088898
250518563,6435,A,H,0.5260780323184443,0.27148608036507166,0.20243588731648404
250518564,6435,A,H,0.3844600230486473,0.3106131196235408,0.30492685732781194
250518565,6435,D,H,0.6483130047443296,0.22021162398597507,0.13147537126969536
250518566,6435,H,H,0.5119405599087735,0.29123654465163634,0.1968228954395901
250518567,6435,D,H,0.3828063779054019,0.26073510873680783,0.35645851335779033
250518568,6435,H,H,0.6041090816754747,0.27657914308396486,0.11931177524056047
250518569,6435,A,A,0.3372775545247895,0.26835492627784796,0.39436751919736257
250518570,6435,D,H,0.6016513488873068,0.23592842396289285,0.16242022714980045
250518571,6435,H,H,0.4226458648081071,0.33027268485574574,0.24708145033614726
250518572,6435,A,A,0.20561124677603046,0.3921448193134017,0.4022439339105679
250518573,6435,A,A,0.06504177492991137,0.15591932080454635,0.7790389042655423
250518574,6435,H,H,0.5537962982544585,0.24194019080736878,0.2042635109381727
250518575,6435,A,A,0.24366493830138192,0.2796233485142057,0.4767117131844124
250518576,6435,H,H,0.7372174059757239,0.16763531195156137,0.09514728207271465
250518577,6435,H,A,0.2523775961076456,0.2939393072961233,0.4536830965962311
250518578,6435,D,H,0.4962738029883527,0.3074721270276164,0.19625406998403094
250518579,6435,D,H,0.5784400201614757,0.2564852402744307,0.16507473956409371
250518580,6435,H,H,0.3941167585766789,0.3320456385514565,0.2738376028718646
250518581,6435,H,H,0.5420868365529012,0.2807781416522858,0.17713502179481283
250518582,6435,D,A,0.26292857743506054,0.2906159788923774,0.44645544367256207
250518583,6435,A,H,0.7087731000578564,0.208858189035225,0.08236871090691857
250518584,6435,A,A,0.03465090010217527,0.15460487547874344,0.8107442244190813
250518585,6435,H,H,0.6717140940074582,0.18991165967278104,0.1383742463197607
250518586,6435,H,H,0.5029859413585237,0.27160110217153893,0.2254129564699373
250518587,6435,H,A,0.25984785169994734,0.3090092458921303,0.43114290240792225
250518588,6435,A,H,0.42113755346218645,0.321000916021812,0.25786153051600147
256864051,6527,D,A,0.14556820246805846,0.2619710748875997,0.5924607226443419
256864052,6527,H,H,0.8403627403970199,0.11673694033634692,0.04290031926663328
256864053,6527,D,A,0.26827485631153447,0.3395808730265771,0.3921442706618884
256864054,6527,A,H,0.5078756615337622,0.24449558991927645,0.24762874854696137
256864055,6527,H,H,0.5431444220691243,0.29994786825178354,0.15690770967909215
256864056,6527,H,H,0.4119294509412081,0.27417133729965365,0.3138992117591382
256864057,6527,D,H,0.43530036676674694,0.2807389784226923,0.2839606548105608
256864058,6527,H,H,0.6480639369949498,0.23603214714485934,0.11590391586019086
256864059,6527,H,H,0.6015198636944795,0.2698464957306852,0.12863364057483526
256864060,6527,D,H,0.4803980835830427,0.2831308458929904,0.23647107052396696
256864061,6527,A,H,0.5486276791199755,0.25011160689894374,0.20126071398108072
256864062,6527,H,A,0.3871954264450242,0.207567476399207,0.40523709715576883
256864063,6527,H,H,0.5063279788358818,0.25813644576238504,0.23553557540173323
256864064,6527,H,H,0.815822902371592,0.1144632523363881,0.0697138452920198
256864065,6527,H,A,0.24979732870476068,0.28088499923700677,0.4693176720582326
256864066,6527,H,H,0.47406804089792587,0.2973186315562234,0.2286133275458506
256864067,6527,A,H,0.5182427350236716,0.23519857391763402,0.24655869105869443
256864068,6527,H,A,0.06640585583322342,0.17272185722779115,0.7608722869389853
256864069,6527,H,H,0.7290390259394415,0.17996105970974743,0.09099991435081109
256864070,6527,D,A,0.2208510248132302,0.26304961432611185,0.516099360860658
256864071,6527,H,A,0.289457274209434,0.2633522567400197,0.44719046905054616
256864072,6527,A,H,0.41144368483287236,0.3034542641140249,0.2851020510531029
256864073,6527,H,H,0.5718506185722436,0.22767367896309385,0.20047570246466254
256864074,6527,D,H,0.6280196678073986,0.1962429267446173,0.17573740544798408
256864075,6527,H,A,0.1423210719930037,0.2355078352292713,0.622171092777725
256864076,6527,H,H,0.574019888637138,0.2491982256005838,0.1767818857622782
256864077,6527,H,H,0.3748173797092982,0.28703027600302894,0.33815234428767293
256864078,6527,A,H,0.4506514347708648,0.30759759280370086,0.2417509724254343
256864079,6527,A,H,0.6934209371764263,0.14622811442314676,0.160350948400427
256864080,6527,A,H,0.4433449049104324,0.25964009522302095,0.29701499986654656
256864081,6527,A,A,0.10886570923670687,0.20904547480585883,0.6820888159574342
256864082,6527,H,A,0.2487505033671696,0.2588382672766258,0.49241122935620457
256864083,6527,A,A,0.1215732032742533,0.21841061881182192,0.6600161779139248
256864084,6527,H,H,0.5074571127840929,0.2351961388598985,0.2573467483560085
256864085,6527,A,A,0.02810881995820619,0.10316679207059416,0.8687243879711996
256864086,6527,A,H,0.4510523502532365,0.3072435597624588,0.24170408998430468
256864087,6527,D,A,0.3516786573025424,0.21540749170009316,0.4329138509973644
256864088,6527,A,A,0.1842256198103239,0.23992013943400758,0.5758542407556686
256864089,6527,H,H,0.6640974507436442,0.22143785499585697,0.11446469426049885
256864090,6527,H,H,0.5330238592134137,0.18466033756734465,0.28231580321924166
256864091,6527,A,A,0.1642388660822964,0.2508646796249368,0.5848964542927668
256864092,6527,H,H,0.5736491459291687,0.21380925358948025,0.21254160048135115
256864093,6527,H,A,0.2347842343454843,0.2599387056700676,0.5052770599844482
256864094,6527,H,H,0.7628774283611769,0.18112697035117703,0.05599560128764608
256864399,6526,D,H,0.3665327516188948,0.28066790385844315,0.352799344522662
256864400,6526,A,A,0.2504644886230616,0.25233305684924706,0.4972024545276914
256864401,6526,H,A,0.1831508702836245,0.22240814643381873,0.5944409832825567
256864402,6526,H,H,0.5738374253310586,0.2643014682917245,0.16186110637721682
256864403,6526,A,A,0.12290613059621379,0.23640928622363727,0.6406845831801491
256864404,6526,D,H,0.6821290452193143,0.2233107443310888,0.09456021044959691
256864405,6526,H,H,0.5579395724686422,0.2632681069909686,0.17879232054038924
256864406,6526,A,H,0.5776999370863924,0.251081784917083,0.17121827799652453
256864407,6526,H,H,0.7255072066226509,0.1960056023399456,0.07848719103740348
256864408,6526,H,H,0.7667446149518642,0.16932070463070237,0.0639346804174335
256864409,6526,D,A,0.21170938539146789,0.2519103970886723,0.5363802175198596
256864410,6526,A,H,0.5665583909524253,0.29114390003457613,0.1422977090129985
256864411,6526,D,H,0.46401847765801235,0.2454940076533034,0.29048751468868433
256864412,6526,A,A,0.27680821086821256,0.262349381603217,0.46084240752857053
256864413,6526,A,A,0.23353733269226523,0.26334909003576146,0.5031135772719734
256864414,6526,H,A,0.3434441777657707,0.2480612660972502,0.40849455613697916
256864415,6526,H,H,0.39513211133718484,0.3790753769238624,0.22579251173895273
256864416,6526,A,H,0.4824250433601934,0.22216212843154606,0.29541282820826054
256864417,6526,H,H,0.3998127219176922,0.2735714833977145,0.3266157946845933
256864418,6526,A,A,0.3701516953338958,0.233656805859503,0.39619149880660115
256864419,6526,A,H,0.5674633558922126,0.32754011119483245,0.10499653291295495
256864420,6526,H,H,0.6731872242908981,0.21571496296320902,0.11109781274589285
256864421,6526,A,H,0.38785736029465784,0.2288986201466246,0.38324401955871756
256864422,6526,A,A,0.1881295276067384,0.27194679020174645,0.5399236821915152
256864423,6526,D,H,0.6776546724262018,0.22145101114994956,0.10089431642384862
256864424,6526,D,H,0.6082560877148362,0.29352281502571925,0.09822109725944463
256864425,6526,A,A,0.3151383189319795,0.29199579898807343,0.392865882079947
256864426,6526,H,A,0.23964330647923923,0.2595330867570389,0.5008236067637218
256864427,6526,D,A,0.184638498367783,0.31560527401102034,0.49975622762119654
256864428,6526,H,H,0.4313286802660265,0.2617209003371956,0.3069504193967779
256864429,6526,A,H,0.5969589806140047,0.2603832173087322,0.14265780207726314
256864430,6526,D,A,0.14358928101562088,0.29770602526164364,0.5587046937227355
256864431,6526,A,A,0.1852525506524541,0.22586358876499862,0.5888838605825474
256864432,6526,A,A,0.2055220634370695,0.20973168297539801,0.5847462535875325
256864433,6526,A,A,0.21981813234305583,0.33314234478980675,0.44703952286713744
256864434,6526,H,A,0.34355099085471064,0.2631715051970176,0.3932775039482719
256864435,6526,H,H,0.6478335694033416,0.23828487112454705,0.11388155947211143
256864436,6526,H,H,0.4834490070733652,0.3327973575512055,0.18375363537542935
256864437,6526,A,A,0.18683097608904972,0.23957889234463772,0.5735901315663126
256864438,6526,H,A,0.34484109386016937,0.2777038736203251,0.3774550325195055
256864439,6526,D,H,0.37143910074266945,0.277168134811078,0.35139276444625245
256864440,6526,H,H,0.6118964918111626,0.2621801636364918,0.12592334455234552
256864441,6526,H,H,0.5364349904396489,0.309766268548285,0.15379874101206606
256864442,6526,H,A,0.3148693471849127,0.24347178397871877,0.44165886883636857
256864443,6526,H,H,0.5043230381894405,0.24102532823604217,0.25465163357451737
256864444,6526,H,A,0.37331912661543043,0.22448249531397763,0.40219837807059206
256864445,6526,D,D,0.3285560209825454,0.3816386077857991,0.28980537123165545
256864446,6526,A,A,0.17188299832377243,0.2543982953852505,0.5737187062909771
256864447,6526,A,A,0.19019895307709728,0.31531014418118963,0.4944909027417131
256864448,6526,A,A,0.14361590990357642,0.27211718079773795,0.5842669092986856
256864449,6526,H,H,0.6834403775519589,0.22128951588516396,0.09527010656287721
256864450,6526,A,D,0.3246668121222484,0.37489389802118694,0.3004392898565646
256864451,6526,A,H,0.36651923277356774,0.3610966862910476,0.27238408093538474
256864452,6526,D,H,0.45715031440226817,0.32208275028859357,0.22076693530913816
256864453,6526,H,D,0.2907477536726851,0.37073325804942897,0.338518988277886
256864454,6526,A,A,0.1179810874952739,0.29721666199520563,0.5848022505095205
256864455,6526,A,A,0.2938666246279199,0.3284524789356913,0.3776808964363889
256864456,6526,A,D,0.306583372568023,0.37137366438385194,0.32204296304812513
256864457,6526,D,D,0.32706214430728814,0.34928858229962545,0.3236492733930864
256864458,6526,A,A,0.23456093521192264,0.32121216401830754,0.44422690076976973
262683378,6484,A,A,0.13123712052228118,0.22802331465061956,0.6407395648270993
262683379,6484,D,H,0.38893964383203905,0.2560058142796624,0.35505454188829844
262683380,6484,A,H,0.4502100054120182,0.27058451479150597,0.27920547979647586
262683381,6484,D,A,0.2901397160257769,0.2327103627578674,0.47714992121635563
262683382,6484,D,H,0.6771653593689733,0.22003878852897912,0.10279585210204761
262683383,6484,H,H,0.5723964256121088,0.25700083311249927,0.170602741275392
262683384,6484,H,H,0.700854179140016,0.1934378477442414,0.10570797311574262
262683385,6484,H,H,0.38221306450310816,0.3266217081235827,0.29116522737330913
262683386,6484,A,A,0.06977347899948927,0.1473013931690597,0.782925127831451
262683387,6484,H,A,0.3084995911587683,0.20351277967407996,0.4879876291671518
262683388,6484,A,A,0.280518899252874,0.22243767839204967,0.49704342235507637
262683389,6484,D,H,0.71800526453311,0.1868959526960057,0.09509878277088434
262683390,6484,A,H,0.4785537999409812,0.28473286446617874,0.23671333559283994
262683391,6484,A,A,0.23875124540146117,0.27411373518630794,0.48713501941223075
262683392,6484,A,H,0.45559358746592715,0.211246929891501,0.3331594826425718
262683393,6484,H,A,0.20426269274817258,0.21069056508836792,0.5850467421634595
262683394,6484,H,H,0.575154755930668,0.2694609096704384,0.15538433439889351
262683395,6484,H,H,0.590406372163583,0.1675537026074853,0.24203992522893172
262683396,6484,D,H,0.4103821130813967,0.28422106045654905,0.30539682646205424
262683397,6484,A,A,0.23634099322181426,0.2927239454807746,0.47093506129741114
262683398,6484,H,H,0.6204105775415193,0.17764105651217077,0.20194836594630983
262683399,6484,D,H,0.6930648035159398,0.15405126875369962,0.1528839277303606
262683400,6484,H,H,0.48548361433012316,0.2150655706988523,0.2994508149710245
262683401,6484,D,H,0.5558931393205987,0.21023683935389698,0.23387002132550436
262683402,6484,H,A,0.3424077216944478,0.24335992544801985,0.41423235285753235
262683403,6484,A,A,0.33835721410592834,0.2874710072795465,0.37417177861452505
262683404,6484,H,H,0.687783188841652,0.15311851459732959,0.15909829656101848
262683405,6484,H,H,0.4851233490586071,0.2752552433383005,0.23962140760309236
262683406,6484,A,A,0.2476817185338282,0.28979423440861796,0.4625240470575539
262683407,6484,H,H,0.6884406858008045,0.19786019825545811,0.11369911594373742
262683408,6484,A,A,0.3111142896507112,0.2868152803817436,0.40207042996754505
262683409,6484,D,H,0.6314205326892919,0.1972280274953419,0.1713514398153662
262683410,6484,H,H,0.4228796145285325,0.305507503362297,0.2716128821091705
262683411,6484,H,H,0.4969291417737954,0.2008786429097779,0.30219221531642665
262683412,6484,D,H,0.47262959118777315,0.25037743578844585,0.27699297302378095
262683413,6484,H,H,0.36315951003413344,0.35963607941083187,0.2772044105550346
262683414,6484,A,H,0.5710334888672789,0.22831359249452093,0.2006529186382002
262683415,6484,H,A,0.38218092210189686,0.22969862954041725,0.38812044835768594
262683416,6484,H,H,0.6420915182473683,0.25971091741682684,0.09819756433580491
262683417,6484,A,H,0.5686280168004577,0.17963204383613862,0.25173993936340366
262683418,6484,A,A,0.35516781493744926,0.24309891190641036,0.40173327315614027
262683419,6484,A,A,0.2862899377259097,0.2775415932376584,0.4361684690364318
262683420,6484,H,H,0.5612725331688632,0.20818668909369387,0.23054077773744294
262683421,6484,A,A,0.3192568342289422,0.21067660782728023,0.4700665579437775
262683422,6484,D,H,0.5228913684694025,0.19160763796384833,0.28550099356674913
262683423,6484,H,H,0.39783285321388806,0.24615081999624308,0.35601632678986883
262683424,6484,D,A,0.3475757412814538,0.26746033041914463,0.3849639282994017
262683425,6484,A,A,0.12216502038152498,0.1952718017642693,0.6825631778542057
262683426,6484,A,H,0.5156817737572764,0.21729770233191847,0.26702052391080505
262683427,6484,A,A,0.32435078741613754,0.23156933915935468,0.4440798734245078
262683428,6484,A,H,0.40911344422379436,0.28995997145040364,0.30092658432580205
262683429,6484,H,H,0.7401936994009455,0.19119434763569482,0.06861195296335974
262683430,6484,D,A,0.06306051297245822,0.21551612319037958,0.7214233638371623
262683431,6484,A,H,0.47612636372828177,0.24809771964649172,0.2757759166252265
262683432,6484,H,A,0.32927485589517924,0.20720011280050796,0.4635250313043129
262683433,6484,H,H,0.6297218596395672,0.21057784665515555,0.15970029370527725
262683434,6484,A,H,0.6256786509827275,0.19115956560010816,0.18316178341716444
262683435,6484,H,A,0.2918552598410312,0.2217752869718168,0.48636945318715197
262683436,6484,D,H,0.610073243511936,0.23254471142820224,0.15738204505986175
262683437,6484,A,A,0.06089395879949359,0.16811756432616218,0.7709884768743442
263274543,6597,D,H,0.4783128363035894,0.2369237301511154,0.2847634335452951
263274544,6597,H,H,0.4735833531707692,0.30707989798499047,0.21933674884424026
263274545,6597,H,H,0.48063617069062076,0.3207524008854198,0.19861142842395937
263274546,6597,D,H,0.6634836381205804,0.23753665609042154,0.09897970578899798
263274561,6597,D,H,0.44676424434190015,0.27846109921924683,0.2747746564388529
263274562,6597,A,A,0.0709793478621566,0.11425420221565252,0.8147664499221908
263882437,6597,D,A,0.30131036369843917,0.2945878743837796,0.4041017619177813
263882445,6597,D,A,0.2296111468593227,0.23118142538983302,0.5392074277508443
263882449,6597,H,H,0.640462911077456,0.19236584764881537,0.16717124127372862
267675950,6597,A,H,0.5410835106662277,0.2949558375946695,0.1639606517391028
268189308,6597,H,A,0.3375799078385743,0.31253991769847833,0.34988017446294745
268189312,6597,H,H,0.8234729612853451,0.1121913680940963,0.0643356706205587
268189324,6597,H,H,0.5301759108671682,0.2511985365274474,0.2186255526053843
268189325,6597,A,A,0.28400263483385946,0.2808909549432633,0.4351064102228771
268189326,6597,H,H,0.691952116054965,0.2017338004002762,0.10631408354475887
268189350,6597,A,H,0.47278179734647635,0.2655505356561599,0.2616676669973637
268738334,6597,D,H,0.41056925093724606,0.34591117314196135,0.24351957592079265
268738349,6597,D,H,0.4200743691905937,0.3282830296794458,0.25164260112996045
271892656,6597,D,H,0.4072729974207739,0.3245877337284238,0.2681392688508023
272454978,6597,H,H,0.6206007876463144,0.19434467621208174,0.1850545361416039
272454979,6597,A,H,0.40985529330373516,0.26078194924048426,0.3293627574557806
272454981,6597,D,H,0.4322473310991438,0.3580373978433836,0.20971527105747248
272454985,6597,D,A,0.1346855741498797,0.1828699068341694,0.6824445190159509
272454990,6597,D,D,0.3588604399035811,0.36514266230046,0.275996897795959
273017251,6597,A,H,0.4802098965111587,0.300921289150143,0.21886881433869843
273017264,6597,D,H,0.36469939553656316,0.30349937534172616,0.33180122912171073
273017270,6597,D,A,0.27173409018344746,0.2622856316262586,0.4659802781902939
276523514,6597,D,H,0.47513680157767657,0.30543301201426565,0.21943018640805775
277107769,6597,H,H,0.8797369058707508,0.08744476617371821,0.03281832795553099
277107773,6597,A,A,0.2930821683487627,0.32894411349628383,0.3779737181549535
277107774,6597,A,H,0.3901457667339929,0.2665925190774572,0.34326171418854984
277107775,6597,A,H,0.5034111684249479,0.31135773657561217,0.1852310949994398
277107776,6597,D,H,0.5157253968371083,0.25794763388577746,0.22632696927711426
277699963,6597,H,H,0.5295675569098321,0.26688864776883636,0.20354379532133152
277699967,6597,D,H,0.5472340707613506,0.2590102175088292,0.1937557117298202
277699970,6597,A,H,0.5295717382395447,0.24334867870412266,0.22707958305633258
281601305,6597,A,A,0.32524250139237637,0.3111367146198218,0.36362078398780173
281601306,6597,A,H,0.3565611695094887,0.3356549807028534,0.30778384978765794
281601307,6597,A,H,0.37781247129779616,0.2802606345472776,0.3419268941549262
281601308,6597,H,H,0.6561682199589745,0.2305136075578194,0.11331817248320614
281601309,6597,A,A,0.0670748098542801,0.13316876781880885,0.7997564223269109
281601310,6597,A,H,0.5437116885469939,0.27283115952662196,0.183457151926384
281601311,6597,A,H,0.36309526737895514,0.3116693996605691,0.3252353329604758
281601312,6597,D,A,0.31357079072236066,0.22894724304364575,0.45748196623399356
281601313,6597,A,H,0.4338629855940417,0.2701338225483658,0.29600319185759244
