fixture_id,season_id,y_true,y_pred,p_home,p_draw,p_away
152781768,6435,D,D,0.3390227151462841,0.34520734466502184,0.31576994018869414
152781770,6435,D,H,0.4592368952029714,0.28787731049678883,0.2528857943002399
152908782,6435,D,A,0.32546093130845194,0.325194324436848,0.3493447442547001
152908783,6484,H,H,0.5074987489610157,0.23868630634270693,0.2538149446962775
152908785,6435,H,H,0.4670989157873941,0.3022294423772309,0.230671641835375
153121348,6526,D,H,0.4570007112069112,0.28043640868217223,0.26256288011091644
153121349,6526,D,H,0.3839432110768619,0.28777916545645627,0.3282776234666819
153121354,6526,D,H,0.3609352001602743,0.35029392328029046,0.2887708765594351
153121355,6526,D,A,0.33373727481255644,0.3284759755631525,0.337786749624291
153121356,6484,A,H,0.4327382739650676,0.25941561086628645,0.30784611516864596
153121359,6484,H,H,0.5942438393026558,0.17000882522972066,0.23574733546762358
153121360,6484,A,H,0.5043537886983572,0.24575046929097716,0.24989574201066567
153121361,6484,H,H,0.5806721222109675,0.1928090639021721,0.22651881388686035
153121362,6484,A,A,0.21973575278424862,0.16103699131573196,0.6192272559000194
153121364,6435,D,H,0.5791352325245648,0.2778568891210378,0.14300787835439743
153121365,6484,D,H,0.4481916507224663,0.2712013064611846,0.28060704281634913
153121366,6435,A,A,0.3123771540201212,0.3418709874057115,0.3457518585741673
153121367,6527,H,H,0.5379627020989596,0.18282827302426075,0.2792090248767797
153121371,6527,A,A,0.33379928049059554,0.2790370981345712,0.38716362137483323
153121372,6527,A,H,0.40010192888748697,0.2823248969531893,0.3175731741593238
153121383,6527,A,A,0.29632942804818074,0.29141366910241884,0.41225690284940036
153503374,6526,H,H,0.42919879602588784,0.2871445586652663,0.28365664530884577
153503375,6526,D,H,0.4252609196935858,0.306031368867403,0.2687077114390112
153503376,6484,A,H,0.4013650621727844,0.3125796402062771,0.28605529762093856
153503377,6484,H,H,0.3572820654291767,0.31037800410773064,0.3323399304630926
153503379,6435,D,A,0.2598804018132264,0.34845122146282337,0.3916683767239502
153503380,6526,H,H,0.4743216082572477,0.2664421247006233,0.2592362670421291
153503381,6526,D,H,0.3613534162418672,0.324681519755335,0.31396506400279783
153503382,6527,H,A,0.3394013821302512,0.28139873264875953,0.37919988522098924
153503385,6435,A,H,0.4428102714402906,0.3080452534741312,0.24914447508557816
153503389,6527,A,H,0.3683369991963276,0.30545575359354765,0.32620724721012473
153503390,6527,D,H,0.4451753378143846,0.24526653968711912,0.3095581224984963
153503391,6527,D,H,0.4103277743808959,0.27260070179130413,0.3170715238278
153503392,6527,H,H,0.3635159635171831,0.2758018352700345,0.3606822012127824
153799321,6435,D,H,0.3967166148877143,0.33220396695020693,0.27107941816207876
153799322,6484,D,H,0.40279023109342293,0.2658978030293088,0.3313119658772683
153799323,6526,H,H,0.5471924217117503,0.27936970265172045,0.17343787563652924
153799333,6526,A,A,0.3005578238653577,0.33510877451130877,0.36433340162333355
153799336,6435,H,H,0.44272833056011046,0.27434635718491146,0.2829253122549782
154591797,6597,A,A,0.3043280140484278,0.3440719819594337,0.3516000039921384
154830973,6597,H,H,0.511065120670143,0.23192075535280773,0.2570141239770493
154830974,6597,D,H,0.5433978156922725,0.2169907332710374,0.23961145103669
154830975,6597,H,H,0.6294940331258025,0.23991206169727197,0.13059390517692557
154830976,6597,H,H,0.6159235356193837,0.19224161252022792,0.19183485186038834
154830980,6597,D,H,0.4034865362608906,0.3271320249210986,0.26938143881801074
154830984,6597,H,H,0.3575975203473023,0.30535666814804624,0.33704581150465146
155290854,6435,H,H,0.49242649212894474,0.2480016161511798,0.2595718917198754
155290856,6597,A,H,0.3689251111985501,0.30715577894202156,0.3239191098594283
155290863,6435,A,H,0.423647808577007,0.33985010687980505,0.23650208454318797
155290864,6435,D,H,0.3868273710583552,0.32207253745860465,0.2911000914830401
155290865,6435,H,H,0.51401908745016,0.2898820976092797,0.19609881494056036
155290866,6435,H,H,0.4227290050044489,0.31952531570950027,0.2577456792860509
155290867,6435,A,H,0.42530625137640377,0.27537399426739106,0.2993197543562051
155290868,6435,H,H,0.5215150985629001,0.27881085194124,0.1996740494958599
155658082,6597,A,A,0.253347297845516,0.20190562436965115,0.5447470777848328
155658106,6435,H,H,0.3504413467043128,0.3096358118412777,0.33992284145440943
155658107,6435,D,H,0.34899539025622733,0.30981812206911524,0.3411864876746574
155658109,6435,H,A,0.31284406250579433,0.20437116681540535,0.4827847706788003
156528090,6527,H,H,0.575314491313817,0.21644096362205714,0.2082445450641259
156559576,6597,H,H,0.6077312087377514,0.2723040363441696,0.11996475491807897
156783614,6484,H,H,0.45817209750463145,0.2554122531690558,0.2864156493263128
156784040,6484,A,H,0.5680498473019431,0.1778586909868508,0.2540914617112061
156784045,6484,H,H,0.44135329169409226,0.2521492743430677,0.30649743396283996
156784051,6484,H,H,0.826854639481109,0.12255311488593507,0.050592245632955876
156784053,6484,A,H,0.376692822994968,0.2824814575140613,0.3408257194909707
156784055,6484,H,H,0.4923734090161792,0.28424813850247155,0.22337845248134922
156784608,6527,A,A,0.22779746813258533,0.3379291313092341,0.4342734005581806
156784989,6484,A,A,0.3284646372260519,0.30312779058612876,0.3684075721878194
156784999,6526,H,H,0.3531562932166024,0.3182852115377063,0.32855849524569136
156785000,6526,H,A,0.28346009194622085,0.3070678847176795,0.4094720233360996
156785012,6527,H,H,0.5252963239711695,0.25109595118678185,0.22360772484204863
156785132,6526,H,H,0.5915936130426858,0.23792412931936477,0.17048225763794952
156785133,6526,A,H,0.35744095609076476,0.32929005881556433,0.31326898509367085
156785143,6527,A,H,0.4983819712160106,0.30127572748950743,0.20034230129448205
156833294,6597,A,H,0.46040162851221506,0.24537865541336182,0.2942197160744232
156833297,6597,A,A,0.2568383343158101,0.19232564042229544,0.5508360252618945
156833298,6597,A,H,0.4655227801965295,0.3017356287853003,0.2327415910181701
156833299,6597,D,A,0.318325415305674,0.28279042660821335,0.3988841580861126
156833300,6597,H,A,0.28795273826594786,0.315289869067106,0.39675739266694626
156833301,6597,D,H,0.37730910314256444,0.30200793469066095,0.32068296216677455
156833303,6526,H,A,0.19965155196259546,0.3017882666276058,0.4985601814097987
156833307,6484,H,H,0.5029670635203956,0.23156403185390306,0.2654689046257014
156833310,6484,A,D,0.3147217505282653,0.35049159104681643,0.3347866584249182
156833311,6484,D,A,0.322798252237717,0.2628794028977333,0.4143223448645496
157282140,6527,H,H,0.5363760901313888,0.277767123323137,0.18585678654547413
157282604,6527,H,A,0.2994581893240532,0.2527075334730648,0.44783427720288194
157282605,6527,H,A,0.3445121938623481,0.28791193683739374,0.3675758693002582
157282608,6527,D,H,0.37481368186771685,0.2815190768556311,0.343667241276652
157282771,6526,D,H,0.5400365682993139,0.27916483882646015,0.1807985928742259
157282888,6527,D,H,0.5792770379603253,0.2559665033346871,0.1647564587049876
157282889,6526,H,A,0.2905413133635379,0.3343065444772766,0.3751521421591856
157282890,6526,A,H,0.405237192450249,0.3048055143743332,0.2899572931754179
157334390,6526,A,H,0.38989026508631336,0.2984446557876383,0.31166507912604824
157334392,6597,H,H,0.47870983309172827,0.2598224129549157,0.2614677539533561
157334395,6597,H,H,0.6285174602631636,0.20116919376843426,0.17031334596840209
157706664,6526,D,H,0.6276743199961321,0.28159994343415573,0.09072573656971224
157706724,6435,H,H,0.4302622630091591,0.2769156103084044,0.29282212668243657
157750800,6526,D,H,0.6211447418955778,0.2290667053660717,0.14978855273835048
157750801,6527,A,A,0.21689997116007062,0.17005661557182,0.6130434132681093
157750802,6526,A,H,0.464800862658981,0.27293755958323884,0.2622615777577802
157750803,6526,D,H,0.5963746458336727,0.21673145689927903,0.18689389726704833
157750804,6527,H,A,0.3108575111209208,0.2771401983464763,0.4120022905326029
157750805,6484,A,H,0.41029270329314227,0.22056652653326375,0.369140770173594
157750806,6527,D,H,0.5529795175971453,0.19510807602553917,0.2519124063773156
157750807,6484,H,H,0.4580586590430912,0.17897137677364677,0.36296996418326205
157750808,6484,D,H,0.5424842329343729,0.28955392035719163,0.16796184670843547
157750809,6526,H,H,0.5156620432861851,0.2326821120904861,0.25165584462332885
157750810,6526,D,H,0.4577205500416649,0.26736572694563826,0.2749137230126968
157750811,6526,H,A,0.3154767977125735,0.2808568762643046,0.40366632602312197
157750812,6526,D,A,0.34060756023947747,0.2845852732032825,0.37480716655724
157750813,6484,A,A,0.22692923235895246,0.24395752242982055,0.529113245211227
157750814,6484,D,H,0.6038805048924477,0.21742777498672172,0.17869172012083068
157750815,6484,D,A,0.19556104245186956,0.14339611890427886,0.6610428386438515
157750816,6484,A,A,0.2898374060357192,0.23075707651965444,0.47940551744462634
157750817,6484,H,H,0.6066546075121229,0.19434456788424143,0.1990008246036357
157750818,6484,D,H,0.5906628637486131,0.16091057361950611,0.24842656263188084
157750819,6527,H,A,0.29470635268085654,0.26138885673526846,0.44390479058387505
157750820,6435,D,A,0.21660444958839337,0.2758101355313876,0.507585414880219
157750821,6435,H,H,0.5029686038437761,0.2451967461685538,0.25183464998767013
157750822,6435,A,H,0.5001558398865409,0.2687501954365713,0.23109396467688773
157750823,6435,H,H,0.5046365906740081,0.28392871467781927,0.21143469464817263
157750824,6435,A,A,0.31726794888959264,0.3107752461482682,0.3719568049621391
157750825,6435,D,H,0.3720139479243521,0.2708763367341662,0.35710971534148167
157750826,6526,H,A,0.3366177405342723,0.25169470879752326,0.4116875506682044
158001286,6526,H,H,0.623487252459901,0.2725441385364677,0.10396860900363118
158001287,6526,A,A,0.31649321869066727,0.3010926663159546,0.3824141149933782
158001288,6435,D,H,0.6412213279896866,0.2093986916887116,0.1493799803216017
158001289,6435,D,H,0.5273197447837267,0.28404050169601636,0.18863975352025691
158001310,6484,A,H,0.5019506671163135,0.21551330249902845,0.282536030384658
158222940,6435,H,H,0.559306859856179,0.24127185747775043,0.19942128266607054
158946180,6435,H,H,0.6710626269272761,0.2250616540351195,0.10387571903760433
158946197,6527,H,H,0.43923442868624285,0.27364711615275994,0.2871184551609973
158946598,6435,A,H,0.3805149447468991,0.26484944923089165,0.3546356060222092
158946602,6527,A,A,0.29483854373303003,0.2558415160510604,0.4493199402159096
158946634,6435,H,H,0.4709758605920549,0.24713103616510704,0.28189310324283806
158946773,6527,A,A,0.2750138543377325,0.21292385362736937,0.5120622920348981
158946782,6435,D,A,0.202543723063868,0.25648926042815023,0.5409670165079818
158946783,6435,A,H,0.3502879058012875,0.3336876597023227,0.31602443449638984
159468224,6435,H,H,0.5242519720475652,0.2571974766996103,0.2185505512528245
159468225,6435,H,A,0.2569938458259255,0.2928037229103086,0.45020243126376586
159468234,6527,A,A,0.3232390884859062,0.2785646581604437,0.3981962533536501
159468238,6527,H,H,0.409973013392604,0.2889002382649902,0.3011267483424059
159468407,6435,A,A,0.30382724870456995,0.3044401004991919,0.3917326507962382
159468437,6435,D,H,0.4170234406870818,0.29621250992010983,0.28676404939280836
159468531,6435,H,H,0.6345705020288294,0.19073981349380548,0.17468968447736513
160980090,6597,H,A,0.3649679920925924,0.1998071170871104,0.4352248908202973
161252166,6484,A,A,0.35257647413863025,0.2335559947200543,0.41386753114131536
161252167,6484,H,H,0.55570120264753,0.27939189506490686,0.16490690228756325
161252168,6484,H,H,0.7283317047551453,0.149624833343012,0.1220434619018427
161252169,6484,A,H,0.6828768531376074,0.1652376910174633,0.1518854558449292
161252170,6484,D,H,0.44842933531861345,0.23667714158156183,0.3148935230998247
161252171,6484,D,H,0.5241162156840532,0.20351170376094976,0.27237208055499706
161252172,6484,D,H,0.7310624822763501,0.1819938763930569,0.08694364133059305
161252173,6597,A,H,0.3847489392366046,0.3557424900200841,0.2595085707433114
161252174,6484,A,H,0.40354720575705616,0.28506139398952784,0.31139140025341605
161252175,6597,H,H,0.6150204471338886,0.21809400630718848,0.16688554655892285
161252176,6597,A,A,0.1414501586910938,0.13281983958532464,0.7257300017235815
161252177,6597,A,D,0.3352150252995544,0.33638788919648765,0.32839708550395785
161252217,6597,A,H,0.5159495352992707,0.2406378034800311,0.24341266122069818
161252218,6597,D,H,0.6307488265313058,0.20228672415363722,0.16696444931505702
161792352,6484,A,H,0.39349853917354394,0.23464394834963762,0.3718575124768184
161792354,6484,A,A,0.22008294473989656,0.26283590346316066,0.5170811517969428
161792356,6597,A,H,0.5294339244662011,0.2411686739755232,0.22939740155827568
161792357,6527,D,H,0.5527917746581659,0.28815076693662683,0.15905745840520732
161792358,6527,H,A,0.3357127079509897,0.26307457300490117,0.40121271904410916
161792359,6527,A,H,0.4929461016661132,0.28044682609409294,0.22660707223979382
161792366,6597,H,H,0.5319032643684155,0.33151839233994645,0.1365783432916381
161792368,6527,H,H,0.5509868833258906,0.27081107538308324,0.17820204129102607
162252209,6435,H,H,0.6742343643545381,0.20595241541754364,0.11981322022791828
162252210,6435,A,H,0.3585719660926168,0.3233179309314872,0.3181101029758959
162252211,6435,A,A,0.3105418772965583,0.21577840144614258,0.47367972125729907
162252216,6435,A,A,0.2755725750992394,0.24721144826352653,0.4772159766372339
162252217,6435,H,H,0.44672004309660657,0.270748836702842,0.2825311202005514
162252218,6435,H,H,0.43220793227034776,0.26919380457171543,0.2985982631579368
162252219,6435,A,A,0.37157145811477066,0.2531046897273066,0.37532385215792274
162252220,6435,H,H,0.42949768712388176,0.2978039097535915,0.2726984031225268
162252258,6435,H,H,0.6240729993759039,0.27794563178658044,0.09798136883751565
162252259,6435,H,H,0.6302845161470714,0.22462170109559634,0.14509378275733226
162525188,6526,H,H,0.4208563078626866,0.26698364962150256,0.3121600425158109
162525190,6526,A,H,0.3646088986297881,0.32770992740047666,0.3076811739697353
162525191,6527,D,H,0.4803327863449591,0.25990839085288825,0.25975882280215273
162525206,6526,D,H,0.4999878092246949,0.2687834500988115,0.23122874067649365
162525209,6526,H,H,0.5419730333649052,0.2773652467435207,0.1806617198915741
162525213,6527,A,A,0.2045994629749047,0.2925261991103581,0.5028743379147372
162525214,6526,D,A,0.2910832837605356,0.2595699398796803,0.44934677635978426
162525216,6527,H,H,0.5068992556864649,0.2431146734814219,0.2499860708321132
162525223,6526,D,A,0.2471569008735016,0.3175656970532021,0.4352774020732964
162525238,6527,H,A,0.19093340016133484,0.25773375262450654,0.5513328472141587
162525249,6527,H,H,0.7195236498162635,0.1879129294314591,0.0925634207522774
162525261,6526,D,A,0.22026415150249193,0.22376470473062596,0.5559711437668822
162525282,6526,A,H,0.4060395109065022,0.2751158916757267,0.31884459741777105
162525284,6526,D,H,0.5276507043004564,0.30444432450499576,0.16790497119454786
162525285,6526,H,H,0.42105332597703166,0.26089217114496505,0.3180545028780034
163194222,6527,H,H,0.6106145288737256,0.2319868331441268,0.1573986379821475
163194227,6597,A,D,0.32322400577128574,0.347762559294512,0.32901343493420226
163194237,6435,A,H,0.3580159920221545,0.2949246928501646,0.3470593151276809
163194238,6435,H,H,0.47929521564177413,0.2772141481245841,0.2434906362336418
163461421,6527,D,H,0.4016853385422203,0.23325038180804786,0.3650642796497318
163461432,6527,D,A,0.1149958773193313,0.18740067901188914,0.6976034436687797
163461451,6527,D,H,0.4997408015725502,0.2368905295963001,0.2633686688311498
163461452,6597,H,H,0.5121860995647008,0.2594620149134648,0.22835188552183433
163461453,6484,D,H,0.4698309466826955,0.21682805875642716,0.3133409945608774
163461459,6484,H,H,0.46856592850346557,0.21827366912437707,0.3131604023721575
163461460,6484,D,H,0.5272799429571442,0.2619195119018296,0.2108005451410262
163461461,6484,H,H,0.6696421742199727,0.16953721077509543,0.16082061500493192
163461462,6484,D,H,0.4913652271653705,0.2789068266113555,0.22972794622327383
163461463,6484,H,A,0.37329264786445965,0.2328115623737518,0.39389578976178846
163461464,6484,H,H,0.6233111357257287,0.23442059938828527,0.142268264885986
163461465,6597,D,H,0.6007902920729629,0.2837814227264456,0.11542828520059153
163461466,6597,H,H,0.4293546703862966,0.3052165502419112,0.26542877937179227
163461467,6597,A,A,0.2745730938470362,0.20976253847533993,0.5156643676776238
163461468,6597,A,H,0.5712597145039966,0.23765067155386854,0.19108961394213486
163461470,6484,A,A,0.29392551261282135,0.2464396132578554,0.45963487412932325
163976485,6527,H,H,0.6334081640843224,0.19460624934497575,0.17198558657070187
163976493,6526,A,H,0.5189944442208168,0.21274901701259338,0.26825653876658984
163976494,6527,A,A,0.19660558750491436,0.2350448320281194,0.5683495804669663
163976497,6597,D,A,0.16893697190421203,0.25662212050494276,0.5744409075908451
163976499,6597,H,H,0.4184565938380559,0.25757798667963394,0.3239654194823101
163976500,6484,D,H,0.5988509934722219,0.18295097301520957,0.21819803351256847
163976501,6527,H,D,0.2997481751623494,0.35015641257209695,0.35009541226555374
163976502,6527,D,A,0.27098550592228643,0.25832117995934295,0.4706933141183706
163976503,6527,H,H,0.3619893618313728,0.276165133313035,0.36184550485559214
163976505,6597,H,H,0.6189222005038035,0.21274685193404053,0.1683309475621559
163976509,6484,D,H,0.5061693131386406,0.2253401780451113,0.26849050881624814
164451535,6526,H,A,0.35159567390470164,0.27302308854115315,0.3753812375541452
164451536,6526,A,H,0.4349714382170833,0.27745946755966966,0.28756909422324695
164451537,6526,H,H,0.3698494564762114,0.2715800144891466,0.35857052903464204
164451538,6526,D,H,0.3616666446440054,0.27759396346016835,0.36073939189582627
164451539,6526,D,H,0.5109123579428168,0.23809166126265047,0.25099598079453284
164451540,6526,H,A,0.2872060690206088,0.3219515341791539,0.3908423968002373
164451541,6526,A,H,0.42220450105822344,0.2611409206200295,0.316654578321747
164451542,6526,A,A,0.32505158439453724,0.30511379997902405,0.36983461562643877
164451547,6526,A,H,0.6653793535743672,0.22428886248273072,0.11033178394290209
165444903,6435,H,H,0.5279421619581011,0.27249937945623043,0.19955845858566845
165530213,6435,D,A,0.26694587948178006,0.26825203507710105,0.46480208544111895
165530214,6435,A,A,0.23686751179856638,0.26016623917757536,0.5029662490238582
165530215,6435,H,H,0.37637703748404905,0.2727901957906161,0.35083276672533487
165530234,6435,H,A,0.24524363087855927,0.30438635825344545,0.4503700108679953
165744639,6435,D,D,0.26387787291815906,0.38348159323037695,0.3526405338514641
165745866,6435,H,H,0.4573701307830068,0.3268508896849857,0.21577897953200736
165746575,6435,H,H,0.7101355107638977,0.17993057543337582,0.10993391380272657
166356394,6435,D,H,0.4504322699724791,0.29812871652502704,0.25143901350249376
166422933,6484,H,H,0.6017135446239287,0.17824648645458263,0.22003996892148864
166422934,6484,D,H,0.5225635562037946,0.23288980759568276,0.24454663620052267
166422935,6484,H,H,0.6792868916633503,0.16083016516041773,0.1598829431762319
166422942,6484,A,A,0.35608121594105524,0.22094978756276432,0.42296899649618047
166422943,6484,A,A,0.11744770022194377,0.20980971942890006,0.672742580349156
166422948,6484,D,A,0.26581521902449085,0.24249044411245024,0.49169433686305897
166422954,6484,A,H,0.47474746971380427,0.2212748858625198,0.3039776444236759
166422955,6484,H,A,0.26775999513377907,0.2625518545803921,0.4696881502858288
166422956,6484,D,A,0.32147463446546165,0.21615459418815086,0.46237077134638743
166422957,6435,A,H,0.49166057133734953,0.2807128236646774,0.22762660499797308
166997679,6484,H,H,0.5518591785137338,0.23253328927872102,0.2156075322075451
166997680,6526,A,H,0.5036276723457863,0.30027772141971837,0.1960946062344953
166997681,6526,H,H,0.5984436911017941,0.24287773650692773,0.15867857239127817
166997682,6527,H,A,0.18839533621079774,0.23107301128659216,0.5805316525026101
166997684,6526,D,H,0.4342363026204095,0.24990579718233671,0.31585790019725385
166997686,6597,A,H,0.46370184770921213,0.3154165025879943,0.22088164970279364
166997687,6527,A,A,0.2776252164651547,0.2753725776475601,0.44700220588728523
166997688,6527,D,H,0.693932146834451,0.21885529727842426,0.08721255588712475
166997690,6597,A,A,0.12005956189178939,0.2732885070831702,0.6066519310250403
166997692,6526,H,H,0.5741324452327197,0.24797173638522016,0.17789581838206006
166997693,6526,H,A,0.32350542765399126,0.3100945064807634,0.3664000658652453
166997694,6526,A,H,0.40941134045127114,0.29030738484437707,0.3002812747043517
166997695,6526,D,A,0.31289305342569507,0.29675659542793714,0.3903503511463678
166997696,6527,A,A,0.31248684785986086,0.28659871487304284,0.40091443726709625
166997698,6597,D,H,0.6184436745041323,0.2064093003873719,0.1751470251084958
166997700,6526,A,A,0.31399103946084855,0.2672444633404794,0.41876449719867204
166997701,6527,D,A,0.28149829254965786,0.20954997782208626,0.5089517296282557
166997702,6597,H,H,0.4145570166124176,0.3001957652123635,0.2852472181752188
166997703,6597,A,H,0.43924432439929445,0.29233302516924004,0.26842265043146546
166997704,6597,D,A,0.23890166796999515,0.27228074621650605,0.4888175858134989
166997705,6597,A,H,0.7476259832826535,0.1858476863544506,0.0665263303628959
166997706,6597,H,H,0.6142598262869319,0.21100634384072617,0.17473382987234196
166997707,6526,A,A,0.3085269434295634,0.28291463608143963,0.40855842048899693
166997708,6527,H,H,0.6573738397471799,0.18206953223547623,0.1605566280173438
166997709,6526,H,H,0.6643648542321573,0.23242524104121182,0.10320990472663075
166997710,6597,H,H,0.5937602695499785,0.23269741569223154,0.17354231475779003
166997711,6527,H,A,0.25030122352316253,0.3136571736648382,0.4360416028119994
166997712,6435,A,A,0.32643036481824256,0.29312164208340347,0.3804479930983539
166997713,6435,D,H,0.36208614139038886,0.3188168543660945,0.31909700424351656
166997714,6435,A,H,0.4222935716626044,0.3034593555647851,0.27424707277261046
166997715,6435,H,H,0.8236979344207859,0.1275861035101346,0.04871596206907958
166997716,6435,D,H,0.4571256336004796,0.28060418047546537,0.262270185924055
166997717,6435,H,H,0.6891504701493806,0.19577073303951661,0.11507879681110277
166997718,6435,D,H,0.380628034103737,0.3324759498580038,0.28689601603825915
166997719,6435,H,H,0.5627035170203355,0.28581990256156575,0.15147658041809875
167336769,6527,A,H,0.42153265627730185,0.2608436736452064,0.31762367007749176
167336770,6527,H,H,0.7587054329880374,0.16518307114238104,0.07611149586958163
168157236,6435,A,A,0.23807327166376832,0.3418302272380343,0.42009650109819735
168240949,6435,D,H,0.44821249938849006,0.23972356290902339,0.3120639377024865
168240950,6435,D,H,0.5831883355586959,0.2635407433242494,0.15327092111705465
168240953,6435,H,A,0.10708139563240651,0.2077521349975265,0.685166469370067
168240955,6435,H,H,0.48016832670899606,0.28149949696692633,0.23833217632407763
168447351,6435,H,A,0.34500328020242194,0.29089012872564535,0.36410659107193283
168448723,6435,D,H,0.5306259129608646,0.2649167528072354,0.2044573342318999
169079955,6435,D,H,0.47204208859682906,0.2979061474688479,0.2300517639343231
169081170,6435,H,H,0.5184050374596119,0.2840693017147346,0.19752566082565354
169150142,6484,D,A,0.2470001503633972,0.2431879922759022,0.5098118573607006
169150145,6484,H,H,0.49087407327139043,0.2582150988619602,0.2509108278666493
169150146,6484,H,H,0.6517157362534439,0.17643839412413448,0.17184586962242154
169150147,6484,H,H,0.7764762691984537,0.1419089181394498,0.08161481266209646
169150148,6484,H,H,0.5629923196022337,0.23342518353029243,0.20358249686747393
169150149,6484,H,H,0.38821204247005237,0.2590234169767037,0.3527645405532439
169150151,6484,H,A,0.31287276527513275,0.22630674733592118,0.46082048738894615
169150152,6484,D,H,0.6553623246463417,0.17785290919133723,0.16678476616232119
169150153,6484,D,H,0.5477399430004084,0.24064777028351536,0.21161228671607624
169150156,6484,A,A,0.24823665189597616,0.19038217118802728,0.5613811769159965
169703210,6435,H,H,0.5468764125129585,0.3010015068869823,0.15212208060005925
169762468,6526,H,A,0.3325889968399188,0.24748938327394043,0.4199216198861408
169762469,6527,D,A,0.2601258224467408,0.17864078191448465,0.5612333956387746
169762470,6597,D,H,0.6103287790894644,0.2322840401363127,0.15738718077422298
169762471,6526,D,A,0.2873513493179269,0.2855357588362886,0.4271128918457846
169762472,6597,D,A,0.281283643971806,0.23446011143515588,0.4842562445930381
169762473,6527,H,H,0.6074587362711111,0.25036419014367883,0.14217707358521
169762474,6527,D,H,0.40618361512104534,0.2690615944325836,0.3247547904463711
169762475,6527,H,H,0.4438885937965612,0.3041742135311345,0.25193719267230424
169762476,6597,A,H,0.43545758052029093,0.2583024907139684,0.30623992876574063
169762477,6526,H,H,0.4572661840360087,0.28681531208248356,0.2559185038815077
169762478,6526,D,H,0.42629486671625233,0.281415808307455,0.2922893249762927
169762479,6527,H,A,0.3436276915429327,0.27173613563629845,0.38463617282076895
169762482,6526,D,H,0.7359177250995323,0.17194016551618688,0.09214210938428075
169762484,6527,A,A,0.2717705341522018,0.2419305004517542,0.486298965396044
169762486,6526,H,H,0.5238024403887873,0.25732492385043826,0.21887263576077445
169762487,6527,H,H,0.5754067241461,0.23110346121756606,0.193489814636334
169762488,6597,A,H,0.4040773120367262,0.2733637605985713,0.3225589273647025
169762489,6526,H,H,0.5266709000421135,0.28524035590182617,0.18808874405606038
169762491,6527,H,A,0.2020004441298046,0.3485858623616352,0.4494136935085602
169762492,6597,A,A,0.3010495438905668,0.29065035166689174,0.40830010444254144
169762493,6597,H,H,0.43965848916945427,0.2560562070823862,0.3042853037481596
169762494,6597,A,H,0.4415391792874301,0.30735009849249023,0.2511107222200798
169762495,6597,D,H,0.7576106529986085,0.1748300199618047,0.06755932703958684
169762496,6526,H,H,0.5384682285072611,0.30740475985149357,0.15412701164124543
169762497,6526,H,H,0.5162484992012688,0.2914118770705973,0.1923396237281339
169762498,6527,D,H,0.717309610313346,0.18765310799090038,0.09503728169575368
169762499,6597,H,D,0.3178339301515206,0.3578625060449985,0.32430356380348085
169762500,6526,H,H,0.5572579984763928,0.25164423966209404,0.19109776186151317
171009035,6435,D,H,0.5187113701626204,0.2892305283404724,0.19205810149690733
171082432,6435,D,A,0.32228282536580144,0.2590512929958964,0.4186658816383021
171082433,6435,H,H,0.40357746984742165,0.3318623786809693,0.26456015147160905
171082434,6435,A,A,0.13247563187356914,0.2058152498234177,0.661709118303013
171082435,6435,H,H,0.39984376696826424,0.2862160694632874,0.3139401635684483
171082436,6435,H,H,0.6185123987687146,0.22306756811453046,0.15842003311675498
171082437,6435,A,A,0.21969805656034866,0.3179458826030595,0.46235606083659186
171082438,6435,A,A,0.29576366765086753,0.2942484377337581,0.4099878946153743
171082439,6435,D,H,0.3943469521152839,0.2921556092161639,0.31349743866855223
171082440,6435,H,H,0.3493344649164328,0.34183223410153096,0.3088333009820362
173892549,6597,H,H,0.6012480871190713,0.26012215067004146,0.13862976221088727
173892561,6435,A,H,0.5194207627385699,0.31909467473298586,0.16148456252844434
173892565,6527,D,H,0.5562305266893646,0.19038805740251882,0.2533814159081167
174190733,6527,H,H,0.6727070524123315,0.17521529226575072,0.15207765532191767
174190734,6435,A,A,0.315364199734252,0.28491079031236266,0.39972500995338534
174190735,6526,H,H,0.5614594317629696,0.2185666207764636,0.21997394746056664
174190736,6527,A,A,0.16994246431079302,0.2894509651436756,0.5406065705455314
174190737,6597,H,H,0.5918816466725767,0.20584594484094113,0.20227240848648226
174190738,6435,A,H,0.5233652603401828,0.27572022596120577,0.20091451369861138
174190739,6484,H,A,0.20624678574556585,0.20774498021359578,0.5860082340408385
174190742,6526,H,H,0.5494911022454991,0.25788836138481164,0.19262053636968934
174190764,6527,D,A,0.347681441243062,0.2708351115377013,0.3814834472192367
174190765,6435,A,H,0.4446441450100235,0.30958310498698177,0.24577275000299464
174190766,6484,A,A,0.28807926817495844,0.2820369967839569,0.4298837350410846
174190767,6484,A,H,0.45768458718356353,0.207932269558743,0.3343831432576936
174190768,6484,H,A,0.3624800066824007,0.22829903887255182,0.4092209544450475
174190769,6484,A,H,0.439612851053605,0.22610575749597228,0.3342813914504227
174190770,6597,H,A,0.33343475824040275,0.2949872151473327,0.3715780266122646
174190771,6597,A,H,0.3976066413778699,0.26158807462401656,0.3408052839981136
174190772,6597,H,H,0.5400580092946644,0.26215895967551317,0.19778303102982234
174190773,6597,H,H,0.5380851049942516,0.24101677696203583,0.22089811804371257
174190774,6526,D,A,0.28172333413045825,0.318750635453332,0.39952603041620977
174190775,6526,D,H,0.3783789315071555,0.29836754063375204,0.32325352785909245
174190776,6435,H,H,0.5415311604819215,0.2671396569582548,0.19132918255982367
174190777,6484,H,H,0.6017321122435403,0.1823619624695617,0.21590592528689795
174190782,6484,A,H,0.37943289737523694,0.3009963792837913,0.31957072334097186
174190783,6597,H,H,0.6073042629282095,0.2490066920128922,0.14368904505889823
174815179,6435,H,H,0.7676838459032338,0.16926975278460832,0.06304640131215791
174815180,6527,A,A,0.1096534435334854,0.2335633706939329,0.6567831857725817
174815182,6435,D,H,0.5060481503586788,0.3128630127358557,0.1810888369054655
174815183,6526,H,A,0.2698410508067367,0.2948420428184767,0.4353169063747866
174815184,6597,A,H,0.5288919352353799,0.272987151182812,0.19812091358180803
174815186,6527,D,A,0.24601201363848615,0.2436113225285743,0.5103766638329396
174815187,6527,D,H,0.46560448094731205,0.28043997573859347,0.2539555433140944
174815188,6435,H,H,0.6677735735403182,0.20709890891073537,0.1251275175489465
174815189,6597,A,A,0.268598283731845,0.35501089937299174,0.37639081689516324
174815190,6526,A,A,0.23577485593774572,0.26186238510369336,0.502362758958561
174815191,6526,A,A,0.21399377062916858,0.2860882777228987,0.4999179516479329
174815192,6527,A,A,0.24721824786740182,0.308406073749885,0.44437567838271325
174815193,6484,A,A,0.09716017291652736,0.18238164309719837,0.7204581839862743
174815194,6435,H,H,0.4458368939368191,0.2866332708397423,0.26752983522343854
174815195,6526,A,A,0.3074625248677487,0.2566445869558783,0.435892888176373
174815239,6527,H,A,0.20453191686179734,0.28720474964614984,0.5082633334920528
174815241,6484,H,H,0.5370471726380411,0.17702602095645456,0.2859268064055043
174815242,6526,A,A,0.31634289646887354,0.2502476650875123,0.43340943844361424
175378050,6435,A,H,0.4408295523514432,0.3227408798603769,0.23642956778817983
175378051,6484,H,H,0.547847607140108,0.21608229887849353,0.2360700939813984
175378052,6526,A,H,0.5278288025699008,0.2723640598627577,0.1998071375673415
176188618,6484,A,H,0.38190535465395986,0.25522574433828976,0.36286890100775027
176188619,6597,D,H,0.5374194887769828,0.25840504910468154,0.2041754621183357
176188625,6435,A,H,0.3985736780175944,0.32760252542723517,0.27382379655517036
176188626,6526,H,H,0.4693053615897016,0.28775599361435267,0.24293864479594562
176188627,6526,H,H,0.48227682257924603,0.28662112778614074,0.23110204963461314
176455462,6597,D,A,0.30560679928399387,0.2887121893525973,0.40568101136340895
176455467,6484,H,H,0.601178617113217,0.2292591832099092,0.16956219967687386
176455468,6597,H,A,0.2391070892277597,0.30874435471765577,0.4521485560545845
176455469,6597,H,H,0.5951385711923717,0.22447540984884293,0.18038601895878548
176455470,6597,H,H,0.6862524854594731,0.2111318462773937,0.10261566826313318
176455472,6435,A,A,0.23990367955873432,0.289417693926089,0.4706786265151767
176455474,6526,H,H,0.5378213649929369,0.2482380479533285,0.21394058705373467
176455475,6484,H,H,0.7962345865419836,0.13926596454655604,0.06449944891146031
176455476,6484,D,H,0.5481979513102959,0.23151269593452256,0.22028935275518144
176455482,6435,A,A,0.29883945789492306,0.20377794505466984,0.4973825970504071
176455484,6435,H,H,0.3741599508298418,0.3198140577845821,0.306025991385576
176455485,6484,D,A,0.3296431684708583,0.2471116687206606,0.4232451628084812
176455486,6526,H,H,0.4280795474818388,0.27781669085341554,0.29410376166474567
176455492,6435,H,H,0.5323156616171714,0.25453769935164394,0.21314663903118472
176455494,6484,D,H,0.6636641638710282,0.21037675894466001,0.1259590771843118
176455495,6597,D,A,0.3086938077215283,0.2682091293116076,0.42309706296686417
176455497,6526,H,H,0.7690464782326467,0.1731437992248187,0.057809722542534595
176981611,6435,A,H,0.4356602388234556,0.28377314724934133,0.2805666139272031
176981612,6526,H,H,0.5552806698940758,0.24711268812687245,0.19760664197905184
176981613,6597,D,H,0.5189064668816367,0.2541823668735325,0.22691116624483085
176981614,6435,H,A,0.3367995060075993,0.25418318044819777,0.4090173135442029
176981615,6526,D,H,0.4464732600250662,0.2524865642870304,0.30104017568790326
176981616,6597,D,H,0.49835510566326197,0.2404479591373383,0.2611969351993999
176981617,6484,D,A,0.3665313271458816,0.20148361724119984,0.4319850556129186
176981620,6435,D,H,0.5424459781874903,0.28268301637599774,0.17487100543651193
176981621,6597,A,A,0.07008501306053673,0.16060219343710688,0.7693127935023565
176981622,6526,D,H,0.5095592497823768,0.29563883791102924,0.194801912306594
176981623,6526,H,H,0.600020676147528,0.25828602933536643,0.14169329451710555
176981624,6484,H,H,0.38519407028527347,0.2706479300803728,0.34415799963435373
176981625,6484,H,A,0.23804189716809068,0.19735251043312158,0.5646055923987877
176981626,6484,H,H,0.6030553979534229,0.19152691237411898,0.20541768967245816
176981630,6526,D,H,0.3516959969504796,0.29719154646892443,0.351112456580596
176981641,6435,H,A,0.3288765407071044,0.2775430026648736,0.3935804566280219
177491191,6435,D,H,0.3630111745028873,0.2971706991940189,0.33981812630309394
178194477,6527,A,A,0.3470059199853966,0.18219868853820553,0.47079539147639776
178194479,6527,H,H,0.4272421864912486,0.25070672017628337,0.32205109333246806
178194480,6527,A,A,0.1891674911597655,0.35149489500783554,0.459337613832399
178194481,6527,H,A,0.37127845902244133,0.2275277512322163,0.4011937897453423
178194484,6527,A,H,0.4103423210674581,0.2263388837582605,0.36331879517428134
178194486,6527,A,H,0.4853426354336853,0.26819747055340826,0.2464598940129065
178194487,6527,H,H,0.46167338210306563,0.3091157908577473,0.22921082703918694
178194490,6527,H,H,0.5918865532139501,0.23948539283441492,0.16862805395163497
178650201,6527,D,H,0.5158335721462927,0.2568463155426679,0.2273201123110394
179595223,6484,D,A,0.25744131395418035,0.20920172118202507,0.5333569648637946
179595224,6484,H,H,0.5033425661038682,0.1923098202632663,0.3043476136328655
179595225,6484,D,A,0.2958064264571246,0.31191128548959796,0.39228228805327736
179595226,6484,H,A,0.3276480908341261,0.30536256366585623,0.36698934550001766
179595227,6484,H,H,0.5706629697801548,0.20424563009097024,0.22509140012887494
179595228,6484,H,H,0.601134512613045,0.17620423971326005,0.22266124767369497
179595229,6484,D,A,0.3043487204986017,0.28213853128550404,0.41351274821589423
179595230,6484,H,A,0.2584330987914535,0.1949290414549939,0.5466378597535526
179595231,6484,H,A,0.3196098430247305,0.18897784259534858,0.49141231437992106
180209799,6484,H,H,0.4452050927714932,0.22054902897069453,0.3342458782578123
180209800,6435,D,H,0.5082026250249182,0.26658325331381066,0.22521412166127117
180209801,6527,A,A,0.21250356412174584,0.21102336357764134,0.5764730723006127
180209802,6435,A,H,0.4046076658601715,0.34098308419071366,0.25440924994911474
180209803,6597,H,H,0.43190080399824443,0.28487216379011493,0.2832270322116407
180209804,6527,H,H,0.4519351501640838,0.34563774939329256,0.20242710044262366
180209805,6527,H,A,0.3115176634444953,0.2725494825464871,0.4159328540090176
180209806,6435,H,H,0.8604939049183844,0.10852935376885872,0.030976741312756836
180209807,6597,D,H,0.48665615438644194,0.27908023741771926,0.23426360819583872
180209808,6527,H,A,0.30553054568300114,0.2540785404692708,0.440390913847728
180209809,6435,H,H,0.6550090933099452,0.22631747368865093,0.11867343300140386
180209810,6527,H,A,0.1441562065069398,0.2761530211535649,0.5796907723394954
180209811,6435,A,A,0.1718710677975301,0.21232117037543974,0.6158077618270301
180209812,6527,A,A,0.27025231733093213,0.2607063733391796,0.46904130932988836
180209813,6597,H,A,0.31963699865317335,0.2813354269521861,0.3990275743946406
180209814,6435,D,H,0.4700963080860276,0.26824187887912454,0.26166181303484787
180209815,6527,H,H,0.7358482266127587,0.15571814147732493,0.10843363190991637
180209816,6435,H,H,0.45541351996112567,0.29412820119827876,0.2504582788405955
180209817,6597,H,A,0.23011209754979753,0.29826119455180405,0.4716267078983985
180209818,6597,D,H,0.5091698860684231,0.2898222856337238,0.2010078282978531
180209819,6597,A,H,0.5724003623080373,0.2668648390460687,0.16073479864589393
180209820,6597,H,H,0.7436773666146629,0.18190395562586298,0.07441867775947421
180209821,6597,H,H,0.7814864954411989,0.1392632807788563,0.07925022377994481
180209822,6435,H,H,0.5921904162964056,0.27253127034526653,0.13527831335832793
180209823,6527,D,H,0.447525373395528,0.25814777196187116,0.29432685464260083
180209824,6435,H,H,0.344080056466001,0.31671558601168076,0.33920435752231826
180209825,6597,D,H,0.5415263064203817,0.24424331954763928,0.21423037403197898
180209826,6527,A,H,0.6650711307973887,0.20496184050632218,0.1299670286962891
180209827,6526,H,A,0.3398675595873745,0.28453636639290375,0.3755960740197217
180209828,6526,A,A,0.2520270977216016,0.30071000334283016,0.44726289893556825
180209829,6526,A,A,0.11151578518826057,0.26224918852710344,0.6262350262846359
180209830,6526,D,H,0.6253395746643485,0.20493810698622242,0.16972231834942902
180209831,6526,H,H,0.6221587756560493,0.22545831511602618,0.15238290922792455
180209832,6526,H,A,0.2211749597134485,0.28201704872204886,0.4968079915645026
180209833,6526,A,A,0.32323067886424695,0.2278086284412578,0.44896069269449523
180209834,6526,A,H,0.4104537274901503,0.2743640986719107,0.3151821738379391
180209835,6526,H,A,0.24934038700381977,0.3149042902763462,0.435755322719834
180209836,6526,A,H,0.34538375157879936,0.31992361130790614,0.3346926371132945
180209839,6435,H,H,0.4708822636078185,0.3111150925748336,0.21800264381734788
181508812,6526,A,H,0.4156485541102946,0.2556408718498683,0.3287105740398371
181723791,6526,H,H,0.6026626906401263,0.2691956671737254,0.12814164218614818
181724598,6526,A,A,0.3018206246044902,0.24685229106898635,0.45132708432652346
181724798,6526,A,A,0.3099414964501432,0.283687517811335,0.40637098573852176
182340187,6526,A,A,0.24940533637544923,0.2731148068148792,0.47747985680967164
182340515,6526,H,A,0.31806896138202084,0.33493262308105176,0.3469984155369274
182340598,6526,H,H,0.6643230285669495,0.2289578913376072,0.10671908009544342
182404256,6484,D,H,0.4888006185125342,0.20372753047342054,0.3074718510140453
182404257,6484,A,H,0.752683351691729,0.15303997532542057,0.09427667298285058
182404258,6484,A,H,0.5588591739093813,0.2046407070016037,0.23650011908901503
182404259,6484,H,H,0.46296232893160216,0.2465152844598621,0.2905223866085358
182404260,6484,H,H,0.5986514692430833,0.18028828590141324,0.22106024485550338
182404261,6484,H,A,0.3401317984632551,0.21456815159928672,0.4453000499374582
182404280,6484,H,H,0.40135583775960526,0.3118864921999792,0.28675767004041564
182404281,6484,D,H,0.42951364758515237,0.3050221165369742,0.26546423587787354
182404282,6484,A,A,0.3584853944416995,0.24029200166104267,0.40122260389725783
182404283,6484,H,H,0.39907861473065426,0.2719071191631217,0.329014266106224
182911612,6526,H,H,0.5042692967925594,0.2663644635365807,0.22936623967085995
182911613,6526,A,H,0.5908614782810876,0.25524525231344936,0.15389326940546305
182911657,6526,H,H,0.6662672418165067,0.23148106522141643,0.10225169296207696
182967017,6435,H,A,0.10739787593263188,0.15969395323966237,0.7329081708277058
182967018,6527,H,H,0.5633247254141935,0.27806958323385506,0.15860569135195146
182967020,6597,A,H,0.5344188337220267,0.23289833541800672,0.23268283085996658
182967022,6435,D,A,0.17932200866371034,0.2666104567648741,0.5540675345714156
182967023,6435,H,H,0.41464280781893015,0.30694905800903727,0.27840813417203253
182967024,6597,A,A,0.361948791211082,0.24517160786060224,0.3928796009283158
182967025,6527,A,H,0.3660596616166392,0.3029812939136057,0.33095904446975516
182967026,6527,A,A,0.21370666839544888,0.2925941595619247,0.4936991720426264
182967027,6527,H,A,0.15906616766137874,0.3201796210230082,0.5207542113156131
182967029,6435,A,A,0.3327344109730637,0.25329265800039635,0.41397293102654
182967031,6597,D,H,0.403273314245307,0.32895734368449,0.267769342070203
182967032,6527,D,H,0.499032452812124,0.2449727815629546,0.2559947656249213
182967035,6435,D,H,0.5279927012180691,0.26890813673249747,0.20309916204943343
182967037,6527,A,A,0.1041071430073392,0.16988463357140676,0.7260082234212539
182967039,6435,A,H,0.41159322655684943,0.2909959557665139,0.2974108176766368
182967042,6527,H,H,0.4782071882715588,0.22781540234897177,0.2939774093794695
182967044,6597,D,H,0.6135191752660095,0.21967025758372843,0.16681056715026207
182967045,6435,D,H,0.3629542818967049,0.35260200383669366,0.28444371426660153
182967048,6527,A,A,0.3274082846256505,0.2639574027491617,0.4086343126251877
182967050,6435,H,H,0.5333954639496217,0.2734721100457083,0.19313242600466998
182967052,6597,A,A,0.08721323787408033,0.13301487321298017,0.7797718889129394
182967053,6597,D,A,0.10622798783751791,0.26329557882801674,0.6304764333344653
182967054,6597,H,H,0.41953121169471386,0.27014724063694795,0.3103215476683383
182967055,6597,H,H,0.5420683009560172,0.2969482899710065,0.16098340907297629
182967056,6435,H,H,0.5633643750232558,0.26302078993652367,0.1736148350402206
182967058,6435,A,H,0.5748743999402463,0.27509301362427785,0.15003258643547593
182967059,6527,A,H,0.5905499101562437,0.2337793702060544,0.17567071963770195
182967060,6597,D,H,0.46175477482271937,0.24661504264913356,0.29163018252814715
183869746,6526,D,A,0.3187916805634433,0.33141957677762535,0.34978874265893145
184105715,6526,D,A,0.23738835705472108,0.3095342817090831,0.45307736123619585
184206513,6526,D,H,0.45848118530303783,0.26150676228896275,0.28001205240799937
184406791,6526,A,A,0.3254364304439932,0.2965392600396053,0.37802430951640154
184407656,6526,D,A,0.21261559205008856,0.2889261677812092,0.4984582401687023
184407902,6526,H,H,0.5560498455134576,0.23547861204891177,0.20847154243763064
185014209,6526,H,H,0.6224529337733892,0.2242695732410071,0.15327749298560372
185015100,6526,H,H,0.7164363543690706,0.18422015124586294,0.09934349438506654
185015104,6526,A,H,0.38024164020235574,0.3036355900095592,0.31612276978808507
185015404,6526,A,A,0.220833373104195,0.2677874931989357,0.5113791336968694
186813811,6527,H,H,0.7147202292411602,0.18479147462881462,0.10048829613002512
186813812,6435,H,H,0.5481414487576849,0.28132110597170773,0.1705374452706074
186813813,6597,H,H,0.8586424916067539,0.10807037634126182,0.03328713205198442
186813814,6527,H,H,0.6035614897117348,0.22850545345219492,0.16793305683607015
187076929,6435,D,A,0.12465887113425327,0.207862060787985,0.6674790680777618
187076930,6526,A,A,0.19292505656035483,0.26750127989399614,0.5395736635456491
187076931,6597,H,H,0.6349220641094024,0.21436957455766495,0.15070836133293264
187076932,6435,H,H,0.5378783584351522,0.2845295334947458,0.17759210807010195
187076962,6484,A,H,0.4537956943431847,0.20733016679899235,0.33887413885782297
187076963,6526,D,H,0.3914088667923502,0.25532473889877816,0.35326639430887163
187076967,6527,A,A,0.3189199807807937,0.22630345592363002,0.4547765632955762
187076969,6484,A,H,0.6198796433957524,0.21387182946983302,0.1662485271344145
187076970,6484,D,A,0.3555459570742169,0.24052038371403006,0.403933659211753
187076971,6484,D,H,0.5679402416072239,0.24434920100415702,0.18771055738861908
187076972,6484,H,H,0.4749351172639714,0.22544440889549405,0.2996204738405344
187076973,6597,H,H,0.49483157996758564,0.2781954807635525,0.2269729392688618
187076974,6597,H,A,0.27132843724738165,0.2746881505719413,0.45398341218067706
187076975,6597,H,H,0.45090035175243,0.2787599504715807,0.27033969777598943
187076976,6597,H,H,0.7394041849365499,0.1957375903658896,0.0648582246975605
187076977,6597,H,H,0.5974351349084853,0.2248874177259661,0.17767744736554864
187076978,6526,A,A,0.16657770024343632,0.2716634057319784,0.5617588940245852
187076979,6435,H,A,0.28096424281874993,0.29950076229148814,0.4195349948897619
187076980,6484,A,A,0.24776683966186022,0.2266134852802276,0.5256196750579121
187076984,6435,H,H,0.6874457756202902,0.19906748535707397,0.11348673902263577
187076985,6527,D,H,0.4198983769253708,0.26420076205409376,0.3159008610205354
187076986,6527,H,H,0.4225665364411285,0.33038246671476174,0.24705099684410967
187076987,6484,A,H,0.4144908655480944,0.23451114010227278,0.3509979943496329
187076988,6435,A,H,0.34940523900074966,0.31892253650826946,0.33167222449098094
187649727,6435,H,H,0.5396947076407321,0.2667442012612963,0.19356109109797162
187649728,6526,H,H,0.5619119677784133,0.2505689735907335,0.18751905863085302
187649729,6527,H,H,0.6053132952503969,0.2070126377459967,0.18767406700360645
187649732,6435,A,A,0.22532851893755818,0.2435105063480721,0.5311609747143697
187649733,6526,H,H,0.6147378945002795,0.21910582903380962,0.16615627646591083
187649734,6597,H,H,0.5520509116446332,0.2616119624293797,0.18633712592598714
187649735,6484,D,A,0.31512996588385095,0.2865178069228635,0.39835222719328556
187649737,6527,H,H,0.49217519050073805,0.2872448398999852,0.22057996959927667
187649738,6527,A,H,0.5496550717727222,0.2721261523338458,0.17821877589343205
187649739,6435,H,H,0.38740070713566666,0.31433142996343544,0.2982678629008979
187649743,6597,A,A,0.2786438193313784,0.3275421744863143,0.3938140061823074
187649744,6526,D,H,0.45325541027586924,0.3008887817734222,0.24585580795070847
187649745,6526,A,A,0.1413181500731609,0.2623176514966041,0.596364198430235
187649746,6527,H,H,0.6112863910051357,0.21957421679061198,0.16913939220425225
187649747,6484,A,A,0.1169348759305349,0.18312940770409633,0.6999357163653688
187649750,6435,D,H,0.3528685605469083,0.30022037037875393,0.34691106907433783
187649752,6526,D,H,0.3372939500574608,0.33208241974291314,0.33062363019962604
188203048,6484,A,H,0.5664904572647138,0.22521327751994408,0.20829626521534209
188203049,6526,A,H,0.4460879703727451,0.3349976673483849,0.21891436227887012
188203050,6526,D,H,0.40323786810442747,0.27881288552074496,0.31794924637482763
189091581,6484,D,H,0.6718223573624468,0.21943853856677567,0.10873910407077746
189091582,6526,H,H,0.49690945331866354,0.2758975700157989,0.22719297666553742
189091583,6597,H,H,0.5451754194441937,0.2853578316342691,0.16946674892153715
189091587,6435,H,H,0.545813927260956,0.2677868335069218,0.18639923923212218
189091588,6527,A,H,0.5320846060155535,0.23148449720949782,0.2364308967749487
189312708,6527,D,H,0.7889500559307152,0.13958775083088484,0.07146219323839995
189312709,6435,A,A,0.16752823024573157,0.2812921675375845,0.5511796022166839
189312710,6526,H,H,0.5187060537297828,0.2981823357462068,0.1831116105240104
189312716,6435,H,A,0.2982319891516715,0.3292756504398218,0.3724923604085067
189312717,6484,A,A,0.2942018292582647,0.22427386514099545,0.4815243056007399
189312722,6435,D,H,0.4065411782833315,0.33097175071056223,0.26248707100610624
189312724,6484,A,A,0.3545013064427102,0.26247794732959584,0.3830207462276939
189312725,6484,D,A,0.35209328086823677,0.2559987048474788,0.39190801428428457
189312726,6484,H,H,0.5754011161970535,0.22890630832499018,0.19569257547795638
189312727,6597,A,A,0.34538454258900486,0.2343756410056767,0.42023981640531854
189312728,6597,H,H,0.6078283684260001,0.264807535162801,0.12736409641119897
189312729,6597,H,H,0.35181128837448084,0.29820892253363995,0.3499797890918792
189312730,6597,D,H,0.3627291826385535,0.28794547839739354,0.349325338964053
189312731,6597,A,H,0.5669179121719711,0.2235384092159843,0.20954367861204454
189312732,6526,D,H,0.3776931358542937,0.31035172465227717,0.311955139493429
189312733,6435,A,H,0.795208226273761,0.15339291193718418,0.05139886178905478
189312742,6484,H,H,0.5825685270013098,0.240478605075939,0.17695286792275122
189312744,6597,D,A,0.17084568031096126,0.21050730560557096,0.6186470140834678
189312746,6527,H,H,0.39118682097092333,0.25592892323186706,0.3528842557972096
189312747,6527,H,H,0.42857169438229226,0.3298493432850961,0.2415789623326117
189312753,6526,H,H,0.5732109411818926,0.2458930464067892,0.18089601241131817
189758516,6435,H,H,0.4539928378819775,0.2779705594623689,0.26803660265565366
189758517,6526,D,A,0.15338458041243733,0.23095174816617847,0.6156636714213842
189758518,6527,H,H,0.4026555520398041,0.22448183121419996,0.372862616745996
189758521,6435,A,A,0.3553082533708467,0.28629662539671846,0.35839512123243483
189758523,6597,A,A,0.20726038350438797,0.2413327919686234,0.5514068245269885
189758525,6527,A,D,0.31163551265383904,0.34474314468575223,0.3436213426604088
189758527,6484,H,H,0.6093089878064611,0.1758797855611165,0.2148112266324223
189758531,6435,H,H,0.6957322602276919,0.20141477248613648,0.10285296728617159
189758532,6597,H,H,0.6065091071046944,0.24343908230832453,0.15005181058698094
189758533,6526,A,A,0.27610035462220084,0.2717992014811915,0.4521004438966077
189758534,6526,H,A,0.19254511663303964,0.2876401175211845,0.5198147658457759
189758535,6527,D,A,0.13589005265916124,0.25578260005277814,0.6083273472880606
189758539,6484,D,H,0.6421178673066925,0.17570098879639406,0.18218114389691348
189758540,6484,H,H,0.5034966740854852,0.2576338159743602,0.2388695099401547
189758541,6484,H,H,0.5673510953837577,0.19503179808719812,0.23761710652904416
189758542,6526,A,H,0.5123351283021474,0.29538141082233593,0.19228346087551657
189758545,6435,D,H,0.47185561795458747,0.2925281377074528,0.23561624433795986
189758574,6527,H,A,0.34059587325441093,0.2993084286273529,0.36009569811823605
189758577,6527,H,A,0.3739774560831271,0.22899629691877027,0.3970262469981026
190444544,6435,D,H,0.41344483691113965,0.3025183196950814,0.28403684339377894
190444545,6526,A,A,0.15476478393418933,0.24791183175445405,0.5973233843113566
193166609,6484,H,A,0.25634821501420646,0.20027320912869115,0.5433785758571025
193166610,6484,H,H,0.4036585520713974,0.22927573544831525,0.36706571248028746
193166611,6484,H,H,0.37930557370518486,0.2518849352991351,0.36880949099568006
193166612,6484,H,H,0.5342784738049697,0.21334609867770693,0.2523754275173233
193166616,6484,A,A,0.16058989033043877,0.21216373905516978,0.6272463706143914
193166617,6484,D,A,0.22530461935975588,0.19295170053567479,0.5817436801045693
193166618,6484,H,H,0.44525267853034883,0.25281785082995034,0.30192947063970077
193166619,6484,H,H,0.40822479214143514,0.27493700167780727,0.3168382061807577
193166620,6484,H,H,0.40382125256888424,0.2814269539185155,0.31475179351260024
193166621,6484,A,H,0.41389647628410814,0.27541141115473655,0.3106921125611553
193935346,6526,A,H,0.43696504178281975,0.26498794841967765,0.29804700979750254
193935347,6435,H,H,0.6765511058499043,0.214686950826055,0.10876194332404074
193935348,6526,A,H,0.3814803737020681,0.2623634355934457,0.3561561907044862
193935349,6527,A,A,0.13566308085789405,0.22604150905978226,0.6382954100823238
193935351,6435,D,H,0.5270790085229778,0.2885141107973146,0.18440688067970762
193935353,6526,D,H,0.3875710840218584,0.30651468959101147,0.30591422638713006
193935354,6597,D,H,0.37543566157649083,0.2812179766655296,0.34334636175797945
193935356,6527,H,A,0.34515507271135965,0.29767620480290186,0.3571687224857385
193935357,6527,D,A,0.31505001327363125,0.2843273672701413,0.4006226194562275
193935359,6435,H,H,0.4867643923859272,0.2628234617531704,0.2504121458609024
193935361,6597,H,H,0.4821429076317044,0.27459866447542386,0.24325842789287164
193935362,6526,A,A,0.3081398043010772,0.34270764398805303,0.3491525517108697
193935363,6527,H,H,0.602171977923025,0.2697483824398075,0.1280796396371675
193935365,6435,A,H,0.34439464420497373,0.33570701103732453,0.31989834475770185
193935366,6526,H,H,0.7197844027534034,0.18620851901944363,0.09400707822715307
193935369,6527,A,A,0.2568890324840308,0.27408324886149094,0.46902771865447823
193935370,6435,A,A,0.2539525433308893,0.2423912707927842,0.5036561858763264
193935371,6526,H,H,0.48686614292255465,0.329583147172006,0.18355070990543948
193935372,6527,H,H,0.6407675846621249,0.25840053964533505,0.10083187569254
193935374,6597,D,H,0.3934498564058803,0.2512564322829205,0.35529371131119913
193935375,6435,A,H,0.36304215991233924,0.29964246777130615,0.3373153723163546
193935376,6526,D,H,0.5615956410256062,0.25611977912633965,0.18228457984805416
193935377,6527,H,H,0.5231335416851943,0.26059723200991347,0.2162692263048922
193935379,6435,D,A,0.15151225503999546,0.17604295944194476,0.6724447855180596
193935381,6597,A,A,0.21856263823356836,0.2733014541126668,0.5081359076537648
193935382,6597,A,A,0.2174193880004164,0.3302023638951852,0.45237824810439825
193935383,6597,D,H,0.7381364367283849,0.1845537733270231,0.0773097899445919
193935384,6597,H,H,0.8983589346501141,0.0773709774472045,0.02427008790268134
193935385,6597,H,H,0.6511833041763669,0.2330712508709207,0.11574544495271241
193935386,6526,D,A,0.3405268831080563,0.3004079274010114,0.35906518949093225
193935388,6435,H,H,0.5768316009554396,0.29414669448858066,0.1290217045559797
193935392,6527,D,A,0.16352514795681125,0.18710492256711922,0.6493699294760695
193935393,6435,H,H,0.36993347365384843,0.3089637126685182,0.32110281367763327
193935394,6526,H,H,0.595590637432273,0.21231901824273972,0.1920903443249873
193935395,6597,H,H,0.5479269884432201,0.24197667258310088,0.21009633897367905
193935396,6527,H,H,0.531129590514058,0.24987113159313717,0.21899927789280496
193935397,6526,H,H,0.652248524001361,0.21409876057494645,0.1336527154236926
193935399,6435,H,A,0.3445976866063991,0.24111950712071145,0.4142828062728894
193935400,6435,A,A,0.21501322738821912,0.1847225458012414,0.6002642268105395
193935402,6435,H,H,0.5589806369288317,0.2473748871742184,0.19364447589694986
195659456,6484,D,A,0.32044146317902034,0.22464901929013162,0.4549095175308481
195659457,6484,A,H,0.4828322041424298,0.21174223112977217,0.3054255647277979
195659458,6484,A,H,0.4252446230419323,0.18772572367734044,0.3870296532807273
195659459,6484,D,A,0.28940464155645673,0.2016357676209884,0.5089595908225549
195659460,6484,H,H,0.5269462723262257,0.23756952917089655,0.23548419850287772
195659461,6484,H,H,0.6310839803332904,0.2372351864452826,0.1316808332214269
195840961,6484,D,A,0.19446517697676738,0.15753925470832275,0.6479955683149098
196645413,6484,A,A,0.29938169256052494,0.2583451824116547,0.4422731250278203
196645415,6484,D,A,0.320559520467363,0.2441340588820001,0.4353064206506369
196861243,6484,H,H,0.46614617607556424,0.2898191710219738,0.24403465290246196
197601582,6526,A,A,0.3565710028693161,0.25051668553358736,0.3929123115970965
197601583,6435,A,H,0.8069526393603071,0.1404843303274485,0.05256303031224429
197601584,6526,D,H,0.5865763023086812,0.26585873780441527,0.1475649598869036
197601585,6527,H,H,0.5803355966830912,0.21854867669075917,0.2011157266261497
197601586,6597,H,A,0.3414476198774414,0.24518243119593686,0.4133699489266218
197601587,6435,D,H,0.5385522156484791,0.26666365235592265,0.19478413199559833
197601588,6435,A,H,0.478606879313228,0.2610435133483066,0.26034960733846546
197601589,6526,H,A,0.30441431655733286,0.29113328718722725,0.4044523962554399
197601590,6597,D,H,0.5895745346323547,0.25172360714197645,0.15870185822566885
197601592,6527,H,H,0.4091562577870322,0.27523540640665056,0.3156083358063173
197601593,6527,A,A,0.27007895299315526,0.28112920920943957,0.4487918377974051
197601594,6527,H,H,0.46740114318480863,0.29236546179542,0.2402333950197713
197601595,6435,D,A,0.2514805563222836,0.32633616489892914,0.4221832787787873
197601597,6597,A,A,0.23512022668952845,0.3099340721252806,0.45494570118519106
197601598,6526,A,H,0.56891877471395,0.27316800339879466,0.15791322188725532
197601599,6526,H,A,0.2521998028952702,0.26996996204491364,0.47783023505981614
197601600,6527,D,A,0.14364319539528184,0.23521897174587564,0.6211378328588425
197601602,6435,H,H,0.6618683614408603,0.22599877394768014,0.11213286461145959
197601603,6526,H,A,0.2722999323360658,0.31751092800968367,0.4101891396542506
197601605,6527,D,A,0.32131993337216747,0.2331997363767795,0.445480330251053
197601606,6435,D,A,0.20825677046161858,0.26055302234223005,0.5311902071961514
197601607,6526,D,H,0.7221121450477664,0.19096990223026047,0.08691795272197302
197601609,6527,D,H,0.4187420506109543,0.26289368352067577,0.3183642658683699
197601611,6597,A,H,0.4338487393347654,0.27061506579537226,0.2955361948698623
197601612,6435,H,H,0.41035884319981325,0.3031646303011392,0.2864765264990475
197601613,6526,A,A,0.2545507182870716,0.2521648046428516,0.4932844770700767
197601614,6527,D,H,0.4513159538164525,0.24183666520048577,0.3068473809830616
197601615,6435,H,H,0.3811485917539578,0.32611033928311983,0.29274106896292235
197601616,6597,A,H,0.6790836791585887,0.2215715604388886,0.09934476040252277
197601617,6597,H,H,0.6582663566110412,0.2419724800797901,0.09976116330916882
197601618,6597,H,A,0.20731529699776127,0.18559981107368012,0.6070848919285585
197601619,6597,A,A,0.24317086606467384,0.2728334802333696,0.4839956537019567
197601620,6526,A,A,0.1336095586296353,0.22550166490298681,0.640888776467378
197601621,6435,D,A,0.3223777391427898,0.31908578455726055,0.35853647629994967
197601626,6435,H,D,0.29107836816281946,0.3581529437815436,0.350768688055637
197601627,6526,A,H,0.45229599038446355,0.28326464735368273,0.26443936226185377
197601628,6527,H,H,0.5791699313122615,0.2817166290969171,0.1391134395908215
197601629,6597,H,A,0.3591859711674291,0.2809291458630914,0.35988488296947935
198896599,6484,D,H,0.5583029255561843,0.22481138219047334,0.21688569225334234
198896601,6484,H,H,0.5880447088861604,0.20088818429488903,0.21106710681895055
198896602,6484,A,H,0.46152078230362803,0.2488434632557861,0.2896357544405859
198896604,6484,A,H,0.5568535418145901,0.23830034675907483,0.204846111426335
198896611,6484,H,H,0.4721759343466703,0.24488530681631415,0.2829387588370155
198896612,6484,A,H,0.43453497190325363,0.30838785896726795,0.2570771691294785
198896613,6484,H,H,0.4712632599118404,0.23598806475018902,0.29274867533797055
198896614,6484,D,H,0.650513079600409,0.17976113369342717,0.16972578670616384
198896615,6484,D,H,0.6550483076495993,0.201900748411541,0.14305094393885967
199259549,6484,A,A,0.13564575908179963,0.18262875159452902,0.6817254893236714
200191796,6484,A,H,0.4348569785878069,0.16966064774636366,0.3954823736658294
200191797,6484,A,H,0.440696129181417,0.23220723057865592,0.3270966402399271
200191798,6484,D,A,0.2068920786021798,0.20615156215406316,0.5869563592437571
200191799,6484,A,A,0.26214277226499844,0.22575911446431907,0.5120981132706826
200191800,6484,D,A,0.3501344038285579,0.23448801872215336,0.41537757744928866
200191801,6484,A,A,0.3139461944461205,0.2328109156404574,0.45324288991342204
200191802,6484,A,H,0.5089531245301124,0.2180061559585843,0.27304071951130326
200191803,6484,H,A,0.376227335822858,0.22085421144548417,0.4029184527316578
200191805,6484,A,H,0.41830324220719844,0.2886378619372282,0.2930588958555734
200191806,6484,D,H,0.6964601061056733,0.19318457706725473,0.11035531682707199
200713990,6526,H,H,0.7923819124218919,0.14802187262670083,0.05959621495140729
200713993,6435,D,H,0.4264544612336619,0.28113644965792983,0.29240908910840835
200713994,6526,A,A,0.25414934236957226,0.22326673282403062,0.522583924806397
200713997,6435,H,H,0.4999946103342504,0.30256184356652416,0.19744354609922538
200713998,6435,A,H,0.37316629573793125,0.29142786522022873,0.33540583904183996
200713999,6526,H,H,0.7367108509562384,0.17328501379514744,0.0900041352486141
200714000,6597,A,H,0.48410125849195573,0.2544144944515328,0.2614842470565115
200714001,6435,H,H,0.6714900471514306,0.21287230636955934,0.11563764647901013
200714002,6597,H,H,0.40472029397934606,0.2967601497674491,0.2985195562532048
200714003,6526,H,H,0.359366873952865,0.3293259062289275,0.3113072198182076
200714005,6435,D,H,0.44152646316612915,0.28886434833629737,0.2696091884975735
200714006,6526,H,H,0.4035073025631121,0.30781767008997674,0.28867502734691114
200714007,6435,A,H,0.5529854335116897,0.2240759090390448,0.2229386574492655
200714008,6526,A,A,0.1791587193182515,0.2583055523812876,0.5625357283004608
200714009,6597,H,H,0.6022475412975897,0.23093414592815512,0.16681831277425505
200714010,6435,A,A,0.34469417966579896,0.3029346788019375,0.35237114153226357
200714012,6526,A,A,0.19515491952719435,0.24847983798631043,0.5563652424864952
200714013,6435,H,A,0.30699467644648604,0.3198387307701628,0.37316659278335107
200714014,6597,H,D,0.2905995150383635,0.3565668964126243,0.35283358854901226
200714015,6597,H,H,0.5439275672445949,0.25388737795344213,0.20218505480196294
200714016,6597,A,A,0.31671980794614074,0.2885709905855493,0.39470920146830996
200714017,6597,A,H,0.5938526181552565,0.24693617897956488,0.15921120286517862
200714018,6597,A,H,0.5644060772712475,0.26982936344843333,0.1657645592803192
200714019,6526,A,A,0.32206663545648084,0.29871634983137113,0.37921701471214797
200714020,6435,A,H,0.49741964982883646,0.27218099717091504,0.23039935300024852
200714021,6435,H,H,0.6087856868647975,0.2710491404630732,0.12016517267212919
200714022,6526,A,A,0.15898314268324154,0.2900033945618845,0.5510134627548741
200714023,6597,H,H,0.7381851329866044,0.15060966168379947,0.11120520532959619
200714024,6526,A,H,0.7029365689765914,0.1891948110024013,0.10786862002100728
200714025,6527,A,A,0.23056276794951203,0.1863424537359344,0.5830947783145535
203077629,6484,H,H,0.7362291576179939,0.1683815213804024,0.0953893210016037
203077630,6484,D,H,0.4168502094528081,0.2333821533516025,0.3497676371955894
203077631,6484,H,H,0.7846765174550273,0.1367840507880177,0.07853943175695509
203077632,6484,H,A,0.34722259317490417,0.2594604219931292,0.3933169848319667
203077633,6484,A,A,0.25960992108002506,0.2718916863327538,0.46849839258722115
203077634,6484,H,A,0.36152445172992287,0.19347065694923649,0.4450048913208406
203077635,6484,H,H,0.5083462919022502,0.21740644573647613,0.27424726236127367
203077636,6484,A,H,0.6092726205166797,0.19025686279706785,0.2004705166862525
203077637,6484,D,H,0.609147456710204,0.21402079180655764,0.17683175148323832
203077638,6484,D,H,0.5010653370493228,0.2622339532126039,0.23670070973807325
203701457,6526,A,H,0.6656485310852164,0.21698770255440433,0.11736376636037922
203701458,6526,H,H,0.40750123169517316,0.3509060701200756,0.2415926981847513
203701459,6526,D,H,0.4862283990300689,0.2652290856140703,0.24854251535586078
203701460,6526,D,H,0.3957706729780737,0.23953349306915475,0.3646958339527716
203701461,6526,H,H,0.6403434692075405,0.23345205969687993,0.12620447109557958
203701462,6526,D,H,0.4037477974417399,0.32347526430076445,0.2727769382574957
203701464,6526,D,A,0.24941945269830645,0.26450542193862814,0.48607512536306546
203701465,6526,A,A,0.09075011592712888,0.18980970138090547,0.7194401826919656
203701466,6526,H,H,0.37485084171636296,0.32994121294680134,0.2952079453368357
203701468,6526,A,H,0.44085141594956556,0.3212549871537183,0.2378935968967162
205020017,6527,H,H,0.44888954750048077,0.2901173432160796,0.2609931092834396
205044727,6484,A,A,0.31016676512257585,0.2461514307255712,0.443681804151853
205044728,6484,H,A,0.16404171117506322,0.20298191464287174,0.6329763741820649
205044729,6484,D,H,0.40671013129398614,0.24239391911830582,0.3508959495877079
205044754,6484,A,A,0.16290053426271042,0.16436737523530962,0.67273209050198
205044755,6484,D,H,0.42083589382069336,0.24333889343113757,0.335825212748169
205044756,6484,A,A,0.23366850834820618,0.26558683264029237,0.5007446590115016
205344960,6527,H,H,0.6893939191701305,0.22085867927078415,0.08974740155908541
205344961,6527,D,H,0.6358417821772943,0.20686454600247411,0.1572936718202316
205344962,6527,H,A,0.21063020583243505,0.286431901681169,0.5029378924863961
205684762,6484,H,H,0.6176283451561254,0.23824091496693148,0.1441307398769431
205684763,6484,A,A,0.3141697762103922,0.23346319059367043,0.45236703319593735
205684764,6484,D,H,0.6032555053303026,0.22315227650005234,0.173592218169645
205863376,6527,H,H,0.6844688003548183,0.22170484961791867,0.09382635002726308
205863381,6527,H,A,0.3495294315285326,0.2843900695163553,0.366080498955112
205863382,6527,H,A,0.29752998154955934,0.29421488982787625,0.40825512862256436
205863383,6527,A,H,0.44818714457077313,0.27577711993520454,0.2760357354940223
205863393,6484,A,A,0.3035080196301258,0.22394606229933048,0.47254591807054375
206315767,6526,H,A,0.34893950825847175,0.23306364755971543,0.4179968441818127
206315768,6526,D,H,0.4168431579011359,0.28876663387916757,0.2943902082196966
206315769,6526,D,D,0.2874427719852096,0.35928375826572545,0.353273469749065
206315770,6526,A,H,0.44902335009584793,0.3129191238541097,0.2380575260500424
206315771,6526,D,A,0.2900706992256148,0.3414581799209288,0.3684711208534564
206315772,6526,A,H,0.5061947138102709,0.23240117168261598,0.2614041145071131
206315773,6526,D,A,0.334735577523735,0.300076938176617,0.365187484299648
207381045,6527,D,A,0.33314607748876696,0.254380194885852,0.4124737276253811
207381046,6597,A,A,0.333613083539308,0.2688773382089506,0.3975095782517415
207381053,6527,D,A,0.25041140620385366,0.2574950336282192,0.49209356016792716
207381055,6484,A,A,0.31364239260080073,0.261314486122451,0.4250431212767483
207381056,6484,D,H,0.7704319839094851,0.12971932764445782,0.09984868844605707
207381057,6484,D,H,0.5953619060427726,0.23649788398378646,0.16814020997344087
207381058,6484,D,A,0.24711804417227398,0.20850178778610926,0.5443801680416168
207381059,6484,A,A,0.22802715332240397,0.2500192586182348,0.5219535880593612
207381060,6484,H,H,0.5706216859261458,0.23361985702381138,0.1957584570500428
207381061,6484,D,A,0.28176678201582833,0.21380483846122583,0.5044283795229457
207381062,6484,H,H,0.5950308130977131,0.23020591062346363,0.1747632762788232
207381063,6484,H,H,0.6006507618382386,0.22995554079278382,0.1693936973689776
207381064,6484,A,H,0.4004290892694007,0.24164780593375904,0.3579231047968402
207381068,6435,H,H,0.39832667113875414,0.2985479948706518,0.303125333990594
207626566,6527,A,A,0.20904970518356572,0.22294530243909086,0.5680049923773434
207626568,6435,D,H,0.4470107657220603,0.3119688179375593,0.2410204163403805
207626574,6527,A,A,0.3275793192979563,0.2366753536872256,0.4357453270148182
207626578,6435,D,H,0.4360479107709127,0.2880455843736927,0.2759065048553946
207626579,6527,H,A,0.24337329254329246,0.26776501396560193,0.4888616934911056
207626583,6435,H,A,0.24625511966417246,0.316228682485966,0.4375161978498616
207626591,6597,H,H,0.6833218939050298,0.2361369967489857,0.08054110934598452
207626592,6597,H,H,0.5419164867327013,0.30510591627274486,0.15297759699455377
207626593,6597,A,A,0.2900013218802533,0.2830364584131216,0.42696221970662507
207626595,6435,A,A,0.28322985515805255,0.29423135914962273,0.42253878569232467
207626604,6597,A,A,0.20348336423179175,0.17612513015283418,0.620391505615374
207626607,6597,A,A,0.26150734424695,0.24322737869201513,0.4952652770610348
207626613,6597,H,A,0.31658631165804973,0.32500500668762605,0.35840868165432416
207932271,6597,A,A,0.2528257847380223,0.32203283552720074,0.42514137973477706
207932275,6435,H,H,0.6720538094697698,0.20363692190681018,0.12430926862342002
207932282,6597,H,H,0.4195357800432605,0.3145337740347895,0.26593044592195014
207932286,6435,A,H,0.47735020027822683,0.3094455711766168,0.21320422854515633
207932295,6527,H,H,0.8022248085813827,0.1498517039680123,0.04792348745060499
207932296,6527,A,H,0.4295550427473685,0.272199293518728,0.29824566373390343
207932298,6527,A,A,0.24474687061001313,0.325738920128322,0.42951420926166484
207932299,6527,A,A,0.1536607127606441,0.26208796251141725,0.5842513247279386
208235743,6526,H,A,0.19394947986668346,0.21544705727929314,0.5906034628540234
208235749,6526,H,H,0.6722704053690256,0.22467247724846784,0.10305711738250647
208235750,6526,D,H,0.43067255482568534,0.29049496915758755,0.2788324760167271
208235751,6526,A,A,0.07236792910031938,0.18875364658069813,0.7388784243189825
208235752,6526,H,H,0.4316436680766148,0.2622606252120925,0.30609570671129277
208235753,6526,D,H,0.5988377446691493,0.24951351077787834,0.15164874455297234
208235754,6526,D,A,0.23512716511949036,0.2243645369591751,0.5405082979213346
208235755,6526,D,A,0.15930255662626164,0.23736557652574336,0.603331866847995
208235756,6526,A,H,0.49585877034135556,0.3011221687138485,0.20301906094479588
208235757,6526,D,H,0.5359430734306951,0.3076266594854312,0.15643026708387361
208496337,6484,D,A,0.24954527803195015,0.17321800424502107,0.5772367177230288
208496338,6597,H,H,0.44149997993759393,0.2704772053756531,0.288022814686753
208496339,6597,H,H,0.6465757850608403,0.21217619072290206,0.1412480242162576
208496340,6597,H,H,0.5424419465670847,0.25439595904248313,0.20316209439043223
208496341,6484,D,H,0.5429145084390925,0.20626860516396764,0.2508168863969398
208496342,6484,D,H,0.44107625770969994,0.2153602269993748,0.34356351529092516
208496343,6597,H,A,0.18742996850519192,0.26047361095650856,0.5520964205382994
208496344,6484,H,A,0.28462937049362574,0.2555014713672123,0.4598691581391619
208694031,6484,H,H,0.6161617680463471,0.15708799452026675,0.22675023743338601
208694032,6597,A,H,0.473795127375137,0.3106877552332278,0.21551711739163518
208694033,6597,D,H,0.6336931124131816,0.231013325274837,0.13529356231198136
208694034,6597,H,H,0.8286587697715373,0.12487685589703977,0.04646437433142297
208694035,6597,H,H,0.47766400401572284,0.23876713924702941,0.28356885673724785
208694036,6484,H,H,0.6644318120508421,0.20038629695069743,0.1351818909984604
208694037,6484,A,A,0.3060719632476643,0.30433936408417056,0.38958867266816516
208694038,6597,H,D,0.3186498684697726,0.3545172691651894,0.32683286236503806
208694039,6484,A,A,0.3632501317193434,0.2344334740078372,0.40231639427281946
208927587,6484,A,A,0.30845624018651197,0.23639739228215273,0.45514636753133536
208927599,6484,H,H,0.6912285929286586,0.20493739676838163,0.1038340103029598
209140288,6435,H,H,0.5053751987134101,0.32130187166974805,0.17332292961684187
209140291,6435,H,H,0.4433176143559903,0.24438659525794804,0.31229579038606164
209378442,6435,D,A,0.2121735215408271,0.19821663812463733,0.5896098403345356
209378446,6435,A,A,0.32252684115949526,0.3074332855038907,0.3700398733366141
209378450,6435,D,H,0.41032657797409444,0.28854361477817253,0.30112980724773303
209378461,6435,H,A,0.17381956407013338,0.26948983299673274,0.5566906029331338
209766256,6435,A,H,0.5324983005306753,0.2577122776528828,0.2097894218164419
209766258,6484,A,A,0.23285284913016677,0.23528076252621935,0.5318663883436139
209766262,6435,H,H,0.6496101202911138,0.23144846925879084,0.11894141045009544
209766263,6484,H,H,0.7690155776616229,0.1604061383065689,0.07057828403180827
209766264,6484,A,H,0.4214240228164421,0.24398116770407804,0.3345948094794799
209766265,6484,H,A,0.2970530525247336,0.17786303220037253,0.525083915274894
209766270,6435,A,H,0.5304856872755453,0.27501306376334345,0.19450124896111126
209766278,6484,D,H,0.677013478446773,0.1770820126073061,0.14590450894592094
209766279,6484,A,H,0.3579578789925941,0.2937048252541891,0.3483372957532167
209766280,6484,A,A,0.25318695142023456,0.25523160260221706,0.49158144597754844
209766281,6484,A,A,0.22296676572740975,0.17161101523823058,0.6054222190343597
209766282,6484,A,H,0.5606208881750447,0.20011076451474427,0.23926834731021093
209766285,6435,H,A,0.31275067214193314,0.31431755408537043,0.3729317737726965
210158686,6435,H,H,0.5276179123572756,0.2665254704271178,0.20585661721560658
210158687,6484,H,H,0.7037129461129831,0.1837822946028467,0.11250475928417032
210158688,6526,H,H,0.7664643435862062,0.1443240424493533,0.08921161396444059
210158689,6527,D,H,0.5941883063033955,0.23216292175981065,0.17364877193679387
210158690,6526,A,A,0.22625107800106148,0.25732015169523276,0.5164287703037057
210158691,6527,H,A,0.350948830689898,0.26961995920139437,0.3794312101087077
210158692,6527,D,H,0.5421493433569972,0.273907274670865,0.18394338197213786
210158693,6526,D,H,0.4238688963220021,0.3439248186827881,0.23220628499520965
210158694,6526,H,H,0.40846009127815847,0.35479059600480684,0.2367493127170346
210158695,6527,D,A,0.2919770489697181,0.30100829121776573,0.40701465981251617
210158696,6526,D,H,0.5612053766711387,0.2531572837282319,0.18563733960062948
210158697,6527,D,H,0.48019272046519534,0.2637235146733995,0.25608376486140516
210158698,6526,A,H,0.45290659502678965,0.2578884887323307,0.28920491624087963
210158699,6527,A,H,0.37997555289134816,0.2809311318871637,0.3390933152214882
210158700,6526,H,H,0.47194070746321753,0.25280658500771164,0.27525270752907083
210158701,6527,A,A,0.18302289018129672,0.16903303419839516,0.6479440756203082
210158702,6526,H,H,0.5585171098403605,0.2613865652920749,0.18009632486756455
210158703,6527,H,A,0.38268886762028825,0.21419202963901926,0.40311910274069257
210158704,6526,H,H,0.48591262153283676,0.30544488907171125,0.2086424893954521
210158705,6527,H,A,0.12799011495918652,0.20769362544313125,0.6643162595976821
210158706,6526,D,H,0.6927150231430064,0.17525311760630374,0.1320318592506898
210158707,6526,D,H,0.5435392246232383,0.20490996255277408,0.25155081282398756
210158708,6526,A,A,0.2685691479689134,0.2759098994197602,0.45552095261132647
210158709,6526,H,H,0.3800320688408576,0.3033497484153792,0.3166181827437633
211165214,6597,H,H,0.6432853406195821,0.1954820013779772,0.16123265800244063
211382237,6597,H,H,0.609417038674113,0.22751325766230127,0.16306970366358572
211382238,6597,H,H,0.7338269475131552,0.15366239771168255,0.1125106547751622
211382239,6597,A,H,0.3587855308436679,0.34764017818094517,0.293574290975387
211382240,6597,D,A,0.2594818933469145,0.28048790742828555,0.46003019922480004
211382241,6597,A,H,0.4015833703781023,0.31704538253158515,0.2813712470903126
211382855,6597,H,H,0.6530932110791936,0.21367065709848654,0.1332361318223198
211940262,6597,H,A,0.21383826659076607,0.2895415488577442,0.4966201845514898
211940439,6597,A,H,0.5519415455936659,0.28187838078042926,0.16618007362590478
212674706,6435,D,H,0.362077161753435,0.3191907316623293,0.3187321065842356
212674707,6526,D,H,0.4586623631422369,0.32046573043792753,0.22087190641983548
212674709,6435,H,H,0.7099986793358763,0.20186029833860278,0.08814102232552078
212674710,6526,A,A,0.3819644965237413,0.2244102287323956,0.3936252747438631
212674711,6527,H,A,0.32183941790807813,0.23873466980440017,0.43942591228752154
212674715,6435,D,H,0.6294559344594356,0.23852894733404006,0.13201511820652428
212674716,6526,A,A,0.08939885128802663,0.18221474759275333,0.7283864011192199
212674717,6527,H,H,0.44294393977888563,0.28413265560751455,0.2729234046135998
212674718,6527,A,H,0.5871612293066593,0.26826164040057515,0.14457713029276567
212674719,6527,D,A,0.26636014423168364,0.28478883499076574,0.44885102077755057
212674720,6435,A,H,0.5130158208253411,0.27212902095010794,0.21485515822455087
212674722,6526,A,A,0.27726557253272066,0.3213503306920399,0.40138409677523934
212674723,6527,A,A,0.1901874435319766,0.28920218023802347,0.5206103762299998
212674724,6435,H,H,0.39171152191687514,0.28115359116008415,0.3271348869230407
212674725,6526,H,H,0.5719174634028985,0.25189166424690224,0.1761908723501992
212674731,6527,D,H,0.743383751966359,0.1611235791917992,0.09549266884184182
212674732,6435,A,A,0.09329107510323074,0.2080526038825061,0.6986563210142631
212674733,6526,D,A,0.27279404818908,0.2683513603020277,0.45885459150889235
212674735,6527,H,A,0.3239869951444424,0.2581184936825894,0.4178945111729683
212674736,6435,D,H,0.4653983548924247,0.31759931372589845,0.21700233138167682
212674737,6526,H,H,0.5034353937338915,0.23013625294403006,0.2664283533220785
212674738,6527,H,H,0.49251262796312245,0.25354609429525293,0.2539412777416245
212674739,6435,D,H,0.5471950603210662,0.25083395021931415,0.20197098945961958
212674741,6526,A,A,0.20425879015368428,0.20378745823892835,0.5919537516073874
212674742,6435,A,H,0.4142079261302871,0.3170084214748286,0.26878365239488433
212674746,6435,D,H,0.4175075516073227,0.3000619059028149,0.2824305424898623
212674747,6526,H,H,0.3997166807962891,0.310629692735094,0.289653626468617
212674748,6527,D,H,0.5065656505770926,0.2892624545374684,0.20417189488543905
212674751,6526,H,H,0.44319026484629553,0.29880155021701205,0.2580081849366924
213723591,6484,A,H,0.5478541795412503,0.2098647029460226,0.24228111751272713
213723592,6597,H,H,0.562664341696766,0.242961130833426,0.19437452746980804
213723593,6484,D,H,0.5763056741560896,0.22534245888342616,0.1983518669604843
213723594,6597,D,A,0.17945362188960554,0.24258655021269568,0.5779598278976988
213723595,6484,A,H,0.699645070158008,0.19076435360422286,0.10959057623776904
213723596,6484,A,H,0.44765813221101447,0.22606822030825893,0.3262736474807267
213723598,6597,H,H,0.5521698209455741,0.3213354841378609,0.12649469491656504
213723599,6484,H,H,0.43879460202582166,0.17196788455719203,0.3892375134169864
213723600,6484,A,A,0.1529348936036478,0.2103571847307854,0.6367079216655668
213723601,6484,A,A,0.11179989666062251,0.22755542710933488,0.6606446762300426
213723602,6484,H,H,0.849043400712428,0.10925819302223902,0.0416984062653329
213723603,6484,A,H,0.564645079758948,0.2408761208454376,0.19447879939561444
213723604,6484,H,H,0.4275367354546187,0.22075985377396495,0.3517034107714164
213723605,6597,H,H,0.4528141201270074,0.27411240408115517,0.2730734757918374
213723606,6597,H,H,0.486339864776754,0.2952149687405967,0.2184451664826492
213723607,6597,A,A,0.08198805762274483,0.18100723278190378,0.7370047095953512
213723608,6597,D,H,0.4654184702597227,0.27723154445208376,0.2573499852881936
213723609,6597,D,A,0.26857183981035737,0.2974953334406104,0.4339328267490322
213723613,6597,D,H,0.668671436977849,0.22842487721833682,0.1029036858038143
215022546,6484,H,H,0.6937036024977896,0.17637505591301628,0.12992134158919408
215022547,6484,H,H,0.46235591399985104,0.2311535380461681,0.3064905479539809
215022548,6484,A,H,0.37249256469242653,0.29000060236735087,0.3375068329402226
215022549,6484,A,H,0.424141833857953,0.1965541178748781,0.379304048267169
215022550,6484,H,A,0.24880999143433644,0.2659424336637452,0.4852475749019185
215022551,6484,A,H,0.6166847294436184,0.1901871859778679,0.19312808457851377
215022552,6484,A,H,0.47127326625097027,0.3029901142554185,0.22573661949361118
215022553,6484,H,H,0.550049762608257,0.2529146307134237,0.19703560667831935
215022554,6484,A,A,0.29721001045478,0.16164630910281283,0.5411436804424071
215022555,6484,H,H,0.49258963647712883,0.23676754612718257,0.2706428173956886
215560087,6435,H,H,0.5371594953049182,0.25989762416949413,0.20294288052558765
215560088,6526,A,A,0.24721076825852897,0.2623780904411979,0.4904111413002731
215560090,6435,D,A,0.32961584682607914,0.3067326132036406,0.36365153997028027
215560091,6526,D,A,0.2848480942500522,0.2661400029801019,0.4490119027698459
215560092,6527,H,H,0.5065696707210455,0.22135133096402465,0.2720789983149298
215560096,6435,H,H,0.4034127947387684,0.2818666660273214,0.3147205392339102
215560097,6526,D,A,0.17665556140451463,0.21114321458771018,0.6122012240077752
215560098,6597,H,H,0.7422635569506242,0.17624749104782084,0.08148895200155498
215560099,6527,H,A,0.32263535669054333,0.3088994335147397,0.368465209794717
215560100,6527,D,H,0.5261535616275815,0.2716245882378803,0.2022218501345382
215560101,6527,A,H,0.43373863018666725,0.2606846385131021,0.30557673130023066
215560102,6435,H,A,0.3105928211275078,0.33794716555457727,0.3514600133179148
215560104,6597,D,H,0.5236454760034431,0.22613568937045417,0.2502188346261027
215560105,6526,H,H,0.5210716812598312,0.3050317206811508,0.17389659805901797
215560106,6527,D,A,0.2643290103945401,0.22541445298427254,0.5102565366211874
215560109,6435,H,H,0.7282703507198942,0.18764581721811016,0.0840838320619957
215560110,6526,H,H,0.6328905358576077,0.21237820921832393,0.15473125492406842
215560113,6435,H,A,0.13376531187268847,0.20640565593244964,0.6598290321948619
215560114,6526,H,H,0.4908439037072217,0.29062538953084466,0.21853070676193365
215560116,6527,H,H,0.5104027114144873,0.24155257132530855,0.24804471726020405
215560119,6597,D,A,0.29310083587443575,0.2567328646306638,0.4501662994949005
215560120,6435,H,H,0.7243008388994048,0.18245858554093028,0.09324057555966499
215560121,6526,D,H,0.6061109777082234,0.23609584898404776,0.1577931733077288
215560123,6527,A,A,0.17294785788807138,0.20566236073753627,0.6213897813743924
215560124,6435,H,H,0.687676695530038,0.2352982205242663,0.07702508394569575
215560125,6597,D,H,0.49634879347277017,0.2978559527233027,0.20579525380392716
215560126,6597,A,A,0.35426654681139397,0.2726268003561015,0.37310665283250455
215560127,6597,A,A,0.3188762880216569,0.2952914652535258,0.3858322467248173
215560128,6597,H,H,0.830353517820071,0.13475561705498024,0.034890865124948746
215560129,6597,A,H,0.5758823067872775,0.23130522683340402,0.1928124663793185
215560130,6526,H,H,0.42885983840689873,0.3129972600037198,0.2581429015893814
215560131,6526,A,H,0.4560941299861137,0.3283279897930437,0.21557788022084268
215560132,6435,D,H,0.4895129249471112,0.27328717054640667,0.23719990450648215
215560133,6526,A,H,0.48743526073853044,0.30973672532576546,0.20282801393570407
215560134,6527,A,A,0.18532212379762478,0.2545383454116017,0.5601395307907734
215560135,6597,H,A,0.29488835586457135,0.2695313088389011,0.43558033529652757
215560151,6527,H,H,0.6074897314530417,0.2569026376890303,0.13560763085792787
215609590,6435,A,H,0.3732323982551175,0.31573871335528736,0.3110288883895951
219132047,6527,A,A,0.2118632088140581,0.27452749152870864,0.5136092996572333
219132049,6435,D,H,0.5254344189661548,0.21677098006456935,0.2577946009692758
219132053,6597,D,A,0.34817656134199576,0.26822950486479946,0.38359393379320467
219132055,6435,H,H,0.5206705453717649,0.26898529448778813,0.2103441601404469
219132057,6597,D,H,0.6229951067982812,0.2480330112177398,0.12897188198397894
219132058,6597,H,H,0.5074281636874604,0.31140972643448306,0.18116210987805664
219132059,6597,A,H,0.48792244468289325,0.3023456316555107,0.20973192366159618
219132060,6597,A,H,0.39442841227611575,0.2906374620148869,0.3149341257089974
219132061,6435,H,H,0.4666175922404709,0.27379298233080857,0.25958942542872054
219132066,6597,H,H,0.7918245537311701,0.1430860821596757,0.06508936410915407
219132074,6435,A,A,0.291143733956264,0.3093733966321867,0.39948286941154926
219132075,6527,H,H,0.4599696905553387,0.26061546990312334,0.2794148395415379
219132076,6597,D,A,0.33977607150581884,0.2326652716584773,0.4275586568357038
219132078,6527,H,H,0.6217358542847922,0.180186661079389,0.19807748463581878
219132079,6435,H,H,0.6761804680977495,0.23849606708244586,0.08532346481980467
219541609,6526,A,A,0.14102147390522635,0.21064105430972693,0.6483374717850467
219541611,6435,A,H,0.36544181373722817,0.3204394706973234,0.31411871556544846
219541613,6435,A,A,0.19747206471093773,0.21030909478983142,0.5922188404992308
219541614,6435,H,H,0.3745746355278908,0.35072389245879565,0.27470147201331363
219541616,6526,H,H,0.6157163341449599,0.19886985696762924,0.18541380888741096
219541617,6527,H,H,0.5290392257222765,0.2272873502641573,0.2436734240135663
219541619,6527,D,A,0.3288233726795841,0.2774755551372439,0.3937010721831721
219541620,6526,A,A,0.2576180622300378,0.29204402704288274,0.4503379107270795
219541621,6526,D,H,0.6429473087929738,0.21005363317791453,0.14699905802911156
219541625,6527,A,A,0.2020167924750389,0.21971484622542467,0.5782683612995364
219541626,6597,D,H,0.4192240272710668,0.3591220094080685,0.22165396332086482
219541627,6527,H,H,0.545304334165501,0.3084912452954192,0.14620442053907978
219541630,6526,D,H,0.41583576263303246,0.3165618149897181,0.26760242237724946
219541634,6526,H,H,0.5741600524767775,0.265303008246233,0.16053693927698953
219541635,6526,A,A,0.24772341184394972,0.2385184726744678,0.5137581154815825
219541637,6526,A,A,0.27607141686326486,0.2874853442931513,0.43644323884358394
219541638,6597,H,H,0.5019280316177623,0.2910118628478577,0.20706010553438
219541639,6526,D,A,0.19004301365901116,0.28318766266977013,0.5267693236712188
219541640,6435,H,H,0.4943196551269795,0.3091859803757591,0.19649436449726132
219541643,6526,H,H,0.36583933137839647,0.29229436294313527,0.3418663056784684
219890281,6435,D,H,0.41613548911497306,0.3247251327857967,0.2591393780992302
219928208,6527,A,H,0.3847795407675711,0.2801204459209978,0.3351000133114311
219928209,6527,A,H,0.7045790591203251,0.2000466583084912,0.09537428257118367
219930818,6597,D,A,0.32048063970253804,0.24619942391312288,0.4333199363843391
219930846,6484,H,A,0.32283333880001547,0.2361604415391353,0.4410062196608493
219930851,6435,A,H,0.4205867632578724,0.3286915370125865,0.250721699729541
219931447,6484,A,A,0.09817088344784762,0.19187199983998424,0.7099571167121682
219931477,6435,D,H,0.40464887726956206,0.33740457799188545,0.25794654473855255
219931887,6597,A,H,0.45590053959360927,0.23688333789667512,0.3072161225097156
219931888,6597,A,H,0.37544378737116024,0.2780469804075017,0.3465092322213381
219931889,6597,H,A,0.2705841240108397,0.2665491216111689,0.4628667543779913
219931890,6597,A,H,0.4876984534232583,0.246481153400748,0.2658203931759937
219932119,6484,D,H,0.6191901050387157,0.20913806277403643,0.17167183218724777
219932120,6484,H,A,0.317174456613035,0.22080011909286226,0.4620254242941028
219932122,6484,H,H,0.41934676229983503,0.21003634270783522,0.37061689499232986
219932123,6484,A,A,0.10340238553302454,0.23209409679278328,0.6645035176741921
219932124,6484,A,A,0.29889785276796865,0.2711644971217861,0.4299376501102453
219932351,6435,D,A,0.22994019319341263,0.24263969970834587,0.5274201070982415
219932567,6597,D,A,0.3208511192959344,0.18870427778810026,0.4904446029159653
219932571,6484,A,H,0.4968099507351097,0.2631557259608123,0.24003432330407798
219932584,6435,D,H,0.6786365739005156,0.19546294788831137,0.12590047821117314
219932785,6435,D,H,0.6592652939406155,0.23322841208680725,0.10750629397257734
219933248,6527,A,A,0.13248537216653405,0.15767206041199666,0.7098425674214692
219933251,6527,H,H,0.7324824023597901,0.18812177992507098,0.0793958177151389
219933253,6527,A,A,0.13588896044445678,0.2408571733908754,0.6232538661646678
219933255,6527,A,H,0.41587130576105896,0.28592981055904043,0.2981988836799005
219933258,6527,D,H,0.4786536232274335,0.27298995527493186,0.2483564214976346
219933260,6527,A,A,0.32501768951272053,0.2444409406799865,0.4305413698072931
219933261,6527,A,D,0.32568555498055196,0.3373969989344999,0.33691744608494817
219933262,6527,A,A,0.13523894780270557,0.21454315470559582,0.6502178974916986
219933263,6527,H,H,0.5322866602180838,0.2653381086560882,0.202375231125828
219934235,6435,D,A,0.2207116855509709,0.26873738241586176,0.5105509320331673
219934655,6526,D,H,0.6534307814750666,0.22618683739943496,0.12038238112549847
219934656,6526,H,H,0.5221954725529417,0.2687742467751814,0.20903028067187682
219934657,6526,A,H,0.5325364974033342,0.28394771328811896,0.18351578930854684
219934658,6526,H,H,0.43108191113841016,0.30888735727712674,0.2600307315844632
219934659,6526,H,A,0.34955415171899884,0.22139515091809256,0.42905069736290863
219934661,6526,D,A,0.3229942485057858,0.2404579428281545,0.4365478086660597
219934662,6526,H,H,0.6371110614356581,0.24776481470835038,0.11512412385599147
219934663,6526,D,H,0.3914688082247652,0.3594834215168652,0.2490477702583697
219934664,6484,H,H,0.8234442664183027,0.12374857323542919,0.05280716034626815
219934665,6526,A,A,0.23024275588439663,0.2990171175557228,0.4707401265598807
219934666,6526,H,H,0.49867135353992464,0.2597363430255247,0.2415923034345506
219934764,6597,A,H,0.6128193747530306,0.24433786609728247,0.1428427591496868
219934896,6435,A,A,0.23767846255181263,0.34097484923405674,0.4213466882141307
219934960,6597,H,H,0.7044103932529348,0.1993426673310127,0.09624693941605252
219934963,6484,H,H,0.6080176923480964,0.21282700331484364,0.17915530433705998
219934988,6435,H,H,0.43681447490226716,0.2933081357759494,0.2698773893217834
219935017,6597,A,A,0.22009327756099853,0.2636729544761075,0.5162337679628941
219935065,6435,H,H,0.4357940665516788,0.29844442824014705,0.2657615052081741
219935239,6435,H,H,0.6928998547648849,0.20990802109415838,0.09719212414095683
219936004,6597,H,H,0.4702354975960351,0.2889048781874175,0.24085962421654727
219936044,6435,H,H,0.4498137952535539,0.29909140202427903,0.25109480272216705
219936048,6484,A,A,0.2137359986397156,0.2897468322931703,0.4965171690671142
219936784,6484,D,H,0.46812683441045294,0.2495573109259466,0.28231585466360054
219936813,6435,A,H,0.46237181030623153,0.33426615827748973,0.20336203141627884
219937207,6597,D,H,0.6306436269096419,0.253356555269801,0.1159998178205571
219937208,6597,H,H,0.6048018150337281,0.24643308741737655,0.14876509754889544
219937209,6597,A,H,0.546959237558491,0.2917462182549143,0.1612945441865947
219937210,6597,A,A,0.15513374923205195,0.22511347867221523,0.6197527720957329
219937453,6484,A,H,0.6713856353735629,0.1901928883700982,0.13842147625633888
219937454,6484,A,H,0.7596699230602496,0.15546251771306735,0.08486755922668303
219937455,6484,A,H,0.4860028970671906,0.2641666501444993,0.24983045278831012
219937456,6484,A,A,0.20072224299469904,0.23933035852387743,0.5599473984814235
219937458,6484,A,A,0.19711647752685146,0.2761475979535264,0.5267359245196221
219937668,6435,A,H,0.39341292951238244,0.29924573374746827,0.30734133674014924
219937904,6435,A,A,0.2061699289785466,0.2567709928524322,0.5370590781690212
219937906,6597,H,H,0.5306506985224917,0.29018500642839246,0.17916429504911585
219937907,6484,H,A,0.3722361542617013,0.20746393438337316,0.4202999113549255
219938095,6435,A,A,0.13875463384380377,0.21538040872542372,0.6458649574307724
219938595,6527,H,H,0.5259254678487946,0.24404773840310118,0.2300267937481042
219938598,6527,A,A,0.21598656767274338,0.27166068661964965,0.5123527457076069
219938600,6527,H,H,0.4271463737629482,0.22754822230520144,0.34530540393185044
219938602,6527,D,H,0.4592754739451029,0.25895517490847414,0.281769351146423
219938604,6527,H,A,0.26631111532133633,0.3026681467417881,0.4310207379368756
219938607,6527,D,A,0.194278078286933,0.3362560213221426,0.4694659003909245
219938609,6527,H,A,0.15016748577775108,0.21255562064109282,0.6372768935811561
219938610,6527,H,H,0.7354341768424557,0.20116997442060627,0.06339584873693793
219938612,6527,A,A,0.24597579027363528,0.177897944960389,0.5761262647659757
219939554,6435,H,H,0.7803616986067811,0.16159779687304884,0.058040504520170136
219939917,6526,A,A,0.21275529163775775,0.26825707470101967,0.5189876336612226
219939918,6526,H,A,0.20444856035661152,0.2080059312939581,0.5875455083494303
219939919,6526,A,A,0.14510800680005725,0.24650388913448906,0.6083881040654537
219939920,6526,H,A,0.1910298503578585,0.2896525770454605,0.519317572596681
219939921,6526,H,H,0.6544321824867833,0.22780486749004403,0.11776295002317273
219939922,6526,A,A,0.2932923742769356,0.3164978144812242,0.3902098112418403
219939923,6526,H,A,0.21876924667714548,0.2913126895333585,0.4899180637894961
219939926,6526,H,H,0.6637584605524599,0.2144001525641611,0.12184138688337896
219939927,6526,H,A,0.3098336936991662,0.27699524501898115,0.41317106128185266
219939928,6526,D,A,0.20492843282699558,0.2644186315223692,0.5306529356506353
219939929,6484,H,H,0.41785092810776214,0.1995417093517307,0.3826073625405072
219940033,6597,D,H,0.6668005860600537,0.2177626797139227,0.11543673422602364
219940137,6435,H,H,0.7128275435186421,0.17884385281812681,0.10832860366323113
219940197,6597,H,H,0.7104286443917861,0.16588752238710305,0.12368383322111089
219940201,6484,A,A,0.3407976711195791,0.17464309028163832,0.4845592385987827
219940224,6435,A,H,0.4680281636787865,0.27219477812718545,0.259777058194028
219940250,6597,D,A,0.2258793973820108,0.29561943426125264,0.4785011683567367
219940273,6435,H,H,0.5021162014330058,0.29281076607527506,0.20507303249171915
219940427,6435,D,H,0.4919094017371301,0.2675743686497263,0.24051622961314353
219940561,6484,H,A,0.3404091256013715,0.2574570428394894,0.40213383155913907
219940562,6484,A,A,0.31873460114163477,0.2667512994214826,0.4145140994368826
219940563,6484,H,H,0.4794795470877075,0.22043835753675112,0.3000820953755413
219940615,6484,H,H,0.7007542666526944,0.21539749061383004,0.08384824273347563
219940831,6484,D,H,0.4830332754816095,0.2669296502749857,0.2500370742434047
219940832,6484,D,A,0.3125524116456908,0.18965527593648734,0.4977923124178219
219940833,6484,A,H,0.3990498059845044,0.23962852501190163,0.3613216690035941
219940834,6484,H,H,0.6109982687324925,0.21477725296492256,0.1742244783025848
219940848,6484,H,H,0.6613163658888195,0.15039483396926684,0.1882888001419137
219940958,6484,H,H,0.5828879006841665,0.24658770093792387,0.17052439837790964
219941294,6597,A,A,0.17586720952230048,0.16875861628704897,0.6553741741906505
219942784,6597,A,H,0.4259287952002935,0.2791859476520234,0.2948852571476831
219942785,6597,A,A,0.2962479306663038,0.2998404866266912,0.40391158270700506
219942786,6597,A,A,0.3299266682395788,0.2964859547407586,0.3735873770196625
219942787,6597,A,H,0.4388531001930205,0.2834265038781637,0.2777203959288158
219942788,6597,A,A,0.3293296247460083,0.2656314632601383,0.4050389119938534
219943424,6597,A,A,0.3446147798801308,0.24166115996227558,0.4137240601575937
219943888,6435,H,H,0.7383820413659864,0.17421229777712074,0.08740566085689296
219943891,6435,H,A,0.25611184350933514,0.23353004738791977,0.510358109102745
219943894,6435,D,H,0.5221208263854153,0.28262494437743463,0.19525422923715008
219943897,6435,D,H,0.513727616508956,0.27551586692927627,0.21075651656176767
219943900,6435,H,H,0.4263543940740299,0.23069939752403545,0.34294620840193457
219943902,6435,D,H,0.3785888791065458,0.3227263297665209,0.29868479112693325
219943905,6435,H,A,0.29405150519003187,0.3373399352707198,0.3686085595392483
219943906,6527,H,H,0.600250406859857,0.20683054678452728,0.19291904635561577
219943908,6435,D,A,0.2043408919491335,0.36722419672004036,0.42843491133082606
219943909,6527,H,H,0.6758974648740208,0.20129668589977992,0.12280584922619929
219943911,6435,D,H,0.4486097559962192,0.30027255407173953,0.25111768993204125
219943912,6527,H,H,0.48674721721057496,0.2391210885266029,0.27413169426282225
219943914,6435,H,H,0.43718493913281664,0.3454466715225284,0.21736838934465486
219943915,6527,A,A,0.19570213334180292,0.3240630538740445,0.48023481278415253
219943917,6527,A,A,0.09950438136045052,0.23448266336913062,0.6660129552704188
219943919,6527,A,H,0.6054295772922775,0.2584186710795593,0.13615175162816315
219943920,6527,A,A,0.2770871416615697,0.30533689045096374,0.4175759678874666
219943921,6527,H,H,0.624087491577674,0.21945504330314977,0.15645746511917624
219943922,6527,A,A,0.3310057714916062,0.26158640399803995,0.4074078245103539
219945233,6526,D,H,0.728375445141409,0.18823572173407946,0.08338883312451165
219945234,6526,H,H,0.5695176301980898,0.27468173039129484,0.15580063941061534
219945235,6526,H,H,0.612791057143324,0.26517173221082835,0.12203721064584767
219945236,6526,D,H,0.5891789373302233,0.2206665213355714,0.19015454133420526
219945238,6526,H,H,0.7007485948704257,0.22545372999223215,0.07379767513734214
219945239,6526,A,H,0.39062998384521824,0.26685428732046307,0.34251572883431874
219945240,6526,A,A,0.2736767212960458,0.3498940371948164,0.3764292415091378
219945241,6526,D,A,0.3817281949485508,0.1938787965448905,0.42439300850655864
219945242,6526,H,H,0.601267833219979,0.24366885097962998,0.15506331580039107
219945243,6526,H,H,0.4742076402575656,0.294065321347199,0.23172703839523537
219945320,6597,A,H,0.4387306125267154,0.3117242584083621,0.24954512906492238
219945442,6597,D,H,0.36921417789006106,0.3049555970293935,0.32583022508054543
221820325,6526,H,A,0.20339384255060372,0.21232025943480748,0.5842858980145887
222894475,6597,A,H,0.7980461393288301,0.1352174357186691,0.06673642495250094
222894478,6597,A,H,0.8497956799859085,0.12118752670543811,0.02901679330865345
222894481,6597,A,H,0.5354508506368294,0.27709441576246735,0.18745473360070325
222894483,6597,A,H,0.643932123196891,0.23630006995366395,0.11976780684944503
222894486,6597,D,H,0.4890886934191286,0.31586443320352986,0.19504687337734158
222894491,6597,D,H,0.4523516450059637,0.26291030885472316,0.2847380461393132
222894492,6597,D,H,0.6162549232842879,0.2361332606657403,0.14761181604997176
222894493,6597,A,H,0.36534967283748104,0.29453550254454114,0.3401148246179778
222894494,6597,D,A,0.31519181716642036,0.27909035171959445,0.40571783111398513
222895147,6484,H,H,0.42469392558722185,0.19687590852423917,0.37843016588853906
222896232,6484,H,H,0.4682274347578217,0.2452520908746394,0.2865204743675389
222896236,6484,H,H,0.6871443158348125,0.17627175791544739,0.1365839262497402
222896239,6484,H,H,0.8722545270541072,0.1006566749619676,0.02708879798392529
222896559,6484,A,H,0.5325542671511049,0.2187715323193881,0.24867420052950703
222896746,6484,D,A,0.3014604177451529,0.271565045544049,0.42697453671079816
223349905,6435,D,H,0.6485337197136324,0.20273452210117432,0.14873175818519327
223349908,6435,H,H,0.7710268491344984,0.15887434939255077,0.07009880147295085
223349911,6435,H,H,0.5554215451257181,0.26159151537730724,0.18298693949697475
223349914,6435,H,H,0.4981253638559873,0.2931655169585782,0.20870911918543464
223349917,6435,A,H,0.3777109951003199,0.3203793852321403,0.3019096196675398
223349920,6435,H,H,0.6175344115180691,0.26332031839541187,0.11914527008651905
223349921,6527,D,H,0.4079262182877703,0.3243117569344203,0.26776202477780925
223349923,6435,H,A,0.28661718826950217,0.2895578413378341,0.4238249703926638
223349924,6527,A,A,0.3320619547335545,0.3067136288451203,0.3612244164213251
223349926,6435,D,H,0.42008835124741084,0.2810873419785704,0.29882430677401883
223349927,6527,A,A,0.2187625349367456,0.3402263636644796,0.4410111013987748
223349929,6435,H,A,0.2902624282157435,0.2576804948855264,0.4520570768987299
223349930,6527,D,A,0.3200378661553849,0.21616425057105834,0.46379788327355675
223349932,6435,H,H,0.6706483135473256,0.2132975151184788,0.11605417133419563
223349933,6527,A,H,0.5088140015808515,0.23412642445886087,0.2570595739602875
223349935,6527,H,H,0.45578907645702765,0.2593308676905662,0.2848800558524062
223349936,6527,H,H,0.6956320659767751,0.2133745629944297,0.09099337102879522
223349937,6527,A,A,0.15382041215332928,0.1816224939947604,0.6645570938519103
223349938,6527,A,H,0.6122399532477982,0.20508625799704666,0.18267378875515508
223351463,6526,D,H,0.34878894573270186,0.3114141828658925,0.3397968714014057
223351465,6526,D,H,0.5018017307123743,0.3014063408222034,0.1967919284654222
223351466,6526,A,A,0.1657838775275858,0.34003484832091957,0.49418127415149454
223351468,6526,A,A,0.18845699166804517,0.30623010725902916,0.5053129010729257
223351470,6526,H,H,0.7767225880691099,0.16164181909987388,0.06163559283101627
223351474,6526,A,H,0.39277777690854626,0.2594125944476056,0.3478096286438482
223351477,6526,D,H,0.4989607987751284,0.30633356364325043,0.19470563758162115
223351479,6526,A,A,0.22567493001948727,0.26717064234874005,0.5071544276317727
223351482,6526,H,H,0.5031021483406174,0.22289751208184375,0.2740003395775389
223351483,6526,D,A,0.31510801657522763,0.30955776552799225,0.3753342178967801
223351601,6484,H,H,0.7469325815280298,0.17839714484315566,0.07467027362881462
223351605,6484,D,H,0.4121395481000228,0.23793928811309367,0.34992116378688354
223351891,6484,D,A,0.2217796388435141,0.22269175629476592,0.55552860486172
223497353,6484,D,A,0.18597596187450233,0.1818563884503055,0.6321676496751921
223733820,6484,A,A,0.2829346641641888,0.20834391319701118,0.5087214226388
226039502,6597,H,H,0.47506997049859245,0.2894847174872043,0.23544531201420338
226508121,6597,A,H,0.3640844866860742,0.3140412769234529,0.32187423639047297
226508122,6597,H,H,0.38160171187978364,0.2523040830219539,0.3660942050982624
226508123,6597,D,H,0.5244223920445412,0.2794225255717372,0.19615508238372156
226508124,6597,D,A,0.07769715212606876,0.14542315694021216,0.7768796909337192
226508551,6484,D,H,0.5193265077918093,0.24747029474029678,0.2332031974678939
226508559,6484,A,A,0.1503338895397649,0.21587399748179895,0.6337921129784362
226508566,6484,D,H,0.5693886346291047,0.2101152368818634,0.22049612848903183
226508572,6484,H,H,0.5238102595893658,0.2332427767761174,0.24294696363451684
226508578,6484,A,A,0.23213606013979443,0.36961366367576837,0.39825027618443704
226508907,6597,H,H,0.4840997947681453,0.26437931122916997,0.25152089400268485
226508915,6484,A,H,0.5433594878365146,0.21870037381872265,0.23794013834476277
226509687,6484,H,H,0.5741080464876236,0.18297514252091043,0.242916810991466
226509689,6484,H,H,0.4178822667622238,0.2556353516047608,0.32648238163301546
226816577,6527,H,H,0.618533564453868,0.18882429233710754,0.19264214320902448
226816580,6527,D,H,0.5885221169469979,0.23988051006039668,0.17159737299260547
226816585,6527,D,H,0.5670356653851675,0.22668251717694304,0.20628181743788945
226816587,6527,H,H,0.6700057058410559,0.21940298498208138,0.1105913091768627
226816589,6527,H,H,0.39454243680896917,0.2862377269061749,0.31921983628485595
226816590,6527,H,H,0.4298440299731284,0.2678874497167371,0.30226852031013446
226816591,6527,H,A,0.24617879926331232,0.28155497433101556,0.47226622640567206
226816592,6527,A,A,0.2061871276313247,0.224146624787781,0.5696662475808943
226816630,6435,A,A,0.3306526424768207,0.23850139523943245,0.4308459622837467
226816632,6435,D,H,0.46263373430162813,0.2992645130871693,0.23810175261120273
226816633,6435,D,H,0.5362182394199622,0.2502136778864431,0.21356808269359479
226816634,6435,A,A,0.28392866973225406,0.27553412670910904,0.44053720355863696
226816636,6435,A,A,0.29924405774222135,0.347478775072055,0.3532771671857237
226816638,6435,A,A,0.16612834190665587,0.35738346912044705,0.4764881889728972
226816639,6435,A,H,0.3712385570936459,0.31841269674192385,0.31034874616443026
226816640,6435,A,A,0.3819941361874742,0.22501720000744233,0.39298866380508357
226816642,6435,D,H,0.3769879341000802,0.3314156552907422,0.2915964106091776
226816644,6435,H,H,0.4325930488528611,0.3243770230367274,0.24302992811041152
226818015,6526,A,H,0.4948445572924289,0.18796354420821695,0.31719189849935414
226818018,6526,H,H,0.40394230754344257,0.28200258554389673,0.3140551069126606
226818021,6526,H,H,0.40701613486715854,0.25987265761183725,0.3331112075210042
226818025,6526,H,H,0.47460582596957657,0.29605361916692774,0.22934055486349572
226818030,6526,H,H,0.5222287206988774,0.28245709082093845,0.19531418848018411
226818035,6526,D,D,0.29541930504829245,0.37125853731299574,0.33332215763871176
226818038,6526,H,H,0.6115175852289613,0.24876972604008332,0.13971268873095535
226818040,6526,H,H,0.6218989124339575,0.22537666541331347,0.15272442215272916
226818043,6526,A,H,0.5695316124639943,0.28534638522762074,0.14512200230838487
226818047,6526,D,A,0.1905003523489342,0.2128822010278048,0.596617446623261
226818197,6597,A,A,0.2571038076040231,0.2318473635872597,0.5110488288087173
226818386,6597,H,H,0.42940190171340936,0.323137594595608,0.2474605036909827
226818434,6597,A,A,0.2972803855896576,0.23805551158953134,0.46466410282081105
226818449,6484,A,A,0.2062701025472132,0.27148310158749245,0.5222467958652942
232741773,6597,H,H,0.7091784981328525,0.21545118806956684,0.0753703137975806
233101677,6597,H,H,0.8272976136502627,0.12616987362381094,0.04653251272592639
233101678,6597,D,D,0.32852850998617467,0.36571560702279793,0.3057558829910274
233101679,6597,A,H,0.6627548593123073,0.23382106738486705,0.10342407330282563
233101680,6597,H,H,0.4581335520327057,0.27615862947904946,0.2657078184882449
233101681,6597,A,H,0.43785350659975286,0.2954206187129709,0.2667258746872762
233102413,6597,H,H,0.5320840712168377,0.23364852073019848,0.23426740805296387
233404663,6526,D,H,0.5550269740294665,0.25594917403414374,0.1890238519363897
233404664,6526,A,A,0.1899677398696701,0.2763717223746274,0.5336605377557024
233404668,6526,H,H,0.5373159102143179,0.2939958597328154,0.16868823005286668
233404672,6526,A,A,0.1790619871342594,0.2920026570122183,0.5289353558535224
233466963,6527,A,A,0.2954863258257056,0.2991151607637842,0.40539851341051014
233466965,6527,H,H,0.6272807206299815,0.2445900175537014,0.1281292618163171
233466967,6527,H,A,0.31238232987342873,0.3164051761803755,0.3712124939461959
233466969,6527,H,A,0.35607918008114403,0.26153236194043494,0.382388457978421
233466971,6527,A,H,0.4120924141417756,0.2561578904873647,0.3317496953708597
233466975,6527,A,A,0.05006433997947361,0.13979444035533722,0.810141219665189
233466978,6527,H,A,0.18965839494485784,0.23153225020467322,0.578809354850469
233466981,6527,H,H,0.4811247849691539,0.24952001256019643,0.2693552024706496
233466984,6527,H,H,0.4507784198394772,0.22231392981443943,0.32690765034608327
233467020,6435,D,H,0.6879508222565971,0.18815846323074092,0.12389071451266195
233467024,6435,H,H,0.8007081369886277,0.13729236356816168,0.06199949944321067
233467028,6435,H,H,0.4769827295066693,0.3217469317737701,0.20127033871956063
233467032,6435,D,H,0.5729836130031039,0.26609947231102593,0.1609169146858702
233467036,6435,A,H,0.41883859248213606,0.2670845727348663,0.31407683478299775
233467039,6435,H,H,0.6417858754184262,0.25213275480486125,0.10608136977671258
233467042,6435,A,A,0.33611426537740796,0.27742480620616383,0.38646092841642826
233467044,6435,D,A,0.256893680880721,0.24197521458149965,0.5011311045377793
233467045,6435,H,H,0.38788403967762,0.3220921806846612,0.2900237796377188
233467046,6435,H,H,0.7200356778857191,0.19769709022784301,0.08226723188643781
233467692,6526,H,H,0.5088474238047925,0.26462996695474394,0.2265226092404636
233468178,6526,H,A,0.3211193415281531,0.23704945734140323,0.4418312011304438
233468440,6597,A,H,0.5568386948575349,0.24223083566170686,0.20093046948075824
233468616,6597,H,H,0.3891957903198537,0.2840338225650156,0.3267703871151307
233468624,6526,H,H,0.6293567830622246,0.24917504173655025,0.12146817520122505
233468675,6526,H,H,0.496584190026994,0.2311776860536097,0.2722381239193962
233917285,6526,D,D,0.2987519786581209,0.3519902363204176,0.34925778502146154
233917309,6526,D,H,0.4646751360905044,0.30289358478010336,0.23243127912939218
234744846,6484,A,H,0.746271781338883,0.1578967071796598,0.09583151148145717
234744847,6484,H,H,0.6222000476938657,0.19393459258106874,0.18386535972506557
234744848,6484,A,H,0.5217237086316555,0.22550179341891535,0.2527744979494292
234744849,6484,H,H,0.3656471503768305,0.30959810574964786,0.3247547438735217
234744852,6484,H,H,0.5841311429537361,0.21282235450981526,0.20304650253644868
235450239,6484,H,H,0.8004606790270811,0.1413035816457856,0.05823573932713329
235450240,6484,H,H,0.44178909836142166,0.26956387013628763,0.28864703150229065
235450241,6484,D,A,0.12041868880017004,0.29021410338997505,0.5893672078098549
235450245,6484,H,H,0.7128945059172911,0.16389940524580995,0.12320608883689896
235829102,6484,H,H,0.5113994089888969,0.21584719752726972,0.2727533934838334
236552956,6597,H,H,0.578323734453704,0.2595047350972342,0.1621715304490618
236552958,6597,A,A,0.15709183526925663,0.24813507307938631,0.594773091651357
236552961,6597,H,A,0.30666369687280765,0.26682118388966963,0.4265151192375229
236552965,6597,A,A,0.35768026711022183,0.27879395296514287,0.3635257799246353
236552968,6597,A,A,0.1558328362481691,0.15497358237266703,0.6891935813791639
236552971,6597,D,H,0.6921317935707436,0.21690302551621524,0.09096518091304112
236552974,6597,H,A,0.3472862592554643,0.29859784605145634,0.35411589469307936
236552977,6597,A,A,0.30616480950265956,0.26301355053133296,0.4308216399660075
236552981,6597,D,A,0.3435058730139151,0.2785011002600931,0.3779930267259918
236553576,6484,D,A,0.2990048773486733,0.18009173016636917,0.5209033924849575
236554184,6484,D,A,0.2869288658746399,0.20092005562260631,0.5121510785027538
236554724,6484,H,H,0.4510406200187087,0.21783892847840172,0.33112045150288966
236554725,6484,A,A,0.28660836568183173,0.34996478728689356,0.36342684703127476
236555141,6484,H,A,0.35555696799266684,0.23379448266550737,0.4106485493418257
236946950,6527,H,H,0.49723538774042575,0.2663313069260064,0.23643330533356782
236946952,6527,A,H,0.5984560765731084,0.2407149939448159,0.16082892948207572
236946954,6527,H,A,0.29327269254424215,0.23046226936979747,0.4762650380859604
236946956,6527,A,A,0.27215934461700064,0.3390287767790055,0.38881187860399385
236946958,6527,H,H,0.4693556050620057,0.24156023663395215,0.28908415830404216
236946960,6527,H,H,0.5908866235075417,0.25848042924662074,0.15063294724583753
236946962,6527,H,H,0.8506095376589727,0.1039672520379058,0.04542321030312157
236946965,6527,A,A,0.2182943285526756,0.30349122648979016,0.4782144449575343
236946968,6527,A,H,0.4164901962935009,0.29538303653515696,0.2881267671713421
236947006,6435,D,H,0.7527747362426868,0.16849481160485782,0.0787304521524554
236947009,6435,A,H,0.6742570929523035,0.22213074918203196,0.10361215786566451
236947013,6435,A,H,0.3808849854351945,0.3044803981356435,0.3146346164291621
236947016,6435,D,H,0.38769870099793247,0.3064932773241102,0.30580802167795734
236947018,6435,D,H,0.4092881481439393,0.2672293079076775,0.32348254394838305
236947020,6435,A,A,0.3379112289995673,0.2513314500551164,0.41075732094531625
236947021,6435,A,H,0.388080586808146,0.3183371604289718,0.2935822527628822
236947022,6435,A,A,0.1501149697426012,0.31656996201714294,0.5333150682402559
236947023,6435,A,H,0.4212021718228369,0.3281998914849545,0.2505979366922086
236947024,6435,A,H,0.49935826026937546,0.2821185654900025,0.21852317424062198
236947926,6484,H,H,0.7353188046879667,0.17601651003525684,0.08866468527677644
236948244,6526,A,H,0.6220240236904317,0.18509457481167105,0.19288140149789723
236948247,6526,D,H,0.43273675104079357,0.23790662881310837,0.32935662014609807
236948250,6526,D,A,0.2805799564605473,0.35699678745743263,0.36242325608202014
236948253,6526,H,H,0.39003947287583235,0.29539205149326453,0.31456847563090307
236948255,6526,D,H,0.3668480232505007,0.3373317907579185,0.2958201859915807
236948257,6526,D,H,0.3678255691878641,0.274715868805551,0.35745856200658493
236948260,6526,A,A,0.24944024491303116,0.3447898104277332,0.4057699446592356
236948261,6526,D,A,0.1720248942068056,0.22622693249421424,0.6017481732989801
236948264,6526,D,H,0.461994501339141,0.22989422257280107,0.308111276088058
236948266,6526,D,H,0.5589415467559773,0.30535818222453004,0.13570027101949272
236948407,6484,D,A,0.3442501369665185,0.22953947685702233,0.4262103861764591
236948415,6484,H,A,0.2136021311937703,0.1844347896230388,0.6019630791831909
236948774,6484,D,A,0.3172346304267799,0.2085753075545141,0.47419006201870595
237402908,6484,A,A,0.1430035663536696,0.21719088887402355,0.6398055447723069
240012388,6597,A,H,0.43633259846535144,0.28560601171697997,0.27806138981766865
243450198,6527,A,A,0.31524965631336355,0.3378735804227834,0.34687676326385314
244303680,6526,A,A,0.3614970391479085,0.25247914978085567,0.3860238110712358
244304317,6484,H,H,0.5124922568723147,0.24328075190121032,0.24422699122647493
244304581,6526,H,H,0.48653930982775323,0.2811835940580504,0.23227709611419636
244304867,6597,D,H,0.6747385365031855,0.2303536099797206,0.09490785351709384
244304868,6597,H,A,0.27449954409395266,0.2693477476210347,0.45615270828501264
244304869,6597,A,H,0.5177599952898286,0.2464068197908674,0.23583318491930408
244304870,6597,A,D,0.2787020243065652,0.3623341716846881,0.3589638040087466
244304871,6597,A,H,0.3583249873685247,0.3373698496237463,0.30430516300772903
244304969,6484,D,H,0.6972371823689163,0.20495165553755734,0.09781116209352632
244304970,6484,A,H,0.5958629978092311,0.20957467396922289,0.1945623282215459
244304971,6484,A,A,0.18359710119500855,0.2947016399925532,0.5217012588124382
244305744,6526,H,H,0.6145102033513542,0.25936880803157114,0.12612098861707463
244305890,6484,D,H,0.5998861701283642,0.19688964638465642,0.20322418348697938
244305891,6597,D,H,0.7055492857046639,0.1896934817383954,0.10475723255694065
244306058,6526,H,H,0.6217788174013482,0.2591384381067952,0.11908274449185662
244306626,6435,H,H,0.6391558784960243,0.21045626483015387,0.15038785667382182
244306627,6435,H,H,0.7833001611696476,0.1744843345861984,0.04221550424415401
244306628,6435,A,H,0.4354302206533379,0.28345564359900194,0.2811141357476601
244306629,6435,A,H,0.6320571661418827,0.2257210142031538,0.1422218196549635
244306630,6435,A,A,0.2355405056947634,0.2555448935639655,0.508914600741271
244306631,6435,A,A,0.0791913260269605,0.17170717484318046,0.7491014991298591
244306632,6435,H,H,0.46323177585665776,0.2747286725894427,0.2620395515538995
244306633,6435,A,H,0.47534863167470687,0.3030228901697687,0.22162847815552456
244306634,6435,H,H,0.4234635665595636,0.32038076251568376,0.2561556709247527
244306635,6435,A,H,0.45540752939726,0.32488093431940723,0.21971153628333281
244306644,6527,A,A,0.37881968174374614,0.23362045174181797,0.3875598665144358
244306645,6527,A,A,0.22363326465355296,0.29842138700212933,0.4779453483443177
244306646,6527,A,A,0.3599434523828002,0.2576601286792647,0.382396418937935
244306647,6527,D,A,0.07153435150617495,0.14465827389778332,0.7838073745960416
244306648,6527,D,A,0.3653190909063368,0.23132683916692395,0.4033540699267392
244306649,6527,D,A,0.17704373611548535,0.32296228090219087,0.4999939829823239
244306650,6527,H,H,0.47878890998596,0.33705678775391207,0.18415430226012777
244306651,6527,A,H,0.5156058128654039,0.27104317708027964,0.21335101005431645
244306652,6527,H,H,0.5138102670980714,0.2020167465246464,0.2841729863772821
244307407,6526,H,H,0.5008445376704719,0.2506996157991049,0.24845584653042316
244307726,6484,D,H,0.7081609686633634,0.18599280069887042,0.10584623063776624
244307727,6484,H,H,0.7561497957923324,0.16675670143636712,0.07709350277130046
244307728,6484,H,A,0.2722888699933167,0.22033220931108394,0.5073789206955993
244307732,6526,D,H,0.5819351132191296,0.2486275112601589,0.16943737552071153
244307733,6526,D,A,0.26438130021095857,0.3297622726093701,0.4058564271796713
244308290,6597,A,H,0.4773314507723418,0.29549144765894353,0.22717710156871476
244308591,6484,H,H,0.5408679451648866,0.25046368394746654,0.20866837088764692
244308592,6597,H,H,0.6101950909038132,0.2813891237356107,0.10841578536057618
244308604,6526,H,A,0.3389994481076217,0.29368293488239516,0.3673176170099831
244308690,6526,D,H,0.35526675281218223,0.31825351151795306,0.3264797356698647
244308852,6526,H,H,0.6692045885571873,0.22885399809921803,0.10194141334359455
244308853,6484,H,H,0.46996840161864306,0.22318609812556686,0.30684550025579
244576869,6527,H,H,0.5147331387076455,0.24516439767458242,0.24010246361777207
250518519,6435,D,H,0.3827653456485654,0.3515379400916707,0.2656967142597639
250518520,6435,H,H,0.5882897686111845,0.30394622288007545,0.10776400850874004
250518521,6435,H,H,0.4725079400954848,0.2881460900923267,0.23934596981218859
250518522,6435,H,H,0.7649361893010795,0.1712246688804233,0.06383914181849715
250518523,6435,H,H,0.6836248792035755,0.21760455210638927,0.09877056869003524
250518524,6435,A,A,0.34792896342401985,0.29064282259441054,0.3614282139815696
250518525,6435,A,A,0.3501689951105294,0.29540346707861065,0.35442753781085995
250518526,6435,H,H,0.5556077583655593,0.2848399218412846,0.15955231979315618
250518527,6435,D,H,0.38394506144914003,0.3273557086975514,0.2886992298533085
250518528,6435,H,H,0.6384535337272236,0.21915793176385806,0.14238853450891834
250518529,6435,H,H,0.6348368514098475,0.22154085163523993,0.1436222969549126
250518530,6435,H,H,0.5309672465136359,0.24916542566164063,0.21986732782472346
250518531,6435,H,H,0.3747265357156236,0.2813029458250632,0.34397051845931326
250518532,6435,H,H,0.7387668846183053,0.19730309586998263,0.06393001951171204
250518533,6435,A,A,0.3194592095387392,0.24495793943214852,0.4355828510291124
250518534,6435,D,H,0.3896170460488591,0.3560872061846379,0.25429574776650304
250518535,6435,D,H,0.5613763691380379,0.2497327667580376,0.18889086410392456
250518536,6435,A,A,0.31495661383293333,0.3115973605065408,0.37344602566052587
250518537,6435,A,A,0.20634459790247534,0.34733177794477416,0.44632362415275056
250518538,6435,H,H,0.39028504316773643,0.2796583966267836,0.33005656020548
250518539,6435,H,H,0.6953722841765813,0.21575802826859375,0.08886968755482494
250518540,6435,D,H,0.6032347098714803,0.23736793164883366,0.15939735847968597
250518541,6435,H,H,0.4987657665787281,0.3102711047043979,0.19096312871687404
250518542,6435,A,A,0.3064891037689485,0.278981074963023,0.41452982126802845
250518543,6435,H,H,0.4429100796128588,0.3074423659318137,0.2496475544553275
250518544,6435,H,H,0.3647769150152744,0.33900345288028,0.29621963210444563
250518545,6435,A,H,0.3857339195102581,0.35723409403266837,0.25703198645707354
250518546,6435,H,H,0.38885676966119725,0.29198463540870306,0.3191585949300997
250518547,6435,D,H,0.4512760871871206,0.27583514400610903,0.2728887688067704
250518548,6435,H,H,0.343084232961627,0.3149810067374797,0.3419347603008933
250518549,6435,A,A,0.3213489433501116,0.30395124716131494,0.37469980948857345
250518550,6435,A,H,0.45907166870058863,0.25282824502584517,0.2881000862735662
250518551,6435,A,H,0.44463797120854714,0.2816165303393452,0.27374549845210777
250518552,6435,D,A,0.30045388718153737,0.3173379383069931,0.3822081745114696
250518553,6435,A,A,0.21749087799552935,0.3486666680584059,0.4338424539460647
250518554,6435,H,H,0.6252117640157775,0.2604178059991188,0.11437042998510387
250518555,6435,H,H,0.4362380823246048,0.3257501313057449,0.2380117863696503
250518556,6435,H,H,0.4655423567648642,0.31210989952106033,0.22234774371407534
250518557,6435,H,H,0.4134100563727734,0.29451381812632854,0.29207612550089807
250518558,6435,A,A,0.2043728941585107,0.23308732453232037,0.5625397813091689
250518559,6435,H,H,0.43989297436019553,0.29531436271904093,0.2647926629207635
250518560,6435,A,A,0.298969443546543,0.21253456701234028,0.4884959894411169
250518561,6435,D,H,0.4894300811804152,0.29963013300067665,0.21093978581890827
250518562,6435,H,H,0.6700897004183952,0.20974600816380684,0.12016429141779801
250518563,6435,A,H,0.49064227351749184,0.2953270615167514,0.21403066496575673
250518564,6435,A,H,0.3959539311141412,0.30959630223162155,0.29444976665423717
250518565,6435,D,H,0.46137077527438936,0.3151662514161847,0.22346297330942594
250518566,6435,H,H,0.61854037241267,0.24777569092772211,0.1336839366596079
250518567,6435,D,A,0.2764258536527986,0.26857630496225277,0.45499784138494853
250518568,6435,H,H,0.6272283088755691,0.2518961340457224,0.12087555707870853
250518569,6435,A,A,0.312470439988535,0.2727158941144218,0.4148136658970431
250518570,6435,D,H,0.506725435037018,0.2723444528656535,0.22093011209732863
250518571,6435,H,H,0.35231563248406034,0.3319312131279869,0.3157531543879527
250518572,6435,A,A,0.1864726985665561,0.3693031200741849,0.44422418135925895
250518573,6435,A,A,0.1773330309037559,0.19220144566388483,0.6304655234323592
250518574,6435,H,H,0.4900625844586533,0.26594520252785514,0.24399221301349158
250518575,6435,A,A,0.21787156549247347,0.27355898468147655,0.50856944982605
250518576,6435,H,H,0.7399214937843572,0.1764893471465646,0.08358915906907818
250518577,6435,H,A,0.2175452749320131,0.23724185999507516,0.5452128650729118
250518578,6435,D,H,0.492077607556479,0.3084659658096126,0.19945642663390842
250518579,6435,D,H,0.5389401523783965,0.2681575070366555,0.19290234058494796
250518580,6435,H,H,0.3555651433330582,0.3252591344124804,0.31917572225446145
250518581,6435,H,H,0.5773724557793513,0.2543712347489266,0.16825630947172204
250518582,6435,D,A,0.31956578147343667,0.2849847479650151,0.39544947056154817
250518583,6435,A,H,0.6630424455890527,0.22047715419038813,0.11648040022055922
250518584,6435,A,A,0.03753183232769635,0.15365383505493854,0.8088143326173651
250518585,6435,H,H,0.6164408758468458,0.20542502843430366,0.17813409571885064
250518586,6435,H,H,0.5080858582893724,0.27289675300972627,0.21901738870090134
250518587,6435,H,A,0.248059871141516,0.2893152970546959,0.46262483180378816
250518588,6435,A,H,0.509212952611262,0.26843134633634824,0.22235570105238972
256864051,6527,D,A,0.16724064227745775,0.2606926958687866,0.5720666618537557
256864052,6527,H,H,0.8418679209344005,0.11706881888912854,0.04106326017647087
256864053,6527,D,A,0.1595402174044284,0.35997567941227415,0.4804841031832973
256864054,6527,A,H,0.4269283037945073,0.2882407348198255,0.28483096138566716
256864055,6527,H,H,0.6464743191074833,0.22982575269376906,0.12369992819874756
256864056,6527,H,H,0.3757704947239445,0.273153024089738,0.35107648118631746
256864057,6527,D,H,0.4807673582619639,0.2501989016617366,0.2690337400762996
256864058,6527,H,H,0.5591977867835234,0.27741215806850444,0.16339005514797217
256864059,6527,H,H,0.6126290402546294,0.2735581591204416,0.113812800624929
256864060,6527,D,H,0.46780220442247195,0.27611853075703274,0.2560792648204953
256864061,6527,A,H,0.5748816587629172,0.25864408496047264,0.1664742562766101
256864062,6527,H,A,0.32465522483455367,0.24180475672333632,0.4335400184421101
256864063,6527,H,H,0.474616320807563,0.26075832685776756,0.26462535233466944
256864064,6527,H,H,0.7098520595395934,0.17355684572135507,0.1165910947390516
256864065,6527,H,A,0.23510954750833366,0.26189950109141574,0.5029909514002506
256864066,6527,H,H,0.5806078818139586,0.2689289672047448,0.15046315098129648
256864067,6527,A,H,0.6197123272144918,0.21732392832950187,0.1629637444560063
256864068,6527,H,A,0.18335773087945026,0.1566096757844135,0.6600325933361363
256864069,6527,H,H,0.629792266017653,0.21960986530721235,0.1505978686751347
256864070,6527,D,A,0.3185175492647127,0.2569402787362365,0.42454217199905075
256864071,6527,H,A,0.27445501900416547,0.27147932927208535,0.45406565172374913
256864072,6527,A,H,0.45204109385880203,0.28433344548832434,0.2636254606528736
256864073,6527,H,H,0.5188741185074222,0.26944910793334026,0.21167677355923756
256864074,6527,D,H,0.5151386508003208,0.25060335841192893,0.23425799078775025
256864075,6527,H,A,0.12511170120938833,0.24295369012674467,0.6319346086638669
256864076,6527,H,H,0.5151664022232928,0.28745759855511266,0.19737599922159457
256864077,6527,H,H,0.4649932879243805,0.26842433037901225,0.2665823816966073
256864078,6527,A,H,0.5026035644506982,0.2887219223543019,0.20867451319499994
256864079,6527,A,H,0.6790963531111166,0.15635230597638197,0.1645513409125014
256864080,6527,A,H,0.612421710429898,0.20947953176955209,0.1780987578005499
256864081,6527,A,A,0.13568721452951743,0.2484347849124996,0.6158780005579829
256864082,6527,H,A,0.18933090870598868,0.2727907414162331,0.5378783498777783
256864083,6527,A,A,0.2008325240498951,0.2603984796044113,0.5387689963456935
256864084,6527,H,H,0.4883411799705682,0.2546760440934689,0.25698277593596286
256864085,6527,A,A,0.03687923836776209,0.1057396719020568,0.8573810897301811
256864086,6527,A,H,0.4289105840989282,0.29207942623447575,0.2790099896665961
256864087,6527,D,A,0.3824565765805862,0.22511486813171597,0.3924285552876977
256864088,6527,A,A,0.2417550107702087,0.28630266137684524,0.47194232785294593
256864089,6527,H,H,0.6183995582645581,0.24524523595649253,0.1363552057789495
256864090,6527,H,H,0.42474749590646704,0.2195624472920298,0.35569005680150306
256864091,6527,A,A,0.20665359840616196,0.2501591294492431,0.543187272144595
256864092,6527,H,H,0.48806696894583035,0.2612572879004685,0.2506757431537012
256864093,6527,H,A,0.31080038175208113,0.247781342343752,0.4414182759041669
256864094,6527,H,H,0.7049760887581861,0.2239266833069859,0.07109722793482795
256864399,6526,D,H,0.3669065694989652,0.270317140791829,0.36277628970920583
256864400,6526,A,A,0.3457980564798271,0.2503331896314188,0.403868753888754
256864401,6526,H,A,0.22479441976021278,0.22004586288098693,0.5551597173588003
256864402,6526,H,H,0.6257906220873417,0.24356282252648317,0.13064655538617514
256864403,6526,A,A,0.12670144763030342,0.2385172705918246,0.6347812817778719
256864404,6526,D,H,0.642310291954732,0.23327073719399424,0.1244189708512738
256864405,6526,H,H,0.579306460111117,0.24741495753450796,0.1732785823543751
256864406,6526,A,H,0.540621038592622,0.25069902432056795,0.20867993708681012
256864407,6526,H,H,0.7184078804225611,0.20277570782539894,0.07881641175203996
256864408,6526,H,H,0.6633634206762898,0.22656236190246606,0.11007421742124414
256864409,6526,D,A,0.22879902727254406,0.27516682741474596,0.49603414531270995
256864410,6526,A,H,0.6515824890971856,0.2363527170969072,0.1120647938059072
256864411,6526,D,H,0.5785051683477752,0.23091864518397826,0.19057618646824653
256864412,6526,A,A,0.24885416815590222,0.26302360434591837,0.4881222274981794
256864413,6526,A,A,0.28315066867627703,0.2628232062642782,0.45402612505944484
256864414,6526,H,H,0.41670591840754356,0.2433381344657669,0.33995594712668953
256864415,6526,H,H,0.4088140903840776,0.33844586904076385,0.2527400405751586
256864416,6526,A,H,0.47799846840236426,0.2617856014450107,0.2602159301526251
256864417,6526,H,H,0.3795373612664749,0.2808183383060033,0.33964430042752186
256864418,6526,A,A,0.259482019770083,0.21865571108530818,0.5218622691446089
256864419,6526,A,H,0.5987444467275507,0.27356605016291313,0.12768950310953625
256864420,6526,H,H,0.5559854991416255,0.25908158723521374,0.18493291362316078
256864421,6526,A,A,0.3179800698936138,0.24587971605301054,0.43614021405337566
256864422,6526,A,A,0.1954267393377449,0.2478282341165574,0.5567450265456976
256864423,6526,D,H,0.7660160983876182,0.1755563972320364,0.0584275043803454
256864424,6526,D,H,0.5442945406822131,0.2939548863943416,0.16175057292344536
256864425,6526,A,A,0.23680581021407757,0.28668566499817344,0.47650852478774886
256864426,6526,H,A,0.21860176162286166,0.26084012571535253,0.5205581126617858
256864427,6526,D,A,0.2133868112835757,0.2780038915044769,0.5086092972119475
256864428,6526,H,H,0.49881278790494793,0.24474148214841634,0.2564457299466357
256864429,6526,A,H,0.5403742860033591,0.28530784844775015,0.1743178655488907
256864430,6526,D,A,0.216918399374094,0.35082448845821024,0.4322571121676957
256864431,6526,A,A,0.21664225410700308,0.26537307493138007,0.5179846709616167
256864432,6526,A,A,0.24496362851756537,0.210110960441828,0.5449254110406067
256864433,6526,A,A,0.3087327116459003,0.34392949674727397,0.3473377916068258
256864434,6526,H,A,0.2595816857428961,0.3036005375601709,0.43681777669693295
256864435,6526,H,H,0.6112282621160294,0.24889436434912082,0.13987737353484983
256864436,6526,H,H,0.46659820609721187,0.3020338371762632,0.23136795672652488
256864437,6526,A,A,0.23143840181483866,0.26316970865433653,0.5053918895308248
256864438,6526,H,H,0.46689757642237484,0.25916173729462055,0.2739406862830045
256864439,6526,D,H,0.41553948791938844,0.2601384893897038,0.3243220226909079
256864440,6526,H,H,0.6122776021451674,0.2657161950156976,0.12200620283913508
256864441,6526,H,H,0.5006030533412976,0.29403487470567746,0.20536207195302483
256864442,6526,H,H,0.43995765144234017,0.24332104455848025,0.31672130399917964
256864443,6526,H,H,0.4529284479441878,0.24902381353288214,0.2980477385229301
256864444,6526,H,A,0.3097042070973636,0.22664733660048195,0.4636484563021544
256864445,6526,D,D,0.33398013032051616,0.36992694944700955,0.29609292023247435
256864446,6526,A,A,0.14580644144620886,0.2591476600985932,0.595045898455198
256864447,6526,A,A,0.2669526819033036,0.3056779394629258,0.4273693786337705
256864448,6526,A,A,0.2051478532066946,0.2879423953747742,0.5069097514185311
256864449,6526,H,H,0.6805870340855352,0.2308678717568228,0.08854509415764196
256864450,6526,A,D,0.3396935138193209,0.37144152174422124,0.2888649644364578
256864451,6526,A,H,0.39519729643309054,0.3490309128598055,0.25577179070710393
256864452,6526,D,H,0.5415415843989383,0.28376308993404337,0.17469532566701831
256864453,6526,H,A,0.2976387125416313,0.34407938759570356,0.3582818998626651
256864454,6526,A,A,0.14968682663709673,0.2677488350129136,0.5825643383499897
256864455,6526,A,H,0.387161939453941,0.28350943881309404,0.3293286217329649
256864456,6526,A,A,0.2927509877789386,0.33698700864961917,0.37026200357144223
256864457,6526,D,H,0.39995304780158913,0.31804505048658616,0.2820019017118247
256864458,6526,A,A,0.2822354608008789,0.300410264713209,0.41735427448591206
262683378,6484,A,A,0.14422747127688262,0.232812698279108,0.6229598304440094
262683379,6484,D,A,0.3022684618712686,0.23670484655073243,0.4610266915779991
262683380,6484,A,H,0.38646763618002244,0.2753337194190944,0.33819864440088304
262683381,6484,D,A,0.3119831172871471,0.19917486871473167,0.48884201399812116
262683382,6484,D,H,0.7096130317311244,0.20042468370764016,0.0899622845612354
262683383,6484,H,H,0.5408816544028549,0.26957385147850765,0.18954449411863752
262683384,6484,H,H,0.7301134304185997,0.17581085353790907,0.09407571604349123
262683385,6484,H,H,0.36778172405005904,0.2905091832752114,0.3417090926747296
262683386,6484,A,A,0.09167782581539022,0.16633483234327368,0.7419873418413362
262683387,6484,H,H,0.4558527074399703,0.19989219259165839,0.3442550999683713
262683388,6484,A,A,0.3558290197386556,0.20885804512756317,0.43531293513378133
262683389,6484,D,H,0.6518453238453336,0.21490356996724114,0.13325110618742528
262683390,6484,A,H,0.5298072661578631,0.22510186236936608,0.24509087147277092
262683391,6484,A,H,0.39992228986704653,0.248277914876157,0.3517997952567964
262683392,6484,A,H,0.4556303010272535,0.21611269650366816,0.32825700246907835
262683393,6484,H,A,0.2246912270024052,0.1821619263270121,0.5931468466705828
262683394,6484,H,H,0.5208198478805726,0.24810142029990162,0.23107873181952573
262683395,6484,H,H,0.5838926465272253,0.16689841848233672,0.24920893499043809
262683396,6484,D,A,0.3467967768136859,0.25188390276008815,0.4013193204262259
262683397,6484,A,A,0.3111771926662073,0.25408024379547184,0.4347425635383209
262683398,6484,H,H,0.5980788250743936,0.1942169505543501,0.2077042243712562
262683399,6484,D,H,0.6743591499602778,0.15750012885667436,0.16814072118304796
262683400,6484,H,H,0.47545459377698085,0.2144055802855507,0.3101398259374686
262683401,6484,D,H,0.5376750435175471,0.2343127696405415,0.22801218684191138
262683402,6484,H,A,0.2596316206572402,0.2609607812362101,0.4794075981065497
262683403,6484,A,A,0.30057886686158436,0.2137300697886475,0.48569106334976797
262683404,6484,H,H,0.5818277403527224,0.21656266328007945,0.2016095963671981
262683405,6484,H,H,0.46498482357848514,0.26518903451462084,0.269826141906894
262683406,6484,A,A,0.18213165544752333,0.26394940104150083,0.5539189435109759
262683407,6484,H,H,0.6398623114819397,0.23181247006701775,0.1283252184510425
262683408,6484,A,H,0.3900174638663229,0.2643479545073087,0.34563458162636845
262683409,6484,D,H,0.6395293475878415,0.1847631341447504,0.1757075182674081
262683410,6484,H,H,0.4418157576065016,0.2876539111380445,0.27053033125545395
262683411,6484,H,H,0.4120347780053366,0.20891132726658482,0.37905389472807854
262683412,6484,D,H,0.3838587899684947,0.24151198160294135,0.374629228428564
262683413,6484,H,H,0.3751911135647024,0.34211647308088866,0.2826924133544089
262683414,6484,A,H,0.4832073871330721,0.2477515630020938,0.26904104986483407
262683415,6484,H,H,0.5540911973286516,0.2045211836934964,0.24138761897785196
262683416,6484,H,H,0.6615757673640373,0.23335076966383883,0.10507346297212386
262683417,6484,A,H,0.5807679351597885,0.18434123631758342,0.234890828522628
262683418,6484,A,H,0.47303236289223394,0.2265374676932804,0.30043016941448564
262683419,6484,A,A,0.30407941255002524,0.3130111153326551,0.3829094721173196
262683420,6484,H,H,0.5561384621708302,0.21145348960216362,0.23240804822700617
262683421,6484,A,A,0.38586996906832843,0.21029129015543416,0.4038387407762373
262683422,6484,D,H,0.5431747944600966,0.1748489195574477,0.2819762859824556
262683423,6484,H,A,0.3118523783691023,0.2613534653583723,0.4267941562725254
262683424,6484,D,H,0.385873790071931,0.23285910670555304,0.38126710322251595
262683425,6484,A,A,0.1522847486102956,0.1994847512607972,0.6482305001289071
262683426,6484,A,H,0.43320233533419455,0.22714920780557513,0.3396484568602304
262683427,6484,A,A,0.3852953999678739,0.21954734127407555,0.39515725875805063
262683428,6484,A,H,0.41577879304135357,0.2958139376503518,0.2884072693082947
262683429,6484,H,H,0.6364363318689465,0.25170633015152355,0.11185733797952999
262683430,6484,D,A,0.09502609069160038,0.22082080782349606,0.6841531014849036
262683431,6484,A,H,0.5115454160824136,0.2415419767638798,0.2469126071537066
262683432,6484,H,A,0.257910271947295,0.19246528414077205,0.549624443911933
262683433,6484,H,H,0.6474486618301203,0.17470058053413498,0.1778507576357447
262683434,6484,A,H,0.6257707718064545,0.19683417323159152,0.17739505496195399
262683435,6484,H,H,0.4749306275530656,0.20120593207313192,0.32386344037380244
262683436,6484,D,H,0.5944426171139412,0.2377168728546907,0.1678405100313682
262683437,6484,A,A,0.06424693002561171,0.15140962666140953,0.7843434433129789
263274543,6597,D,H,0.3641873815884081,0.27337575050174473,0.3624368679098473
263274544,6597,H,H,0.4973540403058389,0.278201690482613,0.22444426921154811
263274545,6597,H,H,0.5625055951862385,0.2846824488917548,0.15281195592200664
263274546,6597,D,H,0.6676946787199108,0.22353737514490302,0.10876794613518605
263274561,6597,D,H,0.48602954546767924,0.24519741772615786,0.26877303680616277
263274562,6597,A,A,0.09383509270931747,0.1436995457319449,0.7624653615587377
263882437,6597,D,A,0.3482565009798686,0.27984209581572245,0.37190140320440895
263882445,6597,D,A,0.22385267945790097,0.24545899092433213,0.5306883296177669
263882449,6597,H,H,0.5028991875859107,0.24287306845482215,0.25422774395926717
267675950,6597,A,H,0.6361752135057949,0.2505678552215626,0.11325693127264248
268189308,6597,H,A,0.25178008262686297,0.29753990810697517,0.45068000926616186
268189312,6597,H,H,0.7325254249756488,0.1470843989739865,0.1203901760503646
268189324,6597,H,H,0.47375087554901657,0.288069827881935,0.23817929656904846
268189325,6597,A,A,0.29318512743483766,0.27872558948726184,0.42808928307790045
268189326,6597,H,H,0.6108043747580747,0.2526242440315721,0.13657138121035312
268189350,6597,A,H,0.4641811258614398,0.26545605158264945,0.2703628225559108
268738334,6597,D,A,0.32675711339786406,0.3282286659253853,0.34501422067675064
268738349,6597,D,H,0.476116988184671,0.30876715639503655,0.2151158554202926
271892656,6597,D,H,0.4535367148982179,0.33292442536416317,0.21353885973761896
272454978,6597,H,H,0.5213765925078293,0.24012222986552714,0.23850117762664352
272454979,6597,A,H,0.3758038925977472,0.26381205254393664,0.36038405485831604
272454981,6597,D,H,0.5325129016479251,0.2735987930883931,0.1938883052636818
272454985,6597,D,A,0.18104221804238058,0.202653318102468,0.6163044638551514
272454990,6597,D,H,0.3720560018341508,0.34662451790221643,0.28131948026363285
273017251,6597,A,H,0.537231621250956,0.2775679564176125,0.18520042233143136
273017264,6597,D,H,0.4009636316059185,0.26705762999159083,0.33197873840249076
273017270,6597,D,A,0.29661097491672284,0.2652010631480398,0.4381879619352373
276523514,6597,D,H,0.473700155440871,0.29563746566544963,0.23066237889367938
277107769,6597,H,H,0.7806779184208112,0.1287862425449841,0.09053583903420463
277107773,6597,A,A,0.31473058935457915,0.31569235026993253,0.3695770603754884
277107774,6597,A,A,0.25714909347605,0.243722073318541,0.49912883320540896
277107775,6597,A,H,0.5163621086123364,0.28859939585328487,0.19503849553437866
277107776,6597,D,H,0.443697821950841,0.2616856162402408,0.2946165618089182
277699963,6597,H,H,0.5339467889061953,0.2656446356818271,0.20040857541197757
277699967,6597,D,H,0.6115264437873176,0.23790608304678632,0.15056747316589605
277699970,6597,A,H,0.5204074180938004,0.24630435389102417,0.23328822801517546
281601305,6597,A,A,0.31374645654514755,0.3322421207162537,0.3540114227385987
281601306,6597,A,H,0.4114113863674251,0.2943224565045729,0.29426615712800197
281601307,6597,A,H,0.4146302241675202,0.27327000370461824,0.31209977212786155
281601308,6597,H,H,0.6440075968595119,0.2441134000677015,0.11187900307278666
281601309,6597,A,A,0.10229776711169025,0.15017207317191233,0.7475301597163976
281601310,6597,A,H,0.5834212882967412,0.2638555539557568,0.152723157747502
281601311,6597,A,A,0.3273439361215218,0.2936140714643207,0.3790419924141574
281601312,6597,D,A,0.3872667452473102,0.2194764054555345,0.3932568492971554
281601313,6597,A,H,0.5079419859367003,0.2330539968637897,0.25900401719951005
