fixture_id,season_id,y_true,y_pred,p_home,p_draw,p_away
45213654,4629,H,H,0.55509347279602,0.19652474899696715,0.24838177820701288
45213655,4630,D,A,0.2859329022703182,0.26313170924909496,0.45093538848058684
45213667,4634,A,H,0.48642181280298624,0.2813516194483642,0.2322265677486496
45213671,4629,H,H,0.40428114981269686,0.2398721344788599,0.3558467157084433
45213674,4634,D,H,0.39623261241673896,0.29892445916233346,0.3048429284209277
45213685,4634,H,H,0.4912319243230513,0.2755179295800794,0.2332501460968693
45213692,4630,H,H,0.5392717159751693,0.18830035467849793,0.2724279293463327
45213693,4634,H,H,0.5431253131068887,0.2419601475309253,0.21491453936218594
45213703,4629,H,H,0.37543763065753805,0.31954873108430715,0.3050136382581548
45213709,4630,D,H,0.47665716810135744,0.2029447689320805,0.320398062966562
45213715,4629,A,H,0.47338400759953486,0.22366265379586456,0.30295333860460066
45213716,4629,A,H,0.3461775275751688,0.3244560382279242,0.32936643419690703
45213717,4629,D,H,0.4081972551194829,0.25335185402579474,0.33845089085472235
45213731,4634,A,H,0.39188779973596244,0.3167045876213244,0.2914076126427131
45213739,4634,D,H,0.40633734766595236,0.28049555910622487,0.31316709322782277
45213743,4629,H,H,0.4887249490026882,0.23324071399237442,0.27803433700493735
45213757,4630,H,H,0.4693211438689396,0.2261159815712278,0.30456287455983255
45213771,4634,D,H,0.44702644880720926,0.22869924121782842,0.3242743099749623
45213780,4629,D,H,0.4830372332196293,0.23958403931401434,0.27737872746635633
45213781,4634,A,H,0.36795440501668236,0.3350376870768409,0.2970079079064767
45213786,4630,H,H,0.5533899235099589,0.2083269415943801,0.238283134895661
45213801,4630,D,H,0.4131850257295803,0.2327859346867536,0.3540290395836661
45213802,4630,H,H,0.4728956379806935,0.23281608052763575,0.2942882814916708
45213803,4630,A,H,0.3750250459861436,0.2599579798889975,0.36501697412485895
45213804,4630,A,A,0.32705583399413507,0.29522077892347853,0.37772338708238634
45213851,4634,A,H,0.4692846330715067,0.24838614807078663,0.28232921885770673
45213868,4630,A,A,0.3311675230671495,0.2754862903482096,0.3933461865846409
45213869,4629,D,A,0.3384884503899525,0.3138386603347673,0.3476728892752801
45213871,4634,A,H,0.45005914816618164,0.2915683335427943,0.25837251829102403
45346864,4634,H,H,0.4912512632402973,0.26481325581171333,0.24393548094798934
45346865,4630,H,H,0.443848893599116,0.2524321259783691,0.3037189804225148
45346866,4634,A,H,0.4369256953965732,0.3173259848801295,0.24574831972329728
45346869,4675,A,H,0.46037481558827176,0.2747150989533556,0.2649100854583727
45566305,4630,H,H,0.38952676053293595,0.2574280069546076,0.35304523251245656
45566306,4724,A,A,0.3681301801012397,0.23044376830491056,0.40142605159384986
45566307,4634,D,H,0.5619890300410765,0.2763158295683654,0.16169514039055805
45566308,4630,A,A,0.2834653869484453,0.26272548529656353,0.45380912775499116
45566309,4630,H,H,0.5182915256723659,0.18592927994418432,0.29577919438344974
45566310,4630,A,H,0.4338093452058022,0.28883301456863386,0.277357640225564
45566311,4675,H,H,0.4694566978660856,0.2523473822641967,0.2781959198697177
45566312,4675,D,H,0.44698612105131397,0.2599184563450608,0.2930954226036253
45566313,4675,A,H,0.45228799052051016,0.22894038092209362,0.31877162855739616
45566314,4675,H,H,0.42475412440405513,0.2666407305664428,0.3086051450295021
45566315,4675,H,H,0.4373225515794901,0.2750921274035483,0.28758532101696144
45566316,4675,H,H,0.5860052646858062,0.1784100407913041,0.23558469452288971
45566317,4724,A,H,0.38135530237008064,0.2445036044213066,0.3741410932086127
45566319,4634,A,A,0.33181285285087264,0.30364816083904694,0.3645389863100804
45566377,4724,A,H,0.35351208567237546,0.3095727834101679,0.33691513091745656
45566378,4724,H,H,0.47841767324458373,0.23326633903830118,0.28831598771711503
45566379,4630,H,H,0.44721746577881977,0.1889655513715007,0.36381698284967945
45566381,4634,A,H,0.5887610278417321,0.2593479666495169,0.1518910055087509
45952291,4634,D,H,0.3713238897630214,0.2997354392976774,0.3289406709393013
45952295,4630,H,A,0.36047752229141855,0.22002807596807417,0.41949440174050723
45952296,4630,H,H,0.5104352912691426,0.21666308936597692,0.2729016193648806
45952297,4634,H,H,0.4569364093316685,0.294248991597347,0.24881459907098444
45952299,4724,D,H,0.42102624630012025,0.2513260153839807,0.327647738315899
45952302,4634,H,H,0.4818579239029587,0.28634373960936144,0.23179833648767992
45952303,4724,H,A,0.3479693671530876,0.29909860117173404,0.3529320316751784
45952304,4724,A,H,0.42255139073365555,0.28434931455921647,0.2930992947071281
45952306,4724,A,A,0.3017079813462778,0.27169961101089735,0.42659240764282497
46247431,4634,A,A,0.37382746486848023,0.24861151056343955,0.37756102456808033
46247432,4630,A,H,0.5035068430932728,0.20786079891927567,0.28863235798745157
46247433,4724,A,H,0.3899738628653688,0.29458849269846443,0.3154376444361668
46247434,4634,H,D,0.3579277992421049,0.3620437923652326,0.2800284083926626
46247435,4724,D,H,0.4485660695003921,0.24053584424872906,0.3108980862508788
46860489,4629,D,A,0.31951211922060885,0.24111090553029388,0.4393769752490973
46860494,4629,A,H,0.414784565242132,0.26208441854103764,0.3231310162168304
47011584,4629,D,A,0.18192318797462065,0.25450524416336856,0.5635715678620108
47011640,4630,A,H,0.49354890192443657,0.27091019796093674,0.23554090011462667
47035890,4675,H,A,0.24516430805169365,0.20865207773268313,0.5461836142156232
47035914,4629,D,A,0.2516815041329868,0.2523255101251264,0.4959929857418867
47035918,4629,D,H,0.37911475259405686,0.3141466233599513,0.30673862404599184
47035919,4629,H,D,0.3014573752766763,0.3616212551766151,0.3369213695467086
47035920,4629,H,A,0.34940269454132866,0.24287022923325013,0.40772707622542126
47035921,4629,A,A,0.3474808927775827,0.215829654755153,0.43668945246726437
47035922,4629,H,H,0.48681309281438645,0.2505931964723669,0.2625937107132467
47262759,4675,A,H,0.4035561554129896,0.22735446542682594,0.3690893791601844
47262760,4675,H,H,0.6350747994976953,0.21916750357405962,0.14575769692824514
47262761,4675,A,H,0.441872669202039,0.21798684861895506,0.34014048217900594
47262762,4675,D,A,0.22177075083217523,0.2678663170282026,0.5103629321396221
47262763,4675,A,A,0.33450631295208394,0.2136479209694441,0.451845766078472
47262764,4675,A,A,0.339236340133875,0.2193286256583216,0.44143503420780356
47262765,4724,H,A,0.24131644306443828,0.16684535356545085,0.5918382033701108
47262766,4724,H,H,0.38690087337018164,0.2968166703018549,0.3162824563279634
47262767,4724,H,H,0.4017891170354726,0.3278268459553922,0.27038403700913527
47262768,4724,H,H,0.47066065227058196,0.2543277205276106,0.27501162720180744
47652443,4675,H,H,0.5189101135991524,0.18929681180889096,0.29179307459195664
47652730,4675,H,H,0.40513748450521136,0.2809032828024733,0.3139592326923154
47702745,4724,H,H,0.5431715360914924,0.2093375163874539,0.2474909475210537
47702746,4724,A,H,0.5058174620190491,0.29473040796436445,0.1994521300165865
47702747,4724,D,H,0.5474201354991712,0.24748500388601077,0.20509486061481805
47702748,4724,D,H,0.5549723954729975,0.20494183861287693,0.24008576591412562
47702749,4675,H,H,0.690749158711187,0.16881850528151088,0.14043233600730207
47702752,4675,D,A,0.33068115408936666,0.24520632218565144,0.4241125237249818
47751291,4634,H,H,0.4115328228664276,0.3011721636915034,0.287295013442069
47751292,4634,A,H,0.5136891020829242,0.27520756418803916,0.2111033337290366
47751293,4634,A,H,0.530687376433752,0.23533874034968882,0.23397388321655926
47751294,4630,A,H,0.49361746324981354,0.22762889909686337,0.2787536376533231
47751295,4629,A,H,0.5815430001371451,0.26021039836263277,0.15824660150022216
47751296,4629,H,H,0.35514469292711603,0.2912506417902428,0.3536046652826412
47751297,4630,H,A,0.3959914144815054,0.19873695047542714,0.40527163504306757
47751298,4634,A,D,0.30768776100379946,0.3599490915861972,0.3323631474100033
47751299,4629,H,A,0.37299795825272947,0.19826677474020757,0.428735267007063
47751300,4630,A,H,0.5989778526391716,0.2622676506743093,0.1387544966865192
47751301,4634,D,H,0.4550990939874278,0.2486881744919775,0.2962127315205946
47751302,4630,A,H,0.42514277678421497,0.20712578769677825,0.3677314355190069
47751303,4630,D,H,0.5538676867491545,0.27809251823539827,0.1680397950154471
47751304,4630,D,H,0.6190100183774957,0.19890773925601485,0.18208224236648957
47751305,4630,A,A,0.3572971661427413,0.2104984458904606,0.4322043879667981
47751306,4634,A,A,0.26942557589206356,0.26936468682619064,0.4612097372817458
48065885,4629,D,H,0.3890747156720671,0.22842198253624865,0.38250330179168424
48065886,4629,H,A,0.33735796393765133,0.23432921373740853,0.42831282232494017
48065887,4629,H,H,0.36564157489660654,0.29007117526861526,0.3442872498347781
48065888,4629,D,A,0.1727274023578027,0.1803987631450268,0.6468738344971705
48065889,4634,A,H,0.44418095478259695,0.3005922908613265,0.2552267543560765
48065890,4724,A,A,0.2658344847995808,0.307170070722987,0.42699544447743215
48065891,4724,D,H,0.5439547411514775,0.24518880685449934,0.21085645199402317
48065901,4630,A,A,0.21197200810910458,0.2297005051633601,0.5583274867275353
48065902,4630,A,A,0.2437620053349731,0.2474520612878606,0.5087859333771663
48065913,4630,H,H,0.42435208849591644,0.3205927544156537,0.25505515708842985
48065915,4634,H,H,0.46170231747781254,0.3066219913814248,0.23167569114076259
48065916,4634,D,A,0.3760442250602655,0.20311824759122135,0.420837527348513
48320126,4634,H,A,0.3146382976628867,0.2237365615085993,0.461625140828514
48585558,4629,D,H,0.5955978043745207,0.24546907425290176,0.15893312137257756
48585559,4629,A,H,0.40981654808318446,0.2718894748031992,0.31829397711361646
50341982,4634,A,H,0.4635313422692294,0.29275195982962976,0.2437166979011408
50341983,4629,D,A,0.2256819759531311,0.29021726840149764,0.48410075564537114
50341984,4630,A,A,0.21113892619926775,0.17024384839007983,0.6186172254106524
50341985,4724,A,A,0.20603122399139379,0.3128828827495826,0.48108589325902357
50341986,4675,D,H,0.6357809905341236,0.17191736626197335,0.192301643203903
50341987,4634,H,A,0.34761630049749165,0.2528754334241446,0.3995082660783636
50341988,4724,H,A,0.2767023934158866,0.2504452642198444,0.4728523423642689
50595133,4629,H,D,0.38594655251073356,0.3970697709997,0.2169836764895664
50595134,4634,H,H,0.47868471565047,0.2930808154724201,0.22823446887710994
50595135,4724,A,H,0.571347235588555,0.2838608392140821,0.1447919251973629
50595136,4724,H,H,0.47963005220791105,0.24487079093230227,0.2754991568597866
50595137,4724,D,A,0.3025052094656474,0.25348403456665053,0.4440107559677021
50595138,4724,H,H,0.4589916873257217,0.2597394487299419,0.2812688639443364
50595139,4675,A,A,0.17785414254915533,0.3471988176938175,0.4749470397570271
50595140,4634,H,H,0.3734095931395028,0.3245428765010156,0.3020475303594817
50595141,4630,H,H,0.42972139033842405,0.2880750273593734,0.2822035823022026
50595142,4634,H,H,0.6122627638200107,0.26946135647571684,0.11827587970427256
50595153,4630,A,H,0.4072211098043701,0.2503894210250551,0.34238946917057483
50595154,4630,A,A,0.24267848489086535,0.2165575550188077,0.540763960090327
50595155,4630,D,H,0.6141006501235796,0.20486432001811317,0.18103502985830716
50595156,4675,H,H,0.4853943316875855,0.3553188061332779,0.15928686217913657
50595157,4675,D,H,0.4412218887960733,0.4030800531977801,0.15569805800614658
50595158,4675,H,H,0.43474443181341965,0.1996114805556116,0.3656440876309687
50595159,4675,H,H,0.42461973929916186,0.2950546188433354,0.28032564185750264
50595160,4675,H,H,0.5728590943903344,0.3014486365427896,0.12569226906687597
50595161,4634,H,H,0.498194635203463,0.2159179300899932,0.28588743470654365
50595163,4630,D,H,0.4766740036603863,0.2431728610572734,0.2801531352823404
50595165,4629,D,A,0.2458663009447998,0.2900420009518768,0.46409169810332346
50595211,4630,H,H,0.6475394117830923,0.18160404270464872,0.170856545512259
50846751,4634,A,A,0.3475597227770455,0.2940891321774629,0.35835114504549154
50846752,4724,H,H,0.39340224250734995,0.307413565650264,0.29918419184238604
50846753,4724,A,A,0.2631444967020042,0.20873242019192345,0.5281230831060723
50846754,4629,A,A,0.2951541801455032,0.24700433423365947,0.45784148562083726
50846756,4724,H,H,0.42347741864450444,0.24228061258604175,0.33424196876945383
50846757,4724,H,H,0.5064867210809529,0.20695157865924144,0.28656170025980554
50846758,4634,H,H,0.6209576638418696,0.21622348121316234,0.16281885494496806
50846759,4675,A,H,0.3766213751399026,0.36904760134133435,0.25433102351876297
50846760,4629,H,A,0.3544678262083117,0.23437509645844054,0.41115707733324774
50846762,4634,D,A,0.32957126592038277,0.27986844979284925,0.390560284286768
50846764,4675,D,H,0.4944944187693658,0.23533448222222722,0.27017109900840686
50846765,4629,H,A,0.2424762178268965,0.2736604511960382,0.48386333097706535
50846766,4629,H,A,0.2849439092778826,0.24628031262755956,0.468775778094558
50846767,4630,H,H,0.4133835985944285,0.2406858894687871,0.34593051193678437
50846768,4630,H,H,0.5355947804471571,0.17954946441829261,0.28485575513455025
50846769,4634,H,H,0.5596510684992433,0.2680904339265426,0.1722584975742142
50846771,4629,D,H,0.4000172312749169,0.2806728856126552,0.31930988311242786
50846808,4630,H,H,0.4964239554837197,0.25609125309884895,0.2474847914174314
51054878,4629,D,A,0.2976365335608114,0.2991037060236269,0.4032597604155617
53333849,4675,D,H,0.49404261111671627,0.2368879101245717,0.269069478758712
53333850,4634,H,H,0.360496509266216,0.32415453666704147,0.31534895406674246
53608635,4724,D,A,0.2254300281971231,0.2719597515125253,0.5026102202903515
53608640,4675,D,H,0.35140545501790005,0.32217941820692203,0.326415126775178
53608641,4634,A,H,0.3984385969935659,0.31953455932058805,0.28202684368584613
53608642,4724,H,H,0.5742618173238464,0.22260425909738135,0.20313392357877227
53608645,4634,H,H,0.46605611017696097,0.2916256985605701,0.242318191262469
53608650,4630,A,A,0.24066949848571872,0.19922490150259461,0.5601056000116867
53608651,4630,H,H,0.417614105158714,0.2665275593466663,0.31585833549461967
53608652,4630,H,H,0.3660598005549744,0.3052390838613689,0.3287011155836566
53608653,4675,A,A,0.11691524891544638,0.2273892642414236,0.6556954868431301
53608654,4675,A,A,0.3497190224555663,0.2871356938785886,0.3631452836658451
53608655,4724,H,H,0.5853616779918376,0.23698140921234778,0.17765691279581464
53608657,4634,H,H,0.4266493027269455,0.30934596698721073,0.2640047302858438
53608658,4630,A,A,0.1581726077142379,0.2373546148816672,0.6044727774040949
53608661,4634,H,H,0.5251099185418805,0.2889331998040466,0.18595688165407287
53608662,4675,A,A,0.3808170132993871,0.21193795427379214,0.4072450324268208
53608664,4675,H,H,0.6073343087430797,0.23794715079596196,0.15471854046095831
53608667,4675,H,H,0.40979640248498256,0.25427202154184775,0.33593157597316964
53608668,4630,H,H,0.6413825953019842,0.2248942545291487,0.13372315016886713
53608676,4630,A,A,0.24571109406849218,0.2398843206373597,0.5144045852941481
53608692,4630,A,A,0.2980429665758083,0.24835686085527856,0.45360017256891305
54121595,4724,H,H,0.4576859434585909,0.2947671443716109,0.24754691216979813
54121597,4634,H,H,0.3960438570984628,0.34113636170172423,0.262819781199813
54121598,4724,H,A,0.34788303522665054,0.30100248284215997,0.35111448193118944
54121599,4675,D,A,0.27532215699977663,0.2832928742398461,0.44138496876037725
54121600,4630,H,A,0.32379581349126224,0.25973109451432097,0.41647309199441673
54121602,4634,H,H,0.48052106096405955,0.29663275222423663,0.22284618681170376
54121603,4675,H,A,0.35060381041984334,0.27512063353349925,0.3742755560466573
54121604,4724,D,A,0.292063987170502,0.2611069153424025,0.44682909748709543
54121605,4724,H,H,0.4371403320115456,0.23322555175321386,0.3296341162352406
54121606,4629,A,H,0.3694141965892201,0.29717801973937336,0.3334077836714066
54121607,4630,D,A,0.3358764483228676,0.24149183149810807,0.42263172017902423
54121610,4724,D,H,0.4110932622844013,0.25283712157948174,0.3360696161361169
54121612,4634,H,A,0.2049442404086839,0.21804826109503747,0.5770074984962786
54121618,4634,H,H,0.37806894626374365,0.2771481118835857,0.3447829418526706
54121624,4629,A,H,0.3982501227407902,0.30147061659026303,0.3002792606689468
54121625,4629,D,A,0.33720865438472897,0.2504374536695868,0.41235389194568417
54585703,4634,A,A,0.28955482272806105,0.3444087028685895,0.3660364744033495
54585704,4630,D,H,0.5771839861648265,0.22097573673839332,0.2018402770967802
54585707,4724,A,H,0.4060490773728328,0.30057668289405853,0.2933742397331088
54585734,4724,D,H,0.40232765593731684,0.30808561811417307,0.2895867259485101
54638919,4629,D,H,0.514385122441843,0.2642441841399428,0.22137069341821425
54638920,4629,D,A,0.23900881898185744,0.2165549995452528,0.5444361814728896
54638921,4629,A,H,0.3821851455692149,0.26410575794189395,0.3537090964888911
54638922,4629,D,H,0.5689805382270975,0.22484362037543057,0.20617584139747186
54638923,4629,A,H,0.5155724396820158,0.2477467763165321,0.23668078400145212
54856821,4629,D,A,0.23901244820164025,0.2707557273029015,0.49023182449545816
55517686,4629,A,H,0.4375985411874618,0.309887014771921,0.25251444404061724
55517687,4724,H,H,0.4995455831491368,0.27461435001020196,0.22584006684066119
55517688,4675,H,H,0.6785809289307588,0.23747794222316146,0.08394112884607975
55517714,4724,D,A,0.3066902918524135,0.285429504541109,0.4078802036064775
55517716,4634,A,A,0.32374695223623523,0.2929266391784164,0.38332640858534833
55781141,4629,H,H,0.5358995169744866,0.2523388944610049,0.21176158856450858
55781143,4630,A,A,0.25960086312176167,0.3093765972437508,0.43102253963448756
55781148,4675,H,H,0.4640257852715186,0.28062002842899064,0.25535418629949075
55781149,4630,A,H,0.6048069839675899,0.1997952325475828,0.19539778348482734
55781154,4629,H,A,0.3007705524018379,0.2878120304704796,0.4114174171276825
55781161,4630,D,H,0.39410591934175326,0.2157392070381172,0.39015487362012946
55781162,4630,D,H,0.5416077841482848,0.22923480993246365,0.22915740591925163
55781163,4675,A,A,0.15477236211116532,0.28657501873954794,0.5586526191492869
55781164,4675,A,H,0.40534234391222246,0.28781530231109886,0.3068423537766786
55781165,4675,H,H,0.6101051700148025,0.19323457987091752,0.19666025011427996
55781166,4675,H,H,0.7170035342288116,0.1971904635571626,0.08580600221402578
55781172,4675,H,H,0.471494947157956,0.3286815015476476,0.19982355129439636
55781174,4634,D,A,0.2889479375590462,0.30317095872888195,0.40788110371207187
55781175,4724,D,H,0.46778958220442474,0.2562112100308163,0.275999207764759
55781177,4634,H,H,0.6992815400222169,0.2107392715477027,0.08997918843008045
55781178,4724,H,A,0.1864788649965274,0.30392307541091,0.5095980595925624
55781180,4634,D,H,0.4459614845842814,0.27864475273768996,0.27539376267802856
55781181,4630,H,H,0.6545756077893131,0.19057527430213125,0.15484911790855563
55781183,4724,H,H,0.5136567875491842,0.3005170486091849,0.1858261638416309
55781184,4634,H,H,0.5833424495044541,0.2680929776102222,0.14856457288532368
56297591,4629,H,H,0.5233738852115152,0.24239222540378916,0.2342338893846956
56297594,4675,D,H,0.5601939747570741,0.2317553425292906,0.2080506827136353
56297595,4630,A,A,0.2775971791084587,0.23551553008629064,0.48688729080525067
56297596,4629,D,A,0.3084126910526289,0.2735700268737914,0.4180172820735797
56297603,4675,H,H,0.5568662438190477,0.28362515331218835,0.15950860286876398
56297604,4629,H,H,0.5456026289712318,0.23359075670696408,0.2208066143218041
56297610,4629,A,H,0.3739161486399462,0.3191526339462504,0.30693121741380347
56297613,4629,H,A,0.3564087568899229,0.27362908166252525,0.36996216144755195
56297614,4630,H,H,0.5735284336175767,0.21372561892459124,0.2127459474578321
56297615,4630,H,H,0.6765797809753475,0.21420066241455188,0.10921955661010059
56297622,4724,D,A,0.3442412082278983,0.21930718738937427,0.43645160438272734
56297623,4724,D,A,0.3383728832192252,0.2440433531686035,0.4175837636121715
56297624,4724,A,A,0.2700455113536883,0.2253675595964299,0.5045869290498818
56297625,4724,H,H,0.582211126059374,0.2621261116659809,0.15566276227464512
56297629,4724,A,A,0.06185802270363119,0.16538972307827762,0.7727522542180912
56297630,4634,H,H,0.4973964541747508,0.269408633557833,0.23319491226741618
56297631,4634,H,H,0.40862804147311405,0.24339916392720756,0.34797279459967845
56297633,4634,D,H,0.37531195048243715,0.3415428997110816,0.2831451498064812
56297641,4634,D,H,0.3722425038319972,0.32159094833451823,0.3061665478334846
56297643,4630,A,H,0.391748950188596,0.22109489023109105,0.38715615958031296
56297644,4630,D,H,0.4030391248569238,0.21503806476371773,0.38192281037935855
56297646,4634,H,H,0.4952950250685244,0.2898492785775243,0.21485569635395127
57052120,4629,A,A,0.36096998068819364,0.26335079448646287,0.37567922482534355
58704532,4634,H,H,0.4775549586623439,0.2825762461747569,0.23986879516289927
58704533,4634,D,A,0.2172178257284598,0.27696638335959406,0.5058157909119461
58704534,4724,H,H,0.44109108760871174,0.2871947864952316,0.2717141258960566
58792046,4629,H,H,0.5686147308309127,0.20517060679668772,0.22621466237239957
58792047,4675,H,H,0.3956254057581646,0.3000070170649127,0.30436757717692264
58792048,4629,A,A,0.29715102417605843,0.2987774720281942,0.4040715037957474
58792049,4629,D,H,0.4469440901658748,0.25458231880662663,0.29847359102749854
58792050,4630,D,H,0.38681710994313,0.24811822486038373,0.36506466519648617
58792051,4629,H,H,0.5725377746803553,0.2666328633670736,0.16082936195257108
58792052,4629,H,H,0.5255948486724734,0.2707059905661976,0.20369916076132907
58792053,4675,D,A,0.3477582285484384,0.22936479101575316,0.4228769804358084
58792054,4630,H,H,0.41070292568949085,0.23109194891694965,0.35820512539355953
58792055,4629,D,A,0.1841775035920686,0.21568962509576717,0.6001328713121643
58792056,4630,H,A,0.10887940881220028,0.20732424643459932,0.6837963447532005
58792057,4630,A,H,0.4246260687972073,0.24414175330663715,0.3312321778961554
58792058,4630,A,A,0.18386590871574288,0.2439618361317815,0.5721722551524756
58792059,4675,H,H,0.3625762684452064,0.3187721902530997,0.3186515413016939
58792060,4675,A,A,0.2658253009845096,0.3254006825296429,0.40877401648584744
58792061,4675,A,A,0.17269190170966797,0.19490609587842622,0.6324020024119058
58792062,4675,A,A,0.10776747428726034,0.23682386845460385,0.6554086572581358
58792063,4675,H,H,0.4682256100530036,0.2803028427322092,0.25147154721478715
58792064,4630,H,A,0.29006538657034947,0.23070514457155009,0.47922946885810047
58792065,4629,A,H,0.4473871772030197,0.27643103692186777,0.2761817858751126
58792066,4675,A,H,0.49761648892344595,0.2628305278919744,0.23955298318457968
58792067,4634,A,A,0.24030774631771307,0.2514919810142534,0.5082002726680335
58792068,4724,D,H,0.3848749640968663,0.2733592059776058,0.34176582992552784
58792069,4634,A,H,0.41055353542713585,0.27532273798580015,0.314123726587064
58792070,4634,D,H,0.43193821587366504,0.2876769448111417,0.2803848393151933
58792071,4724,H,H,0.6103663468012267,0.23929243266803596,0.15034122053073726
58792072,4724,H,A,0.3493349304170067,0.28424938837832286,0.3664156812046704
58792073,4724,A,H,0.7495457969861524,0.15684827249947156,0.093605930514376
58792074,4634,A,A,0.2877343162169098,0.29502800096868803,0.41723768281440216
58792075,4634,D,H,0.5815008840167833,0.2492154162272198,0.16928369975599697
58792076,4724,A,A,0.3006561075642793,0.24242260631332688,0.4569212861223939
58792077,4724,H,A,0.2713855238279405,0.2993512948366717,0.4292631813353878
59262828,4675,H,D,0.2916119987085028,0.3639562527161106,0.34443174857538666
59262848,4630,H,H,0.6107612275598329,0.24581515783817504,0.14342361460199213
59262849,4630,H,H,0.7806329343988867,0.1426554826170394,0.07671158298407389
59262850,4630,A,H,0.5378573435159729,0.22825070431523972,0.23389195216878744
59262856,4724,H,A,0.19087723283468963,0.23524826974841664,0.5738744974168937
59262858,4634,D,H,0.4538177971877895,0.2952130023144475,0.2509692004977631
59262859,4634,D,H,0.3758924831394698,0.35860617485911117,0.265501342001419
59262860,4724,D,A,0.3560593250426152,0.2861790483526104,0.35776162660477434
59262862,4634,H,H,0.604761731676613,0.25832766186091727,0.13691060646246972
59262863,4724,A,A,0.2065978055683018,0.23791150628153881,0.5554906881501595
59262867,4630,A,H,0.44072191147209583,0.2309292045092719,0.3283488840186322
59262872,4629,A,H,0.5086659249567935,0.24340471235781677,0.24792936268538968
59262873,4629,H,H,0.38774049494430046,0.2662637022753266,0.345995802780373
59902525,4634,H,H,0.551266560630199,0.26813891405426193,0.1805945253155391
60168268,4634,H,H,0.375273834723702,0.3109348200109525,0.31379134526534547
60168269,4634,A,H,0.473806468724116,0.2893350219629122,0.23685850931297175
60168271,4724,H,H,0.524322392427442,0.2704199051568786,0.20525770241567928
60168272,4634,D,H,0.40797192887857553,0.3099094167286403,0.2821186543927842
60168274,4724,A,A,0.3409550344204687,0.2425414880898721,0.4165034774896593
60168275,4634,D,H,0.3793110727232165,0.31643136098323343,0.30425756629354994
60168288,4724,A,A,0.13538842422742942,0.19667038144023244,0.6679411943323382
60402446,4724,H,H,0.6857514366255223,0.18728563963456468,0.12696292373991297
60402483,4634,H,H,0.699564990221207,0.20267057794588,0.09776443183291296
60442094,4724,D,H,0.4676100769842215,0.23709559273246572,0.29529433028331287
60712489,4724,D,H,0.46259992512891546,0.24795880127373557,0.2894412735973489
60712490,4724,A,H,0.43099972691235955,0.33636087751912186,0.23263939556851856
60712496,4634,H,A,0.30009474211080744,0.29861551440020145,0.40128974348899116
61217225,4634,D,D,0.33364769071668776,0.36849893466842226,0.29785337461489
61217671,4724,D,A,0.25242370483497667,0.29375538159323156,0.4538209135717917
61218070,4634,A,H,0.4157989195866065,0.2945132884328854,0.2896877919805082
61218338,4724,H,H,0.41753643887667585,0.2929122694853167,0.28955129163800736
61282012,4675,A,A,0.278142361339211,0.30895545198403446,0.4129021866767545
61282017,4675,H,H,0.6919382174668172,0.1929446578602518,0.115117124672931
61282018,4675,A,H,0.46961095310667084,0.3014838603856908,0.22890518650763847
61282019,4675,D,H,0.8007913480262505,0.1529991267181118,0.04620952525563761
61282021,4634,H,H,0.42404241974744694,0.2719159361637295,0.30404164408882356
61282022,4675,H,H,0.5003450119893758,0.22351547538084712,0.2761395126297771
61282023,4675,H,H,0.780710273270722,0.15409741555124973,0.06519231117802825
61282025,4675,H,H,0.7675858600414258,0.16940418327796575,0.06300995668060845
61282027,4675,H,H,0.676603983542583,0.1744035131856113,0.14899250327180572
61282028,4675,D,H,0.6772739318294928,0.22249695308003098,0.10022911509047633
61374399,4629,A,H,0.4503374696429186,0.2076651985866446,0.34199733177043684
61374400,4629,D,A,0.37114802372436867,0.25539837424514567,0.37345360203048567
61374401,4629,D,H,0.45757819280448725,0.23732756411175257,0.30509424308376015
61374403,4629,D,A,0.36993703724316546,0.2568470205632631,0.3732159421935715
61374404,4630,D,A,0.17707060702102612,0.2463739183594045,0.5765554746195694
61374405,4630,D,A,0.2840638348443821,0.22344169126796581,0.492494473887652
61374406,4630,D,H,0.3875944988021016,0.2472393346939588,0.36516616650393957
61374407,4630,D,H,0.4545641695171817,0.2304493006902924,0.3149865297925259
61374408,4630,H,A,0.324315965279975,0.23995080870060406,0.435733226019421
61374409,4630,H,H,0.5140615274403109,0.26969092517909965,0.2162475473805894
61374410,4630,H,H,0.4865780862810648,0.2652069813671957,0.24821493235173944
61374411,4630,A,A,0.27074289334325147,0.27528765155020457,0.45396945510654396
61374412,4630,A,A,0.1674267027872843,0.21715058921193717,0.6154227080007786
61786513,4724,H,H,0.6403875757859369,0.22968778255407632,0.1299246416599869
61842258,4630,H,A,0.36440007126508733,0.213360440090098,0.42223948864481464
61842311,4629,A,A,0.336647509847322,0.2535760860972074,0.40977640405547056
61842313,4629,A,H,0.400104315039763,0.2837665414013497,0.3161291435588873
62188597,4629,H,A,0.3481581520784649,0.28455958837143863,0.3672822595500964
62188603,4629,A,A,0.2893566438797932,0.29883184313676353,0.4118115129834433
62523129,4634,H,H,0.6256895606274224,0.23563843049113178,0.13867200888144593
62831832,4724,A,H,0.5096947919638123,0.22009907291493125,0.2702061351212564
62831833,4724,H,A,0.272091855320943,0.25668320868827343,0.47122493599078363
62831834,4724,H,H,0.552582959615557,0.23894195176212235,0.20847508862232061
62831835,4634,D,H,0.47318407812240826,0.28831579596386436,0.23850012591372743
62831836,4634,D,H,0.38995858062460653,0.2958840593447392,0.3141573600306543
62831838,4724,H,H,0.5234577502285578,0.2705025446036369,0.20603970516780534
62831840,4724,D,H,0.6559615715906714,0.20051065190798256,0.14352777650134604
62831841,4634,A,A,0.2765356726367379,0.27630914410033613,0.44715518326292597
62831843,4724,D,H,0.4589174475191583,0.27479755332910794,0.2662849991517337
62831845,4724,D,D,0.3089018244762297,0.34570183550632366,0.34539634001744657
62831859,4634,H,H,0.6117617795976553,0.23149017846598177,0.1567480419363629
63079737,4634,D,A,0.13715732334134217,0.2896754629350443,0.5731672137236135
63079738,4634,D,H,0.3582596150545797,0.31428961420902074,0.32745077073639944
63079739,4634,D,H,0.3516614888011801,0.3099444609216244,0.3383940502771955
63079741,4634,H,H,0.5785762660653764,0.23934553127993144,0.1820782026546922
63079744,4634,A,H,0.5074050474690159,0.28392412837630054,0.20867082415468363
63325784,4724,A,A,0.22323726650967293,0.2611333821895285,0.5156293513007986
63902125,4724,H,H,0.4350414015993129,0.2635399201536133,0.30141867824707375
63902699,4724,A,A,0.1648608088661844,0.23784632708004277,0.5972928640537728
66611649,4634,H,H,0.4969964734993935,0.25974776359456236,0.2432557629060442
66611650,4724,A,H,0.45948283844235294,0.25422833396521577,0.2862888275924313
66611651,4629,A,A,0.3261957581081086,0.3132550365441485,0.360549205347743
66611654,4634,D,H,0.49648955562891633,0.28736723178805357,0.21614321258303
66611656,4724,H,H,0.5758086964835533,0.23081831163400826,0.19337299188243856
66611657,4675,A,H,0.48651672143777785,0.2965245759096652,0.21695870265255682
66611658,4629,H,H,0.6762578871897583,0.20882816890522485,0.11491394390501686
66611660,4634,H,H,0.6869914151194926,0.2233854555549949,0.08962312932551253
66611661,4675,H,A,0.3248580860415,0.26919001924508684,0.4059518947134132
66611664,4724,D,H,0.4355325587529757,0.31893809068221957,0.2455293505648048
66611665,4724,H,H,0.4674682811618496,0.24227753263306312,0.2902541862050873
66611666,4629,H,A,0.3232882127531588,0.2903467841974134,0.38636500304942784
66611667,4629,H,H,0.3978512606135829,0.2766596484438086,0.32548909094260847
66611668,4629,D,H,0.38538643638425696,0.23954101569664882,0.37507254791909417
66611669,4634,A,H,0.39180021916786345,0.3123619710766469,0.2958378097554896
66611670,4629,H,A,0.21403678456027647,0.2827248362132743,0.5032383792264491
66611671,4724,H,H,0.5250998279248472,0.2671469804515052,0.20775319162364758
66611674,4629,H,H,0.5258943155050041,0.2233495030772169,0.25075618141777906
66611675,4634,A,A,0.199721383963654,0.2373765047006014,0.5629021113357446
66611676,4630,A,A,0.17504193336703175,0.28355826076151625,0.5413998058714521
66611677,4724,A,H,0.37677893740429863,0.3087433977471223,0.314477664848579
66611685,4675,A,A,0.05963515775172901,0.18301969059282833,0.7573451516554427
66611686,4634,D,A,0.2595764516432493,0.2578261409263827,0.482597407430368
66611687,4630,D,A,0.34219110016289783,0.21958329505606095,0.4382256047810412
66611689,4724,A,A,0.1324451339735972,0.17607415918515198,0.6914807068412508
66611694,4629,H,H,0.622681023401678,0.21028889708807286,0.16703007951024915
66611696,4634,D,H,0.350501664318221,0.3196935251220821,0.32980481055969685
66611737,4630,D,H,0.5578078209379244,0.2351158894098486,0.20707628965222696
66611738,4630,H,H,0.6401944490783883,0.19040830415731316,0.16939724676429846
66611739,4630,H,H,0.49966520891934757,0.20376210548294837,0.2965726855977041
66611740,4630,H,H,0.6233035614521427,0.21922853189617889,0.15746790665167845
66611741,4630,A,A,0.2658139152259164,0.28595525253664844,0.44823083223743515
66611742,4675,A,A,0.15992082455347542,0.2963857438544556,0.5436934315920691
66611743,4675,A,H,0.555709680354005,0.2561910624734115,0.18809925717258338
66611744,4675,A,A,0.1883930724626564,0.20831442857282256,0.603292498964521
66611745,4675,H,H,0.519515206223435,0.30066582845129225,0.17981896532527275
66611746,4675,A,A,0.21823946833649663,0.2385581469596642,0.5432023847038392
66611749,4724,A,A,0.23736739832496265,0.21989233008929526,0.5427402715857421
66611753,4634,H,H,0.5691851782114729,0.2626416545702005,0.1681731672183267
66611755,4630,H,H,0.644819426084118,0.2068407704246583,0.14833980349122378
66611770,4629,D,H,0.4701639262988695,0.2829144175178236,0.24692165618330705
66611771,4634,H,H,0.4200421457882605,0.3180747988891048,0.2618830553226347
66611774,4675,H,H,0.6943310134413766,0.2011223207615719,0.10454666579705149
66611806,4630,H,H,0.5167000961905823,0.2176594127905892,0.2656404910188285
67104531,4629,D,H,0.6151901918955063,0.2199275868635099,0.1648822212409838
67169860,4634,H,H,0.46392008088336445,0.27225290491005294,0.2638270142065826
67169861,4630,H,H,0.6994066462954187,0.18200012562598517,0.11859322807859615
67169862,4724,A,H,0.7744337049837448,0.17465700229644554,0.05090929271980982
67169869,4724,D,A,0.2754104333308845,0.27551532662576883,0.44907424004334673
68958085,4634,H,H,0.7419134883210812,0.18473331827506176,0.07335319340385711
68958086,4724,D,H,0.45858814871424397,0.24642961141122108,0.2949822398745349
68958088,4634,D,H,0.5195705709644028,0.2524373310183533,0.22799209801724388
68958089,4724,H,H,0.6121806604187696,0.18974308810522503,0.1980762514760053
68958090,4675,H,H,0.7743898914475763,0.16170963309482747,0.06390047545759617
68958092,4629,D,H,0.5660105943336293,0.23889033846896124,0.19509906719740944
68958094,4675,D,H,0.3892711906259955,0.23719006515954055,0.37353874421446387
68958095,4629,H,H,0.4266623679665915,0.25089070954979176,0.32244692248361667
68958096,4629,D,H,0.36128879940469616,0.29109079132279786,0.3476204092725059
68958097,4629,H,A,0.2666407402374351,0.2281130345222032,0.5052462252403617
68958098,4630,H,H,0.6548966493099264,0.18894486972330876,0.15615848096676482
68958099,4630,D,H,0.5997621800399634,0.2436295480429724,0.15660827191706422
68958102,4630,A,H,0.4955851398340626,0.2636567098855726,0.24075815028036487
68958104,4724,H,A,0.19512811255503199,0.29183946442266223,0.5130324230223059
68958111,4629,H,H,0.3630196325165863,0.282189257125705,0.35479111035770866
68958113,4634,D,A,0.31882073462449934,0.3045496647699941,0.37662960060550643
68958114,4724,H,H,0.6320811389643066,0.20514644442068714,0.16277241661500613
68958120,4675,H,H,0.8234040516615302,0.12440434913924742,0.05219159919922231
68958122,4634,D,H,0.3446257675564938,0.3130900008080767,0.3422842316354295
68958123,4630,D,A,0.15079552838574803,0.2266098176636615,0.6225946539505905
68958125,4724,A,H,0.5198545863420032,0.25772325625887843,0.22242215739911833
68958132,4634,A,H,0.40544857955581814,0.2512879153702031,0.34326350507397874
68958144,4630,H,H,0.8208463289433896,0.12232587870700372,0.05682779234960671
68958145,4630,H,H,0.4389129443151141,0.3031085460772164,0.25797850960766966
68958146,4675,A,H,0.7280741979371428,0.16479801217232304,0.10712778989053412
68958147,4675,H,H,0.41629759587978693,0.3106686612619562,0.2730337428582569
68958148,4675,H,H,0.40850531361207393,0.2859421758522585,0.3055525105356676
68958149,4675,H,H,0.5298706077938791,0.2768186000803348,0.19331079212578609
68958150,4675,H,H,0.802222630842923,0.14433061505755182,0.05344675409952533
68958151,4724,D,A,0.3135615729802257,0.3013494067417681,0.3850890202780063
68958153,4634,A,D,0.27386543916827827,0.3937577400515247,0.33237682078019704
68958154,4630,A,H,0.45656554544817446,0.20451474517773333,0.3389197093740921
68958160,4629,A,A,0.3036862012524957,0.2650335116057632,0.43128028714174116
68958161,4634,H,H,0.6813851363431895,0.22028976325986618,0.09832510039694421
68958162,4630,A,A,0.1941988450807492,0.20549688055935345,0.6003042743598973
68958163,4724,H,H,0.5368114959399809,0.27107669140898055,0.19211181265103855
68958166,4675,D,H,0.4538105794847375,0.3173127582840808,0.22887666223118172
68958211,4629,H,H,0.5027358500889668,0.25105586221845444,0.24620828769257874
68958214,4724,D,H,0.565651956552361,0.2465361888121356,0.18781185463550343
68958217,4629,A,A,0.24773816214919223,0.21599464084325018,0.5362671970075576
68958221,4634,H,H,0.4461024813057605,0.30056110824202464,0.25333641045221494
68958225,4629,H,H,0.5840197066691414,0.24260694626163543,0.1733733470692231
68958236,4630,A,A,0.2453519643963083,0.21757897962474054,0.537069055978951
68958237,4634,D,A,0.3455100821865568,0.2882202640215027,0.36626965379194054
68958241,4630,H,H,0.7118443040509917,0.1898066724961506,0.09834902345285763
69438797,4634,A,H,0.3483220556606955,0.33922508555628983,0.31245285878301454
69438798,4724,H,A,0.30647024622837915,0.2732568355573862,0.4202729182142346
69438799,4724,A,A,0.1521418956022544,0.2651837378805437,0.582674366517202
70476178,4724,H,H,0.4354463121654631,0.2757070004277811,0.28884668740675573
71292545,4630,H,A,0.1702573033744897,0.21302619957916943,0.6167164970463409
71292546,4630,H,A,0.37326677816924037,0.19310616411465165,0.4336270577161081
71292547,4630,H,A,0.17162369493722232,0.34413814071519844,0.4842381643475793
71292548,4630,H,H,0.8316878543570797,0.1114369687646175,0.056875176878302826
71292549,4630,D,A,0.2713896944675894,0.22460668108808207,0.5040036244443286
71292550,4630,A,A,0.2740933480767304,0.3078416129163644,0.4180650390069051
71292551,4630,H,H,0.5070072216021511,0.2084083118196348,0.2845844665782141
71292552,4630,A,H,0.40404316988490696,0.27796718735029563,0.3179896427647974
71292591,4630,D,A,0.1155779494741419,0.18669572132240717,0.6977263292034509
71859274,4630,A,H,0.6520153421212483,0.18364870261768612,0.16433595526106554
71859275,4724,H,H,0.38156112657199,0.29133895305678703,0.32709992037122304
71859276,4724,H,H,0.5922605282547082,0.2830137364554507,0.12472573528984111
71859277,4634,D,H,0.6362900528997105,0.22333210562619774,0.14037784147409174
71859278,4724,A,H,0.3873498213500238,0.26159670398705104,0.3510534746629251
71859279,4629,H,H,0.5220157921708708,0.21333350952003396,0.26465069830909527
71859280,4634,A,A,0.31638043390888526,0.27243137451654825,0.4111881915745665
71859281,4724,H,H,0.5966538618183653,0.21320235505420504,0.19014378312742955
71859282,4675,H,A,0.14712804406981725,0.23889216654584036,0.6139797893843424
71859283,4629,H,H,0.5941668446480198,0.22270229251030202,0.1831308628416782
71859284,4634,H,H,0.5252001245977405,0.28650007288709123,0.18829980251516837
71859285,4675,D,H,0.4998533548832756,0.26820172151280414,0.23194492360392016
71859286,4724,H,A,0.2387738925637384,0.3401386189764786,0.421087488459783
71859287,4629,A,A,0.31401882444765217,0.3066727767460319,0.37930839880631595
71859288,4629,D,H,0.4392430609438821,0.2956589371937031,0.2650980018624148
71859289,4724,A,A,0.3288475210044195,0.28058993086870654,0.39056254812687397
71859291,4629,D,A,0.35500237190123224,0.26652499284728626,0.3784726352514814
71859292,4634,A,H,0.3964793905798598,0.25118496227194975,0.35233564714819043
71859293,4724,A,H,0.6505963290866065,0.22126681445502325,0.1281368564583704
71859294,4675,A,A,0.17493527807098042,0.19387070991487507,0.6311940120141446
71859295,4634,D,A,0.29394403176321715,0.3082677706282703,0.3977881976085125
71859296,4724,A,A,0.275989029673795,0.20165441921343483,0.52235655111277
71859297,4629,D,H,0.345791465222657,0.3341028241569782,0.32010571062036486
71859298,4634,H,H,0.45236875106708585,0.30502656366514086,0.24260468526777335
71859299,4675,A,A,0.2618663182029836,0.2473398616473911,0.49079382014962525
71859300,4675,D,A,0.26937671677312935,0.3338726955859138,0.3967505876409567
71859301,4675,H,A,0.07659314345950079,0.19574010682353082,0.7276667497169684
71859302,4675,D,H,0.4083904555986466,0.30278219715504023,0.28882734724631315
71859303,4675,A,A,0.323926353080737,0.27959802647296206,0.3964756204463009
71859304,4724,A,A,0.13013094223650046,0.23991137140226088,0.6299576863612386
71859305,4634,A,A,0.21773526436183643,0.27331593154572836,0.5089488040924351
71859306,4629,H,H,0.5855814542491921,0.21372441953640706,0.2006941262144009
71859307,4634,H,A,0.18967212167270597,0.25618290273537164,0.5541449755919224
71859308,4675,A,D,0.38076152895924104,0.39383154302042955,0.2254069280203295
71859327,4634,H,H,0.490568068687633,0.2708355532562733,0.23859637805609385
72188901,4629,A,H,0.43129866441405806,0.25838499783103724,0.31031633775490475
72188905,4634,H,H,0.5430517791593189,0.274243745538893,0.18270447530178804
72188906,4629,D,A,0.3426748326878298,0.28922187168487956,0.3681032956272906
73953296,4630,D,A,0.19061248845347997,0.17006408026803801,0.6393234312784821
73953297,4630,H,H,0.4423999512923991,0.2613186319669402,0.2962814167406607
73953298,4630,H,H,0.5962726619757183,0.18721091156901387,0.21651642645526792
73953299,4630,D,H,0.7229081796393075,0.18925396464545763,0.0878378557152349
73953300,4630,H,H,0.695821185778793,0.1720192478873057,0.13215956633390122
73953303,4630,H,A,0.08687131333811328,0.21687710184684025,0.6962515848150465
73953310,4630,A,H,0.450971557368855,0.2592311752899107,0.2897972673412342
73953311,4630,H,A,0.2408068249595927,0.2342590129372061,0.5249341621032011
73953369,4630,H,H,0.5090133605619529,0.2691945448336064,0.22179209460444083
73953370,4630,H,H,0.8156110551273292,0.12906437134636184,0.055324573526308846
74415076,4634,H,H,0.6856803495157263,0.20480529387962973,0.10951435660464388
74415077,4724,H,H,0.717376634952248,0.161879618605884,0.12074374644186807
74415078,4629,H,H,0.4165362231202858,0.23957174913505327,0.3438920277446609
74415079,4675,H,H,0.7505718472567874,0.1594588546777998,0.08996929806541279
74415080,4634,D,H,0.44613975551983887,0.284344510483126,0.26951573399703505
74415081,4724,D,A,0.3348803653662599,0.27861391738748037,0.38650571724625965
74415082,4675,D,A,0.3489128419471769,0.2726740765212135,0.37841308153160963
74415083,4629,A,H,0.5533026721085222,0.25998237144831654,0.18671495644316127
74415084,4634,H,H,0.7188802705110606,0.19546035743103118,0.08565937205790823
74415085,4675,H,H,0.8567439522790867,0.10688725822364616,0.036368789497267115
74415086,4724,D,A,0.2084771009425495,0.2411080700394517,0.5504148290179988
74415087,4724,H,H,0.4477364617215019,0.2673617532700106,0.28490178500848756
74415088,4629,H,A,0.36551228063266245,0.26351125864538516,0.37097646072195234
74415089,4629,H,H,0.3782135403397907,0.2669539734963038,0.35483248616390556
74415090,4629,D,H,0.5568467723866024,0.23191933995765396,0.2112338876557436
74415091,4634,D,H,0.539052137862593,0.25498459903951143,0.20596326309789556
74415092,4629,D,H,0.518317314235207,0.25342542550787883,0.22825726025691417
74415093,4724,A,H,0.7428016024870094,0.18648505803236648,0.07071333948062396
74415097,4629,D,A,0.28489738030976147,0.24326359495759234,0.4718390247326461
74415098,4634,H,H,0.6247067032781507,0.21962160511854,0.15567169160330935
74415099,4724,D,H,0.5234862330222836,0.24993042373318408,0.22658334324453233
74415100,4675,D,H,0.4873749040072384,0.32173006852335706,0.1908950274694047
74415101,4634,D,H,0.3969169217663546,0.3381632491213252,0.2649198291123201
74415102,4634,D,A,0.31384398121935264,0.3397961702197093,0.3463598485609381
74415103,4724,H,H,0.7283962505018552,0.18555403615794686,0.08604971334019801
74415104,4629,A,A,0.28591212917027514,0.22996228706511332,0.48412558376461146
74415105,4634,A,A,0.1852609198029486,0.3058702921573123,0.508868788039739
74415106,4675,D,D,0.3496981309485725,0.40811550529386237,0.2421863637575651
74415107,4675,H,H,0.6529591922555689,0.18726769375935198,0.1597731139850792
74415108,4675,D,H,0.3782243802832895,0.2725016083332997,0.34927401138341085
74415109,4675,H,H,0.8919482110170128,0.08021321250973366,0.02783857647325347
74415110,4724,D,A,0.2601740888792978,0.25282684416555923,0.48699906695514295
74415111,4634,A,A,0.20620809204654053,0.2601655032614195,0.5336264046920399
74415118,4629,D,A,0.3428793776274357,0.26234092312793567,0.3947796992446285
74415119,4634,H,H,0.6481674378955905,0.22450110319130956,0.1273314589131
74415120,4724,H,H,0.5057568302721627,0.2532668905863163,0.2409762791415211
74415121,4675,H,H,0.4075217735278085,0.29501460544262753,0.2974636210295639
74415122,4724,D,H,0.6166383845732699,0.23732639754648394,0.14603521788024604
78218351,4629,H,H,0.5994761731239058,0.18746215788354423,0.21306166899255002
78218352,4634,H,H,0.43808575190733456,0.3124848505343599,0.2494293975583055
78218353,4675,A,A,0.03701646384548096,0.12756123356579133,0.8354223025887277
78483704,4629,D,A,0.3415824957743846,0.26197635908656547,0.39644114513905004
78483708,4675,A,A,0.3023211409143388,0.22563485857277144,0.47204400051288975
78483709,4634,H,H,0.6628413092067685,0.2229043236223381,0.11425436717089324
78483710,4724,A,H,0.4027680169598972,0.2168895040350761,0.38034247900502677
78483711,4629,A,A,0.3232659086573061,0.30228602853152914,0.37444806281116483
78483716,4634,D,H,0.49517886626012303,0.2944007762595149,0.21042035748036195
78483717,4630,A,H,0.3726588984826407,0.33875541719740926,0.2885856843199501
78483718,4630,A,A,0.2765820722787244,0.23712989200706877,0.4862880357142068
78483719,4630,H,H,0.553586958775961,0.19830313792986962,0.2481099032941694
78483720,4630,A,A,0.19089019259656417,0.25447009262957737,0.5546397147738584
78483721,4675,A,A,0.15331019203042143,0.19962745165001078,0.6470623563195678
78483722,4675,H,A,0.1401292433936553,0.22000779558860092,0.6398629610177438
78483723,4675,D,H,0.5258981390150238,0.30014141863570326,0.173960442349273
78483724,4675,D,A,0.23889475240537603,0.3585293721965079,0.4025758753981161
78483725,4675,H,H,0.4872618828514269,0.280933902458674,0.23180421468989915
78483726,4724,H,A,0.20050545418727103,0.3215716731613934,0.4779228726513355
78483727,4634,D,A,0.26085785289079866,0.25502177034218226,0.48412037676701897
78483728,4630,D,H,0.44495595371500707,0.1936155813287841,0.36142846495620884
78483732,4724,H,H,0.4250189286053983,0.24992266074035382,0.32505841065424795
78483733,4634,H,H,0.7422977419013957,0.1739262639401901,0.08377599415841425
78483734,4630,A,A,0.24894822220150872,0.21073405234624382,0.5403177254522475
78483753,4630,H,A,0.3461092036579217,0.23609291545737673,0.41779788088470154
79034384,4724,D,A,0.31332425182617735,0.22564722057166983,0.4610285276021529
79034385,4629,A,A,0.22649151575713813,0.2881920287656317,0.48531645547723024
79034387,4634,A,A,0.15357884496080984,0.23146237561409944,0.6149587794250907
79034388,4724,H,H,0.6503024080042995,0.2207158845753898,0.1289817074203108
79034389,4675,D,H,0.6236252431344962,0.262446747720073,0.11392800914543087
79034390,4630,A,H,0.4698893600426241,0.258585050837941,0.271525589119435
79034392,4634,H,H,0.5328911297281056,0.2615689778945901,0.20553989237730436
79034395,4724,H,H,0.4292458573819142,0.2891533151254591,0.28160082749262677
79034396,4724,A,A,0.23886635516280919,0.3169220492189874,0.4442115956182034
79034397,4629,A,H,0.4302072417656052,0.2559112165326809,0.3138815417017139
79034398,4629,D,H,0.40728908129710834,0.2920003107652974,0.30071060793759424
79034399,4629,A,H,0.4146099957563889,0.3032142541687859,0.28217575007482526
79034400,4630,A,H,0.3890491146436539,0.22685646631852452,0.3840944190378215
79034404,4634,H,H,0.4367545862171689,0.3031023173365392,0.26014309644629185
79034405,4629,H,H,0.599444978201405,0.2106648851643229,0.18989013663427218
79034406,4724,D,A,0.22743718331525098,0.31397219888325195,0.45859061780149696
79034419,4629,H,H,0.3887274171227163,0.25469587439595737,0.35657670848132633
79034420,4675,D,H,0.48878115103557923,0.32676235652721636,0.18445649243720447
79034430,4634,H,H,0.48171922060816286,0.29220262180923795,0.22607815758259922
79566591,4634,D,H,0.5546504444835094,0.2488041360266942,0.19654541948979634
79566592,4630,H,A,0.32588918806041534,0.28381054018587637,0.39030027175370824
79566593,4724,H,H,0.5023282118638334,0.2558413701403395,0.24183041799582716
79566624,4724,D,A,0.284165001724477,0.288613931220909,0.42722106705461405
80501659,4634,H,H,0.4185986873519855,0.2951796717127221,0.2862216409352924
80501660,4724,A,A,0.3229648992208101,0.24264065903268756,0.43439444174650227
80501661,4675,A,H,0.45067051087484666,0.3477045139930645,0.20162497513208874
80501664,4629,H,H,0.48009666644960464,0.2795884974671945,0.24031483608320092
80798817,4634,H,H,0.7821409373049942,0.1535431032978084,0.06431595939719742
80798819,4675,H,H,0.728523967999666,0.17270846320456598,0.09876756879576791
80798823,4629,H,A,0.27590064092776534,0.27188051372476546,0.45221884534746926
80798836,4634,D,A,0.24154285557303778,0.3082699553722578,0.4501871890547044
80798837,4630,H,H,0.6850114588681107,0.1765021617215017,0.13848637941038774
80798838,4724,H,H,0.4984905519124331,0.2438927561174403,0.25761669197012665
80798846,4675,H,H,0.727190074558674,0.17913953192993856,0.09367039351138737
80798847,4630,A,H,0.3956960806012642,0.27249138080898716,0.3318125385897486
80798848,4724,H,H,0.5574842446768952,0.267880985761115,0.1746347695619898
80798852,4629,H,H,0.5978377509416914,0.24294847122321353,0.15921377783509505
80798859,4634,H,H,0.5338024990461854,0.2654302594227657,0.20076724153104894
80798873,4630,H,H,0.424875018279494,0.3151582040367316,0.25996677768377446
80798874,4630,H,H,0.5470034430552756,0.260143228423236,0.19285332852148843
80798875,4630,H,H,0.6997061133147807,0.16352823361465157,0.1367656530705677
80798876,4675,H,H,0.36893427121662176,0.2926410022346581,0.3384247265487201
80798877,4675,H,H,0.37068236878434874,0.2757007810725821,0.3536168501430691
80798878,4675,H,H,0.8585591070743026,0.11051913802381526,0.030921754901882086
80798880,4724,D,H,0.5835591414289039,0.26244743084970523,0.15399342772139085
80798886,4634,H,H,0.6565812454303727,0.2223610740190951,0.12105768055053229
81259723,4675,D,H,0.7525246929538061,0.13875787220422478,0.10871743484196908
81259725,4634,H,H,0.4310172864981586,0.24005514711096068,0.32892756639088067
81259726,4724,A,A,0.34051913137192197,0.2185936610003542,0.4408872076277237
81259727,4629,H,H,0.40739934486220464,0.23736792853682062,0.3552327266009747
81259728,4675,H,H,0.3629831835331237,0.27548422087410196,0.36153259559277445
81259731,4634,D,H,0.47312832765551777,0.27972196417684136,0.24714970816764084
81259732,4724,A,A,0.25226654963440437,0.2730720048913827,0.4746614454742129
81259735,4630,D,H,0.5595814597345035,0.17017925027297603,0.2702392899925206
81259736,4629,H,H,0.5535050697135705,0.25264760683770715,0.19384732344872238
81259744,4634,D,A,0.2363918224727131,0.3469627628339891,0.41664541469329786
81259746,4675,A,H,0.3972674973106618,0.308317854885134,0.29441464780420407
81259750,4724,D,H,0.4439858388677581,0.2804084411660536,0.2756057199661883
81259751,4724,H,H,0.651943891693917,0.2256068471240383,0.12244926118204472
81259752,4629,H,H,0.49047536341166836,0.28002738302157654,0.22949725356675515
81259753,4629,H,H,0.5492965282950701,0.23615769683454976,0.21454577487038007
81259754,4629,D,H,0.4630588255319893,0.2543996698977962,0.2825415045702145
81259756,4630,D,H,0.49844789067977835,0.23459021243539177,0.26696189688482974
81259757,4630,H,H,0.7475403024942978,0.14803660799503676,0.10442308951066544
81259758,4630,H,A,0.2954180257986975,0.23805086338469267,0.46653111081661
81259759,4630,D,A,0.1480893353699306,0.24394065851168603,0.6079700061183834
81259769,4634,D,H,0.49355515984925735,0.28206848407739693,0.22437635607334566
81259773,4629,A,A,0.1570322039531237,0.1951059708935891,0.6478618251532872
81259775,4724,D,A,0.3050713176578454,0.2748952529144927,0.42003342942766186
81727361,4634,D,H,0.4729859282494955,0.29180632886476915,0.23520774288573537
81727362,4724,H,A,0.26090559968605403,0.26446659586551813,0.47462780444842767
83382237,4675,D,H,0.40033932917992265,0.36565208553292,0.2340085852871574
83382238,4675,D,A,0.36483723828914627,0.21198980253721647,0.42317295917363723
83382239,4675,A,A,0.318275609976011,0.23067122038620108,0.4510531696377878
83382240,4675,H,H,0.5358563644548535,0.29091232270518347,0.17323131283996307
83382241,4675,H,H,0.34505362179948235,0.33875660369883615,0.31618977450168145
83382242,4675,A,H,0.4028678068917817,0.31475391702362476,0.2823782760845935
83382243,4675,H,A,0.11018689762081305,0.1523702597441312,0.7374428426350558
83382244,4675,H,A,0.2193549296960867,0.3512946139841488,0.42935045631976454
83382245,4675,H,H,0.5726536539325546,0.2823255202712982,0.14502082579614722
83450120,4634,A,H,0.4143710548411122,0.2648107534532442,0.3208181917056437
83450121,4724,D,H,0.4632990491138828,0.2531128277221639,0.2835881231639532
83450122,4629,A,A,0.35375631666061325,0.27755933140054634,0.3686843519388404
83450123,4634,D,H,0.37817540332810007,0.3083642019329193,0.31346039473898074
83450124,4724,A,A,0.1969047901608171,0.28401908061918574,0.5190761292199972
83450125,4629,H,A,0.30650988211291985,0.28295648414789915,0.41053363373918106
83450127,4724,H,H,0.45628009428668015,0.2700480755538653,0.27367183015945457
83450128,4629,A,A,0.27764129414761524,0.27488945007484245,0.44746925577754226
83450129,4629,D,A,0.2152397159209513,0.27496714443247394,0.5097931396465748
83450130,4629,H,H,0.3649557103901296,0.28684828384989236,0.34819600575997806
83450131,4634,H,H,0.7788581903412745,0.16534523792830733,0.05579657173041816
83450132,4629,H,H,0.5387202986637688,0.22831999876828965,0.23295970256794157
83450133,4724,D,H,0.403983002072568,0.31836016789714,0.2776568300302921
83450134,4629,H,H,0.7263704501925086,0.16437490069612376,0.10925464911136767
83450135,4634,H,H,0.40004315688357706,0.2862533353219447,0.31370350779447836
83450136,4724,H,H,0.7741636170871052,0.15312625315245518,0.07271012976043964
83450137,4634,A,A,0.26855654764458015,0.30126712492287633,0.4301763274325435
83450138,4724,H,A,0.3210628370862417,0.26068516482669235,0.41825199808706587
83450139,4629,A,A,0.30802960128800544,0.24429513688552515,0.4476752618264695
83450140,4634,D,A,0.26803057820896,0.2438121675945626,0.4881572541964773
83450141,4724,D,A,0.25688283904495646,0.2931050747065696,0.4500120862484738
83450142,4634,A,H,0.3841341678085007,0.30984268785850566,0.30602314433299366
83450143,4629,D,A,0.3066746993141111,0.306015266810825,0.38731003387506385
83450144,4634,H,H,0.5257928814276608,0.26063171774318716,0.21357540082915208
83450145,4724,H,H,0.44570583276953646,0.24454956763132138,0.30974459959914213
83450146,4630,A,H,0.4888290819566542,0.23542963855047708,0.2757412794928687
83450147,4630,H,A,0.1996097848977933,0.20568248092070754,0.5947077341814991
83450148,4630,H,H,0.40721557254419627,0.22583404229249998,0.3669503851633038
83450149,4630,H,A,0.37962504947466214,0.19219027788259324,0.4281846726427447
83450150,4630,A,H,0.4852773021826768,0.28447308565864077,0.2302496121586825
83450151,4630,A,A,0.06109091581318915,0.20136934521770491,0.7375397389691059
83450152,4630,H,H,0.3896662925154572,0.2461493029952218,0.36418440448932105
83450153,4630,H,H,0.46999130839060904,0.24429181310059314,0.28571687850879784
83450154,4630,A,A,0.149363921668854,0.19373172171687442,0.6569043566142716
83450155,4630,H,H,0.5034215301573135,0.27579603342507614,0.22078243641761033
83855525,4634,D,H,0.46554464252806804,0.3011829950807461,0.23327236239118582
83855526,4724,H,A,0.2966474374497873,0.3249126246629003,0.3784399378873125
83855528,4724,D,A,0.2631649544208149,0.28662846409541864,0.4502065814837663
84969967,4630,A,A,0.1521936113897731,0.19273853591210452,0.6550678526981224
84970504,4630,D,H,0.6005307835186583,0.252709266343323,0.1467599501380187
84970510,4630,A,H,0.5623102035938435,0.2510157909624746,0.18667400544368182
84970512,4630,H,A,0.14926467434730392,0.2794187965837029,0.5713165290689931
84970516,4630,D,H,0.5718153208301763,0.21571520992896326,0.2124694692408605
84971007,4630,H,H,0.4529651309728715,0.1859116671657476,0.3611232018613809
85359967,4630,H,H,0.4164009519220473,0.22466011160480673,0.3589389364731459
85359968,4630,H,A,0.3611782158008329,0.25869303986057335,0.3801287443385938
85359969,4630,A,A,0.13555854633997816,0.17963526052043247,0.6848061931395896
85360261,4630,H,A,0.3046652182814965,0.20929232712291482,0.48604245459558865
85402270,4675,H,H,0.6055227285923801,0.21096110267805993,0.18351616872955986
85402271,4675,A,H,0.3932557258776596,0.30401673489984116,0.30272753922249923
85402272,4675,D,H,0.3844198892442174,0.23746240649376268,0.37811770426201996
85402273,4675,H,H,0.4927732362483561,0.31063646771164244,0.1965902960400015
85402274,4675,A,H,0.44116163752015647,0.3022347095240088,0.2566036529558346
85402275,4675,D,H,0.474017383149972,0.2950399659312633,0.23094265091876473
85402278,4675,H,H,0.6646412905076229,0.16501151446636694,0.17034719502601012
85402295,4675,H,H,0.6826808502442312,0.16260041845740436,0.15471873129836436
85402299,4675,H,H,0.5022905018333268,0.3106870743211162,0.18702242384555695
85459650,4629,D,A,0.21780009602849412,0.20234184807859965,0.5798580558929063
85459651,4634,D,H,0.5799591090065,0.2576406122256309,0.16240027876786908
85459652,4634,D,A,0.3010525704195752,0.28714715671216623,0.4118002728682585
85459653,4724,H,H,0.4571191482371916,0.32095099942454175,0.22192985233826662
85459654,4724,H,H,0.6585630958463794,0.21400310517697632,0.1274337989766443
85459655,4629,A,H,0.3707537559040367,0.27815091824022886,0.3510953258557344
85459656,4629,H,H,0.5104420709527085,0.22362591687954259,0.2659320121677489
85459657,4634,A,H,0.5164017357962776,0.2648255486327557,0.21877271557096678
85459658,4629,H,A,0.25029148081387415,0.26052997666387256,0.4891785425222533
85459659,4634,H,A,0.34160085384182454,0.25398648454604383,0.4044126616121316
85459660,4634,H,H,0.7582913858627347,0.15529233214453964,0.0864162819927256
85459661,4724,A,A,0.16450344066211778,0.18489281147452696,0.6506037478633552
85459662,4724,H,H,0.38567213354434055,0.2622011558619153,0.3521267105937441
85459663,4629,H,H,0.5981904306428214,0.2438138257092227,0.15799574364795582
85459664,4634,D,H,0.5167474026935934,0.26800729445170096,0.21524530285470558
85459665,4724,D,A,0.327339348673379,0.31598091734478384,0.35667973398183717
85459666,4724,H,H,0.5967768902601364,0.22957353212229187,0.17364957761757183
85459667,4629,A,A,0.33562975127608025,0.281972397385621,0.3823978513382988
85459668,4629,A,H,0.3823542246646173,0.3104379774245762,0.30720779791080655
85459669,4629,D,H,0.37715166087570046,0.2532309409478406,0.36961739817645894
85459670,4634,D,H,0.3427839662204071,0.33840638027751363,0.31880965350207935
85459671,4724,H,H,0.4674460423590463,0.25968667402244533,0.2728672836185085
85459672,4724,H,H,0.37229128853459087,0.2969725087833102,0.3307362026820988
85459673,4634,H,H,0.4546514259455844,0.31872185491298793,0.22662671914142776
85459674,4629,A,H,0.6358750281533927,0.23661363413547495,0.12751133771113238
85459675,4634,H,H,0.38549668782999585,0.3037545817395592,0.31074873043044504
85459676,4724,D,A,0.25283171369542873,0.2553242510186836,0.4918440352858877
85823939,4724,H,H,0.6335989692492272,0.24160432632902462,0.12479670442174813
86067470,4634,H,H,0.6518100496834301,0.23471368112224397,0.113476269194326
86506310,4630,D,H,0.6501829870513661,0.19850957617861212,0.1513074367700218
86506312,4630,H,H,0.40364528797013094,0.2911711220936825,0.3051835899361865
86506313,4630,A,A,0.30235613124375504,0.22673031505314237,0.4709135537031026
86506314,4630,H,H,0.6217014331565088,0.18279033205153356,0.19550823479195767
86506316,4630,H,H,0.5212903002453807,0.2370902931632901,0.24161940659132913
86506317,4630,D,H,0.6771594775484264,0.16990382158817616,0.15293670086339745
86506318,4630,H,H,0.6668206655826385,0.23008619379502382,0.10309314062233768
86506320,4630,A,A,0.18872326854169957,0.21180514221628333,0.5994715892420172
86506322,4630,A,A,0.2707912967444268,0.2758343503074089,0.45337435294816425
86853538,4630,D,A,0.3275088305528091,0.24698864142829668,0.4255025280188941
87198544,4630,D,H,0.47469469179717083,0.1913879802277111,0.33391732797511814
87198545,4630,H,H,0.46126337596780775,0.25067265642182407,0.28806396761036823
87198546,4630,A,A,0.33124751109939515,0.3320047084270581,0.3367477804735468
87198547,4630,H,A,0.195466280303699,0.20852970634777676,0.5960040133485244
87198548,4630,A,H,0.5489056170084072,0.26346003373826504,0.1876343492533277
87198549,4630,H,H,0.419361340554028,0.27928546328041,0.301353196165562
87198550,4630,D,H,0.8037204841783758,0.14806720510914015,0.04821231071248399
87198551,4675,H,H,0.39526664556762653,0.32310868286445277,0.28162467156792065
87198552,4675,H,H,0.6024923260601864,0.24702945937247883,0.1504782145673348
87198553,4675,A,A,0.12167430422283047,0.17993327517348287,0.6983924206036867
87198554,4675,H,H,0.5124371183475654,0.24946117123695757,0.238101710415477
87198555,4675,H,H,0.7880366261426054,0.1533273114501005,0.05863606240729416
87198556,4675,H,D,0.36551998659795065,0.37821393641211387,0.2562660769899355
87198557,4634,A,H,0.3771785300738818,0.29433780685552147,0.3284836630705968
87198558,4634,D,H,0.6014129890958919,0.2458917149196547,0.1526952959844534
87198559,4675,D,H,0.5967259790566991,0.27657895820266964,0.12669506274063122
87198560,4675,D,H,0.6170988072381076,0.25302941607186297,0.12987177669002942
87198561,4634,A,H,0.4445530494196179,0.2702494223105154,0.2851975282698666
87198562,4675,D,A,0.2271860791433649,0.2352083292017732,0.5376055916548619
87198564,4630,H,A,0.3706051484404003,0.2199871308652106,0.40940772069438897
87247092,4724,A,A,0.3410316199333939,0.2831001111259802,0.3758682689406257
87247093,4629,H,H,0.766166775393996,0.1546554496688693,0.0791777749371346
87247094,4724,A,H,0.3547114879009291,0.31322156941538304,0.3320669426836878
87247095,4629,H,A,0.24615024470946598,0.2816930328636628,0.4721567224268711
87247096,4634,H,H,0.6418552971916388,0.260770133397623,0.09737456941073824
87247097,4724,H,H,0.433283451528099,0.22663319755176933,0.3400833509201316
87247098,4724,H,H,0.7669701712936912,0.14598282421822356,0.08704700448808526
87247099,4724,H,H,0.3730407307195649,0.29886825463885136,0.32809101464158374
87247100,4724,D,H,0.5068922727121234,0.2602384960524607,0.2328692312354158
87247101,4724,H,H,0.4668566289969012,0.22354650797861278,0.3095968630244859
87247102,4724,A,A,0.24427971646038288,0.2681080933919605,0.48761219014765655
87247103,4724,D,A,0.131124638188799,0.281101926214874,0.587773435596327
87247104,4724,A,A,0.256578470478153,0.2953568830879173,0.4480646464339297
87247105,4634,A,A,0.1407583606107668,0.22739312084887156,0.6318485185403616
87247106,4634,H,H,0.43122323914897315,0.30675615624261177,0.26202060460841503
87247107,4634,D,A,0.22867531099459631,0.3070941325396372,0.4642305564657666
87247108,4634,D,A,0.2831536582171175,0.24713578275025105,0.4697105590326313
87247109,4634,H,H,0.41448500944755573,0.3433590633120895,0.2421559272403549
87247110,4634,H,H,0.529507262536505,0.2592242889211524,0.2112684485423425
87247111,4629,H,H,0.5612341442903487,0.23778547572198416,0.2009803799876671
87247112,4629,D,A,0.3378604349160509,0.2851961309577349,0.3769434341262141
87247113,4629,H,H,0.3943240875975506,0.286264528616341,0.3194113837861085
87247114,4629,H,H,0.38679147915945583,0.2783359083004332,0.334872612540111
87247115,4629,H,H,0.39091747466634746,0.30078204332568126,0.3083004820079712
87247116,4629,A,A,0.24338216767880688,0.24115392217575649,0.5154639101454366
87505929,4634,D,A,0.19745322629464698,0.28264704904948007,0.519899724655873
87546521,4629,A,A,0.31079745213865867,0.27745055647125205,0.4117519913900894
88204418,4630,H,H,0.7296803080516013,0.15843765314895616,0.11188203879944264
88697568,4630,A,H,0.6141758778290933,0.20026584524055846,0.18555827693034813
88697569,4630,H,A,0.32972854295547976,0.2352528175229787,0.4350186395215415
88697570,4630,A,A,0.2790067954456862,0.19188630029407902,0.5291069042602348
88697571,4630,H,H,0.5719435329845727,0.2213827910517943,0.20667367596363304
88697572,4630,A,H,0.5064844239006707,0.23404336053505556,0.2594722155642737
88697573,4630,H,A,0.22830441125234238,0.23179765876672226,0.5398979299809353
88697574,4630,A,A,0.1501958535647108,0.19368801145329292,0.6561161349819963
88697576,4630,A,A,0.3151996715392273,0.3253853564263858,0.3594149720343869
88697577,4630,H,H,0.41004472735844477,0.26505829389797275,0.32489697874358253
88697578,4630,A,H,0.7064568986526943,0.1675736450399484,0.1259694563073573
88969409,4724,H,H,0.41856907053153714,0.25959245733569203,0.3218384721327709
88969410,4724,H,H,0.5628250928347359,0.24214467264000955,0.19503023452525445
88969411,4724,A,H,0.5081883922241262,0.29291335610501124,0.19889825167086267
88969412,4724,H,A,0.2093510259328874,0.27781297512192743,0.5128359989451853
88969413,4724,D,H,0.4735802184878726,0.30605934124990297,0.22036044026222434
88969414,4724,H,H,0.5447617820983367,0.2471924139072478,0.20804580399441558
88969415,4724,H,H,0.46873881882394125,0.2621322279645478,0.269128953211511
88969416,4724,D,A,0.10098720218012378,0.17308478810554423,0.7259280097143319
88969417,4724,D,H,0.5056803872966658,0.2510356187304117,0.24328399397292252
88969418,4724,H,H,0.49677534823779806,0.2640747727587879,0.2391498790034141
89117066,4634,H,H,0.5219337213780252,0.2768353198226492,0.20123095879932568
89117068,4634,D,H,0.6312480315452432,0.2294273444020774,0.13932462405267929
89117069,4634,A,H,0.5489400656867741,0.25837891397655693,0.19268102033666895
89260692,4634,H,H,0.5128298878202243,0.2198902310806759,0.2672798810990998
89260694,4634,H,H,0.7491542369906883,0.17817212996836715,0.07267363304094462
89260695,4634,H,A,0.3440013036069262,0.3111150306849244,0.3448836657081493
89260699,4634,H,D,0.34317560042851497,0.36425638730046916,0.292568012271016
89404832,4634,A,A,0.3682050909112122,0.2552880092312165,0.37650689985757135
89404835,4634,A,A,0.2828870766860772,0.2802974670759381,0.4368154562379846
89404836,4634,H,H,0.5055193076581576,0.33777008408458586,0.15671060825725655
89587259,4630,A,A,0.3137512357661963,0.2401659895756223,0.44608277465818136
89587322,4630,H,H,0.6854303596823631,0.21067243235776015,0.10389720795987673
89587323,4630,H,A,0.37009750705184785,0.23475123034052747,0.3951512626076247
89587324,4630,H,H,0.811149491717901,0.140921821648392,0.04792868663370702
89587325,4630,H,H,0.4045482993922664,0.26293139760961703,0.3325203029981165
89587614,4630,H,A,0.3360385569364459,0.28564556302075583,0.37831588004279826
89744205,4630,H,A,0.24849591353627357,0.20022019811362424,0.5512838883501023
89744206,4630,H,H,0.47130816146236343,0.2884989089975603,0.24019292954007632
89755839,4724,D,H,0.4269187849554259,0.24769881522064727,0.3253823998239269
89755840,4724,A,A,0.15495207209098913,0.25804721439332995,0.587000713515681
89755842,4724,A,A,0.2956616583966523,0.31054140404193314,0.39379693756141454
89755843,4724,H,A,0.3510059183756081,0.24424196660667033,0.40475211501772157
89755844,4724,A,A,0.21042654012786607,0.2476669785406853,0.5419064813314487
89755846,4724,H,A,0.3046449353037487,0.3068830860904959,0.3884719786057554
89755847,4724,D,H,0.47590181875457604,0.2860022446217854,0.23809593662363862
89755848,4724,A,H,0.3953783597556537,0.2643168077502141,0.3403048324941321
89755849,4724,H,H,0.7761192434039835,0.14683553428363602,0.07704522231238058
89755850,4724,D,H,0.4890408515241872,0.2812432224932173,0.22971592598259552
89755851,4630,D,H,0.43179027304710726,0.25346892179322394,0.3147408051596688
89755852,4630,H,H,0.6117154933404314,0.15366207755177733,0.2346224291077912
90150696,4629,D,H,0.5404359269661048,0.24768662797450933,0.21187744505938588
90150697,4634,A,H,0.5012304742859784,0.28221850432916984,0.21655102138485166
90150699,4675,H,H,0.7922804861895727,0.13194688291722584,0.07577263089320148
90229724,4675,D,H,0.4800029050287273,0.25642842520647635,0.2635686697647965
90229731,4629,H,A,0.3101867169826035,0.2529846833208235,0.436828599696573
90229735,4634,H,H,0.5841571257419538,0.27293494727143813,0.14290792698660823
90229746,4675,A,A,0.21283303115812618,0.27909659333062803,0.5080703755112457
90229749,4634,H,H,0.5177239113368708,0.2507204272127225,0.2315556614504067
90229750,4630,A,A,0.24814972188109014,0.19833682483475218,0.5535134532841577
90229752,4629,A,H,0.5231245242572181,0.24690460975629633,0.2299708659864855
90229755,4634,D,H,0.4446451698941613,0.3237099937678328,0.23164483633800578
90229767,4675,A,A,0.1278118563500848,0.18802885495264093,0.6841592886972744
90229768,4675,D,H,0.36897372594622996,0.3419559521410741,0.2890703219126958
90229769,4675,D,H,0.5971628229989503,0.2682720607511255,0.13456511624992418
90229770,4675,A,H,0.6214232746023182,0.18456837826643868,0.1940083471312432
90229779,4634,H,H,0.5346580383853792,0.25961527210214863,0.20572668951247217
90229780,4630,H,H,0.5747803567568157,0.22219517869523664,0.2030244645479476
90352271,4630,D,A,0.31207915929515523,0.23166280695366268,0.4562580337511821
90352273,4724,A,A,0.16394941428296297,0.20492634344307978,0.6311242422739574
90352274,4724,H,H,0.5394655394168303,0.2752747226937402,0.18525973788942954
90352285,4724,D,A,0.3386363987047552,0.2892928791434948,0.3720707221517499
90352290,4724,H,H,0.4615125352653618,0.2354931753247655,0.30299428940987283
90352291,4629,A,A,0.1949522914211882,0.19663283911003115,0.6084148694687807
90352296,4724,D,H,0.5622846355256447,0.2428953393151951,0.19482002515916025
90352297,4675,H,A,0.29096385084204374,0.25814548364980383,0.45089066550815243
90352298,4629,H,H,0.4462288197445871,0.2946243229847221,0.2591468572706908
90352304,4634,A,A,0.32807258013663887,0.3057099895174469,0.3662174303459142
90352305,4675,D,H,0.40777764627478913,0.3045754862284924,0.28764686749671853
90352308,4724,H,H,0.5700477546271097,0.2785125838569892,0.15143966151590119
90352309,4724,H,A,0.31052810132244746,0.26649827562692374,0.42297362305062886
90352310,4629,H,H,0.5801664615141404,0.21997243447376996,0.19986110401208962
90352311,4629,A,H,0.4203467238212652,0.2681440281978696,0.31150924798086516
90352312,4629,A,H,0.4765383782022471,0.2718366428965065,0.25162497890124647
90352313,4630,D,A,0.28707363829064736,0.22996436018414723,0.48296200152520546
90352317,4634,D,A,0.1193212968150426,0.2325663973394461,0.6481123058455113
90352318,4629,H,H,0.6119747762980243,0.2163626958663438,0.17166252783563185
90352320,4724,H,H,0.4833874966908376,0.26323949470515284,0.2533730086040095
90450275,4724,H,H,0.5508182139251168,0.24069866544467608,0.20848312063020713
90450277,4630,D,H,0.40174363914383143,0.2716007772058752,0.3266555836502933
90559695,4724,H,H,0.6018102569075758,0.23309698709097282,0.16509275600145143
92627898,4675,D,H,0.4421064469386286,0.3085720972514878,0.24932145580988363
92990950,4634,H,H,0.5062346741558947,0.2870333205303217,0.20673200531378363
94360868,4675,A,A,0.3154841386582997,0.203502277937173,0.48101358340452727
94360869,4630,H,H,0.620013656207994,0.19787004833609323,0.18211629545591285
94360874,4634,A,A,0.3038337486912776,0.2879081359495396,0.4082581153591829
94360880,4634,H,A,0.31409412524583996,0.2771347304072096,0.4087711443469504
94360881,4630,H,H,0.4525939064050325,0.26813599946420763,0.2792700941307599
94360887,4634,A,A,0.20705762224496846,0.259691629023312,0.5332507487317195
94360889,4675,D,A,0.2003889398702681,0.2735333025944441,0.5260777575352878
94360890,4675,D,H,0.49625301404635885,0.2762938477947525,0.2274531381588886
94360891,4675,H,A,0.22928434245500445,0.24785794139722142,0.5228577161477741
94360892,4675,A,A,0.2503725620111887,0.27071859175090635,0.4789088462379049
94360893,4675,H,H,0.5083179364091224,0.24247952936522815,0.24920253422564945
94360897,4634,A,H,0.3689018820525773,0.2908359413159377,0.34026217663148506
94638448,4634,H,H,0.6838783426892304,0.19610354929421472,0.12001810801655471
94638450,4634,A,A,0.35385715001176365,0.26128258004446625,0.38486026994377015
94638453,4675,A,H,0.5420463876669727,0.25777873661507017,0.20017487571795717
94638454,4630,A,A,0.25024216978775493,0.2023989553941555,0.5473588748180895
94638458,4634,H,H,0.785843459923423,0.17030714271685723,0.04384939735971977
94638462,4675,A,H,0.8437569952465968,0.1153758101360962,0.04086719461730712
94638464,4630,D,A,0.16966946767928964,0.2667998865180591,0.5635306458026513
94638468,4634,H,H,0.40823684361262436,0.2997863138564149,0.2919768425309608
94678160,4724,A,A,0.244258741281479,0.24478231385248853,0.5109589448660324
94678161,4724,A,A,0.26646477058121226,0.3348743596663449,0.39866086975244286
94678162,4724,H,A,0.339468573751198,0.2617899829147559,0.3987414433340461
94678163,4724,H,D,0.32078144568074646,0.35709807559231693,0.3221204787269366
94678164,4724,A,A,0.21011636424723593,0.2650058218020811,0.5248778139506829
94678165,4724,H,H,0.568269933308376,0.2366606017096101,0.19506946498201386
94907114,4634,D,H,0.38492763922099965,0.36098542801563044,0.25408693276336997
94907115,4630,D,H,0.4623676102324473,0.25527245929739556,0.2823599304701572
95530892,4629,A,A,0.31874131854573423,0.2902563020265648,0.39100237942770083
95697293,4629,D,H,0.37962237415538513,0.2538637065086377,0.36651391933597716
95697296,4629,H,H,0.5562242923771131,0.2325149002198268,0.21126080740306005
96032296,4675,D,H,0.754018339683312,0.15330402516470348,0.09267763515198446
96032297,4675,H,H,0.6380917163874923,0.24144540764201947,0.12046287597048821
96032299,4629,D,H,0.6429065369702084,0.18890508960170357,0.1681883734280881
96032302,4675,H,H,0.6552199026467699,0.22471182017077035,0.12006827718245976
96032303,4629,A,A,0.30250868170455225,0.2841014425841749,0.4133898757112728
96032304,4675,H,H,0.47599325232494505,0.3346726849097256,0.18933406276532927
96032305,4629,D,H,0.4955764719721918,0.28166550369263516,0.22275802433517303
96032306,4629,D,A,0.3163695914282727,0.3194792756761832,0.36415113289554407
96032307,4629,D,A,0.24941780617380213,0.2942943130434717,0.45628788078272603
96032309,4629,D,A,0.25649654755257967,0.2676663644592027,0.47583708798821756
96348848,4675,H,H,0.3939118276664363,0.2306507794397081,0.3754373928938556
96348849,4675,A,A,0.14218121773695713,0.19243397102987914,0.6653848112331637
96348850,4675,H,H,0.45617239011039357,0.2922858440359216,0.2515417658536847
96348851,4675,D,H,0.44253071783167813,0.3364743916980205,0.22099489047030124
96348852,4675,D,H,0.6075980545971301,0.25366173653330193,0.13874020886956792
96387280,4724,H,H,0.38623881359013973,0.31788077957538174,0.2958804068344784
96387281,4634,D,H,0.3872217495476158,0.3395181861802988,0.2732600642720855
96387282,4634,A,H,0.627014014656924,0.24319656454814725,0.12978942079492886
96387283,4724,A,A,0.2843054965954203,0.2997572317878568,0.4159372716167229
96387284,4724,H,H,0.48175713881339555,0.24407829197890632,0.2741645692076981
96387285,4634,A,H,0.3660824338119945,0.29025399839733174,0.34366356779067375
96387286,4724,D,H,0.7225339330872683,0.1929887567058236,0.08447731020690807
96387287,4724,H,H,0.6160558066588526,0.21819843430063693,0.16574575904051034
96387288,4634,D,H,0.6289520292460815,0.22120386845509454,0.14984410229882392
96387289,4724,A,A,0.18461809258964806,0.19522171023944404,0.6201601971709079
96387290,4724,D,H,0.5664243519698687,0.21390160747384104,0.21967404055629022
96387291,4724,D,H,0.43243390491535383,0.2719368405603895,0.29562925452425654
96387292,4724,D,H,0.4999784532851666,0.2582447180922052,0.24177682862262817
96545570,4634,H,H,0.5334348588140962,0.30766228151630265,0.1589028596696011
96545571,4724,A,A,0.21869529949736147,0.2674925833826226,0.513812117120016
96545572,4634,D,A,0.19122091464943708,0.2758825912939612,0.5328964940566017
96545573,4634,A,A,0.2504980896678303,0.22759374458277928,0.5219081657493904
96545574,4634,H,H,0.4976408094118344,0.29710887079134235,0.20525031979682323
96545575,4634,A,A,0.1770247417780363,0.24606273878608886,0.5769125194358748
96545576,4634,A,A,0.3124873085952002,0.3267511573723005,0.3607615340324994
96545577,4630,A,H,0.5012961643513241,0.19181606159836376,0.30688777405031226
96545578,4630,H,H,0.5057811459582537,0.30982532267799023,0.1843935313637561
96545580,4630,H,A,0.28519597011260744,0.25867079296952894,0.45613323691786367
96545581,4630,D,H,0.47656337283744427,0.22430803839278968,0.29912858876976606
96545582,4630,A,A,0.1688092299863738,0.20328117423975034,0.627909595773876
96735889,4630,H,H,0.677719969804547,0.16442383920975406,0.15785619098569895
96735891,4630,H,H,0.7705360847346155,0.16064656058986712,0.06881735467551742
96735892,4630,H,H,0.6045487105694932,0.19410024837261414,0.20135104105789264
96910291,4630,A,H,0.4687740830744765,0.24214498434205495,0.2890809325834686
96910292,4630,D,H,0.5329872430657955,0.24307461144076192,0.22393814549344257
97226251,4634,H,H,0.551690511564502,0.28263813593122883,0.16567135250426912
97226252,4634,H,H,0.6206996957490076,0.2413115348383813,0.13798876941261098
97226253,4634,A,A,0.2185644677578354,0.24207156941573527,0.5393639628264294
97569935,4675,H,H,0.6363220043136198,0.24836697845737793,0.11531101722900226
97569937,4675,D,H,0.42948657507193183,0.26543715073166724,0.305076274196401
97569942,4675,H,A,0.23455215687944828,0.2763070491898634,0.48914079393068843
97569943,4675,D,A,0.3079836897797965,0.2757719335472186,0.41624437667298486
97911321,4724,H,H,0.5750860173958682,0.26912635760430653,0.15578762499982535
97911322,4634,D,H,0.643075382820539,0.19574259520583145,0.16118202197362952
97911323,4724,H,H,0.5787440669310654,0.18690632101648674,0.23434961205244773
97911324,4629,H,A,0.2545077917247613,0.2840338821965539,0.4614583260786848
97911326,4634,D,H,0.42923597462383417,0.2821578223963761,0.2886062029797897
97911327,4724,H,H,0.5565068938813945,0.24246934494545516,0.20102376117315035
97911328,4630,H,A,0.31918567042705764,0.18836086004574548,0.49245346952719693
97911329,4629,D,H,0.531522498932921,0.20685925740793526,0.26161824365914377
97911331,4634,D,A,0.274037430604169,0.29766259346616764,0.4282999759296634
97911333,4724,H,H,0.47131430375719,0.27406747740510495,0.2546182188377051
97911334,4629,A,H,0.5118967542563945,0.25612422255742046,0.2319790231861851
97911335,4629,A,H,0.5303560507797735,0.2533707477135027,0.21627320150672377
97911336,4629,H,H,0.6180348120894651,0.2211273129489977,0.16083787496153718
97911337,4630,H,A,0.29139563788723016,0.2837106876833462,0.42489367442942366
97911338,4630,A,H,0.4146026925420347,0.28973126033880775,0.2956660471191576
97911339,4630,D,H,0.522013430171593,0.23545539338946592,0.2425311764389412
97911340,4634,D,H,0.4663469188052374,0.31645283018105236,0.21720025101371035
97911341,4629,D,H,0.46299178843892236,0.26781252615208345,0.26919568540899425
97911342,4724,D,H,0.5912572430588765,0.24902323576240906,0.1597195211787145
97911343,4629,A,A,0.2356949276435849,0.2732417342517842,0.4910633381046309
97911344,4634,D,H,0.5667640397124689,0.22533268947792018,0.20790327080961093
97911345,4724,H,H,0.5336761470896652,0.24950131213246193,0.21682254077787286
97911346,4634,A,A,0.33135210610224347,0.27029904990516357,0.3983488439925929
97911347,4630,A,A,0.10370237306158707,0.1953038661756191,0.7009937607627937
97911348,4724,A,A,0.16751024984810076,0.2716203653690407,0.5608693847828585
97911349,4629,H,H,0.46904729221312297,0.2802240406671474,0.25072866711972974
97911350,4634,A,H,0.4706620273959461,0.29740295885269125,0.23193501375136258
97911351,4630,D,H,0.515502633172304,0.2693337549741309,0.21516361185356503
97911352,4630,D,A,0.3279778768174349,0.25250025440262835,0.41952186877993664
97911353,4630,H,H,0.5523858690040052,0.2318178738312466,0.21579625716474815
97911354,4675,A,A,0.07754348303922451,0.17037033020194495,0.7520861867588304
97911355,4675,D,H,0.4253437987701546,0.2978488826006976,0.2768073186291478
97911356,4675,A,H,0.3636042672825515,0.2987593701184356,0.33763636259901286
97911357,4675,A,A,0.2913098763918809,0.23735645955372664,0.4713336640543923
97911358,4675,H,H,0.7403780807296539,0.17213789293616247,0.08748402633418359
97911359,4724,D,H,0.44355034568168994,0.27681944523674157,0.27963020908156855
97911360,4724,D,A,0.3045469365178034,0.30755734887330927,0.38789571460888744
97911361,4634,H,H,0.6055878695624188,0.2858321093384452,0.10858002109913593
97911362,4630,D,A,0.2961898830593418,0.21783815077771096,0.48597196616294713
97911363,4629,A,A,0.1504046159781568,0.19897495847049834,0.6506204255513448
97911364,4634,H,H,0.677827614292282,0.20585467444838612,0.11631771125933182
97911365,4724,H,A,0.2880050122807705,0.27698438889862426,0.4350105988206051
97911366,4634,A,H,0.45815471274633207,0.28277215107087,0.259073136182798
97911367,4630,A,A,0.1705498947212342,0.2028235138281529,0.6266265914506128
99654835,4634,D,A,0.13429123897072762,0.2561202777526651,0.6095884832766073
99654836,4724,A,H,0.6652618267991854,0.19058828794221697,0.14414988525859754
99654837,4634,D,H,0.650429364688542,0.26234660251111536,0.08722403280034265
99654838,4724,H,H,0.5562990134988097,0.23307406171610018,0.21062692478509007
99654839,4629,A,H,0.37980173344697093,0.24426545266561878,0.3759328138874103
99654841,4634,H,A,0.22887806398480154,0.28658926490068337,0.48453267111451515
99654842,4724,A,A,0.27402134640621867,0.2692194125575659,0.4567592410362155
99654843,4675,D,H,0.5426597427483945,0.2936056809593091,0.16373457629229637
99654844,4629,A,H,0.40665015413262123,0.32709363324448404,0.26625621262289473
99654845,4634,H,H,0.4532219019012128,0.2985541608143615,0.2482239372844257
99654846,4675,H,H,0.6879085820918214,0.2188867664679232,0.0932046514402554
99654847,4724,D,H,0.3798058654587182,0.31815408696361897,0.30204004757766273
99654848,4724,H,H,0.5277558439674221,0.24655836669126305,0.22568578934131484
99654849,4629,D,A,0.1432269429245309,0.2745393811929219,0.582233675882547
99654850,4629,H,A,0.26595477864030564,0.3112275013409111,0.4228177200187832
99654851,4629,A,H,0.42614098900455344,0.299286281976508,0.27457272901893864
99654853,4634,H,H,0.4765764698344134,0.30183643515640013,0.22158709500918639
99654854,4629,A,A,0.3443113570652622,0.29928129692415434,0.35640734601058344
99654855,4724,H,H,0.5626350519440274,0.24030140197240193,0.19706354608357057
99654857,4629,H,H,0.5811099501598511,0.19162972232500203,0.22726032751514677
99654858,4634,H,H,0.44828203967888647,0.2902958893129127,0.2614220710082007
99654859,4724,D,A,0.3290936663027773,0.30243749259952235,0.36846884109770034
99654860,4675,H,H,0.4929226986690735,0.17501909044214517,0.33205821088878135
99654861,4634,H,H,0.4828933446907683,0.23487857315138025,0.2822280821578515
99654862,4724,A,A,0.20004183305508264,0.20239881150827435,0.5975593554366431
99654863,4629,H,H,0.5204042262213916,0.25320318269258424,0.22639259108602416
99654864,4634,A,H,0.5911379102215121,0.24775631783923843,0.1611057719392496
99654865,4675,D,A,0.2505161028918259,0.22585368155156801,0.523630215556606
99654866,4675,A,H,0.46616211116922585,0.3089340939719958,0.22490379485877848
99654867,4675,D,H,0.6267140475392435,0.2616079934206175,0.11167795904013893
99654868,4675,D,H,0.6244454790897703,0.2484434895276077,0.12711103138262195
99654869,4675,H,H,0.3927019986018459,0.30407590480756913,0.3032220965905849
99654870,4724,A,A,0.23756057922584087,0.31074517300087356,0.45169424777328554
99654871,4634,D,H,0.4357951367473438,0.3149576168123937,0.24924724644026242
99654873,4629,D,H,0.5891177272161985,0.2165373681617392,0.1943449046220624
99654874,4634,A,H,0.35800616063797913,0.2930957850368167,0.34889805432520415
99654875,4724,A,H,0.3813172451215654,0.3349192603785773,0.2837634944998574
99654876,4675,H,H,0.6576362237414469,0.1991558571207453,0.14320791913780784
100477631,4630,A,A,0.2688058201962523,0.22219267755965433,0.5090015022440934
100477632,4630,H,H,0.7389643217257176,0.17005661343329073,0.09097906484099162
100477633,4630,H,H,0.6450552594291232,0.19419997927089455,0.16074476129998214
100477634,4630,A,A,0.3295065999873989,0.29005961975539724,0.3804337802572038
100477635,4630,H,H,0.5055060663568302,0.23206955007025246,0.26242438357291736
100477636,4630,A,H,0.5578203438712485,0.2165733402150494,0.22560631591370212
100477637,4630,A,A,0.25374998388170567,0.19517006959940802,0.5510799465188864
100477638,4630,A,H,0.5272640809569665,0.21516089841653893,0.2575750206264945
100477639,4630,A,H,0.6171918372620276,0.24387247074999732,0.1389356919879751
100477640,4630,H,H,0.45206665917947036,0.25072342246346424,0.29720991835706534
101118597,4630,A,A,0.3458062998711821,0.25074662418249716,0.40344707594632073
101118599,4630,A,A,0.16509521577435318,0.258599856577698,0.5763049276479489
101118602,4630,D,H,0.6816981870291107,0.17857994340896466,0.13972186956192462
101118607,4630,A,H,0.5113546249170527,0.23331014904969077,0.2553352260332565
101118608,4630,H,A,0.34957837912001904,0.26166028329879065,0.3887613375811903
101118609,4630,D,H,0.4631029794463592,0.26639567426977295,0.27050134628386796
101118610,4630,A,A,0.2935202407235818,0.2116084366392422,0.49487132263717604
101118611,4630,A,A,0.09061302362951479,0.16851584711031847,0.7408711292601667
101118613,4630,A,A,0.16746456367820722,0.19785100474095066,0.6346844315808421
101515916,4724,H,A,0.20596123969262092,0.27070043952447964,0.5233383207828993
101515917,4629,H,H,0.451729117913605,0.21338250079117427,0.3348883812952207
101515918,4724,A,A,0.2159497420198908,0.28961537086909594,0.49443488711101313
101515919,4675,H,A,0.1518250090574824,0.18626577804364924,0.6619092128988683
101515920,4629,D,A,0.30268134387435414,0.2770459470229361,0.42027270910270986
101515921,4675,D,A,0.3383787465226238,0.2856704457451356,0.37595080773224077
101515922,4724,D,H,0.520861735414298,0.2733543105876512,0.20578395399805074
101515923,4724,D,A,0.22992834483350755,0.2512070660979841,0.5188645890685083
101515924,4629,H,H,0.4154959286728177,0.2832007957026627,0.30130327562451964
101515925,4629,A,H,0.5449110194170728,0.2555322447874247,0.19955673579550262
101515926,4629,H,H,0.6065886129340025,0.24602142403445418,0.14738996303154336
101515927,4629,A,H,0.49599605403618324,0.2795401780747287,0.22446376788908823
101515928,4724,A,A,0.3463620756734293,0.2545350769261152,0.3991028474004556
101515929,4629,A,A,0.1206890566368484,0.18687334238819622,0.6924376009749554
101515930,4724,H,H,0.6875656631086945,0.19615126004010025,0.11628307685120531
101515931,4675,H,H,0.5838786254925332,0.24943264550895228,0.16668872899851447
101515932,4724,D,A,0.19079037078945227,0.21775906527645,0.5914505639340977
101515933,4629,H,H,0.5386929452536421,0.22183727345618637,0.23946978129017155
101515934,4675,A,A,0.15454358020080403,0.2248595641867674,0.6205968556124286
101515935,4675,A,A,0.16916040697531678,0.1949361830227391,0.6359034100019441
101515936,4675,A,H,0.5074491446629315,0.30292494045424706,0.18962591488282146
101515937,4675,H,H,0.3506255131590538,0.30650886382520176,0.34286562301574447
101515938,4675,D,A,0.23413142490497474,0.2694278359692354,0.49644073912579
101515939,4724,D,H,0.4342697279515168,0.2996238697403834,0.2661064023080998
101515940,4724,H,H,0.8242343644200582,0.12951866101138157,0.046246974568560195
101515941,4629,H,A,0.3180893430364205,0.2583667407355867,0.42354391622799276
101515942,4675,A,A,0.2960194938905349,0.3388258291475439,0.3651546769619212
101515943,4724,H,H,0.5779413682903275,0.219114871983637,0.20294375972603557
101515944,4724,H,A,0.3577900623293098,0.23936103233188055,0.4028489053388096
101515948,4630,D,H,0.5783008390044992,0.20814815926838484,0.213551001727116
101750691,4634,H,H,0.4371917384994255,0.22003853559906178,0.3427697259015128
101750693,4634,D,H,0.5143462199632588,0.299073021766478,0.18658075827026321
101750694,4634,A,A,0.3086591990486532,0.2906227374851432,0.40071806346620353
101750695,4634,D,H,0.4221464377929729,0.36705176521972943,0.21080179698729773
101750696,4634,D,A,0.12680502685988804,0.216401196462806,0.656793776677306
101750697,4634,A,A,0.28553312363889494,0.24692677012813236,0.4675401062329727
101750698,4634,H,H,0.5337384730945988,0.2815696252793742,0.18469190162602697
101750699,4634,H,H,0.5460629157472615,0.260736795243771,0.1932002890089675
101750700,4634,D,H,0.3506599687884534,0.3180408813544008,0.3312991498571458
101750712,4634,D,H,0.525380615722598,0.28264440374102323,0.19197498053637882
102977692,4630,H,H,0.6069736678316603,0.16420189163694732,0.22882444053139248
102977693,4630,A,A,0.15835343816861627,0.18946554887423728,0.6521810129571465
102977694,4630,A,H,0.4354279912410599,0.2779575634688731,0.286614445290067
102977695,4630,H,H,0.4969796762840091,0.2939423899005454,0.2090779338154456
102977696,4630,D,H,0.5048264395510651,0.23505364313112442,0.2601199173178104
102977697,4630,H,H,0.6095583056896492,0.20382430414500788,0.18661739016534296
102977703,4630,H,H,0.6874096836205417,0.21633864834995614,0.0962516680295022
102977706,4630,H,H,0.6993456590460015,0.17250241924544707,0.1281519217085514
103372503,4634,H,H,0.6665273713469189,0.21645056760937026,0.11702206104371085
103372504,4630,H,H,0.41000540866337054,0.26382314547776586,0.3261714458588635
103372505,4724,H,A,0.3670592149144512,0.2551229179102679,0.3778178671752808
103372506,4724,H,H,0.4803048196897852,0.2658857305489427,0.253809449761272
103372507,4634,H,H,0.728706276384456,0.18499430377227286,0.08629941984327114
103372508,4724,D,A,0.325389435211949,0.26248658714259304,0.4121239776454579
103372509,4629,H,H,0.5301668717211245,0.21968883090115857,0.2501442973777169
103372510,4675,H,H,0.42182727195053277,0.2919310712019925,0.28624165684747466
103372511,4634,D,H,0.4413862940989555,0.31196761673323437,0.24664608916781008
103372512,4724,A,A,0.06917430557523022,0.1736152568552528,0.757210437569517
103372513,4675,A,H,0.6377374062608342,0.20118040157671888,0.161082192162447
103372514,4629,D,H,0.6384931854677851,0.20663741924346152,0.15486939528875332
103372515,4634,H,A,0.27517988886558703,0.2764553187680611,0.4483647923663519
103372516,4675,D,H,0.534240163157267,0.2691821862977813,0.19657765054495185
103372517,4724,D,A,0.2289099785981949,0.31023411169586496,0.4608559097059401
103372518,4629,A,A,0.348261695091763,0.2830559931095864,0.3686823117986506
103372519,4629,D,H,0.6196717221519901,0.23181709914195203,0.14851117870605787
103372520,4629,H,A,0.22702796927030333,0.27037705390442607,0.5025949768252707
103372521,4634,D,H,0.3538527055152961,0.3164641892624627,0.3296831052222412
103372522,4629,A,H,0.4224292620204171,0.23139861463896466,0.3461721233406183
103372523,4724,H,H,0.7050092642222299,0.18432994883331877,0.11066078694445126
103372524,4629,A,A,0.22328985472817447,0.25651826621698925,0.5201918790548362
103372525,4634,D,A,0.13847944008909147,0.246201934127675,0.6153186257832335
103372526,4724,H,H,0.45223963337232526,0.2929938252931136,0.2547665413345612
103372527,4675,H,H,0.5404383722013489,0.21205898580202256,0.24750264199662844
103372528,4634,D,H,0.47922817497201103,0.2828855859035546,0.2378862391244344
103372529,4724,A,A,0.27677734143069127,0.3097451722221137,0.41347748634719506
103372530,4629,A,H,0.41606485972413443,0.3256386864430055,0.2582964538328601
103372531,4634,H,H,0.5583822805023537,0.2648717073182125,0.17674601217943364
103372532,4675,D,H,0.72116572306702,0.20071301804572078,0.07812125888725928
103372533,4675,D,H,0.6333464292556578,0.2627773858780946,0.1038761848662477
103372534,4675,H,H,0.49179329665582217,0.2978501063034592,0.21035659704071857
103372535,4675,D,H,0.3837742723331377,0.31869709949125347,0.2975286281756088
103372536,4724,A,D,0.3491621264953331,0.3782958333379843,0.2725420401666825
103372537,4634,A,A,0.24216360452125962,0.32940809272797006,0.42842830275077026
103372538,4629,A,A,0.31994118228850454,0.3218935802025828,0.3581652375089126
103372539,4634,A,H,0.5523067706980508,0.2822213857867682,0.165471843515181
103372540,4724,H,H,0.5462474698895666,0.25730359109003104,0.1964489390204023
103372541,4675,H,H,0.8245159643805859,0.13196571185415545,0.04351832376525858
103372542,4724,A,H,0.4174879207205282,0.24864956420274056,0.3338625150767312
104036583,4630,H,H,0.38799958468174145,0.22515404938474645,0.38684636593351207
104988750,4630,H,H,0.6355157965858657,0.19386834705311837,0.170615856361016
104988751,4630,H,H,0.6995775185162626,0.16811057714009317,0.13231190434364423
104988752,4630,A,A,0.2284289036455853,0.3160080892119437,0.45556300714247105
104988753,4630,A,A,0.20252585355298297,0.2061054127029961,0.591368733744021
104988754,4630,A,A,0.14293858680356783,0.16834224104404677,0.6887191721523854
104988755,4630,H,H,0.4122098530276532,0.26216165161765564,0.3256284953546912
104988756,4630,H,A,0.28890236881065934,0.2596617681158079,0.45143586307353273
104988757,4630,A,H,0.3987497472207349,0.2434612856962148,0.3577889670830503
104988758,4630,D,A,0.3303259698012951,0.2730094454437682,0.3966645847549367
105462393,4630,A,A,0.05481318436535568,0.16996371285077327,0.7752231027838712
105462394,4724,H,H,0.7744724169199102,0.13879802177591946,0.08672956130417017
105462395,4634,D,H,0.37585254966123766,0.2546280818350839,0.3695193685036784
105462396,4724,H,A,0.2721552065119831,0.21715654573785764,0.5106882477501592
105462397,4629,A,A,0.332586624961136,0.28303931674108623,0.3843740582977777
105462398,4634,H,A,0.22595099536161187,0.256050527875949,0.517998476762439
105462399,4724,A,H,0.4551489244765639,0.24058350753754387,0.30426756798589216
105462400,4675,H,H,0.44223594412134654,0.3028737267874436,0.25489032909120973
105462401,4629,A,H,0.5427408809043053,0.28081740775398617,0.17644171134170863
105462402,4634,H,H,0.5796149935622826,0.23941926802958674,0.18096573840813066
105462403,4675,A,A,0.09610456224718512,0.18218644664971115,0.7217089911031037
105462404,4724,D,H,0.43355271147164515,0.30582394650032413,0.2606233420280308
105462405,4724,A,H,0.45422977162146555,0.29325834989498567,0.25251187848354867
105462406,4629,H,H,0.6191878172546618,0.18866128534716425,0.19215089739817406
105462407,4629,D,H,0.40698449433900635,0.2581866062482665,0.33482889941272714
105462408,4629,A,H,0.4834782082928406,0.2850220731485696,0.23149971855858975
105462409,4634,H,H,0.47119806315703205,0.3432086732383215,0.1855932636046465
105462410,4629,H,A,0.33736301509494654,0.2598897051463155,0.402747279758738
105462411,4724,H,H,0.49828725172735333,0.26815452351356583,0.23355822475908086
105462415,4629,A,A,0.1873338815919281,0.24995737066430448,0.5627087477437674
105462416,4634,D,A,0.21735421075032513,0.2328197473598048,0.5498260418898702
105462417,4724,D,A,0.36172804486403215,0.2526825557682945,0.38558939936767334
105462418,4675,A,A,0.24389327229085042,0.2548282198614845,0.501278507847665
105462419,4634,D,H,0.4513797562397076,0.2727614849710183,0.275858758789274
105462420,4724,A,A,0.3016392346841351,0.2796168896520391,0.41874387566382587
105462421,4629,A,A,0.3077196106743309,0.2396267734882198,0.4526536158374492
105462422,4634,D,H,0.4354349925174336,0.324102762303986,0.2404622451785805
105462423,4675,A,H,0.36059353206029227,0.31190970297509973,0.327496764964608
105462424,4675,A,H,0.391146365165773,0.24978752485920178,0.35906610997502525
105462425,4675,A,A,0.22317576725111576,0.24837259067894057,0.5284516420699437
105462426,4675,D,A,0.33376372896513684,0.31254052969508606,0.35369574133977716
105462427,4675,A,A,0.2369134109325494,0.26834775119832033,0.4947388378691302
105462428,4724,D,H,0.5728632688232435,0.26730544891914576,0.15983128225761079
105462429,4634,H,H,0.38650234756936475,0.283360167091149,0.33013748533948634
105462432,4629,D,A,0.19942466564260888,0.21217530364663523,0.588400030710756
105462433,4634,H,H,0.5224543259946542,0.3157800931201396,0.16176558088520623
105462434,4724,A,A,0.31472273872173134,0.2312610236841733,0.4540162375940954
105462435,4675,D,A,0.15605882813735214,0.20090070161062978,0.643040470252018
105462438,4724,H,H,0.5938754865608585,0.1950629165988826,0.21106159684025885
105462439,4724,A,A,0.2340940400775965,0.29541868827170853,0.47048727165069504
105462443,4634,H,H,0.45156226318601883,0.2992902412620907,0.24914749555189053
106903882,4675,H,H,0.7936605724514492,0.1390250582833307,0.06731436926522014
106903883,4675,H,H,0.479277166335566,0.27918700597539375,0.2415358276890403
106903884,4630,D,H,0.47233167739725956,0.18421915231349034,0.34344917028925004
106903885,4675,A,H,0.3699979343719611,0.304290376891054,0.325711688736985
106903886,4630,D,H,0.6023144355938655,0.24614655530852642,0.151539009097608
106903887,4630,H,H,0.5202409603887822,0.23604217834316715,0.24371686126805067
106903888,4630,A,H,0.4399529548109396,0.21975054010512768,0.3402965050839328
106903889,4630,H,H,0.8055517509705975,0.10644627986861635,0.08800196916078616
106903890,4630,H,H,0.47947972357299623,0.2624727740916748,0.25804750233532897
106903891,4630,D,H,0.4165423562868013,0.2590352651837281,0.3244223785294707
106903892,4630,D,H,0.6959250713424444,0.20681009264517716,0.09726483601237852
106903893,4675,H,H,0.4660991370667304,0.2760421261938662,0.2578587367394034
106903894,4675,D,H,0.5803591916095181,0.2660201441464422,0.15362066424403964
106903895,4675,H,H,0.7688925878831632,0.17773605442943782,0.05337135768739904
106903896,4675,H,H,0.7361556391502786,0.19112520720156279,0.07271915364815863
106903897,4630,H,H,0.5631351179048684,0.21703690118911062,0.21982798090602104
106903898,4675,H,H,0.6617207092911823,0.24125350814882948,0.09702578255998827
107396010,4634,D,D,0.3283929309935217,0.3394655749948725,0.33214149401160575
107396011,4634,A,H,0.43085209959016735,0.32138791833693725,0.24775998207289543
107396012,4634,H,H,0.6819938909640152,0.20597640859707808,0.11202970043890675
107396013,4634,A,A,0.2808473289718969,0.28545726185138304,0.43369540917672006
107396014,4629,H,H,0.4456765818373181,0.28701584893318455,0.2673075692294973
107396015,4629,H,H,0.44462418979793994,0.2786853091894142,0.27669050101264586
107396016,4634,H,H,0.5137893230500732,0.2668918392928809,0.21931883765704585
107396017,4629,D,H,0.6763143051407992,0.18346472030169483,0.14022097455750604
107396018,4634,H,H,0.6057331749337072,0.2492637552045,0.1450030698617928
107396019,4675,A,A,0.31895216511818586,0.25963302514550674,0.42141480973630746
107396020,4634,A,A,0.21928802348498524,0.2850820660635504,0.49562991045146443
107396021,4634,H,A,0.1421048942846301,0.25559367414900336,0.6023014315663667
107396022,4634,H,H,0.5232988681787422,0.25444016317475304,0.2222609686465048
107396023,4634,H,H,0.6990849262482284,0.19372126625704258,0.10719380749472894
107396024,4630,H,A,0.3559090513458678,0.22910061997075956,0.41499032868337254
107396025,4724,A,A,0.20975890608813702,0.19126442793950435,0.5989766659723585
107456180,4629,A,A,0.2583830903095628,0.2720608735617741,0.46955603612866315
107701020,4724,A,H,0.5191744625554062,0.27674369707189794,0.2040818403726959
107701021,4724,D,A,0.321026489833137,0.2562865412944565,0.4226869688724066
107701022,4724,H,H,0.6292716720854151,0.24515479659582354,0.12557353131876142
107701023,4724,A,D,0.30405664891648126,0.3507481614843354,0.34519518959918327
107701024,4724,D,H,0.4622116742809994,0.24683640295708714,0.29095192276191345
107701025,4724,A,H,0.4233081185950486,0.27598291992852464,0.30070896147642684
107701026,4724,H,H,0.3478189461342578,0.3150195491010799,0.3371615047646624
107701027,4724,H,H,0.45267523344923505,0.339084230523352,0.2082405360274129
107701029,4724,D,H,0.3942898392965799,0.2217333004756393,0.38397686022778077
107991856,4629,D,H,0.432796708249754,0.25504291106716326,0.3121603806830827
107991857,4629,A,H,0.4171785823243899,0.34247782748462036,0.2403435901909897
107991867,4630,H,H,0.4444158969540575,0.23942333469432425,0.3161607683516183
107991871,4629,H,H,0.662130877648998,0.20600967325018738,0.13185944910081468
107991872,4629,H,A,0.3029060097218524,0.25823083934233637,0.4388631509358112
107991873,4629,A,H,0.4833061174893289,0.24372004924496082,0.2729738332657103
109292214,4675,H,H,0.556308358583167,0.2152968457975902,0.22839479561924286
109292215,4675,A,A,0.1287040333869218,0.2076727354195261,0.6636232311935523
109292216,4630,D,A,0.2854085087799868,0.2368270118706131,0.47776447934940014
109292218,4675,A,A,0.19288817009189432,0.2466281092350524,0.5604837206730533
109292219,4630,H,A,0.2547313718777725,0.22323050529652186,0.5220381228257056
109292220,4630,D,H,0.4315712296861033,0.2549680172889613,0.3134607530249354
109292221,4630,H,A,0.282317608935059,0.2778894100835069,0.4397929809814341
109292223,4675,A,A,0.2844530511553072,0.27483438901163904,0.44071255983305374
109292224,4675,A,A,0.06901288643355175,0.16319655937150163,0.7677905541949466
109292225,4675,D,H,0.4103331305144894,0.30503658546520573,0.28463028402030494
109292226,4675,A,H,0.36628941194172054,0.31533844515714754,0.3183721429011319
109834363,4634,A,H,0.3972005188714307,0.2562415094121405,0.34655797171642877
109834364,4629,A,A,0.15150635920166972,0.20268244325055357,0.6458111975477766
109834365,4634,H,A,0.3133694903427952,0.29417986573696747,0.3924506439202374
109834366,4634,A,H,0.5193390135804488,0.33911790413714593,0.14154308228240534
109834367,4629,H,H,0.3865473159620991,0.23967681520370238,0.37377586883419855
109834368,4634,H,H,0.3954187738863413,0.30095630302273996,0.3036249230909187
109834369,4629,H,H,0.5024632004274072,0.28801029295160807,0.20952650662098468
109834370,4629,H,A,0.2927066332269806,0.2785868156330678,0.4287065511399517
109834371,4629,D,H,0.5359517166041388,0.28393315079192455,0.1801151326039367
109834372,4634,A,H,0.48437416170798114,0.2968645117515815,0.21876132654043728
109834373,4629,D,H,0.5169320773489684,0.19327131008914622,0.2897966125618854
109834374,4634,H,H,0.5623958940524536,0.2555670648047975,0.18203704114274888
109834375,4634,H,A,0.23010935115778913,0.2571010325006051,0.5127896163416059
109834376,4724,A,A,0.3381504589617925,0.30848736675696775,0.3533621742812396
109834377,4629,A,H,0.378671081024056,0.2778176203122559,0.3435112986636882
109834378,4634,A,A,0.1727025705013621,0.2307038704857669,0.596593559012871
109834379,4675,H,H,0.3975897042917317,0.33455698200890877,0.26785331369935944
109834380,4675,H,A,0.3313543542453118,0.30751056960474854,0.36113507614993967
109834381,4634,H,H,0.49040063005542295,0.33497049263543754,0.17462887730913942
109834382,4629,A,H,0.4176979497174956,0.32071597064488844,0.261586079637616
109834383,4634,H,H,0.5592056231137437,0.28176932809952054,0.15902504878673585
110164295,4724,D,H,0.7081323498694114,0.1628188490130981,0.12904880111749045
110164296,4724,H,H,0.6840197947933706,0.19965674143489914,0.11632346377173028
110164297,4724,A,H,0.5712404197326656,0.21450104035436654,0.21425853991296784
110164298,4724,A,A,0.24620289089447475,0.25026710062472957,0.5035300084807957
110164299,4629,A,H,0.47434827222348647,0.20697370181016547,0.3186780259663481
110164300,4724,A,A,0.26262160238518106,0.2771210594878743,0.4602573381269444
110164301,4724,A,A,0.34819256073713595,0.2739946263595814,0.37781281290328256
110164302,4724,H,H,0.45742007771883064,0.32861632151206793,0.21396360076910148
110164303,4724,A,A,0.24806376931400995,0.2528004532537616,0.4991357774322286
110164304,4724,D,H,0.5565993895196613,0.2175692629083977,0.22583134757194107
110919358,4630,H,H,0.7628359623437038,0.11694302395572388,0.12022101370057241
110919359,4630,H,A,0.27139946759118766,0.22779134757713107,0.5008091848316814
110919361,4630,H,H,0.6618421155299822,0.22356959993584885,0.11458828453416897
110919363,4630,A,H,0.37959203184884494,0.277416518592981,0.342991449558174
111217220,4630,A,A,0.2060248827513092,0.1905582475707576,0.6034168696779332
111217228,4630,H,A,0.1384858174057009,0.1948932540566415,0.6666209285376576
113581745,4629,H,H,0.4627473631298837,0.22910694910221444,0.3081456877679019
113581746,4634,H,H,0.4293734054582244,0.35157025099450984,0.21905634354726572
113891820,4630,D,A,0.3372971116285419,0.24486394034436818,0.4178389480270899
113891821,4724,A,A,0.3266454327326953,0.2365533721732092,0.4368011950940954
113891822,4675,A,H,0.5145833123629213,0.22364558954682487,0.2617710980902538
113891823,4630,H,H,0.526431553273362,0.23595273701307223,0.23761570971356571
113891824,4629,A,A,0.24124462516812287,0.26746934009855106,0.49128603473332616
113891825,4630,H,H,0.6688082290630424,0.18517554140511222,0.14601622953184543
113891826,4630,D,A,0.15144604522625313,0.30750799872531503,0.5410459560484319
113891827,4630,D,H,0.4415017533537178,0.2508165697553792,0.30768167689090303
113891828,4630,H,H,0.45456660924908604,0.24387950478302994,0.30155388596788396
113891829,4675,A,H,0.54129392000605,0.23950452397700128,0.2192015560169487
113891830,4675,D,H,0.5424330709436509,0.2888738503503615,0.16869307870598751
113891831,4675,H,H,0.7843736102851468,0.14705236503086339,0.06857402468398968
113891832,4675,D,H,0.7824326759474142,0.15864155448021944,0.05892576957236647
113891834,4724,D,H,0.5137644252860566,0.25997829225372004,0.22625728246022334
113891835,4630,H,H,0.5448698615614286,0.23293202057868928,0.22219811785988208
113891836,4724,H,H,0.47183802185301227,0.2616272609706319,0.2665347171763559
113891837,4634,D,H,0.5446475005613524,0.26160638941522335,0.19374611002342432
113891838,4724,H,A,0.3315013239753692,0.23301876778062422,0.4354799082440065
113891839,4629,D,H,0.371404956397261,0.3024193970864166,0.32617564651632236
113891841,4634,H,H,0.7189105320925987,0.16121897712520572,0.11987049078219554
113891847,4634,A,A,0.3249242109019835,0.33303147903927577,0.3420443100587409
113891848,4630,D,H,0.6413053591116877,0.22136959293007968,0.1373250479582326
113891849,4675,A,H,0.4769899113653978,0.2722970346365364,0.25071305399806587
113891851,4634,A,H,0.4346056919100743,0.30319583662173516,0.2621984714681906
113891852,4724,A,A,0.32313752732215395,0.21920741752350267,0.45765505515434335
114502448,4634,H,H,0.5983747951322425,0.20289742126317956,0.19872778360457802
114502449,4675,D,H,0.711305558873467,0.18114900657348063,0.10754543455305238
114502450,4630,D,A,0.317567641088433,0.19071052924541512,0.49172182966615186
114502451,4629,H,A,0.22538091972424204,0.27055633541700763,0.5040627448587502
114502452,4634,H,H,0.561818951456976,0.22520126163646012,0.2129797869065639
114502453,4675,D,H,0.6891992988731966,0.197261096577296,0.11353960454950732
114502454,4629,A,H,0.490681802268825,0.2559879228814619,0.2533302748497131
114502455,4629,A,A,0.29741034167900343,0.32449409452968736,0.37809556379130926
114502456,4630,H,H,0.6725724105463321,0.1636890586149583,0.16373853083870962
114502457,4629,A,A,0.2545057886493063,0.26128054051273586,0.484213670837958
114502459,4629,A,H,0.5736847574089667,0.2421209081199021,0.1841943344711311
114502460,4675,D,H,0.531195739147471,0.3163821614268792,0.1524220994256499
114502461,4629,A,A,0.22543434778341204,0.19496760968627863,0.5795980425303093
114502464,4634,A,H,0.42257398006804403,0.2628757003870724,0.3145503195448836
114502478,4634,D,H,0.4655892125252745,0.3124576180807669,0.22195316939395857
115046296,4634,A,A,0.3476949907531875,0.2667250701665269,0.3855799390802857
115046297,4724,H,H,0.8190107582269128,0.12513868541548978,0.05585055635759751
115046306,4724,D,D,0.3297643704131894,0.3458551525069832,0.3243804770798275
115046308,4724,H,H,0.7746166257031203,0.1635855242426978,0.061797850054181896
115046356,4724,D,H,0.3950751964549584,0.30810681410174534,0.29681798944329624
115046359,4724,D,A,0.17344119169690075,0.28337893001618797,0.5431798782869113
115356386,4630,D,A,0.23396873562954904,0.23921047616175128,0.5268207882086997
115356387,4630,D,H,0.6329937141723382,0.19399991217815307,0.17300637364950874
115356388,4630,H,A,0.33584658921411165,0.2713719793757609,0.3927814314101275
115356436,4630,D,A,0.2750515448862325,0.29740153615022186,0.4275469189635455
115356437,4630,H,H,0.43318517208922513,0.27816329706380044,0.2886515308469744
115638602,4630,D,A,0.2905443559567533,0.2659571266581317,0.443498517385115
115638624,4630,H,H,0.5823419576656774,0.18273650240610814,0.23492153992821446
115638636,4630,H,H,0.8338335943163449,0.09710784437826564,0.06905856130538958
115881744,4630,H,H,0.41806600019121676,0.23936709070048612,0.3425669091082972
115881745,4630,H,H,0.8770760030435611,0.09435134199331068,0.02857265496312828
116077385,4629,H,H,0.5003014010777936,0.2241728698994471,0.2755257290227593
116077388,4675,D,H,0.5144518137926675,0.2610268197679892,0.22452136643934334
116370399,4629,D,H,0.5414802478415295,0.22470309234125657,0.23381665981721397
116370400,4675,H,H,0.40346077390423746,0.3078626779393879,0.28867654815637467
116370401,4675,H,H,0.5041919036238601,0.3319543848406772,0.16385371153546274
116370402,4675,A,A,0.25689210447560995,0.24951469251336883,0.4935932030110212
116370406,4675,A,H,0.4373140915457581,0.22279788124534738,0.3398880272088945
116370407,4675,A,A,0.12229291003975079,0.18947778939591395,0.6882293005643353
116370409,4675,H,A,0.14058577859209426,0.1824898954389418,0.676924325968964
116370411,4629,D,H,0.7945924032559707,0.1380933945815557,0.06731420216247352
116370413,4724,H,H,0.5819484249749676,0.20342867155040464,0.2146229034746277
116920493,4629,A,A,0.32341216363701825,0.3319640882936662,0.3446237480693155
116920494,4629,H,H,0.4058840000828832,0.2510024898957874,0.3431135100213294
116920495,4675,H,H,0.3518989156511677,0.3439356074681828,0.30416547688064954
116920496,4629,H,H,0.358926767229993,0.3270313583547661,0.3140418744152409
116920497,4629,D,H,0.4200922774341003,0.23456748029368632,0.3453402422722134
116920498,4629,D,H,0.4969865314360466,0.2573696053636034,0.24564386320035012
116920509,4675,A,H,0.42354388883495653,0.3114007610384905,0.2650553501265529
116920512,4629,H,H,0.6689214411186117,0.20979739599857355,0.1212811628828147
117383945,4724,A,A,0.08019718680429566,0.1598057970830718,0.7599970161126326
117383946,4724,H,H,0.46539117188553164,0.24208870335561372,0.2925201247588546
117383947,4630,D,A,0.14180779321431997,0.26967524586337865,0.5885169609223013
117383948,4724,A,H,0.37257299052884885,0.28583435459712303,0.34159265487402823
117383949,4724,H,A,0.17369197495835095,0.2284468475247641,0.5978611775168851
117383950,4630,D,A,0.21862074365694284,0.1848178849670273,0.5965613713760298
117383951,4724,A,A,0.3485908637199843,0.28516857215188923,0.3662405641281264
117383952,4724,D,A,0.17849614628633484,0.24631994199096707,0.575183911722698
117383953,4724,H,A,0.3309616770724061,0.2648192774351496,0.4042190454924443
117383954,4724,H,H,0.6937748969258615,0.20370213177221677,0.10252297130192178
117383955,4724,D,D,0.3239834106382562,0.3481649266051518,0.32785166275659194
117383961,4630,H,H,0.6103798142321163,0.22069663430770717,0.1689235514601765
117383998,4630,A,A,0.36282388006392996,0.2033399341892263,0.43383618574684363
117384002,4630,A,H,0.45163402510001555,0.2528810836327299,0.2954848912672546
117384003,4630,H,H,0.3731526939477703,0.3063716353084079,0.32047567074382177
117384004,4630,H,H,0.49828321641457757,0.28888895185958,0.21282783172584238
117384007,4630,A,A,0.15964383793683562,0.17519160326426467,0.6651645587988997
117384008,4630,D,H,0.5872147875775934,0.22912188894660399,0.1836633234758026
117384009,4630,A,A,0.14858150928659797,0.20416022766372247,0.6472582630496795
118459767,4634,H,H,0.49207772008046985,0.3065477934106178,0.20137448650891238
118781391,4634,A,A,0.16625077886097064,0.28426577762804517,0.5494834435109841
118781392,4634,A,A,0.17326626270048892,0.2297815314223609,0.5969522058771501
118781393,4634,D,H,0.41621420178418,0.28700172673689933,0.2967840714789207
118781394,4634,H,H,0.4112493294524039,0.2610785982935588,0.3276720722540374
119319770,4634,D,H,0.5991918012808733,0.28803089820817535,0.11277730051095129
119319771,4634,H,A,0.3282339734863276,0.3238436327607039,0.3479223937529684
119319772,4634,A,H,0.42415242436126155,0.30350339065266074,0.27234418498607765
119319774,4634,D,H,0.5353861495157058,0.2813981261746769,0.1832157243096172
119746182,4724,D,H,0.6460433054917517,0.20934425297733986,0.14461244153090855
119746186,4724,D,H,0.8232867874191357,0.130618505730161,0.04609470685070326
119746187,4629,H,A,0.30617798151036746,0.24477774079898282,0.4490442776906497
119746189,4675,H,H,0.7536888184405972,0.1590276491984997,0.08728353236090301
119746190,4675,A,A,0.23124093140491647,0.35972960818908384,0.4090294604059997
119746191,4724,D,A,0.1968705438735897,0.2729639107478461,0.5301655453785642
119746192,4629,D,A,0.2799589032513538,0.32694389646387634,0.3930972002847699
119746193,4724,D,H,0.5891595061530218,0.2547289666011265,0.15611152724585164
119746205,4629,A,H,0.46087946961829307,0.25426030971740116,0.2848602206643058
119746207,4724,D,H,0.6568911812525707,0.18227677649178567,0.16083204225564363
119746208,4675,H,H,0.6777817320403838,0.17894954654694173,0.1432687214126745
119746209,4724,D,A,0.36563053137823875,0.22600718402167203,0.40836228460008933
119746210,4629,H,H,0.3680790665335941,0.2876725036421007,0.34424842982430515
119746211,4675,D,H,0.35718942240236656,0.3132978685358948,0.3295127090617386
119746212,4675,A,A,0.2796617702978595,0.2742471436272382,0.44609108607490233
119746213,4675,H,H,0.3675007800057345,0.3070209911472684,0.3254782288469972
119746214,4675,H,H,0.7630337462641686,0.1469619195017051,0.0900043342341263
119746215,4675,H,H,0.7828022316244746,0.1526406788292011,0.06455708954632443
119746216,4724,H,H,0.38297436227200005,0.31797363636353876,0.2990520013644612
119746222,4629,H,A,0.22626209348891832,0.2722199254373191,0.5015179810737626
119746223,4724,H,H,0.6434668692784162,0.2422298260744954,0.11430330464708836
119746224,4675,H,H,0.5871727787999675,0.24331017395545054,0.16951704724458197
119746228,4634,A,H,0.37535826334376454,0.31895249989495406,0.3056892367612813
119746229,4724,D,H,0.47585936241692467,0.24793442195636686,0.2762062156267085
120119553,4629,A,H,0.4809196287704099,0.27640747066763705,0.24267290056195293
120971825,4634,D,H,0.6907259823247457,0.2132394757255207,0.09603454194973345
120971827,4630,H,H,0.5192130721511683,0.22975240699690433,0.25103452085192735
120971828,4630,A,H,0.7440409117052393,0.10669223494462018,0.14926685335014042
120971829,4630,A,A,0.3615111583977077,0.2588891514348958,0.3795996901673965
120971830,4630,A,H,0.7718075613756378,0.1352209874587753,0.09297145116558685
120971831,4630,D,A,0.3453691195337627,0.24471003318834172,0.40992084727789546
120971832,4630,D,H,0.3832740266265604,0.2392773687418041,0.37744860463163543
120971833,4630,H,H,0.7294338211874004,0.16274803059912843,0.10781814821347116
120971834,4630,D,A,0.2488660298562321,0.26070576545216223,0.4904282046916057
120971835,4630,H,H,0.6026067403241533,0.25395020525495204,0.14344305442089467
120971836,4630,H,H,0.423074531186167,0.22505211859867283,0.35187335021516014
121312075,4634,H,H,0.6321367971896563,0.25145489988369063,0.11640830292665312
121312076,4634,A,H,0.47191530500643475,0.2554438218863013,0.2726408731072639
121312078,4634,H,H,0.420350347056627,0.30553804947040814,0.27411160347296476
121312079,4634,H,H,0.4865180507030075,0.25130598381747715,0.2621759654795154
121409099,4630,A,H,0.3624896959017683,0.30153852922672375,0.33597177487150787
121409100,4630,A,A,0.13372455498671237,0.16720170128282705,0.6990737437304606
121409101,4630,A,D,0.269183759789245,0.3751343998384191,0.35568184037233574
121959719,4634,H,H,0.5108471873091699,0.2437168064281754,0.24543600626265474
121959721,4634,A,A,0.253985581592847,0.3555100482831413,0.39050437012401157
121959722,4634,D,H,0.371404892354556,0.291073814380476,0.33752129326496805
121959723,4634,H,A,0.3185759359980342,0.2607645884247772,0.4206594755771887
121959725,4675,D,A,0.2779922974203419,0.20928018587462716,0.5127275167050309
121959726,4630,A,A,0.22918402782676792,0.1722865929853973,0.5985293791878349
121959728,4630,H,H,0.37456080537116765,0.25178498727859555,0.37365420735023674
121959729,4630,H,H,0.5569600231630951,0.2450467162316779,0.197993260605227
121959730,4630,H,H,0.37995077787213866,0.3197847695363892,0.3002644525914722
122547982,4634,H,H,0.4797174684836431,0.30091313413925863,0.21936939737709837
122547983,4629,H,H,0.6113616809733953,0.229589981111351,0.1590483379152537
122547984,4724,A,A,0.2707146353995084,0.23480640733202662,0.4944789572684649
122547985,4675,D,H,0.5083004749071908,0.2999674624033455,0.1917320626894638
122547986,4629,D,H,0.4429829830202414,0.22301053849198005,0.3340064784877784
122547987,4724,A,A,0.15288867156883315,0.26960473108978084,0.577506597341386
122547988,4629,A,A,0.36488539810969245,0.26222654432310083,0.3728880575672068
122547989,4675,H,A,0.15184269316480323,0.24816807780385297,0.5999892290313438
122547990,4724,D,H,0.5360097106907392,0.27460493884844106,0.18938535046081975
122547991,4629,A,H,0.44638650190400053,0.28738987134765803,0.2662236267483415
122547992,4629,A,H,0.41284528669309895,0.2810487600459092,0.3061059532609918
122547993,4629,H,H,0.5792688758288584,0.24238998825480843,0.1783411359163331
122547994,4724,A,H,0.3928360431162571,0.3271672043816484,0.27999675250209444
122547995,4629,H,H,0.6311706073093484,0.22604575046277425,0.1427836422278774
122547996,4724,H,H,0.4043188300924802,0.31512174499233264,0.28055942491518726
122547997,4675,A,A,0.14499069295444858,0.18669758116161536,0.6683117258839361
122547998,4724,H,A,0.2835217301601642,0.25261628498591293,0.463861984853923
122547999,4629,A,A,0.25090591171430526,0.2750276095125657,0.4740664787731289
122548000,4675,A,A,0.18858993149668402,0.25104943242247485,0.5603606360808411
122548001,4675,H,H,0.4233187861861018,0.3018720475414963,0.2748091662724019
122548002,4675,A,H,0.522152647902561,0.3165383254059336,0.16130902669150549
122548003,4675,H,H,0.49644551875116816,0.2942120571567912,0.20934242409204054
122548004,4629,H,H,0.4611137160372886,0.2845764710411396,0.25430981292157173
122548005,4724,D,A,0.24853136235715237,0.25226322476488616,0.49920541287796155
122548006,4675,H,H,0.445074586867892,0.29847751112368,0.25644790200842793
122548007,4724,A,A,0.3550331928787641,0.2756435335824141,0.36932327353882166
122548008,4724,A,A,0.22880861165905556,0.18785268688479653,0.583338701456148
122548009,4724,A,H,0.4409368876618052,0.23191034376139558,0.32715276857679926
125353401,4629,H,H,0.4295998042014531,0.21855632433722322,0.3518438714613236
125353402,4634,D,H,0.4209331189767307,0.3239611174103628,0.25510576361290654
125353403,4675,A,A,0.2450047994404231,0.3547949994507891,0.40020020110878773
125353404,4629,H,A,0.22776276634238135,0.288665644271327,0.48357158938629174
125353405,4634,H,H,0.5507344938554987,0.2738965797146024,0.1753689264298989
125353406,4675,D,H,0.610203623553069,0.24350614139217758,0.14629023505475341
125353407,4629,A,H,0.42017021011811695,0.21786742285767347,0.36196236702420953
125353409,4634,H,H,0.39848423171185077,0.2918668232518986,0.3096489450362506
125353410,4675,D,H,0.5657432197351514,0.2624364660152022,0.1718203142496463
125353411,4629,H,A,0.2895407861485097,0.298731672318474,0.4117275415330163
125353412,4629,A,A,0.2485470800851469,0.30030153548443883,0.45115138443041414
125353413,4629,A,H,0.3767200771808297,0.25890033161966375,0.3643795911995066
125353416,4634,D,H,0.3861177911041746,0.3235520407715373,0.2903301681242881
125353417,4629,A,A,0.23142835272230589,0.25868837360510843,0.5098832736725857
125353425,4629,D,H,0.7458885914106795,0.1528074540388393,0.1013039545504811
125353426,4634,A,A,0.25947862377855624,0.24398618339545813,0.4965351928259857
125353427,4675,D,H,0.5590510272653423,0.1951876399211977,0.24576133281346013
125353428,4634,H,H,0.44855180946604895,0.2567749552844568,0.2946732352494941
125353429,4634,H,H,0.43295667254984893,0.3104360217323697,0.25660730571778134
125353430,4675,A,H,0.6093441202398223,0.2200814252030932,0.17057445455708448
125353431,4675,A,H,0.553867377811191,0.26141206179539384,0.18472056039341522
125353432,4675,H,H,0.5673291187935194,0.20015365754547024,0.2325172236610103
125353433,4675,H,H,0.7334058676620976,0.14553903419120992,0.12105509814669244
125353434,4634,H,H,0.6468489231381043,0.21134480971606576,0.14180626714582997
125353437,4629,D,H,0.5411157937587885,0.2699149754167267,0.18896923082448475
125353438,4634,A,A,0.304031215973695,0.31673005395735576,0.3792387300689494
125353439,4675,H,H,0.3866078687516328,0.29384003335740083,0.31955209789096645
125353442,4629,D,H,0.46530178639378345,0.22624584654446422,0.30845236706175233
125353445,4629,H,H,0.42896894666345575,0.23877418190283706,0.33225687143370713
125353446,4629,A,A,0.10909107847459187,0.174553063236444,0.7163558582889642
125353449,4634,A,A,0.29266477602280677,0.2867496344576254,0.4205855895195679
126918030,4630,D,A,0.18990259772134932,0.1814814768298249,0.6286159254488258
126918577,4630,D,H,0.5098673134708821,0.2793873352408624,0.21074535128825544
126918579,4630,H,H,0.7802207893641615,0.15765422627895967,0.06212498435687886
126918589,4630,H,H,0.5468899369665371,0.2306962142406595,0.22241384879280346
126919011,4630,D,H,0.46561735582252295,0.25157922505206287,0.2828034191254142
126919603,4630,H,H,0.3674597345270471,0.32106459591287234,0.3114756695600806
126919771,4630,D,H,0.4988808436827791,0.22146640717291483,0.27965274914430616
126982275,4630,A,A,0.10899397897199037,0.17498605751168114,0.7160199635163286
126982279,4630,A,A,0.20803330811839904,0.18504627331194862,0.6069204185696523
126982285,4630,H,H,0.4491889709653195,0.2314675156961341,0.3193435133385464
127483019,4724,H,H,0.516310131148352,0.2929767151046046,0.1907131537470434
127483023,4724,H,H,0.7428202593666204,0.1520530321008191,0.10512670853256041
127483024,4724,D,A,0.3369090504237509,0.2989794477382337,0.3641115018380154
127483196,4724,D,H,0.38234278092870294,0.24507989040578476,0.37257732866551224
127483197,4724,H,H,0.5133527286288079,0.2647951272714953,0.22185214409969672
127591072,4724,D,H,0.637090427669116,0.20728870646064326,0.15562086587024074
127591808,4724,H,H,0.6184374565919782,0.23429131286098456,0.14727123054703722
127591809,4724,D,H,0.37955181906489327,0.24136594231590142,0.37908223861920526
127591901,4724,H,H,0.5899956351663274,0.24519494772425426,0.16480941710941832
127663287,4724,H,H,0.45311172179486603,0.3005398507439293,0.24634842746120478
128293508,4634,H,H,0.5316351627334028,0.30702920162120495,0.16133563564539213
128293509,4634,A,H,0.5209641991961076,0.3187965623693932,0.1602392384344992
128293510,4675,D,H,0.4236345385764141,0.32680555094516556,0.2495599104784203
128293511,4634,A,H,0.45540269124429017,0.2996342949236562,0.2449630138320537
128293512,4675,A,A,0.21037409709465013,0.198141596231659,0.5914843066736909
128293513,4634,H,D,0.320631406850762,0.3505093007911941,0.32885929235804395
128293514,4675,A,H,0.4295162038140628,0.32447255708436695,0.24601123910157027
128293515,4634,A,H,0.3634134564562164,0.287695682082513,0.3488908614612705
128293516,4634,A,A,0.30938677084152183,0.2612417501328311,0.4293714790256472
128293517,4675,D,H,0.3700289296308976,0.3210679025471207,0.3089031678219817
128293518,4634,H,H,0.39239297055634803,0.26945691018590345,0.3381501192577485
128293519,4634,H,H,0.8072098838314539,0.14056447029834238,0.052225645870203834
128293520,4675,H,A,0.3552908772379371,0.18357003615801284,0.4611390866040501
128293521,4675,D,H,0.42386557853803225,0.29053624164177955,0.2855981798201882
128293522,4675,H,H,0.598267993553101,0.2912714035994085,0.11046060284749051
128293523,4675,H,H,0.5655019863823385,0.23874475447384,0.19575325914382152
128293524,4634,H,H,0.636685371181925,0.19760457752893773,0.16571005128913732
128293525,4634,A,H,0.38218697727368517,0.2554578576315695,0.36235516509474536
128293526,4675,D,A,0.16157058243858213,0.2601239508048394,0.5783054667565785
128991725,4724,D,H,0.36565637236849463,0.2828656205182541,0.3514780071132512
128991727,4724,H,A,0.05863388360046094,0.15828967818222295,0.783076438217316
129366678,4724,D,H,0.5296485446459347,0.24950567114427244,0.22084578420979287
129366679,4724,D,D,0.3499965753302335,0.37132684318833586,0.27867658148143065
129366680,4724,D,H,0.383870648417503,0.32873659337017247,0.28739275821232446
129366683,4724,H,A,0.2834260138537931,0.26155361559246576,0.4550203705537412
129366684,4724,A,A,0.1149486975625893,0.25636269451340404,0.6286886079240066
129366685,4724,D,A,0.26355687515769044,0.2687453880925517,0.4676977367497578
129529400,4724,A,A,0.20297059713016774,0.25082616040377903,0.5462032424660532
129540182,4629,A,H,0.4388434741926791,0.2727375687783633,0.2884189570289575
129540348,4630,D,H,0.3811349159978804,0.30459607598257815,0.3142690080195415
129540352,4629,H,H,0.5839196103150459,0.23399467279104905,0.18208571689390507
129583808,4629,A,H,0.5435961956346267,0.2547639145774757,0.20163988978789754
129583809,4630,H,A,0.3719255707088261,0.2391192058564477,0.3889552234347262
129583810,4724,D,A,0.27007129824955217,0.24143785129733286,0.4884908504531149
129583816,4630,H,H,0.5610446705689455,0.1815477252331036,0.25740760419795095
129583818,4630,H,H,0.5421823452673943,0.21228906622629853,0.24552858850630715
129583819,4630,H,A,0.26130683561012696,0.22653715209783648,0.5121560122920364
129583820,4629,D,H,0.5647851094872083,0.26883272754035376,0.16638216297243796
129583821,4629,A,A,0.2605592047790025,0.2500248992733365,0.489415895947661
129583823,4630,H,H,0.7040879293732288,0.1584778363845312,0.13743423424223988
129583824,4629,H,H,0.6318370823622137,0.2318709456393178,0.13629197199846854
129583826,4630,A,A,0.2429392497247583,0.32297207916401055,0.4340886711112312
129583827,4630,A,A,0.19891201370907763,0.2315495076548434,0.569538478636079
129583828,4630,D,H,0.416840099376568,0.23272649968965303,0.35043340093377884
129583829,4629,H,H,0.3568973702766546,0.29972791829929385,0.3433747114240516
129583830,4630,H,H,0.7273397434596265,0.14993205830556114,0.12272819823481237
130052640,4724,D,H,0.4906926751335105,0.20647430272864722,0.3028330221378422
131508731,4630,D,A,0.29738715837079566,0.18609252395932863,0.5165203176698757
131508732,4629,A,A,0.30641569538571595,0.2751131308825498,0.41847117373173426
131508733,4629,A,A,0.232478700936474,0.24443391911882786,0.5230873799446982
131508734,4629,A,A,0.2743181522617375,0.30436880146596096,0.42131304627230165
131508735,4629,D,H,0.401830192328267,0.2519585472576001,0.34621126041413286
131508736,4629,H,H,0.4466666963137688,0.2834295304038094,0.2699037732824219
131508737,4629,A,H,0.659645567461887,0.19201686712343893,0.1483375654146742
131508738,4634,H,H,0.5979836605052686,0.2755003179704128,0.12651602152431857
131508739,4675,A,A,0.09245306626219976,0.17806113747943725,0.729485796258363
131508740,4675,H,H,0.798075154667121,0.13735586590102894,0.06456897943185003
131508741,4630,A,A,0.12995833836815388,0.16950483859449303,0.7005368230373531
131508742,4675,A,A,0.27839212883947245,0.3433004287781559,0.3783074423823717
131508747,4675,H,A,0.2619012107979831,0.23944218320184935,0.49865660600016765
131508748,4630,A,A,0.2317774475219854,0.2388726055863256,0.529349946891689
131508749,4630,A,A,0.3310124296173513,0.32925899156621435,0.33972857881643437
131508750,4630,H,H,0.5265807730869777,0.26806137316146617,0.20535785375155613
131508751,4630,H,H,0.5651094129642367,0.26209654780282376,0.17279403923293954
131508752,4630,D,H,0.6786638566032118,0.16537473169566141,0.15596141170112676
131508753,4630,H,H,0.6678824284813396,0.22480869392525227,0.10730887759340804
131508754,4630,A,H,0.42738993637376443,0.27780030941507833,0.2948097542111571
131508755,4675,H,H,0.4996622763746058,0.27783089944743167,0.2225068241779625
131508756,4675,D,H,0.49256210290719643,0.22538765038052197,0.2820502467122817
131508757,4675,D,H,0.4846499570527332,0.27923924008135265,0.2361108028659143
131508758,4675,D,H,0.7614835402931847,0.15529313793578528,0.08322332177102998
131508759,4630,A,A,0.17396304181273362,0.17641019175439118,0.6496267664328753
131508760,4629,D,H,0.48154204010472107,0.24704995120129017,0.27140800869398884
131508761,4629,H,H,0.5146723529477406,0.25212134715126056,0.2332062999009989
131508762,4675,A,A,0.25515377501304654,0.2404939075168394,0.5043523174701141
131508763,4634,H,H,0.6219723233108028,0.24041474320254924,0.13761293348664796
131508764,4629,H,H,0.6286450424102366,0.21875529881870293,0.15259965877106046
131577481,4634,D,H,0.4979982781959072,0.29759389846478845,0.2044078233393045
131577521,4634,H,H,0.5027682290706819,0.24405428074263255,0.25317749018668567
131577522,4634,H,H,0.3454184874402771,0.3299090237134385,0.3246724888462844
131577523,4634,D,H,0.5968177193878883,0.24050338390787498,0.1626788967042367
131577524,4634,A,A,0.1340840115038156,0.218794495361143,0.6471214931350414
131577525,4634,H,H,0.48567114897108815,0.2890788401766109,0.2252500108523008
131577526,4634,H,H,0.5330594996530291,0.22338143081603773,0.24355906953093315
131577527,4634,D,A,0.2783215818354943,0.28168788857633376,0.43999052958817186
131856554,4724,H,H,0.5720254474701222,0.2512392985094162,0.17673525402046167
131856555,4724,D,H,0.7167895810810891,0.20083816130571183,0.08237225761319888
131856556,4724,A,A,0.35353714224562394,0.26811304621335064,0.37834981154102526
131856557,4724,H,H,0.5691444712306869,0.27172612423789544,0.15912940453141758
131856558,4724,A,A,0.3273503494483291,0.25254211371585733,0.4201075368358135
131856559,4724,A,A,0.12257757374554672,0.15489699470727475,0.7225254315471785
131856560,4724,H,H,0.5604588403604336,0.2637205351478614,0.175820624491705
131924021,4724,H,H,0.5071765407276345,0.2361349020978746,0.2566885571744909
132162271,4724,A,H,0.3962876761376637,0.30309360588644807,0.30061871797588824
132162272,4724,H,H,0.4226129664538216,0.24775213385689607,0.32963489968928233
134704448,4634,H,H,0.5256882652432814,0.25043883042168635,0.2238729043350322
134704449,4634,A,A,0.1599239470944094,0.26082536314227683,0.5792506897633137
134704450,4634,D,A,0.3296672818808402,0.335106014147028,0.3352267039721318
134704453,4634,A,A,0.2959284294130699,0.2869264176014293,0.41714515298550087
134704454,4634,H,A,0.28939560701427025,0.2792748902943166,0.43132950269141324
134704455,4629,H,A,0.2885963143428549,0.257554056877,0.45384962878014523
134704456,4629,A,A,0.26092185228109677,0.18785089328585391,0.5512272544330494
134704457,4630,H,A,0.249208195062914,0.2532855896143775,0.4975062153227085
134704458,4630,A,A,0.2421626442215225,0.26098432922383474,0.49685302655464286
134704459,4634,H,H,0.4948707071593586,0.33792437064144903,0.16720492219919222
134704460,4634,A,H,0.5865757321120544,0.2501834180836765,0.1632408498042691
134704461,4634,A,H,0.4907797633819224,0.28551359204170745,0.2237066445763701
134704462,4634,H,H,0.7638554617445997,0.16546124007344276,0.07068329818195765
134704463,4630,A,A,0.15154243300903597,0.1886073381767537,0.6598502288142103
134704464,4634,D,H,0.4105495214885268,0.3107564148965255,0.2786940636149476
136824980,4724,D,H,0.44797328698380995,0.23166647800872978,0.3203602350074602
136868005,4675,D,A,0.20815803462253177,0.25769188871803506,0.5341500766594331
136868007,4675,A,H,0.41587079047289344,0.32669274018195105,0.2574364693451555
136868010,4675,H,A,0.19622402824153426,0.21016764259046847,0.5936083291679973
136868012,4675,H,H,0.5376450735458292,0.29854617184875937,0.16380875460541128
136868014,4675,H,H,0.6851773161888614,0.18640001361234287,0.12842267019879589
136868016,4675,H,H,0.5903624792746048,0.2483736291290616,0.16126389159633364
136868081,4675,H,H,0.767733318532077,0.1764030023640986,0.05586367910382428
136868083,4675,H,A,0.2811232451384562,0.3507470212619252,0.36812973359961854
136868084,4675,H,H,0.7945552921588424,0.12324354139528745,0.08220116644587021
136868842,4724,A,A,0.23614186834226328,0.26146860951699924,0.5023895221407374
136869072,4724,H,A,0.23640329777601893,0.2331033557658346,0.5304933464581465
136924774,4724,H,H,0.48157635161225626,0.25545696319220373,0.26296668519553995
136924775,4724,D,H,0.6404635828830031,0.20613101278741902,0.15340540432957786
137015131,4724,D,H,0.47637055380704424,0.2962538212682111,0.22737562492474467
137015132,4724,A,H,0.45566688158553165,0.32237096484152145,0.22196215357294685
137015133,4724,A,A,0.3272252407824392,0.332425003458858,0.34034975575870274
137425983,4630,H,H,0.7301392941163277,0.16933768735227905,0.10052301853139319
137425984,4630,A,A,0.2996571582945934,0.22123248002700838,0.4791103616783982
137425985,4630,A,H,0.376328371062792,0.2576185562679597,0.36605307266924825
137425986,4630,A,H,0.3836446720515917,0.26526480959477455,0.3510905183536337
137425987,4630,H,H,0.6181071395419909,0.19816805860208034,0.1837248018559288
137425988,4630,H,A,0.3513977437932648,0.2160751974574447,0.4325270587492904
137425989,4630,H,H,0.6841750841147901,0.17026391250951026,0.1455610033756997
137425991,4630,A,A,0.3025794132775235,0.2908375526731295,0.4065830340493469
137425992,4630,H,H,0.8402545370477977,0.09025284232054356,0.06949262063165863
137425993,4630,A,A,0.1688659716894214,0.22598433197296172,0.605149696337617
137426233,4634,H,H,0.4626281657715941,0.2835743047423743,0.25379752948603157
137426234,4634,A,H,0.6418231946328459,0.22660378908358797,0.1315730162835662
137426235,4634,H,H,0.6206689207046902,0.24025009380211915,0.13908098549319076
137426236,4634,A,H,0.40826389211542763,0.2781446532223673,0.31359145466220506
137426237,4634,D,H,0.4594301350352241,0.28306057981649424,0.2575092851482816
137426238,4634,H,H,0.40610823154507225,0.3236837676895294,0.2702080007653983
137426239,4634,D,H,0.5112175054624969,0.30525246120497096,0.18353003333253207
137426240,4634,A,A,0.3136885861593772,0.3420385441174055,0.3442728697232173
137426241,4634,A,A,0.2449735349817088,0.27680256939401915,0.4782238956242719
137426242,4634,D,A,0.20033148489366823,0.2149382435075411,0.5847302715987907
137426298,4629,A,A,0.35144515095320283,0.22024500666431113,0.42830984238248604
137426299,4629,H,H,0.352143232991184,0.3354400363441233,0.3124167306646928
137426301,4629,H,H,0.6710028147881894,0.2053091531222528,0.12368803208955786
137426302,4629,D,H,0.4964728999348404,0.23399155171947392,0.2695355483456856
137426303,4629,H,H,0.4387301308238856,0.2899026173370288,0.27136725183908544
137426304,4629,H,A,0.33205246901252805,0.2675910583857884,0.40035647260168367
137426305,4629,D,H,0.463010899237937,0.25772236259850945,0.2792667381635536
137426306,4629,A,A,0.28783494883952687,0.2622353563144169,0.4499296948460561
137426307,4629,A,A,0.16103892400987516,0.18446978103212272,0.6544912949580022
137483653,4724,D,H,0.44768198045820584,0.22438610203842205,0.3279319175033722
137483654,4724,A,A,0.2470238147637454,0.33704896275860863,0.41592722247764596
139241035,4634,H,H,0.3720637307282586,0.36494768297959357,0.2629885862921478
139241036,4634,D,H,0.4533856159814548,0.28396983490131256,0.2626445491172327
139241037,4634,A,H,0.4008038584251454,0.33076854039308157,0.26842760118177306
139241038,4634,H,H,0.7148365894619407,0.2063155314917162,0.0788478790463431
139241039,4634,D,A,0.31877357798425926,0.33345760259159185,0.34776881942414883
139241041,4634,A,A,0.2641676877924417,0.2721877141489543,0.46364459805860386
139241042,4634,A,H,0.4693158100505507,0.25933779886906955,0.27134639108037967
139241043,4634,A,A,0.25406687822279944,0.2663487594719104,0.4795843623052901
139241045,4634,D,H,0.7508507282561391,0.1486501521165654,0.10049911962729555
139241046,4634,D,H,0.36433172504744893,0.3469114608585284,0.2887568140940226
139737616,4724,H,H,0.5835777115533802,0.22613587602311783,0.19028641242350197
139737617,4724,A,A,0.27919319758563493,0.2840092027180529,0.4367975996963121
139737618,4724,H,A,0.2144848978615922,0.2671102334217845,0.5184048687166233
139737620,4724,A,H,0.37873154471818754,0.32611031358735104,0.29515814169446136
139737621,4724,H,A,0.3135762793251077,0.25513249298368007,0.4312912276912122
139737622,4724,D,A,0.13838293002221846,0.1774996156821905,0.6841174542955911
139737624,4724,H,H,0.4776647709753464,0.2502014339791939,0.2721337950454598
139737625,4724,D,H,0.6534071222950429,0.21781954329871037,0.1287733344062467
139737626,4724,D,H,0.7440227505131011,0.17765019498132018,0.07832705450557874
139737627,4724,D,H,0.5036368811848702,0.28820579980722305,0.20815731900790677
