fixture_id,season_id,y_true,y_pred,p_home,p_draw,p_away
45213654,4629,H,H,0.638776525335889,0.1585896120129907,0.20263386265112024
45213655,4630,D,A,0.24203975466078342,0.2650758376737289,0.49288440766548763
45213667,4634,A,H,0.5792031675846327,0.24892446443648059,0.17187236797888655
45213671,4629,H,A,0.35338366630738205,0.2674786089520042,0.3791377247406137
45213674,4634,D,A,0.33435742704987065,0.28214090076516035,0.383501672184969
45213685,4634,H,H,0.49647144414850347,0.2705255667891877,0.2330029890623088
45213692,4630,H,H,0.7817436628429082,0.09289818379069038,0.12535815336640133
45213693,4634,H,H,0.5436037558690074,0.21491113418471897,0.24148510994627365
45213703,4629,H,H,0.39894903019995764,0.28894863315478103,0.3121023366452613
45213709,4630,D,H,0.44662934366992696,0.2627463434132122,0.29062431291686086
45213715,4629,A,A,0.38798459534247925,0.2007813692211484,0.41123403543637227
45213716,4629,A,H,0.3918308699628479,0.3021769233015064,0.30599220673564576
45213717,4629,D,H,0.3871794153833772,0.2844458005152168,0.32837478410140597
45213731,4634,A,H,0.46597931697886563,0.31702089262593297,0.21699979039520143
45213739,4634,D,H,0.43605853941060807,0.29563298966190915,0.26830847092748283
45213743,4629,H,H,0.5128096543289603,0.17017178634112226,0.31701855932991746
45213757,4630,H,H,0.46356318447073985,0.22618325958813643,0.3102535559411237
45213771,4634,D,H,0.5431772716817508,0.2506096103525151,0.2062131179657341
45213780,4629,D,H,0.559043726678433,0.21017941770303225,0.23077685561853475
45213781,4634,A,H,0.3962311897614011,0.3116682359839169,0.29210057425468194
45213786,4630,H,H,0.6084190108146761,0.2241013175921786,0.16747967159314528
45213801,4630,D,H,0.45537871642172967,0.20441314771160204,0.3402081358666682
45213802,4630,H,H,0.5944872303813187,0.16136627656423586,0.24414649305444555
45213803,4630,A,H,0.473971489376051,0.21690570499001222,0.3091228056339368
45213804,4630,A,A,0.2342324891801775,0.32788925299978033,0.4378782578200421
45213851,4634,A,H,0.4126102780631877,0.24861183818171095,0.3387778837551014
45213868,4630,A,A,0.29546173448007834,0.23057830085526124,0.4739599646646605
45213869,4629,D,H,0.43060944397727247,0.24389225039547907,0.3254983056272484
45213871,4634,A,H,0.39674922275402286,0.27337457158644374,0.32987620565953346
45346864,4634,H,H,0.48617675993082304,0.2806388742721492,0.23318436579702786
45346865,4630,H,H,0.40983801905706757,0.25967387999877906,0.33048810094415343
45346866,4634,A,A,0.3235265218241406,0.33049098741628596,0.3459824907595735
45346869,4675,A,A,0.3158406360560251,0.28909063512164235,0.3950687288223325
45566305,4630,H,A,0.36150689374151607,0.2152604319301532,0.42323267432833084
45566306,4724,A,A,0.26238198583063027,0.24915863209794098,0.48845938207142886
45566307,4634,D,H,0.5079245601194067,0.30538749083169914,0.1866879490488941
45566308,4630,A,A,0.26681655073278376,0.23958595842758057,0.4935974908396356
45566309,4630,H,H,0.5297165220250012,0.18813756318726602,0.28214591478773277
45566310,4630,A,A,0.3445884406217568,0.2996030498156874,0.3558085095625558
45566311,4675,H,H,0.5469524734234179,0.22373051374771327,0.22931701282886877
45566312,4675,D,A,0.3090188107083497,0.26692389886514917,0.4240572904265011
45566313,4675,A,A,0.3333864388886899,0.21989689948316024,0.4467166616281499
45566314,4675,H,H,0.40944162058422084,0.2644751212360678,0.3260832581797113
45566315,4675,H,H,0.40298609154163373,0.2594350312899891,0.33757887716837726
45566316,4675,H,H,0.5503810645491685,0.18424166473933482,0.2653772707114967
45566317,4724,A,A,0.3350855532874398,0.2225250998441596,0.4423893468684006
45566319,4634,A,H,0.38533823048643284,0.27485976370573373,0.33980200580783343
45566377,4724,A,A,0.2748021636553528,0.28822103110451713,0.4369768052401301
45566378,4724,H,H,0.599806997703301,0.1673079615796802,0.2328850407170187
45566379,4630,H,H,0.4425494263974661,0.20122872345745763,0.3562218501450763
45566381,4634,A,H,0.44327028297662513,0.31227581260780707,0.24445390441556783
45952291,4634,D,H,0.3741205118005461,0.2756224677785412,0.3502570204209126
45952295,4630,H,A,0.3301666177193895,0.2563071490553003,0.41352623322531024
45952296,4630,H,H,0.4665286250884609,0.23935832179255817,0.29411305311898095
45952297,4634,H,H,0.4854049236618976,0.2920840781954821,0.22251099814262035
45952299,4724,D,H,0.4956177937780317,0.2668539828503754,0.2375282233715929
45952302,4634,H,H,0.4973638237182498,0.27499979910292605,0.22763637717882432
45952303,4724,H,H,0.3782807366901813,0.24696617125450565,0.37475309205531304
45952304,4724,A,H,0.3781089858096394,0.26255729394388155,0.3593337202464791
45952306,4724,A,A,0.28734830218480245,0.22398173562429227,0.48866996219090536
46247431,4634,A,H,0.44138921860122365,0.21380979707845846,0.3448009843203178
46247432,4630,A,H,0.45612017603414806,0.23340075064562876,0.3104790733202232
46247433,4724,A,H,0.40327397937182774,0.27990986160636244,0.3168161590218099
46247434,4634,H,H,0.39106811054408375,0.3701265308795544,0.23880535857636181
46247435,4724,D,H,0.4354802463413036,0.29207435038943447,0.272445403269262
46860489,4629,D,A,0.3494899394415083,0.23876088983034094,0.4117491707281507
46860494,4629,A,H,0.4032573326416889,0.2587985558999599,0.33794411145835124
47011584,4629,D,A,0.18878613947438747,0.25543632759492574,0.5557775329306869
47011640,4630,A,H,0.5198196620000736,0.2386126767355992,0.2415676612643273
47035890,4675,H,A,0.33246161297193144,0.1911603693078889,0.47637801772017957
47035914,4629,D,A,0.2679031483955182,0.2575635349694072,0.47453331663507464
47035918,4629,D,A,0.254360956514266,0.2903282939351774,0.4553107495505565
47035919,4629,H,H,0.3537876181599124,0.33831504778252247,0.30789733405756503
47035920,4629,H,H,0.38511747487477604,0.2608367368532163,0.3540457882720077
47035921,4629,A,A,0.3366966004047044,0.2766644788393168,0.38663892075597894
47035922,4629,H,H,0.5038426342052005,0.2266581057885211,0.2694992600062784
47262759,4675,A,H,0.5008930552505106,0.24940620122449145,0.24970074352499794
47262760,4675,H,H,0.68028547094612,0.18292047207902903,0.13679405697485095
47262761,4675,A,H,0.5068964698232613,0.21652709135446002,0.27657643882227867
47262762,4675,D,A,0.21028751035629764,0.19561168322125874,0.5941008064224437
47262763,4675,A,H,0.40988672551124794,0.2745054315698,0.31560784291895205
47262764,4675,A,A,0.31579401000851115,0.2525222093114879,0.43168378068000096
47262765,4724,H,A,0.2714971320318273,0.21100345962680742,0.5174994083413653
47262766,4724,H,H,0.3764711287194117,0.3047000214258936,0.3188288498546948
47262767,4724,H,D,0.3471468860008703,0.35023387053011285,0.3026192434690169
47262768,4724,H,H,0.39271864130863754,0.26176772593537206,0.34551363275599034
47652443,4675,H,H,0.44778104329887786,0.1815349149983189,0.37068404170280317
47652730,4675,H,H,0.45280333959262264,0.2564586319736431,0.2907380284337341
47702745,4724,H,H,0.5722426548944741,0.20019592934973066,0.22756141575579514
47702746,4724,A,H,0.49875802279758336,0.28511351264413787,0.2161284645582788
47702747,4724,D,H,0.48016363436085435,0.23131652129404734,0.28851984434509836
47702748,4724,D,H,0.5151585246932701,0.19478813722033295,0.29005333808639705
47702749,4675,H,H,0.799772908079952,0.1041456850584612,0.09608140686158669
47702752,4675,D,A,0.3270265392443029,0.25665579698097446,0.4163176637747226
47751291,4634,H,H,0.375611621168568,0.2658244420072672,0.3585639368241647
47751292,4634,A,H,0.4410655069374616,0.28611171568822447,0.272822777374314
47751293,4634,A,H,0.512853793139697,0.2326418605177877,0.25450434634251534
47751294,4630,A,A,0.3769325992406922,0.20807204794256662,0.4149953528167412
47751295,4629,A,H,0.5718026253244755,0.2776866672583353,0.1505107074171892
47751296,4629,H,A,0.2589563812465532,0.27202066746572984,0.46902295128771704
47751297,4630,H,H,0.7009940271604583,0.13029900971117073,0.16870696312837102
47751298,4634,A,H,0.42810127420773325,0.32331875872418164,0.24857996706808508
47751299,4629,H,H,0.6677736700683501,0.15636976624215398,0.17585656368949595
47751300,4630,A,H,0.7317961595686044,0.20149429611516873,0.06670954431622693
47751301,4634,D,A,0.32584715261017166,0.3036675442309797,0.3704853031588487
47751302,4630,A,H,0.5546601573408663,0.1897296641408622,0.25561017851827156
47751303,4630,D,H,0.37273073476970975,0.37134735645968014,0.25592190877061016
47751304,4630,D,H,0.7832511106859411,0.15821563181732864,0.05853325749673017
47751305,4630,A,A,0.33126622821249,0.2670814437341378,0.40165232805337225
47751306,4634,A,H,0.35282124818942473,0.311390413365098,0.33578833844547734
48065885,4629,D,H,0.4475510585767516,0.18805854902276029,0.3643903924004881
48065886,4629,H,A,0.12122019686366889,0.20834811101899683,0.6704316921173343
48065887,4629,H,H,0.5250437582507443,0.22333642299691334,0.25161981875234235
48065888,4629,D,A,0.2485872177202309,0.12564896467845194,0.6257638176013172
48065889,4634,A,H,0.48156916206740313,0.20347044514833412,0.31496039278426285
48065890,4724,A,A,0.29758535557314153,0.2445017680422237,0.4579128763846349
48065891,4724,D,H,0.39204602366221525,0.2805966573899297,0.32735731894785514
48065901,4630,A,A,0.068745359485855,0.13775659265130197,0.793498047862843
48065902,4630,A,A,0.2848860017544491,0.2743441031853375,0.4407698950602134
48065913,4630,H,H,0.45218611665946934,0.34238012269173307,0.20543376064879756
48065915,4634,H,H,0.5637750862442413,0.21074877460105443,0.22547613915470427
48065916,4634,D,A,0.32328237183561415,0.22792460251267183,0.44879302565171414
48320126,4634,H,A,0.2547650844670578,0.1581547912223012,0.587080124310641
48585558,4629,D,H,0.6756246391724372,0.2099900030667075,0.11438535776085534
48585559,4629,A,H,0.5902650456920303,0.27053978209913065,0.13919517220883898
50341982,4634,A,H,0.3771928543061584,0.32988401091639696,0.2929231347774447
50341983,4629,D,A,0.19222289636419995,0.24772364775503372,0.5600534558807663
50341984,4630,A,A,0.28368275823121664,0.2553697652818836,0.4609474764868999
50341985,4724,A,H,0.3750214248007045,0.3421153080828376,0.282863267116458
50341986,4675,D,H,0.660582582077399,0.16914442740009855,0.17027299052250255
50341987,4634,H,A,0.35337873739033626,0.23795244518848768,0.408668817421176
50341988,4724,H,H,0.3616941737033241,0.28494465930410234,0.3533611669925736
50595133,4629,H,H,0.5200224718009477,0.3401206657824309,0.1398568624166214
50595134,4634,H,H,0.41087040362633565,0.33948291926245056,0.24964667711121374
50595135,4724,A,H,0.7632764877333051,0.18667478872606763,0.05004872354062711
50595136,4724,H,H,0.5964751348185738,0.23758773244026396,0.16593713274116212
50595137,4724,D,H,0.5191670497039406,0.26054933572728567,0.22028361456877382
50595138,4724,H,H,0.5845238160633593,0.20610357749023206,0.20937260644640865
50595139,4675,A,A,0.07838886228901039,0.25645619922641216,0.6651549384845776
50595140,4634,H,H,0.4269596772293252,0.29242699775040865,0.28061332502026615
50595141,4630,H,H,0.5374377348175435,0.23595641522829622,0.22660584995416017
50595142,4634,H,H,0.6896029079830882,0.22569169735524114,0.08470539466167062
50595153,4630,A,H,0.6145608860398576,0.2466409367862357,0.13879817717390674
50595154,4630,A,A,0.2030394043955418,0.21675526731962755,0.5802053282848305
50595155,4630,D,H,0.6143989234815154,0.22760498245723587,0.1579960940612487
50595156,4675,H,D,0.399798794501254,0.4272122594813698,0.17298894601737605
50595157,4675,D,D,0.34414631781280963,0.51451758033969,0.14133610184750042
50595158,4675,H,A,0.2216133747519567,0.17637699126318773,0.6020096339848556
50595159,4675,H,A,0.3220194225006242,0.30238213577016354,0.3755984417292123
50595160,4675,H,H,0.5240598697458237,0.3090094308153245,0.16693069943885167
50595161,4634,H,H,0.5288142399170253,0.21672121042691542,0.25446454965605936
50595163,4630,D,A,0.13704061610538945,0.2477851006242247,0.6151742832703858
50595165,4629,D,A,0.17109461112221777,0.2737279437323578,0.5551774451454244
50595211,4630,H,H,0.8673418779315553,0.10151391394435562,0.031144208124089082
50846751,4634,A,A,0.20169299001406243,0.31908056456902717,0.47922644541691023
50846752,4724,H,H,0.5793370551924913,0.2577291739610057,0.16293377084650293
50846753,4724,A,A,0.37239129606595145,0.22297505256807584,0.4046336513659727
50846754,4629,A,A,0.2745088055669263,0.22133050943633475,0.5041606849967389
50846756,4724,H,H,0.44979430375964635,0.21721355053432886,0.33299214570602487
50846757,4724,H,H,0.5437150821036008,0.1977743143148118,0.25851060358158745
50846758,4634,H,H,0.512037803916619,0.22039833687410268,0.2675638592092783
50846759,4675,A,A,0.1704595226057616,0.38847841539311107,0.44106206200112735
50846760,4629,H,H,0.6961417371691804,0.15650887753633638,0.14734938529448324
50846762,4634,D,A,0.336265671461334,0.2966690544408286,0.3670652740978373
50846764,4675,D,A,0.34261032042901063,0.21811325386960329,0.4392764257013859
50846765,4629,H,H,0.46864198142300845,0.29366433221254135,0.23769368636445015
50846766,4629,H,A,0.3531398147160609,0.22472877321423143,0.42213141206970767
50846767,4630,H,A,0.3700522780176519,0.24330966108739824,0.38663806089494995
50846768,4630,H,H,0.697425291632164,0.18882690488013543,0.11374780348770054
50846769,4634,H,H,0.4233662382087443,0.34760531013235135,0.22902845165890431
50846771,4629,D,A,0.32376136788522425,0.2936871088262396,0.3825515232885361
50846808,4630,H,H,0.5205477372764713,0.2686965658633784,0.21075569686015028
51054878,4629,D,A,0.25830341005409907,0.2530889514556618,0.4886076384902392
53333849,4675,D,H,0.6551538478299418,0.20668526316264907,0.13816088900740914
53333850,4634,H,H,0.4758716395997112,0.2248408486662288,0.2992875117340601
53608635,4724,D,A,0.06482926061788766,0.13636310831767598,0.7988076310644364
53608640,4675,D,H,0.5485155130395353,0.22621408162196097,0.2252704053385038
53608641,4634,A,H,0.5407749017569589,0.29859517547976927,0.1606299227632718
53608642,4724,H,H,0.6506039441127671,0.22370240275924846,0.12569365312798442
53608645,4634,H,H,0.6164812255320069,0.2265849980773672,0.15693377639062595
53608650,4630,A,A,0.28008159569016394,0.17995248765158253,0.5399659166582534
53608651,4630,H,A,0.2938119239390884,0.20745459441217154,0.4987334816487402
53608652,4630,H,A,0.21203347018387206,0.3364362471505987,0.45153028266552914
53608653,4675,A,A,0.17441919759906827,0.3050220785126486,0.5205587238882832
53608654,4675,A,H,0.45905849459856785,0.3255012190966949,0.21544028630473733
53608655,4724,H,H,0.6665282366833292,0.19871941856501976,0.13475234475165102
53608657,4634,H,H,0.5118527102005841,0.20312336224326905,0.28502392755614686
53608658,4630,A,A,0.17640296592312496,0.20082226396052688,0.6227747701163482
53608661,4634,H,H,0.6990094098059811,0.20781021537657998,0.09318037481743893
53608662,4675,A,H,0.6257052346554667,0.19167216756614944,0.18262259777838397
53608664,4675,H,H,0.7462075308311641,0.1549227392927055,0.09886972987613048
53608667,4675,H,H,0.5211208986622984,0.29644501731000494,0.18243408402769673
53608668,4630,H,H,0.7626668768322292,0.1895305230576101,0.04780260011016058
53608676,4630,A,A,0.2856466945870922,0.22510675408083894,0.48924655133206885
53608692,4630,A,A,0.17459687148353178,0.2318555068505581,0.59354762166591
54121595,4724,H,H,0.6208089486573612,0.24722613342303504,0.13196491791960377
54121597,4634,H,H,0.514176787830376,0.2972280667941871,0.18859514537543684
54121598,4724,H,A,0.20597591876014973,0.26546961799304947,0.5285544632468008
54121599,4675,D,H,0.4411686940605245,0.31859513953036767,0.2402361664091078
54121600,4630,H,H,0.42379482876998575,0.23084128885388577,0.3453638823761286
54121602,4634,H,H,0.49107684086013736,0.31537912770847043,0.1935440314313923
54121603,4675,H,H,0.48310858422459685,0.325946311332424,0.1909451044429791
54121604,4724,D,A,0.2672251103715226,0.29960728750399224,0.4331676021244852
54121605,4724,H,H,0.43616570878402744,0.22377367098451037,0.3400606202314621
54121606,4629,A,H,0.547390550323759,0.25595376305239725,0.1966556866238436
54121607,4630,D,A,0.20992347433998154,0.2331724935125701,0.5569040321474483
54121610,4724,D,A,0.2958225036608957,0.2520497203803729,0.45212777595873144
54121612,4634,H,H,0.3858547285176028,0.2480046601999166,0.36614061128248054
54121618,4634,H,A,0.30067546029938796,0.25373318039759174,0.4455913593030204
54121624,4629,A,A,0.3020920074512023,0.3053154121558812,0.39259258039291656
54121625,4629,D,A,0.2293830802114833,0.23319232158968903,0.5374245981988277
54585703,4634,A,H,0.34761254100891237,0.3440179160882635,0.3083695429028242
54585704,4630,D,H,0.4372416107608058,0.2604126963567539,0.3023456928824404
54585707,4724,A,A,0.2444219448375032,0.2889423894264086,0.4666356657360883
54585734,4724,D,A,0.18204891015335967,0.2668828897780011,0.5510682000686392
54638919,4629,D,H,0.6703243310757838,0.18605655764816262,0.14361911127605345
54638920,4629,D,A,0.10233460970746584,0.15944766743620453,0.7382177228563296
54638921,4629,A,H,0.4853706122110937,0.2524724932230802,0.2621568945658262
54638922,4629,D,H,0.5254687119338958,0.24430121980361902,0.2302300682624853
54638923,4629,A,H,0.48543487960897197,0.18519065959071157,0.3293744608003165
54856821,4629,D,H,0.3935579453497905,0.25542607365059516,0.3510159809996143
55517686,4629,A,H,0.40893974210240297,0.2836414063188156,0.30741885157878135
55517687,4724,H,H,0.49801890159757667,0.2697275461706979,0.23225355223172553
55517688,4675,H,H,0.5914193566119861,0.276738764713012,0.13184187867500194
55517714,4724,D,A,0.30092457586767346,0.29427317721978763,0.4048022469125389
55517716,4634,A,A,0.33234314137118565,0.23485921151666134,0.43279764711215307
55781141,4629,H,H,0.4833595719980858,0.22389336243227348,0.29274706556964075
55781143,4630,A,A,0.20012253076885114,0.25959244939814446,0.5402850198330044
55781148,4675,H,A,0.29272552846619637,0.30090685885172147,0.40636761268208216
55781149,4630,A,H,0.515337040393145,0.22881271646844195,0.25585024313841315
55781154,4629,H,H,0.4126831908379467,0.2963393172394676,0.2909774919225858
55781161,4630,D,H,0.4936987540729767,0.2322250530223628,0.2740761929046605
55781162,4630,D,H,0.6997121904320928,0.19545218763921676,0.10483562192869046
55781163,4675,A,A,0.14095988267783396,0.2545955340104581,0.604444583311708
55781164,4675,A,H,0.47456862569429004,0.3118382216281365,0.21359315267757353
55781165,4675,H,H,0.7009987618044125,0.1556975149404176,0.14330372325517002
55781166,4675,H,H,0.7803985026205543,0.16296343723433748,0.056638060145108214
55781172,4675,H,H,0.37578182935973203,0.3267243412683345,0.29749382937193336
55781174,4634,D,A,0.3115409625610628,0.28728011046779767,0.40117892697113944
55781175,4724,D,H,0.4802314712705549,0.24080057346891107,0.27896795526053403
55781177,4634,H,H,0.6749076288612484,0.20420355543923954,0.12088881569951199
55781178,4724,H,A,0.24887664855873856,0.3129144310045669,0.43820892043669457
55781180,4634,D,H,0.3854496912582815,0.2908206087171255,0.32372970002459306
55781181,4630,H,H,0.787169530567836,0.1460560121706504,0.06677445726151358
55781183,4724,H,H,0.5750559117781414,0.2863509661003443,0.13859312212151434
55781184,4634,H,H,0.5112824735475898,0.3289842098765825,0.15973331657582768
56297591,4629,H,H,0.519965338923312,0.20559867157487463,0.27443598950181336
56297594,4675,D,A,0.3245665845207095,0.26702127203080545,0.40841214344848503
56297595,4630,A,A,0.11241550592802205,0.20163601683659302,0.6859484772353849
56297596,4629,D,A,0.26111423857958477,0.26259464120534187,0.47629112021507336
56297603,4675,H,H,0.5315483502669053,0.2956916323998334,0.17276001733326127
56297604,4629,H,A,0.3700742973722896,0.2376675643564445,0.39225813827126593
56297610,4629,A,A,0.27249487326349875,0.2969295541860753,0.43057557255042594
56297613,4629,H,H,0.5206994498815248,0.23626267257918657,0.2430378775392886
56297614,4630,H,H,0.7339111290157904,0.16255191969542965,0.10353695128877997
56297615,4630,H,H,0.75261943627625,0.1871723559193706,0.06020820780437937
56297622,4724,D,A,0.24847418279620692,0.18856318616013157,0.5629626310436615
56297623,4724,D,A,0.25807028930686254,0.18646044032326875,0.5554692703698688
56297624,4724,A,A,0.3426689032030113,0.2512676230583675,0.40606347373862134
56297625,4724,H,H,0.6233555061249543,0.22350184230422274,0.153142651570823
56297629,4724,A,A,0.09432480863298022,0.1889576108844832,0.7167175804825365
56297630,4634,H,H,0.36390741163738183,0.3003432561824797,0.3357493321801385
56297631,4634,H,H,0.37865094477118816,0.2441140407482809,0.3772350144805309
56297633,4634,D,H,0.4192608325720444,0.3003068454869538,0.28043232194100187
56297641,4634,D,H,0.5336200847871512,0.2350420529779781,0.2313378622348707
56297643,4630,A,H,0.5533382670853734,0.18840981216841668,0.2582519207462099
56297644,4630,D,H,0.4326061099714931,0.24663635071494414,0.32075753931356277
56297646,4634,H,H,0.6046814115276413,0.23404298026386283,0.1612756082084958
57052120,4629,A,H,0.5227081289325904,0.22676842117508272,0.2505234498923268
58704532,4634,H,H,0.485702378661274,0.2918729930502302,0.22242462828849588
58704533,4634,D,A,0.13305065746210684,0.26931982451403924,0.5976295180238538
58704534,4724,H,H,0.5241484369618074,0.24290775870927842,0.2329438043289142
58792046,4629,H,H,0.7627725189855947,0.13267188361170135,0.10455559740270386
58792047,4675,H,H,0.5608527591356003,0.28144990575181594,0.15769733511258383
58792048,4629,A,A,0.14970307514992798,0.28689139373512806,0.5634055311149441
58792049,4629,D,H,0.5247965482455902,0.20718415969994905,0.2680192920544607
58792050,4630,D,A,0.3006322665908506,0.28309310377340713,0.4162746296357423
58792051,4629,H,H,0.4400590023985452,0.2846534968061103,0.2752875007953446
58792052,4629,H,H,0.5066012469476686,0.24296593781291892,0.25043281523941235
58792053,4675,D,A,0.20839975697058927,0.21088638561812345,0.5807138574112873
58792054,4630,H,H,0.5021539733409701,0.2148034053299722,0.28304262132905766
58792055,4629,D,A,0.29563165550793813,0.19756119695108684,0.506807147540975
58792056,4630,H,A,0.0726383186586015,0.18006947173842028,0.7472922096029782
58792057,4630,A,H,0.4728788253377898,0.1870174953623788,0.34010367929983126
58792058,4630,A,A,0.13347677461280796,0.22991654912827528,0.6366066762589166
58792059,4675,H,A,0.33328074671379315,0.30168182647631797,0.3650374268098889
58792060,4675,A,H,0.42100336967163043,0.2782792066284856,0.30071742369988397
58792061,4675,A,A,0.2728540384191196,0.2049318842807077,0.5222140773001727
58792062,4675,A,A,0.12297117717158029,0.2780510047948722,0.5989778180335475
58792063,4675,H,H,0.4738763702940806,0.2918199312118737,0.2343036984940458
58792064,4630,H,A,0.2651146250309659,0.2331507474799215,0.5017346274891126
58792065,4629,A,A,0.26758523425649006,0.27253207793561396,0.4598826878078958
58792066,4675,A,A,0.28509290862808856,0.2548046825010413,0.46010240887086995
58792067,4634,A,H,0.3586484399674347,0.2954969815049035,0.3458545785276619
58792068,4724,D,H,0.4100911406824602,0.28197275527225696,0.3079361040452829
58792069,4634,A,H,0.4532187679868685,0.24246587616567564,0.30431535584745584
58792070,4634,D,A,0.3034958403134646,0.283304527602936,0.4131996320835994
58792071,4724,H,H,0.698990958113594,0.1904496280459845,0.11055941384042146
58792072,4724,H,H,0.4031381234194975,0.23598831652474395,0.36087356005575855
58792073,4724,A,H,0.765534722421657,0.1620729813401865,0.07239229623815639
58792074,4634,A,H,0.3868516915376516,0.29325329343686085,0.31989501502548756
58792075,4634,D,H,0.6480472816734513,0.19909701958003,0.1528556987465186
58792076,4724,A,A,0.17842229472997206,0.2288110829738221,0.5927666222962059
58792077,4724,H,A,0.28316827814221557,0.32279376704294244,0.394037954814842
59262828,4675,H,D,0.333242903017125,0.3471811657582639,0.3195759312246109
59262848,4630,H,H,0.6232990453305614,0.2554850020660356,0.12121595260340302
59262849,4630,H,H,0.8195729124299811,0.1123294965049784,0.06809759106504054
59262850,4630,A,H,0.6716353736537999,0.18295380477313314,0.14541082157306692
59262856,4724,H,A,0.12532395997158338,0.1833641616124702,0.6913118784159465
59262858,4634,D,H,0.585004172035886,0.2501880111186512,0.16480781684546278
59262859,4634,D,D,0.30824261064849384,0.3472657156559968,0.34449167369550937
59262860,4724,D,A,0.2634345216412511,0.27074911877023766,0.4658163595885112
59262862,4634,H,H,0.679800035305522,0.22709358066662552,0.09310638402785243
59262863,4724,A,A,0.2574052483265291,0.22162261875627395,0.5209721329171969
59262867,4630,A,A,0.2425370509161067,0.1991444787226225,0.5583184703612709
59262872,4629,A,A,0.2767516734884486,0.23729069572930095,0.48595763078225057
59262873,4629,H,H,0.5076647265434516,0.28218766422303615,0.21014760923351228
59902525,4634,H,H,0.592532567753337,0.23695570100951185,0.17051173123715116
60168268,4634,H,H,0.36219567802282787,0.2793077448962487,0.3584965770809234
60168269,4634,A,D,0.2722743793769239,0.40156398366020235,0.3261616369628738
60168271,4724,H,H,0.503861439765848,0.28190765932628,0.2142309009078721
60168272,4634,D,H,0.590341193567281,0.2424408999706688,0.16721790646205015
60168274,4724,A,A,0.15987381553758812,0.16145661792468388,0.6786695665377279
60168275,4634,D,H,0.35024381374735,0.3181890895631385,0.3315670966895114
60168288,4724,A,A,0.12726735009108742,0.2426884214807469,0.6300442284281657
60402446,4724,H,H,0.7282428821697277,0.1641225243453659,0.10763459348490657
60402483,4634,H,H,0.637218461906216,0.23286678835430014,0.12991474973948383
60442094,4724,D,H,0.4452754018023084,0.2404918572500796,0.31423274094761194
60712489,4724,D,H,0.543368493038843,0.2274256323772326,0.2292058745839243
60712490,4724,A,H,0.435016760821695,0.3503820103022178,0.21460122887608726
60712496,4634,H,A,0.3216690876669074,0.27215593104123387,0.40617498129185886
61217225,4634,D,H,0.4773779163012341,0.29396709433779866,0.22865498936096731
61217671,4724,D,H,0.4803097127015057,0.27007995143070446,0.24961033586778994
61218070,4634,A,H,0.5012062650287351,0.2551879154375942,0.2436058195336706
61218338,4724,H,H,0.6112309252961151,0.2587929164736205,0.12997615823026445
61282012,4675,A,D,0.36249117701323547,0.36850659478255093,0.26900222820421354
61282017,4675,H,H,0.6218145232125193,0.22462872350059293,0.15355675328688775
61282018,4675,A,H,0.5436766340884854,0.26016144899716537,0.1961619169143492
61282019,4675,D,H,0.7326983718496252,0.18870630199857025,0.07859532615180453
61282021,4634,H,A,0.3505577960388248,0.25339927784246236,0.3960429261187129
61282022,4675,H,H,0.5422859777226294,0.22545384906591484,0.23226017321145567
61282023,4675,H,H,0.8260086577847514,0.12829978046383747,0.04569156175141104
61282025,4675,H,H,0.6792833931634089,0.21051806032759038,0.11019854650900074
61282027,4675,H,H,0.704063883354651,0.13247867817583237,0.1634574384695166
61282028,4675,D,H,0.6472870023215963,0.20317541882958232,0.14953757884882132
61374399,4629,A,H,0.497422566068341,0.19865709128909673,0.3039203426425622
61374400,4629,D,A,0.3613732967948374,0.2234622634850605,0.4151644397201021
61374401,4629,D,H,0.6391272091301656,0.199952537292805,0.16092025357702935
61374403,4629,D,H,0.7079642854772373,0.16964002228820124,0.12239569223456148
61374404,4630,D,A,0.13879728502837163,0.20331485910898642,0.6578878558626419
61374405,4630,D,A,0.1962025220860109,0.23008378396774853,0.5737136939462406
61374406,4630,D,H,0.5553658642364304,0.19874214568886373,0.24589199007470586
61374407,4630,D,H,0.620454871681639,0.20267265848675586,0.17687246983160507
61374408,4630,H,H,0.4727397869964796,0.183815277389182,0.3434449356143384
61374409,4630,H,H,0.5572176991876049,0.2592325412240881,0.183549759588307
61374410,4630,H,H,0.6791863078604841,0.2095633562590294,0.11125033588048662
61374411,4630,A,A,0.17270421080329912,0.24984576893374172,0.5774500202629591
61374412,4630,A,A,0.1342617383027817,0.20428226410607775,0.6614559975911404
61786513,4724,H,H,0.5328778523319107,0.27144473235141126,0.19567741531667812
61842258,4630,H,A,0.2837446300942825,0.2401468890887725,0.476108480816945
61842311,4629,A,A,0.2116709197500006,0.2473128067664133,0.5410162734835862
61842313,4629,A,H,0.4508954917758831,0.259308462078282,0.289796046145835
62188597,4629,H,H,0.6073668964831889,0.2179010030692612,0.1747321004475499
62188603,4629,A,A,0.12403908084414247,0.22570468353555653,0.650256235620301
62523129,4634,H,H,0.5723338023565323,0.2191624225466944,0.20850377509677334
62831832,4724,A,H,0.7331282201112025,0.12990072087238524,0.13697105901641224
62831833,4724,H,A,0.27778141823702607,0.23572965137803992,0.4864889303849341
62831834,4724,H,H,0.5703673103613921,0.2310741594840831,0.19855853015452474
62831835,4634,D,H,0.4045322540744808,0.34857008986430293,0.24689765606121625
62831836,4634,D,A,0.2654505376379323,0.3194864652577121,0.4150629971043555
62831838,4724,H,H,0.5262532534065639,0.2518689154408536,0.22187783115258244
62831840,4724,D,H,0.6038156462660343,0.22469729929141843,0.17148705444254722
62831841,4634,A,A,0.2560473172475593,0.2781509157349846,0.46580176701745607
62831843,4724,D,H,0.3814240254525117,0.32473728513939804,0.2938386894080902
62831845,4724,D,A,0.24689766449410797,0.3102157322424764,0.44288660326341567
62831859,4634,H,H,0.6898438597704499,0.19711898282447923,0.11303715740507085
63079737,4634,D,A,0.14077130287334377,0.25415282247628207,0.605075874650374
63079738,4634,D,H,0.3998248664524632,0.3202190227253875,0.2799561108221494
63079739,4634,D,H,0.3995963765622074,0.3072165731340415,0.293187050303751
63079741,4634,H,H,0.5449689286624764,0.27289034480078106,0.18214072653674251
63079744,4634,A,H,0.4920562478739721,0.24049816168645055,0.2674455904395773
63325784,4724,A,A,0.18213079431473644,0.27322918024217935,0.5446400254430841
63902125,4724,H,A,0.34981587922351637,0.28517895498183726,0.36500516579464637
63902699,4724,A,A,0.168303192715804,0.19808616565108034,0.6336106416331155
66611649,4634,H,H,0.5928972125080361,0.23083625244207423,0.1762665350498898
66611650,4724,A,H,0.3921883893661398,0.30882156277231526,0.29899004786154504
66611651,4629,A,H,0.45433267226890633,0.24150188536663297,0.3041654423644607
66611654,4634,D,H,0.39880576316120253,0.2904281620858674,0.31076607475293
66611656,4724,H,H,0.6838386052763292,0.18580743161889804,0.13035396310477265
66611657,4675,A,H,0.454341692727128,0.2863898136722753,0.2592684936005966
66611658,4629,H,H,0.7512661007120194,0.1818046210713147,0.066929278216666
66611660,4634,H,H,0.5837094245075504,0.2946197217548138,0.12167085373763586
66611661,4675,H,H,0.43424546968942823,0.26339629497285777,0.30235823533771394
66611664,4724,D,H,0.4034673502855904,0.3506788171970073,0.24585383251740234
66611665,4724,H,H,0.6671277217147167,0.19829070808813998,0.13458157019714329
66611666,4629,H,A,0.21104654329645373,0.2745892795422136,0.5143641771613328
66611667,4629,H,H,0.44439929168937325,0.22988565609390493,0.3257150522167218
66611668,4629,D,H,0.40748348476825635,0.27322384253566245,0.31929267269608125
66611669,4634,A,H,0.33492427186780954,0.33047657671600134,0.33459915141618907
66611670,4629,H,A,0.08866416063205688,0.24714044719258718,0.664195392175356
66611671,4724,H,H,0.4962853987823044,0.30484206892938814,0.1988725322883074
66611674,4629,H,H,0.6258350967360433,0.17972355176274085,0.19444135150121572
66611675,4634,A,H,0.4211173336958262,0.255527376219521,0.32335529008465275
66611676,4630,A,A,0.07827211444045494,0.24415182303975658,0.6775760625197884
66611677,4724,A,H,0.47189829624616697,0.2981256121135689,0.22997609164026403
66611685,4675,A,A,0.0608357280100221,0.1945231286430371,0.7446411433469409
66611686,4634,D,A,0.2748651898351114,0.2925708637238858,0.4325639464410028
66611687,4630,D,A,0.3670021069826916,0.19138015754813484,0.4416177354691736
66611689,4724,A,A,0.12005073577378442,0.17856984268429385,0.7013794215419217
66611694,4629,H,H,0.7257424193238396,0.16586833801023615,0.10838924266592419
66611696,4634,D,A,0.2959194930647079,0.3461187234899477,0.35796178344534446
66611737,4630,D,H,0.5153929955680878,0.27849774636597596,0.20610925806593625
66611738,4630,H,H,0.6472501834460875,0.17987735559327736,0.17287246096063502
66611739,4630,H,H,0.6149314416577151,0.1656847034061841,0.21938385493610082
66611740,4630,H,H,0.6583420085797981,0.21205047065147054,0.12960752076873133
66611741,4630,A,H,0.41109681235817175,0.2890660432234982,0.29983714441833
66611742,4675,A,A,0.14149296065793596,0.25491757123790854,0.6035894681041555
66611743,4675,A,H,0.465113052053095,0.2653300572800807,0.2695568906668243
66611744,4675,A,A,0.1960289855425297,0.22674212412993117,0.5772288903275391
66611745,4675,H,H,0.5798284983757597,0.26082619559407577,0.1593453060301646
66611746,4675,A,A,0.2781300391478898,0.27680513191534617,0.44506482893676397
66611749,4724,A,A,0.11004263814713822,0.1668182036506074,0.7231391582022543
66611753,4634,H,H,0.5081392505303015,0.29188391835556193,0.19997683111413658
66611755,4630,H,H,0.5356636331034035,0.18614234082099934,0.2781940260755973
66611770,4629,D,A,0.28444437672704753,0.2895399137520768,0.42601570952087564
66611771,4634,H,H,0.48964992539821556,0.2774677043540183,0.2328823702477661
66611774,4675,H,H,0.7937015262015984,0.14074152569974724,0.06555694809865441
66611806,4630,H,H,0.6393858377253852,0.21946408178798796,0.14115008048662692
67104531,4629,D,H,0.55980084632451,0.2057708836050184,0.2344282700704715
67169860,4634,H,H,0.5456993189042533,0.2695090635813707,0.18479161751437595
67169861,4630,H,H,0.7907169228078909,0.14460125901627718,0.0646818181758319
67169862,4724,A,H,0.655495619674047,0.24727735494882241,0.09722702537713047
67169869,4724,D,H,0.45775365960407327,0.2460198355453241,0.29622650485060265
68958085,4634,H,H,0.49474244141888846,0.33627528754237135,0.16898227103874006
68958086,4724,D,H,0.6388351093219726,0.19421639435532442,0.16694849632270284
68958088,4634,D,H,0.45400517318013284,0.22318630132545864,0.3228085254944086
68958089,4724,H,H,0.5961000942095845,0.1779901065152992,0.22590979927511626
68958090,4675,H,H,0.7848590379569466,0.14553967044944432,0.06960129159360925
68958092,4629,D,H,0.7187058390724246,0.1751043444038436,0.10618981652373184
68958094,4675,D,A,0.29926577325637477,0.2690970174514378,0.4316372092921874
68958095,4629,H,H,0.5825821189144818,0.2192605620407593,0.19815731904475886
68958096,4629,D,A,0.3529300737558558,0.28584115760220263,0.3612287686419416
68958097,4629,H,A,0.3228464133448589,0.1841717618020282,0.49298182485311287
68958098,4630,H,H,0.6894917879696141,0.16948133924622077,0.14102687278416512
68958099,4630,D,H,0.6593753891500147,0.21360088826233115,0.1270237225876542
68958102,4630,A,A,0.30943838839627474,0.25358614141072144,0.4369754701930037
68958104,4724,H,H,0.37321992127073217,0.3207528024901723,0.3060272762390956
68958111,4629,H,H,0.5572130056279037,0.2534935261028135,0.18929346826928284
68958113,4634,D,A,0.1997131283328423,0.285293229010417,0.5149936426567407
68958114,4724,H,H,0.6420521631225559,0.2102081453681039,0.14773969150934024
68958120,4675,H,H,0.7614385662864906,0.1523584134347003,0.08620302027880908
68958122,4634,D,D,0.319041843786481,0.3696857441273643,0.31127241208615486
68958123,4630,D,A,0.14654648517575947,0.21805096179974304,0.6354025530244974
68958125,4724,A,H,0.5234557061555545,0.24545869934936812,0.23108559449507746
68958132,4634,A,H,0.46642707539920597,0.24142669359933266,0.2921462310014613
68958144,4630,H,H,0.8793801050742811,0.09457551672460408,0.026044378201114746
68958145,4630,H,H,0.4843799237917623,0.2848583208980239,0.2307617553102138
68958146,4675,A,H,0.7290271967308779,0.18873368446051011,0.08223911880861189
68958147,4675,H,A,0.35056395648001154,0.29243627104247333,0.35699977247751513
68958148,4675,H,A,0.2832153778379514,0.3113512795428355,0.4054333426192131
68958149,4675,H,H,0.5693282666525354,0.2642181626269693,0.16645357072049524
68958150,4675,H,H,0.8734064657006565,0.09704965534289293,0.029543878956450505
68958151,4724,D,A,0.30627450311145094,0.30893821683320694,0.38478728005534224
68958153,4634,A,H,0.38024806581694903,0.3460699919264492,0.2736819422566017
68958154,4630,A,H,0.5100373227814671,0.2009105840336162,0.2890520931849168
68958160,4629,A,A,0.25280547682679644,0.22129581675322377,0.5258987064199797
68958161,4634,H,H,0.5409937203166651,0.2833078486158227,0.17569843106751212
68958162,4630,A,A,0.2671257450191741,0.22488346971977635,0.5079907852610497
68958163,4724,H,H,0.36446967102414857,0.32911936799264313,0.3064109609832083
68958166,4675,D,H,0.4799640670881245,0.25045021366711023,0.26958571924476515
68958211,4629,H,H,0.5463372500385113,0.29371073374407175,0.15995201621741698
68958214,4724,D,H,0.5078229900557473,0.23037661684938332,0.2618003930948694
68958217,4629,A,A,0.35987612800862406,0.20339978602952724,0.4367240859618487
68958221,4634,H,H,0.4863795715203199,0.26132171405654125,0.2522987144231388
68958225,4629,H,H,0.5414121950315175,0.21195759947176143,0.24663020549672107
68958236,4630,A,A,0.26240463180664975,0.1800905639064668,0.5575048042868834
68958237,4634,D,H,0.5499222581441027,0.2319318391157602,0.21814590274013707
68958241,4630,H,H,0.7440131969344463,0.181333771716467,0.07465303134908667
69438797,4634,A,H,0.4040057778487124,0.32912406382881726,0.2668701583224704
69438798,4724,H,A,0.33358422242870833,0.22876344098467988,0.43765233658661173
69438799,4724,A,A,0.15579751599133565,0.25881644584783187,0.5853860381608326
70476178,4724,H,H,0.47843601707955874,0.3043811453649303,0.21718283755551113
71292545,4630,H,A,0.1479692416556592,0.21398025260513015,0.6380505057392106
71292546,4630,H,A,0.30863008926283503,0.21004710742937815,0.48132280330778676
71292547,4630,H,A,0.17954094509641583,0.3722007802753442,0.44825827462824
71292548,4630,H,H,0.8831903875638719,0.08694860528559785,0.029861007150530253
71292549,4630,D,A,0.39281925756964375,0.192284467659155,0.4148962747712013
71292550,4630,A,A,0.20055120237488677,0.2639489346210315,0.5354998630040818
71292551,4630,H,H,0.6266599707958433,0.22274603397822448,0.15059399522593214
71292552,4630,A,A,0.301390810762726,0.2763640612220598,0.4222451280152142
71292591,4630,D,A,0.13026363507261574,0.19897056936203178,0.6707657955653527
71859274,4630,A,H,0.7194776362945445,0.13694933554383462,0.14357302816162087
71859275,4724,H,A,0.29121991026511107,0.3255740599934128,0.3832060297414761
71859276,4724,H,H,0.4528342217408271,0.3324858909606793,0.2146798872984936
71859277,4634,D,H,0.7337921074971739,0.15334252918484134,0.11286536331798477
71859278,4724,A,A,0.2869983570711328,0.3246456483001995,0.3883559946286678
71859279,4629,H,H,0.5450818823750838,0.1782998921239687,0.2766182255009474
71859280,4634,A,A,0.2590961788970459,0.27113810184039394,0.46976571926256006
71859281,4724,H,H,0.5713188368989247,0.24342541413917568,0.18525574896189959
71859282,4675,H,A,0.145239168724971,0.23922117492254402,0.6155396563524849
71859283,4629,H,H,0.5950413110845497,0.21192808207727387,0.19303060683817647
71859284,4634,H,H,0.5078119866889598,0.27176279488561783,0.22042521842542234
71859285,4675,D,H,0.6517329663065181,0.2363163713484644,0.11195066234501747
71859286,4724,H,D,0.2930155332452099,0.3730008430406579,0.3339836237141322
71859287,4629,A,A,0.3030885202340054,0.33539174887627604,0.36151973088971845
71859288,4629,D,H,0.3621656748474227,0.28518105024665513,0.35265327490592224
71859289,4724,A,A,0.24888803947965654,0.2983152562149562,0.45279670430538727
71859291,4629,D,H,0.4615681803064132,0.18853422160529595,0.3498975980882909
71859292,4634,A,A,0.2164752748617229,0.2458497825131275,0.5376749426251496
71859293,4724,A,H,0.5045730091855547,0.2590877830959305,0.23633920771851483
71859294,4675,A,A,0.16726985143429968,0.17542460672917662,0.6573055418365237
71859295,4634,D,A,0.3387983711650349,0.289654347453903,0.3715472813810621
71859296,4724,A,A,0.3023465561118395,0.20260832846278104,0.4950451154253794
71859297,4629,D,A,0.14568169116707794,0.318355096187761,0.535963212645161
71859298,4634,H,H,0.47659428826574507,0.2951599930334512,0.2282457187008038
71859299,4675,A,A,0.15342318737947352,0.19678365574138876,0.6497931568791377
71859300,4675,D,H,0.3539433425574953,0.3450632589133227,0.30099339852918194
71859301,4675,H,A,0.13832517004770092,0.22857973279762822,0.6330950971546708
71859302,4675,D,H,0.550391845611754,0.26017741150313367,0.18943074288511222
71859303,4675,A,H,0.4072531554989055,0.2929920888507092,0.2997547556503853
71859304,4724,A,A,0.1151979748997328,0.18969640860528275,0.6951056164949845
71859305,4634,A,A,0.24739091965805404,0.28365696035958243,0.4689521199823634
71859306,4629,H,H,0.561767700360091,0.20095639974069943,0.2372758998992096
71859307,4634,H,A,0.2608612711805903,0.3054877266479761,0.4336510021714335
71859308,4675,A,H,0.36577318687643795,0.3298934527844104,0.3043333603391517
71859327,4634,H,H,0.5383974088091331,0.272421774410933,0.1891808167799339
72188901,4629,A,H,0.44605696939090755,0.30943048865103456,0.24451254195805788
72188905,4634,H,H,0.6163722262156925,0.22640556707791568,0.1572222067063918
72188906,4629,D,H,0.603232982398071,0.2513880143655871,0.1453790032363419
73953296,4630,D,A,0.16945740688043143,0.144102656615852,0.6864399365037165
73953297,4630,H,H,0.4074806562088638,0.27567423077100994,0.3168451130201263
73953298,4630,H,H,0.6576435608536154,0.17004808106003766,0.17230835808634692
73953299,4630,D,H,0.7857316958116317,0.16258069601916725,0.051687608169200976
73953300,4630,H,H,0.7029591679333425,0.16130605074562412,0.13573478132103342
73953303,4630,H,A,0.12280578812220347,0.24873073230367632,0.6284634795741201
73953310,4630,A,H,0.42770840000455124,0.26205732896221035,0.3102342710332385
73953311,4630,H,A,0.18697540998406437,0.2359966056581153,0.5770279843578204
73953369,4630,H,H,0.6653654003359015,0.2045466181798014,0.13008798148429704
73953370,4630,H,H,0.8351136985455905,0.11996651995888247,0.04491978149552716
74415076,4634,H,H,0.629181415733392,0.26100731884985495,0.10981126541675301
74415077,4724,H,H,0.7893932614315262,0.14542383625947572,0.06518290230899798
74415078,4629,H,H,0.5744695181065307,0.17926842873841825,0.2462620531550511
74415079,4675,H,H,0.6935698635558812,0.19700090058578631,0.10942923585833243
74415080,4634,D,H,0.6290335309634544,0.2239902569591181,0.14697621207742756
74415081,4724,D,A,0.299041725306022,0.2698310957694557,0.4311271789245222
74415082,4675,D,A,0.3527012310202811,0.2867990977193263,0.36049967126039256
74415083,4629,A,H,0.5693960421687738,0.23884825662950868,0.19175570120171745
74415084,4634,H,H,0.6956315431220346,0.19959653277689837,0.10477192410106702
74415085,4675,H,H,0.8202662962744949,0.11882088399953636,0.060912819725968854
74415086,4724,D,A,0.308748506167854,0.23191114217478387,0.45934035165736203
74415087,4724,H,H,0.4320186828528148,0.25305958332448436,0.31492173382270094
74415088,4629,H,A,0.3206999115287486,0.3117020281848563,0.36759806028639497
74415089,4629,H,H,0.5045239714707109,0.2501031087560418,0.2453729197732472
74415090,4629,D,H,0.6285427034620434,0.21631869190116887,0.15513860463678777
74415091,4634,D,H,0.5892065133920207,0.2596406163373889,0.15115287027059038
74415092,4629,D,H,0.6277257791717052,0.1949280405408691,0.1773461802874256
74415093,4724,A,H,0.820386722328077,0.134925472605837,0.04468780506608596
74415097,4629,D,A,0.170837430391346,0.21260729858118455,0.6165552710274695
74415098,4634,H,H,0.7711497527115382,0.1255382152393357,0.1033120320491262
74415099,4724,D,H,0.5296912836012772,0.22678492233579245,0.24352379406293037
74415100,4675,D,H,0.5259997701878629,0.260737891379477,0.21326233843266015
74415101,4634,D,H,0.3820723892363095,0.352688053191789,0.2652395575719016
74415102,4634,D,H,0.34365166952435966,0.33788927465851604,0.31845905581712436
74415103,4724,H,H,0.7042120075803053,0.19926155374009083,0.0965264386796038
74415104,4629,A,A,0.20829244547707104,0.281436773245457,0.5102707812774719
74415105,4634,A,A,0.3137537122861646,0.296950946624879,0.38929534108895636
74415106,4675,D,A,0.30132661894329604,0.3348220106744909,0.363851370382213
74415107,4675,H,H,0.658688185153871,0.19592020379915204,0.14539161104697693
74415108,4675,D,H,0.44702458718998633,0.31172467458464276,0.24125073822537083
74415109,4675,H,H,0.923773345089912,0.060220486339117,0.01600616857097087
74415110,4724,D,A,0.24869092181466668,0.2898743652351443,0.46143471295018895
74415111,4634,A,A,0.3337083976115862,0.247140848853609,0.4191507535348048
74415118,4629,D,A,0.3384947590892649,0.2207443572013572,0.4407608837093778
74415119,4634,H,H,0.5755139299254924,0.24309249872587282,0.18139357134863474
74415120,4724,H,H,0.39221432918163524,0.33109127839557995,0.2766943924227848
74415121,4675,H,A,0.32851268451616955,0.29263021050793125,0.3788571049758992
74415122,4724,D,H,0.6140828773908649,0.22745307490770686,0.15846404770142825
78218351,4629,H,H,0.5165603272523123,0.18651519982297923,0.2969244729247086
78218352,4634,H,H,0.5607499972942236,0.2536950525527875,0.18555495015298895
78218353,4675,A,A,0.05428895163662804,0.14365385842345674,0.8020571899399153
78483704,4629,D,A,0.25722283915756144,0.30173536661839195,0.4410417942240467
78483708,4675,A,A,0.22209819700320294,0.2514030956594774,0.5264987073373196
78483709,4634,H,H,0.6505719136246163,0.21686184731409583,0.13256623906128784
78483710,4724,A,A,0.26949367389175355,0.19976357928148836,0.530742746826758
78483711,4629,A,A,0.22357224723358296,0.2411642588644533,0.5352634939019637
78483716,4634,D,H,0.43905519489734385,0.31628158141859747,0.24466322368405868
78483717,4630,A,A,0.3137389567167753,0.3290778374944942,0.3571832057887305
78483718,4630,A,A,0.21186779203521114,0.2540413577214599,0.5340908502433289
78483719,4630,H,H,0.4883989107067881,0.20764315923451898,0.30395793005869287
78483720,4630,A,A,0.28740415457613233,0.31459140848524453,0.39800443693862314
78483721,4675,A,A,0.1311563070577443,0.18801363988876937,0.6808300530534864
78483722,4675,H,A,0.18460307230747533,0.26492711522361173,0.5504698124689128
78483723,4675,D,H,0.5704297868828525,0.28340232640512436,0.14616788671202305
78483724,4675,D,H,0.40203566174127564,0.29490017066754876,0.3030641675911757
78483725,4675,H,H,0.5336731725492839,0.2867797804228443,0.1795470470278718
78483726,4724,H,A,0.26323977955310535,0.3215823916972337,0.4151778287496609
78483727,4634,D,A,0.30961041044788284,0.24075941886030172,0.4496301706918154
78483728,4630,D,H,0.5585461677369876,0.2058039845103789,0.23564984775263353
78483732,4724,H,H,0.38083415268141546,0.2705872825384644,0.3485785647801201
78483733,4634,H,H,0.665120657879288,0.23028763601983906,0.10459170610087293
78483734,4630,A,A,0.2562841833349886,0.1986214726912556,0.5450943439737558
78483753,4630,H,A,0.31486566380020264,0.23089383696864704,0.4542404992311504
79034384,4724,D,A,0.35528514607411654,0.2241725997259887,0.4205422541998947
79034385,4629,A,A,0.3059348058821081,0.2425264700681143,0.4515387240497775
79034387,4634,A,A,0.08758683253397845,0.20682319711479738,0.7055899703512243
79034388,4724,H,H,0.5294129374230859,0.2736143255048994,0.1969727370720146
79034389,4675,D,H,0.4621083407610749,0.27178041290643307,0.2661112463324921
79034390,4630,A,H,0.5203660122181863,0.22224485772777708,0.25738913005403646
79034392,4634,H,A,0.33180455283396065,0.32452175434965896,0.34367369281638044
79034395,4724,H,A,0.3335793283113444,0.30455899798723873,0.36186167370141686
79034396,4724,A,A,0.19638718066625602,0.28699135357607375,0.5166214657576703
79034397,4629,A,H,0.4387115457860353,0.20460389591456554,0.3566845582993991
79034398,4629,D,H,0.4407597882982909,0.31244909706189045,0.24679111463981862
79034399,4629,A,H,0.37409262835991425,0.3382056114993708,0.28770176014071497
79034400,4630,A,H,0.4724882770719645,0.18310386132788736,0.3444078616001481
79034404,4634,H,H,0.36832133083367263,0.32965416832442035,0.302024500841907
79034405,4629,H,H,0.7245408797345516,0.16922890518677994,0.10623021507866841
79034406,4724,D,A,0.25740753391944415,0.3366746968800526,0.4059177692005034
79034419,4629,H,H,0.5292888831106385,0.24090798361802798,0.22980313327133356
79034420,4675,D,H,0.4177713355075703,0.3261716499299785,0.2560570145624513
79034430,4634,H,H,0.5954519082096521,0.23813616105708216,0.16641193073326568
79566591,4634,D,H,0.5118670675739244,0.24942335145048072,0.23870958097559486
79566592,4630,H,H,0.3840621065028318,0.3233731248490507,0.29256476864811753
79566593,4724,H,H,0.4781340016639552,0.24720704051179074,0.2746589578242541
79566624,4724,D,A,0.23831678750937288,0.3072733409969013,0.45440987149372586
80501659,4634,H,H,0.40748115208512736,0.25532194051728146,0.33719690739759123
80501660,4724,A,A,0.3730070656436372,0.2320496154517022,0.39494331890466056
80501661,4675,A,H,0.38436245522220197,0.3424135526787037,0.2732239920990943
80501664,4629,H,H,0.4582550654986915,0.3047917000795333,0.23695323442177507
80798817,4634,H,H,0.8089296660178321,0.13615371838290274,0.054916615599265146
80798819,4675,H,H,0.7263783251180129,0.19605645917968972,0.07756521570229735
80798823,4629,H,A,0.30650081709376925,0.22446476633960805,0.4690344165666226
80798836,4634,D,A,0.2887420907265209,0.3287385603775747,0.3825193488959043
80798837,4630,H,H,0.6070000382101732,0.20823706540107542,0.18476289638875137
80798838,4724,H,H,0.5337085458826888,0.2873741087798108,0.17891734533750045
80798846,4675,H,H,0.7679747858330697,0.1671452400344676,0.0648799741324627
80798847,4630,A,A,0.3208815216998668,0.2872866127001153,0.3918318656000178
80798848,4724,H,H,0.4594989987724395,0.2925601468504937,0.2479408543770668
80798852,4629,H,H,0.6433885226830531,0.19881612865219714,0.15779534866474978
80798859,4634,H,H,0.5544833325275823,0.24033741475465978,0.2051792527177579
80798873,4630,H,H,0.516403851708978,0.30809339655236606,0.17550275173865598
80798874,4630,H,H,0.6465847753909307,0.22532111073690453,0.12809411387216485
80798875,4630,H,H,0.6999798073222696,0.20033379838605014,0.09968639429168029
80798876,4675,H,H,0.5063626006439412,0.21481714074279545,0.27882025861326337
80798877,4675,H,H,0.45037141715193907,0.25722512228374445,0.2924034605643165
80798878,4675,H,H,0.8784960150318561,0.0944860649936838,0.027017919974460174
80798880,4724,D,H,0.4911227440525055,0.33783606905171215,0.17104118689578235
80798886,4634,H,H,0.6642554270374783,0.19001674011177655,0.14572783285074503
81259723,4675,D,H,0.7377937704682128,0.1407738858842459,0.12143234364754135
81259725,4634,H,H,0.5394018695823459,0.22926588360662462,0.23133224681102948
81259726,4724,A,H,0.4383569929970047,0.23151061287497168,0.33013239412802364
81259727,4629,H,H,0.49361988493739317,0.1963814980819859,0.30999861698062087
81259728,4675,H,H,0.38693765875574454,0.2644121948596166,0.34865014638463887
81259731,4634,D,H,0.7221699119118361,0.17902538552380273,0.09880470256436112
81259732,4724,A,A,0.3660685760739332,0.26723572975397547,0.3666956941720913
81259735,4630,D,H,0.6031425876470823,0.18706016346670856,0.20979724888620918
81259736,4629,H,H,0.6545404353659198,0.22223503189551894,0.12322453273856124
81259744,4634,D,A,0.3131873033701005,0.33144132439988055,0.35537137223001897
81259746,4675,A,H,0.45986506003485583,0.29115595762392044,0.24897898234122381
81259750,4724,D,H,0.5026253270767335,0.24572230066320516,0.25165237226006143
81259751,4724,H,H,0.6486831679691443,0.2036347471808546,0.14768208485000112
81259752,4629,H,H,0.6686629668652901,0.17685081024315458,0.15448622289155525
81259753,4629,H,H,0.572070689952714,0.2246874956628803,0.20324181438440558
81259754,4629,D,H,0.558492483412898,0.24993489986557005,0.19157261672153184
81259756,4630,D,H,0.3894458474635696,0.26879378004462967,0.34176037249180075
81259757,4630,H,H,0.7353257626571861,0.13609581354551611,0.12857842379729775
81259758,4630,H,A,0.3204886528789256,0.2840889702255097,0.39542237689556475
81259759,4630,D,A,0.18149601716951336,0.25763106608143055,0.560872916749056
81259769,4634,D,H,0.4557024581679687,0.26241377327151466,0.2818837685605166
81259773,4629,A,A,0.12694981986657045,0.2101064278156565,0.662943752317773
81259775,4724,D,A,0.2993567286004261,0.29485305222907754,0.4057902191704963
81727361,4634,D,H,0.6413268334438665,0.2282467853255977,0.13042638123053568
81727362,4724,H,A,0.24041994169534683,0.2872595171692528,0.4723205411354004
83382237,4675,D,H,0.4666923575905133,0.2952245868099024,0.23808305559958434
83382238,4675,D,H,0.4083016070287056,0.2137898641706305,0.37790852880066395
83382239,4675,A,A,0.2637007235942679,0.25172713939399993,0.4845721370117322
83382240,4675,H,H,0.49725306405146824,0.29835572812605066,0.20439120782248105
83382241,4675,H,H,0.37525131903783676,0.3259955521037611,0.2987531288584021
83382242,4675,A,H,0.4156955120922541,0.3359897647199918,0.2483147231877541
83382243,4675,H,A,0.08307850440668622,0.12850581805337896,0.7884156775399348
83382244,4675,H,H,0.41854952754310526,0.32237192571738743,0.2590785467395073
83382245,4675,H,H,0.4574972899606818,0.33717762886177943,0.20532508117753878
83450120,4634,A,H,0.5752457692913401,0.21651063294293574,0.2082435977657242
83450121,4724,D,H,0.38476783317730195,0.2786170087742233,0.33661515804847464
83450122,4629,A,A,0.26772447772027214,0.29631174785586367,0.4359637744238641
83450123,4634,D,A,0.2802409912397915,0.35513750441294695,0.3646215043472616
83450124,4724,A,A,0.23020796741105876,0.2583275570134246,0.5114644755755167
83450125,4629,H,H,0.4808877340899379,0.25467348828408504,0.264438777625977
83450127,4724,H,H,0.46683871603479415,0.2665578090628591,0.2666034749023468
83450128,4629,A,A,0.17242991354974105,0.22236732121249925,0.6052027652377597
83450129,4629,D,A,0.19409316477061464,0.214471323654045,0.5914355115753404
83450130,4629,H,H,0.37682442467879035,0.3323423737740581,0.2908332015471515
83450131,4634,H,H,0.7037130626331274,0.2227135701142789,0.07357336725259363
83450132,4629,H,H,0.5695590066996149,0.22950730889074084,0.2009336844096442
83450133,4724,D,A,0.28964972478302026,0.30920494262244075,0.40114533259453894
83450134,4629,H,H,0.6519815113704004,0.2058500810727189,0.14216840755688073
83450135,4634,H,H,0.3715444752780822,0.2719280699743561,0.35652745474756165
83450136,4724,H,H,0.7048054528410814,0.18667020184694638,0.10852434531197211
83450137,4634,A,A,0.21321320623215922,0.32473407133347587,0.46205272243436485
83450138,4724,H,H,0.3813962170236505,0.28016032476980757,0.3384434582065419
83450139,4629,A,A,0.28815928419668746,0.18821246036113498,0.5236282554421776
83450140,4634,D,A,0.29774415293366957,0.2573634514845057,0.4448923955818247
83450141,4724,D,A,0.27909950096314345,0.30209763910655485,0.4188028599303017
83450142,4634,A,H,0.5926197473376046,0.22300330991251113,0.1843769427498843
83450143,4629,D,A,0.29198995701309,0.2293867671426621,0.47862327584424785
83450144,4634,H,H,0.5742649636229005,0.22008555985402045,0.2056494765230791
83450145,4724,H,A,0.37382740084451027,0.23211397783140322,0.39405862132408653
83450146,4630,A,H,0.6331831591615404,0.19803227896704545,0.1687845618714141
83450147,4630,H,A,0.32358413814827564,0.20388884170437385,0.47252702014735043
83450148,4630,H,H,0.4210460788870798,0.1918606586921356,0.38709326242078457
83450149,4630,H,A,0.2680107718789536,0.15682349061832956,0.5751657375027168
83450150,4630,A,H,0.4098551518382523,0.3565126848016595,0.23363216336008838
83450151,4630,A,A,0.04605255220392714,0.19149062870427505,0.762456819091798
83450152,4630,H,H,0.3943999225860109,0.21956519272213354,0.3860348846918556
83450153,4630,H,H,0.43429044196473093,0.27928123652494874,0.2864283215103203
83450154,4630,A,A,0.10997190499242468,0.16839787342285764,0.7216302215847176
83450155,4630,H,H,0.39853539116173764,0.3380504022225258,0.2634142066157365
83855525,4634,D,H,0.45848343264345753,0.2773631664178452,0.2641534009386974
83855526,4724,H,A,0.3329446122055391,0.32885614163493204,0.3381992461595289
83855528,4724,D,A,0.23749412232898792,0.28219818694339477,0.4803076907276174
84969967,4630,A,A,0.15505393661950487,0.2403158685229947,0.6046301948575005
84970504,4630,D,H,0.5439889800915951,0.3035103601574013,0.15250065975100355
84970510,4630,A,H,0.575676184940204,0.23713988515267181,0.18718392990712418
84970512,4630,H,A,0.12257965224794268,0.24517172545919003,0.6322486222928673
84970516,4630,D,H,0.5137144138446924,0.24876433619760807,0.2375212499576996
84971007,4630,H,H,0.4181671823680734,0.17810501362169115,0.40372780401023545
85359967,4630,H,H,0.5591196642349108,0.17342257814442036,0.26745775762066887
85359968,4630,H,H,0.42877587901007147,0.2592043980922625,0.3120197228976661
85359969,4630,A,A,0.07932357017748587,0.13600427589403105,0.784672153928483
85360261,4630,H,A,0.3755534702408528,0.20008513806157333,0.4243613916975739
85402270,4675,H,H,0.6681938316329596,0.2151712011329637,0.11663496723407663
85402271,4675,A,H,0.39094133769608,0.2405995098553456,0.36845915244857436
85402272,4675,D,A,0.35981740418690533,0.24816603400956525,0.39201656180352945
85402273,4675,H,H,0.4990146106108253,0.2637384425852466,0.23724694680392802
85402274,4675,A,H,0.6172057792682684,0.2370644991274629,0.1457297216042687
85402275,4675,D,H,0.4859811617016054,0.2821193242730517,0.23189951402534284
85402278,4675,H,H,0.6769269792118804,0.17124387907804234,0.1518291417100774
85402295,4675,H,H,0.7277013346567808,0.14250764024979243,0.12979102509342688
85402299,4675,H,H,0.4108210906805837,0.3748883099907695,0.21429059932864683
85459650,4629,D,A,0.24673163858946726,0.21275152975348335,0.5405168316570493
85459651,4634,D,H,0.6364694303519178,0.22978618161033346,0.13374438803774874
85459652,4634,D,A,0.20034679641298345,0.24528950693851057,0.554363696648506
85459653,4724,H,H,0.4444493281898835,0.35315496452173384,0.20239570728838266
85459654,4724,H,H,0.7069901493966095,0.17176975930558144,0.12124009129780894
85459655,4629,A,H,0.40030283596672644,0.23311252767456941,0.3665846363587042
85459656,4629,H,H,0.6147479076631331,0.19279276949336108,0.19245932284350578
85459657,4634,A,H,0.6579782099123084,0.21411014996735303,0.12791164012033862
85459658,4629,H,A,0.21391081188404443,0.2354608097123446,0.550628378403611
85459659,4634,H,H,0.38899264894661134,0.22989706686753716,0.3811102841858515
85459660,4634,H,H,0.8370327770092398,0.1162646235211532,0.046702599469607045
85459661,4724,A,A,0.19924163134901995,0.2096116686877312,0.5911466999632489
85459662,4724,H,H,0.3952570718449778,0.2698447095212788,0.33489821863374325
85459663,4629,H,H,0.5525477057108712,0.2878888016256827,0.15956349266344616
85459664,4634,D,H,0.4696022210824272,0.2951029450823307,0.23529483383524208
85459665,4724,D,A,0.3375255879041087,0.31218401754040487,0.3502903945554864
85459666,4724,H,H,0.6639797510559107,0.19774750266749097,0.1382727462765985
85459667,4629,A,A,0.27406199910653506,0.2531431719327405,0.4727948289607245
85459668,4629,A,D,0.30180675000724866,0.35283398450104997,0.34535926549170143
85459669,4629,D,H,0.3850623206663275,0.2568511376105189,0.3580865417231535
85459670,4634,D,H,0.43747973381736494,0.3092399014920993,0.2532803646905358
85459671,4724,H,H,0.4625131712807985,0.26634886721317214,0.2711379615060293
85459672,4724,H,H,0.4118605112554255,0.3549406355192272,0.2331988532253472
85459673,4634,H,H,0.5381723614921832,0.27848972996301524,0.18333790854480156
85459674,4629,A,H,0.6377596942999698,0.21647826240144044,0.14576204329858983
85459675,4634,H,H,0.3581064931049424,0.3414418849323202,0.3004516219627374
85459676,4724,D,A,0.2636457770859675,0.27460480645713664,0.461749416456896
85823939,4724,H,H,0.6690456616920618,0.2102478847277053,0.12070645358023284
86067470,4634,H,H,0.504471183717516,0.2520294459503056,0.24349937033217856
86506310,4630,D,H,0.7104349807006316,0.16187888537236805,0.1276861339270002
86506312,4630,H,H,0.38525248452144717,0.3401584032531197,0.2745891122254331
86506313,4630,A,A,0.3536842127462474,0.2128901716424152,0.43342561561133747
86506314,4630,H,H,0.5131351271199548,0.24932503776179282,0.2375398351182524
86506316,4630,H,H,0.4888547234447734,0.2585635648181405,0.2525817117370861
86506317,4630,D,H,0.6671585240057424,0.19792805424478407,0.13491342174947357
86506318,4630,H,H,0.6685084476478765,0.2430180697254001,0.08847348262672329
86506320,4630,A,A,0.17666145705109665,0.23368317673542882,0.5896553662134745
86506322,4630,A,A,0.2349910472309625,0.28348027726370034,0.4815286755053372
86853538,4630,D,A,0.26894796463375037,0.2577416970678881,0.4733103382983617
87198544,4630,D,H,0.5475269028068377,0.15903927155431913,0.2934338256388432
87198545,4630,H,H,0.42702677303440195,0.29505390880288757,0.2779193181627105
87198546,4630,A,D,0.33693473542366587,0.3520258598572075,0.31103940471912667
87198547,4630,H,A,0.16471073823763066,0.20557584767819523,0.6297134140841743
87198548,4630,A,H,0.4707165981241655,0.2493940985600291,0.27988930331580547
87198549,4630,H,H,0.37860068150389337,0.2900425845707964,0.33135673392531023
87198550,4630,D,H,0.8219754414018063,0.13801950328959164,0.04000505530860195
87198551,4675,H,D,0.32957850131164373,0.3372573023640044,0.33316419632435174
87198552,4675,H,H,0.7044412706867019,0.20051791809027106,0.09504081122302697
87198553,4675,A,A,0.12477770908743141,0.1668025595664134,0.7084197313461551
87198554,4675,H,H,0.5114912996749463,0.2729892656760164,0.21551943464903736
87198555,4675,H,H,0.6997632151841146,0.20434371543177213,0.09589306938411336
87198556,4675,H,H,0.47395521228028137,0.31631906722973685,0.20972572048998175
87198557,4634,A,A,0.2704603953950188,0.2630199014850791,0.46651970311990215
87198558,4634,D,H,0.5793232115729788,0.26810274097234854,0.1525740474546726
87198559,4675,D,H,0.5309920575255623,0.30605123402201045,0.16295670845242716
87198560,4675,D,H,0.4964934184985417,0.27725399108613347,0.22625259041532494
87198561,4634,A,H,0.5380240063149759,0.22058279712475468,0.2413931965602694
87198562,4675,D,A,0.15300709328505932,0.2452856078303158,0.6017072988846249
87198564,4630,H,A,0.37716905125318956,0.20596291276803227,0.41686803597877814
87247092,4724,A,A,0.30538574025745535,0.25797463343453175,0.43663962630801284
87247093,4629,H,H,0.7915324273042431,0.14686438412621497,0.06160318856954186
87247094,4724,A,H,0.37276932528852974,0.3020813431154501,0.32514933159602016
87247095,4629,H,A,0.22253674497116396,0.2890871583619407,0.48837609666689535
87247096,4634,H,H,0.7171545279561687,0.21735136122926665,0.0654941108145646
87247097,4724,H,A,0.3207217794585203,0.2546087383313796,0.4246694822101001
87247098,4724,H,H,0.6736991950066223,0.18571862982643558,0.1405821751669421
87247099,4724,H,A,0.36114095561786885,0.27296287202010006,0.36589617236203104
87247100,4724,D,H,0.4746506131214308,0.2759441918981344,0.24940519498043487
87247101,4724,H,A,0.36567848095422606,0.24041892366527873,0.3939025953804952
87247102,4724,A,A,0.226168742911254,0.2967718319205053,0.47705942516824074
87247103,4724,D,A,0.16069212286080317,0.2850819959552087,0.5542258811839881
87247104,4724,A,A,0.22689916482150063,0.2972800225408699,0.4758208126376295
87247105,4634,A,A,0.22637227751694275,0.25486740372883143,0.5187603187542259
87247106,4634,H,H,0.4791579146635347,0.3020261044220677,0.2188159809143977
87247107,4634,D,A,0.21295924529663127,0.3409972084311294,0.4460435462722393
87247108,4634,D,H,0.38687728509033076,0.24777518596138282,0.3653475289482865
87247109,4634,H,A,0.2733169665993772,0.34709344834831596,0.3795895850523069
87247110,4634,H,H,0.6356572803025716,0.19597639639234615,0.16836632330508222
87247111,4629,H,H,0.6046629279091702,0.21610605710209288,0.17923101498873692
87247112,4629,D,H,0.4225852364414117,0.220976087219016,0.3564386763395724
87247113,4629,H,H,0.4229003817569233,0.2997420060338071,0.2773576122092697
87247114,4629,H,H,0.36629230396571977,0.27055665011331825,0.363151045920962
87247115,4629,H,H,0.45262934182763664,0.26727083153859266,0.28009982663377075
87247116,4629,A,A,0.22757142051413734,0.19782274528956365,0.5746058341962991
87505929,4634,D,A,0.22354487496137926,0.29021817692497015,0.4862369481136506
87546521,4629,A,A,0.2964085635951057,0.24441224347481205,0.4591791929300823
88204418,4630,H,H,0.8228478949834054,0.10819764800218729,0.06895445701440742
88697568,4630,A,H,0.6802015603119993,0.2021996723694817,0.11759876731851897
88697569,4630,H,H,0.3839087561765075,0.2912987953296917,0.3247924484938008
88697570,4630,A,A,0.27428021251566104,0.1936758042600329,0.532043983224306
88697571,4630,H,H,0.5878504969993551,0.20567799247936072,0.20647151052128423
88697572,4630,A,H,0.5310699817820426,0.2242542178481371,0.2446758003698204
88697573,4630,H,A,0.23132831647748184,0.21242185518979276,0.5562498283327254
88697574,4630,A,A,0.11051575714553644,0.19369601835496353,0.6957882244995002
88697576,4630,A,D,0.3305432993207076,0.3513704570926117,0.31808624358668064
88697577,4630,H,H,0.4722913467533177,0.2404244923927161,0.28728416085396613
88697578,4630,A,H,0.6710186976612577,0.18781804217067638,0.1411632601680659
88969409,4724,H,H,0.4643171065921212,0.2598762866258247,0.27580660678205415
88969410,4724,H,H,0.4793521250086536,0.2751483938153221,0.2454994811760244
88969411,4724,A,H,0.5630148660835539,0.2583705240559906,0.17861460986045552
88969412,4724,H,A,0.2788814796130888,0.31438624966016915,0.40673227072674206
88969413,4724,D,H,0.5095414566056293,0.31821029643789506,0.17224824695647556
88969414,4724,H,H,0.5445538238666219,0.23513073150847197,0.2203154446249061
88969415,4724,H,H,0.4749137229906309,0.3057912423008347,0.2192950347085345
88969416,4724,D,A,0.13512985085990495,0.20033883885705972,0.6645313102830354
88969417,4724,D,H,0.692723468664544,0.1578317121549802,0.14944481918047572
88969418,4724,H,H,0.5320695733765387,0.22128681280649154,0.24664361381696978
89117066,4634,H,H,0.5568587695071132,0.2689574881384086,0.17418374235447823
89117068,4634,D,H,0.5714432044671636,0.2297532578312105,0.1988035377016259
89117069,4634,A,H,0.4913434528435329,0.31812220720845846,0.1905343399480086
89260692,4634,H,H,0.4819321931492144,0.21017279742961487,0.30789500942117065
89260694,4634,H,H,0.7498344786357027,0.17923676431584037,0.07092875704845691
89260695,4634,H,H,0.4798229210841178,0.26148089689750503,0.25869618201837713
89260699,4634,H,H,0.4169657818776695,0.358222773870413,0.22481144425191762
89404832,4634,A,A,0.18638500166433725,0.23004003829268702,0.5835749600429757
89404835,4634,A,H,0.37091307580764715,0.268093732400662,0.3609931917916908
89404836,4634,H,H,0.4681059359669313,0.38935571231667926,0.14253835171638943
89587259,4630,A,A,0.22469696141273898,0.21971568268243358,0.5555873559048274
89587322,4630,H,H,0.6910385471610468,0.18322296770122845,0.12573848513772465
89587323,4630,H,A,0.36454257931376005,0.2669679778891155,0.3684894427971244
89587324,4630,H,H,0.8510767674334151,0.12150094892807836,0.027422283638506455
89587325,4630,H,A,0.3425423784331789,0.2737637934469877,0.3836938281198334
89587614,4630,H,A,0.3218935510330623,0.3245922716911288,0.35351417727580886
89744205,4630,H,A,0.1442136901786055,0.15430779584488472,0.7014785139765098
89744206,4630,H,H,0.4577918586141415,0.3204255230153901,0.22178261837046845
89755839,4724,D,A,0.34133817766765645,0.28202547031065717,0.37663635202168644
89755840,4724,A,A,0.15467426456198616,0.2845549243114548,0.560770811126559
89755842,4724,A,A,0.2875291188432103,0.3448547407912364,0.3676161403655533
89755843,4724,H,A,0.2941684997133442,0.23235773246384284,0.4734737678228131
89755844,4724,A,A,0.24343495335660628,0.2543617981761948,0.5022032484671989
89755846,4724,H,A,0.2996567561059193,0.273854579071902,0.42648866482217884
89755847,4724,D,H,0.4323406639776065,0.27994853290641475,0.2877108031159787
89755848,4724,A,H,0.44160337828338997,0.24809707493598976,0.3102995467806203
89755849,4724,H,H,0.7172988717969458,0.18542812808265613,0.09727300012039802
89755850,4724,D,H,0.40873974533424695,0.27124685302569057,0.32001340164006253
89755851,4630,D,A,0.2391977646293803,0.26054852168612014,0.5002537136844996
89755852,4630,H,H,0.7705149288967058,0.09881052524347135,0.13067454585982297
90150696,4629,D,H,0.5210120866719543,0.2809242500109785,0.19806366331706726
90150697,4634,A,H,0.5647478407801599,0.2541436330224872,0.18110852619735288
90150699,4675,H,H,0.8498614788192118,0.1092475276559055,0.04089099352488273
90229724,4675,D,H,0.5640318124688347,0.21636373649548318,0.2196044510356821
90229731,4629,H,A,0.36383494481491613,0.23186975945656585,0.4042952957285181
90229735,4634,H,H,0.5980743084853309,0.23748527602433697,0.1644404154903321
90229746,4675,A,A,0.29555108944929087,0.23477928932886538,0.4696696212218438
90229749,4634,H,H,0.614826984181387,0.20603809241901347,0.1791349233995995
90229750,4630,A,A,0.1575489691799317,0.1717800192844085,0.6706710115356599
90229752,4629,A,H,0.584600968999395,0.20862771232755764,0.20677131867304738
90229755,4634,D,H,0.4347694331214869,0.3264419101592582,0.23878865671925492
90229767,4675,A,A,0.10586242082814133,0.1660547265655195,0.7280828526063391
90229768,4675,D,H,0.57497393838997,0.2662769829907654,0.15874907861926468
90229769,4675,D,H,0.5652627015812997,0.2550677499989461,0.17966954841975435
90229770,4675,A,H,0.7324352890035318,0.15587271260330385,0.11169199839316421
90229779,4634,H,H,0.5330387657528227,0.27910878626844715,0.18785244797873019
90229780,4630,H,H,0.5770332722967444,0.22726340599170436,0.19570332171155128
90352271,4630,D,A,0.3736071293739064,0.21595784252209135,0.4104350281040023
90352273,4724,A,A,0.15330772428252673,0.2058545858513916,0.6408376898660816
90352274,4724,H,H,0.523996404335733,0.2852953958325586,0.1907081998317084
90352285,4724,D,A,0.2905470045438857,0.26956076159097986,0.43989223386513443
90352290,4724,H,H,0.42542605801060224,0.24423257028254058,0.3303413717068572
90352291,4629,A,A,0.3229119041600727,0.22832342272280703,0.4487646731171202
90352296,4724,D,H,0.60662310781071,0.19791335977372684,0.19546353241556313
90352297,4675,H,A,0.19620822219938544,0.22733044561743448,0.5764613321831802
90352298,4629,H,H,0.3870403625448966,0.26928365130467713,0.3436759861504263
90352304,4634,A,A,0.3165190821480742,0.3003985188661426,0.3830823989857832
90352305,4675,D,H,0.576123846965103,0.25728426026328716,0.16659189277160977
90352308,4724,H,H,0.7355946287749399,0.18999702899398285,0.07440834223107722
90352309,4724,H,H,0.3663355854917277,0.2749791145338058,0.3586852999744665
90352310,4629,H,H,0.5640256386080404,0.2087384920787646,0.22723586931319503
90352311,4629,A,A,0.3155376286087836,0.29255928327425434,0.3919030881169621
90352312,4629,A,H,0.5414787136298496,0.2293586641053383,0.2291626222648121
90352313,4630,D,A,0.3209122750735567,0.22481187402476852,0.4542758509016747
90352317,4634,D,A,0.25138847841743894,0.2923853207518631,0.45622620083069804
90352318,4629,H,H,0.6461742710626758,0.21586796617920267,0.13795776275812152
90352320,4724,H,H,0.4264726180788661,0.2627262013838602,0.3108011805372737
90450275,4724,H,H,0.5796258308529755,0.2520485840326116,0.16832558511441287
90450277,4630,D,H,0.5049554673564797,0.27070309494285816,0.22434143770066226
90559695,4724,H,H,0.5820469420310106,0.2318717816443909,0.18608127632459853
92627898,4675,D,H,0.5503788686280603,0.23342520545727702,0.21619592591466272
92990950,4634,H,H,0.5322200437707978,0.3084307500554852,0.15934920617371698
94360868,4675,A,H,0.46030934979507243,0.18163970455417103,0.35805094565075646
94360869,4630,H,H,0.7110096879963044,0.14988827454375697,0.13910203745993865
94360874,4634,A,H,0.39064724475258583,0.2608696579510736,0.3484830972963405
94360880,4634,H,A,0.22380866054102336,0.30114853102115113,0.4750428084378255
94360881,4630,H,H,0.5144909110741551,0.24591394135825687,0.239595147567588
94360887,4634,A,A,0.24986581572061664,0.24567600287880723,0.5044581814005761
94360889,4675,D,A,0.34326323148091653,0.26872066008239237,0.3880161084366912
94360890,4675,D,H,0.42402296276919316,0.2820215671784782,0.29395547005232864
94360891,4675,H,A,0.27338458808534416,0.2202977823353441,0.5063176295793117
94360892,4675,A,H,0.3848610165798797,0.23630158819928568,0.37883739522083465
94360893,4675,H,H,0.6221763307229615,0.20683267250940818,0.17099099676763027
94360897,4634,A,H,0.5846395785669647,0.22058659961643381,0.19477382181660152
94638448,4634,H,H,0.5138714866055885,0.24064637546503345,0.24548213792937806
94638450,4634,A,A,0.31109720320812256,0.22983037219461422,0.4590724245972634
94638453,4675,A,H,0.5197253071871811,0.2675237215803278,0.21275097123249115
94638454,4630,A,A,0.22574471542250826,0.1791791598717849,0.5950761247057068
94638458,4634,H,H,0.782232028715638,0.171963004532267,0.04580496675209508
94638462,4675,A,H,0.8835864188249994,0.09450700007682318,0.021906581098177356
94638464,4630,D,A,0.20033873735401234,0.29684501651188333,0.5028162461341044
94638468,4634,H,H,0.4074317626916947,0.33355932286876966,0.2590089144395358
94678160,4724,A,A,0.3235583752719885,0.25851027473304833,0.4179313499949631
94678161,4724,A,A,0.22821668679319662,0.30361144790152905,0.4681718653052743
94678162,4724,H,H,0.44151263772738053,0.25937404264511466,0.2991133196275048
94678163,4724,H,A,0.3167288927866855,0.3390921667479112,0.34417894046540337
94678164,4724,A,A,0.2598802910802452,0.30323052055758054,0.43688918836217416
94678165,4724,H,H,0.50557330984743,0.28746254560997975,0.20696414454259032
94907114,4634,D,D,0.34889544344188483,0.3667945116324474,0.2843100449256677
94907115,4630,D,H,0.5831398590090503,0.24841390925358733,0.1684462317373623
95530892,4629,A,A,0.3482168232171993,0.2484618753620309,0.4033213014207697
95697293,4629,D,A,0.2838688399495659,0.23572445706244,0.48040670298799415
95697296,4629,H,H,0.5850600494121886,0.2563837000020574,0.15855625058575396
96032296,4675,D,H,0.800927065969797,0.13775682398334543,0.061316110046857566
96032297,4675,H,H,0.4359762307657368,0.31109480712077214,0.252928962113491
96032299,4629,D,H,0.588130845051132,0.2202785511713434,0.1915906037775246
96032302,4675,H,H,0.6125242883504574,0.23877223001037198,0.14870348163917063
96032303,4629,A,A,0.3145447925493356,0.2458403539858386,0.4396148534648257
96032304,4675,H,H,0.46019375953070085,0.3526540733717681,0.18715216709753107
96032305,4629,D,H,0.5156069114105202,0.23728271996416347,0.24711036862531643
96032306,4629,D,A,0.31995959838533305,0.28897146763283427,0.39106893398183273
96032307,4629,D,A,0.19145890461705786,0.3088799877472188,0.49966110763572336
96032309,4629,D,A,0.2236134087907908,0.21769199552986962,0.5586945956793394
96348848,4675,H,H,0.4090045043807816,0.19020740261111133,0.4007880930081071
96348849,4675,A,A,0.05512350557477627,0.13865977630869997,0.8062167181165238
96348850,4675,H,H,0.37045822754007873,0.3528146676936813,0.27672710476623985
96348851,4675,D,H,0.507238642373483,0.322314770861331,0.170446586765186
96348852,4675,D,H,0.5521981218296858,0.26766100627697753,0.18014087189333686
96387280,4724,H,A,0.3433080737186106,0.3096903403280535,0.34700158595333586
96387281,4634,D,H,0.4239895545350732,0.3045151819280845,0.2714952635368424
96387282,4634,A,H,0.6813785697722103,0.22940962820612212,0.08921180202166756
96387283,4724,A,A,0.31341296981530137,0.27975438503537847,0.4068326451493201
96387284,4724,H,H,0.4468274258236052,0.23628396775972407,0.31688860641667077
96387285,4634,A,A,0.33893921900009133,0.3029042451317411,0.35815653586816754
96387286,4724,D,H,0.6708818889448247,0.23352029304279587,0.0955978180123795
96387287,4724,H,H,0.5873001910008361,0.2286961247115767,0.18400368428758723
96387288,4634,D,H,0.5855930175293519,0.24284833622349222,0.17155864624715586
96387289,4724,A,A,0.268294947665571,0.1825598040207296,0.5491452483136994
96387290,4724,D,H,0.47936541072666466,0.26553725949600104,0.2550973297773343
96387291,4724,D,A,0.2686490177232555,0.275955623113956,0.45539535916278845
96387292,4724,D,H,0.5182198653449653,0.2617277208136057,0.220052413841429
96545570,4634,H,H,0.5293984373710879,0.2889880683671722,0.1816134942617398
96545571,4724,A,A,0.18232065654209154,0.22987972106538224,0.5877996223925263
96545572,4634,D,A,0.16625304924138767,0.29550829165882136,0.5382386590997909
96545573,4634,A,A,0.1669392399389525,0.23908033995644576,0.5939804201046017
96545574,4634,H,H,0.5099525048232066,0.2884178952697767,0.20162959990701662
96545575,4634,A,H,0.37852084181884804,0.285212095365622,0.3362670628155299
96545576,4634,A,H,0.396349457636947,0.2747690096236281,0.32888153273942494
96545577,4630,A,H,0.5574350249057615,0.1676113945897308,0.2749535805045078
96545578,4630,H,H,0.5641479996171135,0.31128252928508376,0.1245694710978027
96545580,4630,H,A,0.1572354654463376,0.23829415718952637,0.604470377364136
96545581,4630,D,H,0.40527082791640523,0.22969023185348675,0.3650389402301081
96545582,4630,A,A,0.10544786607112713,0.1518056533500878,0.7427464805787851
96735889,4630,H,H,0.7842852269013075,0.1274418464305026,0.08827292666818992
96735891,4630,H,H,0.8175050445369566,0.13184037124536196,0.05065458421768135
96735892,4630,H,H,0.648491820427203,0.19531044363790198,0.15619773593489508
96910291,4630,A,H,0.4525576993726984,0.29278850421742453,0.25465379640987706
96910292,4630,D,H,0.39839013739922924,0.2669536968264959,0.3346561657742749
97226251,4634,H,H,0.6211997703434786,0.2294838415755687,0.1493163880809527
97226252,4634,H,H,0.5268087488446977,0.2951232301368528,0.1780680210184494
97226253,4634,A,A,0.2253851089073224,0.27895830335034516,0.4956565877423323
97569935,4675,H,H,0.7394514470339134,0.15959549428296452,0.10095305868312202
97569937,4675,D,H,0.49088727377201163,0.226779112913558,0.28233361331443035
97569942,4675,H,H,0.45276876913727987,0.2838017463154769,0.26342948454724313
97569943,4675,D,A,0.2776822451789166,0.2744859499529507,0.44783180486813273
97911321,4724,H,H,0.4596470860838382,0.31626979615896506,0.22408311775719678
97911322,4634,D,H,0.657376807173955,0.23030656805856842,0.11231662476747652
97911323,4724,H,H,0.5417169425559728,0.22856890041028127,0.2297141570337459
97911324,4629,H,A,0.2797897930225203,0.28060855685415764,0.43960165012332203
97911326,4634,D,H,0.5171288791024844,0.21830663456529192,0.2645644863322237
97911327,4724,H,H,0.6059742555109772,0.22088889491608946,0.17313684957293338
97911328,4630,H,A,0.3400536445221009,0.16693410143357093,0.4930122540443281
97911329,4629,D,H,0.46282519340994177,0.21432609026862023,0.3228487163214379
97911331,4634,D,H,0.41565786082615885,0.3012533622645206,0.28308877690932055
97911333,4724,H,H,0.5766964649342914,0.2293204455358732,0.19398308952983534
97911334,4629,A,H,0.544413261198762,0.2479070320744411,0.20767970672679692
97911335,4629,A,H,0.5462559063409776,0.23314315158919102,0.22060094206983127
97911336,4629,H,H,0.6546830955658063,0.18672374313765658,0.15859316129653725
97911337,4630,H,H,0.4449927223262329,0.2557523174648351,0.2992549602089321
97911338,4630,A,H,0.41333703959230683,0.2944280400609917,0.29223492034670145
97911339,4630,D,H,0.6615714062409354,0.18036757561792394,0.1580610181411408
97911340,4634,D,H,0.4561305655349033,0.33409701922633406,0.20977241523876258
97911341,4629,D,H,0.593707919784289,0.2105127444596685,0.1957793357560424
97911342,4724,D,H,0.5336246703777788,0.30042627787142945,0.16594905175079167
97911343,4629,A,A,0.25825877969520167,0.21648888032644414,0.5252523399783542
97911344,4634,D,H,0.45014441148418094,0.2921227662877851,0.25773282222803384
97911345,4724,H,H,0.450457502916578,0.279024189688073,0.2705183073953491
97911346,4634,A,A,0.2667595269607098,0.2607901538709957,0.47245031916829455
97911347,4630,A,A,0.07856289968164303,0.17144309676136116,0.7499940035569959
97911348,4724,A,A,0.22339215223266992,0.33081310418593685,0.44579474358139315
97911349,4629,H,H,0.5116647226866371,0.3048598105559991,0.1834754667573638
97911350,4634,A,H,0.47377544565907775,0.308255426724187,0.21796912761673515
97911351,4630,D,H,0.5447985567578505,0.264286040324715,0.1909154029174345
97911352,4630,D,A,0.3208206375102153,0.2519374105975673,0.4272419518922174
97911353,4630,H,H,0.6552643118086375,0.18016670368861043,0.16456898450275212
97911354,4675,A,A,0.0819913205169888,0.14889380314464845,0.7691148763383626
97911355,4675,D,H,0.6144022191042664,0.21345690591818217,0.17214087497755148
97911356,4675,A,H,0.5108821973894604,0.2669152808604996,0.22220252175003993
97911357,4675,A,A,0.27269706655935644,0.2663348820213201,0.4609680514193236
97911358,4675,H,H,0.8616854973451653,0.11235051127715877,0.025963991377675938
97911359,4724,D,H,0.5009363660798949,0.30851716633052473,0.19054646758958044
97911360,4724,D,H,0.3745392310403828,0.2785202837977275,0.3469404851618897
97911361,4634,H,H,0.4652634918044041,0.3629399625916034,0.17179654560399257
97911362,4630,D,A,0.3671201908786726,0.2026445637690813,0.43023524535224605
97911363,4629,A,A,0.24660585752388833,0.23857768731303816,0.5148164551630736
97911364,4634,H,H,0.7191570825285927,0.17913480323735653,0.10170811423405084
97911365,4724,H,A,0.3046685377396545,0.2266965517414487,0.4686349105188969
97911366,4634,A,H,0.5412693985922584,0.21510184209928765,0.24362875930845393
97911367,4630,A,A,0.12852961349773334,0.18637387411787487,0.6850965123843918
99654835,4634,D,A,0.25442660798678585,0.27040564082002205,0.47516775119319205
99654836,4724,A,H,0.5605674944917786,0.23496627537691842,0.20446623013130302
99654837,4634,D,H,0.785595853584739,0.15018534788828417,0.06421879852697682
99654838,4724,H,H,0.40290536004729455,0.2657375409947833,0.3313570989579221
99654839,4629,A,H,0.42088413210991626,0.22744758091572723,0.35166828697435654
99654841,4634,H,H,0.34522794971484605,0.3249424751316671,0.3298295751534869
99654842,4724,A,A,0.21899763115500623,0.23524785679779595,0.5457545120471977
99654843,4675,D,H,0.5153336416268502,0.2949400151012582,0.18972634327189156
99654844,4629,A,H,0.3965176906177097,0.30584920018254946,0.2976331091997409
99654845,4634,H,H,0.40890275744964777,0.3026767947508062,0.28842044779954595
99654846,4675,H,H,0.7215667423784266,0.1803487228449103,0.09808453477666326
99654847,4724,D,A,0.33923964070128176,0.29864496960588366,0.3621153896928345
99654848,4724,H,H,0.447562003904843,0.28285670348975017,0.2695812926054068
99654849,4629,D,A,0.15042439428071386,0.24651712117834995,0.6030584845409362
99654850,4629,H,A,0.1933823029364291,0.2830947859080169,0.5235229111555539
99654851,4629,A,H,0.4154094168835996,0.2841729324433523,0.30041765067304804
99654853,4634,H,H,0.5055565482481446,0.26692382059325465,0.22751963115860083
99654854,4629,A,A,0.31703916921174535,0.25638420195583284,0.4265766288324218
99654855,4724,H,H,0.598401584099795,0.22820607110610375,0.1733923447941012
99654857,4629,H,H,0.4585660230090016,0.20270662416654883,0.33872735282444966
99654858,4634,H,H,0.41433815102367183,0.28345808658687205,0.3022037623894561
99654859,4724,D,H,0.3713077402673785,0.2733450641792949,0.35534719555332656
99654860,4675,H,A,0.40385894978491976,0.14920534170655197,0.4469357085085282
99654861,4634,H,H,0.5989246394699486,0.2489438883448852,0.15213147218516626
99654862,4724,A,A,0.20907014372991958,0.23671870556895394,0.5542111507011266
99654863,4629,H,H,0.5578940840892672,0.23235357901960654,0.20975233689112613
99654864,4634,A,H,0.5684259283988957,0.22747965099710674,0.20409442060399752
99654865,4675,D,A,0.16932580928233257,0.19434544842052853,0.636328742297139
99654866,4675,A,H,0.503579071728176,0.33266534140714243,0.16375558686468164
99654867,4675,D,H,0.5248036564321346,0.29125350369576714,0.1839428398720983
99654868,4675,D,H,0.5312425217188739,0.28361433098193667,0.18514314729918938
99654869,4675,H,H,0.43511641702024034,0.3012341380594867,0.263649444920273
99654870,4724,A,A,0.33831744731265173,0.31842965485507957,0.3432528978322688
99654871,4634,D,H,0.4876982997393476,0.32439870841640495,0.18790299184424733
99654873,4629,D,H,0.593067086624462,0.23299184028490097,0.17394107309063708
99654874,4634,A,H,0.34922102785196785,0.30187137093975525,0.3489076012082769
99654875,4724,A,H,0.3425810438170524,0.33516623207284785,0.3222527241100997
99654876,4675,H,H,0.6722284295059935,0.1952107810755791,0.13256078941842742
100477631,4630,A,A,0.28929847479525245,0.21302218848854795,0.4976793367161997
100477632,4630,H,H,0.858394808047876,0.10085132999105662,0.040753861961067346
100477633,4630,H,H,0.7229686615883879,0.16125101301051728,0.1157803254010949
100477634,4630,A,H,0.34990037367152577,0.30896031082643455,0.34113931550203963
100477635,4630,H,H,0.4715541176857543,0.21748766596119803,0.31095821635304766
100477636,4630,A,H,0.572055749509083,0.25351894811202125,0.1744253023788958
100477637,4630,A,A,0.1507336573187992,0.15700509519480177,0.6922612474863991
100477638,4630,A,H,0.497536529072649,0.232341515921257,0.27012195500609404
100477639,4630,A,H,0.4862797552290857,0.3336135798600579,0.1801066649108564
100477640,4630,H,H,0.42736706690464366,0.2386182242897549,0.33401470880560136
101118597,4630,A,A,0.3288291954824429,0.3003066593030474,0.3708641452145098
101118599,4630,A,A,0.1106137693033709,0.23290382216104616,0.6564824085355829
101118602,4630,D,H,0.7793677979369271,0.13359550369455245,0.08703669836852054
101118607,4630,A,H,0.5897450376317825,0.20470675291799328,0.20554820945022426
101118608,4630,H,H,0.4120945986331949,0.27630091213172836,0.31160448923507666
101118609,4630,D,H,0.39949197490031324,0.2611196632208494,0.33938836187883736
101118610,4630,A,A,0.23084333417455358,0.16742036185311193,0.6017363039723345
101118611,4630,A,A,0.04988616561963222,0.11853233638928937,0.8315814979910785
101118613,4630,A,A,0.09607640316117642,0.19065912972917987,0.7132644671096436
101515916,4724,H,A,0.22068625908825132,0.30465682554756196,0.4746569153641868
101515917,4629,H,H,0.4682232806340626,0.20272004816132855,0.3290566712046087
101515918,4724,A,A,0.23957979712834174,0.2977460971603532,0.46267410571130496
101515919,4675,H,A,0.13935135763136405,0.13176180511912614,0.7288868372495098
101515920,4629,D,H,0.38552417641675096,0.24835038315324198,0.36612544043000705
101515921,4675,D,H,0.43986647383110894,0.29709515003497644,0.2630383761339146
101515922,4724,D,H,0.4742056084112896,0.2956352950564713,0.23015909653223907
101515923,4724,D,A,0.2796081701974988,0.1977804216248145,0.5226114081776867
101515924,4629,H,H,0.5105086476397429,0.25050881852231177,0.2389825338379453
101515925,4629,A,H,0.5904719672163455,0.21103683808211893,0.19849119470153564
101515926,4629,H,H,0.5964623203646319,0.23552223445680276,0.16801544517856543
101515927,4629,A,H,0.6442875648387967,0.22694653611715768,0.12876589904404562
101515928,4724,A,A,0.3331350316473814,0.23340291258296683,0.43346205576965174
101515929,4629,A,A,0.1994808638953612,0.2148237655268662,0.5856953705777725
101515930,4724,H,H,0.6796883484917748,0.21303429403879587,0.10727735746942921
101515931,4675,H,H,0.7988228223451435,0.1403284212129147,0.060848756441941904
101515932,4724,D,A,0.20223652571570705,0.23452459822112617,0.5632388760631669
101515933,4629,H,H,0.6613974359338606,0.1788362701394909,0.1597662939266484
101515934,4675,A,A,0.1413964100857172,0.20772314729853839,0.6508804426157445
101515935,4675,A,A,0.10124715599851825,0.1624652886562848,0.736287555345197
101515936,4675,A,H,0.5427252702035724,0.2418564401754966,0.21541828962093107
101515937,4675,H,H,0.5987682499310507,0.23456525892458996,0.1666664911443593
101515938,4675,D,A,0.2576242996451462,0.30431430339109977,0.4380613969637542
101515939,4724,D,H,0.573030313680144,0.24521750835386405,0.18175217796599197
101515940,4724,H,H,0.7740454139203293,0.1704474436086257,0.05550714247104494
101515941,4629,H,A,0.29704281232687935,0.2574196643733885,0.4455375232997322
101515942,4675,A,H,0.43478541152030176,0.32471572724725195,0.24049886123244626
101515943,4724,H,H,0.4995360451272822,0.254855248902174,0.24560870597054374
101515944,4724,H,A,0.3207563332579027,0.2230059459602045,0.4562377207818927
101515948,4630,D,H,0.5903133782045449,0.2107587571977022,0.198927864597753
101750691,4634,H,H,0.6007685139224569,0.20714295849493902,0.19208852758260403
101750693,4634,D,H,0.5642413251923701,0.23804939332584005,0.1977092814817898
101750694,4634,A,A,0.33762354298322217,0.3235747801925562,0.33880167682422163
101750695,4634,D,D,0.3443290482638726,0.4143952164159649,0.24127573532016244
101750696,4634,D,A,0.17483102055884428,0.2397670686816745,0.5854019107594812
101750697,4634,A,A,0.29973835509816044,0.22733793917497172,0.47292370572686787
101750698,4634,H,H,0.575370070468851,0.28481711405642834,0.1398128154747207
101750699,4634,H,H,0.581199275606293,0.28499522063241545,0.13380550376129158
101750700,4634,D,H,0.3776697244056201,0.2706631396665067,0.3516671359278732
101750712,4634,D,H,0.4086211335319952,0.3095304227618571,0.2818484437061477
102977692,4630,H,H,0.7715077452796223,0.10773302379800248,0.12075923092237527
102977693,4630,A,A,0.0857440566797461,0.12429858234807897,0.7899573609721748
102977694,4630,A,H,0.46122097886427776,0.26354791059831145,0.27523111053741084
102977695,4630,H,H,0.5335619084554635,0.313616769022169,0.1528213225223675
102977696,4630,D,H,0.641795671916007,0.17498696607615005,0.183217362007843
102977697,4630,H,H,0.6011607513578369,0.2294657982255509,0.1693734504166122
102977703,4630,H,H,0.6657435354109651,0.23810396228465572,0.09615250230437919
102977706,4630,H,H,0.8344323740920484,0.10880413035639976,0.05676349555155187
103372503,4634,H,H,0.4997535920670426,0.28022213008222757,0.22002427785072984
103372504,4630,H,A,0.3496732503537685,0.23762341182328992,0.41270333782294166
103372505,4724,H,H,0.38791015309654914,0.2831964996293621,0.3288933472740887
103372506,4724,H,H,0.4208835815055971,0.2537624109807404,0.32535400751366245
103372507,4634,H,H,0.748928445913692,0.17874443674982224,0.07232711733648582
103372508,4724,D,A,0.26768237994906285,0.2557987404104551,0.476518879640482
103372509,4629,H,H,0.5143446315736764,0.25794484095817755,0.22771052746814613
103372510,4675,H,H,0.358222983464737,0.31135203376202103,0.33042498277324206
103372511,4634,D,A,0.33705555861992065,0.30111580673118254,0.3618286346488968
103372512,4724,A,A,0.11166906218402103,0.1938767527428868,0.6944541850730922
103372513,4675,A,H,0.6939708533443529,0.18304684779442645,0.12298229886122061
103372514,4629,D,H,0.5483696065769788,0.24120307816261977,0.21042731526040143
103372515,4634,H,A,0.3457110593972963,0.22544541228088275,0.4288435283218208
103372516,4675,D,H,0.4084065882985207,0.324444499575576,0.2671489121259034
103372517,4724,D,A,0.17363827112741492,0.31127690235099253,0.5150848265215926
103372518,4629,A,A,0.2683812173049879,0.2511831018176947,0.4804356808773174
103372519,4629,D,H,0.7134689213392033,0.1784650816148088,0.10806599704598789
103372520,4629,H,A,0.25041818311738806,0.22010052816426334,0.5294812887183487
103372521,4634,D,H,0.3770851948632269,0.31111223988653436,0.3118025652502388
103372522,4629,A,H,0.42435720401345206,0.2211053567070474,0.35453743927950054
103372523,4724,H,H,0.6254242535628232,0.22985332115821222,0.14472242527896464
103372524,4629,A,A,0.22791550113467413,0.2746377693245956,0.49744672954073027
103372525,4634,D,A,0.2503871210239504,0.3052864591954065,0.44432641978064324
103372526,4724,H,A,0.3387780939254583,0.31022873158855574,0.35099317448598594
103372527,4675,H,H,0.6620423187190946,0.15551344430319344,0.18244423697771198
103372528,4634,D,H,0.5838886872136813,0.2375683611341224,0.17854295165219636
103372529,4724,A,A,0.32786707297322826,0.3336757746601018,0.33845715236666996
103372530,4629,A,A,0.32156763254883486,0.3287237872147564,0.34970858023640866
103372531,4634,H,H,0.7355025424874784,0.14802267786266243,0.11647477964985918
103372532,4675,D,H,0.7231941272090574,0.19546272372181897,0.08134314906912374
103372533,4675,D,H,0.5841178111911499,0.273091291452953,0.14279089735589698
103372534,4675,H,H,0.435439545625871,0.32048422068528437,0.24407623368884465
103372535,4675,D,H,0.50338090327516,0.307289696141355,0.18932940058348494
103372536,4724,A,D,0.3764440893764153,0.37838399430540187,0.24517191631818286
103372537,4634,A,A,0.2365740413215573,0.32208233847679674,0.4413436202016459
103372538,4629,A,A,0.27202032892701955,0.3026034857843355,0.425376185288645
103372539,4634,A,H,0.5667584649039002,0.2732861394332158,0.15995539566288391
103372540,4724,H,H,0.5108178179579054,0.2522440357049359,0.23693814633715876
103372541,4675,H,H,0.7990306272219324,0.12408353659192264,0.07688583618614506
103372542,4724,A,H,0.4181966410568801,0.26332090555433707,0.31848245338878284
104036583,4630,H,H,0.4758648567917049,0.1848122282791976,0.3393229149290976
104988750,4630,H,H,0.6520076714383511,0.19444888309289812,0.15354344546875076
104988751,4630,H,H,0.8351903698506931,0.10341389225092205,0.06139573789838481
104988752,4630,A,A,0.169223080304025,0.30838465377492424,0.5223922659210507
104988753,4630,A,A,0.1771764051281884,0.18674850752636413,0.6360750873454474
104988754,4630,A,A,0.07321311318286455,0.12819837032917433,0.7985885164879611
104988755,4630,H,H,0.3978612112040332,0.24198218246553643,0.3601566063304304
104988756,4630,H,A,0.2767273640033911,0.22018144124049802,0.503091194756111
104988757,4630,A,H,0.5330667769995293,0.25334486362769787,0.2135883593727728
104988758,4630,D,A,0.33549689093811624,0.2956545404335438,0.36884856862834003
105462393,4630,A,A,0.04871149265864594,0.166511122419555,0.7847773849217989
105462394,4724,H,H,0.7513306699838442,0.14089811685705428,0.10777121315910149
105462395,4634,D,A,0.3699885009599213,0.2494812301733126,0.380530268866766
105462396,4724,H,H,0.43315815526783796,0.2130503190226645,0.35379152570949757
105462397,4629,A,A,0.32184924866341463,0.29500048932376655,0.38315026201281877
105462398,4634,H,A,0.33656049095431045,0.3046751772571818,0.35876433178850775
105462399,4724,A,H,0.4585705133010081,0.225143568986016,0.316285917712976
105462400,4675,H,H,0.520926196109815,0.2757822515660876,0.20329155232409732
105462401,4629,A,H,0.6353331202591482,0.22773651473506368,0.13693036500578806
105462402,4634,H,H,0.5709817481532672,0.26470274337777977,0.16431550846895304
105462403,4675,A,A,0.12048829686957965,0.18106165110496253,0.698450052025458
105462404,4724,D,H,0.38679992046042955,0.3283400490522106,0.2848600304873599
105462405,4724,A,H,0.41080940828175755,0.28107215611809255,0.30811843560014995
105462406,4629,H,H,0.7096160511359548,0.15749084259512205,0.13289310626892312
105462407,4629,D,H,0.41724299105177587,0.21847628856380694,0.3642807203844171
105462408,4629,A,H,0.5472475579986311,0.22453747440568178,0.22821496759568705
105462409,4634,H,H,0.44716218125643875,0.33498651221664033,0.21785130652692086
105462410,4629,H,A,0.3146105493321968,0.22036377378760597,0.46502567688019736
105462411,4724,H,H,0.4896125879565359,0.26299979431637827,0.24738761772708584
105462415,4629,A,A,0.17989395886717818,0.2099488177581848,0.610157223374637
105462416,4634,D,A,0.14106076494890488,0.24442852497564352,0.6145107100754515
105462417,4724,D,A,0.3449115657539787,0.22562803449092061,0.4294603997551006
105462418,4675,A,A,0.2222025621469972,0.2526025676025663,0.5251948702504365
105462419,4634,D,H,0.49596901546768446,0.2942573103894874,0.2097736741428282
105462420,4724,A,A,0.32248417289814096,0.25499589905702047,0.42251992804483857
105462421,4629,A,A,0.3048712168315057,0.2008276139682292,0.4943011692002651
105462422,4634,D,H,0.46167609034261314,0.33254575696339517,0.2057781526939917
105462423,4675,A,H,0.4280998403435284,0.31178259841903583,0.26011756123743585
105462424,4675,A,H,0.39725363686178655,0.26831093609126305,0.3344354270469504
105462425,4675,A,A,0.21361560327862503,0.21766069901528104,0.568723697706094
105462426,4675,D,H,0.5430700147371034,0.2706784857902114,0.18625149947268535
105462427,4675,A,A,0.24450597080588068,0.2904902258001689,0.4650038033939505
105462428,4724,D,H,0.6110838899288783,0.2718655020282445,0.1170506080428771
105462429,4634,H,A,0.3334639304555098,0.3138966470818393,0.3526394224626509
105462432,4629,D,A,0.3161860115344488,0.22280915254652928,0.4610048359190221
105462433,4634,H,H,0.471588812005824,0.36218737082713653,0.16622381716703946
105462434,4724,A,A,0.23732456641690947,0.2796894337833081,0.4829859997997826
105462435,4675,D,A,0.11541034645532391,0.15555057518002588,0.7290390783646501
105462438,4724,H,H,0.5233425873033924,0.21619768770776873,0.2604597249888388
105462439,4724,A,A,0.2012848750319929,0.25642023838381706,0.54229488658419
105462443,4634,H,H,0.4839476073025906,0.2649432269364329,0.25110916576097647
106903882,4675,H,H,0.814303889030689,0.11941814265672797,0.06627796831258295
106903883,4675,H,H,0.3964632748002408,0.3642892646615078,0.2392474605382515
106903884,4630,D,H,0.49214485500554256,0.1327378027884188,0.3751173422060387
106903885,4675,A,H,0.3952420265188061,0.26498269667167457,0.33977527680951947
106903886,4630,D,H,0.5148541096172895,0.29408682578120615,0.19105906460150435
106903887,4630,H,H,0.6616709568515852,0.2038701576508112,0.13445888549760363
106903888,4630,A,H,0.4426657481483922,0.2565015698902558,0.300832681961352
106903889,4630,H,H,0.8314142673255418,0.08844575632642186,0.08013997634803631
106903890,4630,H,H,0.47485343707891253,0.2778118333006603,0.24733472962042732
106903891,4630,D,H,0.4696991771210876,0.24890529625954158,0.2813955266193708
106903892,4630,D,H,0.7272399267676614,0.184608344903746,0.08815172832859262
106903893,4675,H,H,0.5690480464137257,0.27230989923202104,0.1586420543542533
106903894,4675,D,H,0.500025196165994,0.27439931208818086,0.22557549174582522
106903895,4675,H,H,0.8061156455917325,0.15187959167578258,0.042004762732484935
106903896,4675,H,H,0.7982217651610742,0.1314132244534352,0.07036501038549058
106903897,4630,H,H,0.5373427992455257,0.2394356467825294,0.22322155397194474
106903898,4675,H,H,0.6607657519771073,0.24151378749809266,0.09772046052480003
107396010,4634,D,H,0.42765951219126175,0.32184129753970286,0.2504991902690353
107396011,4634,A,H,0.5019972128049818,0.2864567210713972,0.211546066123621
107396012,4634,H,H,0.7249762584331347,0.19301866626834877,0.08200507529851658
107396013,4634,A,A,0.2192346275269984,0.2865655682718109,0.49419980420119075
107396014,4629,H,H,0.4217467635281284,0.2685740674124891,0.3096791690593825
107396015,4629,H,H,0.3892086928904575,0.27825431856090876,0.3325369885486337
107396016,4634,H,H,0.47376562917338866,0.26163453663365427,0.264599834192957
107396017,4629,D,H,0.5774401062186698,0.21924907853482306,0.20331081524650713
107396018,4634,H,H,0.5478160806238686,0.26240021089594784,0.1897837084801836
107396019,4675,A,A,0.2540193873208337,0.30137108052156614,0.4446095321576001
107396020,4634,A,A,0.2287098835063915,0.27045663082647886,0.5008334856671296
107396021,4634,H,A,0.14033400103624047,0.25259604716293127,0.6070699518008282
107396022,4634,H,H,0.4940987269873616,0.2685423991662433,0.23735887384639498
107396023,4634,H,H,0.7624035503516355,0.15639909982784228,0.08119734982052217
107396024,4630,H,H,0.4389123164880443,0.2510071744057305,0.3100805091062252
107396025,4724,A,A,0.2562422709120198,0.2136953997214424,0.5300623293665379
107456180,4629,A,A,0.26605249019775884,0.28198230796470997,0.45196520183753125
107701020,4724,A,H,0.3439391810104296,0.32218789079252474,0.3338729281970457
107701021,4724,D,H,0.3959636381352023,0.23853843852438897,0.36549792334040865
107701022,4724,H,H,0.5752928150242352,0.2844762622135457,0.14023092276221896
107701023,4724,A,H,0.36352016334269877,0.3201813180581635,0.31629851859913766
107701024,4724,D,H,0.6094584884486555,0.20109263249339654,0.189448879057948
107701025,4724,A,H,0.4433750161908141,0.3118565046389901,0.24476847917019587
107701026,4724,H,H,0.3696296130618157,0.31122050849445215,0.3191498784437321
107701027,4724,H,H,0.5404496512235868,0.2962311089837645,0.16331923979264878
107701029,4724,D,A,0.3819400604157122,0.2281801022435015,0.3898798373407863
107991856,4629,D,H,0.46213062982187575,0.21009603693003412,0.32777333324809005
107991857,4629,A,A,0.3185696410949938,0.3232302271689873,0.35820013173601895
107991867,4630,H,H,0.5226980029685814,0.21215428997244537,0.2651477070589732
107991871,4629,H,H,0.6776866348051175,0.19479001945012872,0.12752334574475369
107991872,4629,H,A,0.28312977218072294,0.24379496484436075,0.4730752629749162
107991873,4629,A,H,0.551363177098051,0.238553244138318,0.21008357876363093
109292214,4675,H,H,0.649749782225821,0.2015257074548158,0.1487245103193631
109292215,4675,A,A,0.10730566651781318,0.22437179847196018,0.6683225350102266
109292216,4630,D,A,0.20808692608370755,0.2123501330073165,0.579562940908976
109292218,4675,A,A,0.22314958350454087,0.23170002664950076,0.5451503898459584
109292219,4630,H,A,0.3301801094322981,0.22683440686147713,0.44298548370622487
109292220,4630,D,H,0.4418616119609712,0.26199678481658206,0.29614160322244676
109292221,4630,H,A,0.2962145380879005,0.25339306582471643,0.4503923960873831
109292223,4675,A,A,0.29734454033961066,0.20362358129194397,0.49903187836844526
109292224,4675,A,A,0.06319970429206143,0.11993094761412093,0.8168693480938176
109292225,4675,D,H,0.4113211320403212,0.3272143403560059,0.26146452760367284
109292226,4675,A,H,0.40437433273365675,0.33921991555029013,0.2564057517160531
109834363,4634,A,H,0.3882541569678788,0.3077177310710271,0.3040281119610941
109834364,4629,A,A,0.25917701323766246,0.23124452497369213,0.5095784617886455
109834365,4634,H,A,0.34624491457307055,0.29352177192691514,0.36023331350001425
109834366,4634,A,H,0.4703465806969202,0.32790952418136415,0.2017438951217156
109834367,4629,H,A,0.3891610938333227,0.22117805569885138,0.38966085046782584
109834368,4634,H,H,0.4065706976390407,0.2625069192488997,0.3309223831120596
109834369,4629,H,H,0.5867400243708186,0.22627168252730062,0.18698829310188078
109834370,4629,H,A,0.3450857921111446,0.277327129878265,0.3775870780105903
109834371,4629,D,H,0.6566128306038481,0.22908766892014223,0.11429950047600969
109834372,4634,A,H,0.5163040269514538,0.2867792390298789,0.19691673401866722
109834373,4629,D,H,0.558378606147839,0.16526895501761474,0.27635243883454635
109834374,4634,H,H,0.4870506691129923,0.30117787913009475,0.21177145175691292
109834375,4634,H,A,0.2560701970838289,0.3021805618017098,0.44174924111446123
109834376,4724,A,A,0.2736556588738223,0.31489273936861617,0.41145160175756146
109834377,4629,A,H,0.41150657595433626,0.21454688957756068,0.37394653446810294
109834378,4634,A,A,0.1507298419614502,0.23672820214106016,0.6125419558974897
109834379,4675,H,H,0.5289008749008304,0.2951457226724366,0.175953402426733
109834380,4675,H,H,0.3965778977005654,0.31024998023477485,0.29317212206465976
109834381,4634,H,H,0.4610831645535207,0.335843046044264,0.20307378940221515
109834382,4629,A,H,0.43590570195187167,0.2786968710615171,0.28539742698661125
109834383,4634,H,H,0.5447404019374893,0.3147576632464391,0.14050193481607154
110164295,4724,D,H,0.5025091327795148,0.23189839072461926,0.265592476495866
110164296,4724,H,H,0.5505543277507549,0.2575000634386435,0.19194560881060155
110164297,4724,A,H,0.5019639929752019,0.23387739798628657,0.2641586090385115
110164298,4724,A,A,0.24178890546540693,0.28231510240861296,0.47589599212598
110164299,4629,A,A,0.3621589537380382,0.19709730254643082,0.44074374371553116
110164300,4724,A,H,0.35683971600281783,0.3018479004287154,0.3413123835684668
110164301,4724,A,H,0.4308383637655926,0.2328084732663662,0.33635316296804124
110164302,4724,H,H,0.37654841313340864,0.3587622709643973,0.26468931590219413
110164303,4724,A,A,0.23682601910708906,0.2362179950343597,0.5269559858585512
110164304,4724,D,H,0.5433359692851415,0.22479107308502233,0.23187295762983617
110919358,4630,H,H,0.7895858029679143,0.12331531098298357,0.0870988860491022
110919359,4630,H,A,0.29959909741139173,0.2726636437975011,0.42773725879110713
110919361,4630,H,H,0.6790387727470976,0.2121389251096634,0.10882230214323904
110919363,4630,A,A,0.30315921046160627,0.286929380711974,0.4099114088264198
111217220,4630,A,A,0.17697092739827983,0.15574570361705148,0.6672833689846688
111217228,4630,H,A,0.12962542513643205,0.16470143341028015,0.7056731414532879
113581745,4629,H,H,0.488937853624018,0.20705212230187256,0.3040100240741093
113581746,4634,H,H,0.4210406507884111,0.33928997569453817,0.23966937351705078
113891820,4630,D,A,0.3485586717374252,0.2704777386516904,0.3809635896108843
113891821,4724,A,A,0.3051089325330905,0.25751866835283005,0.43737239911407944
113891822,4675,A,H,0.6011220054543472,0.20055179506172902,0.19832619948392372
113891823,4630,H,H,0.6343221953987955,0.18576093056469525,0.1799168740365091
113891824,4629,A,A,0.14864173226007132,0.23461374626202344,0.6167445214779053
113891825,4630,H,H,0.7299894203652942,0.15744084649651002,0.11256973313819568
113891826,4630,D,A,0.1717056303340914,0.288689896998005,0.5396044726679036
113891827,4630,D,H,0.3736205927111347,0.2649153933348799,0.3614640139539854
113891828,4630,H,H,0.4900296039966553,0.23740341322481842,0.27256698277852615
113891829,4675,A,H,0.4526294813239811,0.27253551375278234,0.2748350049232365
113891830,4675,D,H,0.43230798592081604,0.3811562554781215,0.18653575860106253
113891831,4675,H,H,0.877988558137451,0.08053020369589088,0.04148123816665813
113891832,4675,D,H,0.7768549800869072,0.1429961541339788,0.08014886577911404
113891834,4724,D,H,0.5247204451222063,0.23954014023011239,0.23573941464768128
113891835,4630,H,H,0.5321850408690759,0.23683017944965276,0.23098477968127132
113891836,4724,H,H,0.470307134582589,0.273122274504275,0.25657059091313605
113891837,4634,D,H,0.44867364105603524,0.3029429861875875,0.2483833727563773
113891838,4724,H,A,0.2490428305991733,0.2300217933640721,0.5209353760367545
113891839,4629,D,H,0.4117088694650355,0.2606693698088102,0.3276217607261542
113891841,4634,H,H,0.7170935979891729,0.18134603338148067,0.10156036862934638
113891847,4634,A,H,0.4134863425198653,0.30686458981868286,0.2796490676614518
113891848,4630,D,H,0.6191024394654353,0.23256118613658341,0.14833637439798117
113891849,4675,A,H,0.5102503720760577,0.20782826937216514,0.28192135855177713
113891851,4634,A,H,0.4228284337357957,0.3032204599530121,0.2739511063111923
113891852,4724,A,H,0.47940651673255,0.18606341640626473,0.33453006686118525
114502448,4634,H,H,0.6785100696633475,0.19142133568535658,0.13006859465129586
114502449,4675,D,H,0.7463482172469247,0.18949380273157632,0.06415798002149899
114502450,4630,D,H,0.45930090272375235,0.17959580983878262,0.3611032874374649
114502451,4629,H,A,0.28233747081321603,0.264352828637695,0.45330970054908903
114502452,4634,H,H,0.4610768275484697,0.27909500143523763,0.2598281710162927
114502453,4675,D,H,0.6544055569923252,0.20799085981213522,0.13760358319553948
114502454,4629,A,H,0.42985042762548387,0.2746691808775694,0.29548039149694677
114502455,4629,A,A,0.32901708290784226,0.2882530594490221,0.38272985764313566
114502456,4630,H,H,0.7543345582630361,0.1258263924747048,0.11983904926225913
114502457,4629,A,A,0.1441674034689125,0.21317639892863796,0.6426561976024496
114502459,4629,A,H,0.6162498208286249,0.2270279145393551,0.15672226463202002
114502460,4675,D,H,0.6103229407778281,0.28100289851479193,0.10867416070737981
114502461,4629,A,A,0.29889712151839554,0.20167603298594527,0.4994268454956592
114502464,4634,A,H,0.4153536160306069,0.259809139610475,0.32483724435891814
114502478,4634,D,H,0.4347032843171846,0.3389939761288712,0.22630273955394428
115046296,4634,A,A,0.31132616989861717,0.27637971904752334,0.41229411105385955
115046297,4724,H,H,0.7642019576994582,0.16318191125085843,0.07261613104968337
115046306,4724,D,H,0.35754308667011125,0.29826622737623,0.3441906859536588
115046308,4724,H,H,0.7673314575527903,0.15587138816202095,0.07679715428518874
115046356,4724,D,H,0.4382870502687076,0.31094531790060637,0.25076763183068596
115046359,4724,D,A,0.3320005718916265,0.26780123950124085,0.40019818860713263
115356386,4630,D,A,0.18981959006601604,0.2428055005840688,0.5673749093499151
115356387,4630,D,H,0.4713294593978693,0.2592268539578097,0.2694436866443209
115356388,4630,H,A,0.33506861611936917,0.27876841862079454,0.3861629652598362
115356436,4630,D,A,0.30170254541121094,0.2702696942882958,0.42802776030049317
115356437,4630,H,H,0.4585078433014903,0.26802703268392847,0.2734651240145811
115638602,4630,D,A,0.24793670364397508,0.2548280947196351,0.4972352016363898
115638624,4630,H,H,0.7522253459205133,0.11090306920883962,0.13687158487064702
115638636,4630,H,H,0.8670642657913384,0.08672535973628012,0.0462103744723815
115881744,4630,H,H,0.4860830740547603,0.2490945260287591,0.2648223999164806
115881745,4630,H,H,0.9458679392424215,0.04303853400431355,0.011093526753264997
116077385,4629,H,H,0.5156610484540635,0.1989607418966707,0.2853782096492659
116077388,4675,D,H,0.4789465054547102,0.31338092734737516,0.20767256719791463
116370399,4629,D,H,0.5487298041089373,0.23224705489903497,0.2190231409920277
116370400,4675,H,H,0.3916735843637809,0.33154360181090764,0.27678281382531145
116370401,4675,H,H,0.6823705031678813,0.22330171271731747,0.09432778411480122
116370402,4675,A,A,0.2119264336408031,0.2775498068082819,0.510523759550915
116370406,4675,A,H,0.416203463526743,0.24052564944837634,0.3432708870248807
116370407,4675,A,A,0.09666404816171027,0.15389561365143714,0.7494403381868525
116370409,4675,H,A,0.0997960467737841,0.1452643922142704,0.7549395610119454
116370411,4629,D,H,0.7136913078757944,0.1866695205605632,0.09963917156364238
116370413,4724,H,H,0.4397630331766035,0.26149370639439384,0.2987432604290026
116920493,4629,A,H,0.4009131803833413,0.30444808459627964,0.294638735020379
116920494,4629,H,H,0.48884874062703,0.24730988399629547,0.2638413753766747
116920495,4675,H,H,0.34249110327727356,0.323363500088254,0.3341453966344725
116920496,4629,H,H,0.5641453213089141,0.26738670686044225,0.16846797183064366
116920497,4629,D,H,0.4009416177627557,0.198406566623273,0.4006518156139713
116920498,4629,D,H,0.47281428178188595,0.24390994186823847,0.28327577634987566
116920509,4675,A,H,0.5400657315649262,0.28940747914558645,0.17052678928948728
116920512,4629,H,H,0.7707797216871622,0.14680898184812985,0.08241129646470796
117383945,4724,A,A,0.126943256033451,0.17084728320401527,0.7022094607625337
117383946,4724,H,H,0.45635945065860406,0.24852939237076582,0.29511115697063
117383947,4630,D,A,0.1257656571010577,0.2558809883380066,0.6183533545609357
117383948,4724,A,H,0.4148998603753309,0.27145515362439837,0.3136449860002707
117383949,4724,H,A,0.2724816689658408,0.21309781722073823,0.514420513813421
117383950,4630,D,A,0.14410710176916267,0.13768154658985224,0.718211351640985
117383951,4724,A,A,0.22800195051858682,0.2532069809159864,0.5187910685654267
117383952,4724,D,A,0.22667502025700934,0.26856862171377266,0.504756358029218
117383953,4724,H,A,0.3295682917600229,0.26332184987678375,0.4071098583631933
117383954,4724,H,H,0.6199036117974054,0.2297763831380464,0.1503200050645482
117383955,4724,D,D,0.32093177190033084,0.3779162359175601,0.30115199218210903
117383961,4630,H,H,0.6264778406304039,0.21844605659846908,0.15507610277112696
117383998,4630,A,H,0.4971409074467874,0.18096711566015042,0.3218919768930621
117384002,4630,A,H,0.5379153672738207,0.23108424115327048,0.23100039157290886
117384003,4630,H,A,0.2706684748207158,0.2645692451349598,0.46476228004432435
117384004,4630,H,H,0.5599555794719879,0.2683107536933049,0.17173366683470728
117384007,4630,A,A,0.19567998995596622,0.22065319985639031,0.5836668101876435
117384008,4630,D,H,0.6347586006598165,0.19578975871484675,0.16945164062533674
117384009,4630,A,A,0.11103026233721035,0.17227154795566385,0.7166981897071258
118459767,4634,H,H,0.4946370379239551,0.3074552953921738,0.1979076666838712
118781391,4634,A,A,0.16847556540755498,0.29850007607282614,0.5330243585196188
118781392,4634,A,A,0.14674087973407282,0.2668942539526607,0.5863648663132666
118781393,4634,D,H,0.42841723592743486,0.3020776905171168,0.2695050735554483
118781394,4634,H,H,0.43818095252512146,0.3289360392458666,0.2328830082290119
119319770,4634,D,H,0.602250986251622,0.27955817388498977,0.11819083986338821
119319771,4634,H,H,0.3772026271269166,0.31596380294358767,0.3068335699294957
119319772,4634,A,H,0.46321288044420195,0.27771383627508683,0.2590732832807112
119319774,4634,D,H,0.5067917035050796,0.3100971255363861,0.18311117095853424
119746182,4724,D,H,0.6382077225992133,0.21000968534839076,0.15178259205239594
119746186,4724,D,H,0.7747259052703875,0.15940335008274278,0.06587074464686965
119746187,4629,H,A,0.2889459498012171,0.20822494406938477,0.5028291061293981
119746189,4675,H,H,0.8561579259774458,0.09516062295218798,0.04868145107036612
119746190,4675,A,A,0.3345604226883136,0.2768442503160715,0.3885953269956148
119746191,4724,D,A,0.21714731086215108,0.26671681760016175,0.5161358715376871
119746192,4629,D,A,0.29494922241797644,0.286160651127415,0.4188901264546085
119746193,4724,D,H,0.6853921003897177,0.20020903201455617,0.11439886759572619
119746205,4629,A,H,0.4276966990157628,0.29055006885931245,0.2817532321249248
119746207,4724,D,H,0.6679447413455551,0.19406359198146644,0.1379916666729784
119746208,4675,H,H,0.6744060033612894,0.18455537967257826,0.1410386169661323
119746209,4724,D,A,0.38454782314624625,0.20187067829275898,0.4135814985609948
119746210,4629,H,H,0.4011807750729009,0.2649029839479842,0.3339162409791148
119746211,4675,D,H,0.5339479785929454,0.29187879847716114,0.17417322292989348
119746212,4675,A,A,0.26017990054898116,0.2299251871104853,0.5098949123405336
119746213,4675,H,H,0.618754828670515,0.18954265485648183,0.19170251647300315
119746214,4675,H,H,0.760237097580362,0.15324193553428184,0.08652096688535615
119746215,4675,H,H,0.8275120027630357,0.12348617678305841,0.04900182045390587
119746216,4724,H,H,0.5269325114463059,0.2554249170622269,0.21764257149146712
119746222,4629,H,A,0.17091833164478162,0.26079445527405515,0.5682872130811631
119746223,4724,H,H,0.5832885005411644,0.2806877662925767,0.13602373316625893
119746224,4675,H,H,0.6344617428312052,0.22313988390988904,0.14239837325890586
119746228,4634,A,A,0.3424128011334527,0.30598051568909324,0.3516066831774541
119746229,4724,D,H,0.5156256057608579,0.2358955119899793,0.24847888224916279
120119553,4629,A,H,0.44786454499522754,0.26136427832828,0.29077117667649244
120971825,4634,D,H,0.6009419692690015,0.25529862193533914,0.14375940879565938
120971827,4630,H,H,0.4826735288220988,0.2566019870726519,0.2607244841052493
120971828,4630,A,H,0.7775611368732367,0.10062869840508318,0.12181016472168024
120971829,4630,A,A,0.27386309600163045,0.25912005506248126,0.46701684893588835
120971830,4630,A,H,0.8770038713262994,0.07443350130319186,0.04856262737050874
120971831,4630,D,H,0.5204892829793134,0.23218092891773073,0.24732978810295586
120971832,4630,D,H,0.4296260785488081,0.2434619734421393,0.3269119480090526
120971833,4630,H,H,0.882149287809292,0.08220649572570869,0.03564421646499917
120971834,4630,D,A,0.22194341741301907,0.21924813949268138,0.5588084430942996
120971835,4630,H,H,0.6734108227970457,0.2101427932456848,0.11644638395726951
120971836,4630,H,A,0.3443702344043559,0.24207764505202808,0.41355212054361595
121312075,4634,H,H,0.5689021144277201,0.2836540929210199,0.1474437926512599
121312076,4634,A,H,0.41455050197375193,0.27846866812041227,0.3069808299058358
121312078,4634,H,H,0.45798796921016466,0.2775845035891075,0.2644275272007278
121312079,4634,H,H,0.5011291095722289,0.26096626452752414,0.23790462590024694
121409099,4630,A,A,0.32777000973143783,0.2976398810405866,0.3745901092279755
121409100,4630,A,A,0.11759790451993155,0.1587578685457556,0.7236442269343129
121409101,4630,A,D,0.24088186955691634,0.38014870917997773,0.3789694212631059
121959719,4634,H,H,0.5668287249657286,0.2576208834760418,0.17555039155822963
121959721,4634,A,D,0.36418936849246264,0.36906106958112356,0.26674956192641375
121959722,4634,D,A,0.32065554072955904,0.25772796185597874,0.4216164974144623
121959723,4634,H,A,0.2954807944308615,0.2710784274176578,0.4334407781514808
121959725,4675,D,A,0.24994754768264948,0.21327075156307193,0.5367817007542786
121959726,4630,A,A,0.16959308110883065,0.14074435068989388,0.6896625682012756
121959728,4630,H,H,0.45267689356903884,0.2887777110478125,0.25854539538314864
121959729,4630,H,H,0.48902002733965555,0.24673334501057026,0.2642466276497742
121959730,4630,H,H,0.43320051359344103,0.30953773682866964,0.2572617495778893
122547982,4634,H,H,0.4668598845155056,0.29634407518029443,0.2367960403041999
122547983,4629,H,H,0.5112081694039222,0.2857811690449333,0.20301066155114456
122547984,4724,A,A,0.26741667475625647,0.23133810749208802,0.5012452177516554
122547985,4675,D,H,0.40158317224330936,0.3144403253892348,0.28397650236745586
122547986,4629,D,A,0.34847495188209404,0.21776479870375193,0.43376024941415403
122547987,4724,A,A,0.12031740169174662,0.24085113729213917,0.6388314610161142
122547988,4629,A,H,0.4180690843693658,0.22467627102118168,0.35725464460945255
122547989,4675,H,A,0.15606957266408425,0.2632820852955658,0.58064834204035
122547990,4724,D,H,0.5456568892995763,0.23718669671401793,0.21715641398640567
122547991,4629,A,H,0.49298924857783355,0.26829220633899037,0.23871854508317603
122547992,4629,A,H,0.4550237310695846,0.24681209619364672,0.29816417273676854
122547993,4629,H,H,0.6012116360432637,0.21898251737855998,0.1798058465781764
122547994,4724,A,A,0.3173935526159392,0.3026978503025422,0.3799085970815187
122547995,4629,H,H,0.7057414482592709,0.1917211897378516,0.10253736200287754
122547996,4724,H,H,0.4292098399387205,0.2873408342982458,0.28344932576303355
122547997,4675,A,A,0.1321261969695448,0.1672571124317101,0.700616690598745
122547998,4724,H,A,0.17293721893167358,0.21406624992177833,0.6129965311465481
122547999,4629,A,A,0.2971138710008994,0.2886952698867255,0.41419085911237513
122548000,4675,A,A,0.11746038701731201,0.24068697805560535,0.6418526349270827
122548001,4675,H,H,0.4173614521525042,0.3228275407298472,0.2598110071176486
122548002,4675,A,H,0.5453831711081734,0.28693099848119347,0.16768583041063317
122548003,4675,H,H,0.49654248848374,0.29879745210748865,0.2046600594087714
122548004,4629,H,H,0.6483098918921835,0.2052060690436393,0.1464840390641772
122548005,4724,D,A,0.2707865719175526,0.2962728170047102,0.4329406110777373
122548006,4675,H,H,0.4349763653558617,0.33117359899464627,0.23385003564949197
122548007,4724,A,A,0.360301097398328,0.27622874017301907,0.363470162428653
122548008,4724,A,A,0.2644319584910431,0.21170437446314846,0.5238636670458084
122548009,4724,A,A,0.24849202724132113,0.27899666544527746,0.47251130731340135
125353401,4629,H,H,0.44655017246452233,0.22136327015604443,0.3320865573794332
125353402,4634,D,H,0.4522656152981567,0.3341033099845414,0.21363107471730183
125353403,4675,A,H,0.4127529436914316,0.31383213230038975,0.2734149240081786
125353404,4629,H,A,0.23830592254609084,0.2386268753218515,0.5230672021320576
125353405,4634,H,H,0.5041715728478927,0.2847314538313873,0.21109697332071994
125353406,4675,D,H,0.713864439678058,0.17536125335145256,0.11077430697048943
125353407,4629,A,A,0.33509618351925563,0.17819234139812576,0.48671147508261864
125353409,4634,H,H,0.4271760516863472,0.2741019797305567,0.2987219685830961
125353410,4675,D,H,0.5963381777400654,0.21311045550385002,0.19055136675608456
125353411,4629,H,A,0.3049609728811213,0.255291206077713,0.43974782104116567
125353412,4629,A,A,0.2513903407923227,0.2971487695151551,0.4514608896925222
125353413,4629,A,A,0.3397047000617596,0.228499945220344,0.43179535471789643
125353416,4634,D,H,0.4248676569889606,0.2884059062189193,0.28672643679212007
125353417,4629,A,A,0.182932452223526,0.2123880777451585,0.6046794700313155
125353425,4629,D,H,0.6831453569855862,0.17125101871074194,0.1456036243036718
125353426,4634,A,A,0.26885266354250037,0.2321826171520952,0.4989647193054044
125353427,4675,D,H,0.6477302381847074,0.1722859373657462,0.17998382444954633
125353428,4634,H,H,0.5210363381771876,0.25077599462283034,0.228187667199982
125353429,4634,H,H,0.4273029931949925,0.2944506414557357,0.27824636534927183
125353430,4675,A,H,0.6275874134182539,0.20063976559851252,0.17177282098323357
125353431,4675,A,H,0.4600066906140481,0.3011853443337206,0.23880796505223148
125353432,4675,H,H,0.6447790604906046,0.1838850483949282,0.17133589111446718
125353433,4675,H,H,0.7743531563928489,0.12429412550893885,0.10135271809821224
125353434,4634,H,H,0.6400061130602814,0.2171015671721095,0.14289231976760908
125353437,4629,D,H,0.5609711670329449,0.2340100603664282,0.2050187726006268
125353438,4634,A,D,0.3365490366407165,0.3558895150254179,0.3075614483338657
125353439,4675,H,H,0.6321813958236259,0.18541840633327022,0.18240019784310393
125353442,4629,D,H,0.4557424684675219,0.22686257569612406,0.3173949558363541
125353445,4629,H,H,0.4574363872054421,0.2006026426743605,0.3419609701201974
125353446,4629,A,A,0.12184277151008735,0.16152794825194486,0.7166292802379678
125353449,4634,A,H,0.35717588304489606,0.31364860479234274,0.3291755121627612
126918030,4630,D,A,0.08083402276546141,0.1264996204597046,0.792666356774834
126918577,4630,D,H,0.5718814968996613,0.2124653032817011,0.2156531998186376
126918579,4630,H,H,0.721479269791434,0.20137218458988565,0.07714854561868043
126918589,4630,H,H,0.5924042287065643,0.24984478174178534,0.15775098955165037
126919011,4630,D,H,0.5012135912957828,0.22162577102802702,0.27716063767619015
126919603,4630,H,H,0.49161860216386305,0.28854267848242693,0.21983871935371
126919771,4630,D,H,0.4446378661817751,0.22798584724297177,0.32737628657525325
126982275,4630,A,A,0.0877895526420544,0.15285244445195892,0.7593580029059867
126982279,4630,A,A,0.1775918178897052,0.20347011464577583,0.618938067464519
126982285,4630,H,H,0.5020887114646965,0.17548177574854062,0.32242951278676296
127483019,4724,H,H,0.5683105338466541,0.2838125096803148,0.14787695647303115
127483023,4724,H,H,0.6808243544380633,0.1916084761213653,0.12756716944057125
127483024,4724,D,H,0.49318265290180824,0.2734872925261719,0.23333005457201988
127483196,4724,D,A,0.3650491023816683,0.2114673556848064,0.4234835419335254
127483197,4724,H,H,0.4818671603439269,0.2689124913175325,0.2492203483385405
127591072,4724,D,H,0.6578135633806508,0.2002713001518265,0.14191513646752268
127591808,4724,H,H,0.6387110150335629,0.2239641893645376,0.13732479560189953
127591809,4724,D,H,0.628997880822134,0.1874214154037512,0.18358070377411478
127591901,4724,H,H,0.6157995003203078,0.2358650153816377,0.14833548429805446
127663287,4724,H,H,0.4375124226419223,0.28325021334629524,0.2792373640117825
128293508,4634,H,H,0.525801424457998,0.3077334494974136,0.16646512604458832
128293509,4634,A,H,0.5120957951824628,0.33746544977051574,0.15043875504702148
128293510,4675,D,A,0.3129794579692544,0.339380022048152,0.34764051998259365
128293511,4634,A,H,0.41964665244142396,0.31895561994569677,0.2613977276128793
128293512,4675,A,A,0.15819521250402255,0.20869295909316404,0.6331118284028134
128293513,4634,H,H,0.42695285833315055,0.32763218178345677,0.24541495988339276
128293514,4675,A,H,0.39324872526636184,0.3265083537663064,0.2802429209673318
128293515,4634,A,A,0.3154720152559902,0.31542847751062963,0.3690995072333802
128293516,4634,A,A,0.3069190175201414,0.27687340676736905,0.4162075757124895
128293517,4675,D,H,0.4794215553999163,0.3061016451683042,0.21447679943177955
128293518,4634,H,A,0.30721164299955817,0.2988833979224659,0.39390495907797596
128293519,4634,H,H,0.7909838244147434,0.157920259418158,0.05109591616709865
128293520,4675,H,A,0.3044726874512178,0.1962174995585937,0.4993098129901884
128293521,4675,D,H,0.46009065018189815,0.3084444566077867,0.2314648932103151
128293522,4675,H,H,0.5895389188731001,0.29731955732731347,0.11314152379958652
128293523,4675,H,H,0.6064107066831149,0.22275881624912067,0.1708304770677644
128293524,4634,H,H,0.6884108401200163,0.167497592576351,0.1440915673036326
128293525,4634,A,H,0.3720737112845719,0.26429317265318963,0.36363311606223847
128293526,4675,D,A,0.10812997413991769,0.2364190481137569,0.6554509777463254
128991725,4724,D,H,0.3722986292362222,0.288890257463603,0.33881111330017477
128991727,4724,H,A,0.07714260385275695,0.1867079275886898,0.7361494685585532
129366678,4724,D,H,0.5988945191971166,0.2485691837152825,0.15253629708760094
129366679,4724,D,D,0.3059982147013433,0.37831803661628854,0.3156837486823681
129366680,4724,D,D,0.2644487033365803,0.39593020652405686,0.33962109013936287
129366683,4724,H,A,0.2535027411304387,0.23445732864412763,0.5120399302254336
129366684,4724,A,A,0.14691265820636515,0.26908714187549027,0.5840001999181446
129366685,4724,D,A,0.2781695599974896,0.2237772399667399,0.4980532000357705
129529400,4724,A,A,0.311765455600791,0.2530415070908442,0.43519303730836495
129540182,4629,A,H,0.44714535003074496,0.28267554372662335,0.27017910624263175
129540348,4630,D,A,0.28792936181307216,0.3272346407901397,0.38483599739678814
129540352,4629,H,H,0.6672564810467504,0.20021592418208473,0.13252759477116488
129583808,4629,A,H,0.5813274591991382,0.23164650458080474,0.18702603622005712
129583809,4630,H,H,0.40482075423468705,0.2902543978621711,0.3049248479031418
129583810,4724,D,A,0.18616672836043527,0.20279545972685253,0.6110378119127121
129583816,4630,H,H,0.7745969086752881,0.098508393592887,0.1268946977318249
129583818,4630,H,H,0.7429416919688168,0.13463567660979606,0.12242263142138718
129583819,4630,H,H,0.46518840095616754,0.18595874007911486,0.34885285896471757
129583820,4629,D,H,0.5444297525102014,0.25035463342655345,0.20521561406324512
129583821,4629,A,A,0.21948747502428523,0.21857470916890506,0.5619378158068098
129583823,4630,H,H,0.8249572403899569,0.10391943495116511,0.07112332465887808
129583824,4629,H,H,0.7419283630254215,0.15965450754281352,0.09841712943176505
129583826,4630,A,A,0.21726947183877746,0.3280545968798143,0.45467593128140826
129583827,4630,A,A,0.2721670754240205,0.2279732710466016,0.4998596535293779
129583828,4630,D,H,0.4437538642852099,0.2069703355767534,0.3492758001380366
129583829,4629,H,H,0.3636578131590022,0.30373736867831075,0.3326048181626871
129583830,4630,H,H,0.7097640200982317,0.15167096273027733,0.13856501717149097
130052640,4724,D,A,0.3730946739424419,0.2466169021475694,0.3802884239099887
131508731,4630,D,A,0.13488979817017635,0.1413679100451344,0.7237422917846894
131508732,4629,A,A,0.29872041710286895,0.24577795141745398,0.455501631479677
131508733,4629,A,A,0.25595560395414213,0.23294812280919697,0.511096273236661
131508734,4629,A,A,0.2822224691381062,0.2602608462679953,0.45751668459389855
131508735,4629,D,A,0.3358957449964886,0.23674212766991856,0.42736212733359286
131508736,4629,H,H,0.5220326817431366,0.27619392494608885,0.2017733933107746
131508737,4629,A,H,0.6189916007169545,0.22295730198658292,0.15805109729646252
131508738,4634,H,H,0.56217678365357,0.31625980456012887,0.121563411786301
131508739,4675,A,A,0.1642420076323618,0.16719868186597775,0.6685593105016605
131508740,4675,H,H,0.7944214831625157,0.13647219660404897,0.06910632023343528
131508741,4630,A,A,0.13584869784763576,0.16697273867751133,0.697178563474853
131508742,4675,A,H,0.43845855498421155,0.32384444621958497,0.2376969987962035
131508747,4675,H,H,0.3934440621878408,0.2232256472639489,0.3833302905482103
131508748,4630,A,A,0.2735013129275662,0.25256214074887484,0.473936546323559
131508749,4630,A,A,0.25387988314587734,0.35414852746728964,0.39197158938683296
131508750,4630,H,H,0.486555499544405,0.3133868199707488,0.20005768048484612
131508751,4630,H,H,0.5750851339121599,0.2361981889668214,0.1887166771210186
131508752,4630,D,H,0.5463153556847137,0.19237630421241006,0.2613083401028763
131508753,4630,H,H,0.7248802000366132,0.19286373513678476,0.08225606482660193
131508754,4630,A,H,0.5546667916076322,0.2520513482868361,0.19328186010553164
131508755,4675,H,H,0.5488814333246217,0.24877903397063286,0.20233953270474547
131508756,4675,D,H,0.4474097989374934,0.20103636340630857,0.3515538376561981
131508757,4675,D,H,0.4644304702499454,0.2991363365128524,0.23643319323720216
131508758,4675,D,H,0.8188291873473357,0.11961164598337962,0.06155916666928461
131508759,4630,A,A,0.16573792583987326,0.15204309794802978,0.6822189762120969
131508760,4629,D,H,0.49590517117896726,0.23347485418520406,0.2706199746358286
131508761,4629,H,H,0.6073879854670566,0.20817408241182717,0.1844379321211162
131508762,4675,A,A,0.2666162700923711,0.20793940457880622,0.5254443253288227
131508763,4634,H,H,0.6241529121280229,0.24605105468879473,0.12979603318318236
131508764,4629,H,H,0.6367940137433021,0.2220149094992892,0.14119107675740866
131577481,4634,D,H,0.4130457186009559,0.3021964825496964,0.2847577988493478
131577521,4634,H,H,0.49950565481558595,0.2539206620997439,0.2465736830846702
131577522,4634,H,H,0.34814823559158287,0.32047822710640594,0.33137353730201125
131577523,4634,D,H,0.5307110798455996,0.26283058941139176,0.20645833074300862
131577524,4634,A,A,0.12039834787936739,0.1895714316786013,0.6900302204420313
131577525,4634,H,H,0.46951739591723596,0.2964447500047281,0.23403785407803587
131577526,4634,H,H,0.553603419682828,0.22051923949611738,0.2258773408210547
131577527,4634,D,H,0.377961089397296,0.28848980693464304,0.33354910366806095
131856554,4724,H,H,0.6309676938198571,0.22714068189320324,0.14189162428693972
131856555,4724,D,H,0.7372362870005236,0.18705034707145635,0.07571336592802005
131856556,4724,A,A,0.351025447154945,0.2740973464304553,0.37487720641459965
131856557,4724,H,H,0.624345225686879,0.24331566860118914,0.13233910571193186
131856558,4724,A,H,0.4906903707726276,0.20535870655837704,0.3039509226689954
131856559,4724,A,A,0.14768946480773004,0.17787972825867382,0.6744308069335961
131856560,4724,H,H,0.5063144028102612,0.27654081374615075,0.21714478344358806
131924021,4724,H,H,0.6346270774517012,0.18435301783462474,0.18101990471367402
132162271,4724,A,H,0.5575808250547446,0.24298395540929332,0.19943521953596202
132162272,4724,H,H,0.4066046991965306,0.27522700433440617,0.3181682964690632
134704448,4634,H,H,0.6229338148952217,0.19984222139019517,0.1772239637145832
134704449,4634,A,A,0.1486750016556278,0.29498954844032305,0.5563354499040492
134704450,4634,D,A,0.33882570301550063,0.30808314786058677,0.3530911491239126
134704453,4634,A,A,0.30888561310945756,0.23255754686115654,0.45855684002938596
134704454,4634,H,H,0.37063516171449223,0.27774966616544206,0.35161517212006577
134704455,4629,H,A,0.3232321893253867,0.21619380806927427,0.46057400260533893
134704456,4629,A,A,0.38582093762466546,0.1989057363441234,0.4152733260312112
134704457,4630,H,A,0.2998814248665352,0.2597539934714585,0.44036458166200626
134704458,4630,A,A,0.35163488759131367,0.24223963879212415,0.4061254736165621
134704459,4634,H,H,0.5830227205556521,0.28515606935053345,0.13182121009381445
134704460,4634,A,H,0.5255962428320387,0.265933885327819,0.20846987184014232
134704461,4634,A,H,0.5115868558722513,0.2992785235388209,0.1891346205889279
134704462,4634,H,H,0.7634358627372294,0.1818419401655855,0.054722197097185024
134704463,4630,A,A,0.11448413198573881,0.17857501230078898,0.7069408557134722
134704464,4634,D,H,0.34904314329367525,0.34150564114462595,0.3094512155616988
136824980,4724,D,A,0.3967432115994524,0.20647803546531263,0.39677875293523496
136868005,4675,D,A,0.24691198420454555,0.2477277647878186,0.5053602510076359
136868007,4675,A,H,0.3858369971437573,0.3385630783947865,0.27559992446145615
136868010,4675,H,A,0.1352608367722717,0.18588699361267563,0.6788521696150526
136868012,4675,H,H,0.46444054706971494,0.3091213959645829,0.2264380569657022
136868014,4675,H,H,0.7229691691056613,0.1828792194263976,0.09415161146794108
136868016,4675,H,H,0.44030321799006744,0.33772619677376486,0.22197058523616767
136868081,4675,H,H,0.7563353509858137,0.1904135997223221,0.05325104929186419
136868083,4675,H,H,0.3722079766245743,0.34892164773688217,0.2788703756385435
136868084,4675,H,H,0.8867336057564574,0.06714238604038385,0.04612400820315867
136868842,4724,A,H,0.3790282857780639,0.2440314693309729,0.3769402448909631
136869072,4724,H,A,0.23706469396491037,0.2032975279906259,0.5596377780444637
136924774,4724,H,H,0.5098496443378804,0.2720241124423231,0.21812624321979654
136924775,4724,D,H,0.6361166094212155,0.21010223807749578,0.15378115250128874
137015131,4724,D,H,0.5321694377598228,0.27078763539965944,0.19704292684051772
137015132,4724,A,H,0.36192429688488,0.34818231643999187,0.2898933866751281
137015133,4724,A,D,0.32980463740542526,0.3440452523777381,0.32615011021683665
137425983,4630,H,H,0.7492079772728085,0.1582345284472256,0.09255749427996592
137425984,4630,A,A,0.3181605202964731,0.2198082354680234,0.46203124423550335
137425985,4630,A,H,0.48819725403713526,0.2770047761932088,0.2347979697696558
137425986,4630,A,A,0.34050083199769765,0.250202501163426,0.4092966668388763
137425987,4630,H,H,0.646615522263067,0.15560031154647433,0.19778416619045877
137425988,4630,H,H,0.4489338312567141,0.2196398457541075,0.33142632298917835
137425989,4630,H,H,0.8598792390361266,0.08124353301731084,0.05887722794656248
137425991,4630,A,A,0.22980711025217895,0.302317196293173,0.46787569345464797
137425992,4630,H,H,0.8989472990225199,0.06513258805748394,0.035920112919996194
137425993,4630,A,A,0.16247565126536523,0.2254959687886605,0.6120283799459741
137426233,4634,H,H,0.4701024572718606,0.28486854261258554,0.2450290001155539
137426234,4634,A,H,0.6940384146440266,0.19356000015073452,0.1124015852052389
137426235,4634,H,H,0.5220294988604702,0.29793306807595793,0.1800374330635718
137426236,4634,A,H,0.34886633429488845,0.3155222665359937,0.3356113991691179
137426237,4634,D,H,0.45037355083175573,0.2787447675698676,0.2708816815983766
137426238,4634,H,H,0.38399923656879015,0.3560911191543937,0.2599096442768162
137426239,4634,D,H,0.48313409149894937,0.31431177638982066,0.20255413211123002
137426240,4634,A,A,0.2810748780056746,0.32318300537584144,0.39574211661848396
137426241,4634,A,A,0.2706859953998771,0.2756098972399494,0.4537041073601736
137426242,4634,D,A,0.13719329010501696,0.16493079221963383,0.6978759176753492
137426298,4629,A,A,0.33170051157569724,0.21420861673246283,0.45409087169184
137426299,4629,H,H,0.4001759906770835,0.29888374481950125,0.3009402645034153
137426301,4629,H,H,0.7122643298559334,0.1713799567122096,0.11635571343185708
137426302,4629,D,H,0.4956246199938234,0.2345970918110868,0.26977828819509
137426303,4629,H,H,0.5016822559277206,0.2671087521824255,0.23120899188985383
137426304,4629,H,A,0.32548171733450865,0.2623936645647201,0.4121246181007712
137426305,4629,D,H,0.5794602588334723,0.22817672970133046,0.19236301146519727
137426306,4629,A,A,0.2793845562237837,0.21208238962454673,0.5085330541516696
137426307,4629,A,A,0.18362937446801475,0.1723919435047231,0.643978682027262
137483653,4724,D,H,0.4488295533248953,0.2167487967550641,0.33442164992004064
137483654,4724,A,A,0.2597247552785385,0.3226518914667148,0.4176233532547467
139241035,4634,H,H,0.3743810205020268,0.36576036597955414,0.2598586135184191
139241036,4634,D,H,0.5363799067526999,0.21055584449721412,0.25306424875008604
139241037,4634,A,H,0.41984944690774983,0.32030564097399034,0.25984491211825983
139241038,4634,H,H,0.6408741020815426,0.25756385581363855,0.10156204210481885
139241039,4634,D,D,0.35339591638180323,0.3602515717281832,0.2863525118900135
139241041,4634,A,H,0.41863373688050337,0.24624532220395373,0.33512094091554295
139241042,4634,A,H,0.44003539981877493,0.2949396846714651,0.26502491550976004
139241043,4634,A,A,0.21396415309381903,0.2742568234248089,0.511779023481372
139241045,4634,D,H,0.7481462055742479,0.15635653259865634,0.09549726182709567
139241046,4634,D,H,0.3516891663842827,0.342875933049877,0.30543490056584033
139737616,4724,H,H,0.566290970515084,0.23979336441554872,0.1939156650693672
139737617,4724,A,A,0.2134405999206849,0.30682060569938474,0.47973879437993033
139737618,4724,H,A,0.1881298794161513,0.24807144584887164,0.563798674734977
139737620,4724,A,H,0.44985911055932937,0.3286485320250583,0.22149235741561238
139737621,4724,H,A,0.267801798178032,0.23332543332257757,0.49887276849939055
139737622,4724,D,A,0.17294289620004316,0.16106897436450976,0.6659881294354469
139737624,4724,H,H,0.5597190751983229,0.2617423050486943,0.17853861975298285
139737625,4724,D,H,0.627731658034501,0.218517331276755,0.15375101068874397
139737626,4724,D,H,0.779699028410024,0.14814723620289796,0.07215373538707809
139737627,4724,D,H,0.6399650867525919,0.20081209693510643,0.1592228163123017
