fixture_id,season_id,y_true,y_pred,p_home,p_draw,p_away
9922008,2745,A,H,0.36872236742413084,0.2697591910266903,0.3615184415491788
9922032,2747,A,H,0.4148527272348841,0.2501466443818636,0.33500062838325223
9922033,2748,H,H,0.45328966647430824,0.244133778046971,0.30257655547872075
9971689,2747,D,A,0.27653617208672665,0.2989363575902762,0.42452747032299715
9971877,2745,H,H,0.43875305867082603,0.19494068749166177,0.3663062538375123
9971878,2745,H,H,0.4678490174050739,0.2163686058665003,0.31578237672842585
9971879,2745,D,H,0.4902436259533933,0.22614610829741694,0.2836102657491897
9971880,2745,A,H,0.3673172902112367,0.278048656967306,0.3546340528214572
9971881,2745,A,H,0.4263376056093461,0.2305103646751716,0.34315202971548237
9972251,2748,A,A,0.3044566964926046,0.26569556927116367,0.42984773423623174
9972432,2747,A,A,0.321933671502739,0.27061749188893375,0.40744883660832737
9972438,2745,H,H,0.38720780007994055,0.23927253516713945,0.3735196647529201
9972548,2748,A,A,0.2988540292976895,0.24653163898207825,0.4546143317202323
9974057,2747,H,H,0.42338592171680156,0.23945537699864836,0.33715870128455017
9974058,2747,H,H,0.41998485960085163,0.2619574227761651,0.3180577176229833
9974059,2747,H,H,0.3891815638686862,0.26026747246488624,0.3505509636664276
9974060,2747,H,H,0.6011502128587257,0.18015772580279796,0.21869206133847635
10138577,2748,D,H,0.42020250746251914,0.2653785575470212,0.3144189349904596
10138725,2747,D,H,0.38478046520350084,0.23069978391877327,0.3845197508777259
10138726,2747,A,A,0.3541748243631969,0.258235401696734,0.38758977394006916
10138727,2748,H,H,0.3643042429354654,0.2767866965266459,0.3589090605378886
10138728,2748,D,H,0.39330737014306566,0.2651997349699203,0.34149289488701406
10138729,2748,H,A,0.2941654791462782,0.3077038138490583,0.39813070700466335
10138730,2748,H,H,0.45267161990566274,0.23316832939955723,0.3141600506947801
10138848,2745,D,H,0.3843218672879939,0.23995649277249154,0.3757216399395146
10138967,2748,A,H,0.524044098433647,0.21155947299558842,0.2643964285707646
10138975,2747,A,A,0.31636982947545844,0.2170455219938743,0.4665846485306672
10138976,2745,H,H,0.5338776982823888,0.21835532963149062,0.2477669720861205
10139097,2748,H,H,0.5034604800161442,0.2160976225285461,0.2804418974553097
10378209,2745,A,H,0.47527091174143726,0.23857361568869692,0.28615547256986584
10378240,2748,D,H,0.3753739200447417,0.2630558831536119,0.3615701968016464
10378242,2858,H,H,0.37208848286799917,0.32328596506388135,0.3046255520681194
10439662,2747,H,A,0.37206679619162825,0.2527866893244899,0.3751465144838818
10439949,2745,A,H,0.5373192680403289,0.24925327453387033,0.21342745742580083
10439950,2745,D,H,0.4487744470488835,0.19491581901598945,0.3563097339351271
10439951,2745,H,A,0.31205631615477025,0.31217344532266017,0.3757702385225695
10439952,2745,D,H,0.49246793891773444,0.26163064460836777,0.24590141647389765
10439953,2745,D,H,0.34640553980880645,0.308703608106096,0.3448908520850975
10440255,2747,H,H,0.4714278365700029,0.230803345823044,0.2977688176069532
10440259,2747,D,H,0.400316142920326,0.23763321917085287,0.362050637908821
10440260,2747,H,H,0.5435619611274964,0.1832486418354136,0.27318939703709
10440263,2747,D,A,0.23835409610800778,0.28731903155896005,0.47432687233303217
10440264,2747,D,A,0.3445329847471496,0.289878479822609,0.3655885354302413
10440616,2858,D,H,0.39759325949144253,0.3016404470094053,0.3007662934991522
10440620,2748,D,H,0.49461163274425657,0.2208600136014549,0.2845283536542886
10440768,2747,H,H,0.47857630242800575,0.23008884143968203,0.2913348561323122
10440771,2745,D,A,0.23833269427346412,0.27037398284769776,0.49129332287883803
10440772,2894,H,H,0.3949560461596583,0.22300679684058958,0.38203715699975205
10440773,2894,A,A,0.3498119268083954,0.2088445454566617,0.4413435277349429
10440800,2858,A,A,0.3363998316901356,0.29040163343638686,0.3731985348734775
10440868,2894,A,A,0.34558482617265923,0.22244690802857142,0.4319682657987693
10440869,2894,A,H,0.3999519778915557,0.24981078800003573,0.35023723410840857
10440882,2858,D,H,0.429876040656769,0.27767635973120675,0.2924475996120242
10440883,2748,H,H,0.6911572274174593,0.16039261092430443,0.14845016165823627
10634172,2748,H,A,0.13918427579258733,0.23657144565000537,0.6242442785574074
10634400,2747,H,H,0.44485404868001704,0.23341508477125877,0.32173086654872407
10634449,2745,D,A,0.3554738135018841,0.268106753939642,0.3764194325584739
10634600,2748,D,H,0.3801286965987257,0.2965787053118041,0.32329259808947014
10634611,2747,D,A,0.3314451107891856,0.2164148079090371,0.4521400813017772
10634612,2745,H,H,0.6043499440356755,0.1932290917887201,0.20242096417560437
10634617,2858,A,H,0.40542690473286425,0.2951508228683712,0.29942227239876457
10634684,2894,H,H,0.3848820328448727,0.2588751003265841,0.35624286682854317
10634685,2894,H,H,0.3843460103918917,0.266716895785601,0.34893709382250726
10634711,2858,H,H,0.3947450021856771,0.3250697763399842,0.2801852214743387
10634749,2748,D,A,0.2551651845779592,0.21627252341848557,0.5285622920035552
10634750,2894,A,A,0.3321563998649859,0.2580069909444673,0.4098366091905468
10634751,2894,H,H,0.3659232729307694,0.30573438523745317,0.3283423418317774
10634791,2858,A,H,0.37714056132059653,0.2698369036804456,0.3530225349989579
10642678,2748,D,A,0.3135841098145995,0.2591060198162313,0.4273098703691692
10642679,2748,D,H,0.3739956295649656,0.2572192235216953,0.36878514691333913
10642680,2748,A,H,0.43953324979345687,0.2768521250624382,0.28361462514410485
10642681,2748,A,A,0.3404489503148666,0.26361578074763525,0.39593526893749814
10764549,2858,D,H,0.4930994710941106,0.282493299653626,0.22440722925226345
10764579,2894,A,A,0.33072961672412804,0.24996979981660036,0.4193005834592715
10764605,2858,A,H,0.38546065464157264,0.3279353488250146,0.2866039965334126
10764622,2894,H,H,0.4319048499218272,0.24946655561658546,0.3186285944615873
10764641,2747,D,H,0.4965834558116895,0.2213449891761273,0.2820715550121833
10764647,2858,H,H,0.48315930446378663,0.2745311701805836,0.24230952535562977
10918319,2858,A,H,0.3978115642289377,0.32272442893048137,0.279464006840581
10918351,2745,H,H,0.5649828863064387,0.2502004871254311,0.18481662656813033
10918384,2748,H,H,0.626696994357967,0.21468162136030386,0.1586213842817291
10918398,2858,D,H,0.5698293771049007,0.2641774341477046,0.16599318874739466
10986778,2747,H,H,0.6668815692393801,0.19459270711511975,0.13852572364550012
10987115,2745,A,H,0.586878951275392,0.2324167927645764,0.18070425596003145
10987116,2745,A,H,0.4918842149550133,0.24809973772636143,0.2600160473186253
10987117,2745,D,H,0.48714012354359254,0.27505427334318916,0.23780560311321827
10987118,2745,A,A,0.31916956807618296,0.3169847499515606,0.3638456819722565
10987119,2745,A,A,0.33120018531018214,0.28570703419835985,0.383092780491458
10987292,2747,H,A,0.3542472615891116,0.25282137420691553,0.3929313642039729
10987294,2747,D,A,0.33332826674923294,0.2534325120411193,0.4132392212096478
10987296,2747,H,A,0.17407982377673997,0.21020391348689743,0.6157162627363626
10987303,2747,A,H,0.4585517197954574,0.33564592618901834,0.20580235401552438
10987773,2748,A,H,0.3968049439240115,0.2364819326646348,0.36671312341135365
10987824,2858,H,H,0.4472907088266711,0.3220738209249894,0.23063547024833947
10987928,2747,A,A,0.19606515100177055,0.19980432301628473,0.6041305259819447
10987937,2745,H,H,0.4774172802335141,0.22234635036050368,0.3002363694059822
10987938,2894,D,H,0.4046570715259667,0.26692101495429865,0.3284219135197347
10987939,2894,D,H,0.42346619002016345,0.2254520567605969,0.35108175321923973
10987982,2858,A,A,0.29018498944755683,0.33345002254024675,0.3763649880121963
10988041,2894,H,H,0.5399536026478619,0.22412441679853481,0.23592198055360333
10988042,2894,H,A,0.31500613359622176,0.28532707552445985,0.3996667908793184
10988056,2748,H,H,0.5592590623768894,0.22453474618261432,0.21620619144049627
10988068,2858,A,A,0.307113932538338,0.2708471398612598,0.4220389276004021
11220685,2748,D,H,0.4682503905547125,0.30648215638777887,0.22526745305750856
11220885,2747,H,H,0.35824240392018747,0.30116060065469985,0.3405969954251127
11220887,2747,A,A,0.24010804144339803,0.2029040470062446,0.5569879115503574
11221051,2748,A,H,0.41250539841912237,0.24542788864293902,0.3420667129379386
11221052,2748,H,A,0.29479110086666027,0.35247225643154667,0.35273664270179306
11221053,2748,A,D,0.2917566881387579,0.44774486055572815,0.26049845130551397
11221054,2748,D,H,0.4883633831583164,0.24753137394521488,0.26410524289646864
11221105,2745,D,A,0.15954796741282515,0.3097533411908372,0.5306986913963377
11221287,2748,H,H,0.5043958026173635,0.1908874677707068,0.30471672961192964
11221310,2747,D,A,0.17431372395800135,0.135411138531213,0.6902751375107856
11221325,2858,H,H,0.44980444413389586,0.3173166055477924,0.23287895031831182
11221327,2745,A,A,0.09212272950277169,0.19560925226609394,0.7122680182311344
11221363,2894,D,A,0.3274499482324598,0.29339244935957787,0.3791576024079623
11221364,2894,H,H,0.593799758549513,0.19803682131735498,0.20816342013313213
11221390,2858,A,H,0.4428617291399167,0.26772146821476106,0.28941680264532227
11221428,2748,A,A,0.12212874120316415,0.18237870597555964,0.6954925528212762
11221429,2894,D,H,0.386418845438522,0.2612319366886849,0.3523492178727931
11221430,2894,D,H,0.44108396870905925,0.2726080985617715,0.2863079327291692
11221461,2858,A,H,0.41941692441026807,0.3100957717059139,0.2704873038838179
11365130,2894,H,H,0.48350698205809084,0.2568549031707925,0.25963811477111676
11365158,2858,D,H,0.36504424235873023,0.3022074600692693,0.33274829757200053
11365171,2894,D,A,0.2653615454282434,0.2654349322327584,0.46920352233899815
11365180,2747,H,A,0.18587854528394562,0.28831720426152263,0.5258042504545318
11365187,2858,H,H,0.4491752389035599,0.3099041170387658,0.2409206440576742
11554760,2894,A,A,0.3212710504093092,0.29205721288211933,0.3866717367085714
11554915,2858,A,H,0.49451264225018876,0.3101030019810642,0.19538435576874702
11554953,2745,H,H,0.7105004209565359,0.21227478663188265,0.07722479241158146
11554972,2894,H,A,0.29144301495960095,0.19486814635567828,0.5136888386847208
11554979,2748,A,H,0.42007157628717273,0.2864151936911051,0.29351323002172214
11554984,2858,H,H,0.4717245971873118,0.2694062808378915,0.25886912197479667
11621757,2747,A,H,0.4019486419841026,0.33655897420421044,0.26149238381168693
11622089,2745,H,H,0.5180134845526625,0.2430001395423964,0.23898637590494112
11622091,2745,A,H,0.5972959886878619,0.22939753028453547,0.17330648102760257
11622092,2745,H,H,0.5198593364476068,0.3242222486500629,0.15591841490233013
11622093,2745,A,A,0.29100400891436534,0.26284299553568136,0.4461529955499532
11622094,2745,A,A,0.24044570463834183,0.26053576142295015,0.4990185339387081
11622254,2747,D,H,0.5743817783966767,0.23539294177669695,0.19022527982662635
11622257,2747,H,H,0.4103190413647987,0.21702793762724665,0.3726530210079547
11622259,2747,H,H,0.368233950223036,0.2758182077302422,0.35594784204672186
11622262,2747,H,H,0.5339450988324899,0.24944212214483527,0.2166127790226748
11622265,2747,H,H,0.701900259955771,0.1481645843550995,0.14993515568912957
11622825,2748,H,A,0.3385632440179489,0.3151875611249429,0.34624919485710826
11622880,2858,A,H,0.3852136359299013,0.3303363319425479,0.2844500321275508
11623041,2747,H,H,0.627948766464708,0.20966408145469545,0.16238715208059654
11623048,2745,D,H,0.7243436434495095,0.1739219635256884,0.101734393024802
11623050,2894,A,A,0.34662232151080674,0.27028559868837043,0.3830920798008228
11623051,2894,D,H,0.45806948696337035,0.21589544776493672,0.32603506527169296
11623119,2858,A,H,0.4552801614467741,0.2811581446562126,0.2635616938970134
11623198,2894,H,H,0.5290269764616724,0.26019907716785845,0.21077394637046917
11623199,2894,D,H,0.4213708780940152,0.30020433458655105,0.27842478731943365
11623217,2748,H,H,0.5216198086647313,0.23917235550526258,0.2392078358300061
11623237,2858,H,H,0.3974553180659632,0.3089361670997621,0.29360851483427475
11865684,2748,H,A,0.3164742378848931,0.22314876603561923,0.4603769960794876
11865919,2747,A,H,0.5033931330523896,0.24475653959893032,0.2518503273486801
11865927,2747,D,A,0.23574884046132202,0.23334708808070284,0.5309040714579751
11866105,2748,H,H,0.46865175639815004,0.274197161038357,0.25715108256349306
11866108,2748,A,A,0.23952954182137112,0.20598097712603544,0.5544894810525935
11866110,2748,A,H,0.4527647710857165,0.3325332803960102,0.2147019485182732
11866111,2748,H,A,0.25688461262859175,0.33413461691673924,0.4089807704546689
11866172,2745,D,H,0.5916028876256089,0.2304973048958264,0.17789980747856485
11866416,2748,D,A,0.12404428710894068,0.24624011704943655,0.6297155958416227
11866432,2747,A,A,0.2495839447231325,0.19635012943903624,0.5540659258378313
11866446,2858,D,A,0.1286571328009786,0.25134510799243476,0.6199977592065866
11866448,2745,A,H,0.4576998093210789,0.3908389762862281,0.15146121439269292
11866493,2894,A,A,0.2536485110429476,0.31615284153211837,0.4301986474249339
11866495,2894,H,H,0.5063576294478382,0.2170877801984247,0.27655459035373703
11866536,2858,H,H,0.639490538297655,0.24527978665673286,0.11522967504561218
11866579,2748,D,H,0.7774461575284296,0.1592779963058959,0.06327584616567439
11866580,2894,D,A,0.144926648255353,0.211227600120821,0.643845751623826
11866581,2894,D,H,0.4667529759312345,0.23979168361849867,0.29345534045026683
11866617,2858,A,A,0.1523045128601385,0.2611328484027341,0.5865626387371273
12040442,2858,A,A,0.34951554243242283,0.24157801399770187,0.4089064435698753
12040459,2858,A,A,0.34830378580963506,0.277185322238477,0.37451089195188797
12067050,2894,D,A,0.17744237069854374,0.25505482936583185,0.5675027999356244
12067114,2747,H,A,0.2735391048505913,0.2648591872244004,0.46160170792500815
12067115,2747,D,A,0.2524087406418196,0.24140545461634683,0.5061858047418335
12067131,2894,H,H,0.614523406382809,0.18842782974149064,0.19704876387570036
12067134,2894,H,H,0.5712742073670107,0.22992647335279978,0.1987993192801895
12067167,2747,H,A,0.28962548823456324,0.32959026586075985,0.38078424590467697
12067206,2747,D,H,0.4882903631625406,0.2475414446783186,0.2641681921591409
12111770,2894,D,H,0.49213981693189635,0.25211042125948163,0.2557497618086221
12111771,2894,D,A,0.15115225430515936,0.2404371122775288,0.6084106334173119
12111772,2894,H,H,0.4123491738767701,0.26305924488153093,0.324591581241699
12111804,2748,A,H,0.48948949768023287,0.27501778850006353,0.2354927138197035
12111805,2748,A,H,0.38786756897127134,0.2938221587518894,0.31831027227683933
12111806,2748,H,H,0.5170761828934061,0.28364677976101244,0.19927703734558141
12111807,2748,H,H,0.6156313785830537,0.21021280274384524,0.17415581867310098
12111808,2748,D,A,0.3060200329061819,0.2496269638175735,0.44435300327624455
12111897,2747,D,A,0.22551182203874004,0.2816619761749971,0.49282620178626274
12111899,2747,H,H,0.6955403874712152,0.17896094035397614,0.12549867217480862
12111900,2747,H,H,0.7745646023848166,0.13120807037600374,0.09422732723917979
12111908,2894,H,H,0.5876008735696366,0.2422925600409677,0.17010656638939572
12111909,2894,D,H,0.7238647356776612,0.15350961098138274,0.12262565334095604
12111923,2747,D,A,0.15607655036653204,0.16574709748200342,0.6781763521514645
12111950,2747,H,H,0.5453288702504406,0.22807264191078527,0.22659848783877398
12111953,2748,A,H,0.4321509733550499,0.3166843045645689,0.2511647220803812
12111954,2748,H,H,0.6357408037695861,0.21941239951663938,0.1448467967137745
12111955,2748,H,H,0.49840382110881476,0.26447280656410566,0.23712337232707953
12111956,2748,H,H,0.5203618359241226,0.24685207816832966,0.23278608590754776
12111957,2748,A,A,0.0810515654042779,0.1483076766128657,0.7706407579828565
12167538,2894,H,H,0.4964084373721221,0.22545398510113798,0.2781375775267399
12167539,2894,D,A,0.2710900321637136,0.23662671842378183,0.49228324941250456
12167544,2747,A,H,0.4713786390992441,0.266563598392145,0.26205776250861085
12192935,2745,H,H,0.5812221526959168,0.21504821249867093,0.20372963480541229
12192970,2858,H,H,0.5532507331271814,0.3007521499737251,0.14599711689909342
12269095,2747,D,A,0.1466709813183717,0.1653805899293852,0.687948428752243
12269227,2858,D,H,0.47406180564084094,0.25024287967285846,0.27569531468630054
12269282,2894,D,A,0.2993066460166807,0.23419181609682294,0.46650153788649634
12269475,2745,A,A,0.3544944467702575,0.21371863060072144,0.431786922629021
12269476,2745,D,A,0.28298423445482684,0.17955297523445343,0.5374627903107196
12269478,2745,A,A,0.3036459503632195,0.22046748085728268,0.4758865687794978
12269479,2745,A,A,0.2031499163983478,0.361935030178145,0.43491505342350734
12269480,2745,D,H,0.5368597123546558,0.2889921121857989,0.17414817545954522
12269927,2747,H,H,0.42859528637655114,0.25480068553249896,0.31660402809094984
12269931,2747,D,H,0.4301621828654524,0.24841850745713392,0.32141930967741383
12269934,2747,A,H,0.4370499184773036,0.3919655147801874,0.17098456674250892
12269938,2747,H,H,0.6045704867746126,0.2010852601794594,0.19434425304592798
12269942,2747,H,H,0.4204078104868897,0.2742228858211775,0.305369303691933
12270120,2858,H,H,0.5536484522307352,0.2323507786601763,0.21400076910908855
12270326,2748,A,A,0.19618417890220458,0.24185217830713682,0.5619636427906586
12270378,2894,H,H,0.4090794579845501,0.21398132268076328,0.3769392193346867
12270541,2747,D,A,0.06302349443421167,0.11896061596347743,0.818015889602311
12270551,2858,D,A,0.3274495179205515,0.2845642946135155,0.3879861874659329
12270553,2745,H,A,0.24476662158404072,0.33840118215420834,0.4168321962617509
12270557,2748,H,H,0.6665777069811544,0.19846407506919836,0.13495821794964727
12270735,2894,A,A,0.26582509610622823,0.21967865461735073,0.514496249276421
12270743,2748,A,A,0.1020457337685838,0.13794866378528037,0.7600056024461357
12270760,2858,A,A,0.18712892098670808,0.23327663254547396,0.579594446467818
12535907,2894,D,H,0.40036431266434425,0.2955066489499784,0.3041290383856773
12535918,2748,A,H,0.4791271067061095,0.32116189627648206,0.19971099701740835
12536056,2858,H,H,0.5140700373123868,0.24893517702665893,0.23699478566095428
12536097,2748,D,A,0.2767149543669938,0.3161247313872139,0.40716031424579224
12536102,2748,D,A,0.16036976300757735,0.2718110604726164,0.5678191765198062
12536115,2894,D,H,0.39333905301863725,0.2981317751290062,0.30852917185235657
12536343,2747,H,H,0.5988873987900621,0.171906717151762,0.22920588405817585
12536345,2747,H,H,0.4974332353008076,0.24048154652178694,0.2620852181774055
12536524,2748,A,A,0.2746527832672032,0.322285944653422,0.40306127207937475
12536527,2748,H,A,0.33146433041943263,0.31178638639672906,0.35674928318383825
12536594,2745,A,H,0.41601542577516804,0.2763948108449944,0.30758976337983746
12536757,2858,A,H,0.6549478113735051,0.23068786203766536,0.11436432658882954
12536823,2748,D,A,0.2832430126289215,0.28952800458128103,0.42722898278979743
12536838,2747,H,A,0.1744992825413292,0.2169422172700457,0.608558500188625
12536846,2745,A,H,0.5816496277538439,0.23580952825529553,0.18254084399086062
12536850,2894,H,H,0.43755757655709016,0.3150899042975933,0.24735251914531647
12536899,2858,H,H,0.7258653244593046,0.1671313965483938,0.10700327899230146
12536989,2748,A,H,0.37866796910594563,0.2636691940031921,0.35766283689086226
12536991,2894,H,H,0.3782530033074519,0.2475071756693988,0.3742398210231493
12537007,2858,H,H,0.5035519950499713,0.28723606503013205,0.2092119399198967
12705917,2894,A,A,0.16295131070563812,0.22793148311170205,0.6091172061826599
12705918,2894,D,H,0.5281208107446432,0.24242300248608126,0.2294561867692755
12705971,2894,H,H,0.46006294969060463,0.23514239266636275,0.3047946576430326
12705984,2858,H,A,0.2002847407413504,0.3503246851455028,0.4493905741131468
12911272,2745,A,H,0.5824358849419505,0.283032628301194,0.13453148675685542
12911305,2748,H,H,0.600508545910687,0.2471214005930596,0.15237005349625338
12911311,2858,H,H,0.6167410835265654,0.2546376963220882,0.12862122015134633
12980570,2747,H,H,0.4718465683622849,0.21583304979773735,0.31232038183997773
12980731,2858,H,A,0.32923156873807846,0.29042268763816,0.3803457436237615
12980812,2894,H,H,0.7409043516333589,0.16498664738175667,0.09410900098488448
12980966,2745,H,H,0.5043166266964678,0.27329920830361193,0.22238416499992023
12980967,2745,A,H,0.48867859549539794,0.3239877883663912,0.18733361613821087
12980968,2745,D,H,0.44194891472655967,0.2214350128442185,0.3366160724292218
12981052,2745,D,H,0.7571996318440489,0.16077404787050875,0.08202632028544223
12981054,2745,H,A,0.30668398069163083,0.25959459597192314,0.43372142333644614
12981501,2747,A,A,0.1336277587912512,0.22277701642095574,0.6435952247877931
12981522,2747,A,H,0.3830711863385219,0.25273107925501204,0.3641977344064661
12981525,2747,H,H,0.6095227657665924,0.20715035893741102,0.18332687529599673
12981532,2747,A,A,0.22032993211861132,0.22954484230356398,0.5501252255778246
12981776,2858,A,H,0.41045465704499234,0.35019055936012555,0.2393547835948822
12981875,2748,H,H,0.8639208381170701,0.10665190971256987,0.029427252170359946
12982035,2894,H,H,0.5293483002684822,0.24213336957523598,0.22851833015628178
12982134,2745,H,H,0.5162426083412271,0.31311855869818483,0.17063883296058796
12982155,2747,H,H,0.5693136529487923,0.20035917641870155,0.23032717063250613
12982164,2858,A,A,0.08269373318386024,0.18308511414135675,0.7342211526747829
12982373,2894,A,A,0.1416964428040688,0.2205222406130287,0.6377813165829026
12982377,2748,H,H,0.5972481997515408,0.21883487873673083,0.18391692151172837
12982394,2858,H,H,0.41760547129927056,0.2886420792862858,0.2937524494144436
13248801,2894,D,H,0.6994165430402833,0.18580666540660262,0.11477679155311407
13248817,2748,D,H,0.4200554384618635,0.2744338005559687,0.3055107609821679
13248979,2858,H,H,0.6587621148597306,0.1973991989000779,0.14383868624019158
13249049,2748,A,A,0.3333476534404251,0.26337884320135496,0.40327350335821993
13249053,2748,H,A,0.14565944383778956,0.2691183621151926,0.5852221940470178
13249056,2748,H,H,0.4171031016685909,0.31069464626417626,0.27220225206723286
13249069,2748,H,A,0.3209699404133318,0.3195378381972415,0.3594922213894267
13249074,2894,H,H,0.37405768135867534,0.27552871802990564,0.35041360061141896
13249082,2894,D,H,0.60125723685387,0.25283128175951214,0.14591148138661783
13249085,2894,A,A,0.26136551937863145,0.26027859965324,0.47835588096812853
13249298,2747,H,H,0.7403899078966377,0.16691536266094376,0.09269472944241862
13249307,2747,A,A,0.26607267750884744,0.24763325818838336,0.4862940643027692
13249484,2745,A,A,0.33304812902653386,0.22267192229329225,0.4442799486801739
13249672,2858,A,A,0.16247480565093125,0.251320400210671,0.5862047941383978
13249775,2748,H,H,0.5055402402179324,0.2627809991825448,0.23167876059952272
13249794,2747,D,A,0.23166963401188423,0.25668991625155574,0.5116404497365601
13249806,2745,D,H,0.5391838688577425,0.22834626453364976,0.23246986660860777
13249814,2894,H,H,0.5543866245363823,0.24675753630301675,0.19885583916060093
13249873,2858,H,A,0.21479759234214924,0.35387407546561456,0.43132833219223626
13249967,2748,H,A,0.20260740525380644,0.21608477995542907,0.5813078147907644
13249968,2894,D,H,0.4667450044934373,0.2344268582980208,0.2988281372085419
13249985,2858,H,A,0.3115282550567267,0.22818326103449435,0.46028848390877897
13451507,2894,A,H,0.3953278533517146,0.27674672836844155,0.3279254182798439
13451526,2747,H,H,0.43101932082307143,0.28738460578004155,0.2815960733968871
13451528,2858,A,H,0.3989026187510677,0.2801913796055025,0.32090600164342975
13605224,2745,D,H,0.44164098181112077,0.2742382559227679,0.28412076226611127
13605239,2894,A,H,0.5097096528472745,0.27246384489802267,0.2178265022547028
13605253,2748,A,A,0.21570615775899962,0.33303130486152216,0.4512625373794782
13605255,2747,H,H,0.4022522377116192,0.2800314199188086,0.3177163423695722
13605256,2747,A,A,0.21754613741734327,0.31439116580563387,0.4680626967770229
13605261,2858,A,H,0.4875901140586614,0.35334088047336487,0.1590690054679737
13605383,2747,H,H,0.6724742822104137,0.18034039104342175,0.14718532674616455
13675439,2747,A,A,0.10466678765517841,0.13980142960608463,0.755531782738737
13675620,2858,H,H,0.45727827841357893,0.2811877315666099,0.26153399001981115
13675708,2894,A,H,0.41114319184631826,0.28942063177755245,0.2994361763761293
13675901,2745,H,A,0.11012386165428849,0.1930206243156494,0.6968555140300622
13675905,2745,D,H,0.42722603590331515,0.2673445457312838,0.30542941836540116
13675908,2745,A,H,0.39929241819256506,0.30797862727760567,0.2927289545298293
13675910,2745,H,H,0.5551020744025472,0.2655821817413718,0.17931574385608096
13676221,2747,D,H,0.6118000450015303,0.26739465461176143,0.12080530038670824
13676679,2858,H,H,0.8332032897995499,0.1362078808007653,0.030588829399684856
13676757,2748,H,H,0.5032502358235227,0.26899825302978114,0.22775151114669617
13676918,2894,H,H,0.4675016986676613,0.28257885902398755,0.24991944230835111
13677055,2745,H,H,0.5609826220374331,0.2132047626998366,0.22581261526273036
13677063,2747,H,H,0.6853332254852772,0.1646180422460671,0.15004873226865575
13677081,2858,H,H,0.46108730697610195,0.29906068783917056,0.23985200518472743
13677264,2894,A,H,0.5102642525902302,0.2629079738462269,0.22682777356354297
13677267,2748,H,H,0.4457167211536339,0.29045630036261894,0.2638269784837471
13677280,2858,H,H,0.6122100923829259,0.22897987207817513,0.15881003553889902
13931821,2894,H,H,0.4490982765112177,0.21445759599652542,0.3364441274922569
13931844,2748,A,H,0.3709824569679679,0.29566342771613036,0.3333541153159018
13932045,2858,H,H,0.5252927493787186,0.23889393233559425,0.23581331828568705
13932128,2748,A,H,0.46966373339887113,0.27821675395120604,0.25211951264992294
13932138,2748,A,H,0.5260136463911326,0.25864825881859926,0.21533809479026816
13932142,2748,D,H,0.552387577965579,0.19508704940651853,0.2525253726279025
13932144,2748,A,H,0.42767233505340907,0.30096950393786853,0.2713581610087225
13932153,2894,A,A,0.23618988807529562,0.2479727956909068,0.5158373162337977
13932156,2894,H,H,0.5106045894418682,0.2529650121748123,0.23643039838331958
13932162,2894,H,A,0.13554630845755064,0.26673974032627795,0.5977139512161714
13932270,2747,A,H,0.38699989054872935,0.24138960763940673,0.3716105018118639
13932277,2747,H,H,0.4852571880384647,0.2367806536963982,0.27796215826513726
13932279,2747,D,H,0.5165810392885812,0.23098194646674622,0.2524370142446725
13932584,2745,H,H,0.7203535413409586,0.17280518557288865,0.1068412730861527
13932804,2858,D,H,0.6879562835658509,0.19319561471530247,0.11884810171884651
13932881,2748,D,A,0.17589457534895156,0.2439400698524574,0.580165354798591
13932886,2745,D,A,0.15479432389253353,0.26226185600371127,0.5829438201037553
13932893,2747,D,A,0.26232424737754667,0.23488212336187322,0.50279362926058
13932937,2894,A,A,0.30283695573652514,0.2623258197040959,0.43483722455937895
13933021,2858,A,H,0.5997802448171573,0.2860664546327711,0.11415330055007161
13933022,2858,H,H,0.48560605039521204,0.29772425689924253,0.21666969270554542
13933054,2745,D,H,0.48769527536143814,0.26010915941263985,0.252195565225922
13933109,2748,A,A,0.15449023305538162,0.1607525459906263,0.6847572209539922
13933110,2894,A,A,0.3329590619997246,0.20746184661444508,0.4595790913858305
13933126,2858,A,A,0.2711744230055869,0.2653666275462554,0.4634589494481578
15063594,2745,H,H,0.708352089330792,0.17441969845734787,0.11722821221186029
15063622,2858,H,H,0.6238998913740699,0.230638061398332,0.14546204722759815
15063623,2748,A,A,0.12135036114757866,0.24125154581155817,0.6373980930408631
15120368,2747,H,A,0.34038041209833264,0.20867367378852275,0.4509459141131447
15120617,2858,D,A,0.09979618156776339,0.21564937428359535,0.6845544441486412
15120791,2894,H,H,0.7159743785032899,0.15422500537183018,0.12980061612487986
15121065,2745,H,H,0.6122648548817897,0.25786847834547777,0.12986666677273243
15121066,2745,H,H,0.6079817901126812,0.21840747320929177,0.17361073667802704
15121067,2745,H,H,0.4954643500875379,0.22954031925420412,0.274995330658258
15121068,2745,H,A,0.2592273169949135,0.2706301112957862,0.4701425717093003
15121070,2745,H,H,0.35911262756932444,0.29857650467390995,0.34231086775676556
15121612,2747,D,A,0.11421824207932338,0.26984898564612075,0.6159327722745558
15121618,2747,A,A,0.3431796174871675,0.2660228366563786,0.3907975458564539
15121621,2747,A,A,0.35199223656470346,0.26962572852954053,0.378382034905756
15121629,2747,D,H,0.45302294530055803,0.1999356975140749,0.34704135718536716
15121636,2747,A,H,0.39242410574423925,0.2703179767922116,0.3372579174635492
15121796,2858,A,H,0.45582192151341616,0.3557430676820952,0.18843501080448877
15121845,2748,A,A,0.23910035065560362,0.23989536077813112,0.5210042885662651
15122013,2894,A,H,0.49787979942234584,0.22157365512905072,0.2805465454486034
15122144,2858,A,A,0.23325235132094102,0.2874464015099762,0.4793012471690829
15122148,2745,H,A,0.3339845339291565,0.2768203653289775,0.389195100741866
15122156,2747,H,H,0.4556139680215229,0.23973901677420137,0.30464701520427573
15122358,2894,A,A,0.2370449463363023,0.25291755891509826,0.5100374947485994
15122361,2858,A,A,0.13036090263030417,0.1948483749537104,0.6747907224159855
15122362,2748,H,H,0.8946825358999416,0.06977162722836952,0.0355458368716889
15350692,2894,H,H,0.6429070407966659,0.2079293408860851,0.14916361831724895
15350724,2748,H,H,0.40495509063790686,0.30418901865340886,0.2908558907086844
15350991,2858,D,A,0.25272275378399256,0.2694790771832297,0.47779816903277766
15351117,2748,A,A,0.34985042942698125,0.2636598965494507,0.3864896740235681
15351120,2748,D,H,0.3880288369895325,0.3421441510896369,0.2698270119208306
15351132,2748,H,A,0.284646357629121,0.2646787815314324,0.45067486083944647
15351135,2748,D,H,0.464264155854737,0.3122645177921941,0.22347132635306882
15351154,2894,D,H,0.5255430408942965,0.27844487637922527,0.19601208272647822
15351158,2894,A,H,0.42415549407766384,0.317611345803896,0.2582331601184401
15351160,2894,H,A,0.33090148247363227,0.27781611352774815,0.3912824039986195
15351443,2747,H,H,0.7474269310020552,0.15897056198997733,0.0936025070079675
15351614,2745,D,A,0.36093037247213927,0.2633915040149421,0.3756781235129186
15351765,2858,H,A,0.235872980575025,0.2970598130077209,0.4670672064172542
15351870,2748,H,H,0.5163019520390861,0.2646926153119306,0.2190054326489832
15351885,2745,A,H,0.48290331241665607,0.27825565840898403,0.23884102917435993
15351905,2747,D,H,0.4717826517000081,0.2627564942895881,0.2654608540104039
15351921,2894,H,H,0.5298123327495531,0.21302818385892244,0.25715948339152445
15351960,2858,A,H,0.42688351839683525,0.2808179177514711,0.2922985638516936
15352015,2748,H,H,0.46214815363218015,0.2044056414049171,0.3334462049629028
15352016,2894,H,H,0.5233188955170139,0.252073282882373,0.22460782160061302
15352017,2858,D,H,0.6405230418888463,0.22408963926134873,0.13538731884980496
15524228,2894,A,A,0.19676489893342677,0.2647187973118466,0.5385163037547266
15524238,2858,H,H,0.6091837762035082,0.2850269169213711,0.1057893068751208
15524240,2747,H,H,0.4608758881624899,0.289199415025447,0.2499246968120631
15686712,2745,A,H,0.469706516186334,0.24228197180369124,0.28801151200997466
15686744,2858,A,A,0.36238163132752627,0.2544683431482046,0.38315002552426913
15686747,2748,D,H,0.5491952860460595,0.2266805055385119,0.22412420841542863
15763206,2858,H,A,0.34099626751994166,0.30035643444938376,0.35864729803067463
15763619,2894,A,H,0.40018208229677876,0.2396430497825967,0.36017486792062453
15763941,2745,H,H,0.43732399548895046,0.30463988474507253,0.25803611976597707
15763942,2745,D,A,0.3428442038311574,0.2873884362811271,0.36976735988771553
15763947,2745,H,A,0.18028722464547403,0.3071888473550126,0.5125239279995134
15763949,2745,D,H,0.4856504865779154,0.28623155394928823,0.22811795947279645
15764452,2747,H,A,0.2499798442915643,0.34775513325881424,0.4022650224496216
15764454,2747,H,H,0.5564511912525621,0.2406587418092228,0.2028900669382151
15764459,2747,H,H,0.8129106090962658,0.12424045443450198,0.06284893646923218
15764460,2747,H,H,0.39816202934612493,0.23998780574882692,0.36185016490504823
15764605,2858,H,H,0.5765781869902363,0.235811933665094,0.1876098793446697
15764687,2748,A,H,0.8012903720691816,0.12907283512087675,0.06963679280994156
15764795,2894,H,H,0.4680818069748349,0.225789682748434,0.3061285102767311
15764862,2858,D,A,0.15189791227214564,0.23820380751967873,0.6098982802081757
15764864,2745,D,A,0.19342234691635166,0.19439067476796576,0.6121869783156826
15764877,2747,A,A,0.31806927777679744,0.21001245350300268,0.47191826872019976
15765048,2894,D,H,0.4996304858501153,0.28001945439973636,0.22035005975014826
15765051,2858,A,A,0.12141771158731739,0.27907124512332676,0.5995110432893559
15765061,2748,D,A,0.0680659633319367,0.1729277282489819,0.7590063084190813
16082627,2894,D,H,0.39803980598450656,0.2754162299224027,0.32654396409309083
16082693,2748,A,H,0.4167458251861505,0.27417103081003014,0.30908314400381925
16082786,2858,D,A,0.2035037931730698,0.2842186647133826,0.5122775421135476
16083175,2894,H,H,0.42970028011177613,0.3017540199895545,0.2685456998986694
16083181,2894,H,H,0.43492807517108545,0.32498252775211794,0.2400893970767965
16083187,2894,D,H,0.48666172541813546,0.22860602971986552,0.28473224486199894
16083317,2748,A,A,0.3143819271615397,0.3316849682553279,0.35393310458313243
16083319,2748,H,H,0.5489216453557331,0.2600573890183711,0.19102096562589577
16083320,2748,H,A,0.33956801104466505,0.2867666290171047,0.37366535993823013
16083328,2748,A,A,0.21240926729292303,0.2960791652413569,0.4915115674657201
16083456,2747,H,A,0.326669950419611,0.26433530357328006,0.408994746007109
16083473,2747,H,A,0.3629722983978698,0.26368878437244364,0.3733389172296865
16083611,2745,H,H,0.4302005809022118,0.25438836139113435,0.3154110577066538
16083763,2858,D,A,0.2504912794860306,0.36477287180646367,0.3847358487075057
16083885,2748,H,H,0.5963474266319856,0.23839803883707045,0.16525453453094394
16083892,2745,D,A,0.3238338375604221,0.279634116587066,0.3965320458525119
16083914,2747,H,H,0.4221361388094472,0.18381439037582822,0.3940494708147246
16083928,2894,A,A,0.10640985247409389,0.2189537185886998,0.6746364289372063
16083971,2858,H,A,0.3033656206076689,0.24551682383047468,0.45111755556185656
16083997,2745,A,A,0.21984712351060884,0.23434083277673898,0.5458120437126521
16084028,2747,A,H,0.45467273016689025,0.27753171182879016,0.2677955580043196
16084063,2894,H,H,0.4772865196410757,0.2643411548966893,0.2583723254622349
16084064,2748,H,A,0.2729580406430072,0.2626861880352373,0.4643557713217556
16084065,2858,H,H,0.7621787509556338,0.17291773970344637,0.06490350934091986
16326603,2894,A,A,0.22309284374883492,0.2041159112583628,0.5727912449928023
16326615,2858,D,A,0.20926429010191142,0.32970780024409396,0.4610279096539945
16326618,2747,D,A,0.20985729559236543,0.30871053836855034,0.4814321660390841
16501803,2745,A,A,0.23408263349255792,0.2794828392436643,0.4864345272637778
16501827,2858,D,H,0.495508699938127,0.3161240099879902,0.1883672900738828
16501828,2748,A,A,0.3025741089680515,0.29737580752381365,0.40005008350813487
16501830,2747,H,A,0.29606042330821547,0.23786453191595713,0.4660750447758274
16575261,2747,D,A,0.3268717865710681,0.276650595543623,0.396477617885309
16575301,2858,D,H,0.5366445864496058,0.3143585374351044,0.1489968761152898
16575759,2894,H,H,0.4108897880920471,0.30602284123944856,0.2830873706685043
16576063,2745,H,H,0.5179860502383486,0.26012936043022933,0.22188458933142202
16576064,2745,D,A,0.24755660119048523,0.27639627226607444,0.4760471265434404
16576065,2745,H,H,0.5491324016285978,0.2933437905257811,0.15752380784562114
16576066,2745,A,H,0.6412782352591813,0.21754208757080637,0.1411796771700123
16576537,2747,D,H,0.45397530151244603,0.32814881862741363,0.21787587986014045
16576546,2747,H,H,0.4610333334151186,0.2925980062582187,0.2463686603266627
16576643,2858,D,H,0.6897839167740728,0.22701420442597875,0.08320187879994843
16576722,2748,D,H,0.5613207867503726,0.269570638765582,0.16910857448404543
16576869,2894,A,A,0.29963992493226044,0.2460188315741375,0.454341243493602
16576965,2858,A,H,0.4683603683807718,0.30016494613504113,0.2314746854841871
16576967,2745,H,H,0.47805391495252836,0.2877226123022914,0.2342234727451802
16576981,2747,H,H,0.6515153979282542,0.1901509940609966,0.15833360801074917
16577191,2894,H,H,0.5500882725096862,0.22145724523170496,0.22845448225860893
16577196,2858,A,H,0.48466445590628854,0.23782152426928435,0.277514019824427
16577210,2748,H,H,0.5646606429384281,0.20435582020951723,0.23098353685205458
16875652,2894,H,H,0.5178462033410343,0.2537139832324202,0.2284398134265455
16875737,2748,H,H,0.5463207336313204,0.29640932109105594,0.15726994527762372
16875831,2858,A,A,0.3010490221121356,0.313586327219071,0.38536465066879333
16876316,2894,D,H,0.5066991607883153,0.21219662322299518,0.28110421598868957
16876321,2894,D,H,0.3934053316488784,0.3583922782475263,0.24820239010359524
16876434,2748,D,A,0.3176809682260763,0.3013833124555791,0.38093571931834475
16876441,2748,H,H,0.378735164958174,0.3161515450287096,0.30511329001311643
16876448,2748,H,H,0.4751342446864386,0.20754509547018155,0.31732065984337987
16876453,2748,D,H,0.5557602123452717,0.2591226229432522,0.1851171647114761
16876570,2747,A,A,0.3020003565028652,0.24903284670172174,0.4489667967954132
16876582,2747,A,A,0.18050592463908183,0.19280663739298737,0.6266874379679309
16876591,2747,D,A,0.21918081241063614,0.254063220036725,0.5267559675526389
16876593,2747,D,A,0.35181479717695496,0.2580063965491026,0.3901788062739424
16876702,2745,H,H,0.48349426381267224,0.29770366590423014,0.21880207028309773
16876854,2858,H,A,0.3385171012692481,0.24444252449056306,0.4170403742401888
16876953,2748,D,H,0.5265999404730861,0.256806284574142,0.21659377495277185
16876961,2745,H,H,0.6195915118297343,0.18810180734675294,0.19230668082351282
16876975,2747,H,A,0.15349627303853686,0.15980060933555434,0.6867031176259087
16876986,2894,H,H,0.7337117443256508,0.171461088087221,0.09482716758712828
16877007,2858,H,H,0.45473334994608566,0.34425063101568476,0.20101601903822952
16877054,2745,H,H,0.6573077223279494,0.17855600850498496,0.16413626916706558
16877106,2894,A,A,0.1767939002349967,0.24365037887185143,0.579555720893152
16877107,2748,H,H,0.6398531186189177,0.14570503334618976,0.2144418480348925
16877109,2858,H,H,0.6178416188020823,0.21641848853340429,0.16573989266451336
17122689,2894,A,A,0.17891280802125506,0.2731926930114961,0.5478944989672488
17122722,2894,D,H,0.4189457452903217,0.26525193326830315,0.31580232144137516
17122730,2858,H,H,0.5689003911667186,0.21932923925144399,0.2117703695818374
17154654,2858,D,A,0.24706902213564863,0.2862692588544583,0.46666171900989317
17154683,2858,D,A,0.19537011192805773,0.2647571825597844,0.5398727055121579
17154703,2747,D,H,0.6539524141940484,0.20750509650673732,0.1385424892992143
17154774,2858,D,H,0.5947450480000546,0.24094192049747112,0.16431303150247434
17154789,2747,H,H,0.5592232875572511,0.2422576092129165,0.19851910322983227
17154829,2747,A,H,0.4201233072610974,0.17730744534341075,0.40256924739549177
17201865,2858,D,A,0.1614705201126862,0.28994280065031347,0.5485866792370002
17201866,2858,H,H,0.3977590358994883,0.3135436215367318,0.28869734256377994
17201906,2858,H,H,0.4986665756139195,0.2817798754968627,0.21955354888921788
17201926,2747,A,H,0.35700183961482934,0.3144163155633736,0.3285818448217971
17201927,2747,D,A,0.3430041453258766,0.2505315511076397,0.40646430356648383
17201929,2747,H,H,0.5932769671730976,0.22129108517242896,0.18543194765447338
17201930,2747,H,H,0.6625610637430751,0.17466841561135046,0.16277052064557437
17201965,2858,A,A,0.08223620087820331,0.2389326336226224,0.6788311654991742
17201981,2747,H,A,0.19305201716612466,0.23550135346524148,0.571446629368634
17260012,2858,H,H,0.3548596103880033,0.3083322049577266,0.33680818465427015
17260029,2858,H,H,0.43967971433523045,0.29461337732965887,0.2657069083351108
17260034,2747,H,H,0.4228543762393194,0.2942756991967719,0.2828699245639088
17260043,2858,H,H,0.5649813986244306,0.19003979138533425,0.2449788099902352
17260050,2747,H,A,0.2879615024903785,0.272677069756485,0.43936142775313647
17285604,2745,H,A,0.33145675072444597,0.29631784103405584,0.37222540824149825
17285623,2894,H,H,0.5364965209101189,0.2440135385983945,0.21948994049148662
17285642,2748,A,A,0.07791880706265678,0.18313122879594754,0.7389499641413957
17356967,2747,H,A,0.11345117734524199,0.22815515307824255,0.6583936695765154
17357018,2858,H,H,0.5334932667478058,0.31237792901680056,0.15412880423539363
17357451,2894,H,H,0.45546661607202016,0.3075217649362434,0.2370116189917365
17357672,2745,H,H,0.4583707635114012,0.260280666081438,0.28134857040716077
17357673,2745,D,H,0.4023713723099157,0.33685529876048287,0.26077332892960137
17357674,2745,H,H,0.37278827615664384,0.2655977873329748,0.3616139365103815
17357675,2745,A,A,0.2097616362380024,0.1827041545821253,0.6075342091798724
17357677,2745,D,A,0.3289009703262166,0.2994208675381484,0.371678162135635
17357951,2747,H,A,0.34763614008193533,0.27219540506907586,0.3801684548489887
17357956,2747,H,H,0.7503802963395644,0.1259900032554113,0.12362970040502436
17358202,2858,H,A,0.3047527452612001,0.32910797189511154,0.36613928284368846
17358297,2748,A,A,0.3793509927045409,0.22310990060712554,0.39753910668833364
17358415,2894,H,H,0.6618163848870703,0.21157862523384754,0.1266049898790822
17358510,2858,A,H,0.5777350174975814,0.24453342297422784,0.17773155952819075
17358513,2745,A,H,0.38917709112396265,0.2796986431307297,0.3311242657453076
17358519,2747,D,H,0.47793097615358926,0.24040657672632995,0.2816624471200808
17358679,2894,A,A,0.2628106444549165,0.2674646391821106,0.46972471636297286
17358683,2858,H,H,0.7403836279365086,0.17859150326134124,0.08102486880215011
17358691,2748,A,H,0.4150552793151803,0.23389606581355366,0.35104865487126596
17660492,2894,A,H,0.6127180829130068,0.19920035863016786,0.1880815584568254
17660615,2748,A,A,0.13829197255769876,0.2474641009920392,0.614243926450262
17660724,2858,D,H,0.5832680722472555,0.2943329460246887,0.12239898172805572
17661185,2894,H,H,0.3550446076468336,0.30948089892185937,0.33547449343130703
17661240,2747,H,A,0.2586880426330573,0.27048885771124714,0.47082309965569563
17661249,2747,A,A,0.3416330386190157,0.2607812355308444,0.3975857258501398
17661258,2747,D,A,0.13362795352944953,0.1840900976252636,0.6822819488452868
17661269,2747,A,A,0.3207997650732847,0.298492440612211,0.38070779431450424
17661314,2748,A,H,0.5792562450626797,0.24476991623320363,0.17597383870411662
17661320,2748,H,H,0.47890069079575603,0.2862248009571806,0.23487450824706343
17661322,2748,D,H,0.4916900680181586,0.2872436358875373,0.221066296094304
17661324,2748,D,A,0.2888432149692887,0.29058896762143116,0.4205678174092801
17661551,2745,H,A,0.11232206454530579,0.25280448999904215,0.634873445455652
17661696,2858,A,H,0.41613918559358504,0.24758210137721537,0.33627871302919954
17661817,2748,D,H,0.4160949469966057,0.28336108150610256,0.3005439714972916
17661825,2745,H,H,0.5419775912180549,0.2928219866500967,0.1652004221318484
17661831,2747,A,H,0.4145320821603196,0.24383563839402295,0.3416322794456575
17661851,2894,A,A,0.3186341220526642,0.20803487830919426,0.47333099963814146
17661879,2858,D,A,0.3470687986446564,0.28416316986250006,0.36876803149284354
17661880,2858,H,H,0.6102709404980123,0.22927492571625968,0.16045413378572804
17661953,2894,A,A,0.22702449868224134,0.2385781363481498,0.5343973649696089
17661954,2748,H,H,0.3968669242518693,0.27593976784867713,0.3271933078994536
17661955,2858,H,H,0.5921978960743616,0.18283878826952954,0.22496331565610894
17910566,2894,A,H,0.412017510753363,0.32259248776216665,0.26539000148447023
17910619,2894,H,H,0.5338721230022213,0.25091516446589884,0.21521271253187996
17910630,2858,D,H,0.41873533377080413,0.32215366891617986,0.259110997313016
17910632,2747,H,H,0.5123170733685806,0.2662862485028752,0.22139667812854433
18103949,2745,H,H,0.5117664571744927,0.25901236024311525,0.22922118258239207
18103980,2858,D,H,0.44312625884413265,0.296326208524384,0.2605475326314832
18103984,2748,H,H,0.6137233815728429,0.20497776696019276,0.18129885146696437
18170805,2747,A,A,0.1249272319971453,0.1625104535965273,0.7125623144063273
18170862,2858,H,H,0.38875675695960965,0.33629928415538274,0.2749439588850076
18171359,2894,H,H,0.6089127045400576,0.2121211754745316,0.17896611998541082
18171575,2745,H,H,0.7357532393516525,0.14966213844278822,0.1145846222055592
18171576,2745,H,H,0.5239450503474076,0.2854634285689129,0.1905915210836796
18171579,2745,H,H,0.5162336079745421,0.328980376863597,0.15478601516186086
18171581,2745,H,H,0.3532879113583035,0.31806392993394106,0.32864815870775543
18172050,2747,A,A,0.16056505515005023,0.23279292626152723,0.6066420185884225
18172054,2747,D,H,0.5663626311269263,0.25256916277304303,0.18106820610003063
18172057,2747,H,A,0.34554540994080063,0.24375220585368831,0.41070238420551103
18172059,2747,H,H,0.44878241565158866,0.26757852592995657,0.2836390584184548
18172066,2747,H,H,0.5937159766987405,0.21818501778739807,0.18809900551386136
18172152,2858,H,A,0.1414880698731743,0.3220139354564898,0.5364979946703359
18172242,2748,H,H,0.7354325158906131,0.15868306015359077,0.10588442395579613
18172357,2894,A,A,0.22867296134807488,0.24758539768443732,0.5237416409674878
18172416,2745,A,H,0.5154062930798128,0.22041866165618237,0.26417504526400476
18172417,2858,A,A,0.3131229723779793,0.3083571927764899,0.3785198348455308
18172432,2747,D,H,0.45307733439207637,0.2428559780147449,0.3040666875931788
18172574,2894,H,H,0.6511949052961448,0.22296516522847395,0.12583992947538125
18172576,2747,A,H,0.6345857820524277,0.18432599488634577,0.18108822306122657
18172578,2858,A,A,0.17576937004238882,0.1983761799005394,0.6258544500570719
18172585,2748,D,A,0.1580680075111107,0.21142779006266507,0.6305042024262243
18458989,2894,A,A,0.22687006461849837,0.27349016905692414,0.4996397663245775
18459078,2748,H,H,0.41299826398374107,0.32287612260535986,0.2641256134108991
18459199,2858,H,H,0.46012927440080265,0.29060499516044475,0.24926573043875272
18459617,2894,D,A,0.12853172820055248,0.2441128051160785,0.627355466683369
18459620,2894,A,A,0.33490096684844184,0.3175618528393522,0.347537180312206
18459681,2748,H,H,0.6448539646123675,0.23051102746012678,0.12463500792750576
18459684,2748,D,A,0.35320065224397823,0.29212674997692023,0.3546725977791016
18459693,2748,D,A,0.29985326814156726,0.3431102043978724,0.3570365274605603
18459697,2748,H,H,0.5974757799357219,0.20814924378630248,0.19437497627797568
18459732,2747,H,H,0.7636338754664386,0.16480795310152815,0.07155817143203332
18459810,2745,H,H,0.5817484157576268,0.21499621724537143,0.20325536699700178
18459932,2858,D,H,0.7425963332230041,0.16252790834632763,0.09487575843066827
18460051,2748,A,H,0.588291894933742,0.22341615579774377,0.18829194926851425
18460054,2747,H,H,0.43107826774753477,0.25580713251343506,0.3131145997390302
18460060,2745,A,A,0.23012258173909525,0.30907908949549856,0.46079832876540633
18460087,2894,A,H,0.6893960194961293,0.18884451614460906,0.12175946435926172
18460099,2858,H,H,0.4719981695605674,0.24502863141976686,0.28297319901966583
18460122,2745,D,A,0.263535966480509,0.28485165676762997,0.45161237675186106
18460136,2894,H,A,0.19131979163776383,0.22790074067069316,0.5807794676915431
18460137,2748,H,H,0.42249548145958504,0.26246474240158424,0.3150397761388306
18460158,2858,A,H,0.38859514072259216,0.2603428799362531,0.3510619793411548
18707042,2894,A,A,0.25386471736036903,0.26130820330206117,0.48482707933756986
18707071,2894,A,H,0.3627164013479413,0.29861145123172705,0.3386721474203317
18707078,2858,A,A,0.26201568692495614,0.36413827377041325,0.3738460393046307
18855601,2745,H,H,0.4688425452636117,0.30308596530721416,0.22807148942917418
18855621,2894,D,H,0.636847458638972,0.1937864333675168,0.16936610799351118
18855632,2858,H,A,0.2711833368777181,0.2837667802628686,0.4450498828594132
18855635,2748,D,H,0.5112732910766669,0.2791612871090235,0.2095654218143097
18918084,2858,D,H,0.54108838892304,0.30439730935968173,0.15451430171727823
18918557,2894,H,A,0.34070437813403265,0.28226980241116867,0.37702581945479874
18918558,2894,D,H,0.5507625523147425,0.2730603688391876,0.1761770788460699
18918674,2745,H,H,0.6817084122616727,0.2370429492328817,0.08124863850544556
18918678,2745,A,H,0.40990194186288276,0.3027051624620835,0.28739289567503373
18918679,2745,A,H,0.44062024586737003,0.2478461172466907,0.31153363688593927
18918680,2745,A,A,0.23633830980700654,0.26966179722182076,0.49399989297117264
18918682,2745,A,A,0.1111740448445796,0.18193906345847713,0.7068868916969432
18919118,2747,H,H,0.5136082264307382,0.26320777417100866,0.22318399939825306
18919121,2747,H,H,0.740586398607765,0.14977968054267427,0.10963392084956089
18919124,2747,D,A,0.23266720301196786,0.3252824432577093,0.4420503537303229
18919132,2747,A,A,0.18021186810641712,0.2324314130893655,0.5873567188042175
18919193,2858,H,H,0.5803833324644868,0.2820591164898719,0.13755755104564127
18919289,2748,H,A,0.32489222020946945,0.3180701650096587,0.35703761478087187
18919401,2894,A,A,0.261117783432707,0.22047282332892543,0.5184093932383675
18919475,2858,A,A,0.30091418319597474,0.3032519592596041,0.39583385754442124
18919478,2745,H,H,0.6941737512367493,0.20368407089834228,0.10214217786490849
18919492,2747,A,H,0.40711278311288485,0.24535093234032967,0.3475362845467855
18919642,2894,H,H,0.695063262874862,0.19488522445441325,0.1100515126707248
18919648,2858,H,H,0.8013505951118286,0.13232079261752105,0.06632861227065046
18919649,2748,A,A,0.1309364770598871,0.2381098757346917,0.6309536472054214
19213319,2894,H,H,0.39585619034112607,0.28078019291925926,0.3233636167396147
19213403,2748,A,A,0.19733054260100097,0.21682587065583442,0.5858435867431646
19213431,2747,A,A,0.19477147132780762,0.19993656352129083,0.6052919651509014
19213557,2858,D,H,0.551939120505247,0.27013096246958634,0.17792991702516672
19214042,2894,A,A,0.3033667495113066,0.2960401903607664,0.40059306012792695
19214044,2894,H,H,0.4658555095724163,0.2642040642568674,0.26994042617071623
19214118,2748,D,H,0.3771435916012266,0.2726672932478091,0.3501891151509642
19214123,2748,H,H,0.47081717200148987,0.3032743593154033,0.2259084686831069
19214128,2748,H,H,0.4301613766003725,0.28988100337311207,0.2799576200265155
19214132,2748,A,A,0.21775735032074534,0.2810002134900656,0.5012424361891891
19214201,2747,H,A,0.21919573529005157,0.2652650974570128,0.5155391672529356
19214205,2747,A,A,0.16613209333945306,0.22046526912409675,0.6134026375364503
19214209,2747,A,H,0.4327630607355729,0.25638986124151275,0.31084707802291434
19214256,2745,H,A,0.20332101923795776,0.25012743695213924,0.546551543809903
19214394,2858,D,H,0.4310732022831975,0.2587904318551432,0.3101363658616594
19214485,2748,D,A,0.29697039903523115,0.237191818146198,0.4658377828185709
19214489,2745,H,H,0.46738844331449925,0.3121169612859532,0.22049459539954763
19214501,2747,A,H,0.4429262411699972,0.21331720851667554,0.34375655031332736
19214513,2894,A,A,0.26603435837199274,0.2133480544833869,0.5206175871446204
19214529,2858,A,H,0.5070477415617347,0.25853799311701336,0.23441426532125192
19214587,2894,H,H,0.4442467379497168,0.2432643119754519,0.3124889500748314
19214588,2748,H,H,0.4716271624177487,0.2274871432504089,0.30088569433184237
19214618,2858,D,H,0.5938524591578057,0.25028614351378925,0.15586139732840504
19446653,2858,H,A,0.22206241618291442,0.2519308200415666,0.526006763775519
19479060,2745,H,A,0.37065191394911173,0.2481036780959562,0.38124440795493203
19479061,2894,H,H,0.7236032933861737,0.18667755682818168,0.08971914978564459
19479062,2894,D,A,0.15576614659705607,0.22668551640435036,0.6175483369985936
19479070,2858,A,A,0.22892924808961318,0.3621003691987764,0.4089703827116104
19479083,2858,H,H,0.5629179908355213,0.2441797026566712,0.1929023065078075
19479092,2745,H,H,0.6616646464142005,0.21285148112350497,0.12548387246229462
19479093,2745,H,A,0.17649578184209216,0.3010720500491391,0.5224321681087687
19479094,2745,H,H,0.37929557967518096,0.29439279599408574,0.3263116243307333
19479136,2894,D,A,0.14216923566194972,0.2541793927050369,0.6036513716330133
19479181,2858,A,A,0.166603886890851,0.20020463883383668,0.6331914742753122
19517510,2745,A,H,0.35868264495775826,0.3140479469585365,0.32726940808370525
19517511,2894,H,A,0.24108195598252077,0.23134373433692887,0.5275743096805504
19517512,2894,D,A,0.3321430723701259,0.24701141824568584,0.42084550938418813
19517521,2858,H,H,0.3534372132324251,0.3443224772909797,0.30224030947659525
19517522,2858,A,A,0.3158848676566564,0.3089839483941949,0.37513118394914857
19517545,2858,A,H,0.41380567971178045,0.2833914238237483,0.30280289646447134
19517564,2745,H,H,0.44149009820273993,0.26185417688153095,0.2966557249157292
19517565,2745,D,H,0.5809246312259227,0.21447522285403306,0.20460014592004414
19517566,2745,H,H,0.5460693779070807,0.20932878514620942,0.24460183694670998
19517567,2745,H,A,0.30815346438298985,0.3136501052604771,0.378196430356533
19517585,2894,H,H,0.36043474833604217,0.3197661059478394,0.31979914571611845
19517586,2894,H,H,0.5232045189977237,0.2617748245709779,0.2150206564312985
19517587,2894,H,H,0.5574844808175882,0.2679549239507776,0.17456059523163422
19517602,2858,H,A,0.30308548289764137,0.28363430819457525,0.4132802089077834
19561604,2894,A,A,0.1572245190872612,0.23204604923136998,0.6107294316813687
19561606,2858,D,H,0.6195711077153419,0.2366968317356355,0.1437320605490226
19561616,2858,H,H,0.4466844254986119,0.24472086587754238,0.3085947086238456
19561623,2894,H,H,0.7181274404651763,0.1608304735565781,0.12104208597824552
19561626,2858,H,H,0.7287040305683978,0.20434340118981598,0.06695256824178618
19582601,2745,H,H,0.41367083569656976,0.24843011866655815,0.33789904563687206
19582609,2894,H,H,0.4144073166105772,0.3145183489429758,0.27107433444644713
19582616,2748,D,H,0.47999965457969695,0.25859312818954633,0.2614072172307568
19638345,2747,A,H,0.7850126953179254,0.13443992218627113,0.08054738249580358
19638927,2894,H,H,0.5617763517510843,0.20044042908829632,0.23778321916061929
19639036,2745,H,H,0.5086646287657761,0.29482941826137105,0.1965059529728528
19639037,2745,A,A,0.3631755886930317,0.27157793727475305,0.36524647403221533
19639039,2745,A,H,0.5464026999755586,0.3046651832338119,0.1489321167906295
19639040,2745,H,H,0.44887010167755603,0.2862004818121114,0.26492941651033264
19639041,2745,A,A,0.3317727340103322,0.28272922971339065,0.38549803627627705
19639279,2747,H,A,0.29226945353312495,0.251397929152029,0.45633261731484603
19639283,2747,H,H,0.7213023611992279,0.1632328172231963,0.11546482157757584
19639289,2747,H,A,0.24846406204760535,0.32121774630255157,0.43031819164984314
19639292,2747,H,H,0.582405316859108,0.22008210725806737,0.1975125758828246
19639293,2747,A,H,0.3889300655885083,0.23740894549439417,0.37366098891709754
19639584,2748,H,H,0.5760979431817369,0.2283322332771469,0.19556982354111616
19639689,2894,A,A,0.28915867180852495,0.2879712655442867,0.42287006264718846
19639751,2745,A,A,0.06833287848026023,0.156346021611395,0.7753210999083447
19639754,2747,H,H,0.5973529872969298,0.18029955710071108,0.22234745560235908
19639900,2894,H,A,0.34605383161303294,0.3025044925325771,0.35144167585439007
19639902,2747,A,A,0.08112914397446376,0.18129203848785488,0.7375788175376812
19639911,2748,H,H,0.6716839536608229,0.19472220864157833,0.13359383769759878
19926374,2894,A,A,0.3483941173875052,0.24280576687573852,0.4088001157367563
19926452,2748,H,H,0.7756052645347367,0.15989466982952688,0.06450006563573649
19927094,2894,A,H,0.38093103134433287,0.2848208570299018,0.33424811162576545
19927097,2894,H,H,0.3743852480750065,0.26887695444702175,0.3567377974779718
19927101,2894,D,H,0.4969929170953079,0.24610886619597436,0.2568982167087177
19927107,2747,A,H,0.5632975078524033,0.22550810630748566,0.21119438584011113
19927148,2748,D,H,0.43670094487884215,0.30019211043940025,0.26310694468175766
19927151,2748,H,H,0.6574150081965049,0.20375414119816931,0.13883085060532585
19927153,2748,D,H,0.38354493262286593,0.3161596116479984,0.30029545572913563
19927159,2748,H,A,0.25267111200266057,0.29535488948673827,0.45197399851060116
19927230,2745,D,A,0.24940688651233917,0.26540350446063193,0.4851896090270288
19927449,2748,D,A,0.17869576223716335,0.266294928518304,0.5550093092445326
19927454,2745,H,H,0.40542152363563305,0.27350826061167594,0.32107021575269107
19927458,2747,A,H,0.3865515780177905,0.25794575906320455,0.355502662919005
19927476,2894,H,H,0.6057978727480873,0.2171177087653812,0.17708441848653153
19927535,2894,H,A,0.35558235034381425,0.2192245645073588,0.42519308514882687
19927536,2748,A,H,0.42979350181845843,0.20189486113749694,0.3683116370440445
22945232,2747,D,A,0.27417832566660855,0.24073939925039534,0.4850822750829962
22945314,2747,A,H,0.36997545034504736,0.2695420191253962,0.36048253052955653
22945315,2747,A,H,0.5374238943731471,0.2269127540630609,0.23566335156379203
22945316,2747,A,A,0.2987847509957929,0.21567664160119152,0.48553860740301547
22945317,2747,A,A,0.2258987110942085,0.2644378083323238,0.5096634805734678
22945499,2747,A,A,0.21205089893265275,0.2539010232744898,0.5340480777928576
22945509,2747,H,H,0.7530250575612659,0.13251273328887336,0.11446220914986069
22964115,2747,H,H,0.5300227940122052,0.2113962375939805,0.2585809683938144
22964123,2747,H,H,0.6061878147914084,0.25327874650052185,0.14053343870806978
22994127,2748,H,H,0.4730301910927288,0.26946983143298914,0.25749997747428205
22994128,2748,D,H,0.4410082700102234,0.30055958458588466,0.2584321454038919
22994154,2748,A,A,0.13785370261140606,0.2375336463123397,0.6246126510762543
22994161,2748,A,A,0.2987043681580872,0.26884064744624875,0.4324549843956641
22994179,2747,A,A,0.09330586785663926,0.18579985234293112,0.7208942798004296
22994181,2748,H,H,0.7471679673857273,0.17430644201232004,0.07852559060195269
22994182,2748,A,A,0.2847441179652189,0.2955709885898585,0.4196848934449227
23041509,2748,A,H,0.5506157024023439,0.24057711505641818,0.20880718254123787
23041510,2858,D,H,0.3615302458560802,0.3081788639258681,0.3302908902180518
23041519,2748,H,A,0.1842229388576087,0.2548235667930288,0.5609534943493624
23041522,2858,D,A,0.3454899111617166,0.27005150474863604,0.38445858408964734
23041554,2748,D,A,0.2514257937937716,0.26196885650718826,0.48660534969904007
23041555,2748,H,H,0.5897694744117983,0.22585921587712476,0.184371309711077
23041558,2858,H,H,0.6994254490033609,0.20770861175893385,0.09286593923770536
23062425,2858,H,H,0.4040131495085453,0.29252512003936554,0.30346173045208913
23062438,2858,D,H,0.3430751287627145,0.33009968997441674,0.3268251812628687
23062439,2858,D,D,0.3217813858325172,0.3500433232607572,0.32817529090672565
23062449,2747,A,A,0.3501366780270096,0.2727877121193986,0.37707560985359184
23062466,2747,H,H,0.5165564429491365,0.23495101360088902,0.2484925434499745
23062479,2858,A,A,0.1541820781384418,0.23753572840313197,0.608282193458426
23096354,2747,A,A,0.1843822298394628,0.26249485610911755,0.5531229140514197
23096371,2858,D,H,0.7474362178680808,0.1676398278328703,0.08492395429904898
23096392,2747,A,A,0.3318970435392198,0.2795469427641967,0.38855601369658355
23096393,2747,H,H,0.6319492294015854,0.20987523731039437,0.15817553328802028
23096394,2747,D,H,0.7854452850597888,0.12814422044649823,0.08641049449371305
23096395,2747,D,H,0.7315673362560356,0.15629990638556557,0.11213275735839878
23096404,2858,H,H,0.5026615669447723,0.26194415795494225,0.23539427510028557
23096405,2858,H,A,0.33227289498262813,0.28056800105836127,0.3871591039590106
23096413,2747,A,A,0.20301158132690328,0.20051116240348024,0.5964772562696166
23121311,2747,A,H,0.576048532728241,0.23197434892058352,0.19197711835117548
23121312,2748,H,H,0.6384448492471316,0.22270569266847737,0.13884945808439106
23121313,2748,H,H,0.5281960874236358,0.2879744932798526,0.18382941929651175
23121314,2748,H,H,0.3646182838834332,0.30119110686528355,0.33419060925128313
23121315,2748,A,A,0.22426576861776562,0.23067914700608252,0.5450550843761518
23121362,2748,A,H,0.49058168444426953,0.2627387836362937,0.24667953191943673
23121363,2747,D,A,0.17484469511252942,0.2392056313777074,0.5859496735097633
23121367,2748,H,A,0.19944805422271839,0.2062674334489068,0.5942845123283749
23140978,2748,A,A,0.28792122693980005,0.3191150040893781,0.3929637689708219
23141205,2748,D,H,0.5003616576919377,0.2770469521663435,0.22259139014171875
23141213,2747,H,A,0.2558173320397168,0.2781484515458917,0.4660342164143914
23141214,2748,A,A,0.22906059169728832,0.24958346991427555,0.5213559383884361
23141218,2748,H,H,0.6121288724988143,0.20867374169042582,0.17919738581075992
23186307,2747,D,H,0.4591456564656117,0.1811056943783768,0.3597486491560115
23186308,2747,A,A,0.32228903008794646,0.25024825759020286,0.4274627123218507
23186309,2747,A,H,0.40847713199541497,0.21730736518313648,0.3742155028214486
23186329,2747,H,H,0.6179117434695487,0.21042583273374138,0.17166242379670996
23202737,2894,A,A,0.20570847957524405,0.2541234730110188,0.5401680474137373
23202738,2894,A,H,0.5873597087619341,0.2504468203963973,0.16219347084166869
23202779,2894,D,A,0.25772373978046953,0.23704940887134462,0.5052268513481859
23202780,2894,D,H,0.578500621028517,0.24338944864602077,0.1781099303254622
23202808,2894,H,H,0.5049446851977026,0.2655202032554336,0.22953511154686376
23202809,2894,H,A,0.2339066896120978,0.23074791275310028,0.5353453976348019
23202827,2894,A,A,0.17352613163766017,0.2404123864359654,0.5860614819263744
23202828,2894,D,H,0.4012888848559855,0.2597520181576862,0.33895909698632826
23202846,2747,A,H,0.389815668678664,0.33244116860302286,0.2777431627183132
23202848,2747,D,H,0.4020760980086748,0.24931686471278977,0.3486070372785355
23202849,2894,H,A,0.2456695118443354,0.22943535319518812,0.5248951349604765
23202850,2894,D,H,0.5864886737791869,0.23122077937021393,0.18229054685059914
23202860,2747,D,H,0.5173088410679559,0.2517547082665365,0.23093645066550755
23202861,2747,A,A,0.3151426509219326,0.2507861316395779,0.43407121743848937
23219613,2747,A,A,0.1574400364232381,0.1834630830774153,0.6590968804993467
23238401,2858,A,D,0.3270532174160328,0.34701661431926445,0.3259301682647026
23238452,2858,A,H,0.628527663813118,0.24516850490340386,0.12630383128347825
23262462,2894,H,H,0.47966490515439825,0.2516584829072547,0.268676611938347
23262961,2858,H,A,0.21991991034786504,0.25978166894299426,0.5202984207091407
23263042,2894,H,H,0.522812901646037,0.21464239189165044,0.2625447064623126
23263084,2858,H,H,0.4766592911208843,0.294532763344999,0.22880794553411687
23263172,2894,D,A,0.26272615155999174,0.22203486416948703,0.5152389842705213
23263176,2858,D,H,0.3742830725774232,0.34771923165816826,0.2779976957644085
23284520,2894,D,A,0.3435711110907757,0.30262660001575126,0.35380228889347304
23284580,2858,A,A,0.31876356119884186,0.2715157123942306,0.40972072640692747
23284798,2894,D,H,0.6540540878889777,0.1877116470571501,0.1582342650538722
23284799,2894,D,A,0.3220123607119051,0.30590758202139223,0.37208005726670274
23284951,2858,A,H,0.4313307637303038,0.28351499227511523,0.285154243994581
23285038,2894,A,A,0.07767745404134417,0.16896996482576476,0.753352581132891
23285058,2858,H,H,0.3523450639104771,0.3341072718564907,0.31354766423303226
23285086,2894,D,H,0.5468536627436666,0.21085268295532728,0.24229365430100605
23285089,2858,A,A,0.23399683350270187,0.23621398244067504,0.5297891840566231
23301295,2894,H,H,0.4002650174704159,0.308528039664518,0.29120694286506615
23301309,2894,A,A,0.291500763053801,0.2499969127124869,0.4585023242337121
23301313,2858,D,H,0.5684656176516919,0.24541116896719886,0.18612321338110926
23354474,2748,A,A,0.30957849844403723,0.31162911935401655,0.3787923822019462
23354475,2748,A,A,0.3172775016206092,0.3182323862338978,0.36449011214549293
23354476,2748,H,A,0.2237732481993465,0.2384563984976874,0.5377703533029661
23354477,2748,D,A,0.33288742978832886,0.27644912265254895,0.39066344755912225
23354478,2748,D,A,0.2106780841509723,0.2555006325369247,0.533821283312103
23354510,2748,D,A,0.31843563288086074,0.26132715521190275,0.4202372119072364
23354511,2748,H,H,0.4132546926234677,0.28538998256908293,0.3013553248074494
23354512,2748,H,H,0.77515535069138,0.15796756255518393,0.06687708675343598
23354513,2748,D,A,0.17323180816315495,0.2507212590923525,0.5760469327444926
23354514,2748,A,A,0.25987771082502076,0.266262772952834,0.47385951622214517
23392533,2894,H,H,0.534069668813548,0.18850981301721273,0.27742051816923935
23392538,2747,H,H,0.4118352241546342,0.2716014243027129,0.3165633515426528
23392539,2858,D,A,0.31129144638682116,0.3021331991400746,0.3865753544731043
23425499,2747,H,A,0.20471825328387144,0.20059457347858664,0.594687173237542
23425524,2858,A,A,0.29386453472436663,0.29426736222011046,0.41186810305552296
23425689,2894,A,A,0.28388102459939707,0.2852572006159757,0.4308617747846273
23425788,2747,H,A,0.33061725829550426,0.26587411695740176,0.4035086247470941
23425789,2747,A,H,0.44712661175498036,0.26285249543041667,0.29002089281460286
23425790,2747,H,A,0.24863227324600004,0.2767084521529356,0.4746592746010644
23425791,2747,H,A,0.3510542276553949,0.25411160371320995,0.3948341686313951
23426208,2858,H,H,0.47516758283985117,0.31052716028674576,0.21430525687340302
23426240,2748,H,H,0.6921444401680555,0.211926319855005,0.09592923997693946
23426306,2894,D,A,0.22277899233822732,0.2596847113830321,0.5175362962787405
23426383,2747,H,H,0.5668901871013908,0.257988019526271,0.17512179337233824
23426384,2858,H,H,0.4378350753084112,0.3003590842397273,0.2618058404518615
23426411,2748,H,H,0.5208471951478189,0.24240958312807448,0.2367432217241067
23426517,2894,H,H,0.7028889677861967,0.18767651067593574,0.10943452153786756
23426520,2748,A,H,0.5464477171517551,0.24522586138543748,0.20832642146280736
23426521,2858,H,H,0.43144502993902745,0.2683862454075832,0.3001687246533894
23556888,2894,A,A,0.2391270443315654,0.23247122609054585,0.5284017295778888
23556901,2748,H,H,0.5236130298747219,0.2634555834089023,0.2129313867163758
23556944,2858,A,H,0.3985373184506978,0.31153454950254644,0.28992813204675577
23557256,2747,H,H,0.47342412335797646,0.24539845401653704,0.2811774226254865
23557257,2747,H,H,0.579601360765843,0.19302324920350475,0.22737539003065227
23557258,2748,A,A,0.2730998259363447,0.28213481471683566,0.44476535934681966
23557259,2748,A,D,0.32695993677853485,0.3385388102033985,0.33450125301806666
23557260,2748,D,A,0.357956410434707,0.26684321913962256,0.3752003704256705
23557261,2748,D,H,0.5002640602725003,0.2736501067501856,0.22608583297731405
23557262,2894,A,H,0.5065969713710978,0.2785324718018463,0.2148705568270558
23557263,2894,A,H,0.49055557626876095,0.2704099732624011,0.23903445046883787
23557435,2858,D,A,0.3058631003881877,0.254108368904019,0.4400285307077932
23557500,2748,H,H,0.6436814065075938,0.2107239495765642,0.145594643915842
23557501,2747,A,A,0.223029054924079,0.21948375161431874,0.5574871934616022
23557511,2894,H,H,0.4961212398119101,0.24996877577990836,0.2539099844081816
23557572,2748,H,A,0.2574344329427988,0.1970635368825406,0.5455020301746607
23557573,2894,H,H,0.4871993923360421,0.2558746055205356,0.25692600214342226
23678602,2894,H,H,0.5483759720759751,0.27210604376389647,0.1795179841601285
23678611,2858,D,H,0.5020710404664631,0.30659196747516987,0.19133699205836702
23758757,2745,D,A,0.2046018426147601,0.20030654828716077,0.5950916090980791
23758777,2858,H,H,0.491704643464095,0.30046793960974655,0.20782741692615855
23759165,2747,D,H,0.4720174828015789,0.25775081750744466,0.27023169969097643
23759216,2858,A,H,0.37951611984220657,0.2871625592445393,0.33332132091325417
23759433,2894,H,A,0.3385493941975247,0.2946237622180214,0.3668268435844539
23759482,2745,H,H,0.40422908643601546,0.27758408252645045,0.318186831037534
23759483,2745,H,H,0.7220623947123234,0.18631309469875407,0.09162451058892267
23759484,2745,H,H,0.45678420671132364,0.25434920000120287,0.28886659328747355
23759485,2745,H,A,0.30219175300463547,0.3112900543925851,0.38651819260277936
23759486,2745,D,H,0.41326203862768957,0.2845753116467477,0.30216264972556267
23759739,2747,D,H,0.385701077478389,0.30356466207970634,0.3107342604419047
23759754,2747,D,A,0.29424844959111773,0.21202098503568362,0.4937305653731986
23759765,2747,A,A,0.30027512100002746,0.2813744606097656,0.41835041839020687
23759768,2747,H,H,0.4253516017242911,0.2498258142288835,0.32482258404682546
23760007,2894,A,A,0.08936315985018625,0.18003391351751516,0.7306029266322986
23760057,2745,H,H,0.3668095645496712,0.3154092053432226,0.31778123010710624
23760060,2858,H,H,0.6240784692647202,0.22516113294478582,0.150760397790494
23760065,2747,D,A,0.14385965095529726,0.2054566300814881,0.6506837189632146
23760211,2894,A,H,0.4010125177848075,0.2688170558922098,0.33017042632298277
23760222,2858,H,H,0.43053724448914743,0.3339723489898833,0.23549040652096928
23760823,2858,H,H,0.7350185886417517,0.1736224714128138,0.09135893994543456
23760825,2858,H,H,0.35351071690981006,0.31827720364249346,0.32821207944769654
23761136,2894,A,A,0.20962803783177977,0.26630546067201855,0.5240665014962017
23761223,2858,H,H,0.4252049039437622,0.3329233957930697,0.2418717002631682
23761587,2747,D,A,0.28931785519537506,0.2853565503924421,0.42532559441218293
23761589,2747,H,H,0.7287768734529777,0.1782761909210969,0.09294693562592542
23761594,2894,D,H,0.5259663168193782,0.24607336494727827,0.22796031823334356
23761641,2745,H,H,0.5197665088428303,0.24405466133130232,0.23617882982586752
23761729,2858,D,A,0.2679862765957741,0.30364224840976034,0.4283714749944655
23761790,2745,A,H,0.4858838282733291,0.26543733810825004,0.24867883361842089
23761792,2747,H,H,0.5754795096727587,0.19690233494918039,0.2276181553780609
23761801,2894,A,A,0.26523988758266615,0.2706260410051859,0.46413407141214785
23761864,2894,D,H,0.42598322157162805,0.21115376911126052,0.3628630093171114
23761867,2858,A,A,0.2572181192064892,0.26758460319713573,0.47519727759637514
24146636,2894,D,H,0.5444318071253861,0.2563114637207851,0.1992567291538288
24146657,2894,A,H,0.6287421960347983,0.21262126422009658,0.15863653974510517
24146664,2747,A,H,0.43025063310547224,0.219406452961404,0.3503429139331237
24146665,2858,D,H,0.5283387463979069,0.2647506530223721,0.206910600579721
24162084,2745,A,A,0.1640195710426364,0.28186803139196825,0.5541123975653953
24162100,2745,D,H,0.7757647772383576,0.1386214001808438,0.08561382258079875
24162101,2745,D,H,0.45608696631572787,0.3054477737338367,0.2384652599504354
24162102,2745,A,A,0.28930853858791816,0.24967734213345769,0.4610141192786242
24162130,2894,H,A,0.34681087669199223,0.2527516622259131,0.4004374610820947
24189208,2745,A,A,0.3386662731974162,0.2703047823987454,0.39102894440383845
24189233,2745,H,H,0.6137557059010418,0.25972491329086317,0.126519380808095
24189234,2745,D,A,0.26560779004691026,0.2747818234564185,0.4596103864966713
24189235,2745,H,A,0.35498360810268154,0.2546709507810253,0.3903454411162931
24189236,2745,A,A,0.2873218747580263,0.31753504714816305,0.39514307809381055
24247364,2894,H,H,0.510124872705184,0.27516897515309646,0.21470615214171948
24247423,2894,A,H,0.4795479643763287,0.28388785909767866,0.23656417652599263
24247432,2748,H,A,0.2542375432509803,0.26412216796726506,0.4816402887817547
24247433,2858,H,H,0.388132960881859,0.3220641529697354,0.2898028861484057
24247979,2745,H,H,0.6927362437440423,0.18905664324398608,0.11820711301197158
24287908,2858,H,A,0.3415604804923958,0.3074316168467091,0.35100790266089515
24288160,2894,D,A,0.34751619334215944,0.27660697941628826,0.37587682724155225
24288211,2745,H,H,0.489366842210302,0.27801999145705014,0.23261316633264778
24288212,2745,H,H,0.5887794041395875,0.2539360685034898,0.15728452735692264
24288213,2745,A,H,0.3674106625450452,0.2839674409263953,0.34862189652855946
24288214,2745,A,A,0.2915182039115217,0.2936746760068931,0.41480712008158516
24288215,2745,H,A,0.16328048321958816,0.2438822109521002,0.5928373058283117
24288670,2858,A,A,0.18336013837356194,0.26265972317415404,0.5539801384522839
24288757,2748,D,A,0.19548265072021132,0.2578951675026239,0.5466221817771648
24288817,2894,A,A,0.1457497804941043,0.2411723514757179,0.6130778680301778
24288841,2745,D,H,0.6866460377679398,0.16558712538639273,0.1477668368456674
24288842,2858,H,H,0.5299968946791506,0.2978802241788522,0.17212288114199728
24289007,2894,H,H,0.6834532384208053,0.2074944194160902,0.10905234216310453
24289016,2858,A,A,0.32782037286782645,0.2883773833971084,0.3838022437350651
24289023,2748,D,H,0.381655850785806,0.24234224432725296,0.37600190488694113
24464234,2894,A,H,0.5919109753271343,0.2396352692621766,0.16845375541068913
24464287,2748,H,A,0.30922380830777224,0.2508857901730178,0.43989040151921005
24464381,2858,H,A,0.27422235648947413,0.27817260921963,0.4476050342908959
24464761,2894,A,H,0.5402026308688876,0.2462659274728624,0.2135314416582499
24464788,2748,A,A,0.28137867322544274,0.3563939620581176,0.3622273647164396
24464790,2748,D,H,0.380491820178456,0.2992156158590845,0.3202925639624594
24464797,2748,A,H,0.37474026401012545,0.29930356788807944,0.3259561681017952
24464800,2748,H,H,0.5051217865376557,0.2699087167647814,0.224969496697563
24464837,2745,D,A,0.2095430766168574,0.29666040187425935,0.49379652150888315
24464945,2858,A,A,0.3423748659377398,0.2658470904331221,0.3917780436291381
24465014,2748,A,A,0.22228257115703884,0.27090508836685034,0.5068123404761109
24465018,2745,A,H,0.4556881045514847,0.2584460560752294,0.2858658393732859
24465038,2894,D,H,0.5475084457090009,0.23031278234904703,0.22217877194195207
24465046,2858,H,A,0.3378056092685623,0.3053090951382207,0.356885295593217
24465107,2894,H,H,0.6316674588131695,0.19087495014917472,0.17745759103765565
24465108,2748,D,H,0.6434049429127237,0.2096348487910789,0.1469602082961974
24465114,2858,D,H,0.5509148103162353,0.24196883097337193,0.20711635871039277
24624311,2894,D,H,0.5313412234491278,0.2703759984013398,0.1982827781495323
24624318,2858,A,H,0.416654991018776,0.28545997672568113,0.29788503225554286
24673744,2748,A,A,0.27384581597158447,0.22629958252594504,0.4998546015024705
24673745,2748,H,H,0.37609565179540255,0.30259247619918256,0.32131187200541494
24673746,2748,A,H,0.36940645228543184,0.31731710073208225,0.3132764469824859
24673747,2748,D,H,0.5518376088110871,0.2520559005239583,0.19610649066495459
24673748,2748,H,H,0.4138447883311115,0.33618480508562865,0.24997040658325984
24673794,2748,D,H,0.5140209641539517,0.24448245764244592,0.24149657820360237
24673795,2748,H,H,0.7382114908393981,0.17993987133427292,0.0818486378263291
24673796,2748,A,A,0.09940059331942995,0.20104979749275453,0.6995496091878155
24673797,2748,A,H,0.5140477726728615,0.2248211243013699,0.2611311030257686
24673798,2748,H,H,0.6203181679376811,0.2211193122023204,0.15856251985999842
24673799,2858,A,A,0.22297363727481112,0.251562847198491,0.5254635155266979
24716678,2858,H,H,0.6467979287500705,0.20232551291566786,0.1508765583342616
24735728,2745,H,A,0.3332205311836671,0.2991451631530346,0.36763430566329824
24735748,2747,D,A,0.36879143361676026,0.2559013550525379,0.3753072113307018
24735752,2858,H,H,0.5430719903907549,0.283641268642694,0.17328674096655108
24785962,2747,H,A,0.08918924865926244,0.17563170854612364,0.7351790427946139
24786057,2858,D,H,0.3529725040510534,0.30795802079820117,0.33906947515074554
24786367,2894,A,A,0.28539161272712676,0.2851017246787472,0.429506662594126
24786420,2745,H,H,0.5021711794280991,0.2421341660013878,0.25569465457051305
24786421,2745,H,H,0.4838043914491288,0.26488550181980386,0.2513101067310674
24786422,2745,D,A,0.26515911928631136,0.27262825377263716,0.4622126269410514
24786423,2745,H,H,0.693771688490367,0.19515708104716378,0.11107123046246922
24786425,2745,H,A,0.34464555124087826,0.29989932715963846,0.3554551215994834
24786444,2747,A,H,0.4221401475937319,0.22340831966948868,0.3544515327367795
24786445,2747,H,H,0.6043493412290366,0.22569014357990808,0.16996051519105532
24786447,2747,H,H,0.6626619666783864,0.20789092005883753,0.1294471132627761
24786456,2747,H,H,0.5709863759424877,0.22196226122146054,0.20705136283605172
24786466,2747,H,A,0.2099445213486294,0.24801452411159544,0.5420409545397752
24786856,2858,H,A,0.2309503214965947,0.30570554090768803,0.4633441375957173
24786940,2748,H,H,0.7017442942950273,0.17836150057189837,0.1198942051330744
24787034,2894,H,H,0.5016501043984704,0.26156484124880774,0.236785054352722
24787065,2747,D,H,0.7315324155335355,0.14397226660185858,0.12449531786460599
24787075,2745,D,H,0.7320767499337391,0.19658646280470757,0.07133678726155326
24787076,2858,D,H,0.6206678868358162,0.22168397665185655,0.1576481365123273
24787130,2748,A,A,0.22391132770007122,0.28561549986010715,0.4904731724398217
24787226,2894,H,A,0.22109196706326698,0.2635423790257325,0.5153656539110004
24787238,2858,A,H,0.5142332676849631,0.30277845253987157,0.1829882797751652
24787247,2748,A,H,0.4407481026016081,0.23532827494055517,0.32392362245783657
24994606,2894,A,A,0.10295580490708492,0.16925567216286785,0.7277885229300471
24994653,2748,A,A,0.23160520196662532,0.2551008197061202,0.5132939783272544
24994738,2858,H,A,0.21345474310592324,0.24256335258050282,0.543981904313574
24995061,2747,H,A,0.3099715226756417,0.28193434930548733,0.4080941280188709
24995161,2894,H,H,0.3946862333712223,0.2655606919609113,0.3397530746678665
24995211,2748,A,A,0.2745776420911304,0.32048588127663397,0.4049364766322357
24995213,2748,D,A,0.17772586715555247,0.2857203609033049,0.5365537719411425
24995215,2748,D,H,0.5850871816620097,0.2701290890194135,0.14478372931857672
24995219,2748,H,H,0.39441159327795133,0.3180236137892939,0.28756479293275483
24995246,2745,A,H,0.44515005157986925,0.29502082834534515,0.2598291200747856
24995350,2858,H,H,0.429003589834979,0.27582740153157753,0.29516900863344353
24995427,2748,D,A,0.24942609778018976,0.2204466592129558,0.5301272430068544
24995433,2747,H,A,0.22256721660954773,0.20187940478192398,0.5755533786085283
24995436,2745,A,A,0.27068583555310977,0.18693223835896455,0.5423819260879258
24995466,2894,A,H,0.41130934029302946,0.23995060170263835,0.3487400580043321
24995475,2858,A,H,0.629964878895245,0.22419198880839444,0.14584313229636053
24995541,2894,H,H,0.5434513335604279,0.2170844921367256,0.2394641743028466
24995542,2748,A,H,0.5986084060916596,0.19796291842398112,0.20342867548435936
24995548,2858,H,H,0.7251521906035165,0.18340120838209495,0.09144660101438844
25178889,2894,D,A,0.20307006245480094,0.22003663616152647,0.5768933013836727
25178912,2894,D,H,0.6338206637314047,0.22226303639869058,0.14391629986990476
25178919,2858,H,H,0.4863980920238867,0.26828519188321615,0.24531671609289724
25197114,2894,A,A,0.19252824441002198,0.256998141331177,0.5504736142588009
25302392,2745,D,A,0.12333733755198943,0.2112876057694991,0.6653750566785114
25302409,2894,H,H,0.3759037580582506,0.3032888308955504,0.320807411046199
25302415,2748,H,H,0.6261757400100535,0.22403732700024945,0.14978693298969717
25302419,2858,H,A,0.3021874604699657,0.318516089802114,0.3792964497279204
25356523,2747,D,A,0.35573496841328284,0.25132447476417136,0.39294055682254586
25356925,2894,D,H,0.4689015886535687,0.29213543806410247,0.23896297328232888
25356979,2745,H,H,0.8697491235434134,0.0967381009674817,0.03351277548910492
25356980,2745,H,H,0.4557502617955178,0.29365549735818725,0.25059424084629495
25356981,2745,H,H,0.5289389069376468,0.2578380467026474,0.21322304635970582
25356982,2745,A,A,0.3131710439671899,0.3148916525460099,0.37193730348680015
25356983,2745,A,A,0.23937430167554316,0.28948168618000203,0.47114401214445467
25357011,2747,D,H,0.5730619584963769,0.20936119126835093,0.21757685023527226
25357014,2747,D,A,0.2182670937234133,0.22697189744039936,0.5547610088361874
25357016,2747,H,H,0.5537881830916167,0.24220115948603174,0.20401065742235155
25357021,2747,H,A,0.32014933392731026,0.2393372136181224,0.4405134524545673
25357030,2747,A,H,0.3845637991926181,0.2792546279665028,0.33618157284087896
25357403,2858,A,H,0.3811820705299096,0.2888055126744258,0.33001241679566456
25357480,2748,H,A,0.2931340477408987,0.2190917659040509,0.4877741863550504
25357583,2894,D,A,0.3274663159610124,0.2440961356701121,0.4284375483688755
25357614,2747,D,A,0.11818673151146304,0.17986857751052346,0.7019446909780135
25357621,2745,A,H,0.5817664381236682,0.21802535116096192,0.20020821071536982
25357624,2858,H,H,0.38881596195892515,0.29632133513284364,0.31486270290823126
25357785,2894,A,H,0.4180442506969991,0.24921141917717832,0.33274433012582266
25357798,2858,A,H,0.3920251711730944,0.26267350110993537,0.3453013277169703
25357808,2748,A,A,0.19700724567807334,0.23368270533207547,0.5693100489898512
25580346,2894,D,H,0.5186127039523046,0.2633110373881926,0.21807625865950275
25580350,2748,H,A,0.29902662699256993,0.25018779630326043,0.45078557670416963
25580533,2858,D,A,0.2915246755512132,0.2804833238694245,0.42799200057936226
25580858,2748,H,H,0.5135615191322226,0.27896351544024234,0.20747496542753507
25580886,2747,A,A,0.29456207783081406,0.23540183461381,0.47003608755537596
25580985,2894,A,H,0.40363595818594344,0.2753190403271259,0.32104500148693055
25581055,2748,D,H,0.3871001077874552,0.3214068331881036,0.2914930590244412
25581057,2748,H,H,0.5739612129164786,0.252719015154746,0.17331977192877546
25581058,2748,H,A,0.2904422368566408,0.3395228581996802,0.37003490494367897
25581069,2745,H,A,0.2668682310729344,0.28109385113213636,0.45203791779492924
25581156,2858,A,A,0.27582371805322353,0.29844792876382853,0.42572835318294794
25581237,2748,H,H,0.3991557738154851,0.2796965910825774,0.32114763510193756
25581240,2747,H,H,0.6509385098970606,0.1963108936597348,0.15275059644320463
25581243,2745,H,A,0.2561833378426207,0.2603413713424536,0.48347529081492574
25581264,2894,H,H,0.513617645313501,0.23378357815369183,0.25259877653280727
25581273,2858,D,A,0.3248117245426578,0.3046694169655904,0.3705188584917519
25581342,2748,H,A,0.32950014849928283,0.23373922963349303,0.43676062186722414
25581343,2894,H,H,0.8230581724780238,0.12271872080285426,0.054223106719121845
25581347,2858,A,A,0.18998332779470573,0.24666942784763912,0.5633472443576552
25774953,2894,H,H,0.4579862365527015,0.30289830241186133,0.23911546103543718
25774988,2894,D,A,0.12222256941529223,0.22979948823934815,0.6479779423453595
25774991,2747,H,H,0.5639085387137125,0.23186214912043632,0.20422931216585113
25774993,2858,A,A,0.30151301545023157,0.3107540070968293,0.387732977452939
25835780,2858,H,H,0.7500738901944201,0.18365898287479518,0.06626712693078476
25910116,2745,H,H,0.48200253032804585,0.2902366543501865,0.22776081532176765
25910136,2894,A,A,0.11467762034142333,0.18923784002278465,0.6960845396357921
25910141,2748,H,A,0.18952167246966162,0.2882921853310384,0.5221861421992999
25910146,2858,H,H,0.48680978575226735,0.275139430478599,0.23805078376913358
25968078,2747,A,A,0.1785865572685922,0.2062148787891178,0.61519856394229
25968156,2858,D,H,0.5757621971084306,0.2566404460981263,0.16759735679344306
25968389,2894,A,A,0.2562262134300463,0.2896409589010911,0.45413282766886265
25968447,2745,H,A,0.13889434708316845,0.18734924795848862,0.673756404958343
25968448,2745,A,H,0.4434784513993134,0.19780387647331832,0.3587176721273681
25968449,2745,A,A,0.2365405961014841,0.3146607524103846,0.44879865148813114
25968450,2745,H,A,0.31379892918175917,0.3073455960304184,0.37885547478782233
25968666,2747,D,H,0.590560840507365,0.2084000718822591,0.20103908761037587
25968667,2747,A,H,0.5146797490958607,0.20459866658786566,0.28072158431627364
25968668,2747,A,H,0.5982134940375929,0.2251179306515995,0.1766685753108076
25968670,2747,H,A,0.30885077746866324,0.2891545710948325,0.40199465143650426
25968674,2747,D,A,0.12143394216858304,0.19612422468734103,0.682441833144076
25968676,2747,A,H,0.4813220037864055,0.2646176853338747,0.25406031087972
25968864,2858,H,H,0.5352659709608402,0.2902201792710634,0.17451384976809645
25968889,2748,D,H,0.4424211766863844,0.22763520773100185,0.3299436155826136
25968985,2894,A,H,0.3704701443905373,0.2624770939444118,0.36705276166505096
25969020,2745,H,H,0.6411259427073112,0.22190217525363562,0.1369718820390532
25969021,2747,A,H,0.5333749328175817,0.192603877241873,0.27402118994054525
25969022,2858,H,H,0.3975994818904294,0.2560183888768498,0.34638212923272077
25969156,2894,H,H,0.5734148819678665,0.22042438847361928,0.20616072955851428
25969159,2748,H,H,0.5274461667117194,0.2820457441575986,0.19050808913068207
25969168,2858,A,A,0.2378485608830674,0.25464725705587965,0.507504182061053
26196108,2894,A,H,0.548911620582205,0.2210193617129495,0.23006901770484553
26196118,2748,H,H,0.5246792642267031,0.22014160301541105,0.25517913275788584
26196260,2858,A,A,0.2501145844324806,0.36089043130749787,0.3889949842600216
26196470,2748,H,H,0.5562490849095973,0.27456756933322995,0.16918334575717273
26196473,2748,A,A,0.16873300882689285,0.22919093320456085,0.6020760579685462
26196474,2748,H,H,0.5195265991985384,0.26123154367574924,0.2192418571257124
26196476,2748,A,A,0.27483980964909915,0.35570324274088894,0.3694569476100119
26196528,2747,H,H,0.5014445309995704,0.21682054512891585,0.2817349238715138
26196552,2894,D,H,0.4234015466074877,0.26411930804166567,0.31247914535084664
26196553,2894,A,A,0.16123942952447007,0.2693248051737453,0.5694357653017846
26196598,2745,D,H,0.67312966007541,0.23915773629626308,0.08771260362832695
26196689,2858,D,H,0.525145855111919,0.2713614128854437,0.20349273200263734
26196759,2748,H,H,0.5260511935614987,0.24694173659753757,0.2270070698409638
26196770,2745,H,H,0.7144771794337786,0.17525788132122178,0.11026493924499957
26196772,2747,H,H,0.5529829130491991,0.2375929625532138,0.2094241243975871
26196796,2894,A,A,0.18745807973420933,0.22789257753627032,0.5846493427295203
26196807,2858,H,H,0.4699589126470781,0.25555125442138155,0.27448983293154033
26196834,2745,A,H,0.5370719119530881,0.22363146584853116,0.23929662219838066
26196852,2748,A,A,0.24858229327244333,0.21768481871293904,0.5337328880146177
26196853,2894,H,H,0.546699655901896,0.2550902369630516,0.19821010713505244
26196857,2858,H,H,0.731171331979794,0.1856199912827208,0.08320867673748512
26392396,2894,D,H,0.6110621316789846,0.2313023656040842,0.1576355027169313
26392405,2858,H,H,0.3837010379954783,0.27105861128862424,0.3452403507158974
26529928,2745,H,H,0.36553815616328883,0.3004216915637331,0.33404015227297795
26529954,2748,H,H,0.5866993869956233,0.22837641379843512,0.18492419920594155
26529957,2747,D,H,0.6260162294147277,0.19566996827292224,0.17831380231235017
26529959,2858,A,A,0.22702851971602386,0.31352910299787246,0.4594423772861037
26529985,2747,H,H,0.45954466135496835,0.1987971988857415,0.34165813975929027
26589482,2858,H,H,0.41702975716104473,0.291684291984567,0.2912859508543882
26589856,2745,H,H,0.48558884225140536,0.2269461120567382,0.2874650456918564
26589857,2745,A,A,0.34247464809512584,0.21386602751987566,0.44365932438499855
26589859,2745,A,A,0.18309703405598246,0.2708344477512936,0.546068518192724
26589860,2745,H,H,0.3668761284968807,0.33933630877511756,0.29378756272800177
26589861,2745,H,H,0.5459927302590821,0.27681433637489916,0.17719293336601866
26590134,2747,A,A,0.35634707381227093,0.2662063823611978,0.3774465438265312
26590137,2747,H,H,0.5413209838452452,0.25353824361302507,0.20514077254172972
26590139,2747,A,A,0.17420656550886687,0.2076593415383824,0.6181340929527508
26590143,2747,H,H,0.423729069841061,0.2797491455208773,0.2965217846380617
26590322,2858,H,A,0.26628330745804024,0.3091195664375127,0.42459712610444694
26590361,2748,A,A,0.17896371871569985,0.27486943876504677,0.5461668425192533
26590538,2894,A,A,0.11724620445057449,0.18999114241787568,0.6927626531315498
26590567,2745,H,A,0.30480015194339843,0.2974517913021433,0.39774805675445835
26590568,2747,A,A,0.1110165351691333,0.1765691122438773,0.7124143525869893
26590570,2858,D,H,0.5770606974296582,0.23481252224715468,0.1881267803231871
26590737,2747,D,A,0.2306161815646886,0.25139689843844176,0.5179869199968696
26590738,2894,A,H,0.4901370813113701,0.2661540936277532,0.24370882506087665
26590741,2748,D,A,0.25163604042223336,0.24709137076766188,0.5012725888101047
26590752,2858,H,A,0.31531278882331026,0.2614590695878524,0.42322814158883737
26591038,2747,H,A,0.3268131606810493,0.2664157656545,0.4067710736644507
26808097,2894,H,A,0.2603655540751908,0.24921027178589653,0.4904241741389127
26808107,2748,A,H,0.6012472935835155,0.2608190247999458,0.13793368161653877
26808291,2858,A,H,0.4348872834286052,0.26502435206322755,0.3000883645081672
26808468,2747,H,H,0.4854844790247228,0.24762163920154104,0.2668938817737361
26808574,2748,H,D,0.33067971596086543,0.3475465363183352,0.3217737477207994
26808579,2748,D,H,0.43284487315418146,0.28155485433134453,0.285600272514474
26808582,2748,A,A,0.30251364085319365,0.2336827995575243,0.46380355958928204
26808593,2748,H,H,0.426412914624397,0.2549690176220425,0.3186180677535605
26808698,2894,H,A,0.2658360972997219,0.30875941200432266,0.4254044906959555
26808773,2745,D,H,0.4241065129645144,0.2523919940929283,0.32350149294255737
26808900,2858,H,H,0.4698131371354463,0.310042339802278,0.22014452306227572
26808975,2748,A,H,0.5556438268292148,0.22402752195438996,0.2203286512163952
26808980,2745,H,H,0.7056495855065236,0.17723371006755348,0.11711670442592306
26809005,2894,D,H,0.5248888008532387,0.26657135961974193,0.20853983952701935
26809016,2858,H,A,0.10449440861268204,0.24762693958647014,0.6478786518008478
26809095,2748,A,H,0.3991929882721742,0.2118750789399052,0.38893193278792065
26809096,2894,H,A,0.3213266854788159,0.26684263893499127,0.41183067558619274
26809103,2858,A,H,0.43785450994833897,0.2787296868558896,0.2834158031957715
26975874,2894,A,H,0.39010754177805274,0.25013443870021607,0.3597580195217312
26975908,2894,H,H,0.7077300751040982,0.1900756154165478,0.10219430947935396
26975915,2858,H,H,0.4691883908497731,0.287826444860832,0.24298516428939496
27000663,2894,H,A,0.1705728470811729,0.26445305514295814,0.564974097775869
27000705,2894,H,H,0.5301996470907632,0.2483241528458212,0.22147620006341565
27094229,2745,H,H,0.45803065757573747,0.2194220131680632,0.32254732925619933
27094244,2894,A,H,0.6251025947388664,0.18335901513828487,0.19153839012284868
27094250,2748,D,H,0.676071334889998,0.2078184635764501,0.11611020153355174
27094258,2858,D,H,0.6343990599669675,0.22632640449677666,0.13927453553625588
27153553,2747,H,H,0.5153669862681438,0.20823920337143137,0.27639381036042476
27153730,2858,H,A,0.33596952258360213,0.287565887848701,0.3764645895676969
27154184,2894,H,H,0.44932156217863267,0.24979069498918066,0.3008877428321867
27154264,2745,D,H,0.501781779030575,0.2800394791336934,0.2181787418357317
27154265,2745,H,H,0.585238226734167,0.25115509697777594,0.16360667628805714
27154267,2745,D,H,0.41996578368828624,0.28977444704803373,0.29025976926368013
27154268,2745,A,D,0.359105465113846,0.36054458920054,0.28034994568561394
27154269,2745,H,H,0.4369916856741192,0.2925733383150612,0.27043497601081967
27154588,2747,H,H,0.7303225955269562,0.1801847745408062,0.08949262993223767
27154589,2747,H,H,0.41599147238341966,0.27015559566504566,0.3138529319515347
27154593,2747,H,H,0.6218990002753365,0.19519886483157484,0.18290213489308857
27154595,2747,H,H,0.4595058275888066,0.2550740532209105,0.285420119190283
27154601,2747,H,A,0.2541481283297356,0.26812355005609767,0.4777283216141668
27154776,2858,A,A,0.31199129785899976,0.28735634552966016,0.40065235661134
27154818,2748,D,H,0.38517689522433946,0.2636872244775566,0.35113588029810394
27155024,2894,D,H,0.6034485240032631,0.19503644393608302,0.20151503206065377
27155052,2745,A,A,0.11532173499350457,0.18660831074725437,0.6980699542592409
27155053,2747,H,A,0.3250375559382962,0.2599099510999754,0.4150524929617283
27155054,2858,A,H,0.5701685201724342,0.28044778979413265,0.1493836900334331
27155238,2894,H,A,0.3264698322115735,0.27581121113420043,0.39771895665422613
27155241,2748,H,H,0.6170065529602332,0.22581758739654698,0.15717585964321987
27155251,2858,H,H,0.5597685770366546,0.246575506213885,0.19365591674946048
27155754,2894,D,H,0.36171398956546424,0.3073674565921455,0.33091855384239033
27155755,2858,D,H,0.4274859327731221,0.27413065100080175,0.2983834162260761
27155760,2748,D,A,0.1376809932997938,0.27744817942021505,0.5848708272799911
27155776,2894,H,A,0.3579291492481577,0.2304274339320027,0.41164341681983957
27155777,2858,D,A,0.20668400215478938,0.27010545068986513,0.5232105471553454
27155795,2894,D,A,0.3373648831692158,0.3118062302653112,0.35082888656547295
27155805,2858,H,A,0.3004855820001482,0.3322986672145184,0.3672157507853335
27155809,2748,H,H,0.5614415174273504,0.26924264005920245,0.1693158425134472
27155810,2748,A,H,0.43834636225173823,0.27863134210883944,0.28302229563942244
27155811,2748,H,H,0.6659523902974691,0.21791752860374494,0.11613008109878592
27155812,2748,A,H,0.4714263930715385,0.24905841651259236,0.2795151904158692
27155814,2747,D,H,0.42974289960033984,0.29241769935489936,0.27783940104476074
27155818,2745,H,H,0.6429239811448079,0.20176723412086223,0.1553087847343298
27155821,2858,H,H,0.6796055038461984,0.19604119813150953,0.12435329802229199
27155824,2748,D,H,0.47388261803151255,0.2383994809110273,0.28771790105746015
27155826,2745,D,H,0.4804278767246951,0.2018130629879349,0.31775906028737005
27155827,2747,H,A,0.3556242523684078,0.22697785488285857,0.4173978927487338
27155830,2894,H,H,0.5547732053331078,0.22885216009429582,0.21637463457259634
27155834,2748,A,A,0.332498869282953,0.2434913877326334,0.4240097429844136
27155839,2894,H,H,0.5186110689974861,0.286451181354008,0.1949377496485059
27155841,2894,H,A,0.3339138106532815,0.3037622796826995,0.3623239096640191
27155842,2747,H,H,0.4412580289836365,0.22018182498936717,0.33856014602699647
27155843,2858,D,H,0.3996235490361143,0.3223750083492111,0.27800144261467463
27613918,2858,H,A,0.3453547387468298,0.2992672213825668,0.35537803987060335
27613922,2747,A,H,0.3692424296627737,0.27214246300072226,0.35861510733650404
27613924,2747,H,A,0.16177243472174235,0.2429239851621031,0.5953035801161545
27613927,2748,A,A,0.24232444016663052,0.2529136813404503,0.5047618784929192
27613928,2748,A,A,0.1397266415836053,0.2180623716745167,0.642210986741878
27613929,2748,D,A,0.205380158541703,0.25494064243818326,0.5396791990201137
27613930,2748,D,H,0.4085754879053847,0.27159602146630074,0.3198284906283144
27613931,2747,D,H,0.5806272073478673,0.23940080162870334,0.1799719910234294
27613932,2748,D,H,0.6130043500146298,0.23134933896306978,0.1556463110223004
27613933,2748,D,A,0.24468881688291977,0.24247971513871375,0.5128314679783664
27613934,2748,H,H,0.6069008707353609,0.23305067162833293,0.1600484576363062
27613935,2748,A,A,0.17288667417697515,0.2586802422008363,0.5684330836221886
27613936,2748,A,A,0.241717798924945,0.3137835940274307,0.44449860704762434
27613946,2748,A,H,0.4858627845768819,0.2373265685791354,0.2768106468439826
27613947,2858,A,A,0.2764048356417952,0.28149702439530283,0.442098139962902
27613948,2894,D,H,0.6054982610792393,0.24005616416075334,0.1544455747600073
27613949,2858,A,A,0.20455766183573437,0.25559511160316867,0.539847226561097
27613950,2894,H,H,0.6913358110670885,0.19927587276259978,0.10938831617031179
27613951,2745,D,H,0.5119031659326515,0.22586866532433156,0.2622281687430169
27613952,2858,D,H,0.39472923685389316,0.29012925861711736,0.3151415045289895
27613953,2745,D,A,0.1912751206608549,0.2582422772374102,0.5504826021017348
27613954,2745,A,H,0.6340253118109909,0.22139349271660294,0.14458119547240622
27613955,2894,H,A,0.1574530077295514,0.26260308721107584,0.5799439050593727
27613956,2858,D,H,0.3882189416959979,0.31092568118130154,0.3008553771227006
27613957,2747,H,A,0.1439793221310455,0.23618487996336032,0.6198357979055942
27613958,2858,H,H,0.637093931708023,0.21995896813936178,0.14294710015261522
27613959,2894,A,A,0.3269543663871015,0.28014671943334324,0.39289891417955536
27613960,2745,H,H,0.7695912717843576,0.1642592879965047,0.06614944021913767
27613961,2745,H,H,0.6213114929890348,0.21218636422051343,0.1665021427904518
27613962,2745,D,H,0.6326200725156568,0.2090316989709875,0.15834822851335575
27613963,2745,D,A,0.26023089628055257,0.3099814939335291,0.42978760978591835
27613964,2747,D,A,0.2087950992665924,0.22998390728215864,0.5612209934512489
27613965,2747,H,H,0.6023554036720458,0.23060299935644019,0.167041596971514
27613966,2858,D,D,0.346568820661931,0.3509228417394645,0.30250833759860446
27613967,2894,H,H,0.6191340501753447,0.17173227048506748,0.20913367933958782
27613968,2894,A,H,0.5433043888190403,0.24718237579149469,0.20951323538946498
27613969,2747,A,A,0.11698897810486815,0.18791046653515067,0.6951005553599812
27613970,2894,D,A,0.28572598448656045,0.25157860248665626,0.46269541302678324
27613971,2858,H,H,0.42206282938222817,0.29758874545261815,0.2803484251651537
27613972,2894,A,H,0.4046832716413212,0.27595808329146604,0.31935864506721273
27613973,2858,D,A,0.27573100806272444,0.2686904664420653,0.4555785254952102
27613974,2747,A,A,0.24152487117333138,0.22175285090412536,0.5367222779225432
27613975,2747,D,A,0.3650484040299281,0.2539891001775626,0.38096249579250935
27613976,2894,A,A,0.2624664860626863,0.2873013114258495,0.45023220251146423
27613977,2894,D,A,0.3424146049592686,0.2793226236806944,0.37826277136003705
27613978,2745,H,H,0.6022580970123109,0.2417184484761299,0.15602345451155916
27613979,2858,H,H,0.42179279578836065,0.32115500352996706,0.25705220068167217
27613980,2745,A,A,0.3387496014675509,0.2658652900335595,0.39538510849888947
27613981,2747,H,H,0.5681713158190458,0.23033051383909303,0.20149817034186115
28354617,2747,D,H,0.524092363011136,0.2595401258236967,0.21636751116516723
28354635,2894,H,H,0.34628264049128765,0.31389514081016046,0.33982221869855184
28354636,2748,H,H,0.5051914819512114,0.27124890755767106,0.22355961049111758
28354637,2858,H,H,0.6078970590614027,0.23276340395420578,0.15933953698439152
28354643,2858,D,H,0.3709760687536439,0.3426129754106622,0.2864109558356938
28354644,2858,A,H,0.35748967786094993,0.2948853529598257,0.3476249691792243
28354645,2748,H,H,0.7150831788976388,0.20560063012586233,0.07931619097649883
28354647,2748,D,H,0.51036546360373,0.22115017961362485,0.2684843567826451
28354648,2748,D,A,0.3265404885222879,0.3228068230458504,0.3506526884318617
28354649,2858,H,H,0.632785344931589,0.2449299456251281,0.12228470944328296
28354650,2747,A,A,0.16551820893685826,0.23161029351047896,0.6028714975526628
28354651,2745,A,A,0.25472330264288345,0.2721614764612492,0.47311522089586727
28354652,2747,D,H,0.5748867761020883,0.20433396549762683,0.2207792584002849
28354653,2858,H,H,0.5137368304873924,0.2484808262665272,0.23778234324608047
28354654,2894,D,H,0.6000399204749374,0.2438551670032685,0.15610491252179415
28354655,2748,H,H,0.4659360099677841,0.3161368473934668,0.21792714263874913
28354656,2745,D,H,0.4798461931018059,0.2670395239548476,0.2531142829433465
28354657,2894,H,H,0.4824945635883393,0.2887447903576927,0.22876064605396798
28354658,2894,H,H,0.6314952913401151,0.18591370284276584,0.18259100581711912
28354659,2747,D,A,0.22400040232640736,0.22787885910638533,0.5481207385672073
28354660,2894,D,A,0.32986418142554863,0.2862108880216979,0.38392493055275345
28354661,2747,H,H,0.5380708382285064,0.2649055590733608,0.1970236026981328
28354662,2745,D,H,0.46591361698653333,0.3239253800069541,0.21016100300651255
28354663,2745,H,A,0.18009852250305086,0.21708259191867965,0.6028188855782693
28354664,2745,H,H,0.4921026426003039,0.2844299527228106,0.22346740467688556
28354665,2858,A,A,0.29822006810023916,0.2991643231356861,0.4026156087640747
28354666,2748,D,H,0.4958631983774078,0.2518584896166992,0.25227831200589307
28354667,2745,D,H,0.4635771585486159,0.2690412947660398,0.26738154668534436
28354668,2747,H,H,0.7013814633519607,0.178916834128758,0.11970170251928128
28354669,2748,A,A,0.13601804856338914,0.25066623938265964,0.6133157120539512
28354670,2894,H,A,0.29745076680105537,0.29926301726674753,0.403286215932197
28354671,2745,H,H,0.6680497901795872,0.19247297192819984,0.13947723789221295
28354672,2747,A,H,0.4032144654028378,0.25734125950708253,0.3394442750900797
28354673,2858,D,H,0.41468916920979004,0.2748117648438684,0.3104990659463416
28354674,2748,A,A,0.35386570262936284,0.23742177994511265,0.40871251742552445
28354675,2894,H,H,0.4946040016298401,0.25148444132480463,0.25391155704535523
28354676,2894,A,A,0.1329471933739362,0.18081264228948488,0.6862401643365789
28354677,2745,H,H,0.39945487271672114,0.26331228902221576,0.3372328382610631
28354678,2858,A,H,0.3779828280270024,0.2902028832813283,0.3318142886916693
28354679,2748,A,H,0.5283254372289481,0.2424047192627082,0.22926984350834367
28354680,2745,H,A,0.18825335875490976,0.22311936390392678,0.5886272773411635
28354681,2894,H,H,0.5208550526958853,0.21198996572025294,0.26715498158386175
28354682,2858,H,H,0.3958467446320996,0.3159758572276099,0.2881773981402904
28354683,2748,A,A,0.3520432227141742,0.24652040857512417,0.40143636871070165
28354684,2894,A,H,0.41386816838218365,0.24217233744287683,0.34395949417493943
28354685,2858,H,H,0.467041781595261,0.23727774266998308,0.29568047573475587
28487058,2747,H,H,0.5623447542867154,0.2109152579587595,0.2267399877545252
28557736,2747,H,H,0.49658952451465244,0.23186547859731946,0.27154499688802813
28557737,2747,H,H,0.7439670018228837,0.1448240190540623,0.1112089791230541
29855285,2894,D,H,0.45471221835063946,0.2667206394438055,0.27856714220555506
29855287,2858,H,H,0.5399909826786708,0.2546984010963127,0.20531061622501637
29855288,2894,H,H,0.4268035717092283,0.25807060404237553,0.3151258242483962
29855293,2747,H,H,0.3751525530988268,0.2845559162334137,0.3402915306677595
29855299,2747,H,H,0.4428919480567986,0.2677778785112505,0.28933017343195094
29855300,2748,H,H,0.48976082138985094,0.296201022937902,0.2140381556722471
29855313,2747,D,A,0.2035332987839497,0.26020099839844363,0.5362657028176068
29855314,2858,D,H,0.3663341848338897,0.2934055575110709,0.3402602576550394
29855315,2748,D,H,0.4901087412708932,0.2727107493653482,0.23718050936375848
29855316,2858,D,H,0.5430798518062361,0.2708035442728533,0.18611660392091062
29855328,2894,H,H,0.39142243298748663,0.2706043984300294,0.337973168582484
29855329,2858,A,H,0.41993484225346767,0.2963691175068105,0.2836960402397219
29855330,2894,H,H,0.6448469680120316,0.20785448027458958,0.14729855171337883
29855332,2894,A,A,0.26553104574085973,0.26896349451158835,0.4655054597475521
29855333,2858,H,H,0.4407358892129801,0.3065465956823857,0.2527175151046343
29855334,2894,A,A,0.18331878638272844,0.25111954124732216,0.5655616723699494
29855336,2747,H,A,0.34049095419695036,0.2597330375817229,0.3997760082213268
29855337,2747,H,A,0.2179908562862891,0.28090059648614146,0.5011085472275694
29855340,2745,A,H,0.5427494775686778,0.22786554877866538,0.2293849736526569
29855341,2745,D,H,0.6105957755258499,0.2545503369629138,0.13485388751123628
29855342,2894,A,H,0.7456247226891975,0.14436030598991859,0.11001497132088393
29855343,2745,H,H,0.47114168779336607,0.22687121620462145,0.3019870960020126
29855344,2858,D,H,0.41851260354451153,0.29531558377674305,0.28617181267874553
29855345,2747,A,H,0.38345154874224335,0.26588623425217367,0.35066221700558303
29855347,2858,H,H,0.7107740579696374,0.19065943954915632,0.0985665024812063
29855348,2894,A,H,0.4989022312883966,0.2647284213641613,0.2363693473474421
29855349,2748,A,A,0.2671164549611233,0.2690387490694295,0.4638447959694472
29855355,2748,H,H,0.4656249951563839,0.2569951633496947,0.2773798414939214
29855359,2748,D,A,0.10138283278642134,0.23615700765629152,0.6624601595572871
29855360,2748,H,A,0.3287325685850892,0.2633439525162026,0.4079234788987083
29855361,2894,D,H,0.37208171665676193,0.31602869369696546,0.31188958964627267
29855363,2745,D,H,0.3957782856580835,0.30697962878268803,0.29724208555922854
29855365,2748,H,H,0.6321654813146959,0.20464087034214554,0.16319364834315853
29855366,2745,A,H,0.4994645431197697,0.27331058655859336,0.22722487032163693
29855370,2858,H,A,0.34167465815151593,0.289409391457741,0.36891595039074304
29855375,2748,A,H,0.49717256413023747,0.24877764812203948,0.25404978774772297
29855377,2747,H,H,0.6986223177486924,0.18262399470967325,0.11875368754163437
29855378,2747,D,H,0.45777215409299155,0.21614561237487703,0.3260822335321314
29855379,2745,H,H,0.6349471066064997,0.20681150997805073,0.15824138341544955
29855380,2894,H,H,0.6338079322640984,0.2170507953456264,0.14914127239027522
29855385,2747,H,H,0.591407307577663,0.18236047865290203,0.22623221376943503
29855387,2747,D,A,0.3327005622793207,0.2633761059654095,0.4039233317552698
29855388,2858,A,A,0.10947327405823612,0.21477855082221076,0.6757481751195531
29855389,2745,D,H,0.6444886998404424,0.23381839954783393,0.12169290061172372
29855410,2745,D,H,0.6508834072654087,0.20386985215434994,0.14524674058024145
29855411,2745,A,A,0.2357158253225628,0.2985348714235999,0.46574930325383723
29855414,2748,A,H,0.3998100983596498,0.23382914497980267,0.3663607566605474
29855429,2748,H,H,0.4028325108129237,0.31468914534663733,0.28247834384043896
29855430,2858,D,H,0.5284233993892617,0.273394217559132,0.19818238305160635
30472937,2858,A,H,0.5849490033943897,0.252166601320939,0.16288439528467125
30472938,2858,A,H,0.6132172940478665,0.22020988303240363,0.16657282291972975
30472939,2858,A,A,0.3105640741024901,0.2901838930635838,0.3992520328339261
30472940,2858,H,H,0.4346640988708668,0.31498838070466506,0.25034752042446806
30472941,2858,H,H,0.5354878980815593,0.30954757942567057,0.15496452249277012
30472942,2858,H,H,0.5088143349307469,0.2758408080460251,0.215344857023228
30472943,2858,D,A,0.31662733890130335,0.3119121252220318,0.37146053587666483
30472944,2858,D,A,0.2622005006922871,0.31066696985008385,0.42713252945762903
30472945,2894,A,H,0.45445107904598925,0.25019247503882236,0.2953564459151885
30472946,2894,H,A,0.2883342143164644,0.3047192678068543,0.40694651787668124
30472947,2894,H,H,0.4526207731782707,0.22190194117064146,0.3254772856510878
30472962,2894,A,A,0.3052479354070469,0.2409302083435559,0.453821856249397
30472967,2894,A,H,0.3958233798362157,0.31268483646385953,0.2914917836999247
30472969,2894,A,A,0.13344837608891671,0.16941731539664093,0.6971343085144424
30472970,2894,D,H,0.5467604024015257,0.24544368454681958,0.2077959130516547
30472971,2894,D,A,0.24621361673026596,0.24491115507952851,0.5088752281902056
30472978,2748,A,A,0.2675127607457308,0.2245530639062297,0.5079341753480395
30472980,2894,D,H,0.42725796502503277,0.291613302001677,0.2811287329732902
30472988,2894,D,H,0.5530791258921437,0.26316047569472323,0.18376039841313302
30472992,2748,D,A,0.1772043791129234,0.2539462517385367,0.56884936914854
30472995,2748,H,H,0.6078201309871557,0.21845624893598667,0.1737236200768577
30473003,2745,H,A,0.3206096842551998,0.3101226902955867,0.3692676254492135
30473004,2858,A,A,0.23927513347115362,0.26203811378023945,0.498686752748607
30473008,2748,D,A,0.29282025770697573,0.2601257754032811,0.44705396688974314
30473009,2748,H,H,0.3961018586316103,0.25138968828520625,0.3525084530831834
30473014,2747,H,H,0.6154919334799087,0.21031483350627983,0.1741932330138114
30473015,2747,A,A,0.3483226827261239,0.23557815520199424,0.4160991620718818
30473016,2747,A,H,0.42213086950404904,0.27643028421792826,0.3014388462780228
30473017,2747,A,H,0.541624552975763,0.2472156089943282,0.21115983802990887
30473018,2747,H,H,0.5231122948230011,0.2600836576100837,0.21680404756691513
30473019,2747,D,A,0.24055236645898706,0.2050299777306173,0.5544176558103956
30473020,2747,H,A,0.32748106316750875,0.2728556090696967,0.39966332776279456
30473021,2747,H,A,0.3328729076278787,0.2521441625031739,0.4149829298689473
30473024,2745,A,A,0.21509327870282882,0.2359954916985389,0.5489112295986324
30473025,2745,H,H,0.5270859128158072,0.2970710292288147,0.17584305795537805
30473026,2745,D,H,0.6342558307267352,0.18716947465370587,0.17857469461955883
30473027,2745,A,H,0.3893545579961777,0.32742525907995235,0.28322018292387
30473028,2745,A,H,0.4272002462663384,0.2798282712728548,0.2929714824608068
30473029,2745,A,A,0.22243948643382652,0.2695922023546735,0.5079683112114999
30473032,2748,A,H,0.33923989188868336,0.333917413925354,0.3268426941859626
30473033,2748,A,H,0.46826347652536504,0.24192537981103687,0.2898111436635981
30473042,2747,A,A,0.08038717491370376,0.16084585798150908,0.7587669671047871
30473046,2748,A,H,0.3541188693334469,0.3423121575261922,0.30356897314036096
30473048,2748,H,A,0.10607161459316129,0.26908135467420913,0.6248470307326295
30473050,2747,A,H,0.45907742505692256,0.26995748187213275,0.2709650930709447
30473051,2745,H,H,0.43320357738847287,0.2592976393244179,0.30749878328710917
30473054,2748,D,H,0.5868792299572119,0.21713476374804566,0.19598600629474253
30473056,2745,H,H,0.5285882775654949,0.2067080345526682,0.26470368788183685
30613808,2858,D,H,0.6721199793570173,0.19580347458798658,0.13207654605499622
31305761,2747,H,A,0.265126397951488,0.23439569632869886,0.5004779057198131
31305762,2747,A,H,0.6077415354492578,0.24333422349176068,0.14892424105898147
31305763,2747,A,A,0.32264710637923777,0.2708537415506309,0.40649915207013143
31305764,2747,H,H,0.7485876791162882,0.14337610163213838,0.10803621925157345
31305765,2747,D,A,0.12669110506259731,0.18619398576832782,0.6871149091690749
31305766,2747,A,A,0.20780226079171094,0.2755554791132599,0.5166422600950291
31305767,2747,A,A,0.1776128040068716,0.23289636003117953,0.5894908359619488
31305768,2747,H,A,0.3628030584467828,0.24043171774028532,0.39676522381293183
31305769,2747,A,A,0.289131785658227,0.25826799960486724,0.4526002147369058
31305770,2747,A,A,0.23957999801381116,0.25320796452546335,0.5072120374607255
31503252,2894,H,A,0.33681622572889963,0.3006084769019722,0.3625752973691283
31503417,2745,H,H,0.3596131422420251,0.3124409399783519,0.32794591777962306
31503437,2894,A,A,0.20014130004704633,0.27741449656135153,0.5224442033916021
31503448,2748,A,A,0.31286067967325487,0.25527590225126745,0.4318634180754778
31503453,2858,H,H,0.4333578557146199,0.30818560170883974,0.25845654257654027
31519684,2858,A,H,0.5016741061731215,0.25303016132773076,0.24529573249914774
31519685,2894,D,H,0.38876813645894215,0.25593255196683173,0.3552993115742262
31519686,2858,A,H,0.41165438472672194,0.320841777048684,0.2675038382245941
31519687,2858,H,H,0.6266544763241817,0.23460783061796592,0.13873769305785236
31519688,2858,D,A,0.15799726781887288,0.23867898817300598,0.6033237440081212
31519689,2858,H,H,0.6540995199410213,0.23730974100731722,0.10859073905166139
31519690,2748,H,H,0.49445044080018785,0.247746158703604,0.2578034004962082
31519691,2858,A,A,0.17080435890091314,0.2110679747367159,0.618127666362371
31519692,2858,H,H,0.601204080058145,0.21520018749147737,0.1835957324503776
31519693,2858,H,H,0.4540372038056383,0.26948631830133896,0.2764764778930228
31519694,2858,A,H,0.6124827986142948,0.2566116700092964,0.13090553137640876
31519695,2894,H,H,0.47321501452426123,0.26980590616532907,0.2569790793104097
31519696,2748,H,H,0.6618219304626913,0.22580528045978424,0.11237278907752438
31519697,2894,H,A,0.27690126062343157,0.22973433306099572,0.49336440631557277
31519698,2748,H,H,0.49702985776175324,0.26739172710322723,0.23557841513501943
31519699,2748,H,H,0.5353695721052696,0.2530879870822073,0.21154244081252307
31519700,2894,D,H,0.4136702561453936,0.29674869720462743,0.2895810466499789
31519701,2748,H,A,0.23927015989540573,0.2613842620654003,0.499345578039194
31519702,2748,H,H,0.401722161117884,0.26688559209732804,0.33139224678478796
31519703,2748,H,H,0.5003137042995963,0.32796433268448255,0.17172196301592105
31519704,2894,D,H,0.5501422407711701,0.24810306024896764,0.2017546989798622
31519705,2748,H,H,0.5200418996837808,0.22062928313555,0.25932881718066914
31519706,2894,A,H,0.5115272217839637,0.2522041070436297,0.23626867117240666
31519707,2894,D,H,0.7476975381362184,0.16219802574184877,0.0901044361219328
31519708,2748,H,H,0.40338611433220833,0.23659089667997946,0.36002298898781215
31519709,2894,D,A,0.38125939865155867,0.22711263932811565,0.39162796202032574
31519710,2745,D,H,0.4379594803229676,0.29943181113001816,0.2626087085470143
31519711,2745,D,A,0.18078499389000835,0.21535844186728265,0.6038565642427091
31519712,2745,D,H,0.38458499616350195,0.3026349368307231,0.31278006700577493
31519713,2745,D,H,0.6601993683072073,0.22420778748047615,0.11559284421231664
31519714,2745,A,A,0.3317787621873939,0.28073900873844565,0.3874822290741604
31519715,2745,H,H,0.6276964304565545,0.22015175492955297,0.15215181461389246
31519716,2745,D,A,0.23658632530341983,0.29095445579692114,0.47245921889965914
31519717,2745,D,H,0.768086080323814,0.16090552249514725,0.0710083971810388
32208492,2745,D,H,0.3834877702374935,0.320092125222713,0.29642010453979345
32208501,2894,H,A,0.2464916939840945,0.2780057339267576,0.47550257208914803
32208511,2748,A,A,0.0841774183043594,0.196068218945404,0.7197543627502366
32208516,2747,D,H,0.7853250689284954,0.135402767354826,0.07927216371667865
32208517,2858,D,H,0.42163886666517986,0.3073955001960169,0.27096563313880334
32208736,2747,H,H,0.5822631355856522,0.20349047855607477,0.21424638585827305
32290738,2747,H,H,0.4984214327643132,0.2773948133655724,0.2241837538701144
32290890,2858,H,A,0.32651742448040005,0.2932681765249788,0.38021439899462117
32291132,2894,H,A,0.3102942455530603,0.3028987142294441,0.3868070402174957
32291306,2745,H,A,0.24148688950268393,0.20811062008833356,0.5504024904089825
32291307,2745,A,H,0.43827374594847357,0.3053936378570915,0.2563326161944349
32291308,2745,A,A,0.2690823706037372,0.304264807624599,0.42665282177166375
32291309,2745,A,H,0.3602708272469924,0.28522679844869675,0.3545023743043109
32291904,2747,D,A,0.36488989091700824,0.25620739558396016,0.3789027134990316
32291913,2747,D,H,0.4686665543126936,0.2697467970684341,0.2615866486188723
32291921,2747,H,H,0.41595175122859696,0.25451439029909917,0.329533858472304
32291924,2747,H,H,0.7380330076458491,0.15636736711237456,0.1055996252417763
32291965,2858,A,A,0.2798993491229433,0.31112011716131355,0.4089805337157432
32292088,2748,D,A,0.2293984675504748,0.24906319314450123,0.5215383393050239
32292337,2894,A,H,0.5997970748758801,0.22142672432419452,0.17877620079992537
32292464,2745,H,H,0.5414300072379327,0.23115506983808246,0.22741492292398485
32292469,2858,H,H,0.44745938146827535,0.2959016532633208,0.2566389652684038
32292470,2858,H,A,0.20206199256027596,0.3339228037099686,0.46401520372975535
32292628,2894,D,A,0.3273766007842921,0.33602901457710455,0.3365943846386034
32292633,2748,H,H,0.38703753267957797,0.25173868992738174,0.3612237773930402
32292650,2858,H,H,0.603946253080096,0.2247508325132014,0.17130291440670262
32292964,2747,D,A,0.18670164186947608,0.1855958408773277,0.6277025172531961
32617668,2894,A,A,0.27672256604746714,0.23033162907440838,0.49294580487812434
32617693,2748,A,H,0.4992663491975549,0.23558129047848714,0.265152360323958
32617936,2858,A,A,0.29855094374081753,0.3189420401586748,0.3825070161005076
32618229,2748,D,A,0.2544307877580201,0.31576738408006105,0.42980182816191875
32618241,2748,A,H,0.41950242513363206,0.287553351366431,0.29294422349993693
32618244,2748,D,H,0.4691428859594649,0.29907665248280796,0.23178046155772722
32618247,2748,A,H,0.5449500825703553,0.24386241549735485,0.21118750193228994
32618290,2894,H,H,0.4988260190713353,0.3024640128591815,0.19870996806948316
32618291,2894,H,A,0.3331496662930531,0.2983677172723056,0.36848261643464125
32618519,2747,A,A,0.3505568638407986,0.2985388123187408,0.3509043238404606
32618528,2747,H,H,0.3930629858427422,0.2543475404782076,0.3525894736790501
32618615,2745,H,H,0.5548627619761852,0.26316515853073386,0.18197207949308095
32618765,2858,H,H,0.4996175961875221,0.24475113915555513,0.2556312646569228
32618959,2748,H,A,0.3626862952663904,0.23214308009973533,0.40517062463387415
32618983,2745,H,H,0.45818107163497795,0.24255713664208597,0.29926179172293604
32619003,2894,H,H,0.5505137985459974,0.22182374958031095,0.2276624518736917
32619048,2858,H,H,0.4235954050684178,0.29476153597732746,0.28164305895425473
32619073,2745,A,A,0.32956775800328286,0.2971667734300899,0.37326546856662723
32619110,2748,A,A,0.34348620775033795,0.25845823501912685,0.3980555572305353
32619111,2894,A,A,0.2919655542482539,0.20440232139103476,0.5036321243607115
32619128,2858,H,H,0.36012664935827604,0.2933366530473644,0.34653669759435957
32878349,2894,H,A,0.35097953514862906,0.24422991145880654,0.4047905533925643
32881566,2894,D,A,0.2991022717321557,0.2315145132567034,0.469383215011141
32881567,2894,H,H,0.6073354766946423,0.233175456265791,0.1594890670395667
32881568,2894,H,H,0.5286725204072531,0.25431861852898074,0.21700886106376616
32881569,2894,D,H,0.36062108537359916,0.3114019603150113,0.3279769543113896
32881570,2894,H,A,0.36873668398609827,0.22804475365782698,0.4032185623560747
32881571,2894,A,A,0.3217687361410206,0.2802415471150509,0.3979897167439284
32881572,2894,D,H,0.38697071008072437,0.23701996174069584,0.3760093281785798
32881573,2745,H,H,0.37190525932601737,0.27223307764787974,0.35586166302610295
32881574,2745,H,H,0.7951347790712161,0.14078769882028616,0.0640775221084977
32881575,2745,H,A,0.3025603275623401,0.3050796956903339,0.392359976747326
32881576,2745,A,A,0.27398628064363956,0.2908780289240364,0.43513569043232403
32881577,2745,H,H,0.36774576461659114,0.30466698175030804,0.32758725363310087
32881578,2745,D,H,0.47274102538576074,0.2973590849100582,0.22989988970418104
32881579,2745,H,H,0.6002928870088929,0.23847644948225408,0.16123066350885296
32881580,2745,D,H,0.3665715300056225,0.27962793898153704,0.35380053101284054
32881581,2894,D,H,0.6413620029489595,0.21520047607797385,0.14343752097306664
32881582,2894,A,A,0.3161124261894486,0.30255768428804936,0.38132988952250213
32881583,2745,D,A,0.11381918456733667,0.21809026229417347,0.6680905531384899
32881584,2894,H,A,0.3226984045134946,0.2826351021493327,0.39466649333717263
32881585,2858,A,H,0.5020709892277886,0.28708562609609684,0.21084338467611455
32881586,2858,H,H,0.4876789190871287,0.317292188908809,0.19502889200406226
32881587,2858,H,H,0.5676249982199363,0.2400442210904081,0.1923307806896556
32881588,2858,H,A,0.16856500127343427,0.25933533041099593,0.5720996683155698
32881589,2858,H,H,0.6253103134563144,0.24698835903804434,0.12770132750564128
32881590,2858,H,H,0.6248006043093094,0.21613601344825642,0.1590633822424342
32881591,2858,A,H,0.4829071295188838,0.28780573202305226,0.229287138458064
32881592,2858,D,H,0.441129895598141,0.2790381891232303,0.2798319152786288
32881593,2858,A,H,0.39449696894679004,0.30260954950527136,0.3028934815479386
32881594,2858,H,A,0.2724775397614307,0.21236463762210386,0.5151578226164655
32914267,2747,H,H,0.36710919331686603,0.2726796600139959,0.36021114666913817
32914288,2747,H,H,0.49092240632887313,0.21327115905802962,0.2958064346130972
32914313,2747,D,A,0.3352701507093076,0.2994106446626596,0.36531920462803286
32918880,2747,D,A,0.3212157628222531,0.2784058029093561,0.4003784342683908
32918881,2747,A,A,0.17789145495205144,0.21499770692784392,0.6071108381201047
32918882,2747,A,H,0.3510276170082742,0.3255889644975145,0.32338341849421137
32918883,2747,A,A,0.21854613178053903,0.22592156302651473,0.5555323051929463
32918884,2747,H,H,0.4191677640025703,0.18479053802407727,0.39604169797335254
32918885,2747,A,A,0.33484858462239075,0.2383463287697994,0.42680508660780986
32918886,2747,H,A,0.15845509686792364,0.24455504570743647,0.5969898574246398
33067428,2748,A,A,0.2919193425424531,0.2749064756051232,0.4331741818524237
33067432,2858,A,H,0.3486594544999927,0.31343197153390406,0.3379085739661033
33075124,2748,H,H,0.4200001258138674,0.2856530291432099,0.2943468450429227
33075125,2748,A,A,0.2538456288382934,0.24578890452604002,0.5003654666356666
33075126,2748,H,H,0.5982450271450558,0.24540870035973195,0.15634627249521227
33075127,2748,A,H,0.6677370046780542,0.1834299304008738,0.14883306492107196
33075128,2748,H,H,0.675217672787307,0.21897797112501444,0.10580435608767849
33075129,2748,H,A,0.2995540928356244,0.25536975363306397,0.44507615353131164
33075130,2748,A,A,0.2228304810316154,0.27420432410398926,0.5029651948643953
33075131,2748,A,H,0.419951350698933,0.2764474801706882,0.30360116913037877
33075132,2748,H,H,0.7275704958985774,0.1800644532461592,0.09236505085526352
33142107,2747,H,H,0.3933514556479392,0.2532517163618913,0.3533968279901695
33142689,2747,H,H,0.6486035660618859,0.20016316790458932,0.15123326603352488
33142693,2747,H,H,0.5529289780095479,0.2375585145886775,0.20951250740177457
33143008,2858,H,A,0.24275776818136127,0.3224013732854801,0.4348408585331586
33143513,2858,H,H,0.6609120831203472,0.22426895366418131,0.11481896321547143
33143710,2858,H,H,0.6038149288870228,0.21141307249682775,0.18477199861614949
33470154,2858,H,H,0.3638526293914153,0.2964520437755474,0.33969532683303727
33470255,2747,H,H,0.37277857635319933,0.2998352678934028,0.3273861557533979
33470263,2747,A,A,0.1368859773773798,0.17108528737873124,0.6920287352438889
33470267,2747,H,A,0.37008814668897666,0.2510934888672035,0.3788183644438198
33470270,2747,H,H,0.6940221087791747,0.18238302313013027,0.12359486809069502
33470913,2858,H,H,0.47839933249179334,0.25971763966437716,0.2618830278438295
33471085,2747,H,H,0.4829969859462208,0.22862794126899047,0.28837507278478886
33471158,2858,H,H,0.3743376136827865,0.2965341049551927,0.32912828136202077
33471243,2858,A,A,0.15493702963341202,0.2758516927707131,0.569211277595875
33739989,2858,D,H,0.3512719428774267,0.3038967428784907,0.3448313142440826
33740007,2858,A,H,0.36632852738987953,0.31115603966451466,0.32251543294560586
33740009,2747,D,H,0.4693457721668211,0.2721821595954375,0.2584720682377414
33773791,2858,H,H,0.7094892022112197,0.1876020617241344,0.10290873606464586
33773792,2858,H,H,0.5156720657191876,0.2887341693894286,0.19559376489138391
33773817,2894,D,A,0.18355787811532584,0.23764117321748504,0.5788009486671891
33773823,2747,H,H,0.6685234417959568,0.17082735136015495,0.16064920684388825
33773832,2858,H,A,0.2779750289956744,0.2637311767104399,0.45829379429388584
33826461,2894,H,H,0.552841129197142,0.27377711196737375,0.1733817588354842
33826462,2894,H,H,0.6528203840398065,0.1871228007850222,0.16005681517517129
33826463,2894,A,A,0.2459292645348914,0.28711752560501796,0.46695320986009065
33826464,2894,D,A,0.29595406186590034,0.2421912019666233,0.46185473616747635
33826529,2858,D,A,0.29874978500586474,0.2627132128692493,0.43853700212488594
33826584,2894,A,A,0.23134466055243058,0.2541113017127454,0.514544037734824
33826585,2894,H,H,0.5280203845657377,0.23648150170282306,0.2354981137314392
33826586,2894,D,A,0.3256536503449794,0.2703714230832227,0.403974926571798
33826587,2894,D,H,0.6309619671822245,0.2345101174864537,0.13452791533132183
33826590,2858,H,H,0.6845834752656249,0.20050984110898215,0.11490668362539305
33826591,2858,H,H,0.3739896924161871,0.27845010441456486,0.347560203169248
33896076,2858,H,H,0.5574973093827127,0.25691318119007744,0.1855895094272098
33896077,2858,H,H,0.49625526804627923,0.2906782013606135,0.21306653059310726
33896108,2894,H,A,0.2844454738733872,0.2704915292288584,0.4450629968977545
33896117,2858,A,H,0.4845912780460171,0.27138885926627593,0.24401986268770684
33896118,2858,H,H,0.4874211567710868,0.3281465481285764,0.18443229510033668
33926436,2745,A,H,0.6272803541998986,0.22950575034552895,0.14321389545457253
33998997,2745,A,H,0.6536569622850774,0.20844433336597012,0.13789870434895254
34007594,2894,H,A,0.37476461194719896,0.21846740539911527,0.40676798265368563
34007688,2745,A,H,0.4181079096848136,0.2606354916272474,0.3212565986879389
34007689,2745,H,H,0.36157943394037806,0.2955623630514087,0.34285820300821324
34007690,2745,H,H,0.5601579914487478,0.2766844354878351,0.16315757306341708
34007691,2745,H,A,0.2890094761078339,0.2944838691651757,0.4165066547269904
34007692,2745,H,D,0.3337398614833546,0.3397257876033642,0.32653435091328115
34007749,2747,A,A,0.3645321706734464,0.2463505239377375,0.38911730538881595
34007759,2747,H,H,0.8024014345791244,0.1324981267797652,0.06510043864111052
34007765,2747,H,H,0.4476204917597798,0.2701300451945376,0.2822494630456826
34007766,2747,H,A,0.22901851689068345,0.2399229202559224,0.5310585628533941
34008157,2748,H,A,0.3448148250782962,0.23106096831102407,0.42412420661067973
34008448,2894,A,A,0.36908434356096415,0.22527111076000442,0.4056445456790315
34008538,2747,H,H,0.5124000008009013,0.2292134619568757,0.258386537242223
34008540,2745,A,A,0.17237121032359368,0.23151358469186778,0.5961152049845385
34008576,2748,H,A,0.2971978396850346,0.25431041715067493,0.4484917431642905
34008695,2894,H,H,0.40043774870598997,0.3000493605129836,0.2995128907810264
34008702,2748,H,H,0.43883530527237763,0.23248973713317778,0.32867495759444454
34020902,2747,H,H,0.4334368355269191,0.264686707997958,0.301876456475123
34020903,2747,A,H,0.6995086183443259,0.17536166724344687,0.12512971441222717
34020904,2747,H,H,0.45565022547757494,0.2705927962263788,0.2737569782960464
34020905,2747,H,A,0.26667914505573437,0.2777961648507414,0.4555246900935242
34020906,2747,A,A,0.31965691579716976,0.19330320267231602,0.4870398815305142
34020907,2745,H,H,0.523573692399171,0.21970044777958395,0.2567258598212451
34306668,2894,A,A,0.3576778547024186,0.240216629625993,0.40210551567158853
34306712,2748,A,A,0.1600585891128269,0.2948399707334803,0.5451014401536928
34307168,2748,D,A,0.2430266299435494,0.30665558037089924,0.4503177896855514
34307173,2748,D,H,0.3669215513882476,0.305884037818215,0.3271944107935373
34307177,2748,H,H,0.4243907343321035,0.2894411887931529,0.2861680768747437
34307180,2748,A,A,0.33722617626093837,0.28393248020101425,0.3788413435380474
34307232,2894,D,H,0.4144247827618703,0.28842117451442845,0.2971540427237012
34307775,2748,H,H,0.41677308865195317,0.24442118892832962,0.3388057224197172
34307824,2894,H,H,0.5363405710832735,0.2031774745099877,0.2604819544067388
34307916,2748,A,A,0.12537015215282205,0.20906809423993952,0.6655617536072383
34307917,2894,A,H,0.42455237518573397,0.33127943624423595,0.24416818857003006
34539269,2894,H,A,0.3122647066821857,0.30145757277813295,0.38627772053968146
34539270,2894,H,H,0.6006279644497241,0.251047034586432,0.14832500096384385
34539314,2894,D,H,0.3828789272742509,0.25885531788065697,0.35826575484509215
34694914,2745,H,H,0.5731932034657216,0.23611648157593917,0.19069031495833935
34694915,2745,D,A,0.22211290695682914,0.27819860879047364,0.4996884842526972
34694916,2745,H,H,0.683731857296612,0.19249870910771627,0.12376943359567173
34694917,2745,H,A,0.3009235745451419,0.3326584725684309,0.36641795288642715
34694918,2745,H,H,0.5115508199093903,0.2641308536874805,0.22431832640312915
34694919,2745,H,A,0.3127626004177257,0.3052511781128278,0.3819862214694465
34694920,2745,H,H,0.4518431370501426,0.2562157307035063,0.29194113224635115
34694921,2745,H,H,0.8008131535799728,0.14263320153363562,0.05655364488639149
34694922,2745,H,H,0.5102110522671082,0.29498069505619284,0.19480825267669907
34694923,2748,H,H,0.7221686878992704,0.1974475558586382,0.08038375624209138
34694924,2748,D,A,0.3221214380878059,0.277200219318813,0.4006783425933811
34694925,2748,D,H,0.4835085913255531,0.27498834186587895,0.24150306680856778
34694926,2748,H,H,0.5807972604928966,0.2538903915807884,0.16531234792631505
34694927,2748,D,H,0.4381145102039406,0.2543061414597655,0.30757934833629397
34694929,2748,H,H,0.47394158166548095,0.2585973330558092,0.2674610852787098
34694930,2748,H,A,0.3092322083422053,0.27644024339109213,0.41432754826670265
34694931,2748,H,H,0.7597228737019966,0.17104484538294945,0.06923228091505393
34694932,2748,H,H,0.39655102862222563,0.24909159516834445,0.35435737620943
34694933,2748,H,H,0.5432167211761151,0.20731426581843226,0.2494690130054527
34694941,2858,H,H,0.41512862956253627,0.34185277855285845,0.24301859188460528
34694942,2858,A,A,0.14341079178194352,0.22928709362535465,0.6273021145927018
34694943,2858,A,D,0.3263765691246577,0.3502999380265742,0.32332349284876805
34694944,2858,H,A,0.12274900432457098,0.19611074477755336,0.6811402508978757
34694945,2858,A,H,0.4733350404067593,0.2702065383833319,0.2564584212099088
34694946,2858,H,H,0.6725018774550723,0.19937492451085534,0.12812319803407235
34694947,2858,H,H,0.4675026285550934,0.24940718578011553,0.283090185664791
34694948,2858,H,H,0.4237570226923419,0.3146449968347416,0.2615979804729165
34694949,2858,D,H,0.4444564039539171,0.28994684205519267,0.26559675399089017
34694950,2858,H,H,0.4832656330214165,0.3067745016603777,0.2099598653182057
34729989,2894,D,H,0.6339965675598105,0.20945771279414932,0.15654571964604014
34812556,2747,D,A,0.14647571903201057,0.18751890805227386,0.6660053729157156
34812925,2894,H,A,0.28069417142522524,0.2945641265728624,0.4247417020019123
34813237,2747,H,H,0.45822272134177106,0.21566192741312937,0.3261153512450997
34813239,2747,D,H,0.533767862243602,0.2414907120556977,0.22474142570070035
34813241,2747,H,H,0.5051540764189841,0.24056824260016021,0.2542776809808557
34813245,2747,H,H,0.5252019966279082,0.2595292939329089,0.21526870943918283
34813246,2747,A,A,0.25400742875761695,0.2648548269435671,0.48113774429881606
34813738,2894,H,A,0.1791734983990633,0.2837890421957539,0.5370374594051828
34813981,2894,H,H,0.5799945483991057,0.22539916403350022,0.19460628756739418
34825253,2894,D,A,0.31212720266568394,0.2925536815977288,0.3953191157365873
34825254,2747,A,A,0.20085172498516263,0.29454228778668035,0.504605987228157
34825255,2747,A,H,0.5453076589062215,0.20655989006664952,0.24813245102712905
34825256,2747,H,H,0.5249017641055396,0.21953810582503228,0.2555601300694281
34825257,2747,A,A,0.07804644253670893,0.15707212393112668,0.7648814335321645
34825259,2894,H,H,0.6286246764839996,0.2300824577777037,0.1412928657382967
34825260,2894,D,A,0.3441029870700279,0.24549736124356827,0.4103996516864039
34825261,2894,A,A,0.2896125821657742,0.3022845962313038,0.4081028216029219
34825262,2894,H,H,0.41176912794525095,0.25096283802459224,0.3372680340301568
34825263,2894,H,A,0.2020870650961832,0.2551555675884694,0.5427573673153474
35436439,2745,A,A,0.17872005851468836,0.2144475187359098,0.6068324227494019
35436440,2745,A,H,0.48206487873721665,0.29052840975469973,0.22740671150808353
35436441,2858,D,H,0.43960858056947594,0.2771152281633666,0.2832761912671575
35436442,2745,D,H,0.6238659650249404,0.19919482097240368,0.17693921400265594
35436443,2858,H,A,0.2297711136086876,0.26988956065378084,0.5003393257375316
35436444,2858,H,H,0.6570544529223146,0.20495189764824404,0.13799364942944142
35436445,2858,A,H,0.47178928315793606,0.3199519157711117,0.2082588010709523
35436446,2745,A,H,0.6674008840717616,0.1958676864409113,0.13673142948732722
35436447,2858,D,H,0.5348639956564969,0.2822318001292383,0.18290420421426482
35436448,2858,A,H,0.5732806835592522,0.23968172533440119,0.18703759110634652
35436449,2745,D,H,0.41262063429717105,0.28392987295474104,0.30344949274808797
35436450,2745,D,A,0.22816231884682106,0.34578678960035686,0.42605089155282216
35436451,2745,D,D,0.34300316204370784,0.37243989810433153,0.2845569398519607
35436452,2745,H,A,0.3289172060025322,0.2563771936852453,0.4147056003122226
35436453,2745,H,H,0.3921605351013171,0.29346898820619594,0.31437047669248697
35436454,2894,H,H,0.48079328068142263,0.23483925043779857,0.28436746888077874
35436455,2747,D,H,0.700993141789743,0.17590503933780097,0.12310181887245598
35436456,2894,H,A,0.21213455121286046,0.24795027292083444,0.539915175866305
35436457,2894,D,H,0.49419266467778883,0.2615120773253852,0.2442952579968259
35436458,2894,A,A,0.3180639289467642,0.22536574614253502,0.45657032491070076
35436459,2747,H,H,0.788557877499532,0.12202857557578602,0.08941354692468205
35436460,2894,D,A,0.3466272813263756,0.2360634079682495,0.41730931070537486
35436461,2747,H,H,0.6847062655425568,0.19149761570628934,0.12379611875115382
35436462,2747,H,H,0.4618770047914431,0.25410469867122965,0.2840182965373273
35436463,2894,D,H,0.4398360039119956,0.2815982528501227,0.2785657432378817
35436464,2894,H,H,0.6712632619086956,0.21896083114120612,0.1097759069500983
35436465,2858,H,H,0.3717810391328665,0.31168026146529837,0.3165386994018352
35436466,2747,H,A,0.11428138496434238,0.20789080730113477,0.6778278077345228
35436467,2894,H,H,0.5734700276095165,0.26473791617784787,0.16179205621263565
35436468,2858,H,H,0.4716216814788743,0.27152042704935136,0.2568578914717744
35436469,2894,A,A,0.32735972173891587,0.30501521029223594,0.3676250679688482
35436470,2858,H,H,0.47368594709215933,0.3076075961804399,0.21870645672740072
35436471,2858,A,A,0.36072626661904456,0.26185524994053816,0.3774184834404173
35436472,2894,A,A,0.2716460721714328,0.2765967241773409,0.4517572036512263
35436473,2747,D,H,0.4091340721700188,0.2708993430529206,0.3199665847770605
35436474,2747,D,H,0.5118163955037947,0.20217281050226568,0.2860107939939397
35436475,2747,D,H,0.4562385807060961,0.22815935928935283,0.3156020600045512
35436476,2747,A,A,0.21740202035599698,0.23886663761253948,0.5437313420314636
35436477,2747,A,H,0.3800126359959679,0.2846908496912523,0.33529651431277985
35494127,2748,A,A,0.23596838308981047,0.24918586483907876,0.5148457520711107
35494128,2748,A,A,0.13408780706449136,0.19674345092640302,0.6691687420091056
35494129,2748,D,H,0.4199358296574153,0.28439773778488847,0.29566643255769626
35494130,2748,H,H,0.4298077732326554,0.26684060529551695,0.3033516214718277
35494131,2748,D,H,0.6524786768481851,0.2095363703976269,0.137984952754188
35494132,2748,D,A,0.2369278736028129,0.31703097977622374,0.4460411466209632
35494133,2748,H,H,0.3891886599236915,0.2478005927970703,0.36301074727923816
35494134,2748,A,A,0.13315098572189393,0.23939014219783472,0.6274588720802714
35494135,2748,A,A,0.2836609927932712,0.2680771349634343,0.44826187224329433
35494136,2748,H,H,0.35852825682429473,0.29918852548042973,0.34228321769527564
36154853,2858,D,A,0.3329758134276849,0.2976468016803481,0.36937738489196703
36154854,2858,H,H,0.5520225123441492,0.2679574636666184,0.1800200239892324
36154900,2858,H,A,0.11818436348697849,0.2192335295056194,0.6625821070074022
36156856,2858,H,H,0.6613831847798958,0.20917721023890062,0.12943960498120358
36156857,2858,A,H,0.515178186393504,0.2706624120247055,0.2141594015817905
36156858,2858,D,A,0.1659973645617924,0.23375215160688964,0.600250483831318
36156859,2858,H,H,0.4007196177391383,0.3118507424755865,0.2874296397852753
36156860,2858,H,A,0.3433037324805389,0.27655336764280397,0.3801428998766572
36156861,2858,D,A,0.26224665722926527,0.31312384345910266,0.42462949931163213
36156862,2858,H,H,0.6564362818034594,0.21554443593614375,0.12801928226039685
36266257,2745,D,H,0.42643784189937844,0.260102677091943,0.3134594810086787
36266258,2745,H,A,0.18898874581687644,0.2639954024028049,0.5470158517803186
36266259,2745,H,H,0.46797483216007707,0.3141685704982538,0.2178565973416691
36266260,2745,H,H,0.5551689115998751,0.24386377573137077,0.20096731266875406
36266261,2745,H,H,0.6853546441332199,0.22445058121213865,0.0901947746546414
36266262,2745,H,H,0.36043652576543506,0.29589964259111184,0.3436638316434531
36266263,2745,A,H,0.5643752214954116,0.2881957619532044,0.14742901655138388
36266264,2745,A,A,0.1833273492483573,0.22632891203908287,0.5903437387125597
36266265,2745,D,H,0.7384594385819164,0.15937168880263122,0.1021688726154523
36381834,2748,H,D,0.31860611041407144,0.3503576109261184,0.33103627865981017
36381835,2748,H,H,0.40171195400937315,0.2744925297531134,0.32379551623751357
36381836,2748,H,H,0.6448029310114851,0.21473385000836695,0.140463218980148
36381837,2748,A,H,0.4462753360485896,0.2692557709510054,0.28446889300040507
36381838,2748,H,H,0.48577454754545996,0.24184658409654192,0.2723788683579982
36381839,2748,A,H,0.5316908053756579,0.25803410945014965,0.21027508517419236
36381840,2748,H,H,0.7923269756063571,0.15646127410601882,0.05121175028762407
36381841,2748,D,A,0.24041876512188415,0.20664561372134937,0.5529356211567664
36381842,2748,H,H,0.46205864757472326,0.2450329042811363,0.29290844814414047
36381843,2748,D,H,0.5022613295419551,0.23857334499130944,0.25916532546673543
36388689,2894,H,H,0.37350064270952943,0.26736571270935716,0.35913364458111346
36388692,2894,D,A,0.245118404958417,0.3036116862896956,0.4512699087518875
36388712,2894,A,A,0.3044621640616832,0.29842898250634664,0.3971088534319702
36388713,2894,H,H,0.37904863905414454,0.25050677362050466,0.37044458732535074
36388714,2894,H,H,0.43972836299351686,0.24293441536317528,0.31733722164330774
36635752,2894,D,A,0.2493221003385994,0.23303250503858508,0.5176453946228157
36635753,2894,A,A,0.34935536271734857,0.265180058429254,0.38546457885339747
36635757,2894,H,H,0.6375049746393012,0.22293412786135627,0.13956089749934245
36635758,2894,D,A,0.316881496100364,0.2965929265411862,0.3865255773584499
36635760,2894,A,H,0.5361782881671984,0.2514419953897596,0.21237971644304204
36636536,2747,H,H,0.6988166109024319,0.18686220882465998,0.11432118027290808
36636537,2747,H,A,0.37397581418595044,0.21548864556641492,0.41053554024763456
36636538,2747,H,A,0.15902764127875454,0.18633127730478544,0.6546410814164599
36636539,2747,D,A,0.14510416968059162,0.20657641224135445,0.6483194180780539
36636540,2747,D,H,0.5317215013297978,0.24606442816715648,0.2222140705030457
36636541,2747,H,H,0.37956988870350655,0.2842759034426018,0.3361542078538916
36636542,2747,A,A,0.2640331871938675,0.29851712009626524,0.4374496927098673
36636543,2747,H,H,0.3656931616862489,0.2744775674096401,0.35982927090411104
36636544,2747,H,H,0.5043052758602008,0.2020332676445492,0.29366145649525
36636545,2747,D,A,0.12757503814384172,0.22551827950936312,0.6469066823467952
36636590,2858,A,H,0.5528399499076029,0.29025696661189143,0.15690308348050566
36636592,2858,H,H,0.5171106823563568,0.2565419019545667,0.22634741568907646
36636593,2858,H,H,0.6206832524262809,0.2338496542518184,0.14546709332190086
36636594,2858,H,H,0.4030970349513331,0.2804839791373455,0.3164189859113213
36636595,2858,H,A,0.3463047189181675,0.30552972185023536,0.3481655592315972
36636596,2858,H,A,0.26196124651872826,0.2816733630434629,0.45636539043780877
36636597,2858,D,H,0.5383054290016094,0.2690614463855518,0.19263312461283874
36636598,2858,A,H,0.48300638430891557,0.28038141480419937,0.23661220088688512
36636599,2858,D,H,0.5076573605381498,0.2895433145180767,0.20279932494377348
36636600,2858,A,A,0.2821355279184623,0.25258612687058474,0.465278345210953
37091365,2748,H,A,0.08878957386138613,0.22874825322277667,0.6824621729158371
37091366,2748,A,A,0.17474834424821878,0.2140464144474338,0.6112052413043474
37091367,2748,A,H,0.45077269127707864,0.2857805461964044,0.26344676252651694
37091368,2748,H,A,0.32925165152770497,0.2951878563484892,0.37556049212380593
37091369,2748,H,H,0.4905702012083467,0.29420126519512707,0.21522853359652613
37091370,2748,H,A,0.30573166602902085,0.2662321108481609,0.42803622312281814
37091371,2748,A,H,0.593135201662729,0.21896533589388845,0.18789946244338254
37091373,2748,A,A,0.27689471697971607,0.2188117121703086,0.5042935708499754
37091374,2748,A,A,0.34719856004283794,0.25865771792312797,0.3941437220340342
37091375,2748,D,A,0.16021466364978515,0.26074974437206416,0.5790355919781506
37104505,2858,D,H,0.4609863012005611,0.2902722149190971,0.2487414838803417
37104506,2858,H,H,0.46568153883805063,0.2733324919529598,0.26098596920898953
37104507,2858,D,A,0.38210518946914396,0.21801115459597206,0.39988365593488406
37104508,2858,D,H,0.6349907834297158,0.2054310554999463,0.1595781610703379
37104509,2858,H,A,0.2038985036347179,0.24302432484229167,0.5530771715229904
37327732,2894,H,H,0.44670933619215775,0.2544645548065139,0.2988261090013284
37327733,2894,H,A,0.26830841513282444,0.31675998875185407,0.4149315961153215
37327734,2894,A,A,0.24778741620030728,0.25880216747028906,0.49341041632940374
37327735,2894,H,H,0.7172799199207448,0.2118577289875018,0.07086235109175333
37327736,2894,H,H,0.6082934009393707,0.2354959002761244,0.15621069878450497
37327737,2894,A,A,0.29654951620743314,0.2647418710402789,0.438708612752288
37327739,2894,A,A,0.26851512480062373,0.28509601870521906,0.4463888564941572
37327741,2894,H,H,0.6378656762002048,0.21685163111069594,0.1452826926890993
37327743,2894,A,A,0.3001081527028382,0.23452430031535854,0.4653675469818033
37327745,2894,A,A,0.34505889027431697,0.26849129606856825,0.3864498136571147
37328445,2858,H,H,0.44818504528643516,0.27835755869693746,0.2734573960166275
37328446,2858,D,H,0.404443139448929,0.32096325531375297,0.2745936052373181
37328447,2858,D,H,0.4262657878570296,0.29102615166054924,0.28270806048242114
37328448,2858,D,H,0.3512643764001709,0.33879602042719953,0.3099396031726296
37328449,2858,H,A,0.3488640694863307,0.2745994854733017,0.37653644504036765
38160876,2894,A,H,0.3884474714974186,0.2992208596943615,0.3123316688082198
