fixture_id,season_id,y_true,y_pred,p_home,p_draw,p_away
9922008,2745,A,H,0.3909554590183206,0.2608963485979945,0.3481481923836849
9922032,2747,A,H,0.41126327834561277,0.24057884130315652,0.3481578803512307
9922033,2748,H,H,0.48300459072575197,0.23869037192829298,0.278305037345955
9971689,2747,D,A,0.2974820610162655,0.3105162411846741,0.3920016977990604
9971877,2745,H,H,0.4412829234974648,0.18253774418749089,0.37617933231504436
9971878,2745,H,H,0.4584049386068017,0.19276181863009076,0.3488332427631074
9971879,2745,D,H,0.4855181969758591,0.21571036504111044,0.2987714379830306
9971880,2745,A,H,0.3679214241801287,0.28708821815414653,0.34499035766572483
9971881,2745,A,H,0.45042836605990577,0.21120826537111803,0.33836336856897614
9972251,2748,A,A,0.30911694238663184,0.25963383772663523,0.431249219886733
9972432,2747,A,A,0.30818558883097136,0.26050924616510646,0.4313051650039221
9972438,2745,H,H,0.3879981304942528,0.24179691163917114,0.3702049578665761
9972548,2748,A,A,0.3248667604734215,0.2370788376964585,0.43805440183011995
9974057,2747,H,A,0.3713867106033241,0.16770716248410786,0.4609061269125681
9974058,2747,H,H,0.40500171582507843,0.258102789841925,0.3368954943329966
9974059,2747,H,H,0.4121356880414319,0.2703374699228751,0.3175268420356929
9974060,2747,H,H,0.5835731092776972,0.1610427214631502,0.25538416925915264
10138577,2748,D,A,0.3856047257267745,0.20409482428655978,0.4103004499866657
10138725,2747,D,A,0.3743380665852306,0.22023970357309056,0.4054222298416789
10138726,2747,A,A,0.36498973039305793,0.24703423461231203,0.38797603499463
10138727,2748,H,H,0.39301057672469697,0.2834553274302312,0.32353409584507187
10138728,2748,D,H,0.3968705810191677,0.2556924278695138,0.3474369911113184
10138729,2748,H,A,0.28207385258346784,0.3133302569912829,0.4045958904252493
10138730,2748,H,H,0.43122339889371364,0.23224987009206238,0.336526731014224
10138848,2745,D,H,0.4167950619342164,0.23782070907550118,0.3453842289902825
10138967,2748,A,H,0.5246152862586131,0.19903566148021593,0.276349052261171
10138975,2747,A,A,0.33466491273479015,0.1995010072780117,0.46583407998719806
10138976,2745,H,H,0.5298283704773319,0.20562901705357844,0.2645426124690896
10139097,2748,H,H,0.504094643003674,0.2220182248880328,0.27388713210829324
10378209,2745,A,H,0.5127733438159823,0.21563047490475154,0.2715961812792662
10378240,2748,D,H,0.3533191792048327,0.2966575048503026,0.35002331594486463
10378242,2858,H,H,0.36684754798700414,0.354838059470628,0.2783143925423678
10439662,2747,H,A,0.359253992646523,0.23224797040234876,0.4084980369511283
10439949,2745,A,H,0.5496620609082332,0.2740077617192205,0.1763301773725462
10439950,2745,D,H,0.4544490063206357,0.19125138240383363,0.35429961127553083
10439951,2745,H,A,0.3120569822355036,0.29697642399336827,0.3909665937711282
10439952,2745,D,H,0.529257870513991,0.2693048671783122,0.20143726230769676
10439953,2745,D,H,0.37000597778513117,0.2907709291127981,0.33922309310207077
10440255,2747,H,H,0.4948770440114959,0.23037490787373188,0.27474804811477216
10440259,2747,D,A,0.3701457433469091,0.22728833734198595,0.40256591931110497
10440260,2747,H,H,0.56701671768263,0.16906426053588755,0.2639190217814825
10440263,2747,D,A,0.20935145929367752,0.25692613873570874,0.5337224019706137
10440264,2747,D,A,0.31865394325285046,0.2909697152857462,0.3903763414614034
10440616,2858,D,H,0.3829989175112106,0.33275186569982185,0.28424921678896753
10440620,2748,D,H,0.4957081553921366,0.21338814201795034,0.2909037025899131
10440768,2747,H,H,0.4680536719053795,0.20968752267693688,0.32225880541768354
10440771,2745,D,A,0.2266325213442698,0.26189179467628704,0.5114756839794432
10440772,2894,H,A,0.3765556380604261,0.2164288592565336,0.4070155026830402
10440773,2894,A,A,0.35262561555568045,0.19228353766489023,0.4550908467794293
10440800,2858,A,H,0.3576941323072499,0.2985823322590547,0.3437235354336954
10440868,2894,A,A,0.3134974630073295,0.1504234272546269,0.5360791097380435
10440869,2894,A,A,0.3597433665740371,0.18202627758155907,0.4582303558444039
10440882,2858,D,H,0.4131514247789788,0.29923361860564757,0.28761495661537373
10440883,2748,H,H,0.7009716176214422,0.14969016066310015,0.14933822171545758
10634172,2748,H,A,0.14479259426812335,0.24223203508943872,0.6129753706424379
10634400,2747,H,A,0.3956103426606149,0.16035135391339514,0.4440383034259899
10634449,2745,D,H,0.3741516543580772,0.2613181799655434,0.3645301656763795
10634600,2748,D,H,0.36529740063293786,0.31817683700628596,0.31652576236077623
10634611,2747,D,A,0.33063106349089866,0.23169361861406085,0.43767531789504044
10634612,2745,H,H,0.6489740260002101,0.15593183928322832,0.19509413471656165
10634617,2858,A,H,0.4033466529116774,0.32132647387514235,0.2753268732131803
10634684,2894,H,H,0.4161271973072512,0.2674619121005421,0.3164108905922069
10634685,2894,H,A,0.3637165547115842,0.26770965316515966,0.3685737921232561
10634711,2858,H,H,0.42307006617550513,0.35161627590781996,0.22531365791667485
10634749,2748,D,A,0.2184151539185163,0.20147729469849637,0.5801075513829873
10634750,2894,A,A,0.31986118403087394,0.25584896335089674,0.42428985261822943
10634751,2894,H,H,0.3490031679002282,0.316434466007287,0.33456236609248485
10634791,2858,A,A,0.35040900049749113,0.2001208119121505,0.44947018759035823
10642678,2748,D,A,0.26384008338188236,0.19503298959628054,0.5411269270218371
10642679,2748,D,A,0.2951635552578364,0.15218099176900182,0.5526554529731618
10642680,2748,A,H,0.44729133787134073,0.26312856709435817,0.28958009503430104
10642681,2748,A,A,0.3567933844104486,0.24290488050845294,0.4003017350810985
10764549,2858,D,H,0.4953706257328713,0.30920590771151213,0.19542346655561657
10764579,2894,A,A,0.33649747445969375,0.23672190168703133,0.4267806238532748
10764605,2858,A,H,0.3836015595055188,0.3673146274339655,0.24908381306051589
10764622,2894,H,H,0.4197593842230149,0.24746154230829215,0.33277907346869295
10764641,2747,D,H,0.5001202269999128,0.20669766085064673,0.2931821121494405
10764647,2858,H,H,0.4718983225671111,0.3056063356488106,0.22249534178407834
10918319,2858,A,H,0.3957528333113474,0.31625059513503734,0.2879965715536153
10918351,2745,H,H,0.5325785324364631,0.27467354528164634,0.19274792228189053
10918384,2748,H,H,0.6143790572014146,0.2120812796143418,0.1735396631842436
10918398,2858,D,H,0.5934580267934149,0.26720103682722307,0.13934093637936207
10986778,2747,H,H,0.6125218794097118,0.2298825889138191,0.1575955316764691
10987115,2745,A,H,0.5749619462590435,0.21878039751680403,0.2062576562241525
10987116,2745,A,H,0.500842254929779,0.21880854390519278,0.2803492011650283
10987117,2745,D,H,0.5079033477228162,0.2657371455987436,0.2263595066784402
10987118,2745,A,D,0.3454374009334729,0.34624303129077477,0.3083195677757523
10987119,2745,A,A,0.35164987296836037,0.26912854437344785,0.37922158265819167
10987292,2747,H,A,0.3453619892876997,0.22858098596324355,0.4260570247490567
10987294,2747,D,A,0.36281757726926683,0.24419656157409703,0.39298586115663614
10987296,2747,H,A,0.19357507612931185,0.1755659127047736,0.6308590111659145
10987303,2747,A,H,0.40677452856480195,0.37522671379882844,0.2179987576363696
10987773,2748,A,A,0.3824875567055983,0.2284628006624897,0.38904964263191205
10987824,2858,H,H,0.4621625109988482,0.3412081216820698,0.196629367319082
10987928,2747,A,A,0.18391648524339216,0.1259598155457831,0.6901236992108247
10987937,2745,H,H,0.46579068957351427,0.20656034401377593,0.32764896641270996
10987938,2894,D,H,0.4143270714416136,0.2598684893524776,0.32580443920590874
10987939,2894,D,A,0.40842377602304725,0.18011218807746154,0.41146403589949127
10987982,2858,A,D,0.2584987513805998,0.40467334038121977,0.3368279082381804
10988041,2894,H,H,0.5175485488062571,0.2147062544822283,0.26774519671151464
10988042,2894,H,A,0.33695744514329967,0.28445190437762863,0.37859065047907164
10988056,2748,H,H,0.5203312425863466,0.2462048874670921,0.23346386994656138
10988068,2858,A,A,0.3094003046034877,0.27273681230453534,0.4178628830919769
11220685,2748,D,H,0.44473656468744477,0.3002586512553843,0.2550047840571709
11220885,2747,H,H,0.35318626846650597,0.312406976043613,0.334406755489881
11220887,2747,A,A,0.26427877426326185,0.1707013571574799,0.5650198685792583
11221051,2748,A,H,0.4047340207859074,0.21664721374988855,0.37861876546420403
11221052,2748,H,D,0.2955407493530328,0.44428619085726406,0.26017305978970307
11221053,2748,A,D,0.27049558335867435,0.5636052420762037,0.16589917456512196
11221054,2748,D,A,0.39778523178638175,0.17184144391656633,0.4303733242970518
11221105,2745,D,A,0.19695981025068407,0.3619730974846957,0.4410670922646203
11221287,2748,H,H,0.5645421293858843,0.1625484396728315,0.2729094309412841
11221310,2747,D,A,0.18445681301878378,0.10194254019129546,0.7136006467899207
11221325,2858,H,H,0.427172416594543,0.37268260952632226,0.20014497387913469
11221327,2745,A,A,0.1224215549358654,0.2278032833150025,0.6497751617491321
11221363,2894,D,A,0.3091404775535661,0.3251241230899278,0.36573539935650606
11221364,2894,H,H,0.6641375132244252,0.16331813152810143,0.17254435524747327
11221390,2858,A,H,0.44416891104142736,0.2879912132989113,0.2678398756596614
11221428,2748,A,A,0.13841901545567245,0.16690419079760074,0.6946767937467269
11221429,2894,D,H,0.41950874587695564,0.29217486188801167,0.28831639223503275
11221430,2894,D,H,0.4488734737340953,0.29028378304435704,0.2608427432215477
11221461,2858,A,H,0.41042351347552597,0.3412339184707429,0.24834256805373103
11365130,2894,H,H,0.522593008484284,0.2857151006383683,0.1916918908773477
11365158,2858,D,H,0.39367163797334953,0.32405590453282856,0.2822724574938219
11365171,2894,D,A,0.2307387383063022,0.2651906457859252,0.5040706159077726
11365180,2747,H,A,0.22118473820771664,0.3230531214613018,0.45576214033098156
11365187,2858,H,H,0.4339051620957303,0.28128363801231976,0.28481119989195
11554760,2894,A,A,0.3066381304873522,0.23441667669982197,0.45894519281282575
11554915,2858,A,H,0.44326791134936927,0.2708404013816205,0.28589168726901026
11554953,2745,H,H,0.6948861432395304,0.2239288054259737,0.08118505133449583
11554972,2894,H,A,0.32187319834891426,0.15802095607455183,0.5201058455765339
11554979,2748,A,A,0.3473360403495841,0.2833791008385062,0.36928485881190964
11554984,2858,H,H,0.4535858181270093,0.29303644216819724,0.25337773970479355
11621757,2747,A,H,0.37385079296149953,0.36464712388168047,0.26150208315682
11622089,2745,H,H,0.5257632347239183,0.23822127243511898,0.23601549284096268
11622091,2745,A,H,0.6080800047345927,0.2215206604903712,0.17039933477503616
11622092,2745,H,H,0.49792906839268075,0.3633903363906642,0.1386805952166549
11622093,2745,A,A,0.3277336813869934,0.25885193751278357,0.4134143811002229
11622094,2745,A,A,0.28104356774022826,0.26410134394684776,0.454855088312924
11622254,2747,D,H,0.5291582214098436,0.2647252466092725,0.206116531980884
11622257,2747,H,A,0.40334554301354913,0.18537698057733912,0.41127747640911183
11622259,2747,H,A,0.35795573156176647,0.2617397716320955,0.38030449680613804
11622262,2747,H,H,0.5352421133951109,0.26692136269646677,0.1978365239084223
11622265,2747,H,H,0.6904872010804706,0.1460676122079875,0.1634451867115419
11622825,2748,H,A,0.25990599396762265,0.3367941402976542,0.4032998657347232
11622880,2858,A,H,0.39271400893854586,0.3609000600614822,0.24638593099997189
11623041,2747,H,H,0.581827450821274,0.23466311342197244,0.18350943575675366
11623048,2745,D,H,0.6862750953515728,0.20629305443142476,0.10743185021700248
11623050,2894,A,A,0.3270126855815721,0.20864562605101264,0.4643416883674154
11623051,2894,D,H,0.4479922479574778,0.19875210503800786,0.35325564700451434
11623119,2858,A,H,0.42019672905111777,0.265964933269296,0.31383833767958624
11623198,2894,H,H,0.46992334269919145,0.2989628100612171,0.23111384723959144
11623199,2894,D,H,0.4240667078415067,0.2912440705406054,0.2846892216178878
11623217,2748,H,H,0.4901096270862385,0.26026133838472676,0.24962903452903465
11623237,2858,H,A,0.3672309283998086,0.24741657690613675,0.38535249469405475
11865684,2748,H,A,0.3760851001932812,0.19691012105688016,0.4270047787498387
11865919,2747,A,H,0.4872061504292995,0.25048246460206103,0.26231138496863937
11865927,2747,D,A,0.2548217818740025,0.20021881600796315,0.5449594021180343
11866105,2748,H,H,0.46505442659160945,0.26895065060798873,0.2659949228004018
11866108,2748,A,A,0.23715086916896364,0.18242857964890785,0.5804205511821285
11866110,2748,A,H,0.393681922206676,0.3708902406731011,0.23542783712022286
11866111,2748,H,A,0.2591456380083514,0.36944811581975684,0.3714062461718918
11866172,2745,D,H,0.5941458024042486,0.23713744216672206,0.16871675542902934
11866416,2748,D,A,0.1448887137099207,0.29102747540047635,0.5640838108896029
11866432,2747,A,A,0.2245859048586734,0.1622639977390191,0.6131500974023075
11866446,2858,D,A,0.17810590582997018,0.31283941902260465,0.5090546751474252
11866448,2745,A,D,0.41764688953018975,0.4454831220961802,0.13686998837363007
11866493,2894,A,D,0.2575953339604966,0.3781454841671751,0.36425918187232836
11866495,2894,H,H,0.48926236088483216,0.19232898506649052,0.3184086540486774
11866536,2858,H,H,0.580263774244976,0.2824344385762159,0.13730178717880812
11866579,2748,D,H,0.7085602354542044,0.21950612771415307,0.07193363683164244
11866580,2894,D,A,0.16993438059513397,0.2015990701884449,0.6284665492164211
11866581,2894,D,H,0.42863034703759323,0.1718366948655749,0.39953295809683187
11866617,2858,A,A,0.1882745226840779,0.29295463656401216,0.5187708407519099
12040442,2858,A,H,0.4014848745616194,0.24121708805448064,0.3572980373839
12040459,2858,A,H,0.37351652243355093,0.25913781840132316,0.36734565916512585
12067050,2894,D,A,0.20013135441253832,0.2616797192332943,0.5381889263541675
12067114,2747,H,A,0.2886617544345759,0.262697680394763,0.44864056517066114
12067115,2747,D,A,0.247388778944416,0.23140458149021997,0.5212066395653641
12067131,2894,H,H,0.632606167731899,0.18389002245242497,0.18350380981567604
12067134,2894,H,H,0.5870635308126522,0.21317749471764,0.19975897446970795
12067167,2747,H,A,0.29759887483146685,0.34359865597553063,0.3588024691930026
12067206,2747,D,H,0.476640040596698,0.2363787093652537,0.2869812500380483
12111770,2894,D,H,0.5010960435771684,0.2161403644882749,0.28276359193455664
12111771,2894,D,A,0.16764287019233345,0.22440031090607443,0.607956818901592
12111772,2894,H,H,0.4182922719363304,0.26024152812237356,0.32146619994129605
12111804,2748,A,H,0.4594598399801095,0.29558293138765934,0.24495722863223113
12111805,2748,A,H,0.38501711198542693,0.2936220755070418,0.32136081250753123
12111806,2748,H,H,0.5248912244362278,0.31994272359521014,0.15516605196856204
12111807,2748,H,H,0.646032370387251,0.2095187792691952,0.14444885034355387
12111808,2748,D,A,0.29835438799108543,0.22773964691387483,0.47390596509503974
12111897,2747,D,A,0.17634611445738566,0.251612280915935,0.5720416046266794
12111899,2747,H,H,0.661094992064655,0.19684673974872197,0.14205826818662298
12111900,2747,H,H,0.7921445083976505,0.12494188951461943,0.08291360208773017
12111908,2894,H,H,0.5639885552725263,0.23877667847208206,0.19723476625539157
12111909,2894,D,H,0.7339057561151127,0.1492161601684863,0.11687808371640102
12111923,2747,D,A,0.17999580290395323,0.1412879462051863,0.6787162508908604
12111950,2747,H,H,0.495637795206248,0.2522201261086959,0.25214207868505617
12111953,2748,A,H,0.4017780824387594,0.3563205348076589,0.24190138275358175
12111954,2748,H,H,0.5956308572606082,0.24734024142600813,0.15702890131338373
12111955,2748,H,H,0.4701072791676656,0.27602371275290005,0.25386900807943436
12111956,2748,H,H,0.512132205438444,0.2382559461232384,0.24961184843831768
12111957,2748,A,A,0.06191624192727968,0.12371249025067078,0.8143712678220496
12167538,2894,H,H,0.5215605425463264,0.20273628534239185,0.27570317211128176
12167539,2894,D,A,0.2987346233412608,0.21960628749617714,0.4816590891625621
12167544,2747,A,H,0.46592428429892674,0.26890715070416615,0.2651685649969071
12192935,2745,H,H,0.6135963634667732,0.19934648522226797,0.1870571513109589
12192970,2858,H,H,0.5245256826273091,0.34489948948961124,0.1305748278830796
12269095,2747,D,A,0.15155999471702508,0.13984711255373394,0.708592892729241
12269227,2858,D,H,0.5266890744151812,0.239575219896576,0.23373570568824284
12269282,2894,D,A,0.31202831139924253,0.21106759337989112,0.4769040952208664
12269475,2745,A,A,0.3859591754223763,0.19568769635120215,0.4183531282264217
12269476,2745,D,A,0.2967067400659999,0.16778652162657617,0.5355067383074239
12269478,2745,A,A,0.33619465573176827,0.19702237806239203,0.46678296620583964
12269479,2745,A,D,0.21016092328384317,0.40212103938916044,0.38771803732699633
12269480,2745,D,H,0.5375279566294562,0.2753501663941796,0.18712187697636423
12269927,2747,H,H,0.4116888414597101,0.24424300277885044,0.34406815576143945
12269931,2747,D,H,0.41507235851207136,0.23950531753789833,0.34542232395003025
12269934,2747,A,H,0.41514569628551357,0.40354586402651366,0.1813084396879728
12269938,2747,H,H,0.586915430215162,0.19612262035988282,0.21696194942495522
12269942,2747,H,H,0.4361757309922061,0.24840264811206358,0.3154216208957304
12270120,2858,H,H,0.554766602982068,0.2669486400947053,0.1782847569232266
12270326,2748,A,A,0.20389039778603696,0.2560125681494572,0.5400970340645058
12270378,2894,H,A,0.3933866258116193,0.2075729570353061,0.39904041715307464
12270541,2747,D,A,0.07256309886969393,0.11069415439719268,0.8167427467331134
12270551,2858,D,A,0.34697765794073565,0.29818875881769824,0.3548335832415661
12270553,2745,H,D,0.25451392097670866,0.37305367383111404,0.3724324051921773
12270557,2748,H,H,0.6588581483997548,0.20348440964528988,0.13765744195495533
12270735,2894,A,A,0.2759949468937452,0.19976037964071464,0.5242446734655402
12270743,2748,A,A,0.1137968636976581,0.12404297099205942,0.7621601653102824
12270760,2858,A,A,0.21832904791936533,0.24528010790973878,0.5363908441708959
12535907,2894,D,A,0.31915883742296025,0.3111798246516609,0.3696613379253788
12535918,2748,A,H,0.4550082621295462,0.363040728492466,0.18195100937798778
12536056,2858,H,H,0.5257790670285961,0.24435416850416183,0.22986676446724208
12536097,2748,D,A,0.26810901796703546,0.3295740896238853,0.40231689240907925
12536102,2748,D,A,0.16150950553228352,0.28702366629653464,0.5514668281711819
12536115,2894,D,H,0.4165602289546977,0.2882236447752008,0.2952161262701016
12536343,2747,H,H,0.606197718473005,0.15192125215274854,0.24188102937424646
12536345,2747,H,H,0.49345525951354857,0.2360760225911665,0.27046871789528504
12536524,2748,A,A,0.2766190992864568,0.3199576432672476,0.40342325744629554
12536527,2748,H,A,0.32778047876578464,0.3189055742504074,0.3533139469838081
12536594,2745,A,H,0.4337310835779742,0.2785098899007328,0.28775902652129304
12536757,2858,A,H,0.6192947685308074,0.24964288128140605,0.13106235018778645
12536823,2748,D,A,0.2846990484723249,0.31752346368794443,0.3977774878397307
12536838,2747,H,A,0.18606765872458847,0.20931048250961862,0.604621858765793
12536846,2745,A,H,0.5900757948331687,0.22549655660171772,0.18442764856511343
12536850,2894,H,H,0.4144434047142411,0.3304922167832887,0.2550643785024702
12536899,2858,H,H,0.7141271382455295,0.16921087780766533,0.11666198394680516
12536989,2748,A,H,0.3749807635034038,0.25891342120012995,0.36610581529646624
12536991,2894,H,H,0.4042115717149195,0.23340368556054458,0.36238474272453586
12537007,2858,H,H,0.5017066906295115,0.287082003405007,0.21121130596548157
12705917,2894,A,A,0.13320914267275755,0.21056992314355857,0.6562209341836839
12705918,2894,D,H,0.5160005562982665,0.2220282769482336,0.26197116675349985
12705971,2894,H,H,0.4978854581107863,0.2218452406151072,0.28026930127410654
12705984,2858,H,D,0.2462516875639832,0.40354098934536,0.35020732309065683
12911272,2745,A,H,0.5685470658614086,0.3058090451734245,0.12564388896516698
12911305,2748,H,H,0.5826988351692369,0.2683809987778268,0.14892016605293631
12911311,2858,H,H,0.5494444384682661,0.28775544248585905,0.16280011904587488
12980570,2747,H,H,0.4764445628099148,0.2027192094150029,0.3208362277750823
12980731,2858,H,A,0.34215382211519146,0.29681828957761186,0.36102788830719673
12980812,2894,H,H,0.729866568260689,0.1652730800908557,0.10486035164845538
12980966,2745,H,H,0.5444046188255289,0.26150615563185975,0.19408922554261132
12980967,2745,A,H,0.4851303384050307,0.3372211062172481,0.17764855537772115
12980968,2745,D,H,0.46649673198843494,0.20927142978124103,0.324231838230324
12981052,2745,D,H,0.7549422481597489,0.1626096607959263,0.08244809104432478
12981054,2745,H,A,0.3336587112947929,0.2603413676717412,0.40599992103346594
12981501,2747,A,A,0.11674997109110583,0.20456558366756203,0.6786844452413321
12981522,2747,A,H,0.40228332896090707,0.2380324804715988,0.3596841905674942
12981525,2747,H,H,0.6377201587609105,0.1930737746935921,0.16920606654549744
12981532,2747,A,A,0.21555104282792983,0.22348868882463446,0.5609602683474357
12981776,2858,A,H,0.410205781005649,0.37480067043798665,0.21499354855636435
12981875,2748,H,H,0.8551040813232604,0.11545657145792945,0.029439347218810075
12982035,2894,H,H,0.5213988158398327,0.25332461495411307,0.22527656920605416
12982134,2745,H,H,0.5243262500130719,0.3170367157976,0.15863703418932812
12982155,2747,H,H,0.5694462605840763,0.20320023074978324,0.22735350866614054
12982164,2858,A,A,0.10631677438557798,0.2035269154607658,0.6901563101536561
12982373,2894,A,A,0.15054040183951753,0.2156275655820438,0.6338320325784387
12982377,2748,H,H,0.5919842995075122,0.22495450950083595,0.18306119099165175
12982394,2858,H,H,0.4044631814399969,0.3057265817315611,0.289810236828442
13248801,2894,D,H,0.6973239924871708,0.1832697523442881,0.11940625516854114
13248817,2748,D,H,0.4159998007617972,0.27352893885063345,0.31047126038756934
13248979,2858,H,H,0.6578377275166982,0.20311002962298766,0.139052242860314
13249049,2748,A,A,0.346577440553641,0.24578023176888822,0.4076423276774708
13249053,2748,H,A,0.1346161887840665,0.26775427573704386,0.5976295354788896
13249056,2748,H,H,0.39664921668679887,0.3190542507002697,0.2842965326129314
13249069,2748,H,A,0.31634600353379794,0.32024902246849035,0.3634049739977117
13249074,2894,H,H,0.37056416789195756,0.264218611566876,0.3652172205411664
13249082,2894,D,H,0.5954413796423558,0.24773894124387338,0.15681967911377087
13249085,2894,A,A,0.28140319268379504,0.25628992141234375,0.46230688590386126
13249298,2747,H,H,0.7542833887226957,0.15774794957117888,0.08796866170612538
13249307,2747,A,A,0.24939029927868656,0.23093385009433343,0.51967585062698
13249484,2745,A,A,0.35462023901489137,0.21152169322548842,0.4338580677596202
13249672,2858,A,A,0.17842271883031718,0.2766396344095785,0.5449376467601043
13249775,2748,H,H,0.49288419632941083,0.26142552385288864,0.24569027981770047
13249794,2747,D,A,0.2245200933142152,0.2666456388747902,0.5088342678109945
13249806,2745,D,H,0.5737494155853885,0.21717897015263737,0.2090716142619741
13249814,2894,H,H,0.5633836765729481,0.23538185763437938,0.20123446579267257
13249873,2858,H,D,0.21457511459136014,0.4013822713696412,0.3840426140389986
13249967,2748,H,A,0.20137942415316365,0.21052012722391758,0.5881004486229187
13249968,2894,D,H,0.46266861708918106,0.21017225737859282,0.3271591255322261
13249985,2858,H,A,0.3314813056389013,0.23849058460155265,0.43002810975954603
13451507,2894,A,H,0.40475464978672115,0.27043094270963886,0.32481440750364
13451526,2747,H,H,0.43433719017342537,0.2698313834310264,0.29583142639554816
13451528,2858,A,A,0.3488605656109435,0.29700392177549806,0.3541355126135584
13605224,2745,D,H,0.4579639488849467,0.27927266721567395,0.26276338389937937
13605239,2894,A,H,0.4920497612651974,0.2745018302845636,0.23344840845023887
13605253,2748,A,A,0.2229635041699278,0.3631231953522374,0.4139133004778348
13605255,2747,H,H,0.40584853394635423,0.26401287091148273,0.33013859514216304
13605256,2747,A,A,0.21357747867980706,0.3180332734070015,0.4683892479131914
13605261,2858,A,H,0.47849515450030095,0.3854779689927302,0.13602687650696885
13605383,2747,H,H,0.693818409562474,0.15996550886249397,0.14621608157503205
13675439,2747,A,A,0.11573641843743543,0.11803466642153054,0.766228915141034
13675620,2858,H,H,0.45987984642342083,0.29974726347650726,0.2403728901000719
13675708,2894,A,H,0.4096166567948474,0.2749997770776258,0.31538356612752677
13675901,2745,H,A,0.12183687706989747,0.19900237966816062,0.6791607432619419
13675905,2745,D,H,0.43211173736334035,0.2712199795680359,0.29666828306862386
13675908,2745,A,H,0.4119096223626137,0.29167261310492215,0.29641776453246405
13675910,2745,H,H,0.5633582940654267,0.2682096411652509,0.16843206476932238
13676221,2747,D,H,0.5892957595072004,0.27460336215753645,0.13610087833526313
13676679,2858,H,H,0.7971994179560004,0.17043067379991803,0.03236990824408161
13676757,2748,H,H,0.5001236575111684,0.27918325582034176,0.22069308666849
13676918,2894,H,H,0.4712216386146024,0.279471932231745,0.24930642915365264
13677055,2745,H,H,0.6001453670929634,0.19509323004491977,0.20476140286211683
13677063,2747,H,H,0.6854257632714646,0.15766489023069752,0.15690934649783786
13677081,2858,H,H,0.4535073046358352,0.3249027360805021,0.2215899592836627
13677264,2894,A,H,0.4992329510218349,0.25197279283463764,0.24879425614352732
13677267,2748,H,H,0.4413020831971172,0.30303293844932805,0.2556649783535547
13677280,2858,H,H,0.5951868838654639,0.23937710850189733,0.16543600763263872
13931821,2894,H,H,0.4767961414628811,0.20192652255379312,0.32127733598332586
13931844,2748,A,H,0.38541834971076966,0.2961519332782447,0.3184297170109857
13932045,2858,H,H,0.521949000930387,0.24977744263314644,0.22827355643646666
13932128,2748,A,H,0.47441593701658075,0.28721562911366544,0.23836843386975393
13932138,2748,A,H,0.5410971027486773,0.2622452982033194,0.1966575990480033
13932142,2748,D,H,0.561812788395899,0.1889219485927716,0.24926526301132945
13932144,2748,A,H,0.4388178244588144,0.3064809033939456,0.25470127214724003
13932153,2894,A,A,0.2516851134145608,0.22338178288956861,0.5249331036958707
13932156,2894,H,H,0.508145239921988,0.24422217908894514,0.24763258098906685
13932162,2894,H,A,0.14015292715781053,0.2631502265065116,0.5966968463356779
13932270,2747,A,H,0.3845140167758384,0.24440061248434217,0.37108537073981934
13932277,2747,H,H,0.4943843199992322,0.21543198894160423,0.2901836910591635
13932279,2747,D,H,0.4919156560051883,0.2289331405130395,0.2791512034817721
13932584,2745,H,H,0.728681687775059,0.17190367118439118,0.09941464104054985
13932804,2858,D,H,0.6927795165700082,0.1941269127690695,0.11309357066092224
13932881,2748,D,A,0.17523839858844198,0.23421725733419918,0.5905443440773588
13932886,2745,D,A,0.17383649121426947,0.2820271764967033,0.5441363322890271
13932893,2747,D,A,0.23837554925087587,0.2224324541448702,0.539191996604254
13932937,2894,A,A,0.2930829856804549,0.25900335535146335,0.44791365896808166
13933021,2858,A,H,0.5834721395800272,0.3118662638110985,0.10466159660887432
13933022,2858,H,H,0.48469467543674066,0.31068391113918625,0.20462141342407314
13933054,2745,D,H,0.5297404918883667,0.2535184445393668,0.2167410635722665
13933109,2748,A,A,0.15937325645443695,0.17253574105292532,0.6680910024926376
13933110,2894,A,A,0.33132510175258456,0.21115159942416076,0.4575232988232547
13933126,2858,A,A,0.2753401586830253,0.30668955392900715,0.41797028738796765
15063594,2745,H,H,0.7332540665278914,0.16307034785269967,0.10367558561940905
15063622,2858,H,H,0.5994392264203874,0.25623295809273855,0.1443278154868741
15063623,2748,A,A,0.11835673814115817,0.2478179700221996,0.6338252918366423
15120368,2747,H,A,0.35072102974175584,0.21327990592999446,0.4359990643282497
15120617,2858,D,A,0.10615248381786412,0.23222241650409128,0.6616250996780446
15120791,2894,H,H,0.7231186131920702,0.1481739095825063,0.12870747722542356
15121065,2745,H,H,0.6278984803916081,0.25586585653479293,0.11623566307359896
15121066,2745,H,H,0.6509948585167187,0.2002933920958544,0.14871174938742704
15121067,2745,H,H,0.5288257873615573,0.21666074230800678,0.25451347033043586
15121068,2745,H,A,0.2819297267105427,0.2792146429561153,0.4388556303333419
15121070,2745,H,H,0.37897036998221123,0.28515231432465865,0.3358773156931302
15121612,2747,D,A,0.10824048867450507,0.27783524331825615,0.6139242680072388
15121618,2747,A,A,0.33374952157641885,0.25512117153590175,0.41112930688767935
15121621,2747,A,A,0.34388372040657034,0.24505714540176482,0.41105913419166484
15121629,2747,D,H,0.4481099632675317,0.19616820113270994,0.35572183559975834
15121636,2747,A,H,0.41069505758361924,0.2512569691835784,0.3380479732328023
15121796,2858,A,H,0.43718766379571916,0.38435627076852197,0.17845606543575898
15121845,2748,A,A,0.23951894938853194,0.22568096919880118,0.5348000814126669
15122013,2894,A,H,0.4981807392013026,0.22219232803077102,0.27962693276792633
15122144,2858,A,A,0.23482698459355097,0.30591148597034373,0.4592615294361053
15122148,2745,H,A,0.35980959371671,0.2762268632970291,0.3639635429862609
15122156,2747,H,H,0.4665741175740766,0.20987421040951681,0.32355167201640667
15122358,2894,A,A,0.23441424529635135,0.24301035097923174,0.5225754037244169
15122361,2858,A,A,0.1399233966783869,0.2020594533882629,0.6580171499333501
15122362,2748,H,H,0.912041102845212,0.05817647847374503,0.029782418681042873
15350692,2894,H,H,0.6392583245775317,0.19962130469886336,0.16112037072360497
15350724,2748,H,H,0.3811356984818922,0.3191210937067399,0.2997432078113678
15350991,2858,D,A,0.26910696279788937,0.28068440080793355,0.4502086363941772
15351117,2748,A,A,0.35270817268838645,0.25475043485327564,0.39254139245833797
15351120,2748,D,H,0.3811443027514044,0.36181064329117274,0.25704505395742294
15351132,2748,H,A,0.28552254516025766,0.2612794156122183,0.4531980392275239
15351135,2748,D,H,0.46063439504466,0.32330022324245034,0.21606538171288964
15351154,2894,D,H,0.5196687081443334,0.2763880901180104,0.2039432017376562
15351158,2894,A,H,0.4164343813748012,0.3195020624604765,0.26406355616472227
15351160,2894,H,A,0.3244650612396015,0.2605312803673173,0.4150036583930812
15351443,2747,H,H,0.7397162451417725,0.16594989630447116,0.09433385855375621
15351614,2745,D,H,0.3847739956837965,0.24153838097618888,0.37368762334001465
15351765,2858,H,A,0.24853859518065158,0.3455897320893469,0.40587167273000163
15351870,2748,H,H,0.5186191933581639,0.26679037090819163,0.21459043573364456
15351885,2745,A,H,0.5110699313974779,0.26194879676188904,0.22698127184063302
15351905,2747,D,H,0.46028089423042656,0.26133551712355413,0.2783835886460193
15351921,2894,H,H,0.5270752360681741,0.19898730717406607,0.2739374567577599
15351960,2858,A,H,0.4301816666247138,0.296217194979567,0.27360113839571926
15352015,2748,H,H,0.46546761515716994,0.19433222696428762,0.3402001578785423
15352016,2894,H,H,0.5237871231182804,0.23910470943604842,0.23710816744567115
15352017,2858,D,H,0.6251654600567416,0.24702553369738306,0.12780900624587535
15524228,2894,A,A,0.2207213778019442,0.27413193241785505,0.5051466897802007
15524238,2858,H,H,0.5959534685309493,0.30954938899906603,0.09449714246998472
15524240,2747,H,H,0.4704251362524379,0.28469730481534544,0.2448775589322167
15686712,2745,A,H,0.5038576065601044,0.23537337221236934,0.2607690212275263
15686744,2858,A,H,0.37154584830003434,0.2608800785473688,0.36757407315259694
15686747,2748,D,H,0.5438217109860286,0.23878364621663192,0.21739464279733947
15763206,2858,H,H,0.35476969565784733,0.30685193378418063,0.3383783705579721
15763619,2894,A,H,0.4028375982458215,0.2420913463054426,0.3550710554487359
15763941,2745,H,H,0.4448760698630269,0.3090849366394645,0.2460389934975087
15763942,2745,D,H,0.3545842316260615,0.30013737412422137,0.3452783942497172
15763947,2745,H,A,0.20483585479784952,0.3247911517469834,0.4703729934551671
15763949,2745,D,H,0.5046074211993101,0.29643919048202827,0.19895338831866152
15764452,2747,H,A,0.23697853866413912,0.3628191208086984,0.40020234052716247
15764454,2747,H,H,0.5484103929817559,0.23830868128048824,0.2132809257377559
15764459,2747,H,H,0.8080575605865323,0.1242216807085981,0.06772075870486956
15764460,2747,H,A,0.38084209958413545,0.23014848722471712,0.38900941319114757
15764605,2858,H,H,0.5661283297372665,0.2546881858034413,0.17918348445929227
15764687,2748,A,H,0.8047616696212376,0.12827654330923635,0.06696178706952603
15764795,2894,H,H,0.4614223439705371,0.21946191950160474,0.31911573652785813
15764862,2858,D,A,0.1576914917766703,0.25711449165823974,0.5851940165650901
15764864,2745,D,A,0.20138422048023974,0.20304702948900685,0.5955687500307534
15764877,2747,A,A,0.30591034790130933,0.20142170041875954,0.4926679516799311
15765048,2894,D,H,0.4986142448067445,0.27195548919743895,0.22943026599581665
15765051,2858,A,A,0.12842215185754147,0.32516709909917607,0.5464107490432825
15765061,2748,D,A,0.07198491070206554,0.19548986138355356,0.7325252279143809
16082627,2894,D,H,0.3905555682886757,0.2785180939684218,0.3309263377429025
16082693,2748,A,H,0.4406040316963374,0.27649335591380136,0.2829026123898613
16082786,2858,D,A,0.22023454222679106,0.31935954005563805,0.46040591771757094
16083175,2894,H,H,0.43548716281415156,0.297497516947421,0.26701532023842756
16083181,2894,H,H,0.42233584430002047,0.3273978035481398,0.2502663521518396
16083187,2894,D,H,0.4941345334423041,0.22785233184459464,0.27801313471310124
16083317,2748,A,A,0.30572299574171835,0.3277579262016291,0.3665190780566525
16083319,2748,H,H,0.5488477012010886,0.265800635187226,0.18535166361168542
16083320,2748,H,A,0.33949983498643455,0.28881753808089544,0.37168262693267007
16083328,2748,A,A,0.2273138013002801,0.3144735302739761,0.4582126684257437
16083456,2747,H,A,0.31634684912978545,0.24260933221056646,0.44104381865964803
16083473,2747,H,A,0.37080087128807093,0.2516136413770599,0.37758548733486913
16083611,2745,H,H,0.4500104604072846,0.2513216261107985,0.2986679134819169
16083763,2858,D,D,0.24664966146407466,0.39535428873287326,0.35799604980305205
16083885,2748,H,H,0.5885140745216872,0.24055105425317588,0.17093487122513681
16083892,2745,D,A,0.3428121385364891,0.27277213558994623,0.3844157258735646
16083914,2747,H,H,0.4253803558178963,0.16579191049660347,0.40882773368550024
16083928,2894,A,A,0.11247320810341813,0.22557619007327678,0.6619506018233051
16083971,2858,H,A,0.30203221795597435,0.2613058734446786,0.4366619085993469
16083997,2745,A,A,0.2349606929312637,0.22014617216853383,0.5448931349002024
16084028,2747,A,H,0.463050263937823,0.27421402539078127,0.2627357106713958
16084063,2894,H,H,0.46043870205454435,0.2671278328199162,0.27243346512553945
16084064,2748,H,A,0.28135242138057237,0.268538416522125,0.4501091620973025
16084065,2858,H,H,0.7452803005464227,0.1938449349042388,0.0608747645493386
16326603,2894,A,A,0.22135178848900736,0.18385059317403957,0.5947976183369532
16326615,2858,D,A,0.21696502113509583,0.36240995989258185,0.42062501897232224
16326618,2747,D,A,0.19689020229026283,0.298710747189144,0.5043990505205932
16501803,2745,A,A,0.24433826279868387,0.2720213154522739,0.48364042174904237
16501827,2858,D,H,0.4896625173768293,0.3405612529649822,0.1697762296581886
16501828,2748,A,A,0.2967065756130488,0.2946193551348665,0.40867406925208466
16501830,2747,H,A,0.30687431713655017,0.21687406088086125,0.4762516219825886
16575261,2747,D,A,0.33253969231110264,0.26619293103341707,0.4012673766554803
16575301,2858,D,H,0.5249796695170712,0.33815357436408083,0.13686675611884794
16575759,2894,H,H,0.39577749912957405,0.3049820365154484,0.2992404643549776
16576063,2745,H,H,0.5468983289504159,0.2619438052610818,0.1911578657885023
16576064,2745,D,A,0.2619481742777642,0.27288877305521786,0.465163052667018
16576065,2745,H,H,0.5512343990112878,0.29617648587212736,0.1525891151165848
16576066,2745,A,H,0.6809930687991107,0.1999096645386403,0.11909726666224896
16576537,2747,D,H,0.4487701899327514,0.3137610744118562,0.2374687356553924
16576546,2747,H,H,0.46984880829749337,0.279893233316858,0.25025795838564874
16576643,2858,D,H,0.662235059936774,0.25685250432364237,0.08091243573958365
16576722,2748,D,H,0.5357336975958882,0.28845001328782766,0.17581628911628427
16576869,2894,A,A,0.29805683196216143,0.24028222887365605,0.46166093916418244
16576965,2858,A,H,0.4578412921296102,0.32167936855161655,0.2204793393187732
16576967,2745,H,H,0.492300729529288,0.2849110364015611,0.22278823406915074
16576981,2747,H,H,0.6498605196798191,0.1799498213557382,0.17018965896444285
16577191,2894,H,H,0.5435899443603817,0.21235601893731612,0.2440540367023023
16577196,2858,A,H,0.47495118733043173,0.25045416169973783,0.2745946509698304
16577210,2748,H,H,0.5735499500644793,0.21413208060987368,0.2123179693256471
16875652,2894,H,H,0.5134237589487339,0.2601809736304774,0.22639526742078867
16875737,2748,H,H,0.5422203649014392,0.31248759808976073,0.14529203700880008
16875831,2858,A,A,0.30278869345154985,0.3429118198747035,0.3542994866737466
16876316,2894,D,H,0.5114644220378455,0.21010174423341563,0.27843383372873887
16876321,2894,D,D,0.3769836096497681,0.3805928051109783,0.2424235852392536
16876434,2748,D,A,0.3162687002077776,0.3048655472845053,0.3788657525077171
16876441,2748,H,H,0.3687802906617941,0.30577242188756915,0.3254472874506368
16876448,2748,H,H,0.4599481287851623,0.2060038677923275,0.3340480034225103
16876453,2748,D,H,0.5627255837719104,0.26719271131759725,0.17008170491049232
16876570,2747,A,A,0.3113361583266466,0.23335417824397403,0.4553096634293794
16876582,2747,A,A,0.1802139445664805,0.18785372217712515,0.6319323332563944
16876591,2747,D,A,0.21258312999621212,0.2454875758597501,0.5419292941440378
16876593,2747,D,A,0.3650051931082693,0.2478279970877265,0.38716680980400414
16876702,2745,H,H,0.49478118102478186,0.29917393344584553,0.2060448855293727
16876854,2858,H,A,0.34373727372579926,0.27145791769702726,0.38480480857717353
16876953,2748,D,H,0.529954017978545,0.26375040047052084,0.20629558155093414
16876961,2745,H,H,0.6512675244710674,0.1784854347866613,0.17024704074227132
16876975,2747,H,A,0.14054726281030633,0.14460122076445744,0.7148515164252363
16876986,2894,H,H,0.7389725346322328,0.168033132514782,0.09299433285298524
16877007,2858,H,H,0.44800294386933087,0.3606505222580165,0.1913465338726525
16877054,2745,H,H,0.6943009437915383,0.1606093403162504,0.1450897158922113
16877106,2894,A,A,0.19212529683073376,0.24731799877800953,0.5605567043912567
16877107,2748,H,H,0.6798390413330051,0.12955809710835292,0.19060286155864195
16877109,2858,H,H,0.6095415613287982,0.23144454988777374,0.15901388878342804
17122689,2894,A,A,0.17974094897002307,0.2794195655739588,0.540839485456018
17122722,2894,D,H,0.4271012606380681,0.25116749199126287,0.321731247370669
17122730,2858,H,H,0.5705525017136762,0.22558854003815565,0.20385895824816808
17154654,2858,D,A,0.25015660047543453,0.30950225936153214,0.4403411401630334
17154683,2858,D,A,0.20907496904622636,0.2935675117690753,0.4973575191846983
17154703,2747,D,H,0.6367576716040457,0.20609502262908688,0.15714730576686728
17154774,2858,D,H,0.5842398116968224,0.26063291323590987,0.15512727506726776
17154789,2747,H,H,0.5688484610981214,0.23676853838373313,0.19438300051814553
17154829,2747,A,H,0.41445264166073825,0.1751135291915112,0.4104338291477505
17201865,2858,D,A,0.15873196416366867,0.3149773425404791,0.5262906932958522
17201866,2858,H,H,0.3958256886606685,0.34039116942428826,0.2637831419150432
17201906,2858,H,H,0.48779708201471594,0.30628257016315275,0.2059203478221312
17201926,2747,A,A,0.3402333769254875,0.31799273496285685,0.3417738881116556
17201927,2747,D,A,0.35450990071249594,0.23128429504221398,0.41420580424529
17201929,2747,H,H,0.598169761942098,0.2101227875326266,0.1917074505252754
17201930,2747,H,H,0.6933007315797274,0.15102201065725768,0.15567725776301494
17201965,2858,A,A,0.08177638814897387,0.2630499404774066,0.6551736713736195
17201981,2747,H,A,0.1826922584300814,0.23311144746848844,0.5841962941014303
17260012,2858,H,H,0.35884845369467644,0.33119600664092663,0.309955539664397
17260029,2858,H,H,0.4351070124505865,0.31572701638144957,0.24916597116796393
17260034,2747,H,H,0.41091685955653806,0.29054562017580704,0.29853752026765484
17260043,2858,H,H,0.5783651328316965,0.19328796523007477,0.2283469019382287
17260050,2747,H,A,0.2862000326413853,0.25512339525039257,0.4586765721082221
17285604,2745,H,A,0.3266170715102691,0.30993099952795117,0.3634519289617797
17285623,2894,H,H,0.5381285416358316,0.23813529797365227,0.22373616039051622
17285642,2748,A,A,0.07332280136589032,0.19409133740649226,0.7325858612276174
17356967,2747,H,A,0.10797686509347926,0.23302965868975736,0.6589934762167634
17357018,2858,H,H,0.5215378184969736,0.3258350331816035,0.15262714832142296
17357451,2894,H,H,0.45517290112934217,0.30173341039678236,0.24309368847387558
17357672,2745,H,H,0.46392078659498936,0.26241116336574005,0.2736680500392705
17357673,2745,D,H,0.4129285995535723,0.3397629990181016,0.2473084014283262
17357674,2745,H,H,0.3775282438868308,0.2696336509691664,0.35283810514400277
17357675,2745,A,A,0.2142084452988748,0.18786437180698304,0.5979271828941422
17357677,2745,D,A,0.3392797096563887,0.3059332762797158,0.3547870140638955
17357951,2747,H,A,0.34765318927345384,0.25665935999401385,0.3956874507325323
17357956,2747,H,H,0.769679322797436,0.11042103324098136,0.11989964396158267
17358202,2858,H,D,0.3067038923850979,0.36419838221217626,0.32909772540272597
17358297,2748,A,H,0.39867074927797386,0.2196642462847729,0.3816650044372532
17358415,2894,H,H,0.6601070793049737,0.21545746862176782,0.1244354520732586
17358510,2858,A,H,0.5759119007758895,0.2494625850624064,0.17462551416170402
17358513,2745,A,H,0.38905862318485873,0.2817151110980398,0.32922626571710145
17358519,2747,D,H,0.478632413070786,0.23464556716474755,0.2867220197644664
17358679,2894,A,A,0.2553628246651774,0.2695449001901963,0.4750922751446262
17358683,2858,H,H,0.7372025451449854,0.19035781094639534,0.07243964390861934
17358691,2748,A,H,0.39975170330544774,0.2445802746955137,0.35566802199903846
17660492,2894,A,H,0.608886721273774,0.19048281160021777,0.20063046712600818
17660615,2748,A,A,0.14543611019929759,0.25250317507784775,0.6020607147228547
17660724,2858,D,H,0.58243250569376,0.30704476156214366,0.11052273274409637
17661185,2894,H,H,0.3596778602503954,0.3032732578997085,0.337048881849896
17661240,2747,H,A,0.25436775970739833,0.2689452768181159,0.4766869634744857
17661249,2747,A,A,0.3429982423635142,0.2544690715132941,0.40253268612319154
17661258,2747,D,A,0.12979848916264777,0.17611564855146822,0.694085862285884
17661269,2747,A,A,0.3039675049638096,0.3003610849803007,0.3956714100558898
17661314,2748,A,H,0.5685255281347714,0.24542302672090732,0.1860514451443213
17661320,2748,H,H,0.49328473855142446,0.2828423096378413,0.22387295181073413
17661322,2748,D,H,0.49166784297423916,0.2913682937285339,0.21696386329722694
17661324,2748,D,A,0.288474378540718,0.29665879077284685,0.41486683068643504
17661551,2745,H,A,0.12036497554055561,0.27332291932307085,0.6063121051363736
17661696,2858,A,H,0.41369271320322554,0.26686686272545995,0.3194404240713146
17661817,2748,D,H,0.41002510195519054,0.28396774465345703,0.3060071533913525
17661825,2745,H,H,0.5461185528192395,0.2903471594643677,0.16353428771639286
17661831,2747,A,H,0.40322768730484676,0.23652319994850537,0.3602491127466479
17661851,2894,A,A,0.307536816218861,0.1970301956464987,0.49543298813464043
17661879,2858,D,A,0.339919648943752,0.294629558389772,0.36545079266647595
17661880,2858,H,H,0.616804892112788,0.23990977598545804,0.14328533190175394
17661953,2894,A,A,0.22078241049689393,0.25265163901384147,0.5265659504892646
17661954,2748,H,H,0.4072645288021236,0.28448032950391916,0.30825514169395724
17661955,2858,H,H,0.6125355148349155,0.1842945682925065,0.20316991687257804
17910566,2894,A,H,0.41282511851573944,0.310121420877734,0.27705346060652664
17910619,2894,H,H,0.5209842297877776,0.2517421702270348,0.2272735999851875
17910630,2858,D,H,0.4259670832190466,0.3365611561268676,0.23747176065408582
17910632,2747,H,H,0.506704395940901,0.2428501696982074,0.2504454343608915
18103949,2745,H,H,0.5391811925539763,0.2549987375362701,0.2058200699097535
18103980,2858,D,H,0.44353940015655663,0.31802477433177945,0.23843582551166384
18103984,2748,H,H,0.6285138063558422,0.20128258234206567,0.17020361130209213
18170805,2747,A,A,0.12949996339082012,0.16378755867245903,0.7067124779367208
18170862,2858,H,H,0.37274393455873633,0.3583591966577256,0.268896868783538
18171359,2894,H,H,0.6056113905049425,0.21235230219415982,0.18203630730089773
18171575,2745,H,H,0.7671659687006066,0.13002910023163874,0.10280493106775467
18171576,2745,H,H,0.5282356623700517,0.293518343291344,0.17824599433860433
18171579,2745,H,H,0.511894375474166,0.34163402062765813,0.1464716038981759
18171581,2745,H,H,0.3701718285001437,0.31861883199295893,0.31120933950689744
18172050,2747,A,A,0.15503071968072027,0.23645652959041963,0.6085127507288602
18172054,2747,D,H,0.5927263549157992,0.2353230424272076,0.17195060265699325
18172057,2747,H,A,0.3388890793130924,0.2260678043591293,0.4350431163277782
18172059,2747,H,H,0.45499171098969066,0.26197046149316183,0.28303782751714757
18172066,2747,H,H,0.602135439259909,0.20393026965008149,0.19393429109000962
18172152,2858,H,A,0.13473530509369147,0.35853212607501844,0.5067325688312901
18172242,2748,H,H,0.7512731843787326,0.15375817268843536,0.09496864293283204
18172357,2894,A,A,0.2233615821394247,0.22861139648120019,0.5480270213793751
18172416,2745,A,H,0.5357871406432153,0.21018308808052946,0.25402977127625526
18172417,2858,A,A,0.320384539172224,0.3241721728091119,0.3554432880186641
18172432,2747,D,H,0.45475294868197896,0.22859887490256772,0.3166481764154534
18172574,2894,H,H,0.6523068200224182,0.22460913757563555,0.1230840424019462
18172576,2747,A,H,0.6516613824100607,0.16618507661659504,0.18215354097334432
18172578,2858,A,A,0.18086539283596256,0.21255766435997625,0.6065769428040612
18172585,2748,D,A,0.14221442436824733,0.18860418305852794,0.6691813925732247
18458989,2894,A,A,0.2276499085783504,0.26157119064649303,0.5107789007751565
18459078,2748,H,H,0.3983463863040874,0.34584190016906935,0.25581171352684323
18459199,2858,H,H,0.45489382439452725,0.31171378457373444,0.23339239103173828
18459617,2894,D,A,0.12318438803712464,0.23386607708375012,0.6429495348791252
18459620,2894,A,A,0.33952000064571575,0.31870145032853836,0.3417785490257459
18459681,2748,H,H,0.6349352114658355,0.23964655045302746,0.1254182380811369
18459684,2748,D,H,0.3591655154868489,0.2998679317599195,0.3409665527532316
18459693,2748,D,D,0.2941438635845232,0.36330282726609164,0.34255330914938514
18459697,2748,H,H,0.5904204143678178,0.2261829968320396,0.18339658880014248
18459732,2747,H,H,0.7642100777042331,0.16370930714456744,0.0720806151511996
18459810,2745,H,H,0.6081873828048434,0.2101442481953625,0.18166836899979405
18459932,2858,D,H,0.7465978807239391,0.16907804883243968,0.08432407044362127
18460051,2748,A,H,0.58650797179189,0.22563257941188647,0.18785944879622352
18460054,2747,H,H,0.41413991292781865,0.25540919830528663,0.3304508887668947
18460060,2745,A,A,0.2427230437765083,0.3156900558622465,0.4415869003612452
18460087,2894,A,H,0.6875665130515327,0.192630495199234,0.11980299174923319
18460099,2858,H,H,0.47389315491263256,0.25912987901004386,0.2669769660773235
18460122,2745,D,A,0.26617934558432904,0.2821131260963153,0.4517075283193557
18460136,2894,H,A,0.18462879817782465,0.22595796406283286,0.5894132377593425
18460137,2748,H,H,0.43280802558317294,0.2689450059791489,0.29824696843767823
18460158,2858,A,H,0.3865696899950663,0.2692020672828275,0.3442282427221061
18707042,2894,A,A,0.2504088347335406,0.25268820894574456,0.4969029563207147
18707071,2894,A,H,0.36454089256537325,0.2986254497128454,0.3368336577217813
18707078,2858,A,D,0.2565997710401868,0.37609131646824606,0.36730891249156716
18855601,2745,H,H,0.4631767584315611,0.31294982577257147,0.22387341579586736
18855621,2894,D,H,0.6397307491405323,0.18550788409917449,0.1747613667602933
18855632,2858,H,A,0.2755550697721489,0.3032247649734119,0.4212201652544392
18855635,2748,D,H,0.49776765463586026,0.27989810093798057,0.22233424442615918
18918084,2858,D,H,0.5485091149978361,0.30900504213764834,0.1424858428645156
18918557,2894,H,A,0.34700389752999083,0.2698234651961248,0.3831726372738844
18918558,2894,D,H,0.5664780374022189,0.2595636683050664,0.1739582942927148
18918674,2745,H,H,0.670087853346193,0.25595318887645707,0.07395895777734979
18918678,2745,A,H,0.41199762879037083,0.30841680073213584,0.2795855704774932
18918679,2745,A,H,0.45257186670570493,0.24563649614556887,0.30179163714872614
18918680,2745,A,A,0.22907056025087774,0.282769542927989,0.4881598968211332
18918682,2745,A,A,0.11112469263309821,0.18202304600050762,0.7068522613663941
18919118,2747,H,H,0.5275123053209813,0.24181477742171165,0.2306729172573071
18919121,2747,H,H,0.7595102225779278,0.13738382672433277,0.1031059506977395
18919124,2747,D,A,0.23509377955466043,0.3330843252843069,0.43182189516103264
18919132,2747,A,A,0.16370889882015413,0.21450360408024396,0.6217874970996019
18919193,2858,H,H,0.5752347240543304,0.3000599764233989,0.12470529952227075
18919289,2748,H,A,0.316272775541102,0.3236624539427924,0.3600647705161056
18919401,2894,A,A,0.24721312753944916,0.22178677223858473,0.5310001002219661
18919475,2858,A,A,0.29230678395443366,0.32592873020385393,0.38176448584171246
18919478,2745,H,H,0.713413384542595,0.19924883982969524,0.08733777562770971
18919492,2747,A,H,0.39309544019427217,0.24642968022627956,0.36047487957944835
18919642,2894,H,H,0.689583149998071,0.19975427747846786,0.11066257252346111
18919648,2858,H,H,0.8093663656139058,0.13510060437472227,0.05553303001137182
18919649,2748,A,A,0.12523250498519187,0.24624895902822222,0.6285185359865859
19213319,2894,H,H,0.39353127133253796,0.276940977276403,0.3295277513910591
19213403,2748,A,A,0.18895357323234013,0.23442350679952392,0.576622919968136
19213431,2747,A,A,0.18445713087991591,0.19620514476186027,0.6193377243582239
19213557,2858,D,H,0.5450780748565891,0.2891381624251533,0.1657837627182576
19214042,2894,A,A,0.312963226979951,0.29423054620472056,0.39280622681532845
19214044,2894,H,H,0.4609536031793102,0.2678880501453525,0.2711583466753374
19214118,2748,D,H,0.36074188164580673,0.2931896188569816,0.3460684994972116
19214123,2748,H,H,0.44541806394518635,0.31477482781551963,0.23980710823929396
19214128,2748,H,H,0.4340404538549414,0.2834657600109084,0.2824937861341503
19214132,2748,A,A,0.20617614202818013,0.2828660126534001,0.5109578453184197
19214201,2747,H,A,0.20567114161863273,0.2474135980042569,0.5469152603771104
19214205,2747,A,A,0.15999655985067257,0.2054100256073379,0.6345934145419894
19214209,2747,A,H,0.42600449093492193,0.25345860977542073,0.3205368992896573
19214256,2745,H,A,0.2139323427412498,0.24995899217095058,0.5361086650877996
19214394,2858,D,H,0.4418404203997454,0.2792145879098245,0.27894499169042997
19214485,2748,D,A,0.3011860839532049,0.2490183912419088,0.4497955248048864
19214489,2745,H,H,0.4535623280594284,0.33972542496660585,0.20671224697396565
19214501,2747,A,H,0.4526257156129742,0.21784251360322338,0.32953177078380236
19214513,2894,A,A,0.2628386382610149,0.2101862971406176,0.5269750645983675
19214529,2858,A,H,0.5189961268488154,0.25864133422740804,0.2223625389237767
19214587,2894,H,H,0.44702205759247815,0.24698778642216068,0.3059901559853612
19214588,2748,H,H,0.45599976586549806,0.2441687390158959,0.29983149511860613
19214618,2858,D,H,0.5833706364086461,0.26929794832545945,0.14733141526589455
19446653,2858,H,A,0.22372100800731212,0.2727023938782032,0.5035765981144847
19479060,2745,H,A,0.3768857098247537,0.24355958848461332,0.379554701690633
19479061,2894,H,H,0.7143976567067281,0.19618339032917068,0.08941895296410123
19479062,2894,D,A,0.14735465088567054,0.21531578524886058,0.6373295638654688
19479070,2858,A,A,0.22500035944513108,0.38594910283494166,0.38905053771992726
19479083,2858,H,H,0.5871269675563039,0.24963528835966922,0.1632377440840269
19479092,2745,H,H,0.6671930472047788,0.22350152034484583,0.10930543245037531
19479093,2745,H,A,0.1789590021331014,0.30633070980951543,0.5147102880573833
19479094,2745,H,H,0.4055965582028962,0.2856157286781834,0.30878771311892034
19479136,2894,D,A,0.13490549765547893,0.24872471513055538,0.6163697872139657
19479181,2858,A,A,0.16652201114750917,0.21861504815482166,0.6148629406976692
19517510,2745,A,H,0.37128825935633947,0.3137821006479253,0.3149296399957352
19517511,2894,H,A,0.23611176676858522,0.21269544888504385,0.551192784346371
19517512,2894,D,A,0.3287154998932813,0.2354426044920796,0.4358418956146392
19517521,2858,H,D,0.34469597005957964,0.36391565223673983,0.2913883777036805
19517522,2858,A,A,0.3188577836258196,0.32785005087668384,0.3532921654974965
19517545,2858,A,H,0.4272867443826473,0.29517589168054037,0.2775373639368124
19517564,2745,H,H,0.44954652191485295,0.26053609664465094,0.28991738144049617
19517565,2745,D,H,0.6072516377576427,0.20385817355437627,0.18889018868798096
19517566,2745,H,H,0.5612944466408875,0.20698103453476188,0.2317245188243506
19517567,2745,H,A,0.3322509014389119,0.3138561680448915,0.35389293051619664
19517585,2894,H,H,0.3484783774479002,0.3138231003579283,0.33769852219417146
19517586,2894,H,H,0.5315675917108329,0.2618970794149695,0.20653532887419762
19517587,2894,H,H,0.5585369869500821,0.2725088412397666,0.16895417181015124
19517602,2858,H,A,0.305059890583116,0.3019515821595647,0.3929885272573193
19561604,2894,A,A,0.1531512226449238,0.2279796974426486,0.6188690799124276
19561606,2858,D,H,0.6227076602156494,0.2481480334169647,0.12914430636738589
19561616,2858,H,H,0.46314924729188367,0.24237931509785868,0.2944714376102577
19561623,2894,H,H,0.7380064156304789,0.15087416658091451,0.11111941778860664
19561626,2858,H,H,0.7228253832804721,0.2161774200876203,0.06099719663190765
19582601,2745,H,H,0.4358703858579447,0.24116888176352638,0.322960732378529
19582609,2894,H,H,0.42230097444124787,0.30349704142459777,0.27420198413415436
19582616,2748,D,H,0.5014354349629097,0.2529023668580393,0.2456621981790511
19638345,2747,A,H,0.8072816861962998,0.12052549217303521,0.07219282163066501
19638927,2894,H,H,0.5495986316365701,0.20325281977539214,0.24714854858803773
19639036,2745,H,H,0.531861546890082,0.294065805840908,0.17407264726900987
19639037,2745,A,H,0.38463057653326604,0.2571060176359147,0.3582634058308193
19639039,2745,A,H,0.5339282378113497,0.3300866713181604,0.13598509087049002
19639040,2745,H,H,0.46216768931804153,0.2851392057393406,0.2526931049426178
19639041,2745,A,A,0.3503140061349944,0.29085834754795953,0.358827646317046
19639279,2747,H,A,0.2702372769992982,0.2254067100773663,0.5043560129233355
19639283,2747,H,H,0.7566330597423758,0.1425229738738189,0.10084396638380522
19639289,2747,H,A,0.25491786432603075,0.32248855260802856,0.42259358306594075
19639292,2747,H,H,0.590667243338545,0.21927229952607324,0.19006045713538183
19639293,2747,A,H,0.3874972873212119,0.23489765006942312,0.3776050626093649
19639584,2748,H,H,0.5737691896893551,0.238618524778634,0.18761228553201093
19639689,2894,A,A,0.29852657703898283,0.27834187778976577,0.42313154517125146
19639751,2745,A,A,0.07173052295080043,0.16403405557216166,0.7642354214770379
19639754,2747,H,H,0.6110209252570529,0.16386157370471519,0.22511750103823194
19639900,2894,H,A,0.3356340285875401,0.3059523993966003,0.35841357201585966
19639902,2747,A,A,0.06996314097391416,0.1693905662660241,0.7606462927600617
19639911,2748,H,H,0.6744624809493226,0.19377452443364684,0.1317629946170306
19926374,2894,A,A,0.34001895675976324,0.25249892281904873,0.40748212042118814
19926452,2748,H,H,0.7657031365498368,0.17065958392691716,0.06363727952324616
19927094,2894,A,H,0.383597850642173,0.27493291631309497,0.34146923304473203
19927097,2894,H,A,0.36048130989833366,0.26155005032014544,0.37796863978152095
19927101,2894,D,H,0.4979983370895634,0.2564038268104073,0.2455978361000293
19927107,2747,A,H,0.5836809963651306,0.21172596771928356,0.20459303591558586
19927148,2748,D,H,0.4445466951542186,0.303783086167124,0.25167021867865746
19927151,2748,H,H,0.6668553972550519,0.196337417762857,0.13680718498209116
19927153,2748,D,H,0.3904982865766275,0.3287394755043473,0.28076223791902516
19927159,2748,H,A,0.24627445589408575,0.2968492124886357,0.45687633161727853
19927230,2745,D,A,0.2608109712606789,0.2855816508245797,0.4536073779147414
19927449,2748,D,A,0.16294866207705197,0.24909535802862726,0.5879559798943208
19927454,2745,H,H,0.4131810929413934,0.2801895949286376,0.30662931212996897
19927458,2747,A,H,0.3871905462687353,0.24834369505535156,0.36446575867591313
19927476,2894,H,H,0.6117754825808508,0.21657010599013485,0.17165441142901436
19927535,2894,H,A,0.36054749220720045,0.22786885740390642,0.4115836503888931
19927536,2748,A,H,0.4189607889873325,0.1981315715260371,0.38290763948663037
22945232,2747,D,A,0.26952773322968615,0.23454433412968093,0.49592793264063295
22945314,2747,A,A,0.35981748693244076,0.2628837361515727,0.3772987769159866
22945315,2747,A,H,0.5385542694718373,0.20986048850245295,0.2515852420257097
22945316,2747,A,A,0.3180985346970211,0.21177703735109205,0.47012442795188697
22945317,2747,A,A,0.21804462567102628,0.2528573071642261,0.5290980671647476
22945499,2747,A,A,0.18806629552043658,0.24648328853438542,0.565450415945178
22945509,2747,H,H,0.7685669926960741,0.12322988334061584,0.10820312396331
22964115,2747,H,H,0.5439026398143723,0.2010356103585117,0.2550617498271161
22964123,2747,H,H,0.6063335736545017,0.2596265239960636,0.13403990234943472
22994127,2748,H,H,0.45556606230693586,0.27014116811519356,0.27429276957787063
22994128,2748,D,H,0.4402341898121124,0.28515248620575023,0.2746133239821374
22994154,2748,A,A,0.13718598885813835,0.24157194950505237,0.6212420616368093
22994161,2748,A,A,0.28647569143538826,0.2815350326031014,0.4319892759615102
22994179,2747,A,A,0.08352117415948829,0.189230262921799,0.7272485629187128
22994181,2748,H,H,0.7346204648950202,0.1850847293256033,0.08029480577937649
22994182,2748,A,A,0.2695508908343106,0.3026835043760823,0.42776560478960707
23041509,2748,A,H,0.5298043988505686,0.26035137465844815,0.20984422649098328
23041510,2858,D,H,0.37587855867280195,0.31488518179525754,0.30923625953194045
23041519,2748,H,A,0.1831240517748155,0.26278638672902566,0.554089561496159
23041522,2858,D,A,0.3378380321747221,0.2929762226156891,0.36918574520958874
23041554,2748,D,A,0.24019010675923852,0.27021711494829187,0.4895927782924696
23041555,2748,H,H,0.592440732573774,0.23196366981263572,0.17559559761359025
23041558,2858,H,H,0.6990599938197289,0.2167793651639043,0.08416064101636683
23062425,2858,H,H,0.40493899537674066,0.3031486114483099,0.2919123931749494
23062438,2858,D,H,0.343489090319079,0.3433024222733564,0.3132084874075646
23062439,2858,D,D,0.31195026873854803,0.3771289860168885,0.31092074524456353
23062449,2747,A,A,0.3361721643032403,0.2661945878941669,0.39763324780259274
23062466,2747,H,H,0.5228061426381169,0.24126591445839862,0.23592794290348448
23062479,2858,A,A,0.14904375141974094,0.2518616964044219,0.5990945521758372
23096354,2747,A,A,0.17293337919967403,0.2508725726664576,0.5761940481338683
23096371,2858,D,H,0.7456779574263619,0.17762092948451547,0.07670111308912275
23096392,2747,A,A,0.3184631392941186,0.2706818648777101,0.4108549958281713
23096393,2747,H,H,0.6486510987497465,0.19860375144068165,0.15274514980957188
23096394,2747,D,H,0.810161990692201,0.11117102260174283,0.0786669867060562
23096395,2747,D,H,0.7368602672171436,0.15192306806813707,0.11121666471471936
23096404,2858,H,H,0.5095789139986342,0.27989839789537335,0.2105226881059924
23096405,2858,H,A,0.33181481758915066,0.29304148737851565,0.3751436950323337
23096413,2747,A,A,0.19311402103804542,0.18455361129232842,0.6223323676696262
23121311,2747,A,H,0.586851532647669,0.22161567175390456,0.19153279559842648
23121312,2748,H,H,0.6291254104486338,0.23725182892906765,0.13362276062229853
23121313,2748,H,H,0.537412155614381,0.28684813174278334,0.17573971264283558
23121314,2748,H,H,0.36496348365154013,0.29902385937931997,0.3360126569691399
23121315,2748,A,A,0.21966935130381166,0.22441324340870775,0.5559174052874806
23121362,2748,A,H,0.49994703040994454,0.25648074195922116,0.2435722276308342
23121363,2747,D,A,0.16602900118497427,0.21769786672983238,0.6162731320851933
23121367,2748,H,A,0.17765494458663,0.21440710356106638,0.6079379518523037
23140978,2748,A,A,0.27097102001744644,0.3260097891801822,0.4030191908023714
23141205,2748,D,H,0.4948175761161747,0.29115041602448727,0.21403200785933799
23141213,2747,H,A,0.23856982113432237,0.2810828688234682,0.4803473100422095
23141214,2748,A,A,0.22730319262956994,0.250899588015604,0.521797219354826
23141218,2748,H,H,0.6256375784078568,0.19892258539276758,0.17543983619937562
23186307,2747,D,H,0.45450980837715466,0.17159128484455605,0.3738989067782894
23186308,2747,A,A,0.31926518766754125,0.24253586592100324,0.4381989464114556
23186309,2747,A,H,0.40570884107021105,0.20425366542766754,0.3900374935021213
23186329,2747,H,H,0.634930453879161,0.205285189722872,0.1597843563979669
23202737,2894,A,A,0.20121928174061765,0.2560573626105965,0.5427233556487859
23202738,2894,A,H,0.6023731004188866,0.2461378626928675,0.1514890368882459
23202779,2894,D,A,0.24990063570746107,0.2215799666419665,0.5285193976505725
23202780,2894,D,H,0.5779254995421634,0.24673030643020513,0.17534419402763143
23202808,2894,H,H,0.4952155591458428,0.28384509628897037,0.22093934456518702
23202809,2894,H,A,0.23349417378652193,0.2381080579874182,0.5283977682260599
23202827,2894,A,A,0.1780465965281229,0.23392845879693006,0.588024944674947
23202828,2894,D,H,0.4047224071472502,0.26090402870513946,0.33437356414761044
23202846,2747,A,H,0.38793107654169223,0.33417377879669813,0.2778951446616097
23202848,2747,D,H,0.39913604601323877,0.22712803770825998,0.3737359162785013
23202849,2894,H,A,0.22456179642015142,0.2321389453592497,0.5432992582205989
23202850,2894,D,H,0.5945581915446211,0.2264010865902759,0.17904072186510303
23202860,2747,D,H,0.5191598477249025,0.23082287525146222,0.2500172770236353
23202861,2747,A,A,0.30190470528879565,0.25606011088315045,0.44203518382805396
23219613,2747,A,A,0.1416146245592131,0.1874029667117143,0.6709824087290727
23238401,2858,A,D,0.32553189414325884,0.3661710793562336,0.30829702650050766
23238452,2858,A,H,0.6512756626395264,0.24347705537519324,0.10524728198528026
23262462,2894,H,H,0.4857068836621945,0.25082661720908833,0.26346649912871717
23262961,2858,H,A,0.21730269659292506,0.2879697452827336,0.4947275581243413
23263042,2894,H,H,0.5176878653940132,0.2113183533393084,0.27099378126667834
23263084,2858,H,H,0.47250331919665084,0.3218833939558061,0.20561328684754318
23263172,2894,D,A,0.2500098330367374,0.2231739689763458,0.5268161979869168
23263176,2858,D,D,0.3682527091451134,0.3693154394235401,0.26243185143134645
23284520,2894,D,A,0.3321028368703414,0.30706186658564466,0.36083529654401386
23284580,2858,A,A,0.3270326797056525,0.28373615180886863,0.38923116848547895
23284798,2894,D,H,0.6744579038850891,0.1713390485793898,0.154203047535521
23284799,2894,D,A,0.3176384538195393,0.3012960211066763,0.38106552507378444
23284951,2858,A,H,0.42894067965751015,0.28968620495904185,0.2813731153834479
23285038,2894,A,A,0.07055570887412443,0.15974736617902272,0.7696969249468528
23285058,2858,H,D,0.3485765896753398,0.3591808378660005,0.29224257245865964
23285086,2894,D,H,0.556161323532207,0.204364102236975,0.239474574230818
23285089,2858,A,A,0.22508405489270414,0.25758194594596145,0.5173339991613344
23301295,2894,H,H,0.4090055290393092,0.2925382000607557,0.29845627089993526
23301309,2894,A,A,0.2815643023671366,0.23090631418628824,0.4875293834465752
23301313,2858,D,H,0.5872202894552373,0.2477045230041945,0.1650751875405682
23354474,2748,A,A,0.29430558599062623,0.3175782033977536,0.38811621061162016
23354475,2748,A,A,0.31709317254113994,0.32099412318898213,0.3619127042698779
23354476,2748,H,A,0.22100888917984865,0.23862764123981478,0.5403634695803367
23354477,2748,D,A,0.3271069024944591,0.2859362846582232,0.38695681284731764
23354478,2748,D,A,0.20643022335641065,0.2616348927663557,0.5319348838772336
23354510,2748,D,A,0.3170029465706294,0.28099983085646923,0.4019972225729014
23354511,2748,H,H,0.4032323505219014,0.30191918778141336,0.2948484616966852
23354512,2748,H,H,0.7593092453600563,0.17537214274326812,0.06531861189667548
23354513,2748,D,A,0.16646752311115143,0.24470914601562652,0.588823330873222
23354514,2748,A,A,0.2602694325915285,0.26543649208145725,0.47429407532701423
23392533,2894,H,H,0.5507891451853173,0.1874739776819384,0.2617368771327443
23392538,2747,H,H,0.40591205613254766,0.2695891856301566,0.3244987582372958
23392539,2858,D,A,0.31072803829960494,0.3180326170851907,0.3712393446152044
23425499,2747,H,A,0.1768094320496321,0.20470743865206042,0.6184831292983075
23425524,2858,A,A,0.29205779955873035,0.31573137830394593,0.3922108221373237
23425689,2894,A,A,0.2902744198109873,0.27981301312931883,0.4299125670596939
23425788,2747,H,A,0.31661318120303816,0.27209571317333286,0.411291105623629
23425789,2747,A,H,0.44818723899437435,0.24700951477550037,0.3048032462301253
23425790,2747,H,A,0.23324785300157516,0.2931578154826486,0.4735943315157763
23425791,2747,H,A,0.3445694999394068,0.24130431374099884,0.4141261863195944
23426208,2858,H,H,0.49306296383958775,0.3107398413679673,0.19619719479244493
23426240,2748,H,H,0.6730623390083057,0.23441879518232514,0.09251886580936917
23426306,2894,D,A,0.2150311870395824,0.2598820088505944,0.5250868041098231
23426383,2747,H,H,0.5664884334503167,0.261673202634397,0.17183836391528629
23426384,2858,H,H,0.4418074293741648,0.3220309880895027,0.23616158253633257
23426411,2748,H,H,0.5157387975950652,0.24577652734100625,0.23848467506392854
23426517,2894,H,H,0.7020848459484921,0.1925364803165836,0.10537867373492425
23426520,2748,A,H,0.5525072923020317,0.23571238349651796,0.21178032420145046
23426521,2858,H,H,0.41760249654451503,0.2918907677303931,0.2905067357250919
23556888,2894,A,A,0.23944837694677182,0.233630935061611,0.5269206879916172
23556901,2748,H,H,0.5178674121661371,0.27790070548407164,0.2042318823497913
23556944,2858,A,H,0.4108510762594605,0.3187606394737374,0.27038828426680206
23557256,2747,H,H,0.48290664534314265,0.23663276516869167,0.28046058948816566
23557257,2747,H,H,0.5893928633722804,0.1933915174552674,0.21721561917245216
23557258,2748,A,A,0.28649303192255526,0.28188833594691615,0.4316186321305286
23557259,2748,A,A,0.3250513751608891,0.3327662146334653,0.34218241020564566
23557260,2748,D,A,0.3483816323133103,0.2507162810741823,0.40090208661250737
23557261,2748,D,H,0.5054379054028529,0.2771174948354827,0.2174445997616644
23557262,2894,A,H,0.5023785375292674,0.2781176604162781,0.21950380205445452
23557263,2894,A,H,0.49665087551665754,0.26739784883711865,0.23595127564622376
23557435,2858,D,A,0.3149143197231502,0.2610506565560217,0.4240350237208281
23557500,2748,H,H,0.6591598228450101,0.19967319321446403,0.1411669839405259
23557501,2747,A,A,0.20468458674350573,0.21780972809968493,0.5775056851568094
23557511,2894,H,H,0.48252437732060044,0.24457825182550735,0.2728973708538922
23557572,2748,H,A,0.2431030294101186,0.19941129880683958,0.5574856717830418
23557573,2894,H,H,0.4767346892236595,0.25777238966934074,0.2654929211069996
23678602,2894,H,H,0.5512762714831333,0.2741244224267064,0.17459930609016025
23678611,2858,D,H,0.5059890552149672,0.31729262173282397,0.1767183230522088
23758757,2745,D,A,0.20570902492831558,0.2119484457261332,0.5823425293455514
23758777,2858,H,H,0.48925765766659984,0.3243042836984999,0.18643805863490023
23759165,2747,D,H,0.45167029916726326,0.2622881508294984,0.2860415500032384
23759216,2858,A,H,0.38469351272621016,0.30529859666027626,0.3100078906135137
23759433,2894,H,A,0.35216510513272975,0.28902719525123766,0.3588076996160327
23759482,2745,H,H,0.3914015681717122,0.2922638853932961,0.31633454643499176
23759483,2745,H,H,0.7350476601910355,0.1842300302522631,0.08072230955670151
23759484,2745,H,H,0.4646972546323351,0.2505726093581803,0.2847301360094847
23759485,2745,H,A,0.3182779328228097,0.3123098484505626,0.36941221872662766
23759486,2745,D,H,0.44588128609378885,0.2713331313988355,0.2827855825073757
23759739,2747,D,H,0.41360544100916247,0.2910254837918527,0.29536907519898487
23759754,2747,D,A,0.285185696681264,0.19960952982396835,0.5152047734947677
23759765,2747,A,A,0.29361833734774595,0.26926658079598087,0.43711508185627324
23759768,2747,H,H,0.42431201498854954,0.23398136131972816,0.34170662369172244
23760007,2894,A,A,0.0778923659226759,0.1701988750454836,0.7519087590318405
23760057,2745,H,H,0.3838574681258384,0.3436500840236503,0.27249244785051135
23760060,2858,H,H,0.6323585516740976,0.23940517555428797,0.12823627277161448
23760065,2747,D,A,0.12804196529351453,0.19864763670346444,0.6733103980030212
23760211,2894,A,H,0.4054647408581114,0.260055965923277,0.33447929321861153
23760222,2858,H,H,0.4324721049881792,0.3383572904828615,0.2291706045289592
23760823,2858,H,H,0.7438324212275809,0.18032584870837226,0.07584173006404686
23760825,2858,H,H,0.3490535558741353,0.332704622783253,0.31824182134261175
23761136,2894,A,A,0.19231609645987047,0.25884788442459916,0.5488360191155304
23761223,2858,H,H,0.4160005186649925,0.37305952013275173,0.21093996120225583
23761587,2747,D,A,0.28752944044818396,0.2809775071395083,0.4314930524123077
23761589,2747,H,H,0.7416357886316642,0.16935250041419844,0.08901171095413737
23761594,2894,D,H,0.5143552271751616,0.24236268892695612,0.2432820838978824
23761641,2745,H,H,0.5416542606459902,0.2345695631316532,0.22377617622235665
23761729,2858,D,A,0.27347250977874027,0.31163045615178914,0.41489703406947065
23761790,2745,A,H,0.5135219156544603,0.25847059825479646,0.22800748609074337
23761792,2747,H,H,0.5823959210528442,0.19271876262594065,0.22488531632121506
23761801,2894,A,A,0.2624423325014452,0.25412964191329407,0.48342802558526066
23761864,2894,D,H,0.41561506804736814,0.2038949490747203,0.3804899828779115
23761867,2858,A,A,0.2562187740046876,0.2965045472038554,0.447276678791457
24146636,2894,D,H,0.5426689866996711,0.254586441671796,0.2027445716285329
24146657,2894,A,H,0.6308181551104051,0.20535846717561893,0.16382337771397598
24146664,2747,A,H,0.4210057840915022,0.21252252105230565,0.3664716948561923
24146665,2858,D,H,0.5490498227617933,0.27017711742961736,0.18077305980858938
24162084,2745,A,A,0.17782530427643156,0.2989238413910912,0.5232508543324773
24162100,2745,D,H,0.7947098746593527,0.12325279062795967,0.08203733471268754
24162101,2745,D,H,0.46644377401507947,0.30627690111027156,0.22727932487464894
24162102,2745,A,A,0.31972227822537874,0.24123134386611503,0.4390463779085062
24162130,2894,H,A,0.3370736873474456,0.257373711461613,0.40555260119094155
24189208,2745,A,A,0.3577670061247914,0.2698372564901287,0.3723957373850798
24189233,2745,H,H,0.6367876242358118,0.2608231341838388,0.10238924158034934
24189234,2745,D,A,0.2687897945311666,0.2963498443123083,0.43486036115652504
24189235,2745,H,A,0.371216298604607,0.24657960734023152,0.3822040940551616
24189236,2745,A,A,0.29076749205800856,0.32825381363082345,0.38097869431116804
24247364,2894,H,H,0.5129338742496017,0.2865494975772235,0.20051662817317484
24247423,2894,A,H,0.4721206992675903,0.29123063514802555,0.23664866558438408
24247432,2748,H,A,0.24880606457969498,0.26665976969216154,0.4845341657281434
24247433,2858,H,H,0.3936874073442048,0.3438419743284249,0.26247061832737034
24247979,2745,H,H,0.710407240277935,0.17909670672193823,0.11049605300012669
24287908,2858,H,H,0.34325967750635733,0.32733864366916315,0.3294016788244795
24288160,2894,D,A,0.3292547892094213,0.27722443963901705,0.39352077115156164
24288211,2745,H,H,0.4975638797825124,0.2808273202784245,0.22160879993906307
24288212,2745,H,H,0.6281880586063175,0.24218854870439216,0.12962339268929043
24288213,2745,A,H,0.3755283152564192,0.2762520943678742,0.3482195903757067
24288214,2745,A,A,0.2994188225999416,0.29664863031473104,0.4039325470853273
24288215,2745,H,A,0.1689583103011988,0.24132955605083695,0.5897121336479643
24288670,2858,A,A,0.17546378220194994,0.2795717021107946,0.5449645156872555
24288757,2748,D,A,0.19983729058521063,0.2468543557179832,0.5533083536968062
24288817,2894,A,A,0.13819281169951542,0.244591833759344,0.6172153545411405
24288841,2745,D,H,0.7217522330440309,0.15492688122228723,0.12332088573368183
24288842,2858,H,H,0.529396638200774,0.31427314478993534,0.1563302170092907
24289007,2894,H,H,0.6802372787100145,0.20644684013113299,0.11331588115885248
24289016,2858,A,A,0.3213761061153994,0.30111927043607023,0.37750462344853036
24289023,2748,D,A,0.37245200252494937,0.2478087675263055,0.37973922994874515
24464234,2894,A,H,0.5884985639557615,0.23595496871970034,0.1755464673245382
24464287,2748,H,A,0.2925058122565734,0.2606722966300431,0.4468218911133834
24464381,2858,H,A,0.269501997621895,0.2953967331401325,0.4351012692379726
24464761,2894,A,H,0.5208940321692952,0.25776099631996224,0.22134497151074256
24464788,2748,A,D,0.262734298955646,0.38510527561200575,0.3521604254323482
24464790,2748,D,H,0.3821508650546362,0.3020755407680424,0.31577359417732137
24464797,2748,A,H,0.38037023984373475,0.29549754470868234,0.32413221544758286
24464800,2748,H,H,0.5011396728082215,0.2811634063071666,0.21769692088461196
24464837,2745,D,A,0.21625968830415354,0.28467570476442833,0.4990646069314182
24464945,2858,A,A,0.3337361537869804,0.2817117685045125,0.3845520777085071
24465014,2748,A,A,0.2068683280551039,0.2650903379879526,0.5280413339569434
24465018,2745,A,H,0.4768968885609234,0.2645633550536889,0.2585397563853877
24465038,2894,D,H,0.5391548180840035,0.23084473059942176,0.23000045131657484
24465046,2858,H,H,0.34306643380950086,0.3151081501174277,0.3418254160730714
24465107,2894,H,H,0.63263279567977,0.19378776517543003,0.1735794391447999
24465108,2748,D,H,0.6503542868872244,0.2148634182643194,0.13478229484845622
24465114,2858,D,H,0.5575303831331265,0.26267260288108213,0.17979701398579137
24624311,2894,D,H,0.539339409708248,0.2736076464432916,0.1870529438484604
24624318,2858,A,H,0.4132446809740106,0.3097401179853329,0.2770152010406564
24673744,2748,A,A,0.27516435000108375,0.21679048081417376,0.5080451691847425
24673745,2748,H,H,0.3466959780760941,0.3242550453469897,0.3290489765769163
24673746,2748,A,H,0.3788426131536485,0.3155180989397143,0.30563928790663725
24673747,2748,D,H,0.5484649794929098,0.2624085809869551,0.18912643952013505
24673748,2748,H,H,0.39755091498864514,0.36162254664808063,0.24082653836327425
24673794,2748,D,H,0.5200085187372122,0.2451511205895999,0.23484036067318784
24673795,2748,H,H,0.7481415505375731,0.17411154266406187,0.07774690679836505
24673796,2748,A,A,0.0871972924108746,0.1955753709454917,0.7172273366436336
24673797,2748,A,H,0.504330985484298,0.22190776406723106,0.27376125044847094
24673798,2748,H,H,0.6270003506542247,0.22008576201352675,0.1529138873322485
24673799,2858,A,A,0.21983499887303504,0.2792365862733004,0.5009284148536646
24716678,2858,H,H,0.6640623432616781,0.2050774442854776,0.13086021245284424
24735728,2745,H,H,0.3644406690807896,0.3074776741027144,0.32808165681649587
24735748,2747,D,H,0.37216775726168483,0.26649525550344155,0.3613369872348736
24735752,2858,H,H,0.5650158240453148,0.2892336634085948,0.14575051254609042
24785962,2747,H,A,0.0794035162690765,0.16799498932808585,0.7526014944028376
24786057,2858,D,H,0.35358599963834425,0.30919678200653533,0.33721721835512053
24786367,2894,A,A,0.27635699296574934,0.26917444658607187,0.4544685604481788
24786420,2745,H,H,0.522335658946255,0.23026012533351808,0.24740421572022683
24786421,2745,H,H,0.4877779837457148,0.2695225464782958,0.24269946977598944
24786422,2745,D,A,0.2842337691043115,0.2821046241943663,0.43366160670132226
24786423,2745,H,H,0.7128006242460759,0.1893824068302372,0.0978169689236869
24786425,2745,H,A,0.3418320365729475,0.30913461465856135,0.3490333487684912
24786444,2747,A,H,0.4215652135300465,0.23131258710182045,0.3471221993681331
24786445,2747,H,H,0.6116095438134035,0.2182166054532313,0.17017385073336522
24786447,2747,H,H,0.6621921108271492,0.21059225875215803,0.1272156304206927
24786456,2747,H,H,0.5654477608084755,0.2141861972029174,0.22036604198860718
24786466,2747,H,A,0.2044017714108892,0.2482924454888178,0.547305783100293
24786856,2858,H,A,0.2329310038365931,0.3077644160957188,0.45930458006768804
24786940,2748,H,H,0.7215335469747631,0.17308537822473052,0.10538107480050643
24787034,2894,H,H,0.5081090984615001,0.24946644710524876,0.24242445443325103
24787065,2747,D,H,0.7426203919980824,0.13740185220598955,0.11997775579592806
24787075,2745,D,H,0.7507984534636504,0.19106450084717014,0.058137045689179455
24787076,2858,D,H,0.6426417517071735,0.2225016759180457,0.13485657237478085
24787130,2748,A,A,0.21696724929595146,0.27104159400727507,0.5119911566967734
24787226,2894,H,A,0.20847622524187315,0.25869325181199426,0.5328305229461325
24787238,2858,A,H,0.5159193808998204,0.3254816405313782,0.15859897856880142
24787247,2748,A,H,0.437784987417506,0.24127675861763814,0.3209382539648559
24994606,2894,A,A,0.09530891295825679,0.1611602940680302,0.743530792973713
24994653,2748,A,A,0.23163915580914696,0.25731472905752245,0.5110461151333306
24994738,2858,H,A,0.20326524346424651,0.27255937142777487,0.5241753851079786
24995061,2747,H,A,0.2827281905343489,0.2731884819822911,0.44408332748336005
24995161,2894,H,H,0.3751250020245137,0.26735778533465926,0.357517212640827
24995211,2748,A,A,0.2678084170939761,0.32742412558400125,0.4047674573220227
24995213,2748,D,A,0.1761407634040341,0.2829951479390118,0.5408640886569541
24995215,2748,D,H,0.5868885380437632,0.28248903153016397,0.13062243042607277
24995219,2748,H,H,0.39653742159483507,0.32938053900426406,0.27408203940090087
24995246,2745,A,H,0.4528639387133858,0.3113685521468532,0.235767509139761
24995350,2858,H,H,0.4244956677298344,0.29266139363430976,0.28284293863585597
24995427,2748,D,A,0.2372690397554645,0.20478048158145395,0.5579504786630815
24995433,2747,H,A,0.22020048012569957,0.20173189299893166,0.5780676268753688
24995436,2745,A,A,0.26730153959562125,0.1816598764438682,0.5510385839605106
24995466,2894,A,H,0.4205778822006384,0.23072376030120081,0.3486983574981608
24995475,2858,A,H,0.6302010095040106,0.23696150084555467,0.13283748965043474
24995541,2894,H,H,0.5620528278456418,0.213053347838183,0.22489382431617522
24995542,2748,A,H,0.6240498846964724,0.18301869880131413,0.19293141650221357
24995548,2858,H,H,0.7306940929952915,0.19476145681020612,0.07454445019450229
25178889,2894,D,A,0.19182399813434184,0.19789522806456505,0.610280773801093
25178912,2894,D,H,0.6412729032261839,0.21330082868541778,0.14542626808839837
25178919,2858,H,H,0.49522005605285097,0.2772945477633123,0.22748539618383665
25197114,2894,A,A,0.18124587474254444,0.2477935025145359,0.5709606227429196
25302392,2745,D,A,0.12983623395596397,0.21059619592138207,0.659567570122654
25302409,2894,H,H,0.36629561211343326,0.300345646305098,0.3333587415814687
25302415,2748,H,H,0.6197459117227799,0.23159486964295015,0.14865921863426998
25302419,2858,H,A,0.304242040258123,0.34037140484664186,0.35538655489523513
25356523,2747,D,A,0.34415305698181636,0.23818770414840493,0.4176592388697787
25356925,2894,D,H,0.4552631749389601,0.30311866308026925,0.2416181619807707
25356979,2745,H,H,0.8981857684958793,0.07836876574054033,0.023445465763580305
25356980,2745,H,H,0.4553716507100101,0.2917766459438785,0.25285170334611135
25356981,2745,H,H,0.5489104772771755,0.2558133853569856,0.19527613736583896
25356982,2745,A,A,0.3262300475632051,0.32250701577126034,0.3512629366655345
25356983,2745,A,A,0.24697900968381614,0.31683175562803706,0.4361892346881468
25357011,2747,D,H,0.5807577762401024,0.2013684495571665,0.2178737742027311
25357014,2747,D,A,0.20331436914308754,0.21971506362012297,0.5769705672367895
25357016,2747,H,H,0.5786122088396837,0.22584585497220758,0.1955419361881088
25357021,2747,H,A,0.29995552783458324,0.2304598014842695,0.46958467068114723
25357030,2747,A,H,0.40109207447538814,0.25827779954950614,0.3406301259751057
25357403,2858,A,H,0.37579783160954594,0.2967900403970347,0.32741212799341934
25357480,2748,H,A,0.255258781281952,0.21747628586612985,0.5272649328519181
25357583,2894,D,A,0.31688289547454895,0.2354986349610604,0.4476184695643906
25357614,2747,D,A,0.11236193632181327,0.15939247723849628,0.7282455864396904
25357621,2745,A,H,0.6012035930420542,0.21220809678802285,0.186588310169923
25357624,2858,H,H,0.4029905628726142,0.30265527660360636,0.29435416052377944
25357785,2894,A,H,0.41123502301436743,0.25003707294300304,0.3387279040426294
25357798,2858,A,H,0.40365876804831713,0.2700119435545038,0.3263292883971791
25357808,2748,A,A,0.18667432837851164,0.2275195213719274,0.585806150249561
25580346,2894,D,H,0.5374571003723174,0.2539593345661171,0.2085835650615654
25580350,2748,H,A,0.2814906602875274,0.2526923124323291,0.46581702728014346
25580533,2858,D,A,0.28585418139404695,0.3009997874116377,0.4131460311943153
25580858,2748,H,H,0.49323622505440223,0.30107768549641095,0.2056860894491868
25580886,2747,A,A,0.2987183492252581,0.22098828881677346,0.48029336195796857
25580985,2894,A,H,0.4041921373750821,0.28321098323227323,0.31259687939264474
25581055,2748,D,H,0.3867167710872327,0.32248833162970236,0.29079489728306496
25581057,2748,H,H,0.5682258762513919,0.2619253401327855,0.1698487836158226
25581058,2748,H,A,0.28485985384823903,0.3463261187529563,0.3688140273988046
25581069,2745,H,A,0.2830552550692987,0.28548737045694933,0.43145737447375204
25581156,2858,A,A,0.2710966413629298,0.30817305679561063,0.42073030184145965
25581237,2748,H,H,0.3835208282598255,0.2907366959661102,0.3257424757740644
25581240,2747,H,H,0.6698323405356856,0.18839877217381523,0.1417688872904992
25581243,2745,H,A,0.26472084169681975,0.2714586137949252,0.463820544508255
25581264,2894,H,H,0.49230313041845064,0.2394204450240667,0.2682764245574826
25581273,2858,D,A,0.31996389177685663,0.3267369473216288,0.3532991609015146
25581342,2748,H,A,0.31785195775436276,0.2229629668607197,0.4591850753849176
25581343,2894,H,H,0.8325688899040399,0.11875542797644102,0.04867568211951903
25581347,2858,A,A,0.17930030015527165,0.27940354200471296,0.5412961578400154
25774953,2894,H,H,0.457860220538812,0.30897322767661795,0.23316655178457005
25774988,2894,D,A,0.11340999335041031,0.24486686865677365,0.641723137992816
25774991,2747,H,H,0.5790603093441743,0.21940901563578113,0.20153067502004454
25774993,2858,A,A,0.30068874410236074,0.3234186765218503,0.3758925793757889
25835780,2858,H,H,0.7609504536376896,0.18993913767941356,0.04911040868289682
25910116,2745,H,H,0.5030362688760034,0.2839511115100662,0.21301261961393048
25910136,2894,A,A,0.1043177529611798,0.17795142191163488,0.7177308251271853
25910141,2748,H,A,0.18603590473513823,0.3003208265738891,0.5136432686909728
25910146,2858,H,H,0.50628633553215,0.28516132237129244,0.20855234209655762
25968078,2747,A,A,0.15834633125676428,0.19706080045684524,0.6445928682863905
25968156,2858,D,H,0.5729197346780185,0.2787562165622331,0.14832404875974842
25968389,2894,A,A,0.24812945442836906,0.29378571786481966,0.4580848277068112
25968447,2745,H,A,0.140327825027045,0.19363023530443085,0.6660419396685241
25968448,2745,A,H,0.44823479903733016,0.18824336436460537,0.36352183659806453
25968449,2745,A,A,0.22127020520100563,0.3357040639909921,0.4430257308080023
25968450,2745,H,A,0.31605538388420934,0.315470621750778,0.36847399436501266
25968666,2747,D,H,0.5949984368668586,0.18964793465595178,0.21535362847718967
25968667,2747,A,H,0.5234678989139255,0.19970126929358675,0.27683083179248774
25968668,2747,A,H,0.6036031940296589,0.21988499724514726,0.1765118087251938
25968670,2747,H,A,0.3001534250949001,0.27946388325524846,0.4203826916498514
25968674,2747,D,A,0.10828815445284391,0.19775631684654082,0.6939555287006152
25968676,2747,A,H,0.4782775236040076,0.26454142259245234,0.2571810538035401
25968864,2858,H,H,0.5237032289910872,0.31576425289320514,0.16053251811570757
25968889,2748,D,H,0.453476012670836,0.21431005262865047,0.33221393470051347
25968985,2894,A,A,0.35032608361603484,0.25525670695150643,0.3944172094324587
25969020,2745,H,H,0.6570974243498662,0.2229455206643353,0.11995705498579856
25969021,2747,A,H,0.5325447358098826,0.18722206363277166,0.2802332005573458
25969022,2858,H,H,0.389124686064264,0.2700066962326243,0.3408686177031118
25969156,2894,H,H,0.5908546600432131,0.2151305070744763,0.19401483288231064
25969159,2748,H,H,0.5461080017509577,0.28764721941373966,0.16624477883530261
25969168,2858,A,A,0.22643953039369413,0.2791640800750128,0.49439638953129317
26196108,2894,A,H,0.5667278194180909,0.19957914647259176,0.23369303410931738
26196118,2748,H,H,0.5406022538527319,0.22449789475505685,0.23489985139221123
26196260,2858,A,D,0.24444904391401984,0.3810992425724467,0.37445171351353346
26196470,2748,H,H,0.5700323943844788,0.27435616168229754,0.15561144393322368
26196473,2748,A,A,0.1581648413758812,0.22206706896309866,0.6197680896610203
26196474,2748,H,H,0.5234482595056679,0.26788787847584344,0.2086638620184887
26196476,2748,A,A,0.26191624688045106,0.368290672576523,0.3697930805430259
26196528,2747,H,H,0.48480013978257297,0.22301560860262634,0.29218425161480055
26196552,2894,D,H,0.4308812878271953,0.2593498849517606,0.3097688272210442
26196553,2894,A,A,0.1516210546027944,0.24934522207588183,0.5990337233213239
26196598,2745,D,H,0.6855323758691441,0.2454597348689576,0.06900788926189837
26196689,2858,D,H,0.5367695404506581,0.2898844854902754,0.1733459740590666
26196759,2748,H,H,0.537708373177748,0.25233821795379313,0.20995340886845879
26196770,2745,H,H,0.7322772786615982,0.17115354116032802,0.0965691801780738
26196772,2747,H,H,0.5771640709514627,0.21747408259726067,0.20536184645127653
26196796,2894,A,A,0.1787638336498179,0.20863174243527788,0.6126044239149043
26196807,2858,H,H,0.4805697203186074,0.27005652835901184,0.24937375132238074
26196834,2745,A,H,0.5626999197107446,0.2132877991494642,0.22401228113979124
26196852,2748,A,A,0.24089242177040127,0.20899158180325633,0.5501159964263422
26196853,2894,H,H,0.553668466454723,0.26018183461568195,0.186149698929595
26196857,2858,H,H,0.7357561360288745,0.19720406956997538,0.06703979440115018
26392396,2894,D,H,0.6273981060414499,0.22449711203564576,0.14810478192290433
26392405,2858,H,H,0.3695805124170963,0.2938035847830797,0.3366159027998241
26529928,2745,H,H,0.3700916622850181,0.31693062870837907,0.3129777090066029
26529954,2748,H,H,0.5905448552667613,0.2270612792702549,0.1823938654629839
26529957,2747,D,H,0.6433666931826209,0.1888541679947573,0.16777913882262185
26529959,2858,A,A,0.22484898371299458,0.31679522108266434,0.458355795204341
26529985,2747,H,H,0.4454730995668023,0.1942135117268289,0.36031338870636886
26589482,2858,H,H,0.4285523398918367,0.30030341079336864,0.2711442493147947
26589856,2745,H,H,0.486351301550213,0.23870970229983335,0.2749389961499537
26589857,2745,A,A,0.38274915290038414,0.20998074736544253,0.40727009973417344
26589859,2745,A,A,0.19867578640103895,0.27327838169537805,0.528045831903583
26589860,2745,H,H,0.37795826420181033,0.3592667755890466,0.26277496020914304
26589861,2745,H,H,0.5732409035172645,0.28366311691823953,0.14309597956449585
26590134,2747,A,H,0.37513281684706695,0.26033770479538176,0.3645294783575514
26590137,2747,H,H,0.5710248358169834,0.23796389603674162,0.19101126814627495
26590139,2747,A,A,0.14979341110287087,0.1901911937811883,0.6600153951159409
26590143,2747,H,H,0.4476923277169786,0.26501601823941895,0.28729165404360235
26590322,2858,H,A,0.2555957677124314,0.3236611545176784,0.42074307776989023
26590361,2748,A,A,0.16944698264035496,0.27078464011614006,0.559768377243505
26590538,2894,A,A,0.10261521861276632,0.1867739638744953,0.7106108175127384
26590567,2745,H,A,0.3122958805293649,0.29549993779285944,0.3922041816777757
26590568,2747,A,A,0.10062002718025327,0.16702568937028908,0.7323542834494576
26590570,2858,D,H,0.5879418765035235,0.2541290283247848,0.1579290951716917
26590737,2747,D,A,0.21305480453272022,0.24521686094772832,0.5417283345195515
26590738,2894,A,H,0.48331193241205367,0.26970129501013723,0.24698677257780907
26590741,2748,D,A,0.2417342678937877,0.23472950210403293,0.5235362300021794
26590752,2858,H,A,0.33752315860099175,0.2717429304164837,0.39073391098252463
26591038,2747,H,A,0.3317419303816348,0.2635692770732623,0.40468879254510287
26808097,2894,H,A,0.25536547724548586,0.25992264804365695,0.4847118747108572
26808107,2748,A,H,0.6094880899978088,0.2598905343717448,0.13062137563044637
26808291,2858,A,H,0.4493746714257504,0.27548357812512786,0.27514175044912176
26808468,2747,H,H,0.4966432624619005,0.23908740969745534,0.26426932784064433
26808574,2748,H,D,0.3161294596916024,0.3769456599900793,0.30692488031831844
26808579,2748,D,H,0.43000502311894456,0.3006339930529629,0.2693609838280926
26808582,2748,A,A,0.2827850493695343,0.2313532298939991,0.4858617207364665
26808593,2748,H,H,0.4157246104026565,0.2619714545166954,0.32230393508064814
26808698,2894,H,A,0.2826495698189414,0.3144669629465012,0.4028834672345574
26808773,2745,D,H,0.4408229803422512,0.26617015787548515,0.29300686178226365
26808900,2858,H,H,0.46330071454406785,0.33012325287295996,0.20657603258297208
26808975,2748,A,H,0.5826808015453361,0.21461648617437423,0.20270271228028972
26808980,2745,H,H,0.7407368000077681,0.15760499836379727,0.1016582016284346
26809005,2894,D,H,0.5487251954912479,0.2525329504788616,0.19874185402989047
26809016,2858,H,A,0.0904358821488795,0.2512217441899193,0.658342373661201
26809095,2748,A,H,0.388556669746684,0.22444481853105572,0.38699851172226024
26809096,2894,H,A,0.3188599703376053,0.2698636015803442,0.41127642808205045
26809103,2858,A,H,0.44059000003766324,0.27851040032083635,0.2808995996415005
26975874,2894,A,A,0.380746242069823,0.2347535648276244,0.38450019310255257
26975908,2894,H,H,0.7223755732165422,0.1827667295886585,0.09485769719479929
26975915,2858,H,H,0.46218594371407606,0.3194799187535245,0.21833413753239939
27000663,2894,H,A,0.16067760245623663,0.2432908473094483,0.5960315502343151
27000705,2894,H,H,0.5211544086912004,0.25740369090798854,0.22144190040081096
27094229,2745,H,H,0.4789212490409204,0.2281207237775527,0.29295802718152697
27094244,2894,A,H,0.6265647107755731,0.18421752813881156,0.1892177610856154
27094250,2748,D,H,0.6803989929807259,0.21099290363215803,0.10860810338711595
27094258,2858,D,H,0.6399284061145879,0.24264893859181658,0.11742265529359555
27153553,2747,H,H,0.5150013285095972,0.19880428377783144,0.28619438771257133
27153730,2858,H,A,0.3436861747897972,0.30509764735394246,0.3512161778562603
27154184,2894,H,H,0.46312379390081215,0.22778816035104774,0.3090880457481401
27154264,2745,D,H,0.516175439379108,0.3035248041297652,0.18029975649112687
27154265,2745,H,H,0.5841102965402489,0.2521447530106618,0.1637449504490892
27154267,2745,D,H,0.4417420991494374,0.2803661272279913,0.2778917736225713
27154268,2745,A,D,0.3471040083727819,0.36946246976327973,0.2834335218639384
27154269,2745,H,H,0.45762851367117097,0.2901360827446049,0.25223540358422414
27154588,2747,H,H,0.7380540684839306,0.1799732399413765,0.08197269157469295
27154589,2747,H,H,0.3961525638088624,0.25346564684111755,0.35038178935002
27154593,2747,H,H,0.6489134934336884,0.17396921831805148,0.17711728824826
27154595,2747,H,H,0.45593451817298924,0.25920292310998394,0.2848625587170269
27154601,2747,H,A,0.22996140738852658,0.2839341151810021,0.4861044774304714
27154776,2858,A,A,0.3055027685873996,0.28164963434956036,0.4128475970630401
27154818,2748,D,H,0.38361539348465357,0.2814183797470808,0.3349662267682657
27155024,2894,D,H,0.6443317345222065,0.1745757562805716,0.18109250919722195
27155052,2745,A,A,0.11259014396403165,0.1933914943042795,0.6940183617316888
27155053,2747,H,A,0.3305447465719248,0.26329737324463776,0.40615788018343746
27155054,2858,A,H,0.5512645742801484,0.3192057857677701,0.12952963995208155
27155238,2894,H,A,0.3138535139135684,0.27373946394528437,0.4124070221411473
27155241,2748,H,H,0.6252397539096457,0.2297878180122832,0.14497242807807115
27155251,2858,H,H,0.5750760878471839,0.25417525094376076,0.1707486612090554
27155754,2894,D,A,0.34494976461745747,0.3071552747069694,0.3478949606755731
27155755,2858,D,H,0.43151382978008934,0.29152205164044454,0.276964118579466
27155760,2748,D,A,0.13174515531124614,0.29702992525301014,0.5712249194357437
27155776,2894,H,A,0.3477695329029783,0.22052034968999176,0.43171011740702986
27155777,2858,D,A,0.1836901231837675,0.29502994220678547,0.521279934609447
27155795,2894,D,A,0.3251596067190041,0.31767679785968983,0.357163595421306
27155805,2858,H,D,0.30342329810183427,0.36300543165487864,0.333571270243287
27155809,2748,H,H,0.5613739595576577,0.2819171789316987,0.15670886151064362
27155810,2748,A,H,0.45022651007758213,0.2786165494008796,0.2711569405215383
27155811,2748,H,H,0.6593714455781968,0.22286281160566027,0.1177657428161429
27155812,2748,A,H,0.4657820739760434,0.24297710317445956,0.29124082284949715
27155814,2747,D,H,0.4075307858451421,0.29310253464949354,0.2993666795053644
27155818,2745,H,H,0.6596435479966551,0.19689378434625787,0.14346266765708707
27155821,2858,H,H,0.6654675390522384,0.22630128350345863,0.10823117744430297
27155824,2748,D,H,0.46437001697967667,0.23827664683374356,0.2973533361865797
27155826,2745,D,H,0.5076343598536456,0.19609906208290165,0.29626657806345275
27155827,2747,H,A,0.3660005144468241,0.22413569914957868,0.40986378640359716
27155830,2894,H,H,0.5660021805901402,0.22331831575050454,0.21067950365935534
27155834,2748,A,A,0.33127579546414404,0.2551203974501397,0.4136038070857163
27155839,2894,H,H,0.5240635911203327,0.28785605894815874,0.18808034993150854
27155841,2894,H,A,0.32539712669484905,0.31825391005189446,0.3563489632532565
27155842,2747,H,H,0.4424841845788912,0.21492984656434827,0.3425859688567606
27155843,2858,D,H,0.40512603418066645,0.3500446990611558,0.24482926675817768
27613918,2858,H,A,0.32188017478632996,0.31189422915441334,0.36622559605925664
27613922,2747,A,A,0.36653567668737264,0.25956375111965185,0.37390057219297557
27613924,2747,H,A,0.15411941303461907,0.23436795136696592,0.611512635598415
27613927,2748,A,A,0.21636915473832516,0.24388363982295727,0.5397472054387176
27613928,2748,A,A,0.12209969780181604,0.21450676288253995,0.663393539315644
27613929,2748,D,A,0.19185494057780425,0.2591937960821833,0.5489512633400125
27613930,2748,D,H,0.4002720811219674,0.274967554835844,0.32476036404218867
27613931,2747,D,H,0.5802298206220526,0.24108892635807763,0.17868125301986976
27613932,2748,D,H,0.6117949957034245,0.242214489864205,0.14599051443237043
27613933,2748,D,A,0.2312267804363575,0.23431857285260665,0.5344546467110358
27613934,2748,H,H,0.6193824288424357,0.2352286795167646,0.14538889164079974
27613935,2748,A,A,0.1709651438339129,0.2655310009939816,0.5635038551721055
27613936,2748,A,A,0.23525440739642958,0.3322212947742151,0.43252429782935525
27613946,2748,A,H,0.5064989724177386,0.2225596343708744,0.27094139321138705
27613947,2858,A,A,0.27251760239189976,0.290675843089089,0.4368065545190113
27613948,2894,D,H,0.62969697782534,0.2335586177087104,0.13674440446594968
27613949,2858,A,A,0.19384207074748658,0.2667311348623245,0.5394267943901889
27613950,2894,H,H,0.7054601783186198,0.19585257875602244,0.09868724292535762
27613951,2745,D,H,0.5372613058241792,0.210590882642838,0.2521478115329829
27613952,2858,D,H,0.3878783283737697,0.31255604541673765,0.2995656262094926
27613953,2745,D,A,0.1927694407088541,0.26806839044111397,0.5391621688500319
27613954,2745,A,H,0.6788756712792448,0.2048400652850064,0.11628426343574888
27613955,2894,H,A,0.1392567829926861,0.2630593823712973,0.5976838346360166
27613956,2858,D,H,0.3806631656402726,0.33733295229536686,0.28200388206436056
27613957,2747,H,A,0.12969214382804595,0.21705878146300808,0.653249074708946
27613958,2858,H,H,0.6463001534721189,0.2286190093643398,0.12508083716354124
27613959,2894,A,A,0.30888563707066163,0.2738026209143417,0.4173117420149966
27613960,2745,H,H,0.7911904001296142,0.15683693947625207,0.051972660394133875
27613961,2745,H,H,0.6378633166166665,0.2189573456400476,0.14317933774328587
27613962,2745,D,H,0.6629700297738779,0.19718609157594344,0.1398438786501788
27613963,2745,D,A,0.269782823313774,0.33110670208874426,0.3991104745974818
27613964,2747,D,A,0.20035378853877728,0.21959596466888204,0.5800502467923407
27613965,2747,H,H,0.6274853290204099,0.2193251855037393,0.1531894854758509
27613966,2858,D,D,0.33984232798557495,0.37457024968150715,0.2855874223329179
27613967,2894,H,H,0.6261243237958375,0.17031860886954237,0.20355706733462015
27613968,2894,A,H,0.5461658830234816,0.25757798463637893,0.19625613234013956
27613969,2747,A,A,0.10282775472737125,0.18562655960735042,0.7115456856652782
27613970,2894,D,A,0.27472871911642194,0.25667151999110155,0.46859976089247657
27613971,2858,H,H,0.441259116047503,0.3062423103369369,0.25249857361556005
27613972,2894,A,H,0.4092611887474265,0.2705863233255952,0.32015248792697837
27613973,2858,D,A,0.2636243306653578,0.2907990272559755,0.4455766420786666
27613974,2747,A,A,0.21937915353768836,0.22158990239494383,0.5590309440673678
27613975,2747,D,A,0.366949355889403,0.23896740177134043,0.39408324233925657
27613976,2894,A,A,0.25754824239572155,0.2720256876957094,0.4704260699085689
27613977,2894,D,A,0.33718151487772197,0.27381517398894234,0.3890033111333357
27613978,2745,H,H,0.6205700781273265,0.2385410255584599,0.1408888963142137
27613979,2858,H,H,0.4096055929050393,0.34378653965377864,0.24660786744118204
27613980,2745,A,H,0.3737159252405271,0.2784555305618244,0.3478285441976484
27613981,2747,H,H,0.5742189578219533,0.22627677314128442,0.19950426903676236
28354617,2747,D,H,0.522528316242602,0.25397990561610406,0.22349177814129392
28354635,2894,H,A,0.32467299026280294,0.31685566312822777,0.3584713466089694
28354636,2748,H,H,0.5053514205824008,0.27846082052225163,0.21618775889534755
28354637,2858,H,H,0.59831175619832,0.2565691321360679,0.14511911166561223
28354643,2858,D,H,0.3786817310048929,0.357024195589636,0.26429407340547106
28354644,2858,A,H,0.36225311204976257,0.3087509442411643,0.32899594370907315
28354645,2748,H,H,0.7166165664326095,0.21153667334056578,0.07184676022682478
28354647,2748,D,H,0.4918278925604917,0.22343863091528912,0.28473347652421915
28354648,2748,D,H,0.340399501156955,0.3339878398785859,0.3256126589644592
28354649,2858,H,H,0.6349449413644708,0.2595590318848837,0.10549602675064557
28354650,2747,A,A,0.13448254576590987,0.20440873036850046,0.6611087238655897
28354651,2745,A,A,0.25979941787142613,0.28409394814541894,0.456106633983155
28354652,2747,D,H,0.564676086352363,0.20682581145494378,0.22849810219269331
28354653,2858,H,H,0.5254280829857397,0.2464735306463855,0.22809838636787483
28354654,2894,D,H,0.6191050464962015,0.23724535320883544,0.14364960029496313
28354655,2748,H,H,0.4641379500077967,0.3258418687794588,0.21002018121274454
28354656,2745,D,H,0.49935689261830685,0.2507818949567111,0.2498612124249821
28354657,2894,H,H,0.48105751566860083,0.28258007924847395,0.23636240508292522
28354658,2894,H,H,0.6705072400955798,0.15966016095996136,0.1698325989444588
28354659,2747,D,A,0.21683512370155136,0.2316933012146317,0.5514715750838171
28354660,2894,D,A,0.33634698138683206,0.2956389880318881,0.36801403058127985
28354661,2747,H,H,0.5330170652774545,0.273434040197146,0.19354889452539942
28354662,2745,D,H,0.4799049884873396,0.32376490610107556,0.19633010541158497
28354663,2745,H,A,0.18925349614582154,0.22380703054310336,0.586939473311075
28354664,2745,H,H,0.5421940843369389,0.27097331758429005,0.18683259807877095
28354665,2858,A,A,0.27452740372160306,0.3240918422868376,0.4013807539915593
28354666,2748,D,H,0.4918497598439428,0.250332950778979,0.25781728937707826
28354667,2745,D,H,0.4866076585379192,0.26307091325571724,0.25032142820636355
28354668,2747,H,H,0.7099565869259683,0.17125965577275054,0.11878375730128114
28354669,2748,A,A,0.1281068226316807,0.2716240867803154,0.600269090588004
28354670,2894,H,A,0.2967425682672914,0.29764761401195233,0.40560981772075627
28354671,2745,H,H,0.6920454517058865,0.19246034472768375,0.11549420356642984
28354672,2747,A,H,0.3888925626322471,0.2649435747612372,0.34616386260651566
28354673,2858,D,H,0.4143876050798122,0.3006346980246668,0.2849776968955211
28354674,2748,A,A,0.3572624657849395,0.23555282665998278,0.40718470755507774
28354675,2894,H,H,0.49526492046206133,0.2469681456649902,0.2577669338729485
28354676,2894,A,A,0.11711817560092166,0.17979271279893838,0.7030891116001399
28354677,2745,H,H,0.40664073893417646,0.2846084472249508,0.30875081384087283
28354678,2858,A,H,0.37608021086126475,0.29852233337638273,0.3253974557623525
28354679,2748,A,H,0.507078531927025,0.26110065705088004,0.2318208110220949
28354680,2745,H,A,0.17034981861467324,0.2308709806317568,0.5987792007535699
28354681,2894,H,H,0.5458001517323735,0.20017060489967806,0.2540292433679484
28354682,2858,H,H,0.4020174253615446,0.32715827170692535,0.27082430293153004
28354683,2748,A,A,0.3313813303771169,0.25575511678450824,0.4128635528383749
28354684,2894,A,H,0.4056822776594217,0.23809697512369604,0.3562207472168822
28354685,2858,H,H,0.4560279208645854,0.27948484436346227,0.2644872347719523
28487058,2747,H,H,0.5555151717416429,0.19677844701762107,0.24770638124073607
28557736,2747,H,H,0.5021477623124048,0.22001076954452853,0.27784146814306676
28557737,2747,H,H,0.7589728276212839,0.12661047328531344,0.11441669909340273
29855285,2894,D,H,0.45808312733313467,0.25992888379011864,0.2819879888767467
29855287,2858,H,H,0.5268554179850155,0.2747832954682354,0.1983612865467492
29855288,2894,H,H,0.42282348381574,0.2538832323277661,0.3232932838564939
29855293,2747,H,H,0.3635914923496564,0.2880860065302463,0.3483225011200973
29855299,2747,H,H,0.4441288977144439,0.2561582724487611,0.299712829836795
29855300,2748,H,H,0.4821980500233114,0.2953069327040177,0.22249501727267085
29855313,2747,D,A,0.17803375309325603,0.2530942310576774,0.5688720158490665
29855314,2858,D,H,0.37998228112330473,0.3059821490490374,0.31403556982765785
29855315,2748,D,H,0.49154421341852683,0.2938985339460284,0.2145572526354449
29855316,2858,D,H,0.5364110476171254,0.2891615952651015,0.1744273571177731
29855328,2894,H,H,0.3770949558032045,0.2736404594699842,0.3492645847268113
29855329,2858,A,H,0.41945413088912775,0.3137573638626306,0.2667885052482416
29855330,2894,H,H,0.660158756549221,0.20222207826204003,0.137619165188739
29855332,2894,A,A,0.2517777376010461,0.2761671917442101,0.4720550706547437
29855333,2858,H,H,0.4191574929902342,0.3321327862521087,0.24870972075765718
29855334,2894,A,A,0.16911074725225017,0.24301094052311176,0.587878312224638
29855336,2747,H,A,0.33725570738542043,0.25814235823484966,0.4046019343797299
29855337,2747,H,A,0.20530869507894575,0.2782053424044375,0.5164859625166167
29855340,2745,A,H,0.5787191699597993,0.22259487998845692,0.19868595005174375
29855341,2745,D,H,0.6288055377508377,0.2544652833304997,0.11672917891866252
29855342,2894,A,H,0.7537179810909401,0.1414031236493738,0.10487889525968604
29855343,2745,H,H,0.5085037441740551,0.2207763145213342,0.2707199413046108
29855344,2858,D,H,0.405559879238807,0.3157788364689213,0.2786612842922716
29855345,2747,A,H,0.3777531815598085,0.25664818016189134,0.3655986382783002
29855347,2858,H,H,0.7251135617703512,0.18982951597095332,0.08505692225869546
29855348,2894,A,H,0.4903427949447854,0.28465023936471906,0.22500696569049555
29855349,2748,A,A,0.24690088611337527,0.26898592733151855,0.4841131865551061
29855355,2748,H,H,0.44896044084624714,0.2581640142348603,0.2928755449188925
29855359,2748,D,A,0.09198049698715519,0.21153472325669992,0.6964847797561449
29855360,2748,H,A,0.31872209656040573,0.2693281782208829,0.4119497252187112
29855361,2894,D,H,0.36117496961045364,0.3106876209338944,0.328137409455652
29855363,2745,D,H,0.4080782784472432,0.31300776365520167,0.27891395789755513
29855365,2748,H,H,0.6567465537828803,0.1963689460045407,0.14688450021257907
29855366,2745,A,H,0.505218035312923,0.27555136855157464,0.21923059613550244
29855370,2858,H,A,0.3295621335163237,0.30433855282805183,0.36609931365562454
29855375,2748,A,H,0.4987989891734662,0.24752061720727392,0.2536803936192599
29855377,2747,H,H,0.7121567423332584,0.18049836423326607,0.10734489343347556
29855378,2747,D,H,0.4701018948266188,0.20835281512475132,0.32154529004863003
29855379,2745,H,H,0.6498139840064145,0.20982253237317458,0.14036348362041076
29855380,2894,H,H,0.6490987397549571,0.21451983447977127,0.13638142576527157
29855385,2747,H,H,0.6044782892012889,0.17093832093268913,0.22458338986602205
29855387,2747,D,A,0.3092966172966564,0.24392067365851225,0.44678270904483125
29855388,2858,A,A,0.10091910943216524,0.22189846425300566,0.6771824263148292
29855389,2745,D,H,0.667039192539828,0.23243163666534095,0.10052917079483113
29855410,2745,D,H,0.6969392024575831,0.1825515780181319,0.120509219524285
29855411,2745,A,A,0.2341373964195511,0.3121241968037895,0.4537384067766593
29855414,2748,A,H,0.4101560588492782,0.23173953672694317,0.3581044044237786
29855429,2748,H,H,0.3897390576394375,0.3129545588581755,0.29730638350238686
29855430,2858,D,H,0.5461096702714917,0.2884756914206392,0.16541463830786904
30472937,2858,A,H,0.6014958356814364,0.2599114396546322,0.13859272466393135
30472938,2858,A,H,0.6179506411828011,0.226383771208423,0.15566558760877588
30472939,2858,A,A,0.29969826345937484,0.30815786836149006,0.3921438681791352
30472940,2858,H,H,0.4410788207077983,0.3415582268597585,0.2173629524324432
30472941,2858,H,H,0.5424470810489286,0.3242775074627758,0.1332754114882956
30472942,2858,H,H,0.5228356295795241,0.2879468777311411,0.18921749268933477
30472943,2858,D,A,0.31026245033585503,0.331661163804558,0.35807638585958695
30472944,2858,D,A,0.24232520594484777,0.3091179009587348,0.4485568930964175
30472945,2894,A,H,0.47180433829004154,0.24675932804493866,0.2814363336650199
30472946,2894,H,A,0.28378174036840664,0.30736160110212124,0.4088566585294722
30472947,2894,H,H,0.46885466054358776,0.21710168285738368,0.31404365659902855
30472962,2894,A,A,0.29361306151604427,0.22917414998042482,0.4772127885035308
30472967,2894,A,H,0.3965584836574856,0.30460838084055053,0.29883313550196394
30472969,2894,A,A,0.12665914727457617,0.1746360536575268,0.6987047990678971
30472970,2894,D,H,0.5501408397618265,0.24282715605970204,0.2070320041784715
30472971,2894,D,A,0.22192970534453182,0.24256136565972336,0.5355089289957448
30472978,2748,A,A,0.22724171018137895,0.22223541055760487,0.5505228792610162
30472980,2894,D,H,0.42888347888762607,0.292948461004823,0.27816806010755085
30472988,2894,D,H,0.5601154483301555,0.25737810802842515,0.18250644364141938
30472992,2748,D,A,0.15557934552735514,0.25807766924876846,0.5863429852238764
30472995,2748,H,H,0.620566678465423,0.21556799144694433,0.16386533008763257
30473003,2745,H,A,0.3294914978890966,0.3213262913861673,0.3491822107247361
30473004,2858,A,A,0.24001680958354546,0.2711843992292733,0.48879879118718134
30473008,2748,D,A,0.2794301921387247,0.26156298648569987,0.4590068213755755
30473009,2748,H,H,0.3692685907605285,0.2626297977914603,0.3681016114480113
30473014,2747,H,H,0.6358557700385099,0.19214212105053122,0.17200210891095885
30473015,2747,A,A,0.3409051035171175,0.2180559094440333,0.44103898703884914
30473016,2747,A,H,0.41162293769157254,0.2640220058530182,0.3243550564554093
30473017,2747,A,H,0.5681911979982708,0.237509297412312,0.19429950458941722
30473018,2747,H,H,0.5439760091685611,0.2410982031103586,0.21492578772108029
30473019,2747,D,A,0.2184792386552585,0.19611126220979536,0.5854094991349462
30473020,2747,H,A,0.31427485071473615,0.2600843556560363,0.4256407936292276
30473021,2747,H,A,0.3224251283697521,0.25457149965028536,0.4230033719799625
30473024,2745,A,A,0.2106422782990143,0.25538556695245845,0.5339721547485273
30473025,2745,H,H,0.574685985306418,0.2831294025036811,0.14218461218990092
30473026,2745,D,H,0.6662878019849031,0.1797951584845646,0.15391703953053235
30473027,2745,A,H,0.36860910110492934,0.3527371097269759,0.27865378916809475
30473028,2745,A,H,0.4529316067229207,0.28168412071250615,0.265384272564573
30473029,2745,A,A,0.22776287790564556,0.29215760748344743,0.4800795146109069
30473032,2748,A,D,0.33630162184528883,0.35922121168154186,0.30447716647316936
30473033,2748,A,H,0.4476926501139243,0.2572949747233366,0.2950123751627392
30473042,2747,A,A,0.06797141587079177,0.15316069901869978,0.7788678851105085
30473046,2748,A,H,0.3523234171928289,0.3507723066253859,0.2969042761817852
30473048,2748,H,A,0.09617460878363694,0.2684537169833423,0.6353716742330207
30473050,2747,A,H,0.45882394680582633,0.26284928523500334,0.2783267679591702
30473051,2745,H,H,0.42901744113120865,0.2636375373447128,0.30734502152407855
30473054,2748,D,H,0.600412114716413,0.21611904535498214,0.1834688399286049
30473056,2745,H,H,0.5387180820979669,0.19821868235833515,0.2630632355436979
30613808,2858,D,H,0.6655695125869896,0.22510897961399648,0.10932150779901392
31305761,2747,H,A,0.24514345830131448,0.22121909011225502,0.5336374515864305
31305762,2747,A,H,0.5982830411077108,0.2581050809022166,0.14361187799007252
31305763,2747,A,A,0.3086628183973892,0.25894981281705065,0.43238736878556006
31305764,2747,H,H,0.7575103036859129,0.13865470901157845,0.1038349873025087
31305765,2747,D,A,0.11287384740671803,0.1686178086848346,0.7185083439084473
31305766,2747,A,A,0.19068887948715343,0.27330153983578465,0.5360095806770618
31305767,2747,A,A,0.15266501492476983,0.20366653179176564,0.6436684532834646
31305768,2747,H,A,0.36018321630209965,0.2307316942650088,0.4090850894328915
31305769,2747,A,A,0.2592042415276494,0.2590111315968459,0.4817846268755046
31305770,2747,A,A,0.22142567292804638,0.254059090464592,0.5245152366073617
31503252,2894,H,A,0.3255102723210591,0.2843919087981389,0.3900978188808021
31503417,2745,H,H,0.3458736976888791,0.31230207807661137,0.3418242242345096
31503437,2894,A,A,0.19200050153853881,0.2755561954103822,0.532443303051079
31503448,2748,A,A,0.32108792001340986,0.24941870651758713,0.429493373469003
31503453,2858,H,H,0.424304580168954,0.31945032106877214,0.2562450987622739
31519684,2858,A,H,0.4928917436645517,0.24875489314787727,0.2583533631875711
31519685,2894,D,H,0.3796926766848634,0.26625253725862835,0.3540547860565083
31519686,2858,A,H,0.415579819161842,0.3478478507441734,0.2365723300939846
31519687,2858,H,H,0.6099382060125675,0.25751853005993475,0.1325432639274977
31519688,2858,D,A,0.14374211970073844,0.2451952892146177,0.6110625910846438
31519689,2858,H,H,0.6641094761310803,0.24370343181555162,0.09218709205336813
31519690,2748,H,H,0.5003818349364979,0.25654964332324015,0.24306852174026197
31519691,2858,A,A,0.15575428825794294,0.22183564092052765,0.6224100708215293
31519692,2858,H,H,0.6294811927477776,0.21597928584302425,0.15453952140919808
31519693,2858,H,H,0.4630021077607438,0.2836277001580786,0.2533701920811777
31519694,2858,A,H,0.6267973607444323,0.2611764368541111,0.11202620240145657
31519695,2894,H,H,0.4667304902019666,0.2753637789125026,0.25790573088553076
31519696,2748,H,H,0.6566861365048503,0.2407994844476773,0.1025143790474724
31519697,2894,H,A,0.2556041464879929,0.21985292224402816,0.5245429312679789
31519698,2748,H,H,0.47850040659899157,0.28731931455927673,0.23418027884173173
31519699,2748,H,H,0.5281895506318804,0.25119384771586,0.22061660165225955
31519700,2894,D,H,0.4229110108005461,0.29914095277950503,0.27794803641994886
31519701,2748,H,A,0.225566151498692,0.24028598484102554,0.5341478636602823
31519702,2748,H,H,0.3879784569356587,0.25769556060951315,0.3543259824548282
31519703,2748,H,H,0.491812146535526,0.3550546240883967,0.15313322937607718
31519704,2894,D,H,0.5724229047018314,0.24121569399990092,0.18636140129826767
31519705,2748,H,H,0.5367467491089951,0.22149006886339467,0.24176318202761019
31519706,2894,A,H,0.5126206574916216,0.25520147078001487,0.2321778717283636
31519707,2894,D,H,0.7604275815829564,0.15765904896745456,0.081913369449589
31519708,2748,H,H,0.41953448997797865,0.2422591771453014,0.33820633287672003
31519709,2894,D,A,0.35265736534752556,0.22771383962020547,0.4196287950322689
31519710,2745,D,H,0.44591845910503564,0.3014342265571861,0.25264731433777826
31519711,2745,D,A,0.19306485069570836,0.2193143132539911,0.5876208360503006
31519712,2745,D,H,0.40736388706755877,0.3203395226425236,0.2722965902899176
31519713,2745,D,H,0.6698482233392377,0.23127016106221526,0.09888161559854704
31519714,2745,A,A,0.3214545969718632,0.2729050061237179,0.4056403969044189
31519715,2745,H,H,0.6531637542507976,0.21642288673683482,0.13041335901236756
31519716,2745,D,A,0.24030620934441257,0.297751797594928,0.4619419930606596
31519717,2745,D,H,0.791853115002903,0.1513858947128733,0.056760990284223704
32208492,2745,D,H,0.3679188333159079,0.33984673581785846,0.2922344308662336
32208501,2894,H,A,0.23302747158600118,0.27479730454505136,0.49217522386894735
32208511,2748,A,A,0.07124735632938492,0.18838468780291467,0.7403679558677005
32208516,2747,D,H,0.8022226118084473,0.12366213153263374,0.07411525665891902
32208517,2858,D,H,0.4304355881584645,0.31316196299673543,0.2564024488448
32208736,2747,H,H,0.5896098339801735,0.19501332549146178,0.21537684052836478
32290738,2747,H,H,0.49001113761510134,0.28990360987429215,0.22008525251060637
32290890,2858,H,A,0.32517179217849024,0.30118656099870084,0.3736416468228089
32291132,2894,H,A,0.30040420685639335,0.2926111475019315,0.40698464564167514
32291306,2745,H,A,0.23083827983213293,0.2137855463307193,0.5553761738371477
32291307,2745,A,H,0.45161843423989406,0.3143609185880254,0.23402064717208043
32291308,2745,A,A,0.26142032209108185,0.3058441828160413,0.4327354950928768
32291309,2745,A,H,0.373696115540148,0.29565267451926786,0.33065120994058417
32291904,2747,D,A,0.3729819085772996,0.24664821647262816,0.3803698749500721
32291913,2747,D,H,0.46147311747471875,0.24855871619702324,0.28996816632825806
32291921,2747,H,H,0.43488671765182335,0.23343159311012213,0.3316816892380545
32291924,2747,H,H,0.7504771716860863,0.13878388054931765,0.1107389477645959
32291965,2858,A,A,0.27999601424437537,0.33348168697041114,0.38652229878521344
32292088,2748,D,A,0.2076827327106746,0.24712896099926987,0.5451883062900555
32292337,2894,A,H,0.5958666524631694,0.22433111704599693,0.1798022304908336
32292464,2745,H,H,0.5275500263203935,0.23643801734820785,0.23601195633139865
32292469,2858,H,H,0.45169945257495364,0.31329117410782004,0.23500937331722624
32292470,2858,H,A,0.18092859434192504,0.3579391273913243,0.46113227826675074
32292628,2894,D,A,0.31158619406238397,0.32092308568669814,0.36749072025091795
32292633,2748,H,H,0.3833901007290771,0.26136204676177444,0.3552478525091484
32292650,2858,H,H,0.6181359148604628,0.2263335413093745,0.15553054383016265
32292964,2747,D,A,0.17806181537521232,0.1837018489064479,0.6382363357183398
32617668,2894,A,A,0.2742013661083622,0.2323403007991249,0.4934583330925128
32617693,2748,A,H,0.5018969393407439,0.23819403744404719,0.2599090232152089
32617936,2858,A,A,0.2877428637490516,0.347918798483738,0.36433833776721036
32618229,2748,D,A,0.24717854184031024,0.3259877499273715,0.4268337082323183
32618241,2748,A,H,0.40360610320796914,0.30702667459275584,0.28936722219927513
32618244,2748,D,H,0.45048813982694563,0.3198027468606238,0.22970911331243055
32618247,2748,A,H,0.5499465394389402,0.24347281710459173,0.20658064345646807
32618290,2894,H,H,0.5172154439706069,0.2951820694851803,0.18760248654421283
32618291,2894,H,A,0.32535861962813983,0.3054418308616507,0.36919954951020945
32618519,2747,A,A,0.34156209424934086,0.28623974374459565,0.3721981620060634
32618528,2747,H,H,0.385872096699799,0.2584408998571306,0.35568700344307047
32618615,2745,H,H,0.586070098808789,0.2589508574717728,0.15497904371943813
32618765,2858,H,H,0.5011224200982987,0.27291200310674973,0.2259655767949516
32618959,2748,H,A,0.3448724322108983,0.22869719793930052,0.42643036984980115
32618983,2745,H,H,0.4718648050121151,0.2516790520965895,0.27645614289129544
32619003,2894,H,H,0.5418979991007755,0.2159581610119003,0.24214383988732424
32619048,2858,H,H,0.42809465231453425,0.30243959298889284,0.269465754696573
32619073,2745,A,A,0.3388038299054591,0.29640077656984387,0.36479539352469703
32619110,2748,A,A,0.3165735337762218,0.2527384275711886,0.4306880386525895
32619111,2894,A,A,0.2765566839361462,0.21725114384302138,0.5061921722208325
32619128,2858,H,H,0.36860058092693665,0.30077493957808604,0.3306244794949772
32878349,2894,H,A,0.3540044272124306,0.23331429648319588,0.4126812763043735
32881566,2894,D,A,0.26820142726727914,0.2241971011650872,0.5076014715676337
32881567,2894,H,H,0.6186451900480402,0.22611869164756562,0.15523611830439418
32881568,2894,H,H,0.535605263622343,0.253342984092125,0.21105175228553208
32881569,2894,D,H,0.36337157631926204,0.3073943349003361,0.329234088780402
32881570,2894,H,A,0.373139320811047,0.22698654720355702,0.39987413198539595
32881571,2894,A,A,0.3147560002656254,0.29194774537188534,0.3932962543624893
32881572,2894,D,H,0.38818339297222254,0.2422578425162076,0.3695587645115699
32881573,2745,H,H,0.3919200393388496,0.2717057140416668,0.33637424661948356
32881574,2745,H,H,0.8280079662999212,0.12318596491846219,0.04880606878161653
32881575,2745,H,A,0.291305362852402,0.31735047468703836,0.3913441624605597
32881576,2745,A,A,0.2746488552550241,0.2904420769061657,0.4349090678388102
32881577,2745,H,H,0.3694284157938424,0.2923034363330673,0.33826814787309034
32881578,2745,D,H,0.500324306046457,0.2878398280647869,0.21183586588875622
32881579,2745,H,H,0.6261103491470275,0.24671524128056463,0.12717440957240797
32881580,2745,D,H,0.37769586352155254,0.298291724582739,0.3240124118957084
32881581,2894,D,H,0.6515909594185979,0.21928239425270346,0.12912664632869864
32881582,2894,A,A,0.31160577882273394,0.2959150526739189,0.3924791685033471
32881583,2745,D,A,0.10887951194426887,0.21188937083454717,0.679231117221184
32881584,2894,H,A,0.3202557384205384,0.2799058908640608,0.3998383707154008
32881585,2858,A,H,0.5099245754649407,0.29806146615866824,0.192013958376391
32881586,2858,H,H,0.4862143215406583,0.3381463947332865,0.17563928372605514
32881587,2858,H,H,0.5684723423747512,0.2535425845588683,0.17798507306638045
32881588,2858,H,A,0.15431220716490718,0.2634023518324785,0.5822854410026144
32881589,2858,H,H,0.6260804742320991,0.2562650299650122,0.11765449580288874
32881590,2858,H,H,0.6320331769658767,0.22237071511748593,0.14559610791663738
32881591,2858,A,H,0.4886235087508269,0.3000519219306427,0.2113245693185305
32881592,2858,D,H,0.44108755073649564,0.3013236908173056,0.25758875844619883
32881593,2858,A,H,0.3895503390796118,0.31506542841547364,0.29538423250491447
32881594,2858,H,A,0.2882454993396051,0.21748368077349975,0.4942708198868952
32914267,2747,H,A,0.36322265745234245,0.26590461602656135,0.37087272652109615
32914288,2747,H,H,0.48406331775851796,0.2100685354334184,0.30586814680806357
32914313,2747,D,A,0.31517503754577075,0.2989955869990474,0.38582937545518187
32918880,2747,D,A,0.2996504069899039,0.2615202142840876,0.43882937872600847
32918881,2747,A,A,0.15771481316686278,0.18938606273693528,0.652899124096202
32918882,2747,A,A,0.3256814290039473,0.32896999722729114,0.34534857376876155
32918883,2747,A,A,0.20894295682586178,0.221389625568601,0.5696674176055372
32918884,2747,H,H,0.41916465617652005,0.17150597024612493,0.409329373577355
32918885,2747,A,A,0.3195682995735779,0.22991282825586212,0.45051887217055986
32918886,2747,H,A,0.15274137744823407,0.24319482742278592,0.60406379512898
33067428,2748,A,A,0.2752278356026868,0.27024737257152065,0.45452479182579253
33067432,2858,A,D,0.3382728105637177,0.343706500395835,0.3180206890404473
33075124,2748,H,H,0.4115326854494808,0.27466206049212916,0.31380525405839005
33075125,2748,A,A,0.25130718179499306,0.24565424000709493,0.503038578197912
33075126,2748,H,H,0.6145638135107307,0.24969964187988491,0.13573654460938425
33075127,2748,A,H,0.686662988185967,0.18700393934062406,0.12633307247340891
33075128,2748,H,H,0.6799710551006082,0.22511287467339877,0.09491607022599305
33075129,2748,H,A,0.28750719227517646,0.25836448948855595,0.4541283182362676
33075130,2748,A,A,0.2113676586615051,0.253774393693531,0.534857947644964
33075131,2748,A,H,0.4224343738365964,0.2945980826293183,0.2829675435340854
33075132,2748,H,H,0.7489187511425227,0.16995571588118563,0.08112553297629171
33142107,2747,H,H,0.39044601671038487,0.23324352888215022,0.37631045440746497
33142689,2747,H,H,0.6765551802870132,0.1810385273631081,0.14240629234987878
33142693,2747,H,H,0.5677794176176263,0.21977756976075133,0.2124430126216225
33143008,2858,H,A,0.23677727786898445,0.3360893801359912,0.4271333419950243
33143513,2858,H,H,0.6648295217417134,0.2326887659648098,0.10248171229347693
33143710,2858,H,H,0.6059874438812672,0.2234154907148098,0.17059706540392305
33470154,2858,H,H,0.3637821187967092,0.31620007023711083,0.3200178109661799
33470255,2747,H,H,0.3668561975691275,0.3021005837610523,0.3310432186698202
33470263,2747,A,A,0.12810682522216865,0.1701264881752147,0.7017666866026167
33470267,2747,H,H,0.3845887653725657,0.254844784997909,0.3605664496295253
33470270,2747,H,H,0.69174753331418,0.1807964072901752,0.1274560593956448
33470913,2858,H,H,0.4835937566212228,0.27514941998759274,0.24125682339118448
33471085,2747,H,H,0.47969258071365933,0.21970291562009836,0.30060450366624236
33471158,2858,H,H,0.3761415369094997,0.30269750913848426,0.321160953952016
33471243,2858,A,A,0.14892398387342098,0.2936160656830698,0.5574599504435092
33739989,2858,D,H,0.3453923638541336,0.32787538094348834,0.3267322552023781
33740007,2858,A,H,0.3709604681270776,0.34202843627322316,0.2870110955996992
33740009,2747,D,H,0.48108185779542584,0.24292151840063422,0.2759966238039399
33773791,2858,H,H,0.7215263237070083,0.1920208631715216,0.08645281312147009
33773792,2858,H,H,0.5250688889066377,0.2951240157344953,0.1798070953588669
33773817,2894,D,A,0.16443161614385501,0.2476425600416129,0.5879258238145322
33773823,2747,H,H,0.6694170671873261,0.15345432838685097,0.17712860442582296
33773832,2858,H,A,0.2715620912757031,0.29520852252136814,0.4332293862029288
33826461,2894,H,H,0.5574341853830034,0.27387648589118596,0.16868932872581066
33826462,2894,H,H,0.6679223529498688,0.1831746221934913,0.14890302485663984
33826463,2894,A,A,0.2302918538772304,0.2545049991196342,0.5152031470031354
33826464,2894,D,A,0.2911054453843372,0.21642553923888744,0.4924690153767753
33826529,2858,D,A,0.29974470983033535,0.2770843532648973,0.4231709369047674
33826584,2894,A,A,0.2173679846039176,0.2591334158155747,0.5234985995805078
33826585,2894,H,H,0.5124807781048403,0.24833139272718313,0.23918782916797662
33826586,2894,D,A,0.3149959516500061,0.26451896367945404,0.42048508467053985
33826587,2894,D,H,0.6452239083748309,0.2302284550219045,0.12454763660326469
33826590,2858,H,H,0.6947130333281756,0.20373736513309987,0.10154960153872454
33826591,2858,H,H,0.38688771509288317,0.2964181819465456,0.3166941029605713
33896076,2858,H,H,0.5777044431917971,0.258096407559844,0.16419914924835882
33896077,2858,H,H,0.49508532164223007,0.3153393104127385,0.18957536794503152
33896108,2894,H,A,0.29249259411193756,0.264799387369562,0.44270801851850045
33896117,2858,A,H,0.49046941885260253,0.28029873259660976,0.22923184855078768
33896118,2858,H,H,0.5019290798659399,0.32564184831250825,0.17242907182155176
33926436,2745,A,H,0.6560203029490346,0.21914673044306368,0.1248329666079018
33998997,2745,A,H,0.6780295888425882,0.198808256541307,0.12316215461610477
34007594,2894,H,A,0.3813203144497224,0.20359596237584265,0.41508372317443487
34007688,2745,A,H,0.41624167424151937,0.28668612108174957,0.2970722046767311
34007689,2745,H,H,0.35847688720869686,0.30510835905272865,0.33641475373857443
34007690,2745,H,H,0.5864759077975369,0.2799911903553041,0.13353290184715896
34007691,2745,H,A,0.28478746599607246,0.2919415572700066,0.42327097673392083
34007692,2745,H,D,0.3500614610155519,0.355479057068327,0.2944594819161211
34007749,2747,A,A,0.3398884941618848,0.22384803354274901,0.43626347229536616
34007759,2747,H,H,0.8113237572288382,0.12583095146568843,0.06284529130547342
34007765,2747,H,H,0.45416917649979244,0.24761117791733656,0.2982196455828709
34007766,2747,H,A,0.22716058502293682,0.23324833876351375,0.5395910762135494
34008157,2748,H,A,0.34954044577958926,0.2342142725168827,0.416245281703528
34008448,2894,A,A,0.3710336147590879,0.22905686859586896,0.3999095166450431
34008538,2747,H,H,0.5148127073618006,0.2184586733735434,0.2667286192646559
34008540,2745,A,A,0.164082099332855,0.23736545086567623,0.5985524498014688
34008576,2748,H,A,0.2792749154481697,0.26115131464540686,0.4595737699064234
34008695,2894,H,H,0.40395525004355204,0.2889411189591179,0.30710363099733007
34008702,2748,H,H,0.4361293491775874,0.22886905032690846,0.33500160049550404
34020902,2747,H,H,0.4486813882354451,0.24245658932770706,0.30886202243684785
34020903,2747,A,H,0.7204218558140166,0.1514858442790943,0.12809229990688906
34020904,2747,H,H,0.4647778613008442,0.2750380499970187,0.260184088702137
34020905,2747,H,A,0.238640687666574,0.268441242223982,0.49291807010944416
34020906,2747,A,A,0.2927425561623193,0.18706030130703577,0.520197142530645
34020907,2745,H,H,0.5413258286207795,0.20709312547249425,0.2515810459067262
34306668,2894,A,A,0.33877199620969906,0.23113230090745038,0.4300957028828506
34306712,2748,A,A,0.14374465644266737,0.306619311466523,0.5496360320908097
34307168,2748,D,A,0.22405212942915617,0.33015886585598014,0.44578900471486366
34307173,2748,D,H,0.3483905566993288,0.3154465232196093,0.33616292008106197
34307177,2748,H,H,0.42247436577653746,0.2983409649771303,0.2791846692463322
34307180,2748,A,A,0.3536978987628781,0.2796212917503016,0.3666808094868203
34307232,2894,D,H,0.41819963417216816,0.29303237056305736,0.2887679952647745
34307775,2748,H,H,0.4338186265452675,0.24963872795738237,0.3165426454973502
34307824,2894,H,H,0.5674694510502806,0.18521819440703477,0.24731235454268474
34307916,2748,A,A,0.11406045181478149,0.19999591451631699,0.6859436336689017
34307917,2894,A,H,0.425025361794164,0.33926468752048927,0.2357099506853468
34539269,2894,H,A,0.3155707203156093,0.30286246023733,0.38156681944706067
34539270,2894,H,H,0.6111383977625735,0.24380078025084378,0.14506082198658268
34539314,2894,D,H,0.3765728595253322,0.2644109768882714,0.3590161635863964
34694914,2745,H,H,0.5987676021909621,0.24373105690045177,0.15750134090858617
34694915,2745,D,A,0.2210194552443247,0.27907598050544324,0.49990456425023205
34694916,2745,H,H,0.7021436426335446,0.18467533392088245,0.11318102344557297
34694917,2745,H,A,0.29102653418478786,0.33201116046677237,0.37696230534843983
34694918,2745,H,H,0.5290142936101696,0.27221332749884253,0.1987723788909879
34694919,2745,H,A,0.33561786947141825,0.3085603194679809,0.35582181106060085
34694920,2745,H,H,0.4745291667463388,0.2616737178913527,0.26379711536230843
34694921,2745,H,H,0.8411159892466019,0.12066183302673497,0.03822217772666304
34694922,2745,H,H,0.5223686310730026,0.30243002644653544,0.17520134248046196
34694923,2748,H,H,0.7336030944420998,0.1953049737300298,0.07109193182787053
34694924,2748,D,A,0.31878357061948065,0.28009087555315393,0.4011255538273656
34694925,2748,D,H,0.48718207935855695,0.26915079909984124,0.2436671215416017
34694926,2748,H,H,0.5638227594460663,0.2786545551935029,0.15752268536043085
34694927,2748,D,H,0.4207858893355871,0.2589684123639102,0.3202456983005027
34694929,2748,H,H,0.4933949067454856,0.2535860727799431,0.2530190204745714
34694930,2748,H,A,0.30013832557432935,0.28292654608453627,0.4169351283411345
34694931,2748,H,H,0.769084928335374,0.17153227078078473,0.05938280088384132
34694932,2748,H,H,0.3968319598655758,0.23619216716618666,0.3669758729682375
34694933,2748,H,H,0.5447863029385996,0.2075251906169452,0.24768850644445523
34694941,2858,H,H,0.4029955858259388,0.37138153721933664,0.22562287695472452
34694942,2858,A,A,0.1398773680790081,0.2281883302238336,0.6319343016971583
34694943,2858,A,D,0.3308437774260308,0.37362129101586156,0.29553493155810756
34694944,2858,H,A,0.11979909816263111,0.1981643125139748,0.6820365893233941
34694945,2858,A,H,0.49091879604811434,0.27719708877873955,0.23188411517314597
34694946,2858,H,H,0.7053548158588974,0.18573152906736037,0.1089136550737423
34694947,2858,H,H,0.4580537181932016,0.26496790352483046,0.2769783782819679
34694948,2858,H,H,0.4190136395031505,0.3484935958830618,0.23249276461378773
34694949,2858,D,H,0.44181500175058575,0.3260319904527241,0.23215300779669026
34694950,2858,H,H,0.49302734909989404,0.315812711527803,0.1911599393723031
34729989,2894,D,H,0.6220700548346962,0.2227021603625862,0.15522778480271754
34812556,2747,D,A,0.1397977241076613,0.15930188618187807,0.7009003897104604
34812925,2894,H,A,0.26268453588777185,0.28351892922487487,0.4537965348873532
34813237,2747,H,H,0.4455900973206036,0.21449667550066193,0.33991322717873446
34813239,2747,D,H,0.5451227353658827,0.23701865864333063,0.21785860599078666
34813241,2747,H,H,0.5279258574577395,0.2321382279971889,0.23993591454507165
34813245,2747,H,H,0.5359885577371014,0.2608728957569552,0.20313854650594337
34813246,2747,A,A,0.23869591657811007,0.24817636973342574,0.5131277136884641
34813738,2894,H,A,0.16099066851770294,0.2820032135267498,0.5570061179555473
34813981,2894,H,H,0.5848414767191745,0.22207620987472684,0.1930823134060987
34825253,2894,D,A,0.3166811677550655,0.28607121761921617,0.39724761462571834
34825254,2747,A,A,0.18796395622807993,0.2896103161391664,0.5224257276327537
34825255,2747,A,H,0.5585918980964784,0.19422861385847692,0.24717948804504467
34825256,2747,H,H,0.5543475084091023,0.19135777126959075,0.254294720321307
34825257,2747,A,A,0.06508822407697967,0.1454259438692792,0.789485832053741
34825259,2894,H,H,0.6412330649013993,0.23277316185797592,0.12599377324062472
34825260,2894,D,A,0.3298756289098217,0.22773559581077887,0.4423887752793993
34825261,2894,A,A,0.27865831580686024,0.2898956965181155,0.4314459876750243
34825262,2894,H,H,0.3781782880488544,0.2500571956913468,0.3717645162597988
34825263,2894,H,A,0.175325341490277,0.2504261680726327,0.5742484904370903
35436439,2745,A,A,0.18683228107703248,0.20301145635838913,0.6101562625645786
35436440,2745,A,H,0.49889443138088746,0.28657896828529245,0.21452660033381998
35436441,2858,D,H,0.42886494557897403,0.29618988561543486,0.2749451688055911
35436442,2745,D,H,0.6481591156430104,0.19659648841787855,0.155244395939111
35436443,2858,H,A,0.21686732745618648,0.30518241804202373,0.47795025450178985
35436444,2858,H,H,0.64794532812157,0.22112630493198365,0.13092836694644627
35436445,2858,A,H,0.4700354146031516,0.3444751619313377,0.1854894234655106
35436446,2745,A,H,0.6854616738163497,0.20342408162496983,0.11111424455868053
35436447,2858,D,H,0.5448021669968884,0.29769275647142324,0.15750507653168835
35436448,2858,A,H,0.5719327969828176,0.25761479976321294,0.17045240325396951
35436449,2745,D,H,0.45092391546506033,0.2683339240802189,0.2807421604547209
35436450,2745,D,A,0.2084592390487565,0.3494320471390377,0.44210871381220584
35436451,2745,D,D,0.3539060885147028,0.3870916710610323,0.2590022404242649
35436452,2745,H,A,0.3305933595993285,0.2601186275614456,0.4092880128392259
35436453,2745,H,H,0.3952902991786421,0.3025793243893915,0.30213037643196644
35436454,2894,H,H,0.49835933755728234,0.24565033386991847,0.2559903285727992
35436455,2747,D,H,0.7113923666109256,0.17181224446691773,0.11679538892215666
35436456,2894,H,A,0.18936298107181082,0.23803302572447124,0.572603993203718
35436457,2894,D,H,0.514604794602449,0.2544193070307926,0.23097589836675844
35436458,2894,A,A,0.3085260963976243,0.2196998236965882,0.4717740799057875
35436459,2747,H,H,0.8045984516758031,0.10809224957692158,0.08730929874727521
35436460,2894,D,A,0.3533353647557481,0.2222071723570926,0.4244574628871593
35436461,2747,H,H,0.704838678103898,0.17219318106405634,0.12296814083204567
35436462,2747,H,H,0.4536122048862486,0.2343699555666558,0.3120178395470957
35436463,2894,D,H,0.45165233790256665,0.27445986603810346,0.27388779605932984
35436464,2894,H,H,0.6957338411826597,0.20081977921667732,0.10344637960066302
35436465,2858,H,H,0.3800781059507181,0.30863272989305934,0.3112891641562226
35436466,2747,H,A,0.09220798096273877,0.1843709948739198,0.7234210241633413
35436467,2894,H,H,0.5824728084302273,0.26745009430039995,0.1500770972693727
35436468,2858,H,H,0.47079333968769715,0.29260145891762096,0.23660520139468183
35436469,2894,A,A,0.320599443428509,0.30434089420258337,0.37505966236890764
35436470,2858,H,H,0.48363223824328605,0.30636578257673214,0.2100019791799818
35436471,2858,A,A,0.36206326494180585,0.2615980834362839,0.3763386516219102
35436472,2894,A,A,0.2577003230321672,0.26715753253201924,0.4751421444358135
35436473,2747,D,H,0.4150048169513794,0.2508707307576452,0.33412445229097526
35436474,2747,D,H,0.5396943286495804,0.19071625293606775,0.26958941841435174
35436475,2747,D,H,0.4652940505778576,0.21486074147449905,0.31984520794764326
35436476,2747,A,A,0.19532163677592831,0.23443305798465358,0.5702453052394181
35436477,2747,A,H,0.37916847298610956,0.27790260075721207,0.3429289262566784
35494127,2748,A,A,0.2244215613699479,0.24719020865953617,0.528388229970516
35494128,2748,A,A,0.1126345857702596,0.19082832027216431,0.696537093957576
35494129,2748,D,H,0.42249841212132305,0.30454897863479446,0.2729526092438825
35494130,2748,H,H,0.4400141171413979,0.2650422836292144,0.2949435992293878
35494131,2748,D,H,0.6664040727667333,0.206005811036996,0.12759011619627073
35494132,2748,D,A,0.237292938893727,0.3243685826074669,0.4383384784988061
35494133,2748,H,H,0.39537005635654,0.2476769115496232,0.3569530320938369
35494134,2748,A,A,0.12218096145355874,0.2351348813247801,0.6426841572216612
35494135,2748,A,A,0.3020404989503216,0.2749792037604835,0.4229802972891949
35494136,2748,H,A,0.33248250297164184,0.31998517098416485,0.3475323260441933
36154853,2858,D,H,0.3492570385744594,0.3215262749242296,0.329216686501311
36154854,2858,H,H,0.549924559547718,0.2956012333700286,0.15447420708225343
36154900,2858,H,A,0.1104164156512439,0.2228120666420455,0.6667715177067106
36156856,2858,H,H,0.6877796602865857,0.20477795673245683,0.10744238298095747
36156857,2858,A,H,0.525435928032466,0.2826523782138027,0.19191169375373132
36156858,2858,D,A,0.1657196176595082,0.2279616875176923,0.6063186948227994
36156859,2858,H,H,0.4003309634124071,0.33154918617364326,0.2681198504139496
36156860,2858,H,A,0.3448232219769515,0.29508864145168356,0.3600881365713649
36156861,2858,D,A,0.26260884644789634,0.3399190027706971,0.3974721507814065
36156862,2858,H,H,0.6629041856866368,0.22061138088305673,0.11648443343030643
36266257,2745,D,H,0.45296174000137895,0.2562109338356729,0.2908273261629481
36266258,2745,H,A,0.17828548830242455,0.25463949337490394,0.5670750183226715
36266259,2745,H,H,0.47562587822814434,0.31683478320816716,0.20753933856368845
36266260,2745,H,H,0.5729178151701283,0.24703794272266763,0.18004424210720404
36266261,2745,H,H,0.7055509934918683,0.22314114367358678,0.07130786283454484
36266262,2745,H,H,0.38092950612344634,0.2932672238005186,0.32580327007603516
36266263,2745,A,H,0.5720860440227993,0.2946178469456432,0.1332961090315576
36266264,2745,A,A,0.1709766700595938,0.23370748794224844,0.5953158419981578
36266265,2745,D,H,0.7691080678810688,0.1443841521361727,0.08650777998275856
36381834,2748,H,D,0.29095544399167544,0.3703496948971402,0.3386948611111843
36381835,2748,H,H,0.38684833677520025,0.2888234218300905,0.3243282413947093
36381836,2748,H,H,0.6546320869597456,0.20868821754006334,0.13667969550019102
36381837,2748,A,H,0.423081701769871,0.2660369052178958,0.31088139301223316
36381838,2748,H,H,0.47196289514057543,0.2391418740942514,0.2888952307651732
36381839,2748,A,H,0.5440507315681328,0.26188727163894626,0.19406199679292097
36381840,2748,H,H,0.7912240539863161,0.1632851246708111,0.045490821342872786
36381841,2748,D,A,0.23198162341384845,0.20902369296397194,0.5589946836221796
36381842,2748,H,H,0.4343934355432328,0.2640910603582861,0.30151550409848116
36381843,2748,D,H,0.524836347007408,0.2333560445664254,0.2418076084261666
36388689,2894,H,A,0.358107544234235,0.2459450408941132,0.39594741487165175
36388692,2894,D,A,0.23796437629000453,0.29381439779647195,0.4682212259135235
36388712,2894,A,A,0.2987057452131339,0.2838463352902722,0.4174479194965938
36388713,2894,H,A,0.3539222377979644,0.2418001393323685,0.4042776228696671
36388714,2894,H,H,0.4266630730406073,0.23982982007309744,0.3335071068862952
36635752,2894,D,A,0.22182697817341349,0.2169694478803273,0.5612035739462592
36635753,2894,A,A,0.33619915536146083,0.27478555000930915,0.3890152946292301
36635757,2894,H,H,0.6439725391464691,0.22361702015773602,0.13241044069579477
36635758,2894,D,A,0.3137652444403867,0.29096122321774937,0.3952735323418639
36635760,2894,A,H,0.53480508989796,0.2500020801192724,0.21519282998276767
36636536,2747,H,H,0.7452769619324436,0.1593102069241973,0.09541283114335906
36636537,2747,H,A,0.3602730256072297,0.2197844711278978,0.4199425032648725
36636538,2747,H,A,0.15128676304962163,0.18408207514034716,0.6646311618100311
36636539,2747,D,A,0.12785709271997425,0.18249282438934053,0.6896500828906852
36636540,2747,D,H,0.5418513576801083,0.2400023857033939,0.2181462566164978
36636541,2747,H,H,0.3780580629642283,0.26623255596807416,0.35570938106769756
36636542,2747,A,A,0.2526199007076171,0.2848715725070986,0.4625085267852842
36636543,2747,H,A,0.3658479056238196,0.24951050082423637,0.38464159355194405
36636544,2747,H,H,0.49767140793770903,0.20316163719110142,0.2991669548711896
36636545,2747,D,A,0.12384682896416367,0.21480087352148847,0.6613522975143478
36636590,2858,A,H,0.5521983194698866,0.3119583451592932,0.13584333537082013
36636592,2858,H,H,0.49979942038201514,0.2785643627838864,0.22163621683409854
36636593,2858,H,H,0.6301893634091181,0.2375319569419957,0.13227867964888612
36636594,2858,H,H,0.4198913301519746,0.2844354865003594,0.29567318334766607
36636595,2858,H,A,0.33258016794911816,0.32202050163536206,0.3453993304155198
36636596,2858,H,A,0.26689699730697125,0.2927348386238889,0.44036816406913976
36636597,2858,D,H,0.5520609592393362,0.2629664443349524,0.18497259642571134
36636598,2858,A,H,0.470351070668257,0.3005826113067771,0.22906631802496596
36636599,2858,D,H,0.5082832831007238,0.3145775790003714,0.17713913789890476
36636600,2858,A,A,0.2576701961400208,0.28173561260365654,0.46059419125632256
37091365,2748,H,A,0.07759074752448493,0.21410343569472687,0.7083058167807882
37091366,2748,A,A,0.15774526698332242,0.20797017163736778,0.6342845613793098
37091367,2748,A,H,0.4521274788859082,0.29750602380584645,0.25036649730824545
37091368,2748,H,A,0.33174941431065286,0.3023192649960607,0.36593132069328643
37091369,2748,H,H,0.521857659079941,0.2909619370105782,0.18718040390948076
37091370,2748,H,A,0.3126345570720117,0.2676606192175138,0.4197048237104745
37091371,2748,A,H,0.605934728001961,0.21594049878603613,0.1781247732120029
37091373,2748,A,A,0.2660372513014651,0.2172290069859467,0.5167337417125881
37091374,2748,A,A,0.35850553808698293,0.2628784191981686,0.37861604271484833
37091375,2748,D,A,0.1544665528013585,0.2607960770121728,0.5847373701864688
37104505,2858,D,H,0.4726335591643176,0.30794519422197,0.21942124661371235
37104506,2858,H,H,0.4635265223457474,0.2928520248879604,0.24362145276629216
37104507,2858,D,H,0.39317272715179813,0.21626509914424874,0.3905621737039532
37104508,2858,D,H,0.6642668612878764,0.205497010411107,0.1302361283010166
37104509,2858,H,A,0.19854722539070999,0.25582916817006834,0.5456236064392216
37327732,2894,H,H,0.45014337600890475,0.25006535150567766,0.29979127248541754
37327733,2894,H,A,0.2608364010823888,0.31838268692883126,0.42078091198878004
37327734,2894,A,A,0.2195887388510864,0.24949462815880857,0.5309166329901049
37327735,2894,H,H,0.7301535011445551,0.20485321746216703,0.06499328139327792
37327736,2894,H,H,0.6204196366493273,0.22874064427131094,0.1508397190793618
37327737,2894,A,A,0.29147385262694236,0.2588177785137513,0.4497083688593063
37327739,2894,A,A,0.2555248729894783,0.279024176063023,0.46545095094749867
37327741,2894,H,H,0.6516321197354291,0.20772804388448177,0.140639836380089
37327743,2894,A,A,0.292683192717217,0.23512280699697594,0.4721940002858071
37327745,2894,A,A,0.34159697734441963,0.275411193030431,0.3829918296251493
37328445,2858,H,H,0.46110477719458476,0.28855311021415764,0.2503421125912576
37328446,2858,D,H,0.4093908163412533,0.3443241430785363,0.2462850405802103
37328447,2858,D,H,0.4361203924414941,0.29947163266953913,0.26440797488896683
37328448,2858,D,D,0.34053421831966496,0.35837937897854616,0.301086402701789
37328449,2858,H,A,0.34299323015934974,0.3089772556917437,0.3480295141489065
38160876,2894,A,H,0.40132598695315336,0.2779044692513733,0.3207695437954734
