fixture_id,season_id,y_true,y_pred,p_home,p_draw,p_away
45213654,4629,H,H,0.6326920697091395,0.17223288789455163,0.19507504239630885
45213655,4630,D,A,0.23290184426107585,0.28700050807819794,0.4800976476607262
45213667,4634,A,H,0.5618173405359833,0.2761113671002768,0.16207129236373993
45213671,4629,H,A,0.34666247615814305,0.2955642908912691,0.3577732329505878
45213674,4634,D,A,0.32297928253814745,0.31176631373603764,0.365254403725815
45213685,4634,H,H,0.48024906308412085,0.30120910299912823,0.218541833916751
45213692,4630,H,H,0.7841240797196245,0.09856717560259423,0.11730874467778135
45213693,4634,H,H,0.5250055374251932,0.24050533221923995,0.2344891303555668
45213703,4629,H,H,0.385162504453145,0.3172516006967536,0.2975858948501014
45213709,4630,D,H,0.4323590868390403,0.28955049255101944,0.2780904206099403
45213715,4629,A,A,0.37732635143777266,0.22018994983691242,0.40248369872531486
45213716,4629,A,H,0.38390965782815906,0.3352941292582295,0.2807962129136115
45213717,4629,D,H,0.3943423471236752,0.3030813205198677,0.30257633235645703
45213731,4634,A,H,0.45228597329866577,0.34674823482244665,0.20096579187888766
45213739,4634,D,H,0.42434788860611666,0.323810508465425,0.2518416029284583
45213743,4629,H,H,0.5029665943860704,0.18730136920170656,0.3097320364122231
45213757,4630,H,H,0.4473151080913336,0.25270434944235004,0.2999805424663162
45213771,4634,D,H,0.5410833044353265,0.21837952024322405,0.24053717532144941
45213780,4629,D,H,0.5483519329825549,0.22949741243812286,0.22215065457932223
45213781,4634,A,H,0.38329688520310606,0.3439518423405456,0.2727512724563482
45213786,4630,H,H,0.5894392015637193,0.25022221327393207,0.16033858516234864
45213801,4630,D,H,0.45034106272871705,0.22374566140393565,0.3259132758673474
45213802,4630,H,H,0.6047462019056836,0.17031567260660418,0.2249381254877122
45213803,4630,A,H,0.4702936813345853,0.23328711927443901,0.29641919939097566
45213804,4630,A,A,0.2249818974843622,0.3600455050250264,0.4149725974906114
45213851,4634,A,H,0.4017718740584621,0.27386680665737084,0.3243613192841671
45213868,4630,A,A,0.28783761198107793,0.2545292981350945,0.45763308988382756
45213869,4629,D,H,0.42643993459442403,0.26844862900660305,0.3051114363989729
45213871,4634,A,H,0.3791529236099053,0.30177536074148936,0.31907171564860537
45346864,4634,H,H,0.48431277419545876,0.30093798360899104,0.21474924219555017
45346865,4630,H,H,0.39545404789208105,0.28420785475545324,0.3203380973524658
45346866,4634,A,D,0.30810957202688727,0.36475737298553995,0.3271330549875729
45346869,4675,A,A,0.3027953246446225,0.32077603830933876,0.3764286370460388
45566305,4630,H,A,0.3613136950220227,0.23573583138598264,0.40295047359199465
45566306,4724,A,A,0.24919537424898658,0.20696044674189842,0.543844179009115
45566307,4634,D,H,0.48566353815002133,0.33902762947063575,0.17530883237934283
45566308,4630,A,A,0.26166178168164034,0.266964363946719,0.4713738543716406
45566309,4630,H,H,0.5191288183406331,0.20851722686068294,0.27235395479868396
45566310,4630,A,H,0.33609541069746124,0.3296008746247117,0.334303714677827
45566311,4675,H,H,0.5434605462570714,0.23937124473015067,0.2171682090127779
45566312,4675,D,A,0.30508705769192673,0.2903375212792854,0.40457542102878774
45566313,4675,A,A,0.34109364892017746,0.2319948282846207,0.42691152279520184
45566314,4675,H,H,0.42647935882386706,0.2762250027803507,0.29729563839578216
45566315,4675,H,H,0.40499871629288303,0.27810307395114553,0.3168982097559714
45566316,4675,H,H,0.5473778756667584,0.19987208860434028,0.25275003572890126
45566317,4724,A,A,0.3307242884713796,0.23895533436316088,0.4303203771654595
45566319,4634,A,H,0.36921255772637207,0.3065516210033015,0.3242358212703264
45566377,4724,A,A,0.2603676668037263,0.31496838307931047,0.42466395011696323
45566378,4724,H,H,0.5956542711458314,0.18149856146607424,0.2228471673880945
45566379,4630,H,H,0.4378575861340676,0.22265582298260728,0.33948659088332506
45566381,4634,A,H,0.4257172498950175,0.3460665249703821,0.22821622513460038
45952291,4634,D,H,0.3611819887068013,0.30387312245607384,0.3349448888371248
45952295,4630,H,A,0.31817114113287936,0.2772445332830096,0.404584325584111
45952296,4630,H,H,0.4526758995481002,0.2656061805128163,0.2817179199390835
45952297,4634,H,H,0.46826800073710617,0.31976672840381665,0.21196527085907732
45952299,4724,D,H,0.4801651324846782,0.287729896542091,0.2321049709732308
45952302,4634,H,H,0.4786642172352215,0.3068786439684998,0.2144571387962787
45952303,4724,H,H,0.3739181663092686,0.26721512746471937,0.3588667062260121
45952304,4724,A,H,0.3723829670375445,0.2854759609171126,0.3421410720453429
45952306,4724,A,A,0.2821191065589867,0.2390687332821211,0.4788121601588923
46247431,4634,A,H,0.4276778447851515,0.23580391440448867,0.3365182408103599
46247432,4630,A,H,0.4406692762103663,0.258657633768275,0.30067309002135867
46247433,4724,A,H,0.3906583993221482,0.3039380750271706,0.3054035256506813
46247434,4634,H,D,0.3718826891620525,0.4091504795188613,0.2189668313190862
46247435,4724,D,H,0.4223948249933752,0.31941805957458885,0.2581871154320358
46860489,4629,D,A,0.34792956260386876,0.2575946998729661,0.39447573752316517
46860494,4629,A,H,0.39817644460824797,0.283953012398992,0.31787054299276
47011584,4629,D,A,0.1840919434653889,0.2767227597136595,0.5391852968209515
47011640,4630,A,H,0.5275109046721037,0.2349565355494589,0.23753255977843732
47035890,4675,H,A,0.33069024411131714,0.20362383514362714,0.46568592074505577
47035914,4629,D,A,0.2638109168378108,0.27986806777604445,0.45632101538614467
47035918,4629,D,A,0.2512358449772346,0.3234142196478537,0.4253499353749118
47035919,4629,H,D,0.3487341338104603,0.36598539059099283,0.2852804755985468
47035920,4629,H,H,0.3830307875509863,0.28268223936245457,0.33428697308655914
47035921,4629,A,A,0.3329922896334434,0.2327022463827971,0.4343054639837595
47035922,4629,H,H,0.49943288302212263,0.2464568737995601,0.2541102431783174
47262759,4675,A,H,0.500293461728476,0.21298297673687527,0.28672356153464873
47262760,4675,H,H,0.6774811336995724,0.19587240094198116,0.12664646535844645
47262761,4675,A,H,0.5014394655524492,0.23522557636816235,0.2633349580793884
47262762,4675,D,A,0.20353286000648488,0.20806947247952864,0.5883976675139865
47262763,4675,A,H,0.4082087372511179,0.2345192004134551,0.3572720623354271
47262764,4675,A,A,0.31533495382560006,0.2665663586179796,0.41809868755642043
47262765,4724,H,A,0.2490192159977454,0.17003273169595684,0.5809480523062978
47262766,4724,H,H,0.35812254532774057,0.3349455712574026,0.3069318834148569
47262767,4724,H,D,0.3303319062042911,0.38485440159428524,0.28481369220142366
47262768,4724,H,H,0.37833469298824157,0.2837008613851955,0.33796444562656286
47652443,4675,H,H,0.44235168504794026,0.19536192581745943,0.36228638913460026
47652730,4675,H,H,0.46641278527330066,0.2680377274327739,0.2655494872939255
47702745,4724,H,H,0.5635174372270958,0.21733683245353944,0.2191457303193647
47702746,4724,A,H,0.4851312543831916,0.31384935146337595,0.20101939415343234
47702747,4724,D,H,0.4741246607230249,0.2506865000747897,0.27518883920218534
47702748,4724,D,H,0.50760207808479,0.21175433276075523,0.28064358915445486
47702749,4675,H,H,0.7993505797494458,0.11052141729169669,0.09012800295885748
47702752,4675,D,A,0.3146834226430479,0.2744091614714991,0.4109074158854532
47751291,4634,H,H,0.3918998095441829,0.2606706193243788,0.34742957113143835
47751292,4634,A,H,0.4517694299949557,0.28409701485144867,0.2641335551535956
47751293,4634,A,H,0.5133403463420821,0.23730285871640372,0.24935679494151403
47751294,4630,A,A,0.36709167822382605,0.20769573397606586,0.425212587800108
47751295,4629,A,H,0.5697521233941546,0.2856961699725086,0.14455170663333683
47751296,4629,H,A,0.27400062621780097,0.27367688665819334,0.4523224871240057
47751297,4630,H,H,0.7060946305302707,0.1265624057870921,0.1673429636826372
47751298,4634,A,H,0.4404823965723051,0.3279008358507711,0.23161676757692387
47751299,4629,H,H,0.6701647061347261,0.15539415580620092,0.17444113805907294
47751300,4630,A,H,0.7210179485989074,0.21203881819774595,0.06694323320334672
47751301,4634,D,A,0.32502769107803875,0.30081271236761437,0.37415959655434683
47751302,4630,A,H,0.5507937031815021,0.18825039246584832,0.2609559043526495
47751303,4630,D,D,0.3686138982357575,0.3762802598395185,0.255105841924724
47751304,4630,D,H,0.7764109884362731,0.16379648219399323,0.05979252936973367
47751305,4630,A,A,0.32055216128714115,0.2701199979904153,0.40932784072244355
47751306,4634,A,H,0.3485068605441352,0.31674070218455436,0.3347524372713105
48065885,4629,D,H,0.45446581490414983,0.18159061549796626,0.3639435695978839
48065886,4629,H,A,0.12355274843200532,0.2047858834741697,0.6716613680938249
48065887,4629,H,H,0.5292415069833698,0.223099885784175,0.2476586072324552
48065888,4629,D,A,0.2537760524858469,0.12277514730994393,0.6234488002042091
48065889,4634,A,H,0.48672982201819953,0.19944875850230587,0.31382141947949455
48065890,4724,A,A,0.29382414013141184,0.26728966533439863,0.43888619453418953
48065891,4724,D,H,0.3748790985920047,0.3057683783984815,0.31935252300951383
48065901,4630,A,A,0.07234106792055503,0.13935256296239706,0.7883063691170478
48065902,4630,A,A,0.28028356535708143,0.2785493311357726,0.44116710350714594
48065913,4630,H,H,0.45325605597590535,0.3640205604092937,0.18272338361480095
48065915,4634,H,H,0.5695237427833421,0.20876651978516536,0.22170973743149266
48065916,4634,D,A,0.3263316358817182,0.16871588244222552,0.5049524816760561
48320126,4634,H,A,0.2663680848434036,0.15160370433677658,0.5820282108198198
48585558,4629,D,H,0.6825583917623794,0.20548591289284765,0.11195569534477287
48585559,4629,A,H,0.5873657443845888,0.2693210729859855,0.1433131826294257
50341982,4634,A,H,0.3769421973175753,0.3317423325092749,0.29131547017314985
50341983,4629,D,A,0.1943994937862812,0.2463440439685793,0.5592564622451395
50341984,4630,A,A,0.27882752813008477,0.1923504978886276,0.5288219739812876
50341985,4724,A,H,0.3678955057936073,0.3490192011501706,0.28308529305622204
50341986,4675,D,H,0.6808175164116511,0.15732489887882864,0.16185758470952027
50341987,4634,H,A,0.36183231954377754,0.23346511878150536,0.40470256167471713
50341988,4724,H,H,0.36464469290416307,0.2860250869077134,0.34933022018812343
50595133,4629,H,H,0.5220265911733387,0.34171767126489105,0.13625573756177017
50595134,4634,H,H,0.4124382890700263,0.3388788410911914,0.24868286983878227
50595135,4724,A,H,0.7602365767212544,0.19111173664241604,0.048651686636329586
50595136,4724,H,H,0.5946354900216047,0.2362597167672715,0.16910479321112373
50595137,4724,D,H,0.5285088080118691,0.25350183624047673,0.2179893557476542
50595138,4724,H,H,0.5874949843686658,0.20271088808823312,0.20979412754310103
50595139,4675,A,A,0.08421914342854071,0.2626474291533964,0.6531334274180629
50595140,4634,H,H,0.44439585072070126,0.2902940251342647,0.265310124145034
50595141,4630,H,H,0.5234398252669623,0.2420259908910796,0.23453418384195815
50595142,4634,H,H,0.693739402063807,0.2235099910047369,0.08275060693145622
50595153,4630,A,H,0.6136012109034421,0.24860584352300807,0.13779294557354976
50595154,4630,A,A,0.20420205991019838,0.21521579789444567,0.5805821421953561
50595155,4630,D,H,0.611830817764215,0.22825242222115316,0.1599167600146318
50595156,4675,H,D,0.39786752574057366,0.43398177811636157,0.16815069614306474
50595157,4675,D,D,0.34309209958728565,0.5215985934352132,0.13530930697750113
50595158,4675,H,A,0.22913203862171885,0.17347514874480674,0.5973928126334743
50595159,4675,H,A,0.32401092697929207,0.30094726081572515,0.3750418122049828
50595160,4675,H,H,0.5413153385763628,0.295038346942374,0.16364631448126318
50595161,4634,H,H,0.5346750102157733,0.21321168301035073,0.25211330677387594
50595163,4630,D,A,0.1407426592401494,0.24442233696099763,0.6148350037988529
50595165,4629,D,A,0.16655219466696347,0.2697495321413908,0.5636982731916458
50595211,4630,H,H,0.8604049460368486,0.10680693636645504,0.03278811759669634
50846751,4634,A,A,0.20115432695884058,0.3225550719246097,0.4762906011165498
50846752,4724,H,H,0.5795540348383104,0.25820246460413193,0.16224350055755765
50846753,4724,A,A,0.37124914006368986,0.2238093794451643,0.40494148049114587
50846754,4629,A,A,0.2828481992153406,0.22186035637031107,0.49529144441434836
50846756,4724,H,H,0.46528123090361423,0.21364551969305118,0.3210732494033346
50846757,4724,H,H,0.5474052747960853,0.2030492902983627,0.24954543490555214
50846758,4634,H,H,0.5185712171798103,0.2167240284863511,0.2647047543338386
50846759,4675,A,A,0.17126275315938458,0.3912024567887958,0.4375347900518196
50846760,4629,H,H,0.7048491734178278,0.15263668781382636,0.1425141387683458
50846762,4634,D,A,0.3406920398190963,0.2979300943732782,0.3613778658076256
50846764,4675,D,A,0.35409705654528506,0.2121354640797582,0.43376747937495674
50846765,4629,H,H,0.3739273354409517,0.36859867968486504,0.2574739848741833
50846766,4629,H,A,0.3514672910644978,0.22082588399334352,0.42770682494215867
50846767,4630,H,A,0.3664717189737077,0.24112336050843433,0.3924049205178579
50846768,4630,H,H,0.691890141509225,0.19193311507601585,0.11617674341475909
50846769,4634,H,H,0.4343072179183722,0.34874813837774116,0.2169446437038866
50846771,4629,D,A,0.331244124721701,0.2869345437038682,0.38182133157443077
50846808,4630,H,H,0.5156357259652354,0.27421601596002815,0.2101482580747364
51054878,4629,D,A,0.26356247507853603,0.2539526684776853,0.48248485644377886
53333849,4675,D,H,0.6499881467269436,0.21192906148723809,0.13808279178581842
53333850,4634,H,H,0.4824893457727434,0.22189234618366183,0.2956183080435948
53608635,4724,D,A,0.06874219185811196,0.13598387395150865,0.7952739341903793
53608640,4675,D,H,0.5537129178051403,0.22444596619877388,0.22184111599608583
53608641,4634,A,H,0.5491707327563397,0.2961993540419054,0.15462991320175498
53608642,4724,H,H,0.6427730133306202,0.23398971155170795,0.12323727511767188
53608645,4634,H,H,0.616925040728741,0.22622242136632328,0.15685253790493567
53608650,4630,A,A,0.27958799796895883,0.17838336965860963,0.5420286323724316
53608651,4630,H,A,0.2977357480008958,0.20176092668627182,0.5005033253128324
53608652,4630,H,A,0.2093550973044148,0.3352232678123333,0.4554216348832518
53608653,4675,A,A,0.1713218272771386,0.30654049114640297,0.5221376815764585
53608654,4675,A,H,0.45275033613112503,0.33279176672056154,0.21445789714831348
53608655,4724,H,H,0.6708678842911567,0.19887011228192147,0.13026200342692174
53608657,4634,H,H,0.5282483427679393,0.196278991080438,0.27547266615162275
53608658,4630,A,A,0.17394519024152152,0.19552128060925028,0.6305335291492282
53608661,4634,H,H,0.6972214587528895,0.21077164236263565,0.09200689888447475
53608662,4675,A,H,0.6284318902012337,0.18861345672547325,0.18295465307329303
53608664,4675,H,H,0.7481908703872867,0.15086349750606728,0.10094563210664614
53608667,4675,H,H,0.5188475389523183,0.30159419307547086,0.17955826797221086
53608668,4630,H,H,0.7586915457622969,0.19343205067944472,0.04787640355825847
53608676,4630,A,A,0.2821897366671409,0.22433036469780276,0.4934798986350563
53608692,4630,A,A,0.18217902178040696,0.2328493575260194,0.5849716206935736
54121595,4724,H,H,0.6186908581398264,0.25001926736191066,0.131289874498263
54121597,4634,H,H,0.5213291994635503,0.2982494602871507,0.18042134024929904
54121598,4724,H,A,0.2053310385580404,0.26621175044560513,0.5284572109963543
54121599,4675,D,D,0.35404255176264493,0.39089323320488684,0.25506421503246823
54121600,4630,H,H,0.42389205737032215,0.2285502544411803,0.3475576881884976
54121602,4634,H,H,0.4944716294819079,0.3148907290378706,0.19063764148022147
54121603,4675,H,D,0.3833784203655179,0.4087852538340431,0.20783632580043898
54121604,4724,D,A,0.27118020242123414,0.30116392959967964,0.4276558679790862
54121605,4724,H,A,0.35327324045604297,0.2792016726945185,0.36752508684943846
54121606,4629,A,H,0.5447261811182422,0.25490463992026385,0.20036917896149384
54121607,4630,D,A,0.21250353901574534,0.23010269254325405,0.5573937684410006
54121610,4724,D,A,0.3036421267499542,0.2472191161724936,0.4491387570775522
54121612,4634,H,H,0.3912915909721434,0.24859732268487128,0.3601110863429854
54121618,4634,H,A,0.3106990802086572,0.24862385649524157,0.44067706329610135
54121624,4629,A,A,0.30664384098897024,0.30595135171403365,0.387404807296996
54121625,4629,D,A,0.23811918621646513,0.22966821292264514,0.5322126008608898
54585703,4634,A,H,0.35154085727894946,0.34496962759134986,0.30348951512970074
54585704,4630,D,H,0.44235859014511997,0.25866635367844887,0.2989750561764312
54585707,4724,A,A,0.24951879785818873,0.2849598835623476,0.4655213185794636
54585734,4724,D,A,0.18561434698209237,0.26447049273241113,0.5499151602854965
54638919,4629,D,H,0.6760134856815107,0.18439521172887172,0.1395913025896176
54638920,4629,D,A,0.10704431635806416,0.1579035380987322,0.7350521455432035
54638921,4629,A,H,0.4921896305448983,0.2483400799350199,0.2594702895200819
54638922,4629,D,H,0.5142995570106645,0.2490554422528028,0.23664500073653258
54638923,4629,A,H,0.4942565360301334,0.18262278640906626,0.3231206775608002
54856821,4629,D,H,0.3946421438875781,0.2583548885608982,0.34700296755152366
55517686,4629,A,H,0.4178037673353755,0.2793653730890216,0.30283085957560296
55517687,4724,H,H,0.5066786547519868,0.266168375981822,0.2271529692661912
55517688,4675,H,H,0.5950155229495765,0.27437923784736035,0.1306052392030631
55517714,4724,D,A,0.2951842838375994,0.296865518558333,0.40795019760406753
55517716,4634,A,A,0.3393282780172049,0.2344746858718475,0.4261970361109476
55781141,4629,H,H,0.48570344207096333,0.21984730865163765,0.29444924927739907
55781143,4630,A,A,0.20760654236570206,0.259032564463541,0.5333608931707569
55781148,4675,H,A,0.3020805193144904,0.30199206495876346,0.3959274157267461
55781149,4630,A,H,0.517104382191649,0.22615931452448762,0.2567363032838633
55781154,4629,H,H,0.41511302517636833,0.2925388649309297,0.292348109892702
55781161,4630,D,H,0.4052862019071326,0.2954832295605484,0.2992305685323191
55781162,4630,D,H,0.6949076529567864,0.19927271574164754,0.10581963130156598
55781163,4675,A,A,0.145692789448299,0.2571165061076791,0.5971907044440219
55781164,4675,A,H,0.47031822637595644,0.31539617793130853,0.21428559569273498
55781165,4675,H,H,0.705121907558075,0.15508447363765945,0.1397936188042655
55781166,4675,H,H,0.7779365416407659,0.16521304868250883,0.05685040967672524
55781172,4675,H,H,0.38035102923835323,0.3222440294736513,0.2974049412879955
55781174,4634,D,A,0.3141245526547593,0.28654279807139554,0.3993326492738452
55781175,4724,D,H,0.488606010071452,0.23671908146321258,0.2746749084653354
55781177,4634,H,H,0.6739054689954894,0.20573907056321747,0.12035546044129308
55781178,4724,H,A,0.2523212769831597,0.31952362904336723,0.428155093973473
55781180,4634,D,H,0.3956307003351176,0.28846503584534633,0.315904263819536
55781181,4630,H,H,0.7829822247214597,0.14821543046723062,0.06880234481130955
55781183,4724,H,H,0.5761437021588551,0.28761961915065215,0.13623667869049283
55781184,4634,H,H,0.5186072027853217,0.3282135960009173,0.15317920121376097
56297591,4629,H,H,0.5160017442252878,0.20682863363133974,0.27716962214337254
56297594,4675,D,A,0.33020873579654514,0.2641581934722826,0.4056330707311724
56297595,4630,A,A,0.11294696030173947,0.19729923789329093,0.6897538018049697
56297596,4629,D,A,0.25940078412910067,0.26406525864646757,0.47653395722443187
56297603,4675,H,H,0.524102041729928,0.29740926227866704,0.17848869599140493
56297604,4629,H,A,0.36977832096039515,0.23513867157009477,0.3950830074695101
56297610,4629,A,A,0.2802485983866968,0.29471201779899775,0.42503938381430534
56297613,4629,H,H,0.5256442458587616,0.23430977542528136,0.24004597871595698
56297614,4630,H,H,0.7321323796068797,0.1644409953812195,0.1034266250119008
56297615,4630,H,H,0.7461455375640933,0.19192742211135513,0.0619270403245516
56297622,4724,D,A,0.25689007492539145,0.18595171569380267,0.5571582093808058
56297623,4724,D,A,0.2600377274544132,0.18477318038841792,0.5551890921571689
56297624,4724,A,A,0.3383854855546324,0.25058376013030814,0.41103075431505953
56297625,4724,H,H,0.624227368400162,0.22416717549699636,0.15160545610284162
56297629,4724,A,A,0.09611198495919296,0.19113722438845565,0.7127507906523515
56297630,4634,H,H,0.36539578014796403,0.3004478338508492,0.3341563860011868
56297631,4634,H,H,0.38603058654461936,0.23856134061863424,0.37540807283674643
56297633,4634,D,H,0.42759647638878207,0.2969471007886251,0.27545642282259286
56297641,4634,D,H,0.5367185959090953,0.23319220796229995,0.2300891961286047
56297643,4630,A,H,0.5562835821296653,0.18741022672279925,0.2563061911475354
56297644,4630,D,H,0.42354630254105674,0.2507895492566344,0.325664148202309
56297646,4634,H,H,0.6120254810485545,0.2306028777824553,0.15737164116899027
57052120,4629,A,H,0.5210179578444057,0.22416983469365745,0.25481220746193683
58704532,4634,H,H,0.48572964444075933,0.2926967083553656,0.22157364720387512
58704533,4634,D,A,0.13626279884136192,0.268040207096715,0.5956969940619231
58704534,4724,H,H,0.5307675894195969,0.2401406027759659,0.22909180780443725
58792046,4629,H,H,0.7571207793422092,0.1350272038068365,0.10785201685095429
58792047,4675,H,H,0.5671226242385037,0.27921339070901213,0.15366398505248416
58792048,4629,A,A,0.15178175110805825,0.2813553850132953,0.5668628638786463
58792049,4629,D,H,0.5209233923761482,0.20955727004314256,0.2695193375807093
58792050,4630,D,A,0.3048381226058499,0.2818314906340067,0.41333038676014333
58792051,4629,H,H,0.44540041269611036,0.2840103523097022,0.2705892349941874
58792052,4629,H,H,0.5075729196663452,0.24158680708982616,0.25084027324382857
58792053,4675,D,A,0.21088266440799835,0.20872195892744944,0.5803953766645521
58792054,4630,H,H,0.4984495357526251,0.21444582588301925,0.2871046383643557
58792055,4629,D,A,0.2978560832692479,0.19585078664340533,0.5062931300873468
58792056,4630,H,A,0.07437253472874653,0.17859925950073097,0.7470282057705225
58792057,4630,A,H,0.47656743753422953,0.18373592105815684,0.3396966414076137
58792058,4630,A,A,0.13402721041024193,0.22741708695968607,0.638555702630072
58792059,4675,H,A,0.33724525469321626,0.30203465798023105,0.3607200873265526
58792060,4675,A,H,0.4223769290057406,0.27504569638284365,0.30257737461141576
58792061,4675,A,A,0.2760986438910235,0.20440642885046054,0.519494927258516
58792062,4675,A,A,0.12195499346936597,0.28043017714995927,0.5976148293806748
58792063,4675,H,H,0.4763830972041362,0.29245614707049944,0.23116075572536438
58792064,4630,H,A,0.263281025608376,0.2320612794256971,0.5046576949659269
58792065,4629,A,A,0.2741772227398501,0.2701050284194138,0.45571774884073607
58792066,4675,A,A,0.29114073037577726,0.25210204263012864,0.45675722699409405
58792067,4634,A,H,0.365946151381442,0.2949577676314214,0.3390960809871367
58792068,4724,D,H,0.4092214204947386,0.2838761268991327,0.3069024526061287
58792069,4634,A,H,0.4573581261613344,0.24046307382731127,0.30217880001135444
58792070,4634,D,A,0.3052245882465262,0.28153292407425734,0.4132424876792165
58792071,4724,H,H,0.7016847751337064,0.18993485743778096,0.10838036742851254
58792072,4724,H,H,0.41477876425328986,0.2325624264576622,0.3526588092890479
58792073,4724,A,H,0.7651080163567157,0.16361797157045063,0.07127401207283374
58792074,4634,A,H,0.3931402972131202,0.2917472329277277,0.3151124698591521
58792075,4634,D,H,0.6590921191721837,0.19301048639003346,0.1478973944377828
58792076,4724,A,A,0.1787928693657851,0.22912713452337913,0.5920799961108358
58792077,4724,H,A,0.2818180860464011,0.3247564489873005,0.39342546496629843
59262828,4675,H,D,0.33969770043802205,0.34573502502559955,0.31456727453637845
59262848,4630,H,H,0.6286389682111431,0.2525523449685509,0.1188086868203061
59262849,4630,H,H,0.8220924181516558,0.11008452247292434,0.06782305937541994
59262850,4630,A,H,0.6729463442509247,0.18129210626851622,0.14576154948055906
59262856,4724,H,A,0.1293436636107126,0.18138435588404014,0.6892719805052473
59262858,4634,D,H,0.5896411326025867,0.2483062323696646,0.16205263502774872
59262859,4634,D,D,0.3137916749185727,0.34349352865830934,0.34271479642311803
59262860,4724,D,A,0.264047866501965,0.27041707337658794,0.46553506012144713
59262862,4634,H,H,0.6763462593767393,0.23046631106089008,0.09318742956237058
59262863,4724,A,A,0.26328694865606145,0.2212826942893387,0.5154303570545999
59262867,4630,A,A,0.24148844276301518,0.19614490535168586,0.5623666518852989
59262872,4629,A,A,0.27566081580587815,0.23607491240315656,0.4882642717909652
59262873,4629,H,H,0.5132020962097963,0.27723767570688107,0.20956022808332272
59902525,4634,H,H,0.5984215861489827,0.23176846188298156,0.16980995196803567
60168268,4634,H,H,0.3692547407178777,0.27607324954398116,0.35467200973814117
60168269,4634,A,D,0.27459730346060973,0.4032389598270974,0.32216373671229287
60168271,4724,H,H,0.5097710701163274,0.28019179077999934,0.2100371391036733
60168272,4634,D,H,0.5942028196497793,0.24014299309674567,0.165654187253475
60168274,4724,A,A,0.16244280456395527,0.15905211385510748,0.6785050815809373
60168275,4634,D,H,0.35595139743398563,0.311725107469231,0.33232349509678333
60168288,4724,A,A,0.1272351128248637,0.24475997001347266,0.6280049171616637
60402446,4724,H,H,0.7285339818553285,0.16376634154388925,0.10769967660078232
60402483,4634,H,H,0.6430993086831365,0.23048476259734205,0.1264159287195215
60442094,4724,D,H,0.44886148939433956,0.24231954797031172,0.30881896263534864
60712489,4724,D,H,0.5476822207360216,0.2239287559228146,0.22838902334116384
60712490,4724,A,H,0.43543161335833797,0.3537748556470181,0.21079353099464399
60712496,4634,H,A,0.3251598538936334,0.2700107414232735,0.4048294046830932
61217225,4634,D,H,0.483100939774088,0.2898479220114816,0.22705113821443046
61217671,4724,D,H,0.4826753421079501,0.2712039408801051,0.24612071701194488
61218070,4634,A,H,0.5085708414180378,0.25552123872828414,0.23590791985367815
61218338,4724,H,H,0.6082029377534045,0.2601827429371883,0.13161431930940717
61282012,4675,A,D,0.3647171592025847,0.36974815638308645,0.2655346844143289
61282017,4675,H,H,0.6215230936584142,0.225994171699383,0.15248273464220272
61282018,4675,A,H,0.5443738402537521,0.2603618549554416,0.19526430479080625
61282019,4675,D,H,0.7355229470611656,0.18655520615136365,0.07792184678747065
61282021,4634,H,A,0.3531526107598219,0.25272710253593944,0.39412028670423865
61282022,4675,H,H,0.5437775372777097,0.22326205918009792,0.23296040354219233
61282023,4675,H,H,0.8259502372207937,0.12864194945716112,0.04540781332204506
61282025,4675,H,H,0.6795651080726463,0.20954733380315793,0.11088755812419582
61282027,4675,H,H,0.7082858515447117,0.13112928643411612,0.16058486202117225
61282028,4675,D,H,0.6577215637830167,0.19817281222695313,0.14410562399003018
61374399,4629,A,H,0.4931854633760012,0.19859437900905005,0.3082201576149487
61374400,4629,D,A,0.3594474834809365,0.22489849658572425,0.4156540199333392
61374401,4629,D,H,0.6380183026552128,0.20184526078290557,0.16013643656188165
61374403,4629,D,H,0.7080017130953492,0.17091727348246713,0.12108101342218369
61374404,4630,D,A,0.14057855427473467,0.20014534726186609,0.6592760984633992
61374405,4630,D,A,0.19928876414493762,0.23041335801036988,0.5702978778446925
61374406,4630,D,H,0.5544227063012442,0.19729360938867932,0.24828368431007647
61374407,4630,D,H,0.6200429545187928,0.20196897684301762,0.17798806863818967
61374408,4630,H,H,0.480960045880608,0.17954264318244506,0.339497310936947
61374409,4630,H,H,0.5579978748129056,0.25835357003249465,0.18364855515459977
61374410,4630,H,H,0.6803861353751671,0.20885288324538653,0.11076098137944644
61374411,4630,A,A,0.17405056178368372,0.2497845515113972,0.576164886704919
61374412,4630,A,A,0.13452647954860417,0.20392777488351432,0.6615457455678814
61786513,4724,H,H,0.5328312748354048,0.27181956342972,0.19534916173487518
61842258,4630,H,A,0.2876534382890038,0.23932566429942942,0.4730208974115668
61842311,4629,A,A,0.2183761323413228,0.24617389483760865,0.5354499728210685
61842313,4629,A,H,0.4561681370303954,0.2576898867113356,0.28614197625826904
62188597,4629,H,H,0.6061528869492596,0.2187359940255507,0.1751111190251897
62188603,4629,A,A,0.1283594419248919,0.22598874977159245,0.6456518083035157
62523129,4634,H,H,0.5811359742390676,0.21377264294178847,0.2050913828191439
62831832,4724,A,H,0.7319312514638513,0.13002051354874436,0.13804823498740426
62831833,4724,H,A,0.282355180771084,0.2336507157938328,0.48399410343508315
62831834,4724,H,H,0.5676093959389864,0.23313753102340554,0.19925307303760803
62831835,4634,D,H,0.39677401049324057,0.35846497680719935,0.24476101269956013
62831836,4634,D,A,0.26715604557681466,0.31949246364585393,0.41335149077733147
62831838,4724,H,H,0.5302808745789408,0.25100052628117114,0.2187185991398881
62831840,4724,D,H,0.6041432314074267,0.22459733821972183,0.1712594303728515
62831841,4634,A,A,0.2604558745847718,0.2754155723844761,0.464128553030752
62831843,4724,D,H,0.3824521986779044,0.32693507290891405,0.29061272841318153
62831845,4724,D,A,0.24790265323742217,0.3102708238034651,0.4418265229591128
62831859,4634,H,H,0.6907262256222109,0.19715180001216162,0.1121219743656275
63079737,4634,D,A,0.1434253224109342,0.24797698263253665,0.608597694956529
63079738,4634,D,H,0.3983924217263741,0.32564763861544815,0.2759599396581777
63079739,4634,D,H,0.40396424934667924,0.3057339006669217,0.2903018499863991
63079741,4634,H,H,0.5510716473518967,0.27038496802308126,0.17854338462502198
63079744,4634,A,H,0.4947768677011753,0.2401307396472872,0.26509239265153745
63325784,4724,A,A,0.18638315251533796,0.2730363259062755,0.5405805215783864
63902125,4724,H,A,0.3508045864557705,0.28334073466944903,0.3658546788747805
63902699,4724,A,A,0.1711959285326624,0.195859116182075,0.6329449552852626
66611649,4634,H,H,0.5939461376094327,0.22912244015049213,0.1769314222400752
66611650,4724,A,H,0.39677839666996356,0.3109101098481078,0.2923114934819286
66611651,4629,A,H,0.4507585749813087,0.2418837354895214,0.30735768952916986
66611654,4634,D,H,0.4028479113158444,0.29276660042968344,0.3043854882544721
66611656,4724,H,H,0.6878795897152414,0.1852320825493011,0.12688832773545747
66611657,4675,A,H,0.4606484992841254,0.2841122524239678,0.2552392482919068
66611658,4629,H,H,0.7498421161312793,0.18356173403241272,0.06659614983630804
66611660,4634,H,H,0.5895948475003004,0.2903127848185045,0.120092367681195
66611661,4675,H,H,0.4330995883085956,0.2635017203254608,0.30339869136594355
66611664,4724,D,H,0.4046399870332509,0.3529175974551295,0.24244241551161957
66611665,4724,H,H,0.6648350723113414,0.19941544388179597,0.13574948380686255
66611666,4629,H,A,0.2106523189334195,0.27162954798157574,0.5177181330850048
66611667,4629,H,H,0.44126967567644076,0.22885523491566354,0.3298750894078956
66611668,4629,D,H,0.4123145720765227,0.27240852457242937,0.315276903351048
66611669,4634,A,A,0.33479347136143595,0.3303463076367195,0.3348602210018444
66611670,4629,H,A,0.08845749600094394,0.24111664475003652,0.6704258592490195
66611671,4724,H,H,0.4929912013471875,0.30701695269893353,0.19999184595387884
66611674,4629,H,H,0.6280061402804543,0.17984040552189465,0.19215345419765104
66611675,4634,A,H,0.4256664501614848,0.2541720901250008,0.32016145971351434
66611676,4630,A,A,0.07979677268540024,0.24159596814428405,0.6786072591703157
66611677,4724,A,H,0.47629721808698516,0.29844812934845727,0.22525465256455762
66611685,4675,A,A,0.06203879257697602,0.19694540556514992,0.7410158018578741
66611686,4634,D,A,0.2755147759395374,0.2972428916438515,0.4272423324166112
66611687,4630,D,A,0.37096856302453995,0.1918732781799985,0.43715815879546144
66611689,4724,A,A,0.12296385972589004,0.17926157604308654,0.6977745642310235
66611694,4629,H,H,0.7252490113236509,0.16662265972308798,0.10812832895326116
66611696,4634,D,A,0.2974195599446604,0.3391609371943447,0.3634195028609949
66611737,4630,D,H,0.5173307279802659,0.27859996435638534,0.20406930766334874
66611738,4630,H,H,0.6476385579328554,0.17770693687801367,0.174654505189131
66611739,4630,H,H,0.6189089543467006,0.16254408689749586,0.2185469587558036
66611740,4630,H,H,0.6613115008430378,0.2095638106908091,0.1291246884661531
66611741,4630,A,H,0.4114004334562245,0.2875758115702775,0.301023754973498
66611742,4675,A,A,0.143989136107315,0.2539157718904659,0.6020950920022192
66611743,4675,A,H,0.4676977389890759,0.26347299274352604,0.268829268267398
66611744,4675,A,A,0.19665752967248284,0.22628052562553513,0.577061944701982
66611745,4675,H,H,0.5826933030892008,0.25984514106800927,0.15746155584278987
66611746,4675,A,A,0.2752141006933364,0.28073670592900407,0.4440491933776595
66611749,4724,A,A,0.11211797489896061,0.16672431118533243,0.7211577139157069
66611753,4634,H,H,0.5113199317160889,0.2912164897521594,0.19746357853175164
66611755,4630,H,H,0.5393510148112923,0.18346466043012571,0.27718432475858185
66611770,4629,D,A,0.28695057814000247,0.2895675015761734,0.4234819202838242
66611771,4634,H,H,0.4967949499526392,0.2741482127549612,0.2290568372923995
66611774,4675,H,H,0.802056879386507,0.13560615085738076,0.06233696975611228
66611806,4630,H,H,0.6378560510886696,0.22114042375956064,0.14100352515176978
67104531,4629,D,H,0.5557499547058213,0.2079520179864065,0.23629802730777213
67169860,4634,H,H,0.5461120422505845,0.2696844082388837,0.18420354951053183
67169861,4630,H,H,0.7924239320559301,0.14310354620655039,0.06447252173751955
67169862,4724,A,H,0.6593987898133981,0.24571151183088136,0.09488969835572063
67169869,4724,D,H,0.45738727291472886,0.24473924763832122,0.2978734794469501
68958085,4634,H,H,0.4964310172165443,0.3379687460398167,0.16560023674363894
68958086,4724,D,H,0.6350743605116146,0.1975694931159343,0.16735614637245116
68958088,4634,D,H,0.45573097182432715,0.22218032931804976,0.32208869885762303
68958089,4724,H,H,0.6003287024669951,0.1767078144752002,0.22296348305780472
68958090,4675,H,H,0.7866581187568088,0.14499056189717288,0.0683513193460183
68958092,4629,D,H,0.7185615635035186,0.17554724993474913,0.10589118656173228
68958094,4675,D,A,0.3028911867451244,0.2680781296678888,0.4290306835869868
68958095,4629,H,H,0.5780718318679045,0.22250291383608767,0.19942525429600788
68958096,4629,D,A,0.35385818745036657,0.2888210996908186,0.3573207128588149
68958097,4629,H,A,0.32373309535947264,0.1814846125137213,0.49478229212680613
68958098,4630,H,H,0.6890351106665722,0.16962202551401465,0.14134286381941313
68958099,4630,D,H,0.6624969890557814,0.2106874887713305,0.12681552217288805
68958102,4630,A,A,0.31377886873559063,0.2491383057167895,0.43708282554761985
68958104,4724,H,H,0.3744587981050903,0.31769926191600223,0.30784193997890746
68958111,4629,H,H,0.5537615334421125,0.2581492787555411,0.18808918780234626
68958113,4634,D,A,0.20175833136527105,0.28470777906900846,0.5135338895657205
68958114,4724,H,H,0.6442164505644533,0.20957200319337824,0.14621154624216842
68958120,4675,H,H,0.7641859215409711,0.15149922541993202,0.08431485303909689
68958122,4634,D,D,0.32002497081017495,0.3662058428857618,0.3137691863040632
68958123,4630,D,A,0.14835740561385538,0.21647251465192685,0.6351700797342177
68958125,4724,A,H,0.5267375580187122,0.24602719325760525,0.22723524872368256
68958132,4634,A,H,0.4674614406470104,0.24157452229719129,0.2909640370557983
68958144,4630,H,H,0.8794842745017925,0.09487154656550376,0.025644178932703682
68958145,4630,H,H,0.48600733908089483,0.28396943834513044,0.23002322257397484
68958146,4675,A,H,0.7286414384234644,0.190310678588055,0.08104788298848059
68958147,4675,H,H,0.35492443274138324,0.2953530905903983,0.34972247666821843
68958148,4675,H,A,0.28987972040019433,0.3092999139325538,0.4008203656672518
68958149,4675,H,H,0.5728805971539276,0.2627559082917501,0.16436349455432234
68958150,4675,H,H,0.8741410509466253,0.09633791739650659,0.029521031656868205
68958151,4724,D,A,0.30507095705962506,0.31185516637000166,0.3830738765703733
68958153,4634,A,H,0.38457178070285547,0.34117408145511796,0.2742541378420267
68958154,4630,A,H,0.5124857684869657,0.19995773668750833,0.287556494825526
68958160,4629,A,A,0.252746405678805,0.22143388076762877,0.5258197135535663
68958161,4634,H,H,0.5463780737979629,0.280089340460192,0.17353258574184502
68958162,4630,A,A,0.26686459743590124,0.22560639908717953,0.5075290034769192
68958163,4724,H,H,0.3659928679485555,0.32804811083994334,0.3059590212115011
68958166,4675,D,H,0.481904365965721,0.24788061134304346,0.2702150226912355
68958211,4629,H,H,0.5473230958683564,0.2956534347960252,0.15702346933561848
68958214,4724,D,H,0.5086628939523066,0.23158583407324254,0.2597512719744509
68958217,4629,A,A,0.3602473217774387,0.20319417227565972,0.43655850594690165
68958221,4634,H,H,0.4896656131761294,0.26024386004397776,0.2500905267798928
68958225,4629,H,H,0.5420795865656888,0.21216856033671339,0.2457518530975979
68958236,4630,A,A,0.26709154906091004,0.18134108108459052,0.5515673698544994
68958237,4634,D,H,0.552992367385963,0.22893036740604086,0.218077265207996
68958241,4630,H,H,0.7463456645277061,0.17999936946342984,0.07365496600886404
69438797,4634,A,H,0.4031315400399592,0.3316874164690017,0.26518104349103905
69438798,4724,H,A,0.33636847379055806,0.22704544749026093,0.4365860787191811
69438799,4724,A,A,0.1568622571841269,0.26204427670588026,0.5810934661099929
70476178,4724,H,H,0.47749566379842545,0.30508732332330263,0.217417012878272
71292545,4630,H,A,0.1482981119804072,0.21274686152977762,0.6389550264898152
71292546,4630,H,A,0.3114509867280081,0.20563143580139112,0.48291757747060077
71292547,4630,H,A,0.18193339786387272,0.36991556663812136,0.448151035498006
71292548,4630,H,H,0.8834948912294895,0.08697005734290471,0.02953505142760582
71292549,4630,D,A,0.39617851177922037,0.19037210799924986,0.4134493802215299
71292550,4630,A,A,0.2022860425321622,0.2643001237875248,0.5334138336803131
71292551,4630,H,H,0.6269442668429568,0.22344541677277102,0.1496103163842723
71292552,4630,A,A,0.3015906841159746,0.2760336418279968,0.42237567405602855
71292591,4630,D,A,0.13183476592454288,0.19821941294486503,0.6699458211305922
71859274,4630,A,H,0.7214707693983247,0.13633242567325357,0.14219680492842177
71859275,4724,H,A,0.29007042937359956,0.33058672543609063,0.37934284519030986
71859276,4724,H,H,0.4537294930615303,0.3318186879499535,0.2144518189885161
71859277,4634,D,H,0.7355112230137348,0.15108236076096748,0.11340641622529768
71859278,4724,A,A,0.28744420989203806,0.32767822570190125,0.38487756440606063
71859279,4629,H,H,0.543549076368615,0.17902169258158318,0.27742923104980166
71859280,4634,A,A,0.2609653124261154,0.2704080428157044,0.46862664475818
71859281,4724,H,H,0.5692862770523054,0.24714911911615628,0.1835646038315383
71859282,4675,H,A,0.14669629056173256,0.2416236252935817,0.6116800841446858
71859283,4629,H,H,0.5913985430772348,0.21501762569060417,0.19358383123216097
71859284,4634,H,H,0.5108844241563006,0.26959008801991985,0.2195254878237795
71859285,4675,D,H,0.6595684344284544,0.23336335989819618,0.10706820567334957
71859286,4724,H,D,0.2945614760045665,0.3710041190719285,0.334434404923505
71859287,4629,A,A,0.30603305132355724,0.33439705195142083,0.359569896725022
71859288,4629,D,H,0.36254538531947617,0.28487041956546644,0.3525841951150574
71859289,4724,A,A,0.24720693751404096,0.2987228826928085,0.4540701797931504
71859291,4629,D,H,0.462730824090547,0.1852182080010993,0.35205096790835366
71859292,4634,A,A,0.21721264919817124,0.2480092398370695,0.5347781109647594
71859293,4724,A,H,0.5069950379649032,0.25790291388148395,0.23510204815361294
71859294,4675,A,A,0.16996367207887267,0.17460136642669066,0.6554349614944367
71859295,4634,D,A,0.3409919531666034,0.29041181125719634,0.36859623557620025
71859296,4724,A,A,0.3057837308551281,0.2036980166581417,0.49051825248673026
71859297,4629,D,A,0.1467062898657735,0.31433228407277014,0.5389614260614564
71859298,4634,H,H,0.4780325256932168,0.29483063756141753,0.22713683674536553
71859299,4675,A,A,0.15455902574813024,0.19378986881899188,0.6516511054328779
71859300,4675,D,H,0.3572223945701225,0.34557495778186753,0.29720264764800985
71859301,4675,H,A,0.13932881415782075,0.22765758139932216,0.6330136044428571
71859302,4675,D,H,0.5555248525494195,0.25966059222227145,0.18481455522830906
71859303,4675,A,H,0.4102606144360724,0.2926727634350378,0.29706662212888985
71859304,4724,A,A,0.11473887406279212,0.18832130428520275,0.6969398216520051
71859305,4634,A,A,0.252383539611861,0.28559314514812506,0.462023315240014
71859306,4629,H,H,0.5566687144371777,0.20206740659208194,0.24126387897074036
71859307,4634,H,A,0.26561681721046576,0.3055009793752822,0.428882203414252
71859308,4675,A,H,0.36882029536292144,0.32734641124364716,0.3038332933934314
71859327,4634,H,H,0.5381736557970607,0.27277360120391253,0.1890527429990268
72188901,4629,A,H,0.44575488451635487,0.3098826331159005,0.24436248236774458
72188905,4634,H,H,0.6219274160782285,0.22303060210245623,0.15504198181931522
72188906,4629,D,H,0.5992291443014904,0.25609692818629204,0.14467392751221758
73953296,4630,D,A,0.17156602123671447,0.14110426211495372,0.6873297166483319
73953297,4630,H,H,0.41138734134232147,0.27304153094062994,0.31557112771704865
73953298,4630,H,H,0.6602316707091039,0.1691334560642394,0.1706348732266567
73953299,4630,D,H,0.7860396959806498,0.16213570512931666,0.0518245988900335
73953300,4630,H,H,0.7041881253555186,0.1576284099227679,0.13818346472171358
73953303,4630,H,A,0.12366639523203368,0.24784353660271963,0.6284900681652467
73953310,4630,A,H,0.42948332170744824,0.26130123215424544,0.3092154461383063
73953311,4630,H,A,0.18829115679017194,0.23514720839447797,0.5765616348153502
73953369,4630,H,H,0.6656916748905699,0.20634489372700315,0.12796343138242697
73953370,4630,H,H,0.8381200139204673,0.1177817158204367,0.044098270259096024
74415076,4634,H,H,0.629592173793831,0.26210507066085587,0.10830275554531311
74415077,4724,H,H,0.7918793387366483,0.14448082877554397,0.06363983248780763
74415078,4629,H,H,0.5765571218858153,0.17860256155037538,0.2448403165638092
74415079,4675,H,H,0.6972369203319471,0.1950171956064718,0.10774588406158124
74415080,4634,D,H,0.6294136420526278,0.22423095173011715,0.14635540621725512
74415081,4724,D,A,0.3033623019795893,0.2708155358226338,0.4258221621977769
74415082,4675,D,H,0.3586741297485425,0.28385877225309414,0.3574670979983634
74415083,4629,A,H,0.5655231206492352,0.23979466340150354,0.19468221594926136
74415084,4634,H,H,0.6960604421817315,0.2015860571487301,0.10235350066953838
74415085,4675,H,H,0.822606657680318,0.11812024909585568,0.059273093223826366
74415086,4724,D,A,0.30774983113491944,0.23060680780378262,0.46164336106129794
74415087,4724,H,H,0.43144642814795975,0.25242168667239745,0.3161318851796427
74415088,4629,H,A,0.32226858777649114,0.3122928366515105,0.36543857557199844
74415089,4629,H,H,0.4978075866433545,0.2539382083469328,0.24825420500971268
74415090,4629,D,H,0.6264109955132714,0.2186545056736556,0.15493449881307295
74415091,4634,D,H,0.5891084659723019,0.2616770951278735,0.14921443889982455
74415092,4629,D,H,0.6300211659950838,0.1914673088034072,0.17851152520150895
74415093,4724,A,H,0.818048907658431,0.1370525462709097,0.0448985460706594
74415097,4629,D,A,0.17120878330829692,0.21419636486990284,0.6145948518218003
74415098,4634,H,H,0.7745979720067907,0.12297675869082958,0.10242526930237986
74415099,4724,D,H,0.527920748086428,0.2280568308950954,0.24402242101847665
74415100,4675,D,H,0.5285684918125187,0.25996250639473373,0.2114690017927476
74415101,4634,D,H,0.38813873993690456,0.35100381397240765,0.2608574460906878
74415102,4634,D,H,0.3425096116923023,0.33638404831090607,0.3211063399967916
74415103,4724,H,H,0.7066724211947666,0.2000519278411117,0.09327565096412177
74415104,4629,A,A,0.2098732870149834,0.2852677623479459,0.5048589506370709
74415105,4634,A,A,0.31154796361075043,0.29491764215099053,0.39353439423825903
74415106,4675,D,A,0.30480983595517824,0.3327566481920051,0.36243351585281663
74415107,4675,H,H,0.6622685309651322,0.195584764395948,0.1421467046389198
74415108,4675,D,H,0.4524921700411337,0.31178522594889185,0.2357226040099744
74415109,4675,H,H,0.9245930199393203,0.059569516793517664,0.015837463267162066
74415110,4724,D,A,0.24629522189960418,0.2910467984989533,0.4626579796014425
74415111,4634,A,A,0.33796893169871317,0.24323840485077164,0.4187926634505152
74415118,4629,D,A,0.3375932878653359,0.22043534609772952,0.44197136603693454
74415119,4634,H,H,0.5797811497327228,0.23978269481303563,0.1804361554542416
74415120,4724,H,H,0.3940303761349298,0.33236487072267057,0.27360475314239957
74415121,4675,H,A,0.3293824975566253,0.2940674187052706,0.3765500837381042
74415122,4724,D,H,0.6158738741244681,0.2292297508139412,0.1548963750615906
78218351,4629,H,H,0.5155675104813,0.1878578403455141,0.296574649173186
78218352,4634,H,H,0.5614415305347022,0.2545615558474529,0.18399691361784482
78218353,4675,A,A,0.05449811985089857,0.14320367387970112,0.8022982062694002
78483704,4629,D,A,0.26069180390475916,0.30211588495655944,0.43719231113868134
78483708,4675,A,A,0.2257366671886481,0.24681927362422687,0.527444059187125
78483709,4634,H,H,0.6513982572332466,0.21719628892742787,0.1314054538393255
78483710,4724,A,A,0.26879506202453624,0.1965749931269739,0.5346299448484899
78483711,4629,A,A,0.22060327652486647,0.2421081524620629,0.5372885710130706
78483716,4634,D,H,0.4435445023607366,0.31360203691183924,0.24285346072742425
78483717,4630,A,A,0.3174999386158298,0.327339940151966,0.3551601212322041
78483718,4630,A,A,0.21080864967126403,0.25253723450497556,0.5366541158237604
78483719,4630,H,H,0.49312383381389446,0.20512995104400444,0.30174621514210104
78483720,4630,A,A,0.2921960836290613,0.31411991479958434,0.3936840015713544
78483721,4675,A,A,0.1338056868999623,0.18787585943889804,0.6783184536611397
78483722,4675,H,A,0.18693893760212765,0.2623416370362493,0.5507194253616231
78483723,4675,D,H,0.5749543529614092,0.27955730313572175,0.14548834390286913
78483724,4675,D,H,0.4068113401480859,0.29336596447540536,0.2998226953765088
78483725,4675,H,H,0.5378242764664073,0.2860339281828055,0.17614179535078722
78483726,4724,H,A,0.265015189488149,0.320585229294238,0.41439958121761306
78483727,4634,D,A,0.3087566016073898,0.2371492270209835,0.45409417137162655
78483728,4630,D,H,0.5604350762649302,0.20343432904873618,0.23613059468633377
78483732,4724,H,H,0.3849608444781664,0.2699636529935067,0.3450755025283268
78483733,4634,H,H,0.6667370520641586,0.23061704439766978,0.10264590353817167
78483734,4630,A,A,0.25644059000128977,0.19732321709127937,0.546236192907431
78483753,4630,H,A,0.3160091625433286,0.22922921268632868,0.4547616247703427
79034384,4724,D,A,0.3601808872499918,0.22616973431297363,0.4136493784370346
79034385,4629,A,A,0.3033054171532831,0.23978764333242453,0.45690693951429223
79034387,4634,A,A,0.08770184819373808,0.2052096995692692,0.7070884522369927
79034388,4724,H,H,0.5261027608352806,0.2771021593829515,0.1967950797817679
79034389,4675,D,H,0.46569248093906956,0.26804938644664134,0.26625813261428916
79034390,4630,A,H,0.5187800855562448,0.2227600477751726,0.2584598666685826
79034392,4634,H,A,0.3351351458908889,0.32972756004900905,0.3351372940601021
79034395,4724,H,A,0.3345856870200317,0.304008693191238,0.36140561978873026
79034396,4724,A,A,0.1967529838873751,0.2903578323093261,0.5128891838032988
79034397,4629,A,H,0.4402206625133746,0.20228214302379335,0.3574971944628322
79034398,4629,D,H,0.4382757884977535,0.3160704673841181,0.2456537441181284
79034399,4629,A,H,0.37370066263132373,0.34307133521398425,0.28322800215469196
79034400,4630,A,H,0.47521388854347446,0.18237177002798666,0.342414341428539
79034404,4634,H,H,0.3735918024205944,0.32645382412454915,0.29995437345485637
79034405,4629,H,H,0.7241308888845308,0.17066506862303626,0.10520404249243294
79034406,4724,D,A,0.2584483449688732,0.3327055697085555,0.4088460853225712
79034419,4629,H,H,0.5265396939687355,0.24231776095035948,0.23114254508090507
79034420,4675,D,H,0.4217309039089121,0.32297016212544705,0.255298933965641
79034430,4634,H,H,0.6023285613839042,0.23454404299118148,0.16312739562491427
79566591,4634,D,H,0.5188312440287478,0.24792901236145953,0.23323974360979272
79566592,4630,H,H,0.3857360957699431,0.32052066434368476,0.29374323988637224
79566593,4724,H,H,0.47909358945142333,0.24393690186475642,0.27696950868382025
79566624,4724,D,A,0.2385438233330713,0.3059413160823882,0.4555148605845404
80501659,4634,H,H,0.40763895392298916,0.2522905487989051,0.34007049727810573
80501660,4724,A,A,0.37153742315978827,0.2308496270426186,0.39761294979759315
80501661,4675,A,H,0.3843876423040629,0.34433879689372826,0.2712735608022088
80501664,4629,H,H,0.45882521380764346,0.3078544478055822,0.23332033838677438
80798817,4634,H,H,0.810165008272659,0.13569153953344407,0.05414345219389679
80798819,4675,H,H,0.7302767312806627,0.1922823151784284,0.07744095354090878
80798823,4629,H,A,0.3089823673676355,0.2223147829399993,0.46870284969236514
80798836,4634,D,A,0.2921284516186136,0.32830246505352983,0.3795690833278565
80798837,4630,H,H,0.6051369909437295,0.20922153814670183,0.18564147090956867
80798838,4724,H,H,0.5345825818401991,0.28823805572110717,0.1771793624386937
80798846,4675,H,H,0.7688160504897532,0.16726880688210102,0.06391514262814581
80798847,4630,A,A,0.3257403884205273,0.2812280250721171,0.3930315865073554
80798848,4724,H,H,0.46120563134892256,0.29474740536254684,0.24404696328853057
80798852,4629,H,H,0.6442608225875923,0.19921245064876933,0.15652672676363835
80798859,4634,H,H,0.5543705572712467,0.2373727199068104,0.20825672282194288
80798873,4630,H,H,0.5176975260758544,0.30751386624272725,0.1747886076814183
80798874,4630,H,H,0.646960103090752,0.22748761560655906,0.12555228130268895
80798875,4630,H,H,0.700689708348303,0.19961812744561777,0.09969216420607913
80798876,4675,H,H,0.5074545087201036,0.2139977715606448,0.27854771971925163
80798877,4675,H,H,0.4512903011778282,0.25575743468214485,0.29295226414002684
80798878,4675,H,H,0.8768963276196036,0.09626547838002568,0.02683819400037076
80798880,4724,D,H,0.48835312729007085,0.344615163137887,0.1670317095720422
80798886,4634,H,H,0.6726944509134051,0.18452644317436268,0.14277910591223225
81259723,4675,D,H,0.7377597769929933,0.14078113931508837,0.12145908369191828
81259725,4634,H,H,0.5391259154507962,0.23275179323282755,0.2281222913163762
81259726,4724,A,H,0.43492854592505836,0.2355188860972154,0.3295525679777262
81259727,4629,H,H,0.4946287716259913,0.19533027808024916,0.31004095029375955
81259728,4675,H,H,0.39168246392635325,0.25977195651376356,0.34854557955988325
81259731,4634,D,H,0.7243624795700507,0.1781734899218503,0.09746403050809896
81259732,4724,A,H,0.367974900554747,0.2688358953277589,0.363189204117494
81259735,4630,D,H,0.6039664269424999,0.18503705793144742,0.2109965151260527
81259736,4629,H,H,0.6501395954489675,0.22550752122398462,0.12435288332704786
81259744,4634,D,A,0.31396900191567867,0.32942713377013083,0.35660386431419044
81259746,4675,A,H,0.46017377856955793,0.29119292594692414,0.2486332954835179
81259750,4724,D,H,0.4981308830029413,0.24748262818609074,0.25438648881096804
81259751,4724,H,H,0.6477534159112902,0.20538274005226334,0.1468638440364463
81259752,4629,H,H,0.6722805267807919,0.1719249999372326,0.15579447328197557
81259753,4629,H,H,0.5731536886882331,0.2244867523600036,0.20235955895176322
81259754,4629,D,H,0.555829852368,0.2519625341402224,0.1922076134917776
81259756,4630,D,H,0.396552949811775,0.26384073797828334,0.33960631220994164
81259757,4630,H,H,0.732971532310747,0.13753755134711912,0.1294909163421339
81259758,4630,H,A,0.3175783569035145,0.2807733028156919,0.40164834028079366
81259759,4630,D,A,0.1827596583688334,0.2582033489110455,0.5590369927201211
81259769,4634,D,H,0.4595287385021982,0.2637951637831725,0.2766760977146292
81259773,4629,A,A,0.12747400419887342,0.21216360579331034,0.6603623900078163
81259775,4724,D,A,0.2998704404659503,0.2915708257064638,0.4085587338275859
81727361,4634,D,H,0.6426002398382451,0.22733042413261365,0.1300693360291413
81727362,4724,H,A,0.23956529435792498,0.2886035318262737,0.47183117381580114
83382237,4675,D,H,0.4700549676338743,0.29588977430425195,0.23405525806187366
83382238,4675,D,H,0.41312702924761785,0.21083717471088986,0.37603579604149234
83382239,4675,A,A,0.26714068163540655,0.2497356598564206,0.4831236585081728
83382240,4675,H,H,0.5004281643916777,0.2972677213778391,0.2023041142304833
83382241,4675,H,H,0.3781911680367224,0.3292602638331462,0.29254856813013136
83382242,4675,A,H,0.4174453618970476,0.3337587831290296,0.24879585497392276
83382243,4675,H,A,0.0845378767462941,0.12404787308480275,0.7914142501689031
83382244,4675,H,H,0.42208179398592793,0.3234239663480567,0.25449423966601536
83382245,4675,H,H,0.45966638755739436,0.3357394307504879,0.20459418169211765
83450120,4634,A,H,0.5763203737466431,0.21783403848110358,0.20584558777225334
83450121,4724,D,H,0.38779564581146325,0.2815070128095979,0.33069734137893875
83450122,4629,A,A,0.2676707560169178,0.29926942495361625,0.43305981902946594
83450123,4634,D,A,0.2853770470119737,0.3534030952242877,0.3612198577637385
83450124,4724,A,A,0.22932254027219562,0.2552737159929452,0.5154037437348592
83450125,4629,H,H,0.4809950818970601,0.25593545883677443,0.2630694592661656
83450127,4724,H,H,0.46933200998883046,0.26474439726246257,0.26592359274870697
83450128,4629,A,A,0.17354747334490367,0.2173459066901189,0.6091066199649773
83450129,4629,D,A,0.19106230415467837,0.21274770195989487,0.5961899938854268
83450130,4629,H,H,0.37733232569108444,0.3329352165145848,0.2897324577943307
83450131,4634,H,H,0.7046837696105935,0.2232714301729321,0.07204480021647447
83450132,4629,H,H,0.571748071102567,0.23079854314850698,0.197453385748926
83450133,4724,D,A,0.2910394893315699,0.30540255589077947,0.40355795477765055
83450134,4629,H,H,0.6510388586909036,0.2075633800841653,0.1413977612249311
83450135,4634,H,H,0.3730095587657071,0.2750009496953192,0.35198949153897374
83450136,4724,H,H,0.7040789015431879,0.18777051793906938,0.10815058051774279
83450137,4634,A,A,0.21431931848257488,0.3223049934441423,0.4633756880732828
83450138,4724,H,H,0.38458197296453833,0.27863084045209585,0.3367871865833658
83450139,4629,A,A,0.2868860967312813,0.18801684579035852,0.5250970574783601
83450140,4634,D,A,0.29810861213154644,0.2579391106220283,0.4439522772464252
83450141,4724,D,A,0.2798821614009594,0.2996500248498302,0.4204678137492104
83450142,4634,A,H,0.5971524111158991,0.2213943276919077,0.18145326119219315
83450143,4629,D,A,0.29307420974988757,0.22735827388963284,0.47956751636047945
83450144,4634,H,H,0.5770582754876268,0.21850630901756227,0.20443541549481084
83450145,4724,H,A,0.3796982756558207,0.2310755182042194,0.38922620613995984
83450146,4630,A,H,0.6357838408495304,0.1938790122281361,0.17033714692233337
83450147,4630,H,A,0.32333011274823603,0.20416785666421122,0.4725020305875527
83450148,4630,H,H,0.4235556674965585,0.19080745374589833,0.38563687875754304
83450149,4630,H,A,0.2684164372251052,0.15407329214407578,0.5775102706308191
83450150,4630,A,H,0.41016701858190835,0.3558279728694741,0.23400500854861755
83450151,4630,A,A,0.046551848663326977,0.19163770865902435,0.7618104426776487
83450152,4630,H,H,0.3971572111017177,0.21331801661573993,0.3895247722825424
83450153,4630,H,H,0.4332613736992229,0.28003369631662844,0.2867049299841487
83450154,4630,A,A,0.11039165804982623,0.1673674349465925,0.7222409070035812
83450155,4630,H,H,0.4014314605617131,0.33679796547368657,0.2617705739646004
83855525,4634,D,H,0.45633242386619544,0.27307632901934137,0.2705912471144633
83855526,4724,H,H,0.3346716377743783,0.33384859483809526,0.33147976738752644
83855528,4724,D,A,0.23612203021232228,0.2794060015780851,0.48447196820959265
84969967,4630,A,A,0.1546843648782233,0.24053695515387738,0.6047786799678992
84970504,4630,D,H,0.5409567137488747,0.30643923998819705,0.15260404626292823
84970510,4630,A,H,0.5759001918104095,0.23744562972318206,0.1866541784664084
84970512,4630,H,A,0.12493175281977931,0.24527774636495103,0.6297905008152698
84970516,4630,D,H,0.5171797189383023,0.24591509384934357,0.23690518721235412
84971007,4630,H,H,0.41873559676084793,0.17744304732082533,0.40382135591832685
85359967,4630,H,H,0.5606256188334141,0.17137128704028046,0.2680030941263054
85359968,4630,H,H,0.43176120402708756,0.25389158739773443,0.3143472085751781
85359969,4630,A,A,0.07954370982961877,0.1339242417959057,0.7865320483744755
85360261,4630,H,A,0.3745122279798062,0.195234682129034,0.43025308989115973
85402270,4675,H,H,0.6672022290168226,0.21628670413425263,0.11651106684892476
85402271,4675,A,H,0.39405917972208565,0.23940378085890945,0.36653703941900495
85402272,4675,D,A,0.3599542977867246,0.2509258230853919,0.3891198791278836
85402273,4675,H,H,0.500973435102737,0.2658632122758903,0.23316335262137272
85402274,4675,A,H,0.6157606715136434,0.24018131473228463,0.1440580137540719
85402275,4675,D,H,0.49142088222681585,0.2781420682692657,0.2304370495039184
85402278,4675,H,H,0.6791560948418192,0.17064785173428085,0.1501960534239
85402295,4675,H,H,0.729125040490748,0.14016983057255578,0.1307051289366962
85402299,4675,H,H,0.40938029239785895,0.3772130550075633,0.2134066525945777
85459650,4629,D,A,0.24501549684007823,0.2136649466874191,0.5413195564725027
85459651,4634,D,H,0.6402879525589142,0.22766846688583214,0.13204358055525364
85459652,4634,D,A,0.20056715215535886,0.24380468525489493,0.5556281625897461
85459653,4724,H,H,0.4464766849627241,0.35430685337494844,0.1992164616623274
85459654,4724,H,H,0.703091418258704,0.17636649387399034,0.1205420878673057
85459655,4629,A,H,0.40208716240391346,0.23237734389599274,0.3655354937000937
85459656,4629,H,H,0.6138111923258047,0.19433709280829997,0.1918517148658953
85459657,4634,A,H,0.6562906414094265,0.2170064948078288,0.12670286378274476
85459658,4629,H,A,0.21495120311913007,0.23353694215995732,0.5515118547209126
85459659,4634,H,H,0.3928388094322586,0.22722014262744522,0.3799410479402963
85459660,4634,H,H,0.8389003207469133,0.11473828929083726,0.04636138996224945
85459661,4724,A,A,0.2007356039225843,0.20908000665791654,0.5901843894194992
85459662,4724,H,H,0.3964042520500011,0.271429727721362,0.33216602022863695
85459663,4629,H,H,0.5534022547419825,0.28817864976091373,0.15841909549710378
85459664,4634,D,H,0.4732144994893402,0.2929084996473969,0.23387700086326302
85459665,4724,D,A,0.33516280350570793,0.3133926798831593,0.3514445166111328
85459666,4724,H,H,0.6649100734601908,0.19763891385832358,0.13745101268148563
85459667,4629,A,A,0.2778461167290656,0.24949218695855083,0.47266169631238353
85459668,4629,A,D,0.30309362103349036,0.356249809508209,0.34065656945830064
85459669,4629,D,H,0.38934853420071,0.25784460970267503,0.3528068560966151
85459670,4634,D,H,0.43625703078179523,0.31164574507561654,0.2520972241425881
85459671,4724,H,H,0.46619826560944466,0.26248664948495476,0.27131508490560047
85459672,4724,H,H,0.41081392765199026,0.35661163019297876,0.232574442155031
85459673,4634,H,H,0.5382846803318896,0.27904810105997646,0.18266721860813395
85459674,4629,A,H,0.6394146892099912,0.2155856890241079,0.14499962176590098
85459675,4634,H,H,0.35768949860729987,0.3390160776643766,0.3032944237283235
85459676,4724,D,A,0.268668783392983,0.2758732305217846,0.45545798608523247
85823939,4724,H,H,0.6705650505659044,0.20814576845144625,0.12128918098264933
86067470,4634,H,H,0.5096884436861803,0.24799854658955486,0.24231300972426484
86506310,4630,D,H,0.7132773477571912,0.16057711600423577,0.12614553623857314
86506312,4630,H,H,0.3865441726408874,0.3411317850508934,0.27232404230821916
86506313,4630,A,A,0.3551431546303993,0.21496038873941728,0.4298964566301834
86506314,4630,H,H,0.509083499314248,0.252177774797278,0.23873872588847406
86506316,4630,H,H,0.4897099304291058,0.2584871925069008,0.25180287706399346
86506317,4630,D,H,0.6680420164431575,0.19622659590586736,0.1357313876509752
86506318,4630,H,H,0.6639134759266498,0.24702263154541176,0.08906389252793835
86506320,4630,A,A,0.17703269593786045,0.230498360737361,0.5924689433247786
86506322,4630,A,A,0.23828999279985086,0.28294392319163275,0.47876608400851645
86853538,4630,D,A,0.2678341061066442,0.2569480022513302,0.4752178916420257
87198544,4630,D,H,0.5503326581985728,0.15791070892883297,0.2917566328725942
87198545,4630,H,H,0.4284607689484396,0.2925696760695947,0.27896955498196563
87198546,4630,A,D,0.337066408075931,0.3517561093587366,0.31117748256533245
87198547,4630,H,A,0.16579531740991924,0.20394023690467686,0.6302644456854039
87198548,4630,A,H,0.4730371200978039,0.24431755429480634,0.28264532560738975
87198549,4630,H,H,0.3803263295172358,0.28989001824163463,0.3297836522411296
87198550,4630,D,H,0.8184931895720139,0.1415133483383248,0.03999346208966125
87198551,4675,H,D,0.3322393440084903,0.3357781389727747,0.331982517018735
87198552,4675,H,H,0.7054952312413683,0.20140959032463185,0.09309517843399986
87198553,4675,A,A,0.12702624564229073,0.16825325139286912,0.7047205029648401
87198554,4675,H,H,0.5164238414606209,0.2694752300753779,0.21410092846400122
87198555,4675,H,H,0.7005730494110932,0.20377426215379102,0.09565268843511567
87198556,4675,H,H,0.47666915457994113,0.31643490424722215,0.20689594117283683
87198557,4634,A,A,0.26971852807212054,0.26338577958886794,0.46689569233901146
87198558,4634,D,H,0.5849436644916468,0.2678805775732696,0.14717575793508356
87198559,4675,D,H,0.5317981590026458,0.3077077849202273,0.16049405607712688
87198560,4675,D,H,0.49701472198606583,0.2776114254270617,0.2253738525868726
87198561,4634,A,H,0.5357991268219207,0.2192357274752046,0.24496514570287475
87198562,4675,D,A,0.15498894224185114,0.24650837659399014,0.5985026811641587
87198564,4630,H,A,0.3763562509054119,0.2029496326134155,0.42069411648117255
87247092,4724,A,A,0.30706778967540305,0.2592361223194528,0.43369608800514403
87247093,4629,H,H,0.7952613747158626,0.1445208885025215,0.060217736781615905
87247094,4724,A,H,0.3747458494244552,0.29952715461573315,0.3257269959598115
87247095,4629,H,A,0.22357009224795768,0.2881271829959051,0.4883027247561372
87247096,4634,H,H,0.7178730543653538,0.21732978853041285,0.0647971571042333
87247097,4724,H,A,0.3264575850735425,0.25431781917736396,0.4192245957490935
87247098,4724,H,H,0.6705051771855326,0.18783640517409655,0.14165841764037082
87247099,4724,H,A,0.36131281047453984,0.27287202846463277,0.36581516106082745
87247100,4724,D,H,0.47594494801678666,0.27497681799296453,0.2490782339902489
87247101,4724,H,A,0.36654084015149585,0.23921871435007644,0.3942404454984277
87247102,4724,A,A,0.22982105801120775,0.2993758517129291,0.4708030902758631
87247103,4724,D,A,0.16199127883138037,0.28526637204310806,0.5527423491255116
87247104,4724,A,A,0.22716770642448292,0.29740850349565223,0.47542379007986485
87247105,4634,A,A,0.2259220845141859,0.2547824307659632,0.5192954847198509
87247106,4634,H,H,0.4815048156661882,0.30436170614174,0.21413347819207185
87247107,4634,D,A,0.21737383966818835,0.3407352098251479,0.44189095050666377
87247108,4634,D,H,0.38509427954529185,0.25247180319139123,0.362433917263317
87247109,4634,H,A,0.2727984950492201,0.3448364789082786,0.3823650260425012
87247110,4634,H,H,0.6383300175078457,0.1926739579077882,0.1689960245843661
87247111,4629,H,H,0.5999573907911869,0.21835659715836866,0.18168601205044443
87247112,4629,D,H,0.4229022167678603,0.2197926651068827,0.35730511812525695
87247113,4629,H,H,0.4261861916940449,0.29722892119631017,0.27658488710964485
87247114,4629,H,H,0.3665149856895887,0.2689265742544756,0.36455844005593563
87247115,4629,H,H,0.4494939961881614,0.2705525007760407,0.27995350303579786
87247116,4629,A,A,0.23032628048075687,0.2003475845073905,0.5693261350118526
87505929,4634,D,A,0.223519608991473,0.2883654633266179,0.4881149276819091
87546521,4629,A,A,0.2953068595231015,0.2436790157821065,0.46101412469479197
88204418,4630,H,H,0.8247231852354518,0.10674472278689018,0.06853209197765794
88697568,4630,A,H,0.6770041153331827,0.20542334908255197,0.11757253558426534
88697569,4630,H,H,0.3799478187615759,0.29293519702175475,0.32711698421666924
88697570,4630,A,A,0.27339416775371594,0.19317206946456547,0.5334337627817186
88697571,4630,H,H,0.5841581306415858,0.20832845568163808,0.20751341367677598
88697572,4630,A,H,0.5320257209263008,0.22510613398824555,0.24286814508545354
88697573,4630,H,A,0.23166659722848318,0.21191036126491744,0.5564230415065995
88697574,4630,A,A,0.1122890927150614,0.1943838486818997,0.6933270586030389
88697576,4630,A,D,0.3328480268584609,0.35264326273025326,0.3145087104112859
88697577,4630,H,H,0.4770666048913161,0.2366304699181188,0.28630292519056527
88697578,4630,A,H,0.6717940596801707,0.18762782895038116,0.14057811136944823
88969409,4724,H,H,0.4726444685315521,0.25884163734686666,0.2685138941215812
88969410,4724,H,H,0.4808855120854504,0.27424811692431855,0.2448663709902311
88969411,4724,A,H,0.5678475007898449,0.2555608588516428,0.17659164035851224
88969412,4724,H,A,0.2744845725906503,0.3080695635961581,0.4174458638131916
88969413,4724,D,H,0.5066547404251331,0.3251216947085666,0.16822356486630022
88969414,4724,H,H,0.5432318273757927,0.23519728021757955,0.22157089240662783
88969415,4724,H,H,0.4738521251293224,0.3097077799195185,0.21644009495115915
88969416,4724,D,A,0.13729517424485815,0.19893054937829371,0.663774276376848
88969417,4724,D,H,0.6932747917404236,0.15686804529966208,0.14985716295991441
88969418,4724,H,H,0.5354942366658317,0.2204756968176334,0.24403006651653483
89117066,4634,H,H,0.5577023162980496,0.26931510772339423,0.1729825759785563
89117068,4634,D,H,0.5770690319987635,0.22732250540761784,0.19560846259361875
89117069,4634,A,H,0.49040371198998756,0.31760511225707944,0.1919911757529329
89260692,4634,H,H,0.4874288998497421,0.20887975538143327,0.30369134476882476
89260694,4634,H,H,0.7492208877268746,0.18085721467114596,0.06992189760197953
89260695,4634,H,H,0.47647315145425667,0.2641733880610121,0.2593534604847312
89260699,4634,H,H,0.41574244946536604,0.3583083565776672,0.22594919395696683
89404832,4634,A,A,0.18768469140772429,0.2325559684602317,0.5797593401320441
89404835,4634,A,H,0.37049870015567726,0.27069262315138837,0.3588086766929343
89404836,4634,H,H,0.4658085381140433,0.3961083172528792,0.13808314463307736
89587259,4630,A,A,0.22544508354454942,0.21524882561216435,0.5593060908432863
89587322,4630,H,H,0.6908423250712328,0.18443538624215405,0.12472228868661311
89587323,4630,H,H,0.36618782337362044,0.2681013406291271,0.36571083599725235
89587324,4630,H,H,0.8475899265419645,0.12445261347347016,0.027957459984565246
89587325,4630,H,A,0.34343088039055586,0.2748584494973196,0.3817106701121245
89587614,4630,H,A,0.3253427667146823,0.3242562812112518,0.35040095207406596
89744205,4630,H,A,0.14564417692269038,0.15174227625980122,0.7026135468175083
89744206,4630,H,H,0.45684415080221047,0.3219646646073767,0.22119118459041284
89755839,4724,D,A,0.34534082869332927,0.28272732081731666,0.3719318504893541
89755840,4724,A,A,0.15434969231879442,0.2853591390213794,0.5602911686598262
89755842,4724,A,A,0.28564750092736596,0.344524664146925,0.36982783492570903
89755843,4724,H,A,0.3011733905522682,0.23269360559770325,0.4661330038500286
89755844,4724,A,A,0.2437991436021444,0.25603654364223005,0.5001643127556256
89755846,4724,H,A,0.3011075491055999,0.27675256348543786,0.42213988740896236
89755847,4724,D,H,0.43015874076670596,0.2843292280816289,0.2855120311516652
89755848,4724,A,H,0.44459272224766616,0.24544219455373456,0.3099650831985993
89755849,4724,H,H,0.7191233082431009,0.18460824305799664,0.09626844869890239
89755850,4724,D,H,0.4119955311344775,0.2695368823398185,0.318467586525704
89755851,4630,D,A,0.23958425937016786,0.2610994366073377,0.49931630402249444
89755852,4630,H,H,0.773301293043788,0.0985319062817674,0.12816680067444458
90150696,4629,D,H,0.5237458131444251,0.28002423081331324,0.19622995604226165
90150697,4634,A,H,0.563041728630243,0.25701398205768117,0.17994428931207573
90150699,4675,H,H,0.8483025717032912,0.11070356142835856,0.04099386686835028
90229724,4675,D,H,0.5602419882855932,0.21951591726413847,0.22024209445026827
90229731,4629,H,A,0.3647260858451961,0.23160242629959302,0.4036714878552108
90229735,4634,H,H,0.6012238152196808,0.23665272716909674,0.16212345761122246
90229746,4675,A,A,0.2966464947192886,0.23017533691598727,0.47317816836472404
90229749,4634,H,H,0.6198661169114643,0.20484836407754278,0.17528551901099293
90229750,4630,A,A,0.15726290856851088,0.1676039400144899,0.6751331514169993
90229752,4629,A,H,0.5890374356532285,0.20636935615403504,0.20459320819273638
90229755,4634,D,H,0.4377966847976138,0.32726888760202794,0.23493442760035826
90229767,4675,A,A,0.10536481932329657,0.16611296458996935,0.7285222160867341
90229768,4675,D,H,0.5735846398293832,0.2711906608938763,0.15522469927674057
90229769,4675,D,H,0.5670664651225658,0.25677553679598236,0.1761579980814518
90229770,4675,A,H,0.7341667083848122,0.15451308669203406,0.11132020492315375
90229779,4634,H,H,0.5359756707835711,0.27914771752273804,0.18487661169369082
90229780,4630,H,H,0.5771999432173736,0.22974323426170506,0.19305682252092135
90352271,4630,D,A,0.3740869964991296,0.21315301435236478,0.4127599891485055
90352273,4724,A,A,0.15240390125814984,0.20817480283250991,0.6394212959093402
90352274,4724,H,H,0.5214634612180832,0.28924246960532746,0.18929406917658934
90352285,4724,D,A,0.2927281691686324,0.26870091329019485,0.43857091754117283
90352290,4724,H,H,0.43039925845408855,0.2438191236649931,0.3257816178809185
90352291,4629,A,A,0.32347838751721064,0.22820967218305996,0.44831194029972943
90352296,4724,D,H,0.6067628946117137,0.19801401037027416,0.19522309501801216
90352297,4675,H,A,0.19697260900709615,0.22693218861001033,0.5760952023828935
90352298,4629,H,H,0.38982802349689905,0.26530906254267744,0.3448629139604234
90352304,4634,A,A,0.3180484331057362,0.30025750747373936,0.38169405942052453
90352305,4675,D,H,0.5752051382119272,0.2583813184365861,0.16641354335148667
90352308,4724,H,H,0.7360439689992635,0.190894694519275,0.07306133648146153
90352309,4724,H,H,0.3645317342243239,0.27688429885934485,0.3585839669163312
90352310,4629,H,H,0.5614145832520673,0.20984518058449433,0.2287402361634384
90352311,4629,A,A,0.3166170590925721,0.29175966808710035,0.3916232728203276
90352312,4629,A,H,0.5444567237799405,0.22941126585499158,0.22613201036506794
90352313,4630,D,A,0.3222233795803713,0.2255225732473921,0.4522540471722367
90352317,4634,D,A,0.2523542812440014,0.29544900250999717,0.45219671624600133
90352318,4629,H,H,0.6448778472849926,0.2160968919576695,0.13902526075733793
90352320,4724,H,H,0.42904280909577136,0.2585274601358287,0.31242973076839997
90450275,4724,H,H,0.5772138437988276,0.2555040660442095,0.16728209015696283
90450277,4630,D,H,0.5085713788503575,0.2709638243026547,0.22046479684698772
90559695,4724,H,H,0.5861602144685596,0.23075830448528134,0.18308148104615904
92627898,4675,D,H,0.5502176809311696,0.23384762514363894,0.21593469392519152
92990950,4634,H,H,0.5288599618314014,0.31095589271797924,0.16018414545061938
94360868,4675,A,H,0.4619076862438686,0.181207769934706,0.3568845438214253
94360869,4630,H,H,0.7117240424062229,0.1492602752627098,0.13901568233106734
94360874,4634,A,H,0.3878182783673345,0.2615937138714083,0.35058800776125715
94360880,4634,H,A,0.22376765981567984,0.3018775272496556,0.4743548129346645
94360881,4630,H,H,0.5144293561425753,0.24650714175332705,0.2390635021040976
94360887,4634,A,A,0.2520421706578544,0.24774013638996734,0.5002176929521783
94360889,4675,D,A,0.3440059977580217,0.26565366340016633,0.39034033884181196
94360890,4675,D,H,0.42529463058612427,0.2807013979384659,0.29400397147540985
94360891,4675,H,A,0.27258720482485177,0.22081085681889223,0.5066019383562561
94360892,4675,A,H,0.3851923153734184,0.2385229758765446,0.376284708750037
94360893,4675,H,H,0.6229935087916827,0.20830033135418113,0.16870615985413626
94360897,4634,A,H,0.584437523346759,0.21914953096643913,0.1964129456868019
94638448,4634,H,H,0.5186518530331504,0.2360179500828032,0.2453301968840464
94638450,4634,A,A,0.31396060926760766,0.22842842515265846,0.4576109655797339
94638453,4675,A,H,0.5223273833168961,0.26502295708467005,0.21264965959843388
94638454,4630,A,A,0.22766330957194392,0.17592132023946203,0.596415370188594
94638458,4634,H,H,0.7815248808407099,0.17370602329456766,0.04476909586472242
94638462,4675,A,H,0.8817297442899941,0.09678337240619626,0.021486883303809635
94638464,4630,D,A,0.1983820120500248,0.2974095285251365,0.5042084594248386
94638468,4634,H,H,0.4083840709203551,0.3386920716492456,0.25292385743039925
94678160,4724,A,A,0.3218034304846627,0.26210449992331875,0.41609206959201855
94678161,4724,A,A,0.2278725426791109,0.304046521039719,0.4680809362811699
94678162,4724,H,H,0.43976048484712066,0.26162524175824875,0.2986142733946305
94678163,4724,H,A,0.32398989136199874,0.3346984018907519,0.34131170674724937
94678164,4724,A,A,0.25765386553011266,0.30507174475938703,0.4372743897105003
94678165,4724,H,H,0.5043370125837109,0.2881160168375733,0.2075469705787158
94907114,4634,D,D,0.35244125547055366,0.3662297399569512,0.28132900457249516
94907115,4630,D,H,0.5812237914542561,0.24981203686279962,0.16896417168294428
95530892,4629,A,A,0.3470958160931611,0.249253076785725,0.4036511071211138
95697293,4629,D,A,0.2872898166762999,0.23292588170186726,0.47978430162183294
95697296,4629,H,H,0.58565443244891,0.2570461212101932,0.15729944634089682
96032296,4675,D,H,0.8009958705206105,0.1373372991341757,0.0616668303452138
96032297,4675,H,H,0.4366888276778761,0.3121235813873616,0.2511875909347623
96032299,4629,D,H,0.5877819212224089,0.22223171978039538,0.18998635899719565
96032302,4675,H,H,0.6138625433003275,0.23854197564604715,0.14759548105362524
96032303,4629,A,A,0.3184590067029586,0.24648507434047678,0.4350559189565647
96032304,4675,H,H,0.45964834596042325,0.3563812629634334,0.18397039107614338
96032305,4629,D,H,0.5194006872641102,0.23738749611533175,0.24321181662055807
96032306,4629,D,A,0.32220969317368875,0.2867498598728361,0.3910404469534752
96032307,4629,D,A,0.19446158024984578,0.30529792080001883,0.5002404989501353
96032309,4629,D,A,0.22225149160191665,0.21571840302873088,0.5620301053693525
96348848,4675,H,H,0.4160879184269957,0.18928767334477442,0.39462440822823
96348849,4675,A,A,0.055493150216326254,0.1405295937643377,0.8039772560193359
96348850,4675,H,H,0.37213865854043476,0.35516163692574754,0.27269970453381775
96348851,4675,D,H,0.5115728473213422,0.3193441784744548,0.16908297420420296
96348852,4675,D,H,0.5528309759789881,0.2695957173893962,0.1775733066316157
96387280,4724,H,A,0.34337322534670056,0.30971507747617594,0.34691169717712356
96387281,4634,D,H,0.421082148371945,0.3068121919135563,0.2721056597144988
96387282,4634,A,H,0.6835190333129916,0.22727327734457103,0.08920768934243743
96387283,4724,A,A,0.3145465882862274,0.27993386385290275,0.4055195478608699
96387284,4724,H,H,0.4476772559609459,0.2344023829901115,0.3179203610489427
96387285,4634,A,A,0.34342696353484814,0.30051712593418173,0.35605591053097013
96387286,4724,D,H,0.6710835100698663,0.23522556135425662,0.09369092857587696
96387287,4724,H,H,0.5854819757492485,0.22836885176917165,0.18614917248157975
96387288,4634,D,H,0.5873962794054329,0.24267000423087112,0.16993371636369592
96387289,4724,A,A,0.2706377609018992,0.18282412769414091,0.5465381114039598
96387290,4724,D,H,0.47995184093233756,0.26629475979990286,0.2537533992677596
96387291,4724,D,A,0.2719236050857685,0.27714010548548174,0.45093628942874975
96387292,4724,D,H,0.5195643203449474,0.26352926197544657,0.21690641767960606
96545570,4634,H,H,0.5342799611470784,0.28594673137700294,0.1797733074759187
96545571,4724,A,A,0.1827200245276203,0.2283446271623315,0.5889353483100482
96545572,4634,D,A,0.16791256087077888,0.29471733824175694,0.5373701008874642
96545573,4634,A,A,0.1667739590890444,0.23724868663611556,0.59597735427484
96545574,4634,H,H,0.5146185182971011,0.2858584479844443,0.19952303371845456
96545575,4634,A,H,0.3780314974674986,0.2868231217485512,0.3351453807839501
96545576,4634,A,H,0.40095777493683304,0.27024516256692427,0.32879706249624263
96545577,4630,A,H,0.5593598575479632,0.16574683328000445,0.27489330917203225
96545578,4630,H,H,0.5641140159198554,0.3122815680531549,0.12360441602698978
96545580,4630,H,A,0.15918121311423675,0.24031492800559578,0.6005038588801673
96545581,4630,D,H,0.40408298597431475,0.23271768117012498,0.36319933285556016
96545582,4630,A,A,0.10691734123339634,0.14997543395151575,0.743107224815088
96735889,4630,H,H,0.7867990037243093,0.12580919241463834,0.08739180386105239
96735891,4630,H,H,0.8164718583084289,0.13317536674274166,0.05035277494882934
96735892,4630,H,H,0.6503760256128654,0.1951802549556665,0.1544437194314681
96910291,4630,A,H,0.454837539412739,0.2927517449658757,0.2524107156213852
96910292,4630,D,H,0.39991917036679037,0.2668223526905123,0.3332584769426973
97226251,4634,H,H,0.6234794030749611,0.2264041331820531,0.1501164637429858
97226252,4634,H,H,0.5298047991272986,0.29345613023283557,0.1767390706398658
97226253,4634,A,A,0.22758643748802962,0.2737865530510996,0.49862700946087085
97569935,4675,H,H,0.7427081439522436,0.15717384885228947,0.10011800719546689
97569937,4675,D,H,0.4914596285241665,0.22655769786989743,0.2819826736059361
97569942,4675,H,H,0.4550508699764484,0.2821477926193757,0.2628013374041758
97569943,4675,D,A,0.2791136117601442,0.2728072467495787,0.44807914149027717
97911321,4724,H,H,0.4642499913553616,0.3166305763165597,0.21911943232807857
97911322,4634,D,H,0.6542507619453314,0.23586985876214817,0.10987937929252033
97911323,4724,H,H,0.5415886166796994,0.23002030534155773,0.22839107797874286
97911324,4629,H,A,0.2778586421766585,0.2805519228898199,0.4415894349335216
97911326,4634,D,H,0.5231583148071679,0.21382963836625177,0.2630120468265804
97911327,4724,H,H,0.6068448922261462,0.22163301982571568,0.17152208794813803
97911328,4630,H,A,0.34340023763060684,0.16311339180173148,0.4934863705676617
97911329,4629,D,H,0.46354061522951967,0.21565050398332758,0.32080888078715264
97911331,4634,D,H,0.4175286099462232,0.29992886107240657,0.28254252898137033
97911333,4724,H,H,0.5750707385546963,0.22985199338206933,0.19507726806323444
97911334,4629,A,H,0.54880385183883,0.24744075526878576,0.20375539289238426
97911335,4629,A,H,0.552686866938561,0.23076164660284837,0.21655148645859063
97911336,4629,H,H,0.6533272241471774,0.18521466278902673,0.16145811306379587
97911337,4630,H,H,0.44570163689188536,0.2524251093414563,0.3018732537666584
97911338,4630,A,H,0.41448506743286795,0.2949275290048251,0.29058740356230706
97911339,4630,D,H,0.665152571648468,0.17711483508507936,0.15773259326645267
97911340,4634,D,H,0.4594836294523454,0.32990129737542984,0.21061507317222475
97911341,4629,D,H,0.5966396647815908,0.20703043459589265,0.19632990062251643
97911342,4724,D,H,0.5338849028807774,0.3023873620171307,0.16372773510209193
97911343,4629,A,A,0.2585884356679113,0.21485143204591742,0.5265601322861713
97911344,4634,D,H,0.4528917018414354,0.29218606050021834,0.25492223765834626
97911345,4724,H,H,0.45086446581100503,0.27718648846381094,0.2719490457251839
97911346,4634,A,A,0.2683215131363104,0.2608012535531585,0.47087723331053116
97911347,4630,A,A,0.07942707207171999,0.166410100104674,0.7541628278236061
97911348,4724,A,A,0.227682014482745,0.33009319624703254,0.4422247892702225
97911349,4629,H,H,0.5083246906656944,0.30829121176299873,0.18338409757130686
97911350,4634,A,H,0.4764635127592718,0.3089972683582066,0.2145392188825217
97911351,4630,D,H,0.5475731749767707,0.2626411738333149,0.1897856511899143
97911352,4630,D,A,0.32158704712785935,0.24833137007433492,0.4300815827978058
97911353,4630,H,H,0.6568133038572427,0.17830737683963718,0.16487931930312022
97911354,4675,A,A,0.08128905376962799,0.14320595097330804,0.7755049952570638
97911355,4675,D,H,0.619362907889755,0.2107096769739828,0.16992741513626217
97911356,4675,A,H,0.5076914743263868,0.2705613801131622,0.22174714556045097
97911357,4675,A,A,0.27664323045148087,0.2686763731688757,0.4546803963796434
97911358,4675,H,H,0.8600256972953156,0.11447899088354724,0.02549531182113707
97911359,4724,D,H,0.4975847577229855,0.3127478491520797,0.18966739312493475
97911360,4724,D,H,0.3757886318865328,0.28011222495952737,0.34409914315393986
97911361,4634,H,H,0.4684572785505447,0.36510072958232725,0.16644199186712802
97911362,4630,D,A,0.3688805515420129,0.20228776457378686,0.4288316838842003
97911363,4629,A,A,0.2517876117050052,0.23703837229628563,0.511174015998709
97911364,4634,H,H,0.7216427100064331,0.17853820291201186,0.09981908708155504
97911365,4724,H,A,0.3065320158598691,0.2261881450491519,0.4672798390909789
97911366,4634,A,H,0.5451496295825974,0.2123511003382377,0.24249927007916494
97911367,4630,A,A,0.12884164026895722,0.18145501056284602,0.6897033491681968
99654835,4634,D,A,0.25702536268570986,0.26771755552323795,0.47525708179105214
99654836,4724,A,H,0.5628967177290517,0.2339309027064566,0.20317237956449172
99654837,4634,D,H,0.7887709545010522,0.14758090321154535,0.06364814228740251
99654838,4724,H,H,0.40475763984686614,0.2649602933687803,0.33028206678435357
99654839,4629,A,H,0.4252462945683868,0.22682756762760622,0.347926137804007
99654841,4634,H,H,0.34642448164623624,0.32581956051133054,0.3277559578424332
99654842,4724,A,A,0.21766099890608923,0.23710862866000046,0.5452303724339103
99654843,4675,D,H,0.5213151105179232,0.28927725551892625,0.18940763396315058
99654844,4629,A,H,0.3963039394014872,0.3057910309845312,0.2979050296139816
99654845,4634,H,H,0.4064965378698459,0.3024330385706178,0.2910704235595363
99654846,4675,H,H,0.7313925671058944,0.1739599092081109,0.0946475236859948
99654847,4724,D,A,0.33832545641212597,0.2958737715240925,0.36580077206378153
99654848,4724,H,H,0.4502986415422787,0.27790114036065705,0.27180021809706423
99654849,4629,D,A,0.14865574251754318,0.24240432848668156,0.6089399289957753
99654850,4629,H,A,0.19587581835995202,0.28071272327012203,0.5234114583699259
99654851,4629,A,H,0.41573079741769375,0.28809368660533674,0.29617551597696956
99654853,4634,H,H,0.5092296247628246,0.26540132008416417,0.22536905515301112
99654854,4629,A,A,0.32011773298172835,0.2524655178529704,0.42741674916530126
99654855,4724,H,H,0.6009413029597569,0.22753943347037425,0.17151926356986882
99654857,4629,H,H,0.46040383613360353,0.1995159169947848,0.3400802468716117
99654858,4634,H,H,0.42077079576263177,0.2782383651595808,0.30099083907778745
99654859,4724,D,H,0.36902464281702346,0.2749471139740361,0.35602824320894044
99654860,4675,H,A,0.4040274624610343,0.1493557475569713,0.4466167899819944
99654861,4634,H,H,0.5980068406482979,0.25143626189639,0.1505568974553122
99654862,4724,A,A,0.21231697011295614,0.23459940022541023,0.5530836296616336
99654863,4629,H,H,0.5609293750321562,0.23221095456683177,0.20685967040101197
99654864,4634,A,H,0.5758420443910378,0.22355968040752278,0.2005982752014395
99654865,4675,D,A,0.1714932420481279,0.19378272861266038,0.6347240293392116
99654866,4675,A,H,0.5047139533762202,0.33539644932093254,0.15988959730284724
99654867,4675,D,H,0.5268424119948155,0.29165106248781225,0.1815065255173722
99654868,4675,D,H,0.5348830385666473,0.28427773977219994,0.1808392216611527
99654869,4675,H,H,0.43434528996819294,0.3048831177094986,0.26077159232230845
99654870,4724,A,A,0.3415307098310556,0.3163010765292411,0.34216821363970334
99654871,4634,D,H,0.4868465133336446,0.3260910300091539,0.18706245665720161
99654873,4629,D,H,0.5891971100656859,0.23623583978336885,0.17456705015094529
99654874,4634,A,H,0.35398029363470257,0.29771617029137165,0.3483035360739257
99654875,4724,A,H,0.3415563421450646,0.33586368397537275,0.3225799738795627
99654876,4675,H,H,0.6757937279697385,0.19533005297596445,0.12887621905429708
100477631,4630,A,A,0.2924248182626283,0.21208625637383957,0.4954889253635322
100477632,4630,H,H,0.8619492730821199,0.09838738001549169,0.03966334690238842
100477633,4630,H,H,0.72426114478229,0.16049955552796707,0.11523929968974292
100477634,4630,A,H,0.35244256750792397,0.3086530277798372,0.33890440471223887
100477635,4630,H,H,0.47557268844348455,0.21319450230872303,0.3112328092477925
100477636,4630,A,H,0.5738744972766211,0.2510450064325797,0.17508049629079914
100477637,4630,A,A,0.1527087807972282,0.15493135869333663,0.6923598605094351
100477638,4630,A,H,0.5046150879274479,0.22714512250371588,0.2682397895688362
100477639,4630,A,H,0.4901816581131361,0.331715615776468,0.17810272611039596
100477640,4630,H,H,0.42629973013502287,0.23964667891805216,0.334053590946925
101118597,4630,A,A,0.33242298144531957,0.29803967310286467,0.3695373454518157
101118599,4630,A,A,0.11150125459662771,0.23005313268355806,0.6584456127198143
101118602,4630,D,H,0.7820116096218421,0.1326560760812311,0.08533231429692685
101118607,4630,A,H,0.5918552103694222,0.2028386160437975,0.20530617358678033
101118608,4630,H,H,0.4151799964235303,0.27519680519198936,0.3096231983844804
101118609,4630,D,H,0.40230897379683217,0.2566578233513043,0.34103320285186356
101118610,4630,A,A,0.23176351444905471,0.16511072722591266,0.6031257583250327
101118611,4630,A,A,0.04979839779741003,0.11433340913029118,0.8358681930722989
101118613,4630,A,A,0.0967339551303778,0.19168049331523113,0.7115855515543911
101515916,4724,H,A,0.22290801316172348,0.30544854451173004,0.4716434423265465
101515917,4629,H,H,0.4656215299340292,0.20070711113348885,0.33367135893248195
101515918,4724,A,A,0.24453014575406493,0.29550321668808893,0.459966637557846
101515919,4675,H,A,0.1400296151561202,0.13117376449105464,0.7287966203528252
101515920,4629,D,H,0.3914525235141923,0.24751525531646792,0.3610322211693398
101515921,4675,D,H,0.4402948495293887,0.2975699542160629,0.2621351962545484
101515922,4724,D,H,0.47437179752453,0.30123643442530906,0.2243917680501608
101515923,4724,D,A,0.2813641052707327,0.1942424899689767,0.5243934047602906
101515924,4629,H,H,0.5072490283496175,0.2509463720177568,0.24180459963262563
101515925,4629,A,H,0.5935331109340319,0.20576272441502275,0.2007041646509454
101515926,4629,H,H,0.5924812896718544,0.23837577710563285,0.16914293322251278
101515927,4629,A,H,0.6498473337848858,0.22439336748678732,0.12575929872832686
101515928,4724,A,A,0.3352605559192811,0.22931605740295374,0.4354233866777652
101515929,4629,A,A,0.20065352777778567,0.21397112834531842,0.5853753438768958
101515930,4724,H,H,0.6843201371257359,0.21100827264556343,0.10467159022870064
101515931,4675,H,H,0.8013323248068374,0.13837538413027792,0.060292291062884626
101515932,4724,D,A,0.20102191349178478,0.23309245866959813,0.565885627838617
101515933,4629,H,H,0.6624058680199508,0.1762932661190532,0.16130086586099607
101515934,4675,A,A,0.14250938126760893,0.20883099624110837,0.6486596224912827
101515935,4675,A,A,0.10126319753076779,0.1601635949858404,0.7385732074833917
101515936,4675,A,H,0.5480537751435068,0.2390647711430636,0.21288145371342954
101515937,4675,H,H,0.6030476481690875,0.23295629032071924,0.1639960615101933
101515938,4675,D,A,0.260221333955538,0.30282568773824525,0.43695297830621677
101515939,4724,D,H,0.5754236567495984,0.24505227365163693,0.1795240695987648
101515940,4724,H,H,0.7758170224251117,0.16978565520308628,0.054397322371802
101515941,4629,H,A,0.2968685972425736,0.257359287333612,0.4457721154238144
101515942,4675,A,H,0.4379108179657339,0.32287831467791855,0.2392108673563475
101515943,4724,H,H,0.5015687715466763,0.25562422244094807,0.2428070060123756
101515944,4724,H,A,0.32345784318709475,0.2163345126109068,0.46020764420199856
101515948,4630,D,H,0.592617751718486,0.21005121669338128,0.19733103158813287
101750691,4634,H,H,0.6047587257538016,0.20478510445492737,0.19045616979127092
101750693,4634,D,H,0.5691637032724386,0.23425660357954292,0.19657969314801843
101750694,4634,A,H,0.3401593489298901,0.3227799839137638,0.3370606671563461
101750695,4634,D,D,0.3491132160978919,0.41403327870081524,0.2368535052012929
101750696,4634,D,A,0.17398215086326002,0.236426958406592,0.5895908907301479
101750697,4634,A,A,0.30190733261989006,0.22462408480936483,0.47346858257074503
101750698,4634,H,H,0.5770159657702881,0.2846739819411362,0.13831005228857574
101750699,4634,H,H,0.58468110728006,0.2848548189560824,0.13046407376385763
101750700,4634,D,H,0.3816567402433206,0.2655604062303946,0.35278285352628486
101750712,4634,D,H,0.41341541032292284,0.30834919621236495,0.27823539346471216
102977692,4630,H,H,0.7784997858369533,0.10238181803411323,0.11911839612893355
102977693,4630,A,A,0.08501442662102346,0.12208136512977599,0.7929042082492006
102977694,4630,A,H,0.46429557152129297,0.26151788600499165,0.2741865424737154
102977695,4630,H,H,0.5364249975789401,0.3123534641936842,0.15122153822737566
102977696,4630,D,H,0.6446394284505031,0.17098690350825932,0.1843736680412376
102977697,4630,H,H,0.6028335719069655,0.22836178351416914,0.16880464457886532
102977703,4630,H,H,0.6680590613399731,0.23773076915307217,0.09421016950695472
102977706,4630,H,H,0.8369446676992706,0.10688814409806482,0.056167188202664635
103372503,4634,H,H,0.5014388591534679,0.27942964800991027,0.21913149283662192
103372504,4630,H,A,0.3512392332441583,0.23495596898918425,0.4138047977666575
103372505,4724,H,H,0.3892480957853141,0.279960259381855,0.3307916448328309
103372506,4724,H,H,0.42567431229633557,0.2490202139253549,0.3253054737783095
103372507,4634,H,H,0.7502416817639884,0.17822701226268214,0.07153130597332946
103372508,4724,D,A,0.2707086334626197,0.2550032150944773,0.4742881514429031
103372509,4629,H,H,0.5122974968520194,0.2614137968885496,0.22628870625943096
103372510,4675,H,H,0.364078195680815,0.3101048421509997,0.32581696216818534
103372511,4634,D,A,0.34310772755376195,0.2972385470669325,0.3596537253793057
103372512,4724,A,A,0.11365688828654988,0.19188683346923507,0.6944562782442151
103372513,4675,A,H,0.6952051091309276,0.18337697748845724,0.12141791338061501
103372514,4629,D,H,0.5504033893323821,0.24150074734437904,0.20809586332323887
103372515,4634,H,A,0.34784224062468916,0.22380039898198653,0.4283573603933243
103372516,4675,D,H,0.4113684799464931,0.32272039631986044,0.26591112373364645
103372517,4724,D,A,0.17356991667477176,0.31236944538895245,0.5140606379362759
103372518,4629,A,A,0.2694445539229802,0.248054240512335,0.48250120556468484
103372519,4629,D,H,0.7139644196888901,0.17858333181406008,0.10745224849704972
103372520,4629,H,A,0.25293283612149486,0.21746387975406758,0.5296032841244375
103372521,4634,D,H,0.3800723052019557,0.310944368878302,0.30898332591974226
103372522,4629,A,H,0.4265561883539491,0.22082551370928072,0.35261829793677013
103372523,4724,H,H,0.624156286610848,0.23273417208717426,0.14310954130197767
103372524,4629,A,A,0.2299512634994038,0.2721585162189604,0.4978902202816356
103372525,4634,D,A,0.2510089700221135,0.30491420215517634,0.4440768278227102
103372526,4724,H,A,0.33823654849861906,0.3117437132976391,0.35001973820374177
103372527,4675,H,H,0.6685468999992632,0.1536696594665994,0.17778344053413744
103372528,4634,D,H,0.5883961627875115,0.23585477401050886,0.1757490632019796
103372529,4724,A,A,0.3263529930062403,0.3321942023135951,0.34145280468016465
103372530,4629,A,A,0.3266362667061358,0.3265135112455222,0.34685022204834204
103372531,4634,H,H,0.7384511968319474,0.14446370864101613,0.11708509452703662
103372532,4675,D,H,0.7268188325361852,0.1927631624713226,0.08041800499249215
103372533,4675,D,H,0.5860611856801266,0.2756816627736455,0.13825715154622797
103372534,4675,H,H,0.4346815956727562,0.3222728879754443,0.24304551635179947
103372535,4675,D,H,0.5040786277765767,0.3092566736213011,0.1866646986021222
103372536,4724,A,D,0.37580934921166,0.3779716648426122,0.2462189859457278
103372537,4634,A,A,0.23493120820477853,0.3228097005280889,0.44225909126713264
103372538,4629,A,A,0.2738173856242497,0.30256028250771716,0.42362233186803316
103372539,4634,A,H,0.5648442049999982,0.27532702951783805,0.15982876548216376
103372540,4724,H,H,0.5129874903188968,0.2486250599028737,0.2383874497782295
103372541,4675,H,H,0.8037688626412846,0.12107369785169653,0.07515743950701893
103372542,4724,A,H,0.41845860591494355,0.2643430885493371,0.3171983055357195
104036583,4630,H,H,0.478667160793887,0.17843805078107433,0.3428947884250387
104988750,4630,H,H,0.6546753862110517,0.1915945153392397,0.1537300984497085
104988751,4630,H,H,0.8354151422927872,0.10370530597169378,0.060879551735519045
104988752,4630,A,A,0.16745004691023394,0.30619576487790806,0.526354188211858
104988753,4630,A,A,0.17940958723759093,0.1823658053246915,0.6382246074377176
104988754,4630,A,A,0.07365632099999227,0.12714709740414476,0.7991965815958629
104988755,4630,H,H,0.40198218349805814,0.23774279038278803,0.3602750261191538
104988756,4630,H,A,0.2824885100010386,0.21572478778129534,0.5017867022176661
104988757,4630,A,H,0.5356945724015637,0.2540179336648535,0.21028749393358276
104988758,4630,D,A,0.3376726076102478,0.3008588692636981,0.3614685231260541
105462393,4630,A,A,0.04959237420507362,0.16415956765949077,0.7862480581354356
105462394,4724,H,H,0.7576808907264194,0.13669927734596,0.10561983192762063
105462395,4634,D,A,0.3737710930272288,0.24434806653560714,0.3818808404371641
105462396,4724,H,H,0.4338950934016374,0.2103528760120691,0.3557520305862935
105462397,4629,A,A,0.32186097463667623,0.2939204855790507,0.38421853978427306
105462398,4634,H,A,0.33867100681255435,0.3063526031907102,0.3549763899967354
105462399,4724,A,H,0.45802754474022417,0.222246227222786,0.31972622803698986
105462400,4675,H,H,0.5265112716147723,0.2738833805529871,0.19960534783224057
105462401,4629,A,H,0.6356953489466475,0.22697180653798757,0.13733284451536495
105462402,4634,H,H,0.5767805003224119,0.2614511464086996,0.16176835326888847
105462403,4675,A,A,0.1205391384021031,0.18050885652471957,0.6989520050731772
105462404,4724,D,H,0.3907807152823724,0.3274067224416125,0.2818125622760151
105462405,4724,A,H,0.4118009734189052,0.2806584201898118,0.30754060639128294
105462406,4629,H,H,0.7094132359470466,0.15663352261249422,0.133953241440459
105462407,4629,D,H,0.4187626536836448,0.21591905496041183,0.3653182913559433
105462408,4629,A,H,0.5474508949712549,0.22521081321453434,0.22733829181421086
105462409,4634,H,H,0.45206699067178274,0.3337489521068893,0.2141840572213279
105462410,4629,H,A,0.3174535132492016,0.21569631464766542,0.466850172103133
105462411,4724,H,H,0.49163912629773165,0.2632097797565422,0.24515109394572623
105462415,4629,A,A,0.17802243573157697,0.20756359786574266,0.6144139664026804
105462416,4634,D,A,0.14015091396284848,0.2464510583032627,0.6133980277338889
105462417,4724,D,A,0.3468135267159633,0.2222468010823072,0.43093967220172946
105462418,4675,A,A,0.22232649075247038,0.2501836104323574,0.5274898988151723
105462419,4634,D,H,0.49694213215879507,0.2931383292590343,0.20991953858217072
105462420,4724,A,A,0.32524435206444224,0.25656766032244094,0.41818798761311676
105462421,4629,A,A,0.3051553631709331,0.19780462758617126,0.4970400092428957
105462422,4634,D,H,0.45923422834776667,0.33212425458864414,0.20864151706358922
105462423,4675,A,H,0.4283487145528712,0.3170475299797083,0.2546037554674204
105462424,4675,A,H,0.39681873821159275,0.2664288595404879,0.33675240224791947
105462425,4675,A,A,0.2144764381656839,0.2142730220373006,0.5712505397970155
105462426,4675,D,H,0.5406569901889757,0.2742103825823779,0.18513262722864646
105462427,4675,A,A,0.24871783850020132,0.2903339595908776,0.46094820190892105
105462428,4724,D,H,0.6067670116426699,0.278729390073247,0.11450359828408306
105462429,4634,H,A,0.32941936450207315,0.32061930831679936,0.3499613271811276
105462432,4629,D,A,0.31522160529281296,0.21946436275228168,0.4653140319549054
105462433,4634,H,H,0.47191884095116593,0.3638418019064875,0.16423935714234647
105462434,4724,A,A,0.23898119745049592,0.2780662941563482,0.48295250839315584
105462435,4675,D,A,0.11896324922995698,0.15482582210302304,0.72621092866702
105462438,4724,H,H,0.5288819157477848,0.21543801333739962,0.25568007091481565
105462439,4724,A,A,0.2013315197242688,0.25254641899106506,0.5461220612846661
105462443,4634,H,H,0.4853307653711555,0.2647052897171805,0.2499639449116639
106903882,4675,H,H,0.815436685351754,0.11814328131611516,0.0664200333321309
106903883,4675,H,H,0.39952747476217426,0.3634270616662055,0.2370454635716202
106903884,4630,D,H,0.4996767832955535,0.13091474321610774,0.3694084734883388
106903885,4675,A,H,0.39397845282260896,0.2625243403361481,0.3434972068412429
106903886,4630,D,H,0.5194752112483736,0.2910598134874963,0.18946497526413011
106903887,4630,H,H,0.6649252855677744,0.20083762501093386,0.13423708942129173
106903888,4630,A,H,0.44391125298735734,0.2550864312615169,0.30100231575112585
106903889,4630,H,H,0.8331456468519565,0.08599889385974227,0.0808554592883012
106903890,4630,H,H,0.4776065924749299,0.28137639253021907,0.24101701499485095
106903891,4630,D,H,0.4734545443956318,0.2482338152194165,0.27831164038495176
106903892,4630,D,H,0.7250633347488373,0.18724411125894783,0.0876925539922148
106903893,4675,H,H,0.5755217326187442,0.2687687245676887,0.1557095428135671
106903894,4675,D,H,0.5004314170486234,0.2699382304724584,0.2296303524789181
106903895,4675,H,H,0.807032927486609,0.1521009631209332,0.04086610939245764
106903896,4675,H,H,0.8033342133601032,0.12790437822415443,0.0687614084157422
106903897,4630,H,H,0.5381371830906594,0.24023090940196398,0.2216319075073766
106903898,4675,H,H,0.6647584405504615,0.2403409319244656,0.0949006275250728
107396010,4634,D,H,0.4269197247627291,0.3240019235482237,0.24907835168904713
107396011,4634,A,H,0.5010076672821551,0.2890937557994693,0.20989857691837568
107396012,4634,H,H,0.7302249366940768,0.18878906889027383,0.0809859944156494
107396013,4634,A,A,0.22057723068519902,0.2838595219091499,0.495563247405651
107396014,4629,H,H,0.42277694926495124,0.26516368671980944,0.31205936401523926
107396015,4629,H,H,0.3917553142938608,0.27902977770125387,0.32921490800488534
107396016,4634,H,H,0.4699815696479955,0.2629254286423988,0.26709300170960576
107396017,4629,D,H,0.5776562481633484,0.21995225117615383,0.20239150066049777
107396018,4634,H,H,0.5560053341103351,0.2577281501513141,0.18626651573835085
107396019,4675,A,A,0.2564487498590424,0.305875192068168,0.4376760580727895
107396020,4634,A,A,0.22980841891792111,0.2639548481483099,0.5062367329337689
107396021,4634,H,A,0.14118025958676286,0.25348403808794623,0.605335702325291
107396022,4634,H,H,0.4961272097010712,0.26584815588509647,0.23802463441383237
107396023,4634,H,H,0.7641673775465848,0.1549223410940206,0.08091028135939461
107396024,4630,H,H,0.4426625914991635,0.2454256871329642,0.31191172136787226
107396025,4724,A,A,0.25814454630311795,0.21506268262741804,0.5267927710694641
107456180,4629,A,A,0.26745783874702517,0.28230747009252016,0.4502346911604547
107701020,4724,A,H,0.34486721514333935,0.32094565460321695,0.3341871302534438
107701021,4724,D,H,0.3981524294246288,0.23625996904885682,0.3655876015265143
107701022,4724,H,H,0.5739947735907388,0.28612574904429117,0.13987947736497008
107701023,4724,A,H,0.3627895250413551,0.3195063119358093,0.31770416302283566
107701024,4724,D,H,0.612770868072338,0.1972457096803718,0.1899834222472901
107701025,4724,A,H,0.4420309105139517,0.31245547683260294,0.24551361265344532
107701026,4724,H,H,0.37041886677248465,0.3093885307720264,0.3201926024554889
107701027,4724,H,H,0.5391620144793655,0.29879594033440954,0.1620420451862249
107701029,4724,D,H,0.3867197296817266,0.22824706083742677,0.38503320948084657
107991856,4629,D,H,0.46336186513016364,0.20682066326722823,0.3298174716026082
107991857,4629,A,A,0.32149304760431474,0.32477770827419533,0.35372924412149
107991867,4630,H,H,0.5198645696267896,0.2125113938382463,0.2676240365349641
107991871,4629,H,H,0.6811395394420137,0.19366537523065677,0.12519508532732956
107991872,4629,H,A,0.283338264929171,0.23904482865997517,0.47761690641085386
107991873,4629,A,H,0.55461044742014,0.23812791281833928,0.2072616397615207
109292214,4675,H,H,0.6518013873627039,0.20175982014761204,0.14643879248968408
109292215,4675,A,A,0.10878377505958395,0.22599536645983237,0.6652208584805837
109292216,4630,D,A,0.21074559826363543,0.20729838875244083,0.5819560129839236
109292218,4675,A,A,0.22283601356605506,0.22959454149028524,0.5475694449436597
109292219,4630,H,A,0.3321929173350436,0.2230931481686655,0.4447139344962908
109292220,4630,D,H,0.44549792672747207,0.2618453567328343,0.2926567165396936
109292221,4630,H,A,0.29722917183542646,0.25039056085313927,0.45238026731143427
109292223,4675,A,A,0.2978582211584568,0.202398303146222,0.49974347569532124
109292224,4675,A,A,0.06400142532997798,0.11980462662565804,0.816193948044364
109292225,4675,D,H,0.4123879881905303,0.325633617961727,0.26197839384774274
109292226,4675,A,H,0.40407614379895745,0.3402478221050531,0.25567603409598944
109834363,4634,A,H,0.3909985347098758,0.3094028565762104,0.29959860871391375
109834364,4629,A,A,0.2583960634358223,0.22564504464878946,0.5159588919153882
109834365,4634,H,A,0.34245631708613306,0.29581974879405726,0.3617239341198096
109834366,4634,A,H,0.4726305715068438,0.32693522567505356,0.20043420281810256
109834367,4629,H,A,0.3893575503169714,0.21784307796635885,0.3927993717166697
109834368,4634,H,H,0.4085333553504262,0.2575067851356922,0.33395985951388163
109834369,4629,H,H,0.5873038284717256,0.22495894708362726,0.18773722444464716
109834370,4629,H,A,0.3426225967281628,0.2769490929313257,0.38042831034051144
109834371,4629,D,H,0.6532657039268998,0.23186265676447612,0.11487163930862407
109834372,4634,A,H,0.5166150191318978,0.2891962335971463,0.194188747270956
109834373,4629,D,H,0.558698815555691,0.16415766828909556,0.2771435161552134
109834374,4634,H,H,0.4870105770928598,0.3002894266780055,0.21269999622913469
109834375,4634,H,A,0.25847298940334584,0.2994857369367891,0.44204127365986506
109834376,4724,A,A,0.2723977940592757,0.31347657813701774,0.4141256278037065
109834377,4629,A,H,0.41485450978829946,0.2120079971229958,0.3731374930887048
109834378,4634,A,A,0.15024102689254565,0.2383610546241162,0.6113979184833382
109834379,4675,H,H,0.5297020974779312,0.294569569737027,0.17572833278504185
109834380,4675,H,H,0.40090210203530713,0.3102818621480383,0.28881603581665455
109834381,4634,H,H,0.4643899248452523,0.33893876063424455,0.19667131452050307
109834382,4629,A,H,0.43924633093678506,0.2773728589939569,0.283380810069258
109834383,4634,H,H,0.5469651843858828,0.3128457672968514,0.14018904831726575
110164295,4724,D,H,0.5052496715021599,0.23004147737060238,0.26470885112723774
110164296,4724,H,H,0.5513764418397717,0.25755815457446735,0.19106540358576093
110164297,4724,A,H,0.5047082615312212,0.23234488413273757,0.26294685433604137
110164298,4724,A,A,0.23975985734266878,0.2860414924053669,0.4741986502519642
110164299,4629,A,A,0.3615925984175842,0.19361193947629612,0.4447954621061196
110164300,4724,A,H,0.35776818356912415,0.30294172892882276,0.3392900875020531
110164301,4724,A,H,0.4301691511948447,0.23056197730444064,0.33926887150071466
110164302,4724,H,H,0.3784743061483039,0.3585881741722543,0.26293751967944173
110164303,4724,A,A,0.23338572406558197,0.23598313885024363,0.5306311370841744
110164304,4724,D,H,0.5488799266325199,0.22239985935065815,0.2287202140168219
110919358,4630,H,H,0.7886863435594118,0.1252975066517195,0.08601614978886872
110919359,4630,H,A,0.29521741969871573,0.27247305616090184,0.43230952414038254
110919361,4630,H,H,0.6818707029082639,0.21015359377044712,0.10797570332128893
110919363,4630,A,A,0.308096315114591,0.2856401047218282,0.40626358016358083
111217220,4630,A,A,0.17723968647859425,0.15609220708619034,0.6666681064352155
111217228,4630,H,A,0.13131031364003484,0.16469680558374986,0.7039928807762152
113581745,4629,H,H,0.48886613271357526,0.20519304726975363,0.30594082001667106
113581746,4634,H,H,0.4278633799749521,0.33882792830107245,0.2333086917239755
113891820,4630,D,A,0.3467430440089413,0.2726117742668782,0.3806451817241805
113891821,4724,A,A,0.30104694393695663,0.2595949476719565,0.43935810839108685
113891822,4675,A,H,0.6067181879801915,0.19489302842992884,0.19838878358987974
113891823,4630,H,H,0.6388575192769691,0.1825451255944501,0.17859735512858083
113891824,4629,A,A,0.14750843235249453,0.2349722236590082,0.6175193439884973
113891825,4630,H,H,0.72951384759027,0.15815730202431783,0.11232885038541217
113891826,4630,D,A,0.17461201072314123,0.28988470260700566,0.5355032866698531
113891827,4630,D,H,0.3718561701346913,0.2651843078291425,0.3629595220361662
113891828,4630,H,H,0.48881228219385325,0.23647538146409752,0.2747123363420493
113891829,4675,A,H,0.45386615412505044,0.272775384659544,0.27335846121540547
113891830,4675,D,H,0.44027691043842276,0.3772881196333537,0.1824349699282235
113891831,4675,H,H,0.8810697604482326,0.07827230169769313,0.04065793785407428
113891832,4675,D,H,0.7816008042722074,0.13964218372313178,0.07875701200466091
113891834,4724,D,H,0.5287500895235804,0.23778063177496636,0.2334692787014533
113891835,4630,H,H,0.5303462893890208,0.23723258071146694,0.23242112989951225
113891836,4724,H,H,0.46736600530452793,0.2719494720070565,0.2606845226884155
113891837,4634,D,H,0.4489323273678023,0.3051504853367234,0.24591718729547418
113891838,4724,H,A,0.25057221115232703,0.2280570102339014,0.5213707786137716
113891839,4629,D,H,0.4146752861282206,0.25876098321345786,0.32656373065832167
113891841,4634,H,H,0.7125767184785741,0.18520246125682524,0.10222082026460072
113891847,4634,A,H,0.4150688082756755,0.3077004138707756,0.277230777853549
113891848,4630,D,H,0.6234116039252363,0.22770567890926327,0.1488827171655005
113891849,4675,A,H,0.5151183393096942,0.19947360821029683,0.28540805248000906
113891851,4634,A,H,0.4237327878283885,0.30123057155071237,0.2750366406208992
113891852,4724,A,H,0.47936097977848097,0.1822527678111614,0.3383862524103575
114502448,4634,H,H,0.6789297510117427,0.19093052295826343,0.1301397260299939
114502449,4675,D,H,0.746003483039117,0.19087919885265758,0.06311731810822542
114502450,4630,D,H,0.4631617346825354,0.17932683520376996,0.3575114301136945
114502451,4629,H,A,0.28453428200150627,0.2628817740040406,0.45258394399445306
114502452,4634,H,H,0.46385895326747173,0.27823295611803767,0.2579080906144907
114502453,4675,D,H,0.6557964229562893,0.20582445801632646,0.13837911902738423
114502454,4629,A,H,0.432059575922326,0.27500361671883083,0.29293680735884303
114502455,4629,A,A,0.32777496551369684,0.28858129136254146,0.38364374312376165
114502456,4630,H,H,0.7574613240804268,0.1251573922307685,0.11738128368880468
114502457,4629,A,A,0.14388052275523136,0.2097165364892148,0.6464029407555538
114502459,4629,A,H,0.6193057699519324,0.2265296350044557,0.15416459504361182
114502460,4675,D,H,0.6171846696806427,0.2758788685376133,0.10693646178174414
114502461,4629,A,A,0.2961836858067588,0.19982727536967906,0.5039890388235622
114502464,4634,A,H,0.41488890498515424,0.26357251473318233,0.3215385802816633
114502478,4634,D,H,0.4328839808557944,0.339834455857564,0.22728156328664167
115046296,4634,A,A,0.3138095022562116,0.27616330552257123,0.4100271922212172
115046297,4724,H,H,0.7642257226253527,0.16387931360618208,0.07189496376846514
115046306,4724,D,H,0.36146978906762306,0.2938160156122078,0.34471419532016917
115046308,4724,H,H,0.7652213574453687,0.1592129896059242,0.07556565294870703
115046356,4724,D,H,0.4395362739142161,0.31356485064944595,0.24689887543633782
115046359,4724,D,A,0.33487577850126227,0.2702383198978564,0.3948859016008813
115356386,4630,D,A,0.18990957096682803,0.2391438878144913,0.5709465412186807
115356387,4630,D,H,0.4700855779160679,0.2590532970016764,0.27086112508225557
115356388,4630,H,A,0.33878528235921784,0.28051679850485783,0.38069791913592427
115356436,4630,D,A,0.3037634259543297,0.2695197687750087,0.4267168052706615
115356437,4630,H,H,0.4536270208100564,0.2694166853349107,0.276956293855033
115638602,4630,D,A,0.25077657370122,0.25276545230966213,0.49645797398911784
115638624,4630,H,H,0.7560689837245274,0.10982349365220632,0.13410752262326633
115638636,4630,H,H,0.8674192926437742,0.08646569842649408,0.04611500892973182
115881744,4630,H,H,0.4866897610103692,0.24670404146598512,0.2666061975236457
115881745,4630,H,H,0.9459552926246121,0.04322419020816767,0.010820517167220305
116077385,4629,H,H,0.5175283147509546,0.19602460936047825,0.2864470758885671
116077388,4675,D,H,0.48252396415968785,0.31562414230935953,0.20185189353095262
116370399,4629,D,H,0.5468898993234641,0.23207344395689297,0.22103665671964298
116370400,4675,H,H,0.39105460183473834,0.32814991167344865,0.280795486491813
116370401,4675,H,H,0.6889051114867181,0.2199697309987372,0.09112515751454475
116370402,4675,A,A,0.21246263678407074,0.279551981992014,0.5079853812239153
116370406,4675,A,H,0.41946159763117385,0.23983318618312893,0.3407052161856973
116370407,4675,A,A,0.09762022649019092,0.15122349152996709,0.751156281979842
116370409,4675,H,A,0.1003838542676106,0.14041124062565377,0.7592049051067357
116370411,4629,D,H,0.7150119768818516,0.18426580478062426,0.10072221833752407
116370413,4724,H,H,0.43878850427525695,0.2636845035926593,0.2975269921320837
116920493,4629,A,H,0.40646680668932716,0.300959328220607,0.2925738650900658
116920494,4629,H,H,0.48719662767716077,0.2477059583467402,0.26509741397609904
116920495,4675,H,H,0.3437157055375344,0.3225838105503721,0.33370048391209345
116920496,4629,H,H,0.5682599445138898,0.2648118170879286,0.16692823839818163
116920497,4629,D,A,0.4000430706054087,0.19644939327451674,0.4035075361200745
116920498,4629,D,H,0.4777345220277153,0.24133672133112893,0.28092875664115574
116920509,4675,A,H,0.543832791383392,0.28683422110581336,0.16933298751079462
116920512,4629,H,H,0.7727814584598298,0.1460113666803572,0.08120717485981312
117383945,4724,A,A,0.12582389139315084,0.16881778158455715,0.705358327022292
117383946,4724,H,H,0.45724381489199795,0.24830880167597263,0.2944473834320295
117383947,4630,D,A,0.1263927636086927,0.2529161143166801,0.6206911220746272
117383948,4724,A,H,0.4165989446398952,0.27076721853155444,0.3126338368285503
117383949,4724,H,A,0.27824844522107195,0.21347208734469902,0.508279467434229
117383950,4630,D,A,0.1436597039786622,0.1348063447170097,0.7215339513043282
117383951,4724,A,A,0.2288250115273391,0.24996651854219662,0.5212084699304643
117383952,4724,D,A,0.22775920813552142,0.26745518489095826,0.5047856069735203
117383953,4724,H,A,0.32831676124860515,0.2636314287584125,0.40805180999298224
117383954,4724,H,H,0.6182592272520872,0.2340688471080718,0.14767192563984113
117383955,4724,D,D,0.3212049059126607,0.3804319468674848,0.29836314721985446
117383961,4630,H,H,0.6257125394620905,0.2189919838507664,0.15529547668714305
117383998,4630,A,H,0.4989816640508606,0.1757528620187955,0.32526547393034405
117384002,4630,A,H,0.5374947300110928,0.23239051570531433,0.23011475428359282
117384003,4630,H,A,0.27211497421708564,0.2643316746533862,0.46355335112952806
117384004,4630,H,H,0.5552651285228556,0.271364425042608,0.17337044643453645
117384007,4630,A,A,0.19436589871032256,0.22177072291397862,0.5838633783756988
117384008,4630,D,H,0.6411123865934479,0.19211506241011747,0.16677255099643457
117384009,4630,A,A,0.1135533626721957,0.17404297816621447,0.7124036591615898
118459767,4634,H,H,0.4976470202350741,0.3063843410151008,0.19596863874982512
118781391,4634,A,A,0.16885933598750943,0.29834670752319903,0.5327939564892916
118781392,4634,A,A,0.14702902023703607,0.2724653116631468,0.5805056680998171
118781393,4634,D,H,0.424125567348124,0.30499810822763457,0.2708763244242414
118781394,4634,H,H,0.44081260837719094,0.3311712851825442,0.22801610644026496
119319770,4634,D,H,0.6070334038676765,0.2768814667218653,0.11608512941045815
119319771,4634,H,H,0.3774343147499518,0.31708089412352086,0.30548479112652743
119319772,4634,A,H,0.4694341949138149,0.2725670946852379,0.2579987104009472
119319774,4634,D,H,0.5063845346187709,0.3116499037690637,0.18196556161216548
119746182,4724,D,H,0.6412916737573524,0.20727318297486133,0.15143514326778615
119746186,4724,D,H,0.7766322967619645,0.15935659336661756,0.06401110987141785
119746187,4629,H,A,0.28686946409569164,0.20458173490255438,0.5085488010017539
119746189,4675,H,H,0.8589300347621938,0.09369544119627407,0.047374524041532085
119746190,4675,A,A,0.3375356645022289,0.26770038948641195,0.39476394601135906
119746191,4724,D,A,0.21488368788486867,0.27171257159961093,0.5134037405155203
119746192,4629,D,A,0.29336743863349735,0.28378596078362145,0.42284660058288115
119746193,4724,D,H,0.6806288025312743,0.2041998837354386,0.1151713137332871
119746205,4629,A,H,0.42331684646901097,0.2944333602773985,0.2822497932535906
119746207,4724,D,H,0.6667320073552679,0.19634316200921242,0.13692483063551966
119746208,4675,H,H,0.6746203125535559,0.18374096992741715,0.14163871751902693
119746209,4724,D,A,0.38282798427097336,0.2003373547404355,0.4168346609885911
119746210,4629,H,H,0.4031833052516698,0.26623534417966715,0.330581350568663
119746211,4675,D,H,0.5340019683861887,0.2927874313444652,0.173210600269346
119746212,4675,A,A,0.26155005352497485,0.22531877357418162,0.5131311729008435
119746213,4675,H,H,0.622374581248318,0.18851521545754882,0.18911020329413317
119746214,4675,H,H,0.7630502056462265,0.1506459376550449,0.08630385669872861
119746215,4675,H,H,0.8300132452102582,0.11994260471887735,0.05004415007086439
119746216,4724,H,H,0.5255812142726671,0.2602472627858028,0.21417152294153005
119746222,4629,H,A,0.17170994821816105,0.257290937270109,0.5709991145117299
119746223,4724,H,H,0.584607354521617,0.2829766909706343,0.13241595450774862
119746224,4675,H,H,0.6393953408994688,0.22024563477133333,0.14035902432919783
119746228,4634,A,A,0.344248831126881,0.3060148456687447,0.34973632320437437
119746229,4724,D,H,0.5179384282275376,0.23558466253419375,0.2464769092382687
120119553,4629,A,H,0.4487544370517484,0.2642027564174096,0.2870428065308419
120971825,4634,D,H,0.5985708254572699,0.2575932337347388,0.1438359408079912
120971827,4630,H,H,0.4862159322821535,0.2517668947904261,0.26201717292742044
120971828,4630,A,H,0.7789973940584938,0.10028203728221141,0.12072056865929473
120971829,4630,A,A,0.27701014331491775,0.25697549020925214,0.46601436647583017
120971830,4630,A,H,0.8773190699213469,0.07443882388600766,0.048242106192645344
120971831,4630,D,H,0.5233944760862216,0.23144767432423527,0.24515784958954315
120971832,4630,D,H,0.4336434561629001,0.2439733148180569,0.3223832290190429
120971833,4630,H,H,0.8852494242363972,0.07976540317992538,0.03498517258367736
120971834,4630,D,A,0.22221670933616378,0.2169956475350481,0.560787643128788
120971835,4630,H,H,0.6740093161736529,0.21015698358336687,0.1158337002429803
120971836,4630,H,A,0.34078091367651414,0.24220189695778624,0.41701718936569965
121312075,4634,H,H,0.5740048008048815,0.2808816960249897,0.1451135031701289
121312076,4634,A,H,0.41436462844940586,0.2828113523381421,0.3028240192124521
121312078,4634,H,H,0.45589069844035696,0.28168232717844366,0.2624269743811994
121312079,4634,H,H,0.497069801416496,0.263181466603934,0.23974873197957006
121409099,4630,A,A,0.3294823572425238,0.29808362163693825,0.372434021120538
121409100,4630,A,A,0.11891442974321234,0.15770897638360148,0.7233765938731862
121409101,4630,A,D,0.24017615084417776,0.38089363179938585,0.3789302173564364
121959719,4634,H,H,0.5681685943557759,0.2579456372541045,0.17388576839011952
121959721,4634,A,D,0.3633844287785919,0.3718566557186136,0.26475891550279457
121959722,4634,D,A,0.320856407902547,0.25616773961027345,0.42297585248717967
121959723,4634,H,A,0.2939875538833238,0.2759081266217364,0.4301043194949398
121959725,4675,D,A,0.25385013280482294,0.21369004771624187,0.5324598194789353
121959726,4630,A,A,0.17082051378415297,0.1388734552661244,0.6903060309497225
121959728,4630,H,H,0.45015556203487317,0.29289603475246345,0.2569484032126633
121959729,4630,H,H,0.4944983694259749,0.24230516798900348,0.26319646258502144
121959730,4630,H,H,0.4331900666201466,0.31392950911640183,0.25288042426345153
122547982,4634,H,H,0.46690825493001986,0.29532221051191804,0.23776953455806207
122547983,4629,H,H,0.5129415618019397,0.28517081141684597,0.2018876267812143
122547984,4724,A,A,0.2667584021412767,0.22964852051690954,0.5035930773418137
122547985,4675,D,H,0.4060974275278986,0.3143201053332422,0.27958246713885926
122547986,4629,D,A,0.3506674405409975,0.2164138222312437,0.43291873722775864
122547987,4724,A,A,0.11851384850052418,0.23555162045277667,0.6459345310466991
122547988,4629,A,H,0.4204963381786534,0.22010650889350444,0.359397152927842
122547989,4675,H,A,0.15900888607436867,0.2636167479624811,0.5773743659631504
122547990,4724,D,H,0.5435693447636867,0.23937379728991176,0.2170568579464015
122547991,4629,A,H,0.4961900379718004,0.2688053254016133,0.23500463662658622
122547992,4629,A,H,0.4545809095597991,0.24480407072380347,0.3006150197163975
122547993,4629,H,H,0.6026263534774743,0.21801414156729418,0.17935950495523156
122547994,4724,A,A,0.31345424851510584,0.3035969468800758,0.38294880460481834
122547995,4629,H,H,0.705479181042759,0.19051187065319114,0.10400894830404986
122547996,4724,H,H,0.43409017347361245,0.2833856126770035,0.2825242138493841
122547997,4675,A,A,0.13235029093653483,0.16636484679202165,0.7012848622714435
122547998,4724,H,A,0.1721982822392017,0.21383841397296907,0.6139633037878293
122547999,4629,A,A,0.3006052750465443,0.2857581841062913,0.4136365408471645
122548000,4675,A,A,0.11804445460206428,0.23849406241699012,0.6434614829809455
122548001,4675,H,H,0.4183511094498902,0.323115679000977,0.2585332115491328
122548002,4675,A,H,0.5490550157770161,0.28364254130642685,0.16730244291655708
122548003,4675,H,H,0.492674669930032,0.30255260802204137,0.20477272204792657
122548004,4629,H,H,0.6506790073972709,0.20480725789681473,0.14451373470591428
122548005,4724,D,A,0.2706727214125675,0.2955305101099234,0.4337967684775091
122548006,4675,H,H,0.4383283020373211,0.33280184222879944,0.22886985573387944
122548007,4724,A,H,0.36437521026335384,0.2747088512166428,0.3609159385200033
122548008,4724,A,A,0.2665047593297445,0.21189821287553562,0.52159702779472
122548009,4724,A,A,0.24798381858074803,0.2831951907860872,0.4688209906331647
125353401,4629,H,H,0.4471766508477217,0.2188811148998856,0.3339422342523927
125353402,4634,D,H,0.45674463302972734,0.3327274171412955,0.2105279498289772
125353403,4675,A,H,0.41546572790594377,0.3106385841470235,0.2738956879470328
125353404,4629,H,A,0.24090047960773636,0.23232466457966497,0.5267748558125986
125353405,4634,H,H,0.5051519318944352,0.2816229674963895,0.21322510060917538
125353406,4675,D,H,0.7135948753102274,0.17572318542307,0.1106819392667026
125353407,4629,A,A,0.33286070284404634,0.17683326269436847,0.49030603446158516
125353409,4634,H,H,0.42592531518233295,0.2793593195757862,0.29471536524188097
125353410,4675,D,H,0.5997076859529354,0.20939678871577708,0.19089552533128745
125353411,4629,H,A,0.3048597864018816,0.2538173566703512,0.44132285692776707
125353412,4629,A,A,0.253187161131,0.29379591146057205,0.4530169274084281
125353413,4629,A,A,0.34156086003429614,0.22745312537087886,0.4309860145948251
125353416,4634,D,H,0.4265272028361451,0.2905429778680995,0.2829298192957554
125353417,4629,A,A,0.18224039912453474,0.20651580059515434,0.611243800280311
125353425,4629,D,H,0.6845448409520878,0.1692117267755855,0.14624343227232672
125353426,4634,A,A,0.27103466951709587,0.23077856637853003,0.49818676410437424
125353427,4675,D,H,0.652799638997972,0.16808836901326393,0.17911199198876412
125353428,4634,H,H,0.5255531178892356,0.24811842637685413,0.22632845573391022
125353429,4634,H,H,0.4257377186470099,0.29791465919693455,0.27634762215605563
125353430,4675,A,H,0.63249150246405,0.19848111149959835,0.1690273860363517
125353431,4675,A,H,0.4598163920421996,0.30219922907183044,0.23798437888596988
125353432,4675,H,H,0.6486837472548754,0.18123584023736766,0.17008041250775702
125353433,4675,H,H,0.7741390247921514,0.1234996519178707,0.1023613232899779
125353434,4634,H,H,0.6377617847078505,0.21950537882345364,0.14273283646869592
125353437,4629,D,H,0.5601791385679193,0.23470898936624,0.2051118720658406
125353438,4634,A,D,0.3310541450493025,0.3562782307245495,0.3126676242261481
125353439,4675,H,H,0.633632516638743,0.18595067510671554,0.18041680825454146
125353442,4629,D,H,0.4573912373609558,0.22576963594447033,0.3168391266945737
125353445,4629,H,H,0.4566398400669469,0.19760289618430463,0.34575726374874843
125353446,4629,A,A,0.12244691105827342,0.15756992309685783,0.7199831658448687
125353449,4634,A,H,0.35897885818632763,0.31792057927686657,0.3231005625368059
126918030,4630,D,A,0.08099723519653047,0.12466744987423882,0.7943353149292308
126918577,4630,D,H,0.5742472249153875,0.20861529978297944,0.21713747530163313
126918579,4630,H,H,0.7206829689241065,0.20275440761452687,0.07656262346136665
126918589,4630,H,H,0.5967513967262432,0.24821751923925164,0.15503108403450516
126919011,4630,D,H,0.5054145403618504,0.21872463216769011,0.2758608274704595
126919603,4630,H,H,0.494576955838096,0.2892319550155071,0.21619108914639695
126919771,4630,D,H,0.4433220118525717,0.22486853999476505,0.3318094481526633
126982275,4630,A,A,0.09056054099182229,0.15111161809779913,0.7583278409103786
126982279,4630,A,A,0.17740337074011756,0.20279331923744756,0.6198033100224349
126982285,4630,H,H,0.504874364462231,0.1744399037296474,0.3206857318081216
127483019,4724,H,H,0.567859199917408,0.2860953154479363,0.14604548463465572
127483023,4724,H,H,0.6834199528991228,0.19022860284262455,0.12635144425825268
127483024,4724,D,H,0.4895493700073744,0.2789971171595165,0.2314535128331091
127483196,4724,D,A,0.3655778801449884,0.2155069011179701,0.4189152187370417
127483197,4724,H,H,0.4872499818505419,0.2683152298181887,0.2444347883312693
127591072,4724,D,H,0.6594467550703969,0.20057710623077024,0.13997613869883294
127591808,4724,H,H,0.6389299096852824,0.22313123197736764,0.13793885833734995
127591809,4724,D,H,0.6291713383968732,0.18704521416158912,0.1837834474415377
127591901,4724,H,H,0.615316942640084,0.236816462697134,0.14786659466278212
127663287,4724,H,H,0.4380886670077129,0.2838272994398854,0.2780840335524018
128293508,4634,H,H,0.5264156512510291,0.3076215686697717,0.16596278007919915
128293509,4634,A,H,0.5139450379934086,0.33752252872665783,0.14853243327993354
128293510,4675,D,A,0.3143790224249567,0.3375924528875019,0.34802852468754136
128293511,4634,A,H,0.4258608668885787,0.31655817146411697,0.2575809616473042
128293512,4675,A,A,0.159275302663361,0.2117535567408231,0.6289711405958159
128293513,4634,H,H,0.42728713476087965,0.33090326890777655,0.24180959633134383
128293514,4675,A,H,0.3919912719512885,0.3303275344881799,0.2776811935605315
128293515,4634,A,A,0.31840102431098655,0.3115025898151011,0.37009638587391236
128293516,4634,A,A,0.3119574782703141,0.2796549958117741,0.40838752591791183
128293517,4675,D,H,0.47967908299405093,0.3075550885187202,0.21276582848722891
128293518,4634,H,A,0.31447659634594255,0.29608351863619387,0.3894398850178635
128293519,4634,H,H,0.7904926127575324,0.15917611628594097,0.050331270956526675
128293520,4675,H,A,0.3056521741069258,0.19391401414864556,0.5004338117444286
128293521,4675,D,H,0.4607398077220241,0.31214079129488315,0.2271194009830927
128293522,4675,H,H,0.5865386661243456,0.303099731754378,0.11036160212127638
128293523,4675,H,H,0.6098869177510688,0.22271053907266652,0.16740254317626468
128293524,4634,H,H,0.6876430062748451,0.16872196887045776,0.1436350248546972
128293525,4634,A,H,0.3707638549301959,0.26537635827888395,0.3638597867909202
128293526,4675,D,A,0.10980103198256189,0.23487283493480932,0.6553261330826288
128991725,4724,D,H,0.3762377936643281,0.2897959388411944,0.3339662674944775
128991727,4724,H,A,0.0766034932391594,0.1833714138925347,0.740025092868306
129366678,4724,D,H,0.6029552390504327,0.247113143748495,0.14993161720107231
129366679,4724,D,D,0.30566045428805694,0.38339382220749063,0.3109457235044525
129366680,4724,D,D,0.26291843250766483,0.3974642506726497,0.3396173168196856
129366683,4724,H,A,0.25501396012435446,0.23246385447340392,0.5125221854022416
129366684,4724,A,A,0.1471563948842045,0.26573346787559254,0.5871101372402028
129366685,4724,D,A,0.2792612220158869,0.22280851748562408,0.4979302604984891
129529400,4724,A,A,0.31191922166527614,0.250572827682067,0.43750795065265674
129540182,4629,A,H,0.4432021594852914,0.2830346139686377,0.27376322654607094
129540348,4630,D,A,0.29017895872923827,0.32629858304326653,0.3835224582274953
129540352,4629,H,H,0.6686591548801818,0.2013388141431023,0.13000203097671603
129583808,4629,A,H,0.5834042240256008,0.2316437696535765,0.18495200632082273
129583809,4630,H,H,0.40605278436360065,0.2898302216647144,0.3041169939716849
129583810,4724,D,A,0.18386426222397723,0.19846430091164421,0.6176714368643786
129583816,4630,H,H,0.7759694866585283,0.09764558441840959,0.12638492892306205
129583818,4630,H,H,0.7464022083388867,0.13117777482736956,0.12242001683374364
129583819,4630,H,H,0.46289866987133144,0.18346799045898388,0.35363333966968474
129583820,4629,D,H,0.5470643480207793,0.24510507693999106,0.20783057503922964
129583821,4629,A,A,0.2206896929775541,0.2125076940224312,0.5668026130000147
129583823,4630,H,H,0.8285716339493572,0.10072575329206696,0.07070261275857585
129583824,4629,H,H,0.7419807668024107,0.15821787214347716,0.0998013610541122
129583826,4630,A,A,0.2206026152606514,0.3283456632536187,0.45105172148572986
129583827,4630,A,A,0.2716789715881181,0.22736524516187773,0.5009557832500041
129583828,4630,D,H,0.4474885028912847,0.20447224485604973,0.3480392522526655
129583829,4629,H,H,0.3682053523845814,0.3012803377631519,0.3305143098522668
129583830,4630,H,H,0.7135762037185552,0.1490749990685082,0.13734879721293658
130052640,4724,D,A,0.37164984058266665,0.24535257640345937,0.38299758301387393
131508731,4630,D,A,0.13420387713636986,0.1384771820562094,0.7273189408074207
131508732,4629,A,A,0.30046471244095607,0.24460169852732497,0.45493358903171877
131508733,4629,A,A,0.2546851661167913,0.23070762598785347,0.5146072078953552
131508734,4629,A,A,0.2833132052805555,0.2550103800799816,0.4616764146394629
131508735,4629,D,A,0.3353847505285803,0.23228288432918423,0.4323323651422355
131508736,4629,H,H,0.5247425283914924,0.2761921488950866,0.19906532271342106
131508737,4629,A,H,0.6189284605797174,0.22114144005794656,0.15993009936233613
131508738,4634,H,H,0.5647193165941498,0.316907551845146,0.11837313156070418
131508739,4675,A,A,0.16524114805469894,0.16660161879319088,0.6681572331521101
131508740,4675,H,H,0.7916978336794146,0.13868509214391542,0.06961707417667001
131508741,4630,A,A,0.1387823064408546,0.1657652233561908,0.6954524702029546
131508742,4675,A,H,0.44244153408104847,0.32665529895094264,0.2309031669680089
131508747,4675,H,H,0.39499218040687256,0.22177989386283617,0.3832279257302912
131508748,4630,A,A,0.2763246461737255,0.24998474531911752,0.473690608507157
131508749,4630,A,A,0.2554416660985351,0.35399815820546526,0.3905601756959996
131508750,4630,H,H,0.48562571314015784,0.31640822537815483,0.19796606148168738
131508751,4630,H,H,0.5769533691000934,0.234582013959751,0.1884646169401556
131508752,4630,D,H,0.5509112893815185,0.19042970080652075,0.2586590098119609
131508753,4630,H,H,0.7260478689060904,0.1937261105490251,0.08022602054488447
131508754,4630,A,H,0.5583929218537175,0.2495822419135356,0.19202483623274702
131508755,4675,H,H,0.5468993928415447,0.25204799740272316,0.20105260975573216
131508756,4675,D,H,0.44760313034839033,0.19934175206455962,0.35305511758704994
131508757,4675,D,H,0.4610939027725475,0.30251412135524386,0.23639197587220848
131508758,4675,D,H,0.8219314754481644,0.11745003781040984,0.06061848674142585
131508759,4630,A,A,0.16766742338387403,0.15188396948084892,0.6804486071352771
131508760,4629,D,H,0.4979667727820019,0.2265616991390711,0.275471528078927
131508761,4629,H,H,0.60939873954952,0.20755804794504182,0.1830432125054382
131508762,4675,A,A,0.26714473031097297,0.2053050568276012,0.5275502128614259
131508763,4634,H,H,0.6292528211149797,0.24419789198576158,0.12654928689925865
131508764,4629,H,H,0.6389040251229156,0.22257254480455418,0.13852343007253026
131577481,4634,D,H,0.41635273311518284,0.29860387873753963,0.2850433881472774
131577521,4634,H,H,0.4993183341992027,0.251533806754987,0.24914785904581044
131577522,4634,H,H,0.34887897240703464,0.3222669010029605,0.3288541265900048
131577523,4634,D,H,0.5335147563488915,0.26017102463247044,0.20631421901863817
131577524,4634,A,A,0.12067869708512144,0.18827395545632553,0.691047347458553
131577525,4634,H,H,0.4721758369872878,0.29309791834767196,0.2347262446650402
131577526,4634,H,H,0.5528396442466412,0.2226571215861111,0.2245032341672477
131577527,4634,D,H,0.3822726017444495,0.2900739822761509,0.3276534159793996
131856554,4724,H,H,0.6379122675665094,0.22082366328857087,0.14126406914491976
131856555,4724,D,H,0.7361373622687796,0.18959964168010374,0.07426299605111672
131856556,4724,A,A,0.3517678325474634,0.2718678006355709,0.37636436681696567
131856557,4724,H,H,0.6297291491342258,0.24127056636309585,0.12900028450267825
131856558,4724,A,H,0.4888709160784317,0.20452737554170058,0.3066017083798678
131856559,4724,A,A,0.14743253987986807,0.1790275446442665,0.6735399154758654
131856560,4724,H,H,0.506602480373202,0.2751634900202223,0.21823402960657567
131924021,4724,H,H,0.6330678707968118,0.18308649031070087,0.1838456388924872
132162271,4724,A,H,0.5577040472955193,0.24344561613153112,0.1988503365729497
132162272,4724,H,H,0.40771683529084307,0.2738180459682374,0.31846511874091943
134704448,4634,H,H,0.6316496626713933,0.19677631331024098,0.1715740240183656
134704449,4634,A,A,0.14964678490526856,0.297635685252354,0.5527175298423774
134704450,4634,D,A,0.3397115633605123,0.3073922148193037,0.35289622182018404
134704453,4634,A,A,0.31225706427643385,0.23200246197852298,0.4557404737450432
134704454,4634,H,H,0.3701965474352955,0.27576449165683914,0.35403896090786535
134704455,4629,H,A,0.3241012995917906,0.21184488617635355,0.46405381423185593
134704456,4629,A,A,0.38521066715382934,0.19828621666877333,0.4165031161773973
134704457,4630,H,A,0.30224837133023047,0.2611400501550723,0.4366115785146971
134704458,4630,A,A,0.3527502260536558,0.23966058097802984,0.4075891929683144
134704459,4634,H,H,0.5864145838954401,0.2839353175407011,0.1296500985638587
134704460,4634,A,H,0.526531565441457,0.2650032491767123,0.20846518538183081
134704461,4634,A,H,0.5212729063130647,0.292296484767956,0.1864306089189794
134704462,4634,H,H,0.765822109281179,0.18137973897753137,0.05279815174128972
134704463,4630,A,A,0.11382777045726593,0.17402920456604373,0.7121430249766904
134704464,4634,D,H,0.35262251237166065,0.3426850402639777,0.3046924473643617
136824980,4724,D,A,0.3979422853870824,0.2032052766856588,0.3988524379272588
136868005,4675,D,A,0.25198983229095245,0.246339610341141,0.5016705573679066
136868007,4675,A,H,0.38650780932474277,0.33912857278820047,0.27436361788705665
136868010,4675,H,A,0.1363410274522075,0.18137113826930212,0.6822878342784905
136868012,4675,H,H,0.4692294448651073,0.3088494537190174,0.22192110141587532
136868014,4675,H,H,0.7212152115127208,0.18421949794288336,0.09456529054439591
136868016,4675,H,H,0.4346570182993786,0.34368330361015204,0.22165967809046952
136868081,4675,H,H,0.7589545019899955,0.18877216144223574,0.05227333656776872
136868083,4675,H,H,0.37672860474974024,0.3449439269527224,0.2783274682975374
136868084,4675,H,H,0.8908511289465018,0.06380170550972951,0.04534716554376862
136868842,4724,A,A,0.3784685607988946,0.24187344806085467,0.3796579911402507
136869072,4724,H,A,0.2386044393905141,0.2022880524206264,0.5591075081888595
136924774,4724,H,H,0.5142325314788294,0.2676243996548791,0.21814306886629148
136924775,4724,D,H,0.6431072911913958,0.2069735263171232,0.149919182491481
137015131,4724,D,H,0.5322320569833635,0.27037320014951094,0.19739474286712563
137015132,4724,A,H,0.3643975506245473,0.35067341725224394,0.2849290321232087
137015133,4724,A,D,0.32873128572668237,0.3416985363237406,0.32957017794957705
137425983,4630,H,H,0.7523446373251178,0.1554644926414558,0.09219087003342646
137425984,4630,A,A,0.31787002130160247,0.22037593273988274,0.4617540459585148
137425985,4630,A,H,0.487100701133362,0.2782418709712215,0.23465742789541644
137425986,4630,A,A,0.34314962469812643,0.25010037271225505,0.40675000258961863
137425987,4630,H,H,0.6481808826728351,0.15355014296693825,0.19826897436022659
137425988,4630,H,H,0.4485547671487491,0.21626814444784043,0.33517708840341054
137425989,4630,H,H,0.8617206977675395,0.07983296747990062,0.05844633475255994
137425991,4630,A,A,0.23082071821583236,0.30238443816114574,0.4667948436230218
137425992,4630,H,H,0.8984881549562197,0.06536775017511427,0.036144094868666016
137425993,4630,A,A,0.16351189492518345,0.22511797252310775,0.6113701325517088
137426233,4634,H,H,0.4719737999811711,0.2803510055744105,0.24767519444441832
137426234,4634,A,H,0.7018015783498722,0.18943109518489873,0.10876732646522905
137426235,4634,H,H,0.5245855426277941,0.294738906753702,0.18067555061850388
137426236,4634,A,H,0.3472445051999884,0.3207625087960385,0.3319929860039731
137426237,4634,D,H,0.4504107495879937,0.28130956828724457,0.2682796821247618
137426238,4634,H,H,0.3870348390516511,0.3591307862725731,0.2538343746757758
137426239,4634,D,H,0.4871150119795476,0.31491248817655887,0.19797249984389365
137426240,4634,A,A,0.2833020859966207,0.32107451761835587,0.39562339638502353
137426241,4634,A,A,0.2749328600785374,0.2754854789198819,0.44958166100158065
137426242,4634,D,A,0.13723968215043705,0.16053045767371726,0.7022298601758457
137426298,4629,A,A,0.3310649800787383,0.2084355633977582,0.46049945652350355
137426299,4629,H,H,0.40196192079261867,0.2938401403743144,0.30419793883306695
137426301,4629,H,H,0.7127912225620043,0.16930481312836845,0.11790396430962724
137426302,4629,D,H,0.4967385703221855,0.23253036462182244,0.2707310650559919
137426303,4629,H,H,0.5070049289467751,0.26239889021132884,0.23059618084189612
137426304,4629,H,A,0.3276633978871955,0.2583436743383326,0.413992927774472
137426305,4629,D,H,0.5763322797514915,0.2295088272054264,0.19415889304308206
137426306,4629,A,A,0.2815287154579944,0.2074665357081494,0.5110047488338562
137426307,4629,A,A,0.18482924274755447,0.16793474773908407,0.6472360095133615
137483653,4724,D,H,0.4500282033183648,0.21455222754380818,0.3354195691378271
137483654,4724,A,A,0.25922770144731033,0.3226403489128393,0.4181319496398504
139241035,4634,H,H,0.37249380399537335,0.37037951336018515,0.25712668264444155
139241036,4634,D,H,0.5437468306607499,0.20796110281443972,0.24829206652481042
139241037,4634,A,H,0.4273688627766751,0.31598782686742555,0.25664331035589943
139241038,4634,H,H,0.6478549094748676,0.2543346137331332,0.09781047679199913
139241039,4634,D,D,0.35683952898822213,0.35925703838353173,0.2839034326282462
139241041,4634,A,H,0.4198395077829291,0.24467945324464194,0.3354810389724289
139241042,4634,A,H,0.4388728927769928,0.30149793173509487,0.25962917548791237
139241043,4634,A,A,0.21572033603479232,0.27579263777533874,0.508487026189869
139241045,4634,D,H,0.7502380632735073,0.1545844027132593,0.09517753401323338
139241046,4634,D,H,0.35671807179990667,0.34408881137596553,0.2991931168241278
139737616,4724,H,H,0.5651947754055716,0.24062875828494512,0.19417646630948332
139737617,4724,A,A,0.21206341920825725,0.3049767019219116,0.48295987886983116
139737618,4724,H,A,0.189515516690511,0.2505536944703581,0.5599307888391309
139737620,4724,A,H,0.4492436079864801,0.32978943270533917,0.2209669593081808
139737621,4724,H,A,0.269200252577686,0.22949039280038486,0.5013093546219293
139737622,4724,D,A,0.17372324147576132,0.16027441587779584,0.6660023426464429
139737624,4724,H,H,0.5584060193910263,0.2607422355825173,0.1808517450264565
139737625,4724,D,H,0.6290277800600759,0.22001160214903667,0.15096061779088746
139737626,4724,D,H,0.7816358277400076,0.14631618059916396,0.07204799166082834
139737627,4724,D,H,0.6424223923559884,0.19946874069954312,0.15810886694446843
