fixture_id,season_id,y_true,y_pred,p_home,p_draw,p_away
9922008,2745,A,H,0.38762230153748245,0.2629647317745416,0.34941296668797583
9922032,2747,A,H,0.4104341038571058,0.24085181202561418,0.34871408411728005
9922033,2748,H,H,0.4474662667202442,0.23546670557978805,0.3170670276999677
9971689,2747,D,A,0.29565419871525495,0.3050344090794314,0.39931139220531375
9971877,2745,H,H,0.42800750295804024,0.1839770177555472,0.38801547928641256
9971878,2745,H,H,0.45293073908106146,0.19812733132591612,0.34894192959302245
9971879,2745,D,H,0.48042504268093855,0.21724231543558417,0.3023326418834772
9971880,2745,A,H,0.3622406751608323,0.2853864563165037,0.3523728685226639
9971881,2745,A,H,0.4418228215238802,0.21307492865640837,0.34510224981971155
9972251,2748,A,A,0.30748307543583975,0.2599380578023589,0.43257886676180146
9972432,2747,A,A,0.30910740518838026,0.2625386564807173,0.42835393833090246
9972438,2745,H,H,0.3831692559960296,0.2402157258402578,0.3766150181637127
9972548,2748,A,A,0.32029067642971587,0.23763459965499178,0.44207472391529234
9974057,2747,H,H,0.41280542645450696,0.2150449194816358,0.3721496540638573
9974058,2747,H,H,0.40766408028002676,0.2567580965547078,0.33557782316526535
9974059,2747,H,H,0.3768716376885695,0.26037743989338763,0.36275092241804274
9974060,2747,H,H,0.5870430086795844,0.16312132376773114,0.2498356675526845
10138577,2748,D,H,0.41670922478817773,0.25324839007265915,0.33004238513916306
10138725,2747,D,A,0.3754780248923103,0.22157947168442024,0.4029425034232694
10138726,2747,A,A,0.3635127058079521,0.24521543051965286,0.3912718636723951
10138727,2748,H,A,0.3571967134390616,0.2748053418695659,0.3679979446913726
10138728,2748,D,H,0.3939114544114556,0.25691110956633423,0.3491774360222103
10138729,2748,H,A,0.2831332727727341,0.3104405189044277,0.40642620832283816
10138730,2748,H,H,0.43246401054293393,0.23135208356048567,0.3361839058965804
10138848,2745,D,H,0.40874423915961733,0.23777075703820227,0.35348500380218034
10138967,2748,A,H,0.5234488788085926,0.19991978412193231,0.2766313370694751
10138975,2747,A,A,0.33086671192123546,0.20161235970954097,0.4675209283692237
10138976,2745,H,H,0.5283684654335298,0.20716336337209984,0.26446817119437044
10139097,2748,H,H,0.502515553719566,0.21695813983766696,0.28052630644276705
10378209,2745,A,H,0.5040357853362741,0.22169271705389992,0.27427149760982594
10378240,2748,D,A,0.36053379473201813,0.27853288193609493,0.3609333233318868
10378242,2858,H,H,0.36729859826518185,0.3480474612013391,0.284653940533479
10439662,2747,H,A,0.361483565110286,0.23639446730745464,0.40212196758225943
10439949,2745,A,H,0.5454763815289025,0.2669503305454606,0.1875732879256368
10439950,2745,D,H,0.4535603558025059,0.1873101514707086,0.3591294927267856
10439951,2745,H,A,0.3103729622759716,0.3023881564921077,0.3872388812319207
10439952,2745,D,H,0.5205289734916039,0.2650605659257748,0.21441046058262123
10439953,2745,D,H,0.36404072435325313,0.29512465052906445,0.34083462511768237
10440255,2747,H,H,0.4914056071075226,0.22399989721443295,0.28459449567804446
10440259,2747,D,A,0.3738656366178582,0.22834936750203755,0.3977849958801042
10440260,2747,H,H,0.5310274477565143,0.16826655749966998,0.3007059947438156
10440263,2747,D,A,0.21418052424696407,0.26540776585704956,0.5204117098959863
10440264,2747,D,A,0.3222023479701023,0.28781418488826965,0.3899834671416281
10440616,2858,D,H,0.38332785287349974,0.32402774447390215,0.29264440265259817
10440620,2748,D,H,0.49227134213498985,0.21658243776005282,0.2911462201049574
10440768,2747,H,H,0.4685579985048292,0.21401872116002504,0.3174232803351458
10440771,2745,D,A,0.22726040032778738,0.2614262194627639,0.5113133802094487
10440772,2894,H,A,0.3766070512693214,0.21820268594871084,0.40519026278196785
10440773,2894,A,A,0.34174527920585684,0.19237108222481566,0.46588363856932735
10440800,2858,A,A,0.3524198663990011,0.29444164339297835,0.35313849020802063
10440868,2894,A,A,0.35079942940507836,0.19820705313746254,0.45099351745745914
10440869,2894,A,H,0.3950728170760473,0.23099885785227584,0.3739283250716768
10440882,2858,D,H,0.41183499846974975,0.29368903142641206,0.29447597010383814
10440883,2748,H,H,0.6990104043343144,0.14982609508285005,0.15116350058283565
10634172,2748,H,A,0.1427751137085162,0.24287397900155172,0.614350907289932
10634400,2747,H,H,0.43775760876106623,0.20736914719819582,0.354873244040738
10634449,2745,D,A,0.37076762759700616,0.25798852480002477,0.3712438476029691
10634600,2748,D,H,0.3655903803737146,0.31147854201146824,0.32293107761481715
10634611,2747,D,A,0.3313819400127394,0.21934135373803626,0.44927670624922433
10634612,2745,H,H,0.6388343966844044,0.16463218770627622,0.1965334156093194
10634617,2858,A,H,0.4031989196124053,0.31316203300599,0.2836390473816048
10634684,2894,H,H,0.37806977254941415,0.2583524454733089,0.363577781977277
10634685,2894,H,A,0.36380026666272647,0.26725141114577927,0.36894832219149426
10634711,2858,H,H,0.39275133333013146,0.34344743255659166,0.26380123411327694
10634749,2748,D,A,0.2231148361743849,0.20252429809030087,0.5743608657353141
10634750,2894,A,A,0.318341242662645,0.25474263470786285,0.426916122629492
10634751,2894,H,H,0.350249563312434,0.31272900585247987,0.3370214308350861
10634791,2858,A,H,0.3854926038652891,0.25381029407884304,0.36069710205586786
10642678,2748,D,A,0.2993427228084961,0.2483587673266472,0.45229850986485665
10642679,2748,D,A,0.3426869570465796,0.21570952454655734,0.44160351840686307
10642680,2748,A,H,0.4414304065720761,0.2690180742015118,0.2895515192264121
10642681,2748,A,A,0.3209150429976241,0.24285249342427234,0.43623246357810364
10764549,2858,D,H,0.4971934565491356,0.30000703745948365,0.20279950599138072
10764579,2894,A,A,0.3346095962432825,0.23861103270517825,0.42677937105153924
10764605,2858,A,H,0.38549987580367484,0.35751901350500004,0.2569811106913251
10764622,2894,H,H,0.41882362723492217,0.2473268545251773,0.33384951823990044
10764641,2747,D,H,0.4966503629339452,0.21050597972123464,0.29284365734482004
10764647,2858,H,H,0.4744724843469414,0.29756054562217565,0.22796697003088293
10918319,2858,A,H,0.39378549847182703,0.3223065401772598,0.28390796135091306
10918351,2745,H,H,0.5405118045285554,0.26759193729902403,0.19189625817242062
10918384,2748,H,H,0.6168236329768412,0.21017791572941308,0.17299845129374572
10918398,2858,D,H,0.5895845114043748,0.26634784460270733,0.14406764399291783
10986778,2747,H,H,0.6263031125868184,0.21740782843717898,0.15628905897600265
10987115,2745,A,H,0.5764315318240244,0.2235584266333685,0.20001004154260713
10987116,2745,A,H,0.49508497988221,0.22765837656113688,0.27725664355665314
10987117,2745,D,H,0.5047184326309602,0.26507350544234376,0.23020806192669604
10987118,2745,A,H,0.3416152062439732,0.3334858580203211,0.3248989357357058
10987119,2745,A,A,0.34607791691391165,0.27795562361563586,0.3759664594704525
10987292,2747,H,A,0.34504368840906463,0.23246296353216994,0.42249334805876537
10987294,2747,D,A,0.3266908146759002,0.23612270540478889,0.4371864799193109
10987296,2747,H,A,0.18897645936115204,0.18642496230917394,0.6245985783296739
10987303,2747,A,H,0.41741764202280285,0.3647198813732717,0.21786247660392544
10987773,2748,A,A,0.38289116683338065,0.2311086521113792,0.38600018105524014
10987824,2858,H,H,0.4595262194966048,0.33785833573471946,0.20261544476867568
10987928,2747,A,A,0.21390531550698835,0.17893241163342857,0.607162272859583
10987937,2745,H,H,0.46628434602741375,0.21193615776318128,0.3217794962094049
10987938,2894,D,H,0.4116736802708303,0.2589985684076033,0.32932775132156644
10987939,2894,D,H,0.4101862518480837,0.19343781347404143,0.3963759346778748
10987982,2858,A,D,0.2667216383538049,0.3810114012218575,0.3522669604243375
10988041,2894,H,H,0.519744416588177,0.2165464654985508,0.2637091179132722
10988042,2894,H,A,0.30494091024826314,0.27481869971398637,0.4202403900377504
10988056,2748,H,H,0.5278611904178007,0.23983841199660208,0.23230039758559726
10988068,2858,A,A,0.3084547148846323,0.2727327390966804,0.4188125460186874
11220685,2748,D,H,0.4465026816573286,0.3031517938091449,0.2503455245335264
11220885,2747,H,H,0.3545121659420067,0.3082867022543817,0.3372011318036116
11220887,2747,A,A,0.25835408784014896,0.17518752814884844,0.5664583840110027
11221051,2748,A,H,0.404129404679538,0.22390546492474384,0.37196513039571816
11221052,2748,H,D,0.3012510833584365,0.4108878473131154,0.2878610693284481
11221053,2748,A,D,0.26319553442906946,0.526813874562219,0.20999059100871167
11221054,2748,D,H,0.4465287871452612,0.2252386084675264,0.32823260438721236
11221105,2745,D,A,0.18951004574483374,0.3505596680073792,0.4599302862477871
11221287,2748,H,H,0.5202664439832626,0.1640307896967215,0.3157027663200159
11221310,2747,D,A,0.1811114890941217,0.11253185872816265,0.7063566521777157
11221325,2858,H,H,0.4343760704762057,0.3566723391327746,0.20895159039101974
11221327,2745,A,A,0.11512056471405668,0.22668425963490474,0.6581951756510386
11221363,2894,D,A,0.31480656838614773,0.3103388137632608,0.37485461785059143
11221364,2894,H,H,0.622015726067238,0.17320189393612834,0.20478237999663368
11221390,2858,A,H,0.4446507542823791,0.2788277161891775,0.27652152952844344
11221428,2748,A,A,0.13447803970387423,0.18005351558322075,0.6854684447129049
11221429,2894,D,H,0.41868769792647065,0.2724408012605961,0.3088715008129332
11221430,2894,D,H,0.4483402113333921,0.2823110899480665,0.26934869871854156
11221461,2858,A,H,0.4119221318933915,0.3344043550865181,0.25367351302009034
11365130,2894,H,H,0.4917185996623994,0.2731118329428048,0.23516956739479583
11365158,2858,D,H,0.36138334450198734,0.3137606600755757,0.32485599542243704
11365171,2894,D,A,0.23706071037560003,0.2603124832422159,0.5026268063821842
11365180,2747,H,A,0.21390720030502894,0.30949019628002666,0.47660260341494426
11365187,2858,H,H,0.45059755438124743,0.3251465570487273,0.22425588857002526
11554760,2894,A,A,0.3334560338289055,0.2880910713932922,0.3784528947778023
11554915,2858,A,H,0.4641531076861372,0.3218900186295383,0.2139568736843244
11554953,2745,H,H,0.7000315599379444,0.21955700591981495,0.08041143414224076
11554972,2894,H,A,0.3171344109976101,0.16837067175091447,0.5144949172514754
11554979,2748,A,H,0.4032228851414272,0.27950738481055803,0.31726973004801473
11554984,2858,H,H,0.4548754877489725,0.2907875146191065,0.25433699763192097
11621757,2747,A,H,0.37947977844553243,0.355866457785667,0.2646537637688007
11622089,2745,H,H,0.525497335966475,0.23783742127902602,0.23666524275449907
11622091,2745,A,H,0.6078100118574803,0.22005531906970283,0.17213466907281696
11622092,2745,H,H,0.5063292224997611,0.3506234540465268,0.14304732345371216
11622093,2745,A,A,0.32003400104646135,0.2620082966949286,0.4179577022586101
11622094,2745,A,A,0.2733742599870299,0.26215987146465325,0.4644658685483169
11622254,2747,D,H,0.5391239196633617,0.25530929019698567,0.20556679013965254
11622257,2747,H,A,0.40331150271688726,0.1932944647209416,0.4033940325621711
11622259,2747,H,A,0.35765062182200696,0.2654699231336218,0.3768794550443713
11622262,2747,H,H,0.5067812050825649,0.2626418906166383,0.2305769043007969
11622265,2747,H,H,0.6953034276871903,0.14306109862880903,0.16163547368400066
11622825,2748,H,A,0.3117404980151409,0.32740362926180916,0.3608558727230499
11622880,2858,A,H,0.39154496833451236,0.3511602379624501,0.2572947937030375
11623041,2747,H,H,0.5905154646468276,0.22856008482063223,0.18092445053254025
11623048,2745,D,H,0.6952364006537264,0.20001478756727717,0.10474881177899652
11623050,2894,A,A,0.35840861262402396,0.26092846218857135,0.3806629251874047
11623051,2894,D,H,0.4502233929908612,0.2024294003025324,0.34734720670660646
11623119,2858,A,H,0.4256879088400601,0.27294232435404064,0.30136976680589933
11623198,2894,H,H,0.48095324198708034,0.2897898752296681,0.22925688278325163
11623199,2894,D,H,0.42493890972902043,0.28873619560818886,0.2863248946627907
11623217,2748,H,H,0.4953461145336415,0.2559482816889477,0.24870560377741083
11623237,2858,H,H,0.3938139356401292,0.3045920872317556,0.30159397712811514
11865684,2748,H,A,0.33341208138119766,0.1951710123993636,0.4714169062194387
11865919,2747,A,H,0.4906066611288413,0.24450018690257372,0.26489315196858493
11865927,2747,D,A,0.2505330676648894,0.20614545836089843,0.5433214739742122
11866105,2748,H,H,0.4643125202644384,0.26988134082464793,0.2658061389109136
11866108,2748,A,A,0.23506880413672285,0.18883256370026072,0.5760986321630165
11866110,2748,A,H,0.40051990563251505,0.3670472746418102,0.2324328197256748
11866111,2748,H,A,0.25869795359155795,0.35677865554407323,0.38452339086436876
11866172,2745,D,H,0.5964078053956143,0.23224747890471195,0.17134471569967372
11866416,2748,D,A,0.13879576595424878,0.2842283586985404,0.5769758753472108
11866432,2747,A,A,0.26781888148195016,0.17070404618512292,0.5614770723329269
11866446,2858,D,A,0.16715645191995449,0.29853261909248563,0.5343109289875599
11866448,2745,A,D,0.4279195373422856,0.4315696999194183,0.14051076273829602
11866493,2894,A,A,0.2579514378654091,0.36154948658875624,0.3804990755458346
11866495,2894,H,H,0.4919293465578888,0.19600370417134658,0.3120669492707645
11866536,2858,H,H,0.5905058229538888,0.2761346340080425,0.13335954303806874
11866579,2748,D,H,0.7254566995577449,0.20462996831150407,0.06991333213075107
11866580,2894,D,A,0.16342156249268244,0.213058575372845,0.6235198621344725
11866581,2894,D,H,0.46807339351295196,0.21397110437662673,0.3179555021104213
11866617,2858,A,A,0.1798422323509077,0.29093032184310547,0.5292274458059869
12040442,2858,A,H,0.39156734341294075,0.2362525396367871,0.37218011695027214
12040459,2858,A,A,0.36685151639130625,0.26434572797263806,0.36880275563605563
12067050,2894,D,A,0.19532673782699367,0.25924589846740415,0.5454273637056023
12067114,2747,H,A,0.2859415386862024,0.26223013862793737,0.45182832268586026
12067115,2747,D,A,0.24668074861556577,0.232927712579786,0.5203915388046483
12067131,2894,H,H,0.6030939376741336,0.1834397308617491,0.21346633146411734
12067134,2894,H,H,0.5547486059569071,0.21822400353871882,0.22702739050437412
12067167,2747,H,A,0.2960679961403666,0.33768200074112453,0.3662500031185088
12067206,2747,D,H,0.4787425850959312,0.23718654048948287,0.284070874414586
12111770,2894,D,H,0.5001069515391169,0.22273420044733475,0.27715884801354845
12111771,2894,D,A,0.16364896343931248,0.22834708430260792,0.6080039522580796
12111772,2894,H,H,0.4191043087626857,0.2570845130845653,0.323811178152749
12111804,2748,A,H,0.4627252200620504,0.29114981385525834,0.24612496608269122
12111805,2748,A,H,0.3841791482186267,0.2912218182897725,0.3245990334916007
12111806,2748,H,H,0.5029681343861234,0.3095460823502611,0.1874857832636155
12111807,2748,H,H,0.6168645759291018,0.20958139155135702,0.17355403251954127
12111808,2748,D,A,0.29844611595891035,0.23428155689720093,0.4672723271438886
12111897,2747,D,A,0.21695636151961556,0.25686898059373836,0.5261746578866462
12111899,2747,H,H,0.6675441893833692,0.19196197816264254,0.1404938324539883
12111900,2747,H,H,0.774351265840012,0.12693972224326036,0.09870901191672762
12111908,2894,H,H,0.5679558003159006,0.24151721987442884,0.19052697980967048
12111909,2894,D,H,0.7134116376690929,0.150849041540524,0.13573932079038312
12111923,2747,D,A,0.17453218289547592,0.14455379827386816,0.6809140188306559
12111950,2747,H,H,0.5046573569116238,0.2479704853299082,0.247372157758468
12111953,2748,A,H,0.4084039715091212,0.3435651990876923,0.2480308294031865
12111954,2748,H,H,0.6014109730615657,0.24165597931996075,0.15693304761847351
12111955,2748,H,H,0.4748971092640616,0.2739458076417457,0.25115708309419277
12111956,2748,H,H,0.5115574161934221,0.2392376191317257,0.24920496467485223
12111957,2748,A,A,0.07897584996810451,0.14001461254123024,0.7810095374906653
12167538,2894,H,H,0.5192025460054148,0.20646777809062097,0.27432967590396423
12167539,2894,D,A,0.2946421868580229,0.22089251775111904,0.48446529539085814
12167544,2747,A,H,0.46854684149417636,0.26471454092278984,0.2667386175830339
12192935,2745,H,H,0.6090678980602655,0.20067591667804324,0.19025618526169127
12192970,2858,H,H,0.533944193076565,0.32987638690653676,0.13617942001689826
12269095,2747,D,A,0.1503970250486246,0.14473704712265578,0.7048659278287197
12269227,2858,D,H,0.4876978070490581,0.24042404086044566,0.2718781520904963
12269282,2894,D,A,0.3094320382670052,0.2150856017902659,0.4754823599427289
12269475,2745,A,A,0.3802780154476063,0.19934377630027322,0.4203782082521204
12269476,2745,D,A,0.29411104453510745,0.17295856478629265,0.5329303906785999
12269478,2745,A,A,0.33107508347048215,0.20168754514097623,0.4672373713885415
12269479,2745,A,A,0.20802138459184344,0.3923174825775965,0.39966113283056004
12269480,2745,D,H,0.5363601394979817,0.28016476622447595,0.18347509427754238
12269927,2747,H,H,0.415104623942591,0.24652545085403246,0.3383699252033765
12269931,2747,D,H,0.41658615594229287,0.2405387712601865,0.3428750727975207
12269934,2747,A,H,0.41937320257905153,0.39918938626909906,0.1814374111518493
12269938,2747,H,H,0.5899972977728414,0.19624225359972883,0.21376044862742968
12269942,2747,H,H,0.43382468490114695,0.2526893159601709,0.313485999138682
12270120,2858,H,H,0.5573783441993889,0.2562458261118077,0.1863758296888034
12270326,2748,A,A,0.2011824577365625,0.2510742086403108,0.5477433336231267
12270378,2894,H,H,0.3947265523206312,0.21102659425057818,0.3942468534287906
12270541,2747,D,A,0.07035460526397251,0.11329913407665121,0.8163462606593762
12270551,2858,D,A,0.3425806847262372,0.29264183575349456,0.36477747952026834
12270553,2745,H,A,0.25338798549692354,0.3647357247765533,0.3818762897265232
12270557,2748,H,H,0.6608701674709072,0.20021097763720708,0.13891885489188577
12270735,2894,A,A,0.27488606984927594,0.206341071958686,0.518772858192038
12270743,2748,A,A,0.11146520682213777,0.1290996510668506,0.7594351421110116
12270760,2858,A,A,0.21184997140983475,0.24422644450992254,0.5439235840802427
12535907,2894,D,H,0.37790324251571783,0.3017859521496091,0.3203108053346731
12535918,2748,A,H,0.4598727464794484,0.3532709152600659,0.1868563382604856
12536056,2858,H,H,0.525157757337283,0.2428446821236628,0.23199756053905418
12536097,2748,D,A,0.26927824773925835,0.3225643606328671,0.4081573916278744
12536102,2748,D,A,0.16002715331699718,0.2850293549830819,0.5549434916999209
12536115,2894,D,H,0.41471087614951985,0.2857764090308808,0.2995127148195994
12536343,2747,H,H,0.6043972936702371,0.15480695110877205,0.2407957552209909
12536345,2747,H,H,0.49434206312220813,0.23466374505494064,0.27099419182285117
12536524,2748,A,A,0.274878628301903,0.31829840556925026,0.40682296612884683
12536527,2748,H,A,0.3269154819235529,0.31572545994988627,0.35735905812656094
12536594,2745,A,H,0.4307440927136282,0.2732190901659495,0.29603681712042246
12536757,2858,A,H,0.6238745701995569,0.24785314079561235,0.12827228900483076
12536823,2748,D,A,0.2838424648052244,0.3097948522048434,0.40636268298993217
12536838,2747,H,A,0.18256463861081856,0.20898918679678655,0.6084461745923949
12536846,2745,A,H,0.590399409304439,0.2267752633222252,0.18282532737333573
12536850,2894,H,H,0.4195659301116691,0.32546877123915524,0.2549652986491758
12536899,2858,H,H,0.7175097309755669,0.16718261156894662,0.11530765745548646
12536989,2748,A,H,0.373689000792743,0.25999432819961255,0.3663166710076445
12536991,2894,H,H,0.40098728647372417,0.23358750929168726,0.3654252042345885
12537007,2858,H,H,0.5008127822689717,0.28623259444520116,0.21295462328582712
12705917,2894,A,A,0.16538018235283272,0.22165926001392564,0.6129605576332416
12705918,2894,D,H,0.5200762487124668,0.22718886988183926,0.252734881405694
12705971,2894,H,H,0.4611404514540467,0.21973218056407326,0.31912736798188013
12705984,2858,H,A,0.2175842346348089,0.37774503051901387,0.40467073484617727
12911272,2745,A,H,0.5734484110485314,0.2986143275856713,0.12793726136579725
12911305,2748,H,H,0.5854930067439102,0.26462860355405854,0.14987838970203124
12911311,2858,H,H,0.6054766706448222,0.2612672923153827,0.13325603703979497
12980570,2747,H,H,0.4751974628072838,0.20390286876689645,0.32089966842581974
12980731,2858,H,A,0.3389646798084172,0.2953182225989559,0.36571709759262694
12980812,2894,H,H,0.7331750431676677,0.16440312383468778,0.10242183299764449
12980966,2745,H,H,0.5410400733289672,0.26017820967292515,0.19878171699810765
12980967,2745,A,H,0.4870033234852268,0.33463917903687185,0.17835749747790128
12980968,2745,D,H,0.4613074463766888,0.2104225673587568,0.32826998626455434
12981052,2745,D,H,0.757635437221647,0.1610930189092974,0.08127154386905562
12981054,2745,H,A,0.3289827403820413,0.2609941756213638,0.41002308399659493
12981501,2747,A,A,0.11869899621434608,0.2075864902548318,0.6737145135308221
12981522,2747,A,H,0.40009207884043496,0.23927684910503783,0.3606310720545272
12981525,2747,H,H,0.6332797337614345,0.19322894653964195,0.17349131969892348
12981532,2747,A,A,0.21468883486586574,0.22062191683536464,0.5646892482987698
12981776,2858,A,H,0.41041944112272066,0.36831082705532436,0.22126973182195495
12981875,2748,H,H,0.8580304203326916,0.1126871846209029,0.029282395046405448
12982035,2894,H,H,0.5244926106952419,0.2487535982524086,0.22675379105234958
12982134,2745,H,H,0.5247643533315964,0.3132976844156753,0.1619379622527283
12982155,2747,H,H,0.568364849085695,0.20066552525547687,0.23096962565882806
12982164,2858,A,A,0.10059899905965544,0.19729499802832876,0.7021060029120159
12982373,2894,A,A,0.14839242783228646,0.21580858538598627,0.6357989867817273
12982377,2748,H,H,0.5916620014849387,0.2230812094211283,0.18525678909393292
12982394,2858,H,H,0.4036374576231614,0.30448472052692144,0.29187782184991723
13248801,2894,D,H,0.6992301639037761,0.18157390907335882,0.11919592702286508
13248817,2748,D,H,0.4163636861904498,0.27227906663508983,0.31135724717446034
13248979,2858,H,H,0.660167044407332,0.19951310228482105,0.14031985330784702
13249049,2748,A,A,0.3435955479344416,0.24714243332256583,0.4092620187429927
13249053,2748,H,A,0.1351399245831108,0.2680252587608667,0.5968348166560226
13249056,2748,H,H,0.39879792727491103,0.318542732269925,0.2826593404551639
13249069,2748,H,A,0.31654158007059435,0.3200975518935579,0.3633608680358477
13249074,2894,H,H,0.3725159537023431,0.2650506460368724,0.3624334002607845
13249082,2894,D,H,0.5972128865140076,0.24701769962693507,0.15576941385905732
13249085,2894,A,A,0.2775904152832783,0.2569542063535352,0.46545537836318646
13249298,2747,H,H,0.7522190158193315,0.15886824362754087,0.08891274055312769
13249307,2747,A,A,0.2524452240817299,0.2322703228730171,0.515284453045253
13249484,2745,A,A,0.3511307412227884,0.2143844850812014,0.4344847736960102
13249672,2858,A,A,0.17375786810459595,0.26818525938733145,0.5580568725080727
13249775,2748,H,H,0.49440930044790066,0.2612469480925192,0.24434375145958015
13249794,2747,D,A,0.22472499144478286,0.26092125950558775,0.5143537490496293
13249806,2745,D,H,0.56978210129073,0.2177131914369482,0.21250470727232174
13249814,2894,H,H,0.5637556452068806,0.23606923399810023,0.20017512079501917
13249873,2858,H,A,0.21350446219910765,0.3908054006101545,0.39569013719073787
13249967,2748,H,A,0.20098861672581092,0.2116753608646982,0.5873360224094908
13249968,2894,D,H,0.46426999873406977,0.21519748439688316,0.32053251686904694
13249985,2858,H,A,0.3255316416026434,0.2372199297017848,0.4372484286955717
13451507,2894,A,H,0.40397043670791777,0.27056953508897863,0.32546002820310366
13451526,2747,H,H,0.4318570145598935,0.2738388262851329,0.29430415915497365
13451528,2858,A,H,0.4023386680123332,0.2859111281685215,0.3117502038191453
13605224,2745,D,H,0.45619248414626234,0.27547616249941775,0.26833135335431985
13605239,2894,A,H,0.4954468676812149,0.27466502139498244,0.22988811092380268
13605253,2748,A,A,0.22122680164926312,0.35295218043859444,0.4258210179121425
13605255,2747,H,H,0.4054629523738773,0.26515841633224735,0.3293786312938753
13605256,2747,A,A,0.2131271981789195,0.31467694642818,0.4721958553929004
13605261,2858,A,H,0.4819797639515515,0.37499985347043235,0.14302038257801614
13605383,2747,H,H,0.6911727613087526,0.1623993114049897,0.14642792728625775
13675439,2747,A,A,0.113566153536788,0.12267122624765109,0.7637626202155609
13675620,2858,H,H,0.4596415417589271,0.2934285287842032,0.24692992945686976
13675708,2894,A,H,0.4107648557004562,0.27685451294583485,0.31238063135370897
13675901,2745,H,A,0.11894951675843822,0.19857587071044083,0.682474612531121
13675905,2745,D,H,0.4311413349497711,0.26977398750927706,0.29908467754095175
13675908,2745,A,H,0.4101011036530327,0.29749709702837235,0.292401799318595
13675910,2745,H,H,0.5627611732774765,0.2660014669113628,0.17123735981116067
13676221,2747,D,H,0.5924253441679591,0.2739277042262611,0.13364695160577977
13676679,2858,H,H,0.8043639659395769,0.1632870933166659,0.032348940743757125
13676757,2748,H,H,0.5021784584343774,0.2745563081352697,0.22326523343035296
13676918,2894,H,H,0.47238279400508865,0.2764665923263478,0.25115061366856345
13677055,2745,H,H,0.5954978057695893,0.1966835829375587,0.20781861129285195
13677063,2747,H,H,0.6844870103933168,0.15861384332237957,0.1568991462843036
13677081,2858,H,H,0.4532397371580569,0.32060131724885094,0.22615894559309213
13677264,2894,A,H,0.5014069903788662,0.25336479843248894,0.24522821118864493
13677267,2748,H,H,0.44254605493376165,0.29887335207187066,0.25858059299436764
13677280,2858,H,H,0.596453356129724,0.23873369026572566,0.16481295360455037
13931821,2894,H,H,0.47264192560173535,0.20222062998652657,0.3251374444117382
13931844,2748,A,H,0.38297853575259494,0.2946752875055865,0.32234617674181854
13932045,2858,H,H,0.5210641918194929,0.24679490710260696,0.23214090107790009
13932128,2748,A,H,0.472972836720419,0.2829116619902302,0.24411550128935078
13932138,2748,A,H,0.5388657390418458,0.2579758690171341,0.20315839194102012
13932142,2748,D,H,0.5596054609124955,0.1878011442534342,0.2525933948340703
13932144,2748,A,H,0.4382362415072373,0.30023257005824844,0.2615311884345143
13932153,2894,A,A,0.24982849406353844,0.22873965098935814,0.5214318549471034
13932156,2894,H,H,0.508707838437601,0.24552843387293785,0.24576372768946111
13932162,2894,H,A,0.13911327204629426,0.2625060475304105,0.5983806804232952
13932270,2747,A,H,0.38481014907086264,0.243402649441983,0.37178720148715433
13932277,2747,H,H,0.4932926031868696,0.21823087538777275,0.2884765214253576
13932279,2747,D,H,0.4942896289496886,0.23061263725499823,0.27509773379531316
13932584,2745,H,H,0.7283609628118012,0.17116309650933667,0.1004759406788622
13932804,2858,D,H,0.6921329752180634,0.19269602687531062,0.115170997906626
13932881,2748,D,A,0.17523529469293855,0.23746129844621686,0.5873034068608446
13932886,2745,D,A,0.17034958140241463,0.2753608190691584,0.5542895995284269
13932893,2747,D,A,0.24155152186389692,0.22202443660981075,0.5364240415262923
13932937,2894,A,A,0.2939259773375107,0.2593496866216297,0.4467243360408596
13933021,2858,A,H,0.5863011260668434,0.30575250505136026,0.10794636888179641
13933022,2858,H,H,0.484202600477763,0.30652246393891547,0.2092749355833215
13933054,2745,D,H,0.5252623318435077,0.2528235407788027,0.2219141273776896
13933109,2748,A,A,0.15773269368907322,0.17110567361741946,0.6711616326935074
13933110,2894,A,A,0.33074335199399485,0.2108677694818874,0.45838887852411775
13933126,2858,A,A,0.271496591241543,0.30052702754956956,0.4279763812088874
15063594,2745,H,H,0.7315260161642108,0.16352240393789924,0.10495157989788995
15063622,2858,H,H,0.6024535444277273,0.25116030982319826,0.1463861457490745
15063623,2748,A,A,0.11818027738898436,0.24622428353339465,0.6355954390776208
15120368,2747,H,A,0.34747643458859184,0.21070445383986613,0.441819111571542
15120617,2858,D,A,0.10375866353549018,0.22764978710120173,0.6685915493633081
15120791,2894,H,H,0.7236304327044717,0.1462975667486364,0.1300720005468919
15121065,2745,H,H,0.6266366116592526,0.254765629636403,0.1185977587043445
15121066,2745,H,H,0.6462092625856154,0.20012875236900146,0.15366198504538311
15121067,2745,H,H,0.5248031036158526,0.217964581652329,0.2572323147318185
15121068,2745,H,A,0.2788071962643448,0.27879426284687403,0.44239854088878117
15121070,2745,H,H,0.3760711353323022,0.2880961995148073,0.3358326651528905
15121612,2747,D,A,0.10820816267177344,0.27598904756656095,0.6158027897616657
15121618,2747,A,A,0.33403996790317725,0.25735857790066075,0.40860145419616206
15121621,2747,A,A,0.34564059780985235,0.24934235505892496,0.4050170471312227
15121629,2747,D,H,0.4491698806965654,0.19764179030699155,0.353188328996443
15121636,2747,A,H,0.40855094534297226,0.25209726971375973,0.3393517849432681
15121796,2858,A,H,0.44026869047116685,0.37805811836779324,0.18167319116103983
15121845,2748,A,A,0.2391324708291071,0.22797762705893163,0.5328899021119612
15122013,2894,A,H,0.4990984339267037,0.21910502725131462,0.28179653882198163
15122144,2858,A,A,0.23326308982748867,0.302909783158417,0.46382712701409434
15122148,2745,H,A,0.3565685419565345,0.27771829880970605,0.3657131592337595
15122156,2747,H,H,0.4653076011651494,0.21312492581162312,0.3215674730232274
15122358,2894,A,A,0.23446179381301654,0.24627805606587752,0.5192601501211058
15122361,2858,A,A,0.13722666039443432,0.20025523710942306,0.6625181024961426
15122362,2748,H,H,0.9110328837685483,0.05820973328725465,0.03075738294419713
15350692,2894,H,H,0.6413800865179234,0.20052820972544252,0.15809170375663395
15350724,2748,H,H,0.38344547751424624,0.3187706695357216,0.2977838529500322
15350991,2858,D,A,0.2658133039445336,0.2767728328465368,0.4574138632089295
15351117,2748,A,A,0.35122461452392595,0.2533639900926612,0.39541139538341297
15351120,2748,D,H,0.3819540504223171,0.3569592229711052,0.2610867266065776
15351132,2748,H,A,0.28511146461813813,0.25986612684486515,0.45502240853699655
15351135,2748,D,H,0.461094436218434,0.320387284273994,0.21851827950757208
15351154,2894,D,H,0.520384918286204,0.27590331795891815,0.20371176375487784
15351158,2894,A,H,0.41816195458504835,0.3170981873207557,0.264739858094196
15351160,2894,H,A,0.32526157558267044,0.26317654469054025,0.41156187972678926
15351443,2747,H,H,0.7425452579554876,0.163339651384208,0.0941150906603044
15351614,2745,D,H,0.3820031333580573,0.24670715375812544,0.37128971288381724
15351765,2858,H,A,0.24552690323469975,0.3327397445737417,0.42173335219155844
15351870,2748,H,H,0.5188080006732251,0.2648974729434602,0.21629452638331467
15351885,2745,A,H,0.508833416713203,0.262222445736139,0.22894413755065798
15351905,2747,D,H,0.46182495823416514,0.2610964936464581,0.27707854811937666
15351921,2894,H,H,0.5274554599030095,0.20046786809010578,0.2720766720068847
15351960,2858,A,H,0.42823860216535947,0.29189432178150587,0.2798670760531347
15352015,2748,H,H,0.4650302919080448,0.19549501992542132,0.3394746881665339
15352016,2894,H,H,0.5242860545915606,0.2416810129721242,0.23403293243631523
15352017,2858,D,H,0.6282759659016569,0.241591921778909,0.13013211231943406
15524228,2894,A,A,0.21674467492097116,0.27020969548881946,0.5130456295902094
15524238,2858,H,H,0.6000924548422399,0.3020218730967649,0.09788567206099515
15524240,2747,H,H,0.4706631007062051,0.2814055081480611,0.24793139114573376
15686712,2745,A,H,0.4993270720965888,0.23447295660589185,0.2661999712975193
15686744,2858,A,A,0.3683325068508912,0.2572656466866347,0.37440184646247415
15686747,2748,D,H,0.5444276846049029,0.2355746115508207,0.21999770384427636
15763206,2858,H,H,0.35130081163066407,0.30384452622973307,0.344854662139603
15763619,2894,A,H,0.4015361413652539,0.24025789276951823,0.35820596586522796
15763941,2745,H,H,0.4433052742537467,0.30765641691783396,0.24903830882841935
15763942,2745,D,H,0.35221803969630855,0.29752560660733557,0.35025635369635594
15763947,2745,H,A,0.20078259668261508,0.31890453459753526,0.4803128687198497
15763949,2745,D,H,0.5020419807362885,0.2909373014058912,0.2070207178578204
15764452,2747,H,A,0.237114451277147,0.3593462474929338,0.40353930122991916
15764454,2747,H,H,0.5496635231188394,0.2373182604253886,0.21301821645577196
15764459,2747,H,H,0.8096184511033269,0.12404965938372162,0.06633188951295146
15764460,2747,H,A,0.38299162346156945,0.2337798531645662,0.38322852337386437
15764605,2858,H,H,0.5665101316883469,0.2506620494858155,0.18282781882583762
15764687,2748,A,H,0.8052530633497496,0.1264993245421537,0.06824761210809674
15764795,2894,H,H,0.46266884194083263,0.22004788577581927,0.31728327228334813
15764862,2858,D,A,0.15541877972822585,0.25163509369948955,0.5929461265722846
15764864,2745,D,A,0.19877909916481648,0.20136785201487098,0.5998530488203125
15764877,2747,A,A,0.3067830826345576,0.20330901166974266,0.48990790569569986
15765048,2894,D,H,0.4988527522872498,0.2720206675056998,0.22912658020705054
15765051,2858,A,A,0.12600963774232385,0.31645588873827213,0.5575344735194041
15765061,2748,D,A,0.07107678023318253,0.19241147954525348,0.7365117402215638
16082627,2894,D,H,0.3910735011927379,0.2759447900879659,0.3329817087192962
16082693,2748,A,H,0.4375169871209379,0.2730296750545723,0.28945333782448973
16082786,2858,D,A,0.21624132833938806,0.308962114284886,0.47479655737572596
16083175,2894,H,H,0.4345836089679162,0.29567013755284255,0.26974625347924125
16083181,2894,H,H,0.424162620413843,0.32838398920295114,0.24745339038320577
16083187,2894,D,H,0.4937747086830715,0.2249407576364695,0.281284533680459
16083317,2748,A,A,0.3067859717627404,0.3274734783125522,0.36574054992470734
16083319,2748,H,H,0.5488701027903745,0.2624443129426599,0.18868558426696563
16083320,2748,H,A,0.3387617290175082,0.2861204091310537,0.3751178618514382
16083328,2748,A,A,0.22521803012872565,0.30837656870961316,0.46640540116166107
16083456,2747,H,A,0.3176422279038603,0.24703784124643377,0.4353199308497059
16083473,2747,H,A,0.3678377306745015,0.2510443323110086,0.38111793701449
16083611,2745,H,H,0.447656886386959,0.250912629287309,0.301430484325732
16083763,2858,D,D,0.245294698556361,0.3872105052954474,0.3674947961481916
16083885,2748,H,H,0.5891226009237355,0.24054723881688425,0.1703301602593803
16083892,2745,D,A,0.34006389014161276,0.2737062185932213,0.38622989126516594
16083914,2747,H,H,0.4237888050880424,0.1676287235079367,0.40858247140402093
16083928,2894,A,A,0.11098263092501401,0.22390170547798435,0.6651156635970016
16083971,2858,H,A,0.300730116387775,0.2580901689145909,0.44117971469763406
16083997,2745,A,A,0.23359692531462745,0.22470323484108107,0.5416998398442915
16084028,2747,A,H,0.4617468317828343,0.27148879458684544,0.2667643736303202
16084063,2894,H,H,0.4626757949407422,0.26598504421169333,0.2713391608475644
16084064,2748,H,A,0.2806069504238239,0.2670029584289894,0.4523900911471867
16084065,2858,H,H,0.7482589752531921,0.18967573341446256,0.06206529133234535
16326603,2894,A,A,0.22186890944329152,0.1881094093456575,0.5900216812110509
16326615,2858,D,A,0.21476335275799854,0.35266965712426573,0.43256699011773586
16326618,2747,D,A,0.19840425903321662,0.3003631071067511,0.5012326338600324
16501803,2745,A,A,0.24313654596608403,0.273838960834094,0.483024493199822
16501827,2858,D,H,0.4907433598544535,0.3338789033957696,0.1753777367497769
16501828,2748,A,A,0.2973141486073477,0.295789988001092,0.40689586339156025
16501830,2747,H,A,0.3052891784341864,0.21942903960954044,0.47528178195627335
16575261,2747,D,A,0.3317191831530344,0.26632717250224136,0.40195364434472436
16575301,2858,D,H,0.5273049841571178,0.33218833488313376,0.14050668095974844
16575759,2894,H,H,0.39814735773810733,0.30572651917671906,0.29612612308517366
16576063,2745,H,H,0.5440322084736228,0.2586345591004687,0.1973332324259085
16576064,2745,D,A,0.2593147497061221,0.27431194863519004,0.4663733016586879
16576065,2745,H,H,0.5509385409803386,0.296234306881597,0.15282715213806444
16576066,2745,A,H,0.6772666215215642,0.20029428494612966,0.12243909353230609
16576537,2747,D,H,0.4502796851673846,0.3163106590427284,0.23340965578988693
16576546,2747,H,H,0.46783650482627837,0.2787837493507186,0.25337974582300304
16576643,2858,D,H,0.6657121138246236,0.2518445695467476,0.0824433166286288
16576722,2748,D,H,0.5385894337278995,0.2860379574467791,0.1753726088253214
16576869,2894,A,A,0.2977633685297055,0.23938490728118436,0.46285172418910997
16576965,2858,A,H,0.4582982069233113,0.3171282920948588,0.22457350098182993
16576967,2745,H,H,0.49075402033186666,0.2847012182734832,0.22454476139465027
16576981,2747,H,H,0.6508218487252477,0.18114442425515662,0.16803372701959565
16577191,2894,H,H,0.5446101984519599,0.21286771495722512,0.24252208659081495
16577196,2858,A,H,0.4750356824844592,0.24837142494689446,0.27659289256864644
16577210,2748,H,H,0.5718556255874816,0.20987159204201716,0.21827278237050132
16875652,2894,H,H,0.5141677579615621,0.25698448044009287,0.22884776159834497
16875737,2748,H,H,0.5432331136101561,0.30819922041629755,0.14856766597354631
16875831,2858,A,A,0.301518472154217,0.334799953921252,0.36368157392453104
16876316,2894,D,H,0.5113244254834912,0.2099306276128235,0.27874494690368534
16876321,2894,D,H,0.3792543021589825,0.3752811815321878,0.2454645163088298
16876434,2748,D,A,0.316395473444358,0.30243510232473186,0.38116942423091016
16876441,2748,H,H,0.3705211810050889,0.30874345872577214,0.320735360269139
16876448,2748,H,H,0.4611524884756304,0.20688226224255038,0.3319652492818191
16876453,2748,D,H,0.5628087440789544,0.26312356505310364,0.1740676908679419
16876570,2747,A,A,0.3090133382636671,0.2334222331498155,0.45756442858651736
16876582,2747,A,A,0.17985520694469212,0.18872608505641114,0.6314187079988967
16876591,2747,D,A,0.21214747442234116,0.2452535950855119,0.5425989304921469
16876593,2747,D,A,0.3629090511299912,0.24532649361675354,0.39176445525325515
16876702,2745,H,H,0.49400146027566494,0.29847844832830045,0.20752009139603447
16876854,2858,H,A,0.3418958358177873,0.26539896771761,0.3927051964646028
16876953,2748,D,H,0.5299396614021422,0.2600574647523229,0.21000287384553493
16876961,2745,H,H,0.647531187970725,0.17725228511505606,0.17521652691421888
16876975,2747,H,A,0.14290678488359615,0.14928120479864895,0.707812010317755
16876986,2894,H,H,0.7392263516492975,0.16688746369884372,0.09388618465185876
16877007,2858,H,H,0.4488841188745699,0.3586082620837508,0.1925076190416793
16877054,2745,H,H,0.6910459461755785,0.16201658324584087,0.14693747057858067
16877106,2894,A,A,0.18968795396123875,0.2446699684460588,0.5656420775927025
16877107,2748,H,H,0.6748771448578683,0.1293010647354209,0.1958217904067107
16877109,2858,H,H,0.6100096960921141,0.22763029321124262,0.1623600106966433
17122689,2894,A,A,0.17913320679563027,0.27720393262390514,0.5436628605804645
17122722,2894,D,H,0.42589042618337064,0.2523628013849488,0.3217467724316806
17122730,2858,H,H,0.570022124670903,0.22291705514948382,0.20706082017961322
17154654,2858,D,A,0.24802502566412646,0.3029337348175766,0.4490412395182968
17154683,2858,D,A,0.2056287645267731,0.2840140573277533,0.5103571781454737
17154703,2747,D,H,0.6391260655626587,0.20638143278608434,0.1544925016512569
17154774,2858,D,H,0.585155920443313,0.2561714141821199,0.15867266537456703
17154789,2747,H,H,0.5674285170337784,0.23572647324413185,0.19684500972208982
17154829,2747,A,H,0.41460584446224574,0.1714619346856733,0.4139322208520809
17201865,2858,D,A,0.1578570937283005,0.308574358675592,0.5335685475961075
17201866,2858,H,H,0.39516556847714734,0.3335705659178861,0.2712638656049667
17201906,2858,H,H,0.4883603350602576,0.30099588588650894,0.21064377905323342
17201926,2747,A,H,0.3418961341027551,0.3173745734898899,0.34072929240735506
17201927,2747,D,A,0.35366073707907364,0.23351455153429587,0.4128247113866304
17201929,2747,H,H,0.5977767819940585,0.21205587672812856,0.1901673412778129
17201930,2747,H,H,0.6906599820870217,0.15224419347569676,0.15709582443728157
17201965,2858,A,A,0.08131810059323138,0.2586191633156454,0.6600627360911232
17201981,2747,H,A,0.18285223124509153,0.23201212349161324,0.5851356452632953
17260012,2858,H,H,0.3569256595451705,0.3243420354041636,0.3187323050506659
17260029,2858,H,H,0.4346617935036307,0.30970633551160354,0.2556318709847658
17260034,2747,H,H,0.41322467340877367,0.29140109758334404,0.29537422900788224
17260043,2858,H,H,0.5755736339474333,0.19132954253406362,0.2330968235185031
17260050,2747,H,A,0.28620724743149123,0.2578696996286649,0.4559230529398439
17285604,2745,H,A,0.3261183363501607,0.30844403538818266,0.3654376282616567
17285623,2894,H,H,0.5380596432685523,0.2387632365343027,0.22317712019714506
17285642,2748,A,A,0.07338422364868055,0.19147013849575317,0.7351456378555664
17356967,2747,H,A,0.10821534204197562,0.23239767568537792,0.6593869822726465
17357018,2858,H,H,0.5232781843959555,0.3234299117237336,0.1532919038803109
17357451,2894,H,H,0.45547816610647346,0.302562620675475,0.24195921321805153
17357672,2745,H,H,0.4621039866340307,0.26099104303753207,0.2769049703284372
17357673,2745,D,H,0.41107533071591856,0.33881589260123063,0.25010877668285086
17357674,2745,H,H,0.3761342366206015,0.2689957430299874,0.35487002034941106
17357675,2745,A,A,0.21226644225820326,0.18695453231817521,0.6007790254236215
17357677,2745,D,A,0.33658939385472425,0.3027668833723118,0.36064372277296397
17357951,2747,H,A,0.34781758022493786,0.2586670733723156,0.3935153464027467
17357956,2747,H,H,0.7680684081688439,0.11144423952338829,0.12048735230776778
17358202,2858,H,D,0.30569639165216095,0.35540998851001016,0.3388936198378289
17358297,2748,A,H,0.3950803077380392,0.2177993348025834,0.38712035745937745
17358415,2894,H,H,0.661692959438457,0.2128131472340449,0.12549389332749822
17358510,2858,A,H,0.5752896902422774,0.24873413816754147,0.1759761715901811
17358513,2745,A,H,0.38862705685841337,0.2833661403950795,0.3280068027465071
17358519,2747,D,H,0.4780418763451268,0.23281022714936997,0.2891478965055032
17358679,2894,A,A,0.25608828379344983,0.26882622969296616,0.475085486513584
17358683,2858,H,H,0.7384716211476134,0.186962610466959,0.07456576838542757
17358691,2748,A,H,0.40149887299426007,0.24275837293125244,0.3557427540744874
17660492,2894,A,H,0.6097301344835097,0.1912896285589626,0.19898023695752784
17660615,2748,A,A,0.14404997665109312,0.24917517459862523,0.6067748487502815
17660724,2858,D,H,0.5829818388031389,0.30349052680249394,0.1135276343943671
17661185,2894,H,H,0.3593038224069098,0.30350236046619916,0.337193817126891
17661240,2747,H,A,0.25386317919849494,0.2679539243909095,0.4781828964105955
17661249,2747,A,A,0.3423850495838942,0.2535211019940679,0.4040938484220379
17661258,2747,D,A,0.12955775029819708,0.17567283837871225,0.6947694113230906
17661269,2747,A,A,0.3053792237731242,0.2984376965206959,0.39618307970617983
17661314,2748,A,H,0.5694017967500153,0.2449313256034053,0.18566687764657935
17661320,2748,H,H,0.4918601286852892,0.2815111052443121,0.22662876607039867
17661322,2748,D,H,0.4910504132269083,0.28962491666626655,0.2193246701068252
17661324,2748,D,A,0.2887831206764826,0.2958134480168283,0.4154034313066891
17661551,2745,H,A,0.118629829083096,0.26905018827406585,0.6123199826428382
17661696,2858,A,H,0.4125683211290196,0.2618030384751694,0.3256286403958111
17661817,2748,D,H,0.40972999164143636,0.2824994159301436,0.30777059242842003
17661825,2745,H,H,0.5444484256196256,0.29218378898943975,0.16336778539093466
17661831,2747,A,H,0.40463850733748236,0.23812317217556236,0.35723832048695525
17661851,2894,A,A,0.3088670558773614,0.19796890676702333,0.4931640373556152
17661879,2858,D,A,0.34023185507849735,0.2930406635142461,0.3667274814072565
17661880,2858,H,H,0.6158349112649738,0.2356141526752014,0.14855093605982472
17661953,2894,A,A,0.2202258618228557,0.24790251709590624,0.5318716210812381
17661954,2748,H,H,0.40596666437123297,0.28032067948915335,0.31371265613961363
17661955,2858,H,H,0.6089115656547738,0.1817619381189717,0.20932649622625446
17910566,2894,A,H,0.4126631929739634,0.311751478756456,0.27558532826958065
17910619,2894,H,H,0.5223193308630748,0.2520121408717082,0.22566852826521708
17910630,2858,D,H,0.42508074632742204,0.3316429076378192,0.2432763460347588
17910632,2747,H,H,0.5078251455160318,0.24649003872192307,0.24568481576204515
18103949,2745,H,H,0.5354389451186758,0.2537768073768219,0.21078424750450234
18103980,2858,D,H,0.4432329615491923,0.31145370629179353,0.2453133321590141
18103984,2748,H,H,0.627254880448502,0.19819091543567485,0.17455420411582312
18170805,2747,A,A,0.12763084992049908,0.16211291731969674,0.7102562327598042
18170862,2858,H,H,0.37365455478835385,0.3541984825534743,0.2721469626581718
18171359,2894,H,H,0.6056273925373015,0.21169129382252735,0.18268131364017126
18171575,2745,H,H,0.7638941535428584,0.13207858925518778,0.10402725720195374
18171576,2745,H,H,0.5269995894556955,0.29247258998633757,0.180527820557967
18171579,2745,H,H,0.5121677122488524,0.33958288017626254,0.14824940757488506
18171581,2745,H,H,0.368005807004121,0.3175182876162689,0.3144759053796102
18172050,2747,A,A,0.1554328619489226,0.23448577730828618,0.6100813607427913
18172054,2747,D,H,0.5896692684870398,0.2358089641114768,0.17452176740148334
18172057,2747,H,A,0.34054865007729257,0.2289959798660363,0.4304553700566711
18172059,2747,H,H,0.45422823198880596,0.2602217843431814,0.28554998366801265
18172066,2747,H,H,0.6014060435149426,0.20541546717504916,0.1931784893100081
18172152,2858,H,A,0.13502794095153534,0.3515537466424181,0.5134183124060465
18172242,2748,H,H,0.7494799852637588,0.1524538039729187,0.0980662107633225
18172357,2894,A,A,0.2243582424164952,0.23242365554555852,0.5432181020379463
18172416,2745,A,H,0.532688715342532,0.21089868883576152,0.25641259582170645
18172417,2858,A,A,0.31873899302383324,0.3200630283143544,0.3611979786618123
18172432,2747,D,H,0.4542588907955215,0.23042266428774727,0.31531844491673117
18172574,2894,H,H,0.6525083547617462,0.22296364475984584,0.12452800047840795
18172576,2747,A,H,0.6495038484811522,0.16802773585213748,0.18246841566671027
18172578,2858,A,A,0.1789818719071334,0.20964173109670078,0.6113763969961659
18172585,2748,D,A,0.14494317347877808,0.193647428806169,0.6614093977150529
18458989,2894,A,A,0.22796130939422696,0.26333322816780463,0.5087054624379683
18459078,2748,H,H,0.3999568621116126,0.34046703649150134,0.2595761013968861
18459199,2858,H,H,0.45488332357180733,0.3060936803969667,0.23902299603122584
18459617,2894,D,A,0.1238051462134186,0.23579775010309428,0.6403971036834871
18459620,2894,A,A,0.3386740626644146,0.3159110529915926,0.34541488434399287
18459681,2748,H,H,0.6362565470183723,0.2377897239197841,0.12595372906184354
18459684,2748,D,H,0.35813686903396,0.29476778858677793,0.3470953423792621
18459693,2748,D,D,0.2944289043665492,0.35912305791289056,0.3464480377205603
18459697,2748,H,H,0.590889117094786,0.22085663788833185,0.18825424501688223
18459732,2747,H,H,0.7645065736447567,0.1631194456769239,0.07237398067831939
18459810,2745,H,H,0.6043808282040846,0.20824437278265845,0.18737479901325696
18459932,2858,D,H,0.7461693860232069,0.16651058884303885,0.0873200251337542
18460051,2748,A,H,0.5872337301793958,0.22315671470741175,0.18960955511319244
18460054,2747,H,H,0.41599156926016395,0.25467994419742157,0.32932848654241453
18460060,2745,A,A,0.24137735436472815,0.3139379336798602,0.4446847119554116
18460087,2894,A,H,0.6871313212799094,0.19235703683284858,0.120511641887242
18460099,2858,H,H,0.47309122108069224,0.255530922318967,0.2713778566003408
18460122,2745,D,A,0.2658919779654918,0.2841705696713845,0.4499374523631239
18460136,2894,H,A,0.18488434340542992,0.2242831043463333,0.5908325522482368
18460137,2748,H,H,0.43160027734904044,0.265077439597094,0.30332228305386555
18460158,2858,A,H,0.38590805746997675,0.2656304338965797,0.34846150863344366
18707042,2894,A,A,0.25099169469541,0.2540129824895284,0.49499532281506176
18707071,2894,A,H,0.36328114593861516,0.29665594054638933,0.34006291351499557
18707078,2858,A,D,0.25649899666029863,0.37533211961130025,0.3681688837284012
18855601,2745,H,H,0.4628007465854765,0.3128454998362989,0.22435375357822468
18855621,2894,D,H,0.6394437124055161,0.1863011119400418,0.17425517565444218
18855632,2858,H,A,0.27409171993683784,0.3007127864084494,0.4251954936547126
18855635,2748,D,H,0.499838407171929,0.28096334728326433,0.21919824554480657
18918084,2858,D,H,0.5476170745458059,0.3069224400405785,0.1454604854136155
18918557,2894,H,A,0.3462756426337317,0.2703144100045874,0.3834099473616808
18918558,2894,D,H,0.5652625891082635,0.25988502728498086,0.17485238360675565
18918674,2745,H,H,0.6720463999340326,0.25201449983634194,0.07593910022962547
18918678,2745,A,H,0.4115510360506301,0.307002842479947,0.2814461214694229
18918679,2745,A,H,0.450574363550721,0.24466650635803006,0.30475913009124905
18918680,2745,A,A,0.2287107092195919,0.28093724041779666,0.49035205036261137
18918682,2745,A,A,0.11077532921360322,0.18184130693280948,0.7073833638535872
18919118,2747,H,H,0.5255267591275027,0.24458755685306996,0.22988568401942738
18919121,2747,H,H,0.7578314147236509,0.13787517567589927,0.10429340960044983
18919124,2747,D,A,0.23419813682824664,0.32807356794106324,0.4377282952306901
18919132,2747,A,A,0.16566421958345767,0.21750713019585008,0.6168286502206921
18919193,2858,H,H,0.5762017718790462,0.2948408246866829,0.12895740343427095
18919289,2748,H,A,0.3161868918135216,0.3202856463933919,0.3635274617930864
18919401,2894,A,A,0.24854741549167497,0.21866642669453198,0.532786157813793
18919475,2858,A,A,0.2925847769541263,0.32087633729143866,0.386538885754435
18919478,2745,H,H,0.7111569886257795,0.197969174085934,0.09087383728828649
18919492,2747,A,H,0.39481631882335694,0.24507171961791505,0.36011196155872804
18919642,2894,H,H,0.6898167495508846,0.19870001801135082,0.11148323243776453
18919648,2858,H,H,0.8093535295260864,0.13216570164171923,0.05848076883219448
18919649,2748,A,A,0.12596042768525037,0.24410627512660568,0.6299332971881441
19213319,2894,H,H,0.3939218635560102,0.2761348414616756,0.32994329498231423
19213403,2748,A,A,0.18970686139850781,0.22747205132335205,0.5828210872781402
19213431,2747,A,A,0.18510942953554307,0.19461877722844284,0.620271793236014
19213557,2858,D,H,0.5454761362522887,0.28517253680224336,0.1693513269454679
19214042,2894,A,A,0.31094968675483814,0.2906024722603206,0.3984478409848414
19214044,2894,H,H,0.46053954008952686,0.2646315378077508,0.2748289221027222
19214118,2748,D,H,0.36101547415445173,0.28810958511931545,0.3508749407262328
19214123,2748,H,H,0.44850871070698944,0.311937911275378,0.2395533780176326
19214128,2748,H,H,0.43304129847243833,0.28438731901238,0.2825713825151816
19214132,2748,A,A,0.2070237708636084,0.2818701755860668,0.5111060535503249
19214201,2747,H,A,0.20756068835238423,0.2509061580067678,0.541533153640848
19214205,2747,A,A,0.15994824453935313,0.20616410598845106,0.6338876494721958
19214209,2747,A,H,0.4261464809644473,0.2526706884151402,0.32118283062041264
19214256,2745,H,A,0.212596182012182,0.2504661746719437,0.5369376433158743
19214394,2858,D,H,0.4390383568348588,0.27312228110145126,0.2878393620636899
19214485,2748,D,A,0.2991365362553778,0.24484374139589657,0.45601972234872573
19214489,2745,H,H,0.45439680316322434,0.33472050028478056,0.21088269655199507
19214501,2747,A,H,0.4498530683822882,0.21524581664676928,0.33490111497094244
19214513,2894,A,A,0.2622652697940013,0.2083843988399288,0.52935033136607
19214529,2858,A,H,0.5169076968802709,0.2572399542889609,0.2258523488307681
19214587,2894,H,H,0.44665198672226736,0.2436271672752821,0.30972084600245053
19214588,2748,H,H,0.4577776507398229,0.23976313494363258,0.3024592143165445
19214618,2858,D,H,0.5841833312222251,0.2652262816690327,0.1505903871087422
19446653,2858,H,A,0.2225879337206974,0.26712093258902336,0.5102911336902793
19479060,2745,H,A,0.3759365133836458,0.24308265214913752,0.3809808344672167
19479061,2894,H,H,0.7152448567949911,0.19489377598936597,0.089861367215643
19479062,2894,D,A,0.14862230380733849,0.21754597065333556,0.633831725539326
19479070,2858,A,A,0.22489278908916202,0.3826611238438719,0.3924460870669661
19479083,2858,H,H,0.5844583536980442,0.24549890961860335,0.1700427366833524
19479092,2745,H,H,0.6658591836143892,0.22241580600444508,0.11172501038116575
19479093,2745,H,A,0.1775073435142054,0.30378407810783836,0.5187085783779561
19479094,2745,H,H,0.4014458692906742,0.2863320739083365,0.31222205680098936
19479136,2894,D,A,0.13628317568878204,0.2505172921231926,0.6131995321880255
19479181,2858,A,A,0.1650794637867126,0.21185829869472658,0.6230622375185609
19517510,2745,A,H,0.3689665368721507,0.31439994805189947,0.31663351507594983
19517511,2894,H,A,0.2375690100374992,0.21567731125749906,0.5467536787050018
19517512,2894,D,A,0.32956292082898725,0.23634488521295707,0.4340921939580557
19517521,2858,H,D,0.3446461054226115,0.36067234398284054,0.2946815505945479
19517522,2858,A,A,0.317787356285826,0.324224593937515,0.3579880497766589
19517545,2858,A,H,0.42487190905874517,0.2919000056686086,0.2832280852726463
19517564,2745,H,H,0.44803999942627776,0.2601786799421065,0.2917813206316157
19517565,2745,D,H,0.6034419327746114,0.20259911811393672,0.19395894911145187
19517566,2745,H,H,0.5584255427561072,0.20575180666144896,0.23582265058244387
19517567,2745,H,A,0.3288817776044714,0.3110952738226509,0.3600229485728777
19517585,2894,H,H,0.3498577011507203,0.3157952432252282,0.33434705562405154
19517586,2894,H,H,0.5300845744301144,0.2599846646356654,0.20993076093422022
19517587,2894,H,H,0.5580543379868996,0.2699642081334644,0.17198145387963595
19517602,2858,H,A,0.3038519565297208,0.2972420633441066,0.3989059801261727
19561604,2894,A,A,0.15357332677700533,0.22826299260163005,0.6181636806213647
19561606,2858,D,H,0.6223715348376778,0.24388125798096158,0.13374720718136066
19561616,2858,H,H,0.461540542951444,0.24097151926538363,0.29748793778317234
19561623,2894,H,H,0.7358416052987674,0.15011136090597285,0.11404703379525964
19561626,2858,H,H,0.7231176803974705,0.21468030466086038,0.06220201494166927
19582601,2745,H,H,0.43305498393822867,0.24106381735733667,0.32588119870443477
19582609,2894,H,H,0.4217095414557818,0.3032670394548205,0.27502341908939765
19582616,2748,D,H,0.49824136749432246,0.25050694357906483,0.25125168892661276
19638345,2747,A,H,0.8051704075451549,0.12093947035354961,0.07389012210129542
19638927,2894,H,H,0.5506009042157132,0.20277170491925617,0.24662739086503072
19639036,2745,H,H,0.5285423546274861,0.2937250082771154,0.17773263709539858
19639037,2745,A,H,0.38164751244462103,0.25963315357272293,0.358719333982656
19639039,2745,A,H,0.5349816633823465,0.3264142476127763,0.13860408900487717
19639040,2745,H,H,0.46059877166428004,0.28580868345169747,0.25359254488402244
19639041,2745,A,A,0.3469004112438309,0.2871803121019413,0.3659192766542278
19639279,2747,H,A,0.2738860618072555,0.2327008424300652,0.4934130957626793
19639283,2747,H,H,0.7530869849626671,0.14258212253177968,0.10433089250555325
19639289,2747,H,A,0.25408448685085994,0.31990207978362223,0.4260134333655178
19639292,2747,H,H,0.5896186986366387,0.21689252241717855,0.19348877894618272
19639293,2747,A,H,0.38723099289773166,0.23256357126900046,0.3802054358332678
19639584,2748,H,H,0.5740292186930149,0.23428229408439183,0.19168848722259335
19639689,2894,A,A,0.2967371206167156,0.2770969537485655,0.4261659256347189
19639751,2745,A,A,0.07064600202251543,0.15967012834334232,0.7696838696341424
19639754,2747,H,H,0.6090850411485736,0.16519370683600437,0.225721252015422
19639900,2894,H,A,0.33639465834196614,0.30523212190877586,0.3583732197492581
19639902,2747,A,A,0.07130964278745093,0.17034398647110513,0.758346370741444
19639911,2748,H,H,0.6747009190848785,0.19233753413342577,0.13296154678169572
19926374,2894,A,A,0.3409417648067464,0.2476455013965012,0.41141273379675236
19926452,2748,H,H,0.7670728915203869,0.16833324759301171,0.06459386088660132
19927094,2894,A,H,0.3826261548547585,0.2748049741357615,0.34256887100947997
19927097,2894,H,A,0.36214935684463917,0.26288469411489435,0.37496594904046643
19927101,2894,D,H,0.4979870813957923,0.2510157904693687,0.25099712813483893
19927107,2747,A,H,0.580707664240067,0.2119557323111352,0.20733660344879778
19927148,2748,D,H,0.4438680512207103,0.3006158865730775,0.2555160622062122
19927151,2748,H,H,0.6650094776772453,0.19603545871374467,0.13895506360900997
19927153,2748,D,H,0.38926103578353016,0.3254512894940607,0.285287674722409
19927159,2748,H,A,0.24594809292232017,0.2958955823651495,0.45815632471253037
19927230,2745,D,A,0.25839110993306247,0.27886939074268885,0.46273949932424874
19927449,2748,D,A,0.16565248066565558,0.2541270892719572,0.5802204300623872
19927454,2745,H,H,0.4123363205155855,0.2766473788757009,0.3110163006087137
19927458,2747,A,H,0.3869737246885352,0.24912479241818392,0.36390148289328095
19927476,2894,H,H,0.6112544245394895,0.21473113009155864,0.17401444536895186
19927535,2894,H,A,0.3586607982053801,0.22349931738015735,0.41783988441446257
19927536,2748,A,H,0.420040398195345,0.1971911805804058,0.3827684212242492
22945232,2747,D,A,0.26972925848504803,0.2341730878335624,0.49609765368138964
22945314,2747,A,A,0.36046311511010337,0.2628459703844844,0.3766909145054122
22945315,2747,A,H,0.538034007764236,0.21086955752670122,0.2510964347090626
22945316,2747,A,A,0.31411360314151887,0.20963819484416177,0.47624820201431944
22945317,2747,A,A,0.21830758685866647,0.2539161565325272,0.5277762566088063
22945499,2747,A,A,0.19097103424305542,0.24733537019734558,0.561693595559599
22945509,2747,H,H,0.7660129468680471,0.12346131012933685,0.11052574300261615
22964115,2747,H,H,0.5406972164239702,0.20069743375109014,0.2586053498249397
22964123,2747,H,H,0.6062778228643417,0.2572637090598886,0.13645846807576967
22994127,2748,H,H,0.45720183512020063,0.26899416289895545,0.2738040019808439
22994128,2748,D,H,0.44052587239183066,0.2900241016333831,0.26945002597478623
22994154,2748,A,A,0.1365830260288899,0.2382292213996425,0.6251877525714675
22994161,2748,A,A,0.28797195463145264,0.27754817426023426,0.434479871108313
22994179,2747,A,A,0.08453073331500487,0.18911489531710868,0.7263543713678864
22994181,2748,H,H,0.7349178369524506,0.18441464698844626,0.08066751605910313
22994182,2748,A,A,0.2708714274126467,0.29955379481339856,0.42957477777395486
23041509,2748,A,H,0.5334220366519594,0.2552664597884411,0.2113115035595994
23041510,2858,D,H,0.3736247995477751,0.31275798018838136,0.3136172202638436
23041519,2748,H,A,0.18264022853943873,0.26074263354681154,0.5566171379137498
23041522,2858,D,A,0.33760313921174295,0.28846625471676873,0.3739306060714882
23041554,2748,D,A,0.24123285440239672,0.2647828274522731,0.4939843181453302
23041555,2748,H,H,0.59207962591169,0.22865017230389378,0.17927020178441624
23041558,2858,H,H,0.6988100325151484,0.21471556791426513,0.08647439957058642
23062425,2858,H,H,0.40409080594347035,0.30025628873305926,0.2956529053234703
23062438,2858,D,H,0.34203901974423473,0.34079556239706077,0.3171654178587045
23062439,2858,D,D,0.3128766818781296,0.37209101092840063,0.31503230719346975
23062449,2747,A,A,0.3378449619343712,0.26420559283862183,0.39794944522700704
23062466,2747,H,H,0.5209909643063372,0.23838235004448644,0.24062668564917641
23062479,2858,A,A,0.14852420767544075,0.24637551704047497,0.6051002752840843
23096354,2747,A,A,0.17420864797336993,0.25158975332931305,0.574201598697317
23096371,2858,D,H,0.7454209556446968,0.17534912382536713,0.07922992052993608
23096392,2747,A,A,0.3198149754656948,0.273126370755962,0.4070586537783432
23096393,2747,H,H,0.6463751125628194,0.19856620223314594,0.15505868520403462
23096394,2747,D,H,0.8068297056691306,0.11257352171770468,0.08059677261316472
23096395,2747,D,H,0.7361536799408852,0.15081477810833577,0.11303154195077905
23096404,2858,H,H,0.5089965985904316,0.27338823672502227,0.21761516468454611
23096405,2858,H,A,0.3306252080608049,0.2895874188588451,0.3797873730803499
23096413,2747,A,A,0.19492708971221445,0.1861987347032206,0.6188741755845648
23121311,2747,A,H,0.5850055930277062,0.22210837381664578,0.19288603315564795
23121312,2748,H,H,0.6304667018360491,0.2334225968871377,0.13611070127681302
23121313,2748,H,H,0.5366121126883225,0.28552780838954295,0.17786007892213454
23121314,2748,H,H,0.36493274132029657,0.298980280325817,0.33608697835388646
23121315,2748,A,A,0.219555461654893,0.22336873556558268,0.5570758027795242
23121362,2748,A,H,0.49752529351829344,0.2561810034058253,0.24629370307588128
23121363,2747,D,A,0.16675275283227237,0.2201617051720119,0.6130855419957157
23121367,2748,H,A,0.17929526763637785,0.20812752252283515,0.612577209840787
23140978,2748,A,A,0.27311373713867876,0.32543703713682304,0.40144922572449815
23141205,2748,D,H,0.49495241672050594,0.2868573247074954,0.21819025857199853
23141213,2747,H,A,0.24055520023693344,0.28033225625817815,0.4791125435048885
23141214,2748,A,A,0.22670398573763942,0.24850859040921697,0.5247874238531436
23141218,2748,H,H,0.6243382538637751,0.19935523642218023,0.17630650971404468
23186307,2747,D,H,0.4544409937752686,0.17274150406403613,0.3728175021606953
23186308,2747,A,A,0.3190607528127421,0.24000249101801488,0.440936756169243
23186309,2747,A,H,0.40490478054143725,0.20527645857613291,0.3898187608824297
23186329,2747,H,H,0.6320898892169637,0.20316698858074367,0.16474312220229256
23202737,2894,A,A,0.20178644923742886,0.25370970328902903,0.5445038474735422
23202738,2894,A,H,0.600779766659142,0.24403950078227318,0.15518073255858478
23202779,2894,D,A,0.250806299921251,0.22313340896553527,0.5260602911132137
23202780,2894,D,H,0.577473099488162,0.24370643734010974,0.1788204631717283
23202808,2894,H,H,0.49665491160560665,0.278363099249907,0.22498198914448642
23202809,2894,H,A,0.2331481199905359,0.2351733501169474,0.5316785298925166
23202827,2894,A,A,0.17819020893927423,0.23422730525577595,0.5875824858049499
23202828,2894,D,H,0.4031589562061895,0.25818313661559666,0.33865790717821376
23202846,2747,A,H,0.3878192621394851,0.3327764923735564,0.27940424548695864
23202848,2747,D,H,0.3981929976752285,0.23159866832268852,0.370208334002083
23202849,2894,H,A,0.22700530713825476,0.2318151155240918,0.5411795773376534
23202850,2894,D,H,0.5940878895207968,0.22671826648418444,0.17919384399501873
23202860,2747,D,H,0.5186899298421616,0.23368216231860264,0.24762790783923583
23202861,2747,A,A,0.3024890046773602,0.25006678709591057,0.4474442082267293
23219613,2747,A,A,0.14327517623788535,0.1847824761033359,0.6719423476587787
23238401,2858,A,D,0.32537660354754544,0.3616316842188228,0.31299171223363176
23238452,2858,A,H,0.6481806993815619,0.24277639542120716,0.10904290519723102
23262462,2894,H,H,0.4841634170639487,0.24912825978740175,0.26670832314864945
23262961,2858,H,A,0.21653214313096839,0.2784911612752235,0.5049766955938081
23263042,2894,H,H,0.517503938834292,0.20929842228972076,0.2731976388759872
23263084,2858,H,H,0.47175883301683913,0.3149731529665027,0.21326801401665815
23263172,2894,D,A,0.2508448894040061,0.2202247382106691,0.5289303723853247
23263176,2858,D,H,0.3683103494711893,0.36748025254386163,0.26420939798494913
23284520,2894,D,A,0.33347103914759696,0.30590589344899705,0.36062306740340594
23284580,2858,A,A,0.32503857658920093,0.2793577155125156,0.3956037078982835
23284798,2894,D,H,0.672449200962251,0.17188628249142365,0.1556645165463253
23284799,2894,D,A,0.3181878654268765,0.3026718579999257,0.37914027657319777
23284951,2858,A,H,0.4287177863371855,0.2888142153771252,0.2824679982856893
23285038,2894,A,A,0.07134506673080675,0.1594953973894572,0.7691595358797361
23285058,2858,H,D,0.3483082318021109,0.35582454337244046,0.2958672248254487
23285086,2894,D,H,0.5550316644618035,0.2029454056689835,0.24202292986921295
23285089,2858,A,A,0.2256917098123375,0.2514288479479934,0.5228794422396691
23301295,2894,H,H,0.4074661484384625,0.2946646964363432,0.2978691551251943
23301309,2894,A,A,0.28263169543309635,0.2326665334400451,0.48470177112685847
23301313,2858,D,H,0.5853344518101131,0.24473224266985105,0.16993330552003585
23354474,2748,A,A,0.2963370124895978,0.31555878347260774,0.38810420403779444
23354475,2748,A,A,0.3162416032888191,0.32039356839909655,0.36336482831208444
23354476,2748,H,A,0.22140651398320102,0.23677476056492017,0.5418187254518788
23354477,2748,D,A,0.32813245397685603,0.2815500716848892,0.3903174743382548
23354478,2748,D,A,0.2065029716998484,0.258177396361746,0.5353196319384056
23354510,2748,D,A,0.316782439154316,0.27637887705056885,0.4068386837951151
23354511,2748,H,H,0.4052098280842767,0.2948410059774088,0.2999491659383145
23354512,2748,H,H,0.7608265187043236,0.17260421006425966,0.06656927123141682
23354513,2748,D,A,0.16820083053210536,0.24423162186067143,0.5875675476072232
23354514,2748,A,A,0.2608532928301154,0.2650233809988871,0.47412332617099745
23392533,2894,H,H,0.548485417457915,0.18478087669900115,0.26673370584308376
23392538,2747,H,H,0.40604665885801244,0.26705978473575803,0.32689355640622947
23392539,2858,D,A,0.31001088216349854,0.3138548875296743,0.3761342303068273
23425499,2747,H,A,0.17959903248978018,0.20227008336755078,0.618130884142669
23425524,2858,A,A,0.2913362967298289,0.3102466385311906,0.3984170647389804
23425689,2894,A,A,0.2894645155820255,0.27968741568023564,0.43084806873773884
23425788,2747,H,A,0.31777225115959035,0.26838345956067267,0.41384428927973693
23425789,2747,A,H,0.4474612110318337,0.24771159345000218,0.3048271955181642
23425790,2747,H,A,0.23374964233944892,0.2869220975846586,0.4793282600758924
23425791,2747,H,A,0.34480603074116734,0.24194046750157927,0.4132535017572534
23426208,2858,H,H,0.4904591684155081,0.3100521090771117,0.19948872250738012
23426240,2748,H,H,0.6751302005681601,0.2299085546419252,0.09496124478991477
23426306,2894,D,A,0.21583247919721657,0.25778044699841035,0.5263870738043731
23426383,2747,H,H,0.565200756276949,0.2609916895780894,0.17380755414496166
23426384,2858,H,H,0.4412003401279685,0.3158127101897714,0.24298694968226006
23426411,2748,H,H,0.5157959956209344,0.24327995996034818,0.24092404441871748
23426517,2894,H,H,0.7017979681897015,0.19124871156336462,0.10695332024693376
23426520,2748,A,H,0.5508351743572386,0.23759670237176003,0.21156812327100136
23426521,2858,H,H,0.41873872620354813,0.28649399850264645,0.2947672752938055
23556888,2894,A,A,0.23920616738661818,0.23085227515190748,0.5299415574614743
23556901,2748,H,H,0.5176038111850999,0.274669473322661,0.20772671549223903
23556944,2858,A,H,0.40820338596880923,0.3167459065289864,0.27505070750220434
23557256,2747,H,H,0.48121351782365446,0.23590328790944637,0.2828831942668993
23557257,2747,H,H,0.5876357809452685,0.19065160850458293,0.22171261055014868
23557258,2748,A,A,0.28385763312290935,0.27941877581013064,0.43672359106696007
23557259,2748,A,A,0.32433250614039355,0.335846985811606,0.3398205080480005
23557260,2748,D,A,0.3496509817708567,0.2552508550174016,0.3950981632117416
23557261,2748,D,H,0.5047072523295093,0.2757481726880807,0.2195445749824099
23557262,2894,A,H,0.5033155363985161,0.27738272078139325,0.21930174282009068
23557263,2894,A,H,0.49579873590024864,0.26799629923674195,0.23620496486300957
23557435,2858,D,A,0.3128276608363449,0.25656761272635653,0.43060472643729863
23557500,2748,H,H,0.6568789512317175,0.20076337060568109,0.1423576781626014
23557501,2747,A,A,0.20674329145347323,0.21797765635073615,0.5752790521957907
23557511,2894,H,H,0.4849243372050929,0.24530180899019097,0.26977385380471625
23557572,2748,H,A,0.24501918974890033,0.1958343156646088,0.5591464945864909
23557573,2894,H,H,0.47834520761074045,0.2568247987800319,0.2648299936092277
23678602,2894,H,H,0.550957787729223,0.27180473515775194,0.17723747711302507
23678611,2858,D,H,0.5041133083984611,0.31619895744430493,0.17968773415723394
23758757,2745,D,A,0.20469879679951694,0.2080030646894022,0.5872981385110808
23758777,2858,H,H,0.48973946583991007,0.31719554875170847,0.19306498540838143
23759165,2747,D,H,0.4529968379400692,0.26098238537467155,0.2860207766852593
23759216,2858,A,H,0.3840541882466256,0.2992156689158147,0.3167301428375597
23759433,2894,H,A,0.34975755127463853,0.28744618218919576,0.3627962665361657
23759482,2745,H,H,0.39163368311081437,0.29010096607355407,0.31826535081563156
23759483,2745,H,H,0.7329676298900217,0.183728973541423,0.08330339656855537
23759484,2745,H,H,0.46357503274636586,0.2507104014209159,0.2857145658327182
23759485,2745,H,A,0.31473852629157606,0.31156467334442617,0.37369680036399766
23759486,2745,D,H,0.4411468424555015,0.27116483540161496,0.28768832214288365
23759739,2747,D,H,0.40941720876855475,0.2899169527906963,0.300665838440749
23759754,2747,D,A,0.28503762025842444,0.19981069058691367,0.5151516891546619
23759765,2747,A,A,0.2944130444782691,0.2712252684832406,0.4343616870384903
23759768,2747,H,H,0.4238421372609794,0.23484565364316684,0.34131220909585375
23760007,2894,A,A,0.07973337380079906,0.1722735291206769,0.747993097078524
23760057,2745,H,H,0.38192882625686436,0.33507328511595696,0.2829978886271787
23760060,2858,H,H,0.6314303039789049,0.23475462500133543,0.1338150710197598
23760065,2747,D,A,0.12993386587575348,0.19832759490146723,0.6717385392227794
23760211,2894,A,H,0.40533394631496755,0.26005546338824903,0.3346105902967835
23760222,2858,H,H,0.43049854628446543,0.3403987840123798,0.22910266970315488
23760823,2858,H,H,0.7429385760245842,0.17704402417676524,0.08001739979865054
23760825,2858,H,H,0.3492355470711445,0.3313100066602458,0.31945444626860975
23761136,2894,A,A,0.1940379342994797,0.25817228220305316,0.5477897834974671
23761223,2858,H,H,0.4170669564799927,0.3628701907374117,0.22006285278259563
23761587,2747,D,A,0.2878173215973315,0.2804928894446842,0.43168978895798427
23761589,2747,H,H,0.7383632363063972,0.17148215077627554,0.0901546129173273
23761594,2894,D,H,0.5153626551484516,0.2425318921799842,0.2421054526715642
23761641,2745,H,H,0.5377452859138199,0.23543933742969178,0.22681537665648838
23761729,2858,D,A,0.27250738644977457,0.31020361591066115,0.4172889976395644
23761790,2745,A,H,0.5101172177470643,0.25900909669340594,0.23087368555952967
23761792,2747,H,H,0.580990017649501,0.19165076279633542,0.22735921955416366
23761801,2894,A,A,0.2627988076017496,0.2556598797586127,0.48154131263963773
23761864,2894,D,H,0.4158430418009156,0.2021436864809591,0.3820132717181252
23761867,2858,A,A,0.2557167150146123,0.28904440740215925,0.45523887758322856
24146636,2894,D,H,0.5421922904419145,0.2548486239234185,0.20295908563466694
24146657,2894,A,H,0.6301433420752627,0.2064433566410045,0.16341330128373274
24146664,2747,A,H,0.42087825908565013,0.2111739987764739,0.36794774213787595
24146665,2858,D,H,0.5461978884177543,0.26861644015679886,0.18518567142544687
24162084,2745,A,A,0.17500796026183216,0.2933341034239752,0.5316579363141926
24162100,2745,D,H,0.7916626292186424,0.1261185498206285,0.08221882096072908
24162101,2745,D,H,0.46456609672947674,0.30706753579216367,0.22836636747835945
24162102,2745,A,A,0.3158704875576465,0.24189441360579259,0.44223509883656087
24162130,2894,H,A,0.33828890077172136,0.25471008189317834,0.4070010173351003
24189208,2745,A,A,0.3549831744473316,0.2689656794296388,0.3760511461230296
24189233,2745,H,H,0.6340481265166378,0.25887824899214945,0.10707362449121274
24189234,2745,D,A,0.26779996206542966,0.29082537282017606,0.44137466511439427
24189235,2745,H,A,0.3694295850830769,0.24871155884083565,0.38185885607608744
24189236,2745,A,A,0.28971587734930154,0.32459141081825266,0.38569271183244574
24247364,2894,H,H,0.5125111229171521,0.28287982055165856,0.20460905653118944
24247423,2894,A,H,0.4727233777377003,0.2883802194547756,0.23889640280752403
24247432,2748,H,A,0.24946343615748115,0.2661037845212609,0.484432779321258
24247433,2858,H,H,0.3925250516411657,0.3379911301171104,0.26948381824172396
24247979,2745,H,H,0.7076973538073335,0.1808540686070289,0.11144857758563768
24287908,2858,H,H,0.3428142845838089,0.32322399301710525,0.3339617223990858
24288160,2894,D,A,0.3310266684234127,0.275913639441869,0.3930596921347182
24288211,2745,H,H,0.495717749336299,0.2810086211602353,0.2232736295034656
24288212,2745,H,H,0.6241420853252646,0.2411297305447335,0.13472818413000187
24288213,2745,A,H,0.37446737143647196,0.27912470331835765,0.34640792524517033
24288214,2745,A,A,0.2985873367201442,0.29414265272114604,0.40727001055870976
24288215,2745,H,A,0.16769258242781493,0.2426581003662519,0.5896493172059333
24288670,2858,A,A,0.17671122326123712,0.27690980227047474,0.5463789744682881
24288757,2748,D,A,0.2000316950811324,0.2481797368788169,0.5517885680400507
24288817,2894,A,A,0.13942287711728765,0.2443599136244827,0.6162172092582298
24288841,2745,D,H,0.7175938681266917,0.15489346304424234,0.12751266882906603
24288842,2858,H,H,0.5281473745625881,0.31149008154555574,0.16036254389185606
24289007,2894,H,H,0.6799786862399629,0.20733830029478847,0.1126830134652486
24289016,2858,A,A,0.32169284846112317,0.29952783517059495,0.3787793163682819
24289023,2748,D,A,0.37235604803131195,0.24463384204350894,0.38301010992517914
24464234,2894,A,H,0.5885925505925872,0.23673321646355805,0.17467423294385478
24464287,2748,H,A,0.2953678069878528,0.25763477608078916,0.4469974169313582
24464381,2858,H,A,0.2691572651843662,0.2895200719381128,0.441322662877521
24464761,2894,A,H,0.5232227921030297,0.2544290322726552,0.22234817562431508
24464788,2748,A,D,0.26518560926662504,0.3766741454430976,0.35814024529027744
24464790,2748,D,H,0.38181859861814327,0.3006848991526681,0.3174965022291887
24464797,2748,A,H,0.380468894256931,0.29512875854986187,0.32440234719320715
24464800,2748,H,H,0.5007795946915192,0.27771173078193834,0.22150867452654238
24464837,2745,D,A,0.21493875468611998,0.2859205915013265,0.4991406538125536
24464945,2858,A,A,0.33440380898133554,0.2772862665541543,0.3883099244645102
24465014,2748,A,A,0.20914900541365766,0.26444413378507253,0.5264068608012699
24465018,2745,A,H,0.47284785817832065,0.2620424231852447,0.2651097186364347
24465038,2894,D,H,0.5393237908215844,0.231699306203801,0.22897690297461462
24465046,2858,H,A,0.34220190680500046,0.31109033255988605,0.34670776063511344
24465107,2894,H,H,0.6322726359976198,0.1919500007971059,0.1757773632052743
24465108,2748,D,H,0.6494793794565926,0.21242846077607905,0.1380921597673284
24465114,2858,D,H,0.5568637194468012,0.25641746008838173,0.18671882046481703
24624311,2894,D,H,0.5382515526743509,0.27202080944725876,0.18972763787839028
24624318,2858,A,H,0.41246122763850745,0.30272092956443925,0.2848178427970533
24673744,2748,A,A,0.2754395348210811,0.21557450710002884,0.50898595807889
24673745,2748,H,H,0.3502054145100944,0.3201635911872722,0.32963099430263343
24673746,2748,A,H,0.37609954780180804,0.31501578566667626,0.30888466653151575
24673747,2748,D,H,0.5484354632239646,0.26032994835300294,0.19123458842303248
24673748,2748,H,H,0.39904324913794603,0.3569909372494149,0.24396581361263903
24673794,2748,D,H,0.5185664383848099,0.2431572004504335,0.23827636116475662
24673795,2748,H,H,0.7462288689035508,0.17493018246238692,0.0788409486340622
24673796,2748,A,A,0.0887128768982574,0.19643730506578502,0.7148498180359576
24673797,2748,A,H,0.5053471248905017,0.22218815470219655,0.2724647204073017
24673798,2748,H,H,0.625799786759844,0.21957220111433118,0.1546280121258247
24673799,2858,A,A,0.22008388607227614,0.2708456304596711,0.5090704834680528
24716678,2858,H,H,0.661598812382762,0.2026802938851608,0.1357208937320772
24735728,2745,H,H,0.3600628632069999,0.3047550941391085,0.3351820426538917
24735748,2747,D,H,0.3709404803012248,0.26045200672718977,0.36860751297158545
24735752,2858,H,H,0.5622584090924516,0.2866251087024342,0.15111648220511417
24785962,2747,H,A,0.08054765239699005,0.1667842692612688,0.7526680783417411
24786057,2858,D,H,0.3526606456422503,0.31050853582994575,0.3368308185278039
24786367,2894,A,A,0.27766964537595845,0.27310559091760456,0.44922476370643694
24786420,2745,H,H,0.5195337896936115,0.23117048405339818,0.24929572625299037
24786421,2745,H,H,0.48618881378869033,0.26880528213608684,0.24500590407522282
24786422,2745,D,A,0.2816152091321288,0.2802356444202325,0.4381491464476387
24786423,2745,H,H,0.7094405876445103,0.19026318374124843,0.10029622861424112
24786425,2745,H,A,0.34070941873204497,0.30616728743517696,0.35312329383277813
24786444,2747,A,H,0.4199526882692753,0.22528458754831576,0.3547627241824089
24786445,2747,H,H,0.6097757998058979,0.21923344517517576,0.17099075501892635
24786447,2747,H,H,0.661341849544658,0.21010076957415214,0.1285573808811898
24786456,2747,H,H,0.5659484529873857,0.21465094852185324,0.21940059849076105
24786466,2747,H,A,0.20466044103392417,0.24266687902579004,0.5526726799402858
24786856,2858,H,A,0.2324855126273192,0.3064279249626437,0.46108656241003715
24786940,2748,H,H,0.7202143223266441,0.17113551700026666,0.10865016067308943
24787034,2894,H,H,0.5076107849454846,0.25006481435954775,0.2423244006949676
24787065,2747,D,H,0.7410353311194121,0.1363968742432334,0.12256779463735444
24787075,2745,D,H,0.7493788508420822,0.19007263858099935,0.06054851057691837
24787076,2858,D,H,0.63929442181831,0.2202373430283792,0.14046823515331078
24787130,2748,A,A,0.21851900223590212,0.2751446407768498,0.5063363569872481
24787226,2894,H,A,0.21029930669169486,0.25860926459064565,0.5310914287176596
24787238,2858,A,H,0.5161439443398703,0.3193731257867169,0.1644829298734129
24787247,2748,A,H,0.43788075061749604,0.2376741907839255,0.32444505859857853
24994606,2894,A,A,0.09613897882419078,0.16004008820424043,0.7438209329715687
24994653,2748,A,A,0.23110815141030552,0.25367255045533893,0.5152192981343555
24994738,2858,H,A,0.2037416440727188,0.26279715957649863,0.5334611963507826
24995061,2747,H,A,0.2860724047578879,0.2761883200473391,0.4377392751947729
24995161,2894,H,H,0.3782288483167499,0.26629445436809857,0.35547669731515147
24995211,2748,A,A,0.26874244532468045,0.32484497217926883,0.4064125824960508
24995213,2748,D,A,0.17627924598487188,0.28270511846456886,0.5410156355505593
24995215,2748,D,H,0.5867045285089324,0.27833549080110104,0.1349599806899665
24995219,2748,H,H,0.39695453819857696,0.3248415117900724,0.2782039500113506
24995246,2745,A,H,0.4520629623913621,0.30471147920838004,0.24322555840025775
24995350,2858,H,H,0.4243507899444141,0.2893807322898343,0.2862684777657515
24995427,2748,D,A,0.239225003537446,0.2069303037451626,0.5538446927173915
24995433,2747,H,A,0.22034207475037795,0.1975493727433459,0.5821085525062762
24995436,2745,A,A,0.2685411178176445,0.18323353555646382,0.5482253466258916
24995466,2894,A,H,0.4195540502352991,0.22990936163330147,0.35053658813139943
24995475,2858,A,H,0.6289548665982138,0.23400103737227496,0.13704409602951126
24995541,2894,H,H,0.5595217128911869,0.21036469295519583,0.23011359415361726
24995542,2748,A,H,0.6206633557899709,0.18351662885007577,0.19582001535995341
24995548,2858,H,H,0.7307392948948999,0.19036994041897262,0.0788907646861275
25178889,2894,D,A,0.19320015148885059,0.1990550561517203,0.6077447923594292
25178912,2894,D,H,0.6399193291828343,0.21387367407307056,0.14620699674409499
25178919,2858,H,H,0.4936977759668228,0.2742337815599674,0.2320684424732099
25197114,2894,A,A,0.18287554885268828,0.24979574970104543,0.5673287014462662
25302392,2745,D,A,0.12795668979169753,0.20928676158375165,0.6627565486245508
25302409,2894,H,H,0.36738927813584993,0.30356812805544564,0.32904259380870443
25302415,2748,H,H,0.6198332617715582,0.2297958576344699,0.15037088059397202
25302419,2858,H,A,0.303517721689928,0.33479407041694426,0.3616882078931276
25356523,2747,D,A,0.34570508099551506,0.23841727174290075,0.41587764726158416
25356925,2894,D,H,0.45621336153500475,0.3011326282187266,0.24265401024626865
25356979,2745,H,H,0.8954821072851613,0.0795131733028672,0.025004719411971615
25356980,2745,H,H,0.4548120654793755,0.2931217384306069,0.2520661960900175
25356981,2745,H,H,0.5455973091895174,0.2560899063556843,0.19831278445479822
25356982,2745,A,A,0.32448340836556955,0.32145213508574133,0.35406445654868907
25356983,2745,A,A,0.24466895756602428,0.3095796819240157,0.44575136050996
25357011,2747,D,H,0.5795439043346616,0.2016563632581424,0.2187997324071959
25357014,2747,D,A,0.2048663987750311,0.21943837061812024,0.5756952306068488
25357016,2747,H,H,0.5745706511066941,0.22676812336704763,0.19866122552625817
25357021,2747,H,A,0.302147265067766,0.2318942333532531,0.465958501578981
25357030,2747,A,H,0.39857436336744245,0.2604826988594365,0.3409429377731211
25357403,2858,A,H,0.37562869820573386,0.295446266189518,0.32892503560474806
25357480,2748,H,A,0.2608587051435895,0.21912421395803108,0.5200170808983794
25357583,2894,D,A,0.3185990950585237,0.23604323593057838,0.44535766901089796
25357614,2747,D,A,0.11339838111779449,0.16216396862470536,0.7244376502575003
25357621,2745,A,H,0.5992120134337193,0.21206772999142012,0.18872025657486063
25357624,2858,H,H,0.4001426924074576,0.3001984161849295,0.2996588914076129
25357785,2894,A,H,0.41167290545114593,0.24904585533446857,0.3392812392143854
25357798,2858,A,H,0.40152997492476,0.26579909416388053,0.3326709309113595
25357808,2748,A,A,0.18803710281867123,0.22808412057616437,0.5838787766051644
25580346,2894,D,H,0.5356497204354853,0.2535982955586235,0.21075198400589126
25580350,2748,H,A,0.28326511339734284,0.2513063493761954,0.46542853722646166
25580533,2858,D,A,0.28560241539440523,0.29783287406523395,0.4165647105403607
25580858,2748,H,H,0.4955873572156468,0.2965025254893271,0.20791011729502612
25580886,2747,A,A,0.2985914677595304,0.222219562393413,0.4791889698470565
25580985,2894,A,H,0.4032279761827912,0.27956622137707754,0.31720580244013125
25581055,2748,D,H,0.385275238800537,0.3209359191302577,0.29378884206920525
25581057,2748,H,H,0.5673253195797587,0.2617569668381344,0.17091771358210683
25581058,2748,H,A,0.28503684482165753,0.3451203063600684,0.36984284881827406
25581069,2745,H,A,0.2802700691613696,0.2812126155934059,0.4385173152452247
25581156,2858,A,A,0.27109299209422205,0.3063767660564434,0.42253024184933463
25581237,2748,H,H,0.3855390109503714,0.28669653260632827,0.3277644564433003
25581240,2747,H,H,0.6659674004465033,0.18956415868484874,0.14446844086864802
25581243,2745,H,A,0.2632449877406979,0.269732438334763,0.46702257392453905
25581264,2894,H,H,0.49452459445175007,0.23828698678506383,0.26718841876318605
25581273,2858,D,A,0.3194660641610824,0.3205356969443453,0.3599982388945723
25581342,2748,H,A,0.3194077888989364,0.22440625757592458,0.45618595352513897
25581343,2894,H,H,0.8309685987522767,0.1185708990149186,0.050460502232804794
25581347,2858,A,A,0.180164709398477,0.26958327944759974,0.5502520111539233
25774953,2894,H,H,0.4569409049017595,0.3065559451153563,0.2365031499828842
25774988,2894,D,A,0.11414843996575855,0.2388342939687442,0.6470172660654973
25774991,2747,H,H,0.5761583002440017,0.22030789346285043,0.20353380629314788
25774993,2858,A,A,0.3007243498675201,0.32114224703267064,0.37813340309980925
25835780,2858,H,H,0.7604615602055885,0.18686232413696158,0.05267611565744997
25910116,2745,H,H,0.5000828124524225,0.2832766590189233,0.21664052852865415
25910136,2894,A,A,0.10576384431817057,0.17779626532473528,0.7164398903570942
25910141,2748,H,A,0.18651676504018191,0.29605857850917594,0.5174246564506422
25910146,2858,H,H,0.5034473463708766,0.28079071295167707,0.21576194067744628
25968078,2747,A,A,0.1609159897587458,0.19607018229500786,0.6430138279462463
25968156,2858,D,H,0.5728656633072949,0.2732225925503268,0.15391174414237827
25968389,2894,A,A,0.24897913749523115,0.29071173692750923,0.46030912557725956
25968447,2745,H,A,0.1400707794266409,0.1913750120298104,0.6685542085435487
25968448,2745,A,H,0.4479717677360207,0.19035437525221657,0.36167385701176274
25968449,2745,A,A,0.22217112413499746,0.3334061306401787,0.4444227452248238
25968450,2745,H,A,0.316158610061997,0.312304706020434,0.37153668391756894
25968666,2747,D,H,0.59461616380682,0.192810635105172,0.2125732010880079
25968667,2747,A,H,0.5221333044629192,0.19778245987345944,0.28008423566362134
25968668,2747,A,H,0.6021597301041126,0.21916104109569998,0.17867922880018733
25968670,2747,H,A,0.30116207242573984,0.2804724076156335,0.4183655199586267
25968674,2747,D,A,0.10958148254494321,0.19268366081817984,0.6977348566368771
25968676,2747,A,H,0.4778037567976021,0.26251481868470056,0.25968142451769743
25968864,2858,H,H,0.5255570766583287,0.31036420182473196,0.1640787215169394
25968889,2748,D,H,0.4517909712301244,0.2141323480632805,0.33407668070659496
25968985,2894,A,A,0.3531049235922484,0.25590015215685175,0.3909949242509
25969020,2745,H,H,0.6554789561255269,0.22081061101769522,0.12371043285677781
25969021,2747,A,H,0.5327816263595412,0.18575932840517664,0.2814590452352822
25969022,2858,H,H,0.38950727780092276,0.2644676574432683,0.34602506475580885
25969156,2894,H,H,0.5883261346804974,0.21371871319683727,0.19795515212266532
25969159,2748,H,H,0.5445782388932491,0.2823768333194295,0.17304492778732142
25969168,2858,A,A,0.22763383402909612,0.27114597659111705,0.5012201893797869
26196108,2894,A,H,0.5643304856165167,0.2032041017258992,0.23246541265758408
26196118,2748,H,H,0.5383074322090293,0.22031147843926935,0.2413810893517013
26196260,2858,A,A,0.24349290138301175,0.3772659912516923,0.379241107365296
26196470,2748,H,H,0.5673090611562279,0.27417159960115955,0.15851933924261258
26196473,2748,A,A,0.1594096188662873,0.2218688416129291,0.6187215395207835
26196474,2748,H,H,0.5229143641395264,0.2650287613294584,0.21205687453101515
26196476,2748,A,A,0.2630632927651257,0.36710534016442703,0.3698313670704472
26196528,2747,H,H,0.48621797287317264,0.21940298198616495,0.2943790451406625
26196552,2894,D,H,0.42982482221597523,0.2590377826425821,0.3111373951414428
26196553,2894,A,A,0.1536609913903471,0.25239480550225485,0.593944203107398
26196598,2745,D,H,0.6854892941267747,0.24136238021289966,0.07314832566032561
26196689,2858,D,H,0.5350098688894093,0.28405226862065774,0.18093786248993293
26196759,2748,H,H,0.537036906775133,0.24873504562870266,0.21422804759616418
26196770,2745,H,H,0.729591365717169,0.17026242213956205,0.10014621214326885
26196772,2747,H,H,0.5739800447772563,0.2191083580447492,0.2069115971779946
26196796,2894,A,A,0.1804883177942969,0.2110667264180423,0.6084449557876608
26196807,2858,H,H,0.4781634948486557,0.26393817981339496,0.25789832533794926
26196834,2745,A,H,0.5582565283533271,0.2139938816576532,0.22774958998901976
26196852,2748,A,A,0.24176361585151462,0.2098127173045842,0.5484236668439012
26196853,2894,H,H,0.5529574809055393,0.2572139481184028,0.18982857097605788
26196857,2858,H,H,0.735104902848297,0.19376132220478576,0.07113377494691732
26392396,2894,D,H,0.6253377692886422,0.2233994920038075,0.15126273870755036
26392405,2858,H,H,0.3701081025299512,0.2881626450905105,0.34172925237953833
26529928,2745,H,H,0.3691295524001286,0.31363739200758267,0.31723305559228876
26529954,2748,H,H,0.5890308868598959,0.22731354469852827,0.1836555684415758
26529957,2747,D,H,0.6398004103855162,0.18840355234906245,0.17179603726542134
26529959,2858,A,A,0.2242634394730649,0.31515564533825463,0.46058091518868033
26529985,2747,H,H,0.44750497875095596,0.1927862730410122,0.3597087482080317
26589482,2858,H,H,0.42638064787498364,0.2977590084847518,0.2758603436402647
26589856,2745,H,H,0.4856979339562187,0.23589207613124283,0.2784099899125384
26589857,2745,A,A,0.37525066482290725,0.20889187563408168,0.41585745954301107
26589859,2745,A,A,0.19698109351684828,0.2720776817177124,0.5309412247654394
26589860,2745,H,H,0.376072580386896,0.3539129424123969,0.2700144772007071
26589861,2745,H,H,0.5700001004825547,0.27894663907070866,0.15105326044673661
26590134,2747,A,H,0.37166799886644736,0.25694641817327,0.3713855829602826
26590137,2747,H,H,0.5671109476954773,0.2386925856001522,0.19419646670437046
26590139,2747,A,A,0.1526487689208029,0.19275481362734564,0.6545964174518515
26590143,2747,H,H,0.4443767817988215,0.26465507280698686,0.2909681453941916
26590322,2858,H,A,0.25643040341764495,0.321331824910478,0.4222377716718769
26590361,2748,A,A,0.1701475750276223,0.27050195014912165,0.559350474823256
26590538,2894,A,A,0.104957362992652,0.18604700661913381,0.7089956303882142
26590567,2745,H,A,0.310139810737532,0.2945481640568896,0.3953120252055784
26590568,2747,A,A,0.10166134618039488,0.1652700018588988,0.7330686519607064
26590570,2858,D,H,0.5865633531763799,0.24791867524760405,0.16551797157601614
26590737,2747,D,A,0.2153236469545764,0.24492112015629963,0.5397552328891241
26590738,2894,A,H,0.48472926280570416,0.2674512662670397,0.24781947092725606
26590741,2748,D,A,0.2428090594891345,0.23638872042554945,0.5208022200853161
26590752,2858,H,A,0.3339113601575657,0.26738827183409253,0.39870036800834174
26591038,2747,H,A,0.3308316918412533,0.2612965896526236,0.40787171850612314
26808097,2894,H,A,0.25535067155616265,0.25483447782101937,0.48981485062281793
26808107,2748,A,H,0.608488159588219,0.2590606136879263,0.13245122672385462
26808291,2858,A,H,0.44626562940953257,0.27186294519844695,0.28187142539202054
26808468,2747,H,H,0.4948118078973355,0.2386694360401988,0.2665187560624657
26808574,2748,H,D,0.3184906390463462,0.3674045740343709,0.31410478691928295
26808579,2748,D,H,0.4297701046231796,0.29483517503681583,0.2753947203400045
26808582,2748,A,A,0.28557553741362124,0.22916983286624476,0.4852546297201341
26808593,2748,H,H,0.41695808281097446,0.26024386458486276,0.32279805260416283
26808698,2894,H,A,0.28007098096624494,0.31128484069302853,0.40864417834072647
26808773,2745,D,H,0.4377362057132637,0.26083615670578647,0.30142763758094976
26808900,2858,H,H,0.46329651821606205,0.32658633543211424,0.21011714635182369
26808975,2748,A,H,0.5787488548695191,0.2151674057889716,0.2060837393415094
26808980,2745,H,H,0.7368620776074536,0.16011788672055785,0.10302003567198854
26809005,2894,D,H,0.5449058515661683,0.2539414401503231,0.20115270828350856
26809016,2858,H,A,0.0925369021760952,0.2522238669176432,0.6552392309062616
26809095,2748,A,A,0.39031104085584734,0.2178176995282629,0.39187125961588976
26809096,2894,H,A,0.31917733242136215,0.2700082819457053,0.4108143856329325
26809103,2858,A,H,0.4395062573497259,0.27792822619177937,0.28256551645849465
26975874,2894,A,A,0.3812777648860649,0.23659505681896512,0.38212717829496995
26975908,2894,H,H,0.7203156685647025,0.1828622722835784,0.09682205915171904
26975915,2858,H,H,0.4631634953843739,0.3114628820694864,0.22537362254613966
27000663,2894,H,A,0.16235546133787235,0.24820440781720293,0.5894401308449247
27000705,2894,H,H,0.5219750945363312,0.25485532197139915,0.22316958349226976
27094229,2745,H,H,0.47509598087938837,0.2244075278863101,0.30049649123430144
27094244,2894,A,H,0.625970253053057,0.18256007336446414,0.1914696735824789
27094250,2748,D,H,0.6806136649459823,0.20800226067381564,0.11138407438020212
27094258,2858,D,H,0.6390955848979782,0.23807314919995692,0.12283126590206486
27153553,2747,H,H,0.5144125895665062,0.20049172642576624,0.2850956840077277
27153730,2858,H,A,0.34121974700596874,0.29871417780523196,0.36006607518879913
27154184,2894,H,H,0.46159434520727816,0.23125312686593605,0.3071525279267859
27154264,2745,D,H,0.5152803033054099,0.29580582465865346,0.18891387203593674
27154265,2745,H,H,0.5826059532331388,0.25365461760829483,0.16373942915856632
27154267,2745,D,H,0.4386109195053297,0.2814108781995265,0.27997820229514386
27154268,2745,A,D,0.3477287855553275,0.3704118169353545,0.28185939750931804
27154269,2745,H,H,0.45535534604517197,0.28770468684067,0.2569399671141581
27154588,2747,H,H,0.7369664829577858,0.17870451518747435,0.08432900185473989
27154589,2747,H,H,0.39926810245152833,0.2570858848794206,0.3436460126690511
27154593,2747,H,H,0.6455009931297992,0.17581945122878959,0.17867955564141108
27154595,2747,H,H,0.4559719836175735,0.2556380379674852,0.2883899784149413
27154601,2747,H,A,0.23285623811973288,0.27769860819245207,0.489445153687815
27154776,2858,A,A,0.3058609396262293,0.2842975836061178,0.4098414767676529
27154818,2748,D,H,0.3842891107759408,0.2756794547065256,0.3400314345175336
27155024,2894,D,H,0.6404214062703201,0.17431130662819397,0.18526728710148604
27155052,2745,A,A,0.11297370161219218,0.1904146260702179,0.6966116723175899
27155053,2747,H,A,0.3286681767040198,0.25640227851597513,0.41492954478000504
27155054,2858,A,H,0.5535118217100801,0.31039006247594125,0.1360981158139787
27155238,2894,H,A,0.31593597749031904,0.27318425940676305,0.41087976310291785
27155241,2748,H,H,0.6230128625007786,0.22834923829309833,0.14863789920612303
27155251,2858,H,H,0.5720988111294328,0.2504077410838732,0.17749344778669393
27155754,2894,D,H,0.3471801790433403,0.30593030658225645,0.34688951437440324
27155755,2858,D,H,0.4300842873973773,0.28592450154601046,0.28399121105661224
27155760,2748,D,A,0.1323698447593166,0.29396593066603355,0.5736642245746498
27155776,2894,H,A,0.3502068217639606,0.22134011598963946,0.42845306224639995
27155777,2858,D,A,0.18625288096987483,0.28846324990256583,0.5252838691275593
27155795,2894,D,A,0.326371126360427,0.3174147867175057,0.3562140869220673
27155805,2858,H,D,0.3017148103811538,0.35327593531073737,0.3450092543081088
27155809,2748,H,H,0.5608951273862476,0.2777667897413723,0.16133808287238005
27155810,2748,A,H,0.44782073487826063,0.2765689601574181,0.27561030496432115
27155811,2748,H,H,0.6603201839694354,0.22175487763311402,0.11792493839745057
27155812,2748,A,H,0.4665481132529369,0.24388540502443526,0.28956648172262783
27155814,2747,D,H,0.4095839978781929,0.29419165237646794,0.2962243497453393
27155818,2745,H,H,0.6571068329617268,0.1968186039722118,0.14607456306606134
27155821,2858,H,H,0.6673970661585977,0.2191692665674476,0.11343366727395472
27155824,2748,D,H,0.46536425473283693,0.2365137825139313,0.29812196275323183
27155826,2745,D,H,0.5037331920409344,0.19447267695269024,0.30179413100637537
27155827,2747,H,A,0.36305336829556567,0.22144614807233984,0.4155004836320944
27155830,2894,H,H,0.5631631158007735,0.2237794508413654,0.21305743335786115
27155834,2748,A,A,0.3302632277623377,0.2505960214051461,0.4191407508325163
27155839,2894,H,H,0.5226335197599086,0.2861125465636136,0.1912539336764778
27155841,2894,H,A,0.32673763226811026,0.31496200553307335,0.3583003621988163
27155842,2747,H,H,0.4424128828889041,0.21395602942338707,0.3436310876877087
27155843,2858,D,H,0.40413787552761415,0.34225224025125855,0.25360988422112724
27613918,2858,H,A,0.32419464863433495,0.3111504665381229,0.36465488482754216
27613922,2747,A,A,0.3660471503916979,0.2613088939881297,0.3726439556201725
27613924,2747,H,A,0.1550920304686561,0.233298491859605,0.611609477671739
27613927,2748,A,A,0.2201769356011177,0.24574201670816456,0.5340810476907177
27613928,2748,A,A,0.12451230094487625,0.21280455230630976,0.6626831467488139
27613929,2748,D,A,0.19285719606080692,0.2550804057647166,0.5520623981744764
27613930,2748,D,H,0.40106326195270314,0.2735687939414528,0.325367944105844
27613931,2747,D,H,0.5795707926256863,0.2397591649571326,0.1806700424171811
27613932,2748,D,H,0.6119425754830755,0.2389085329619982,0.14914889155492628
27613933,2748,D,A,0.2328333477134035,0.23566239607980938,0.5315042562067871
27613934,2748,H,H,0.6185533999571116,0.23191418672383315,0.1495324133190553
27613935,2748,A,A,0.1700814577486099,0.2622849062349263,0.5676336360164639
27613936,2748,A,A,0.23625192300257164,0.32397520366626886,0.43977287333115944
27613946,2748,A,H,0.5038291682807748,0.22470243828416206,0.2714683934350631
27613947,2858,A,A,0.2723472143643144,0.2891993149051226,0.4384534707305629
27613948,2894,D,H,0.6273833100268714,0.2319991505028066,0.14061753947032196
27613949,2858,A,A,0.1951168279040553,0.2630368675330863,0.5418463045628584
27613950,2894,H,H,0.7039361030574525,0.1943913099715698,0.10167258697097785
27613951,2745,D,H,0.5343420870820067,0.2123459952601471,0.2533119176578461
27613952,2858,D,H,0.3885058503434806,0.3061143916701152,0.30537975798640415
27613953,2745,D,A,0.1921835141302887,0.2643645218092808,0.5434519640604305
27613954,2745,A,H,0.672774486333037,0.20520838887928078,0.12201712478768217
27613955,2894,H,A,0.14200887324168232,0.2617194380373098,0.5962716887210079
27613956,2858,D,H,0.38066689469489856,0.3309719651438324,0.28836114016126896
27613957,2747,H,A,0.13162071161049543,0.21873212226766076,0.6496471661218438
27613958,2858,H,H,0.6438960630786137,0.22667061084017887,0.12943332608120747
27613959,2894,A,A,0.3124871410770031,0.2749026131509299,0.412610245772067
27613960,2745,H,H,0.7880014101730122,0.15776149084100394,0.05423709898598383
27613961,2745,H,H,0.6358196225381149,0.21610306048134856,0.14807731698053658
27613962,2745,D,H,0.6582902868990252,0.1986684595617729,0.14304125353920188
27613963,2745,D,A,0.26767466534019657,0.32523707002878866,0.40708826463101466
27613964,2747,D,A,0.20117114371521483,0.2209731738219637,0.5778556824628215
27613965,2747,H,H,0.6226692257635329,0.2194876386044619,0.15784313563200522
27613966,2858,D,D,0.3397183571731125,0.36938876828235057,0.29089287454453694
27613967,2894,H,H,0.6236911083089701,0.17027581561950747,0.20603307607152233
27613968,2894,A,H,0.5458080898095587,0.253337517304884,0.20085439288555723
27613969,2747,A,A,0.1046861454117533,0.1827980207205795,0.7125158338676673
27613970,2894,D,A,0.27546591483628446,0.2539626488885151,0.4705714362752004
27613971,2858,H,H,0.4380317167155114,0.30178962561408285,0.2601786576704057
27613972,2894,A,H,0.40866843116373847,0.26988958867918145,0.32144198015708
27613973,2858,D,A,0.2638618596303902,0.28403995731478765,0.452098183054822
27613974,2747,A,A,0.22125119723057782,0.2182096012390817,0.5605392015303404
27613975,2747,D,A,0.3664927354325757,0.23938614838580155,0.3941211161816229
27613976,2894,A,A,0.25822106018312346,0.2738401087353328,0.4679388310815436
27613977,2894,D,A,0.3374165617306581,0.27481266299813556,0.3877707752712063
27613978,2745,H,H,0.6185327169483716,0.2376581988560212,0.14380908419560728
27613979,2858,H,H,0.4098552574752455,0.34053720100851465,0.24960754151623984
27613980,2745,A,H,0.3682671152193531,0.2716354638976548,0.36009742088299207
27613981,2747,H,H,0.5726999173328101,0.22656251870628663,0.20073756396090328
28354617,2747,D,H,0.522192982976507,0.2540188696898475,0.22378814733364552
28354635,2894,H,A,0.3279227275275879,0.3169009630965797,0.3551763093758324
28354636,2748,H,H,0.504087292997049,0.2760493739162592,0.2198633330866918
28354637,2858,H,H,0.5996401194565271,0.2503961786498163,0.14996370189365668
28354643,2858,D,H,0.3768340196316841,0.35474515993516365,0.2684208204331522
28354644,2858,A,H,0.3608584128995477,0.3054718635318607,0.3336697235685916
28354645,2748,H,H,0.7168236820230622,0.20946108786752002,0.07371523010941786
28354647,2748,D,H,0.4951472354101792,0.22202200213307993,0.2828307624567408
28354648,2748,D,H,0.33724205396680385,0.33109861139750774,0.3316593346356885
28354649,2858,H,H,0.6338872281779494,0.2564821717554912,0.1096306000665594
28354650,2747,A,A,0.13919313551128973,0.21040306826383462,0.6504037962248757
28354651,2745,A,A,0.25863961958692316,0.28291337238992514,0.4584470080231517
28354652,2747,D,H,0.5648670372601291,0.20533392408229464,0.22979903865757634
28354653,2858,H,H,0.5232015673672044,0.24453917015597662,0.23225926247681894
28354654,2894,D,H,0.6168470185408264,0.23663074594005223,0.14652223551912147
28354655,2748,H,H,0.4643670769419175,0.32330571762996346,0.21232720542811903
28354656,2745,D,H,0.49705634986952535,0.2539295352715156,0.24901411485895908
28354657,2894,H,H,0.4811498936909727,0.28262869610944485,0.2362214101995825
28354658,2894,H,H,0.6657703935625848,0.162043097609839,0.1721865088275761
28354659,2747,D,A,0.21619107975974192,0.22515743090934867,0.5586514893309095
28354660,2894,D,A,0.3354304181544243,0.2919559886090425,0.37261359323653326
28354661,2747,H,H,0.5336597541335119,0.26963125902074286,0.19670898684574534
28354662,2745,D,H,0.47741033000610283,0.3230741247071739,0.19951554528672327
28354663,2745,H,A,0.18722082068099508,0.21969914391172518,0.5930800354072798
28354664,2745,H,H,0.536673355693769,0.26930874737467453,0.19401789693155652
28354665,2858,A,A,0.27655887156221004,0.3181409288718845,0.40530019956590535
28354666,2748,D,H,0.4915168853319578,0.25057617357760786,0.2579069410904344
28354667,2745,D,H,0.48347886576878146,0.2618764403403351,0.25464469389088357
28354668,2747,H,H,0.7074244967501537,0.17259825278867155,0.11997725046117483
28354669,2748,A,A,0.12866506622121707,0.2644802879719877,0.6068546458067954
28354670,2894,H,A,0.29622288505500344,0.2966826798788034,0.40709443506619314
28354671,2745,H,H,0.6889823698048148,0.1902419002209075,0.12077572997427775
28354672,2747,A,H,0.39035433411572573,0.26083137797875133,0.34881428790552294
28354673,2858,D,H,0.4132921879518964,0.29254810247993895,0.29415970956816473
28354674,2748,A,A,0.35610555043629516,0.23338328460970184,0.4105111649540029
28354675,2894,H,H,0.49427512420606834,0.2467949539286834,0.25892992186524816
28354676,2894,A,A,0.11929952946294385,0.1781218097434384,0.7025786607936176
28354677,2745,H,H,0.40552609737234596,0.2774442429441995,0.3170296596834546
28354678,2858,A,H,0.37605184451580437,0.2963443568895307,0.32760379859466493
28354679,2748,A,H,0.5095472203361894,0.25726924848053057,0.23318353118328003
28354680,2745,H,A,0.172243547216208,0.22776144292420808,0.599995009859584
28354681,2894,H,H,0.542560920459203,0.19970670467456408,0.2577323748662329
28354682,2858,H,H,0.3999789391449634,0.32375496496335243,0.2762660958916841
28354683,2748,A,A,0.33421719228562585,0.2520016589653329,0.4137811487490412
28354684,2894,A,H,0.40648797622385147,0.23886573031438715,0.35464629346176135
28354685,2858,H,H,0.45710707092133274,0.26596392819772735,0.27692900088094
28487058,2747,H,H,0.556117119410249,0.1992137398404842,0.24466914074926682
28557736,2747,H,H,0.5017882228102827,0.22099046524943777,0.27722131194027955
28557737,2747,H,H,0.7555186909981899,0.1304937702948897,0.11398753870692023
29855285,2894,D,H,0.45747684163733204,0.25935373187617916,0.28316942648648896
29855287,2858,H,H,0.5279222971461666,0.27170247330796105,0.2003752295458723
29855288,2894,H,H,0.42365330776239285,0.25442277465090246,0.32192391758670463
29855293,2747,H,H,0.3648329420219253,0.28725243131093936,0.34791462666713524
29855299,2747,H,H,0.44400294649083755,0.25680456721345535,0.29919248629570716
29855300,2748,H,H,0.4829482543176102,0.2955152492289939,0.221536496453396
29855313,2747,D,A,0.18139717698694877,0.25101645025304653,0.5675863727600047
29855314,2858,D,H,0.37715498664046676,0.29949057623617986,0.32335443712335343
29855315,2748,D,H,0.4920732712264381,0.2861626378833469,0.22176409089021495
29855316,2858,D,H,0.5355392544246893,0.2865198512789363,0.17794089429637439
29855328,2894,H,H,0.3786113385744162,0.2720903692969271,0.34929829212865665
29855329,2858,A,H,0.41851493307802273,0.3090526746930779,0.2724323922288994
29855330,2894,H,H,0.6577022935340425,0.20138958149163202,0.14090812497432548
29855332,2894,A,A,0.25438175087236997,0.2744459769777456,0.4711722721498844
29855333,2858,H,H,0.4196831667225492,0.3297501882132889,0.250566645064162
29855334,2894,A,A,0.1711806628903546,0.24540186848607573,0.5834174686235697
29855336,2747,H,A,0.3376430545393816,0.2566053050236932,0.40575164043692513
29855337,2747,H,A,0.20622013312420842,0.2755974589633148,0.5181824079124767
29855340,2745,A,H,0.5732064352009539,0.22228971026932898,0.20450385452971714
29855341,2745,D,H,0.6271580641351349,0.25266264249086134,0.12017929337400383
29855342,2894,A,H,0.7531575167949539,0.13978167774673778,0.10706080545830833
29855343,2745,H,H,0.5028769477738031,0.2219722348803479,0.275150817345849
29855344,2858,D,H,0.40616438231917296,0.3112928891464968,0.2825427285343302
29855345,2747,A,H,0.37845456808781175,0.2573646383920001,0.3641807935201882
29855347,2858,H,H,0.7223411178301958,0.18921165159186382,0.08844723057794039
29855348,2894,A,H,0.4904876114338395,0.2798460011992221,0.22966638736693823
29855349,2748,A,A,0.24978238706484615,0.2704184859060891,0.47979912702906474
29855355,2748,H,H,0.4514517706144691,0.2580166041156824,0.2905316252698486
29855359,2748,D,A,0.09367149034199725,0.21711133425915796,0.6892171753988448
29855360,2748,H,A,0.3197383300527258,0.267435820051064,0.41282584989621013
29855361,2894,D,H,0.36294303341307466,0.31114137886202486,0.3259155877249004
29855363,2745,D,H,0.4066646512163339,0.31072117275571276,0.2826141760279534
29855365,2748,H,H,0.653962831746907,0.1952398924681058,0.15079727578498725
29855366,2745,A,H,0.5037124583769327,0.27599592270304446,0.22029161892002283
29855370,2858,H,A,0.33047460447138644,0.30077813966595357,0.36874725586266
29855375,2748,A,H,0.49769099461069805,0.24735058751985395,0.2549584178694481
29855377,2747,H,H,0.7101810473883658,0.17883601316012687,0.11098293945150725
29855378,2747,D,H,0.4679492606994606,0.20769457720995807,0.3243561620905814
29855379,2745,H,H,0.6476736639628176,0.2075826050408098,0.1447437309963726
29855380,2894,H,H,0.647326786290891,0.21256730083289596,0.14010591287621302
29855385,2747,H,H,0.6021706478725163,0.17016987308256565,0.22765947904491807
29855387,2747,D,A,0.3121210599439385,0.2488674710691288,0.4390114689869327
29855388,2858,A,A,0.10218769166744093,0.21926931392208154,0.6785429944104774
29855389,2745,D,H,0.6632244596510484,0.23262850140662655,0.10414703894232517
29855410,2745,D,H,0.6913788700124154,0.18344517693562912,0.12517595305195545
29855411,2745,A,A,0.23402370036347045,0.3086413591103579,0.4573349405261717
29855414,2748,A,H,0.40800580204983794,0.22813684055145114,0.363857357398711
29855429,2748,H,H,0.3911617763113316,0.31221376368014037,0.29662446000852816
29855430,2858,D,H,0.5437847502874216,0.28296916853846,0.17324608117411847
30472937,2858,A,H,0.5998944892435462,0.25570800114750647,0.1443975096089474
30472938,2858,A,H,0.6163415272525797,0.2255892703934102,0.15806920235400998
30472939,2858,A,A,0.3005057331256333,0.3042261267874572,0.3952681400869096
30472940,2858,H,H,0.4412774509765572,0.33335207260513655,0.2253704764183063
30472941,2858,H,H,0.5415579319399149,0.3201887383937519,0.1382533296663332
30472942,2858,H,H,0.5204924447554604,0.28398894836956173,0.19551860687497785
30472943,2858,D,A,0.31013655717551736,0.32734604423864194,0.36251739858584076
30472944,2858,D,A,0.2444670022847866,0.31110437671763597,0.44442862099757746
30472945,2894,A,H,0.4689610767220781,0.24473600315585323,0.28630292012206865
30472946,2894,H,A,0.2841851644003478,0.30724798303508194,0.4085668525645703
30472947,2894,H,H,0.4663206897377265,0.2145483096858361,0.3191310005764374
30472962,2894,A,A,0.29547584716726477,0.22986823808799345,0.4746559147447418
30472967,2894,A,H,0.395933104563155,0.30568044968321495,0.2983864457536301
30472969,2894,A,A,0.1271640289155918,0.16906381167713874,0.7037721594072696
30472970,2894,D,H,0.5482151642704213,0.2440323050429496,0.20775253068662913
30472971,2894,D,A,0.22452480987610993,0.241330255529639,0.5341449345942509
30472978,2748,A,A,0.233638332900249,0.22224173386916585,0.5441199332305852
30472980,2894,D,H,0.4283411419654726,0.2916405622115349,0.2800182958229924
30472988,2894,D,H,0.5586408480390513,0.2565592559416138,0.18479989601933489
30472992,2748,D,A,0.15861102489392004,0.2557690408941836,0.5856199342118963
30472995,2748,H,H,0.6191905056474298,0.2134974639715015,0.16731203038106873
30473003,2745,H,A,0.3283196569078058,0.31886912447901045,0.3528112186131838
30473004,2858,A,A,0.23973748576727916,0.26851599558143746,0.4917465186512834
30473008,2748,D,A,0.2814160721700153,0.25989117055076794,0.4586927572792168
30473009,2748,H,H,0.37324874909554817,0.25959571971350703,0.36715553119094485
30473014,2747,H,H,0.6322316631694213,0.19323518285217817,0.1745331539784006
30473015,2747,A,A,0.34281240485267606,0.22077930063762538,0.4364082945096986
30473016,2747,A,H,0.4113163716506106,0.26751270403237365,0.32117092431701577
30473017,2747,A,H,0.5641659412959139,0.23706150577539872,0.19877255292868737
30473018,2747,H,H,0.541259969290551,0.2424909968070759,0.21624903390237324
30473019,2747,D,A,0.2213014958807035,0.19617345703645858,0.5825250470828379
30473020,2747,H,A,0.3163043941424048,0.2608977779600027,0.42279782789759257
30473021,2747,H,A,0.32291118605622343,0.25243805589539786,0.42465075804837876
30473024,2745,A,A,0.21144273010193207,0.24881185446449094,0.539745415433577
30473025,2745,H,H,0.5684962504896777,0.2827796860405602,0.1487240634697622
30473026,2745,D,H,0.6621781172567518,0.17748783081543376,0.16033405192781444
30473027,2745,A,H,0.3703269782033835,0.3489956432621829,0.28067737853443353
30473028,2745,A,H,0.44820926540546496,0.27903813205204175,0.2727526025424933
30473029,2745,A,A,0.22658394155534675,0.28576777161920497,0.4876482868254482
30473032,2748,A,D,0.336055347760655,0.3519863827766058,0.31195826946273914
30473033,2748,A,H,0.44843451163140907,0.2543038784313644,0.2972616099372266
30473042,2747,A,A,0.06926443380129386,0.15171944344672655,0.7790161227519796
30473046,2748,A,H,0.35198247395427507,0.3492345761786199,0.29878294986710496
30473048,2748,H,A,0.09760211999474278,0.26801995036039344,0.6343779296448636
30473050,2747,A,H,0.45721181627404506,0.2642164539890983,0.2785717297368566
30473051,2745,H,H,0.4283276142020983,0.2618893336320959,0.30978305216580576
30473054,2748,D,H,0.5984002472477254,0.2139440360717371,0.1876557166805375
30473056,2745,H,H,0.5372692408309645,0.19923673982829615,0.26349401934073935
30613808,2858,D,H,0.6671931404184616,0.21641688381162025,0.11638997576991823
31305761,2747,H,A,0.24749181805730627,0.22130909650644034,0.5311990854362533
31305762,2747,A,H,0.597949619975409,0.2559486376483514,0.1461017423762397
31305763,2747,A,A,0.3095436051144188,0.2607192727229786,0.4297371221626025
31305764,2747,H,H,0.7549900956327449,0.13886318089878313,0.1061467234684719
31305765,2747,D,A,0.11493707514816817,0.16906695689982779,0.7159959679520039
31305766,2747,A,A,0.19327913924132262,0.2741782041453607,0.5325426566133167
31305767,2747,A,A,0.15594529983837477,0.20855334588591287,0.6355013542757122
31305768,2747,H,A,0.36043283223913464,0.22904596130740895,0.4105212064534565
31305769,2747,A,A,0.2624461901642878,0.25572456143987343,0.4818292483958388
31305770,2747,A,A,0.22355878709071175,0.2513162450751366,0.5251249678341516
31503252,2894,H,A,0.3271793394565162,0.2893532013731107,0.38346745917037306
31503417,2745,H,H,0.3469138034527388,0.31521449389743406,0.3378717026498272
31503437,2894,A,A,0.1938901747952583,0.2744198160952454,0.5316900091094963
31503448,2748,A,A,0.31955053283128,0.24818450738625483,0.43226495978246526
31503453,2858,H,H,0.42464509227939534,0.31942849602634016,0.2559264116942646
31519684,2858,A,H,0.49320710765172876,0.25159629734575273,0.2551965950025186
31519685,2894,D,H,0.3806806065379114,0.2596176565464949,0.3597017369155937
31519686,2858,A,H,0.4136935638531627,0.3410376824311879,0.24526875371564943
31519687,2858,H,H,0.6111093009348464,0.25378799286888676,0.13510270619626685
31519688,2858,D,A,0.14573838875108852,0.24281726283722974,0.6114443484116817
31519689,2858,H,H,0.6620615632055254,0.24214672309277016,0.09579171370170438
31519690,2748,H,H,0.49948898553860277,0.25247038945313216,0.24804062500826501
31519691,2858,A,A,0.1569276824341711,0.21689266020707318,0.6261796573587557
31519692,2858,H,H,0.6264132055544501,0.21180568379239503,0.16178111065315484
31519693,2858,H,H,0.4614866145406754,0.27789193045179367,0.26062145500753103
31519694,2858,A,H,0.6249094905491226,0.25790736850594825,0.1171831409449291
31519695,2894,H,H,0.46757190161442047,0.2728991166132202,0.2595289817723592
31519696,2748,H,H,0.6586241539978129,0.235426729538174,0.10594911646401306
31519697,2894,H,A,0.2589027182985464,0.22098698574859246,0.5201102959528611
31519698,2748,H,H,0.4805663282247554,0.2835867173255726,0.23584695444967202
31519699,2748,H,H,0.5281926753093386,0.2521963750716787,0.21961094961898275
31519700,2894,D,H,0.4225044221836846,0.29489116770577395,0.2826044101105415
31519701,2748,H,A,0.22763298286219202,0.2455952570129164,0.5267717601248916
31519702,2748,H,H,0.389391234390306,0.25899421098963044,0.3516145546200635
31519703,2748,H,H,0.4927123811100617,0.34836764568937345,0.15891997320056497
31519704,2894,D,H,0.5690035686611118,0.240067210582052,0.19092922075683622
31519705,2748,H,H,0.5347209712872336,0.21865495463604037,0.24662407407672604
31519706,2894,A,H,0.5115928451411643,0.253812760115897,0.23459439474293867
31519707,2894,D,H,0.7583161885540048,0.15737271438339726,0.08431109706259786
31519708,2748,H,H,0.41621754343354683,0.23913354890738384,0.3446489076590693
31519709,2894,D,A,0.3559556866117645,0.2256142458569476,0.4184300675312879
31519710,2745,D,H,0.4445732969304082,0.3018871881289811,0.25353951494061067
31519711,2745,D,A,0.1902714674542581,0.21539339498271978,0.5943351375630223
31519712,2745,D,H,0.40435592653565394,0.3141458611829097,0.28149821228143634
31519713,2745,D,H,0.6684019945811996,0.22913562054819905,0.10246238487060129
31519714,2745,A,A,0.32267091754084587,0.2775090812614712,0.399820001197683
31519715,2745,H,H,0.6495218657778724,0.21475698495341838,0.13572114926870923
31519716,2745,D,A,0.23901295594991914,0.2987120104879506,0.46227503356213034
31519717,2745,D,H,0.7889495007033818,0.15169402791327527,0.05935647138334298
32208492,2745,D,H,0.36883735713143384,0.33829045124724605,0.29287219162132005
32208501,2894,H,A,0.23480863850866254,0.27381613856568143,0.4913752229256561
32208511,2748,A,A,0.07322037234835947,0.18918638891123393,0.7375932387404065
32208516,2747,D,H,0.7993052261823178,0.12504910409090877,0.07564566972677336
32208517,2858,D,H,0.42823427926688196,0.3123713776734809,0.2593943430596371
32208736,2747,H,H,0.5871799128687067,0.19486917249310706,0.21795091463818625
32290738,2747,H,H,0.4900798427465793,0.2861221955864108,0.22379796166701005
32290890,2858,H,A,0.325446202853841,0.30022819248739074,0.3743256046587683
32291132,2894,H,A,0.30138550729623703,0.2962118160913621,0.4024026766124009
32291306,2745,H,A,0.23255753724406894,0.2110030968015726,0.5564393659543585
32291307,2745,A,H,0.4489658019676175,0.31006060855230727,0.24097358948007522
32291308,2745,A,A,0.2621614990259931,0.3056605681448065,0.4321779328292004
32291309,2745,A,H,0.3715976477229562,0.290690042601569,0.3377123096754747
32291904,2747,D,A,0.3720220883145981,0.2477848714396498,0.3801930402457521
32291913,2747,D,H,0.46212691988767923,0.25307267302157976,0.28480040709074106
32291921,2747,H,H,0.43101708980832415,0.23617550505252466,0.33280740513915125
32291924,2747,H,H,0.7479048275709732,0.1423713186677932,0.10972385376123359
32291965,2858,A,A,0.2793304161163051,0.3290382958424689,0.3916312880412259
32292088,2748,D,A,0.21034641300152918,0.24722919725181808,0.5424243897466526
32292337,2894,A,H,0.5955828727205755,0.22298917784527827,0.18142794943414622
32292464,2745,H,H,0.5292859247930747,0.23668569306233028,0.23402838214459507
32292469,2858,H,H,0.4503554936900331,0.30837506299418194,0.24126944331578493
32292470,2858,H,A,0.18332384953344713,0.35559412121881157,0.46108202924774117
32292628,2894,D,A,0.313842256216921,0.32661839984114466,0.3595393439419344
32292633,2748,H,H,0.38455270070633524,0.2556332094929853,0.3598140898006795
32292650,2858,H,H,0.6143035713670739,0.22686773569894259,0.15882869293398352
32292964,2747,D,A,0.17868235743569574,0.1807583328513336,0.6405593097129706
32617668,2894,A,A,0.27426767780526934,0.22685693500319892,0.4988753871915317
32617693,2748,A,H,0.5009998064808626,0.23495480173194366,0.2640453917871937
32617936,2858,A,A,0.28849314823111016,0.33995999189340137,0.37154685987548847
32618229,2748,D,A,0.2477227015498042,0.3216923833179323,0.43058491513226355
32618241,2748,A,H,0.40491835712101354,0.302084392733463,0.2929972501455234
32618244,2748,D,H,0.45354286444585395,0.3139142872515368,0.2325428483026092
32618247,2748,A,H,0.5505351250096845,0.24128357807372827,0.20818129691658732
32618290,2894,H,H,0.5145400882935341,0.29582961952428727,0.18963029218217858
32618291,2894,H,A,0.32625767925175414,0.30404629883003914,0.3696960219182067
32618519,2747,A,A,0.34181501046900253,0.28892776897040234,0.369257220560595
32618528,2747,H,H,0.38663179576089046,0.2533129325862389,0.3600552716528706
32618615,2745,H,H,0.5810698862034659,0.25821714528642403,0.16071296851011013
32618765,2858,H,H,0.5001459832486762,0.26548267728787356,0.2343713394634503
32618959,2748,H,A,0.34699657933662126,0.22749038645681988,0.4255130342065589
32618983,2745,H,H,0.46953734589857854,0.24694170727543077,0.28352094682599066
32619003,2894,H,H,0.5414777571201824,0.21801664742517765,0.2405055954546399
32619048,2858,H,H,0.42692415852024407,0.30024423699483194,0.27283160448492416
32619073,2745,A,A,0.3376479734350485,0.29644033604810544,0.36591169051684613
32619110,2748,A,A,0.32132917201031364,0.25278778102892596,0.42588304696076035
32619111,2894,A,A,0.277799985406403,0.20977725837566658,0.5124227562179304
32619128,2858,H,H,0.3670447581996304,0.29827466250303836,0.33468057929733125
32878349,2894,H,A,0.3526434752232318,0.23360561434612287,0.4137509104306454
32881566,2894,D,A,0.27219262714769615,0.2262896584701878,0.5015177143821161
32881567,2894,H,H,0.6161217797727602,0.2267854403710597,0.1570927798561802
32881568,2894,H,H,0.5346197305965349,0.25222769086394736,0.21315257853951772
32881569,2894,D,H,0.36285531143353156,0.30635987329715064,0.33078481526931774
32881570,2894,H,A,0.3721271567179199,0.22404269944703248,0.4038301438350476
32881571,2894,A,A,0.31641684331330683,0.28495991566155204,0.3986232410251412
32881572,2894,D,H,0.38785618229151314,0.23665808197007243,0.3754857357384144
32881573,2745,H,H,0.3885936536221087,0.2723319506222093,0.339074395755682
32881574,2745,H,H,0.8233466950236172,0.12523809289145085,0.05141521208493186
32881575,2745,H,A,0.29260392819610376,0.31480400605336756,0.39259206575052863
32881576,2745,A,A,0.27392469462222474,0.2903262189376254,0.43574908644014976
32881577,2745,H,H,0.36985493053139445,0.294504674307244,0.3356403951613616
32881578,2745,D,H,0.4961094079898239,0.28942357364612314,0.21446701836405296
32881579,2745,H,H,0.6237723634383757,0.24075801979021766,0.1354696167714066
32881580,2745,D,H,0.3756504246709108,0.2940958055596753,0.3302537697694139
32881581,2894,D,H,0.6495947605439969,0.21651214733677332,0.1338930921192298
32881582,2894,A,A,0.31313360831201936,0.296566436889174,0.39029995479880664
32881583,2745,D,A,0.10911909802755139,0.2123707108682325,0.6785101911042162
32881584,2894,H,A,0.3206370610493065,0.2785964362263655,0.400766502724328
32881585,2858,A,H,0.5077298534233669,0.29504805688804336,0.19722208968858984
32881586,2858,H,H,0.4850203886424313,0.3339101685825635,0.18106944277500517
32881587,2858,H,H,0.5680607355613222,0.24913721957719587,0.182802044861482
32881588,2858,H,A,0.156756025131504,0.2623804070502322,0.5808635678182638
32881589,2858,H,H,0.6244900701292477,0.2552463683337763,0.120263561536976
32881590,2858,H,H,0.6302871050595079,0.22033438604269723,0.14937850889779472
32881591,2858,A,H,0.48812506302901515,0.2960470832056978,0.21582785376528715
32881592,2858,D,H,0.4413077047780828,0.29550469251756073,0.26318760270435654
32881593,2858,A,H,0.38939855062294026,0.312643172920173,0.29795827645688666
32881594,2858,H,A,0.2847639915166986,0.21277725713143747,0.5024587513518639
32914267,2747,H,A,0.3628736592163953,0.2647079341383979,0.3724184066452069
32914288,2747,H,H,0.4838112473869738,0.2083020514055684,0.3078867012074577
32914313,2747,D,A,0.3174438329779437,0.29735278502181506,0.3852033820002412
32918880,2747,D,A,0.30302788927028323,0.26668294127325226,0.43028916945646434
32918881,2747,A,A,0.16133875198469444,0.1929764551711516,0.6456847928441539
32918882,2747,A,A,0.3281827823896774,0.3298923596982529,0.3419248579120698
32918883,2747,A,A,0.20969915793430227,0.2191573940771383,0.5711434479885593
32918884,2747,H,H,0.41796133712826844,0.1723062209362882,0.4097324419354433
32918885,2747,A,A,0.3215976292896776,0.22908107087689603,0.44932129983342634
32918886,2747,H,A,0.15371465647024185,0.2409101968426497,0.6053751466871085
33067428,2748,A,A,0.2774331498217725,0.2721636849096972,0.4504031652685303
33067432,2858,A,H,0.3393398794798718,0.33513194592629425,0.3255281745938338
33075124,2748,H,H,0.4119920351175176,0.276969816000206,0.3110381488822764
33075125,2748,A,A,0.2508832926597664,0.24431143810576045,0.5048052692344731
33075126,2748,H,H,0.6121696281245275,0.2471103949910077,0.14071997688446483
33075127,2748,A,H,0.6847632939844659,0.18271405076429612,0.13252265525123805
33075128,2748,H,H,0.6789389761048259,0.22289770669618666,0.09816331719898745
33075129,2748,H,A,0.28793695180815915,0.2555094014970891,0.4565536466947517
33075130,2748,A,A,0.212824343388757,0.26070487494329125,0.5264707816679518
33075131,2748,A,H,0.4206534239058064,0.29008646056648496,0.2892601155277087
33075132,2748,H,H,0.7465018548925714,0.16980753253632708,0.08369061257110148
33142107,2747,H,H,0.3898196902073332,0.23563510837638765,0.37454520141627906
33142689,2747,H,H,0.672200577120976,0.1833784563441317,0.14442096653489228
33142693,2747,H,H,0.5647594374623214,0.223719891437887,0.21152067109979156
33143008,2858,H,A,0.23676458688229735,0.3327668330546027,0.4304685800630999
33143513,2858,H,H,0.663344906439,0.2315190568256868,0.1051360367353132
33143710,2858,H,H,0.6047681094839978,0.21987315593498602,0.1753587345810162
33470154,2858,H,H,0.363636372071574,0.3096755612912636,0.3266880666371623
33470255,2747,H,H,0.36636877799903644,0.299257412651063,0.33437380934990063
33470263,2747,A,A,0.12869024264321666,0.16662917984411132,0.704680577512672
33470267,2747,H,H,0.38181446712637873,0.25122560094468094,0.3669599319289403
33470270,2747,H,H,0.6908476316738754,0.18097977849294122,0.12817258983318328
33470913,2858,H,H,0.4820958672644401,0.2710931556036064,0.24681097713195346
33471085,2747,H,H,0.4793534862451969,0.22019909585439051,0.30044741790041257
33471158,2858,H,H,0.3744852712441047,0.3029257375395337,0.3225889912163616
33471243,2858,A,A,0.14952876175219723,0.289659665067073,0.5608115731807298
33739989,2858,D,H,0.34637082238135597,0.3207642184292583,0.33286495918938575
33740007,2858,A,H,0.36947273957048354,0.3348843643077769,0.29564289612173955
33740009,2747,D,H,0.4779544100527788,0.24954583458209323,0.27249975536512794
33773791,2858,H,H,0.7198608325188709,0.18976908759104677,0.09037007989008239
33773792,2858,H,H,0.521842807299851,0.29450547651038367,0.1836517161897653
33773817,2894,D,A,0.16743807132998462,0.2433035902627758,0.5892583384072395
33773823,2747,H,H,0.6690770520193936,0.15775429012341657,0.17316865785718977
33773832,2858,H,A,0.2710622514459071,0.28582754542159694,0.44311020313249594
33826461,2894,H,H,0.5552622828083825,0.2740224445490485,0.17071527264256897
33826462,2894,H,H,0.6665228278667709,0.18089971764559534,0.1525774544876338
33826463,2894,A,A,0.23381632615713355,0.2621187422001242,0.5040649316427424
33826464,2894,D,A,0.292414613287093,0.22256697163822056,0.48501841507468646
33826529,2858,D,A,0.29794857785573026,0.27285954119885647,0.42919188094541344
33826584,2894,A,A,0.2189682994007516,0.25455322739756586,0.5264784732016825
33826585,2894,H,H,0.5137335453280718,0.24530376046386598,0.24096269420806227
33826586,2894,D,A,0.31648415138452124,0.26471990840924736,0.4187959402062314
33826587,2894,D,H,0.6416723779770943,0.23156773168325978,0.12675989033964588
33826590,2858,H,H,0.6928535874543036,0.20232154543958486,0.10482486710611154
33826591,2858,H,H,0.38444554631010414,0.2916350851287297,0.32391936856116604
33896076,2858,H,H,0.5738888902246332,0.2568715382854222,0.16923957148994465
33896077,2858,H,H,0.4951173968030232,0.3083372826519853,0.19654532054499138
33896108,2894,H,A,0.29097839898045225,0.26190529057422435,0.4471163104453234
33896117,2858,A,H,0.48874798889417903,0.2770437921425113,0.23420821896330965
33896118,2858,H,H,0.4990149560547481,0.32664320844107614,0.17434183550417567
33926436,2745,A,H,0.6508179759315071,0.22122894152327602,0.12795308254521673
33998997,2745,A,H,0.6755669667472949,0.19817098877713998,0.12626204447556505
34007594,2894,H,A,0.38066825340278954,0.20378195970446217,0.4155497868927483
34007688,2745,A,H,0.41623688959668753,0.279758075269763,0.30400503513354943
34007689,2745,H,H,0.3576562862689345,0.3016575305686038,0.34068618316246174
34007690,2745,H,H,0.5833939412269594,0.2767088736867868,0.13989718508625376
34007691,2745,H,A,0.2860209606192313,0.2934671791171679,0.4205118602636008
34007692,2745,H,D,0.3475292369734792,0.35179208138628876,0.300678681640232
34007749,2747,A,A,0.3422658175911343,0.22799823396486713,0.42973594844399854
34007759,2747,H,H,0.8087569837364694,0.12738381000835208,0.0638592062551785
34007765,2747,H,H,0.4531080761259555,0.25301127537684415,0.2938806484972004
34007766,2747,H,A,0.22670189674550462,0.23054000844625308,0.5427580948082422
34008157,2748,H,A,0.3494889413470488,0.22914460372641945,0.4213664549265318
34008448,2894,A,A,0.370479479077727,0.22261537042295604,0.406905150499317
34008538,2747,H,H,0.5141233527045649,0.21898987955568058,0.2668867677397545
34008540,2745,A,A,0.16562163061496554,0.23558392955826374,0.5987944398267707
34008576,2748,H,A,0.2816989334843337,0.25858933838039583,0.45971172813527045
34008695,2894,H,H,0.40258259239462063,0.29068347187328414,0.3067339357320953
34008702,2748,H,H,0.4377653518288999,0.22621705421009242,0.3360175939610077
34020902,2747,H,H,0.44600487888299833,0.24514901535306002,0.30884610576394156
34020903,2747,A,H,0.7165999531162602,0.15636230755569872,0.12703773932804105
34020904,2747,H,H,0.46301600442594304,0.2702915770866956,0.26669241848736147
34020905,2747,H,A,0.24353058289389884,0.2700515600706228,0.4864178570354783
34020906,2747,A,A,0.29610911222504793,0.18660614408971216,0.5172847436852399
34020907,2745,H,H,0.5395615424394349,0.2087202206717368,0.25171823688882833
34306668,2894,A,A,0.34111782192526446,0.2327390124898849,0.4261431655848506
34306712,2748,A,A,0.14577390360709805,0.30112227551641546,0.5531038208764865
34307168,2748,D,A,0.2261969365570332,0.3214420365556378,0.45236102688732904
34307173,2748,D,H,0.35044810421379863,0.31370106497336947,0.33585083081283196
34307177,2748,H,H,0.42208637405755695,0.2965754623595498,0.28133816358289326
34307180,2748,A,A,0.3518557930822954,0.2778636518687326,0.37028055504897206
34307232,2894,D,H,0.4182890670844675,0.28926576719022157,0.2924451657253109
34307775,2748,H,H,0.43102672397082276,0.24478018774984103,0.3241930882793362
34307824,2894,H,H,0.5619482227158837,0.18626562693225024,0.25178615035186597
34307916,2748,A,A,0.11591504480396465,0.20130052511816343,0.6827844300778719
34307917,2894,A,H,0.4244464051438911,0.33581626268554604,0.2397373321705628
34539269,2894,H,A,0.31408927819043125,0.30033102804262085,0.38557969376694784
34539270,2894,H,H,0.6086103287908914,0.2458860837718096,0.14550358743729908
34539314,2894,D,H,0.377023301004858,0.26106803733500117,0.36190866166014085
34694914,2745,H,H,0.5943852368781649,0.23903710299847225,0.16657766012336286
34694915,2745,D,A,0.2208464717621763,0.27957024043497003,0.49958328780285355
34694916,2745,H,H,0.6998241856207918,0.18533068204304812,0.11484513233616014
34694917,2745,H,A,0.29131617802032617,0.3362083782913357,0.3724754436883382
34694918,2745,H,H,0.5265960763073523,0.26933910419406465,0.2040648194985831
34694919,2745,H,A,0.3320313173845302,0.30809183683660973,0.35987684577886
34694920,2745,H,H,0.47137766794609626,0.25819729027199634,0.27042504178190735
34694921,2745,H,H,0.8359690911862383,0.12275965667418268,0.04127125213957904
34694922,2745,H,H,0.5193785234348459,0.30084063216522805,0.17978084439992598
34694923,2748,H,H,0.7321453196565951,0.1944598718750477,0.07339480846835715
34694924,2748,D,A,0.31896648166578845,0.2792728202437637,0.40176069809044773
34694925,2748,D,H,0.4848227897877377,0.2703009091053592,0.24487630110690306
34694926,2748,H,H,0.5649675324922336,0.27343164598749026,0.16160082152027616
34694927,2748,D,H,0.422804952427079,0.25828115251993805,0.3189138950529829
34694929,2748,H,H,0.4901683320819921,0.25145981502857195,0.25837185288943587
34694930,2748,H,A,0.30083581654336616,0.2790589626666625,0.4201052207899713
34694931,2748,H,H,0.7673910561422909,0.17056285487571163,0.06204608898199765
34694932,2748,H,H,0.39657347807710996,0.2389590587615793,0.36446746316131073
34694933,2748,H,H,0.5443576496186804,0.20532587341938913,0.25031647696193055
34694941,2858,H,H,0.4036375637250829,0.3662439228626254,0.23011851341229164
34694942,2858,A,A,0.14028897246398228,0.226731777183389,0.6329792503526287
34694943,2858,A,D,0.3308364402531961,0.36823378864536366,0.3009297711014402
34694944,2858,H,A,0.11959409014454778,0.19690351465024944,0.6835023952052028
34694945,2858,A,H,0.48875765688427697,0.2735525296447245,0.2376898134709986
34694946,2858,H,H,0.7000737982200725,0.18728636473324609,0.11263983704668133
34694947,2858,H,H,0.45922638939494637,0.26094295501895665,0.27983065558609693
34694948,2858,H,H,0.41928904203863354,0.33946505414716943,0.2412459038141971
34694949,2858,D,H,0.4420358093243665,0.31597846929253404,0.2419857213830994
34694950,2858,H,H,0.4908966633648081,0.31389083307243687,0.195212503562755
34729989,2894,D,H,0.6235638881799092,0.2189647529743482,0.15747135884574273
34812556,2747,D,A,0.14192584803932753,0.1644669450777336,0.6936072068829388
34812925,2894,H,A,0.2663340095460524,0.2877444121309608,0.4459215783229868
34813237,2747,H,H,0.446247947968783,0.21228307090488213,0.34146898112633484
34813239,2747,D,H,0.5433298998595638,0.23549193020883058,0.2211781699316056
34813241,2747,H,H,0.5245553093528816,0.22888689161730927,0.2465577990298091
34813245,2747,H,H,0.5333001556732087,0.25974199530114794,0.20695784902564343
34813246,2747,A,A,0.24145590786735427,0.25096121628271295,0.5075828758499327
34813738,2894,H,A,0.16389923947810559,0.282977829032707,0.5531229314891873
34813981,2894,H,H,0.5825382010978536,0.22303921466468274,0.1944225842374636
34825253,2894,D,A,0.3165007791416353,0.28470423906311626,0.39879498179524847
34825254,2747,A,A,0.18965486753084376,0.2912435195499141,0.5191016129192421
34825255,2747,A,H,0.5571202486637324,0.19507917782306905,0.24780057351319848
34825256,2747,H,H,0.5496837921772496,0.19494980817130925,0.2553663996514412
34825257,2747,A,A,0.06726929763573403,0.1465989423110362,0.7861317600532298
34825259,2894,H,H,0.6393830513472837,0.2305718672839583,0.13004508136875806
34825260,2894,D,A,0.33269701830882814,0.23182391769447877,0.4354790639966931
34825261,2894,A,A,0.2804083278369137,0.29147043070993583,0.42812124145315045
34825262,2894,H,H,0.38317959460359047,0.2518241217372974,0.3649962836591122
34825263,2894,H,A,0.17992184192835303,0.250349567760134,0.569728590311513
35436439,2745,A,A,0.18660429263755424,0.20478459371396776,0.608611113648478
35436440,2745,A,H,0.49619049169980806,0.28776600159290905,0.216043506707283
35436441,2858,D,H,0.4290752816840215,0.2914347521137225,0.279489966202256
35436442,2745,D,H,0.6450461242572565,0.19439905345314273,0.16055482228960077
35436443,2858,H,A,0.2176194467373142,0.2959413261269969,0.4864392271356889
35436444,2858,H,H,0.6483183638969374,0.21830877711928898,0.13337285898377366
35436445,2858,A,H,0.4706427485781396,0.3380555601576598,0.19130169126420055
35436446,2745,A,H,0.6839603599957699,0.1995425600093305,0.11649707999489965
35436447,2858,D,H,0.5433893838484662,0.29288197586146475,0.1637286402900691
35436448,2858,A,H,0.5720474160373882,0.2527973585393401,0.17515522542327167
35436449,2745,D,H,0.4457991354278012,0.2699042007932796,0.28429666377891916
35436450,2745,D,A,0.21127024667047695,0.3499794012257016,0.4387503521038214
35436451,2745,D,D,0.3516277162531009,0.38450060896289434,0.26387167478400475
35436452,2745,H,A,0.32969048632910136,0.2586278506672304,0.4116816630036683
35436453,2745,H,H,0.3944761262382013,0.3003193277425769,0.30520454601922176
35436454,2894,H,H,0.49610611437071667,0.23850918116196262,0.26538470446732065
35436455,2747,D,H,0.7106359328633681,0.16995816157168075,0.1194059055649512
35436456,2894,H,A,0.19250488866577356,0.23838720147703063,0.5691079098571958
35436457,2894,D,H,0.5118634954535888,0.25353943359572023,0.23459707095069096
35436458,2894,A,A,0.30978153586959456,0.21839891619558988,0.4718195479348155
35436459,2747,H,H,0.8011449202814804,0.1103867541078233,0.08846832561069616
35436460,2894,D,A,0.35181455674524853,0.2218003114222819,0.4263851318324695
35436461,2747,H,H,0.7008721081259338,0.1756178089589001,0.12351008291516609
35436462,2747,H,H,0.4556599591265082,0.23756850052681222,0.30677154034667964
35436463,2894,D,H,0.44942290975639604,0.27350175611088595,0.27707533413271807
35436464,2894,H,H,0.6907655264162375,0.20518840054828363,0.1040460730354788
35436465,2858,H,H,0.3776168198070616,0.3110106708928509,0.3113725093000874
35436466,2747,H,A,0.0953599229681693,0.1893347891247155,0.7153052879071151
35436467,2894,H,H,0.5804284439345351,0.2662252387138664,0.15334631735159857
35436468,2858,H,H,0.46946284156926676,0.28841315235218223,0.24212400607855092
35436469,2894,A,A,0.3215983335732651,0.30445276069584104,0.37394890573089395
35436470,2858,H,H,0.48123806313667145,0.30721625684558096,0.21154568001774746
35436471,2858,A,A,0.36020934276539457,0.26296448587153964,0.37682617136306573
35436472,2894,A,A,0.259390156101641,0.26926662217291625,0.4713432217254429
35436473,2747,D,H,0.4138395586401921,0.2527625195883733,0.3333979217714346
35436474,2747,D,H,0.5349459000578599,0.19013945452055048,0.27491464542158955
35436475,2747,D,H,0.46276473221344305,0.21661346380345073,0.32062180398310614
35436476,2747,A,A,0.19753638867616835,0.23243181942004662,0.5700317919037851
35436477,2747,A,H,0.37996970307419947,0.2791312299963515,0.3408990669294491
35494127,2748,A,A,0.22609123992655375,0.24780601811008732,0.526102741963359
35494128,2748,A,A,0.11555311358257572,0.18952268452745888,0.6949242018899653
35494129,2748,D,H,0.42375961728783695,0.29581577735621867,0.28042460535594443
35494130,2748,H,H,0.43866989307623877,0.2629435199209914,0.2983865870027697
35494131,2748,D,H,0.6647741240592129,0.20374226143878957,0.13148361450199755
35494132,2748,D,A,0.23666991233788834,0.32386243866285286,0.4394676489992588
35494133,2748,H,H,0.394797914515046,0.24511526420432847,0.3600868212806255
35494134,2748,A,A,0.12324267814806397,0.23179703221519823,0.6449602896367377
35494135,2748,A,A,0.30006865217147544,0.2699737152016908,0.4299576326268337
35494136,2748,H,A,0.33662328427891003,0.3157869948055159,0.34758972091557405
36154853,2858,D,H,0.3467338475945634,0.313217208484564,0.3400489439208726
36154854,2858,H,H,0.5497192699284261,0.288466845364997,0.16181388470657684
36154900,2858,H,A,0.11185642999554682,0.22092762283945264,0.6672159471650005
36156856,2858,H,H,0.6839216897417697,0.20389366774806036,0.1121846425101699
36156857,2858,A,H,0.5233618830670768,0.27797082437610393,0.19866729255681925
36156858,2858,D,A,0.16533477110937506,0.22761558264236464,0.6070496462482603
36156859,2858,H,H,0.40084599459895975,0.32614976751161806,0.27300423788942213
36156860,2858,H,A,0.3441943669116185,0.28827992170160016,0.3675257113867813
36156861,2858,D,A,0.2610539116260662,0.3329862716076418,0.4059598167662919
36156862,2858,H,H,0.6613023662638723,0.21891180777005365,0.11978582596607404
36266257,2745,D,H,0.4487202197422404,0.25576121683923364,0.29551856341852595
36266258,2745,H,A,0.17992560156819465,0.2583497015725163,0.561724696859289
36266259,2745,H,H,0.4731010031071549,0.3194697062411684,0.20742929065167665
36266260,2745,H,H,0.5702860999801624,0.24479501514940202,0.18491888487043556
36266261,2745,H,H,0.7019735086557837,0.22266503676614147,0.07536145457807492
36266262,2745,H,H,0.3778971551265448,0.29401121577672473,0.3280916290967304
36266263,2745,A,H,0.5697303446029475,0.2942417675126912,0.13602788788436132
36266264,2745,A,A,0.1729174381638239,0.2305860803701236,0.5964964814660524
36266265,2745,D,H,0.7647869875829243,0.1464147518627044,0.08879826055437129
36381834,2748,H,D,0.29393544384554954,0.36716049074149953,0.33890406541295093
36381835,2748,H,H,0.38873632353643695,0.28299637080365303,0.32826730565990997
36381836,2748,H,H,0.652482847564756,0.20993892232686354,0.13757823010838038
36381837,2748,A,H,0.42537118036501603,0.2693645090090772,0.30526431062590675
36381838,2748,H,H,0.47443355641881096,0.23978036257988952,0.2857860810012995
36381839,2748,A,H,0.5421141157155066,0.2605526886170457,0.19733319566744775
36381840,2748,H,H,0.7922110113890461,0.1604037187002515,0.04738526991070241
36381841,2748,D,A,0.23295664628143956,0.20327059694660715,0.5637727567719533
36381842,2748,H,H,0.4376474245628301,0.25966149157625096,0.30269108386091886
36381843,2748,D,H,0.5199574502856786,0.23196657788223685,0.24807597183208452
36388689,2894,H,A,0.3616644823090361,0.25272493897636145,0.3856105787146025
36388692,2894,D,A,0.23972836620154345,0.2934980483989449,0.4667735853995116
36388712,2894,A,A,0.3000895087736923,0.2866948835428633,0.41321560768344434
36388713,2894,H,A,0.3580230472136457,0.24457510233652294,0.3974018504498313
36388714,2894,H,H,0.4273747586123359,0.24039428353141842,0.33223095785624557
36635752,2894,D,A,0.22723226040620167,0.21939625044623892,0.5533714891475594
36635753,2894,A,A,0.3367283952632599,0.2703575267940194,0.39291407794272065
36635757,2894,H,H,0.6427203328069497,0.22216095546741493,0.13511871172563528
36635758,2894,D,A,0.31410460817590025,0.2899446141702818,0.39595077765381803
36635760,2894,A,H,0.5347074072831977,0.24970465158434116,0.21558794113246119
36636536,2747,H,H,0.7392244719120428,0.16256567257565344,0.0982098555123038
36636537,2747,H,A,0.3610134606182982,0.2156553003086156,0.42333123907308623
36636538,2747,H,A,0.15187985542729251,0.18128057860385657,0.6668395659688509
36636539,2747,D,A,0.1306601704925056,0.18758310951002521,0.6817567199974692
36636540,2747,D,H,0.5404928738660898,0.23887665426489652,0.22063047186901377
36636541,2747,H,H,0.3788280366328967,0.2692428544140399,0.3519291089530634
36636542,2747,A,A,0.2548892376691296,0.28777156473821475,0.4573391975926557
36636543,2747,H,A,0.36509864280191284,0.2557855479572897,0.37911580924079746
36636544,2747,H,H,0.49697026337687666,0.20044665432646572,0.3025830822966576
36636545,2747,D,A,0.12510591910052818,0.2160781513145156,0.6588159295849562
36636590,2858,A,H,0.5521854502449858,0.3065767667394704,0.14123778301554385
36636592,2858,H,H,0.5016865593593608,0.27473461619740097,0.2235788244432382
36636593,2858,H,H,0.6276847408326407,0.23752544272810142,0.13478981643925783
36636594,2858,H,H,0.41628366466916183,0.28208781604939376,0.3016285192814443
36636595,2858,H,A,0.33296817779541504,0.317604894569376,0.349426927635209
36636596,2858,H,A,0.2659550953293691,0.28995867786125173,0.4440862268093791
36636597,2858,D,H,0.5483927309439495,0.2651096487701773,0.18649762028587333
36636598,2858,A,H,0.4706500024345512,0.29792474788581635,0.2314252496796326
36636599,2858,D,H,0.5081996655324269,0.30732284928935466,0.18447748517821844
36636600,2858,A,A,0.2601867887731903,0.2759230458675531,0.4638901653592566
37091365,2748,H,A,0.0792437764056962,0.21499620695344687,0.705760016640857
37091366,2748,A,A,0.16053649732887854,0.20853717184647286,0.6309263308246486
37091367,2748,A,H,0.45259031019035456,0.29298863899935845,0.2544210508102869
37091368,2748,H,A,0.33072238086494443,0.30016240048656234,0.3691152186484933
37091369,2748,H,H,0.5183520398045325,0.2880070589993593,0.1936409011961082
37091370,2748,H,A,0.31144167084735486,0.2630831514859506,0.4254751776666947
37091371,2748,A,H,0.6025681390498882,0.21669402771886745,0.18073783323124434
37091373,2748,A,A,0.26702544945438067,0.21413809790389254,0.5188364526417267
37091374,2748,A,A,0.3566364017393061,0.2569243424952249,0.3864392557654689
37091375,2748,D,A,0.1553392338452232,0.2599546172366516,0.5847061489181252
37104505,2858,D,H,0.47090561427259053,0.30183360601866804,0.22726077970874145
37104506,2858,H,H,0.4628313446063558,0.2875385777264467,0.2496300776671974
37104507,2858,D,A,0.3915316261154556,0.2143190711244164,0.3941493027601281
37104508,2858,D,H,0.6603764366350067,0.20228126929222617,0.1373422940727672
37104509,2858,H,A,0.1988660005298938,0.2510735610148603,0.5500604384552459
37327732,2894,H,H,0.44955755685465476,0.25017068530822717,0.3002717578371181
37327733,2894,H,A,0.2613447757150722,0.3184304878596733,0.42022473642525443
37327734,2894,A,A,0.22354782647396113,0.2509690658058474,0.5254831077201915
37327735,2894,H,H,0.7267647610754743,0.20730094963314874,0.06593428929137692
37327736,2894,H,H,0.6187471736977016,0.22910531066852158,0.15214751563377685
37327737,2894,A,A,0.2917491141210761,0.25804731737434833,0.45020356850457544
37327739,2894,A,A,0.2572860680598211,0.2824836272280599,0.46023030471211906
37327741,2894,H,H,0.6485243052355304,0.20957164723763808,0.14190404752683158
37327743,2894,A,A,0.2930721482313129,0.23157574899730124,0.47535210277138595
37327745,2894,A,A,0.3423873138676041,0.2707247388949212,0.3868879472374746
37328445,2858,H,H,0.4601901915577881,0.28296222438446134,0.25684758405775054
37328446,2858,D,H,0.40917062847982216,0.33788149822134617,0.25294787329883156
37328447,2858,D,H,0.4327053128277265,0.2963097423292651,0.27098494484300845
37328448,2858,D,D,0.34080868109656803,0.3570825124717934,0.3021088064316385
37328449,2858,H,A,0.3432077078115853,0.29757471991021467,0.3592175722782
38160876,2894,A,H,0.39966127019229497,0.2812657434290486,0.31907298637865644
