fixture_id,season_id,y_true,y_pred,p_home,p_draw,p_away
9922008,2745,A,H,0.3893773975606575,0.26236951458778207,0.3482530878515605
9922032,2747,A,H,0.4103595686500853,0.2401349570200146,0.34950547432990003
9922033,2748,H,H,0.4495414499411687,0.23339065557793595,0.3170678944808954
9971689,2747,D,A,0.29640800007244866,0.3073951737736393,0.3961968261539121
9971877,2745,H,H,0.43481823963801997,0.1845470631054679,0.38063469725651206
9971878,2745,H,H,0.45621468536504395,0.19625771018864793,0.34752760444630815
9971879,2745,D,H,0.4833458421512054,0.21687625227120275,0.29977790557759193
9971880,2745,A,H,0.3652288309423596,0.28853826735251736,0.346232901705123
9971881,2745,A,H,0.4465656090488249,0.21158920926142005,0.3418451816897551
9972251,2748,A,A,0.3085769635878921,0.2597192273172919,0.431703809094816
9972432,2747,A,A,0.30823634803445926,0.26181163811849173,0.42995201384704906
9972438,2745,H,H,0.3863416592237234,0.24332028391371593,0.3703380568625607
9972548,2748,A,A,0.32218407374742547,0.2371925171931961,0.44062340905937836
9974057,2747,H,H,0.40569726383284155,0.20286140251012172,0.3914413336570368
9974058,2747,H,H,0.4067648738071534,0.256618951849478,0.33661617434336844
9974059,2747,H,H,0.37802897551104514,0.2612371355942473,0.36073388889470764
9974060,2747,H,H,0.5852496048693049,0.1605824792392928,0.2541679158914023
10138577,2748,D,H,0.4133352073126419,0.2419201710558469,0.3447446216315112
10138725,2747,D,A,0.3745409798517916,0.2214108404276268,0.40404817972058155
10138726,2747,A,A,0.36470123665722626,0.24522723919778544,0.39007152414498825
10138727,2748,H,A,0.35940836840256357,0.2747727162345686,0.3658189153628678
10138728,2748,D,H,0.3950547448784829,0.2566442138083978,0.3483010413131193
10138729,2748,H,A,0.28268763640065964,0.31322122188305884,0.40409114171628147
10138730,2748,H,H,0.4317973573323063,0.2320481678804734,0.3361544747872203
10138848,2745,D,H,0.4126123983533992,0.2385777495399641,0.34880985210663673
10138967,2748,A,H,0.5242841835809363,0.19825927630814086,0.27745654011092286
10138975,2747,A,A,0.33216358894805426,0.20082662306642315,0.4670097879855226
10138976,2745,H,H,0.5298013540534884,0.20621267246989033,0.2639859734766212
10139097,2748,H,H,0.5036783232852418,0.21905774820556123,0.27726392850919696
10378209,2745,A,H,0.5090750717559717,0.21963820305795714,0.2712867251860712
10378240,2748,D,H,0.35853768988305323,0.28508023383151054,0.35638207628543617
10378242,2858,H,H,0.3663288131136361,0.3523538937484147,0.2813172931379492
10439662,2747,H,A,0.36015487997471823,0.23381718057447487,0.40602793945080695
10439949,2745,A,H,0.5469543917532877,0.27292881743451575,0.18011679081219648
10439950,2745,D,H,0.45516656737298605,0.18804587753848423,0.3567875550885296
10439951,2745,H,A,0.3122191976909568,0.3010631221224687,0.3867176801865745
10439952,2745,D,H,0.5246406627895779,0.26902533986611826,0.20633399734430397
10439953,2745,D,H,0.36691856718871724,0.2935937534110756,0.33948767940020713
10440255,2747,H,H,0.4934484887493037,0.22662499645760145,0.27992651479309505
10440259,2747,D,A,0.37185539957491953,0.2275293881455571,0.4006152122795233
10440260,2747,H,H,0.5315854285038447,0.16587942760304508,0.30253514389311015
10440263,2747,D,A,0.21190174874871626,0.26004789373024567,0.528050357521038
10440264,2747,D,A,0.32030883165917684,0.2894847645088164,0.39020640383200667
10440616,2858,D,H,0.38230139999520174,0.33025629236960974,0.2874423076351885
10440620,2748,D,H,0.49344678532261976,0.215889248527869,0.2906639661495113
10440768,2747,H,H,0.46826229892066673,0.2114011360793146,0.3203365650000188
10440771,2745,D,A,0.22731453234818494,0.2622836687049396,0.5104017989468755
10440772,2894,H,A,0.37606734913069995,0.21796504750515688,0.4059676033641431
10440773,2894,A,A,0.3470658395827697,0.19256696561532713,0.4603671948019033
10440800,2858,A,H,0.35547790994872047,0.2966590874683786,0.3478630025829009
10440868,2894,A,A,0.3469214017338078,0.18573040124992907,0.4673481970162632
10440869,2894,A,H,0.39121368674279255,0.21888220507220865,0.38990410818499877
10440882,2858,D,H,0.41136173921310815,0.29783589564931495,0.2908023651375769
10440883,2748,H,H,0.7007656043098733,0.1494304933517652,0.14980390233836155
10634172,2748,H,A,0.14344647565540575,0.24395809648187647,0.6125954278627178
10634400,2747,H,H,0.43056739844067443,0.19453475420965602,0.3748978473496696
10634449,2745,D,H,0.3739397920030304,0.2580259099156123,0.36803429808135724
10634600,2748,D,H,0.36527924317264193,0.31646992121433704,0.318250835613021
10634611,2747,D,A,0.3309793173782161,0.2237917952273611,0.4452288873944229
10634612,2745,H,H,0.6443918606890797,0.16069113758173856,0.1949170017291817
10634617,2858,A,H,0.40275709417251815,0.318217369705413,0.27902553612206893
10634684,2894,H,H,0.3817628739605464,0.2583083248563389,0.35992880118311454
10634685,2894,H,A,0.36449206889764624,0.26823439160225565,0.36727353950009817
10634711,2858,H,H,0.3937351289892094,0.34537205091363066,0.2608928200971599
10634749,2748,D,A,0.2210038723397022,0.20164370368968815,0.5773524239706096
10634750,2894,A,A,0.31913582120386685,0.2556496498460673,0.42521452895006584
10634751,2894,H,H,0.3507009141096626,0.3151413752849623,0.33415771060537525
10634791,2858,A,H,0.38012132560367007,0.24006253640903702,0.3798161379872928
10642678,2748,D,A,0.2933015226407872,0.2368099718113431,0.4698885055478697
10642679,2748,D,A,0.3321165989327568,0.1953840685781787,0.47249933248906434
10642680,2748,A,H,0.4440606020832786,0.2668961317510682,0.2890432661656532
10642681,2748,A,A,0.32177987485462844,0.23808936406132988,0.44013076108404164
10764549,2858,D,H,0.49648154470797473,0.3043828318925496,0.19913562339947571
10764579,2894,A,A,0.3360919138508623,0.2373684841282218,0.4265396020209159
10764605,2858,A,H,0.3837739045742518,0.36347583133356776,0.25275026409218043
10764622,2894,H,H,0.41973874564254626,0.24702010839816774,0.333241145959286
10764641,2747,D,H,0.4979460277604077,0.2090995028274857,0.2929544694121065
10764647,2858,H,H,0.47233921794269224,0.30267102876260976,0.22498975329469792
10918319,2858,A,H,0.3931347316042203,0.3209040170813999,0.2859612513143798
10918351,2745,H,H,0.5367150606517123,0.27145852924325276,0.19182641010503498
10918384,2748,H,H,0.6163071756436638,0.20986152810566686,0.17383129625066937
10918398,2858,D,H,0.5911580774395,0.26671742046023444,0.14212450210026553
10986778,2747,H,H,0.6195364470583474,0.22286236885746855,0.15760118408418405
10987115,2745,A,H,0.576863542700092,0.2199695674044804,0.20316688989542755
10987116,2745,A,H,0.4976220191393436,0.2240350722668415,0.2783429085938149
10987117,2745,D,H,0.5064800958897213,0.26515779837658926,0.2283621057336895
10987118,2745,A,H,0.3441537287261335,0.3406746803596621,0.31517159091420444
10987119,2745,A,A,0.3480689398363397,0.27569450439996945,0.3762365557636907
10987292,2747,H,A,0.3446969850156498,0.2306743466733139,0.42462866831103624
10987294,2747,D,A,0.3289961601754557,0.23453185475253258,0.4364719850720117
10987296,2747,H,A,0.19071364634487842,0.18201535973384123,0.6272709939212803
10987303,2747,A,H,0.41009919921034627,0.372077588157394,0.21782321263225968
10987773,2748,A,A,0.382835485132392,0.2299459248753064,0.38721858999230147
10987824,2858,H,H,0.46008853081400863,0.34088930155645464,0.19902216762953667
10987928,2747,A,A,0.2097896075679046,0.1657782716864373,0.6244321207456581
10987937,2745,H,H,0.4663181672140209,0.20971254332309416,0.3239692894628849
10987938,2894,D,H,0.41419725381856953,0.2578644007932341,0.3279383453881964
10987939,2894,D,H,0.40989887725529245,0.18573404674514388,0.4043670759995637
10987982,2858,A,D,0.26261369413118646,0.39296300984855576,0.3444232960202578
10988041,2894,H,H,0.519540705679945,0.2145243926881057,0.26593490163194927
10988042,2894,H,A,0.30687994224519133,0.2713516237616014,0.4217684339932072
10988056,2748,H,H,0.5237678782297601,0.24277998296682918,0.23345213880341065
10988068,2858,A,A,0.30821263551826467,0.27309944909232914,0.4186879153894061
11220685,2748,D,H,0.4451130798091146,0.3016189780468597,0.2532679421440257
11220885,2747,H,H,0.3535221779219659,0.3104493275015973,0.3360284945764369
11220887,2747,A,A,0.26151587601238957,0.17278252852517895,0.5657015954624314
11221051,2748,A,H,0.4042120208273867,0.22030518553257278,0.37548279364004056
11221052,2748,H,D,0.29806034697564643,0.4298489009796864,0.27209075204466726
11221053,2748,A,D,0.2566984142869063,0.5449133283501965,0.19838825736289717
11221054,2748,D,H,0.43618021943670404,0.20846227728771055,0.3553575032755853
11221105,2745,D,A,0.19219239206433963,0.36180813503668485,0.44599947289897546
11221287,2748,H,H,0.5252348469837662,0.1597802090561763,0.31498494396005744
11221310,2747,D,A,0.18222215708199452,0.1076904160872684,0.710087426830737
11221325,2858,H,H,0.4303357924526128,0.3650456190791426,0.20461858846824463
11221327,2745,A,A,0.1185028991902669,0.23397332865775117,0.647523772151982
11221363,2894,D,A,0.3138570217431765,0.3156001166630013,0.37054286159382216
11221364,2894,H,H,0.6288281987094869,0.16834386220610154,0.20282793908441157
11221390,2858,A,H,0.4441516638213733,0.2832558964025883,0.2725924397760384
11221428,2748,A,A,0.1355840721602687,0.17712848727659355,0.6872874405631377
11221429,2894,D,H,0.4217723890412492,0.2792815786215086,0.29894603233724226
11221430,2894,D,H,0.45004979724684274,0.28603483641562427,0.26391536633753304
11221461,2858,A,H,0.41049973101802734,0.3395254985380137,0.24997477044395888
11365130,2894,H,H,0.49405336203686634,0.2778421866573338,0.22810445130579982
11365158,2858,D,H,0.3631674211679345,0.3138468858803649,0.32298569295170065
11365171,2894,D,A,0.23440317726294574,0.26042287269476067,0.5051739500422935
11365180,2747,H,A,0.21685012165278858,0.31843318658438463,0.46471669176282676
11365187,2858,H,H,0.44878958450122103,0.3186171822810732,0.23259323321770578
11554760,2894,A,A,0.3298701960823858,0.2787617352920257,0.3913680686255884
11554915,2858,A,H,0.46015682946279574,0.3110841296253421,0.2287590409118621
11554953,2745,H,H,0.6990153657279344,0.22013178035479158,0.08085285391727401
11554972,2894,H,A,0.3207246295431589,0.16216158640564735,0.5171137840511937
11554979,2748,A,H,0.3973144019577932,0.27461241727297286,0.328073180769234
11554984,2858,H,H,0.4534193182321967,0.2928504606098893,0.2537302211579141
11621757,2747,A,H,0.3758751900834248,0.36102735507885053,0.2630974548377246
11622089,2745,H,H,0.5256631854490358,0.23791214962319968,0.2364246649277645
11622091,2745,A,H,0.609524236136063,0.21920571113986925,0.17127005272406773
11622092,2745,H,H,0.5032213612533899,0.3566267375027716,0.1401519012438385
11622093,2745,A,A,0.3238169882942177,0.2620546043798056,0.4141284073259768
11622094,2745,A,A,0.2775813540194939,0.26430866774838346,0.4581099782321225
11622254,2747,D,H,0.5337434840333871,0.26044109703320095,0.20581541893341188
11622257,2747,H,A,0.4033503251580736,0.18834526586301237,0.408304408978914
11622259,2747,H,A,0.35646699731824544,0.2644342859738954,0.3790987167078591
11622262,2747,H,H,0.5055580728107305,0.26453590045552716,0.22990602673374236
11622265,2747,H,H,0.693901985470473,0.14260250165741406,0.1634955128721129
11622825,2748,H,A,0.30432826000687024,0.3270325160851118,0.3686392239080178
11622880,2858,A,H,0.39158736909615127,0.3574011289511597,0.25101150195268895
11623041,2747,H,H,0.5860775882735703,0.23164831104623015,0.18227410068019956
11623048,2745,D,H,0.690212217793718,0.20387371355574396,0.10591406865053801
11623050,2894,A,A,0.35499399822215233,0.2489914240303832,0.39601457774746446
11623051,2894,D,H,0.45121906799333344,0.19889100414793268,0.34988992785873385
11623119,2858,A,H,0.42455556214045714,0.2680275750858577,0.3074168627736851
11623198,2894,H,H,0.47509478739442673,0.29503191730161005,0.2298732953039632
11623199,2894,D,H,0.4268550524035194,0.2871764316042295,0.2859685159922511
11623217,2748,H,H,0.4926442015263872,0.2587478339151967,0.24860796455841608
11623237,2858,H,H,0.389895494071447,0.2912734350295699,0.318831070898983
11865684,2748,H,A,0.33786144859902384,0.1900253594068774,0.47211319199409874
11865919,2747,A,H,0.4889692775526836,0.2471944257482033,0.2638362966991132
11865927,2747,D,A,0.25285272999510416,0.2025537276213016,0.5445935423835943
11866105,2748,H,H,0.4646634538568811,0.26861990761892224,0.2667166385241967
11866108,2748,A,A,0.23627213374328723,0.18666924267279925,0.5770586235839136
11866110,2748,A,H,0.3950998684190375,0.37231732750526597,0.23258280407569643
11866111,2748,H,A,0.2580810463978613,0.36540990582727345,0.37650904777486527
11866172,2745,D,H,0.5960291644218702,0.2340884292254985,0.16988240635263138
11866416,2748,D,A,0.1408802951914554,0.2934100545703762,0.5657096502381683
11866432,2747,A,A,0.26413446767075593,0.16321609917701452,0.5726494331522296
11866446,2858,D,A,0.17195124235782083,0.31056890474249105,0.5174798528996881
11866448,2745,A,D,0.4214547057868863,0.4407307180801436,0.13781457613297016
11866493,2894,A,D,0.25728467490098744,0.37331102331906846,0.3694043017799441
11866495,2894,H,H,0.4929590950046294,0.19211637618391728,0.3149245288114534
11866536,2858,H,H,0.5850782789419782,0.2789465045762664,0.13597521648175545
11866579,2748,D,H,0.7161774764365781,0.21296209135833005,0.07086043220509178
11866580,2894,D,A,0.16619005841003448,0.21038198321880097,0.6234279583711646
11866581,2894,D,H,0.4635415177001507,0.20193875358492372,0.33451972871492563
11866617,2858,A,A,0.1829040041161346,0.29654699276953506,0.5205490031143303
12040442,2858,A,H,0.3976457931236372,0.23758496994185893,0.3647692369345038
12040459,2858,A,H,0.37093391479928534,0.2614935820455683,0.3675725031551464
12067050,2894,D,A,0.1982729356022401,0.26106395166864327,0.5406631127291167
12067114,2747,H,A,0.2870652311317139,0.26248051878422785,0.4504542500840582
12067115,2747,D,A,0.24615420221430975,0.23316644918272714,0.520679348602963
12067131,2894,H,H,0.6038115948629512,0.18178549279712158,0.21440291233992723
12067134,2894,H,H,0.5564095298757454,0.21359020203566217,0.2300002680885924
12067167,2747,H,A,0.29640928471039035,0.34121950672497087,0.3623712085646388
12067206,2747,D,H,0.4775920456003601,0.2360492482729129,0.28635870612672687
12111770,2894,D,H,0.5019608461324773,0.21691861431423473,0.28112053955328803
12111771,2894,D,A,0.16577814976297223,0.22686508101037037,0.6073567692266574
12111772,2894,H,H,0.42040242417550955,0.2572177900161541,0.3223797858083364
12111804,2748,A,H,0.46024436578103567,0.2947711131723938,0.24498452104657054
12111805,2748,A,H,0.38393903720260375,0.29310365550597806,0.3229573072914182
12111806,2748,H,H,0.5004308791020695,0.31577023500455226,0.1837988858933782
12111807,2748,H,H,0.619317441623741,0.20852904392125607,0.17215351445500288
12111808,2748,D,A,0.2981338948447457,0.23109252180314568,0.47077358335210867
12111897,2747,D,A,0.2113934476029255,0.2499541320306902,0.5386524203663844
12111899,2747,H,H,0.663916499858832,0.19456269886639138,0.14152080127477643
12111900,2747,H,H,0.7748618225229866,0.12554198557671567,0.0995961919002977
12111908,2894,H,H,0.5674832099715807,0.23851028742959307,0.19400650259882624
12111909,2894,D,H,0.713286088516723,0.14895948227942085,0.13775442920385617
12111923,2747,D,A,0.1771863351976976,0.14205660899341213,0.6807570558088902
12111950,2747,H,H,0.4989996293343049,0.25208894733292103,0.2489114233327741
12111953,2748,A,H,0.404336963583346,0.3513412219253171,0.24432181449133694
12111954,2748,H,H,0.5977567041499229,0.24559086872336655,0.1566524271267105
12111955,2748,H,H,0.4731452046893543,0.27473915695237794,0.2521156383582678
12111956,2748,H,H,0.5116471097299756,0.2384342484622026,0.2499186418078219
12111957,2748,A,A,0.07632688514258983,0.13450157892527642,0.7891715359321338
12167538,2894,H,H,0.522634907863676,0.20135124821223344,0.2760138439240906
12167539,2894,D,A,0.2979364328650156,0.21873474763476242,0.4833288195002219
12167544,2747,A,H,0.467315168907426,0.2660968974637801,0.26658793362879385
12192935,2745,H,H,0.6127424881554249,0.197974141075886,0.1892833707686891
12192970,2858,H,H,0.5296422956036682,0.33664278783739954,0.1337149165589323
12269095,2747,D,A,0.150604641696743,0.1420355788217559,0.7073597794815011
12269227,2858,D,H,0.49193632855350683,0.23689229829584707,0.27117137315064604
12269282,2894,D,A,0.3112908106194428,0.21163957610400524,0.47706961327655195
12269475,2745,A,A,0.3835309185224402,0.1968339942397693,0.4196350872377905
12269476,2745,D,A,0.2953940135049874,0.1713894285993675,0.533216557895645
12269478,2745,A,A,0.33418766597240257,0.19871774330571643,0.4670945907218808
12269479,2745,A,D,0.20827217299357925,0.40192147494314273,0.38980635206327807
12269480,2745,D,H,0.5372813802905972,0.27756929866076246,0.18514932104864032
12269927,2747,H,H,0.41298680825547934,0.2454123987720433,0.34160079297247736
12269931,2747,D,H,0.41514608955796034,0.24031000845664968,0.34454390198539
12269934,2747,A,H,0.4177700640357782,0.4002635590786673,0.18196637688555445
12269938,2747,H,H,0.5887433754803544,0.1952622282150998,0.21599439630454587
12269942,2747,H,H,0.43552888013530483,0.2489572246316683,0.3155138952330269
12270120,2858,H,H,0.5563541076011148,0.2612029712756861,0.1824429211231991
12270326,2748,A,A,0.2026361217575539,0.25468268760177,0.5426811906406761
12270378,2894,H,A,0.39418797045533766,0.20942773637577225,0.39638429316889
12270541,2747,D,A,0.07105230686351298,0.11228861223525635,0.8166590809012306
12270551,2858,D,A,0.3452881938916234,0.29528812750647204,0.35942367860190466
12270553,2745,H,A,0.2532826282156893,0.37204302373959763,0.37467434804471295
12270557,2748,H,H,0.6602327677739397,0.20093479131696468,0.13883244090909572
12270735,2894,A,A,0.27596543357208864,0.20256007234650356,0.5214744940814078
12270743,2748,A,A,0.1122429327764816,0.12674662740540368,0.7610104398181149
12270760,2858,A,A,0.21502642140911218,0.24617071513928893,0.5388028634515989
12535907,2894,D,H,0.37094113525291156,0.2987713423022168,0.33028752244487164
12535918,2748,A,H,0.4558140481223254,0.360680599000438,0.18350535287723674
12536056,2858,H,H,0.5271306231979858,0.24151617392764488,0.23135320287436936
12536097,2748,D,A,0.26833306256003364,0.3269111538587361,0.4047557835812302
12536102,2748,D,A,0.16001776181633207,0.2883420805565238,0.5516401576271441
12536115,2894,D,H,0.41721707027938126,0.28411889493123305,0.2986640347893857
12536343,2747,H,H,0.6050743113151195,0.15215892004204082,0.24276676864283964
12536345,2747,H,H,0.49405360249406716,0.23459826154105343,0.27134813596487933
12536524,2748,A,A,0.27556909867720436,0.31973384520465925,0.40469705611813644
12536527,2748,H,A,0.3267198573652166,0.31810079924352064,0.35517934339126284
12536594,2745,A,H,0.4325759389759147,0.27602350946531373,0.29140055155877165
12536757,2858,A,H,0.6214267459240493,0.24862116905218873,0.12995208502376188
12536823,2748,D,A,0.283548533507481,0.31574479156715124,0.40070667492536777
12536838,2747,H,A,0.18414450346020342,0.20853634310146876,0.6073191534383279
12536846,2745,A,H,0.5917646205785446,0.22474471728428796,0.18349066213716742
12536850,2894,H,H,0.4176104476941307,0.32796689899247816,0.25442265331339114
12536899,2858,H,H,0.717352253411893,0.1662466590853983,0.1164010875027087
12536989,2748,A,H,0.3737862248027577,0.2596562869206979,0.36655748827654433
12536991,2894,H,H,0.40429754763175907,0.23128094225661802,0.3644215101116229
12537007,2858,H,H,0.5014785703843317,0.28620019843917816,0.21232123117649002
12705917,2894,A,A,0.16187704443530507,0.21503042183232265,0.6230925337323723
12705918,2894,D,H,0.5201687722556898,0.22214619105779945,0.2576850366865107
12705971,2894,H,H,0.4639527527864858,0.21597694649861515,0.3200703007148991
12705984,2858,H,A,0.22080112848945543,0.3836347372968525,0.3955641342136921
12911272,2745,A,H,0.5706802149481931,0.30306351860938485,0.12625626644242213
12911305,2748,H,H,0.583411851263878,0.2673605812348706,0.1492275675012514
12911311,2858,H,H,0.6014312772836224,0.2597337849992825,0.1388349377170951
12980570,2747,H,H,0.47546845750390276,0.2027806293219549,0.32175091317414223
12980731,2858,H,A,0.34109640257875845,0.2965389683310007,0.3623646290902409
12980812,2894,H,H,0.7328485782270493,0.16313360004681976,0.10401782172613105
12980966,2745,H,H,0.5449738275035948,0.2584259532803031,0.19660021921610213
12980967,2745,A,H,0.4855151680997701,0.3369806115752379,0.17750422032499205
12980968,2745,D,H,0.4641149183685893,0.21002895311890113,0.32585612851250956
12981052,2745,D,H,0.7567527025809256,0.16156985060965645,0.08167744680941796
12981054,2745,H,A,0.3314545492422,0.2609577290804877,0.4075877216773124
12981501,2747,A,A,0.11727932181145946,0.20620581214388006,0.6765148660446604
12981522,2747,A,H,0.4012175519998752,0.23727298593239454,0.3615094620677303
12981525,2747,H,H,0.6355175166371403,0.19259268578738936,0.17188979757547038
12981532,2747,A,A,0.2141248106364509,0.22142225414587782,0.5644529352176713
12981776,2858,A,H,0.40953365146257137,0.3723730542000294,0.21809329433739924
12981875,2748,H,H,0.8569448928093268,0.11364844653865326,0.02940666065201989
12982035,2894,H,H,0.5242135741794653,0.24965488859437648,0.2261315372261582
12982134,2745,H,H,0.524695603575913,0.3149952510191205,0.1603091454049665
12982155,2747,H,H,0.568118331191245,0.20238945373130424,0.22949221507745082
12982164,2858,A,A,0.10343539685501775,0.20122131111786443,0.6953432920271179
12982373,2894,A,A,0.14977461589485497,0.21581438256354432,0.6344110015416008
12982377,2748,H,H,0.591533796955516,0.22368979096039734,0.18477641208408666
12982394,2858,H,H,0.40339979580386215,0.306534979982522,0.2900652242136159
13248801,2894,D,H,0.6999873743615291,0.18057559402009835,0.1194370316183725
13248817,2748,D,H,0.4166131331044015,0.272871469347865,0.3105153975477335
13248979,2858,H,H,0.6600229767777464,0.19947125913809288,0.1405057640841608
13249049,2748,A,A,0.34491133176901345,0.24566397041278365,0.409424697818203
13249053,2748,H,A,0.13448754851471859,0.2701227391489306,0.5953897123363507
13249056,2748,H,H,0.3970501008451213,0.32002759646498563,0.28292230268989305
13249069,2748,H,A,0.3161317569627639,0.3209420982634106,0.36292614477382545
13249074,2894,H,H,0.372693563513822,0.2634129686453547,0.36389346784082327
13249082,2894,D,H,0.597652766889578,0.2460019738130154,0.15634525929740647
13249085,2894,A,A,0.2800442872916305,0.2558634458823589,0.4640922668260106
13249298,2747,H,H,0.7537300890862817,0.15782194965305743,0.08844796126066086
13249307,2747,A,A,0.2511820912632877,0.23019653436521112,0.5186213743715011
13249484,2745,A,A,0.3528055615794276,0.21302339069510057,0.4341710477254719
13249672,2858,A,A,0.1760162292903189,0.27433634434243415,0.549647426367247
13249775,2748,H,H,0.493819477617892,0.26104497881577654,0.24513554356633147
13249794,2747,D,A,0.22473032791182043,0.26406313066692183,0.5112065414212578
13249806,2745,D,H,0.5728170244419217,0.21596717340963673,0.2112158021484416
13249814,2894,H,H,0.56539541497956,0.23336157511993716,0.20124300990050278
13249873,2858,H,D,0.21351713545979878,0.399516270456287,0.38696659408391426
13249967,2748,H,A,0.2010799933783846,0.21132596071061893,0.5875940459109965
13249968,2894,D,H,0.46443738812023294,0.2109495035603252,0.3246131083194419
13249985,2858,H,A,0.3279101973821502,0.23871020875943272,0.433379593858417
13451507,2894,A,H,0.4057543187901142,0.26914521777812045,0.32510046343176535
13451526,2747,H,H,0.432206323468161,0.272705467663168,0.29508820886867093
13451528,2858,A,H,0.39834289480771456,0.28290240663579647,0.318754698556489
13605224,2745,D,H,0.4580664919289017,0.27703500957023003,0.26489849850086833
13605239,2894,A,H,0.4942166630930519,0.2747973369030029,0.2309860000039453
13605253,2748,A,A,0.2221257960694769,0.35832920124360457,0.41954500268691847
13605255,2747,H,H,0.4058705476451277,0.2634971162253808,0.3306323361294915
13605256,2747,A,A,0.21290836477364075,0.31705342640348855,0.4700382088228708
13605261,2858,A,H,0.480095204379862,0.3804796564199659,0.13942513920017205
13605383,2747,H,H,0.6927399921377388,0.16033259405884762,0.1469274138034135
13675439,2747,A,A,0.1140220308995956,0.1194628918647238,0.7665150772356807
13675620,2858,H,H,0.4599536115195809,0.2968269857733405,0.24321940270707848
13675708,2894,A,H,0.4109281657204573,0.2746612245275052,0.31441060975203744
13675901,2745,H,A,0.12010818323025431,0.20010125298293074,0.679790563786815
13675905,2745,D,H,0.4316429902235234,0.27128472570208945,0.2970722840743872
13675908,2745,A,H,0.4112362993398976,0.29477785398198325,0.2939858466781192
13675910,2745,H,H,0.5637846672148619,0.26650753864985477,0.16970779413528336
13676221,2747,D,H,0.5908512732889181,0.2739468881815339,0.13520183852954798
13676679,2858,H,H,0.8001606207362223,0.16755337790291316,0.032286001360864444
13676757,2748,H,H,0.5005004557319775,0.2778070490203844,0.22169249524763798
13676918,2894,H,H,0.4733411486271112,0.2764120030205818,0.250246848352307
13677055,2745,H,H,0.5992414842465614,0.19425681591532618,0.2065016998381123
13677063,2747,H,H,0.6842356379621419,0.15778637564854273,0.15797798638931532
13677081,2858,H,H,0.4525725233992583,0.3244799919533524,0.2229474846473892
13677264,2894,A,H,0.5016291802682953,0.25072657437879226,0.24764424535291243
13677267,2748,H,H,0.4420501027259184,0.3010122933395852,0.25693760393449644
13677280,2858,H,H,0.5955078965675361,0.23922574554618564,0.16526635788627833
13931821,2894,H,H,0.47533442276293025,0.2001448393542692,0.3245207378828005
13931844,2748,A,H,0.38350706873512974,0.2951382776506319,0.3213546536142383
13932045,2858,H,H,0.521687310773848,0.24819301996939128,0.23011966925676075
13932128,2748,A,H,0.4730855964979223,0.28518570458803416,0.24172869891404355
13932138,2748,A,H,0.5408082979471052,0.25918935160986484,0.20000235044303
13932142,2748,D,H,0.5610732368078604,0.18732231236342686,0.2516044508287127
13932144,2748,A,H,0.43899826942418557,0.30278134269334817,0.2582203878824663
13932153,2894,A,A,0.25073584844508584,0.22430140487921432,0.5249627466756999
13932156,2894,H,H,0.5091241660941377,0.24359569213770327,0.24728014176815905
13932162,2894,H,A,0.1397335083647752,0.2626167448934517,0.5976497467417732
13932270,2747,A,H,0.38406734805946924,0.24458994044900287,0.37134271149152787
13932277,2747,H,H,0.49400570158008283,0.21573689671187876,0.29025740170803827
13932279,2747,D,H,0.49196116739615947,0.23057086920106715,0.27746796340277324
13932584,2745,H,H,0.72902826032473,0.17109813312000327,0.09987360655526674
13932804,2858,D,H,0.6928543417219271,0.1927052598531118,0.1144403984249611
13932881,2748,D,A,0.17535085689528349,0.23627886377129315,0.5883702793334233
13932886,2745,D,A,0.17213156417720155,0.2797883219692885,0.54808011385351
13932893,2747,D,A,0.24005171242723974,0.22225265753364107,0.5376956300391191
13932937,2894,A,A,0.2943423454179249,0.2588713801476311,0.44678627443444396
13933021,2858,A,H,0.5849473978792287,0.30884797534100555,0.10620462677976573
13933022,2858,H,H,0.48441345581488043,0.30837612673922293,0.20721041744589666
13933054,2745,D,H,0.5286971243148592,0.2515162453264175,0.21978663035872337
13933109,2748,A,A,0.15795179807380694,0.1731040677588916,0.6689441341673016
13933110,2894,A,A,0.3309401976618586,0.2107768276843545,0.45828297465378687
13933126,2858,A,A,0.27229080889638324,0.3072304473434206,0.42047874376019606
15063594,2745,H,H,0.7330145043366261,0.162867981353022,0.10411751431035197
15063622,2858,H,H,0.6002129936281686,0.25505645545377026,0.14473055091806106
15063623,2748,A,A,0.1182164090340495,0.2478599884553031,0.6339236025106474
15120368,2747,H,A,0.34825063946166773,0.2120265281357008,0.43972283240263155
15120617,2858,D,A,0.10478340108488199,0.23091689745354416,0.6642997014615739
15120791,2894,H,H,0.7252703719397895,0.14504169929126876,0.12968792876894175
15121065,2745,H,H,0.6280352181568212,0.25468011887294917,0.11728466297022971
15121066,2745,H,H,0.6502946857749393,0.19800145861757237,0.1517038556074883
15121067,2745,H,H,0.5277312072606819,0.21613452411577194,0.25613426862354616
15121068,2745,H,A,0.2803894430977122,0.2802110546444732,0.43939950225781454
15121070,2745,H,H,0.37781716140874433,0.28636712031265743,0.33581571827859824
15121612,2747,D,A,0.10771387487559174,0.2785710690070212,0.613715056117387
15121618,2747,A,A,0.33315147836540493,0.256754812485857,0.4100937091487381
15121621,2747,A,A,0.3447344129881012,0.24653450258132667,0.4087310844305721
15121629,2747,D,H,0.4480188498015745,0.1976237860436465,0.3543573641547791
15121636,2747,A,H,0.4097237018474186,0.24984051008266475,0.3404357880699167
15121796,2858,A,H,0.43858991864226365,0.38178952278114997,0.1796205585765864
15121845,2748,A,A,0.23921955367493272,0.226998715024817,0.5337817313002502
15122013,2894,A,H,0.5001813418939182,0.21920566416318485,0.28061299394289707
15122144,2858,A,A,0.23369011935999479,0.3061936977923053,0.46011618284769995
15122148,2745,H,A,0.35823819554378,0.27745415351017133,0.3643076509460487
15122156,2747,H,H,0.46642022593364646,0.20931979941157575,0.32425997465477774
15122358,2894,A,A,0.23483326473674787,0.24462153018601346,0.5205452050772386
15122361,2858,A,A,0.13876861857174413,0.20192979709143682,0.6593015843368191
15122362,2748,H,H,0.9126263650307137,0.056863652180996684,0.030509982788289657
15350692,2894,H,H,0.6422249498765606,0.19836753225008136,0.15940751787335786
15350724,2748,H,H,0.3816688210944525,0.32035284082201315,0.29797833808353436
15350991,2858,D,A,0.26762527631097976,0.2792859605980402,0.4530887630909801
15351117,2748,A,A,0.35216643559809435,0.25346007073196036,0.3943734936699453
15351120,2748,D,H,0.38110957463337813,0.3597735821142753,0.2591168432523466
15351132,2748,H,A,0.2856454728499858,0.25986546701404273,0.45448906013597135
15351135,2748,D,H,0.45988721074027933,0.3227323466986853,0.21738044256103536
15351154,2894,D,H,0.5205894081357464,0.2755778295432594,0.2038327623209942
15351158,2894,A,H,0.41839480497157294,0.3176710917507465,0.2639341032776805
15351160,2894,H,A,0.3254202385188301,0.2610970693046253,0.4134826921765447
15351443,2747,H,H,0.7415970838167303,0.164227774381965,0.09417514180130473
15351614,2745,D,H,0.3838935280716303,0.2429685625018731,0.3731379094264966
15351765,2858,H,A,0.24687955043332813,0.34044637426126023,0.41267407530541167
15351870,2748,H,H,0.5189902205639582,0.2654603187490413,0.2155494606870005
15351885,2745,A,H,0.5115959893371647,0.26004239967791865,0.22836161098491664
15351905,2747,D,H,0.46043790569570364,0.2617667346530115,0.2777953596512849
15351921,2894,H,H,0.5284366826451263,0.1980471368900886,0.27351618046478504
15351960,2858,A,H,0.42890671195788893,0.29468581894969137,0.27640746909241964
15352015,2748,H,H,0.465434375171173,0.19397858169019427,0.34058704313863275
15352016,2894,H,H,0.5252064260983607,0.23906971165259533,0.23572386224904404
15352017,2858,D,H,0.6269344923492943,0.24422879955497873,0.12883670809572692
15524228,2894,A,A,0.21919324021608505,0.27093761630194146,0.5098691434819734
15524238,2858,H,H,0.5983613908416922,0.3057190218743401,0.09591958728396785
15524240,2747,H,H,0.4708924893894392,0.28198299707495805,0.24712451353560277
15686712,2745,A,H,0.50192685291795,0.23405656533738486,0.26401658174466514
15686744,2858,A,A,0.37002199812335496,0.25912214398069894,0.370855857895946
15686747,2748,D,H,0.5438653975049627,0.23790295781055526,0.21823164468448203
15763206,2858,H,H,0.3531037941878026,0.304807367708084,0.34208883810411356
15763619,2894,A,H,0.4025832903918479,0.2410428370912359,0.3563738725169162
15763941,2745,H,H,0.4436728859637904,0.3094800637994469,0.24684705023676262
15763942,2745,D,H,0.3537512485384416,0.2999067456260877,0.3463420058354707
15763947,2745,H,A,0.2026651164004205,0.3218302145145942,0.4755046690849854
15763949,2745,D,H,0.5036545017733067,0.2937960590041275,0.20254943922256588
15764452,2747,H,A,0.2358271434233733,0.3629261283813544,0.40124672819527224
15764454,2747,H,H,0.5495306898655109,0.23713783635066682,0.21333147378382233
15764459,2747,H,H,0.8088947174443216,0.12401559061518687,0.06708969194049144
15764460,2747,H,A,0.38104535804792766,0.23240904745473687,0.38654559449733544
15764605,2858,H,H,0.5657177508653823,0.25353675804147524,0.1807454910931424
15764687,2748,A,H,0.805828871578906,0.12653782237255182,0.06763330604854212
15764795,2894,H,H,0.4628210102525794,0.21870710663266163,0.31847188311475905
15764862,2858,D,A,0.1566610747267831,0.2561259588015908,0.587212966471626
15764864,2745,D,A,0.19953763797252336,0.20279610721304872,0.5976662548144279
15764877,2747,A,A,0.30585176320625873,0.20280797526395591,0.49134026152978527
15765048,2894,D,H,0.49956581381796267,0.2711193181568793,0.229314868025158
15765051,2858,A,A,0.12664721571481088,0.3234566388604456,0.5498961454247435
15765061,2748,D,A,0.07123294146143727,0.19507198131424588,0.7336950772243167
16082627,2894,D,H,0.39162860099295665,0.27728510161644765,0.3310862973905957
16082693,2748,A,H,0.4389772087887945,0.2737438517355405,0.287278939475665
16082786,2858,D,A,0.2181926384323272,0.31488308627517425,0.4669242752924985
16083175,2894,H,H,0.43579832206983077,0.295154813482213,0.2690468644479562
16083181,2894,H,H,0.4237880778952654,0.3278867154958369,0.24832520660889768
16083187,2894,D,H,0.4956193459228137,0.2246859654518398,0.2796946886253465
16083317,2748,A,A,0.30634609645314415,0.327405206566721,0.36624869698013485
16083319,2748,H,H,0.5485866790404923,0.26407891537061806,0.18733440558888964
16083320,2748,H,A,0.3391919763297238,0.2873128306997948,0.3734951929704813
16083328,2748,A,A,0.22625679509687374,0.31082832607102007,0.4629148788321062
16083456,2747,H,A,0.31654140944580905,0.24463810141322379,0.4388204891409673
16083473,2747,H,A,0.3688781991542051,0.25066110373610523,0.3804606971096896
16083611,2745,H,H,0.4496034110253142,0.25070428360361513,0.29969230537107056
16083763,2858,D,D,0.24531141100298134,0.3929266926657386,0.36176189633128014
16083885,2748,H,H,0.5882187412097648,0.24139451705046744,0.17038674173976767
16083892,2745,D,A,0.3418638873033147,0.27299868060706756,0.3851374320896178
16083914,2747,H,H,0.423664485969606,0.16582925599408027,0.4105062580363137
16083928,2894,A,A,0.11165490487907838,0.22457960624413636,0.6637654888767853
16083971,2858,H,A,0.3006817328023388,0.2608373815797121,0.438480885617949
16083997,2745,A,A,0.23474290841485723,0.2224871617730792,0.5427699298120636
16084028,2747,A,H,0.46306468919254923,0.2715193297061915,0.26541598110125936
16084063,2894,H,H,0.46266839849244246,0.2661177620539419,0.2712138394536155
16084064,2748,H,A,0.28090498601769587,0.2674206781438397,0.45167433583846445
16084065,2858,H,H,0.7466259154871587,0.19206590908234517,0.06130817543049609
16326603,2894,A,A,0.2219688336842185,0.1850809864857239,0.5929501798300576
16326615,2858,D,A,0.21569059708079089,0.35885973085478046,0.4254496720644288
16326618,2747,D,A,0.19750250365558375,0.3003350025347303,0.502162493809686
16501803,2745,A,A,0.24384111129228425,0.2732080290307595,0.48295085967695606
16501827,2858,D,H,0.49009712853967774,0.3378770589646755,0.17202581249564664
16501828,2748,A,A,0.29703354328267556,0.2952784975015424,0.40768795921578205
16501830,2747,H,A,0.30573943639808066,0.21697849023010685,0.47728207337181244
16575261,2747,D,A,0.3316741681496838,0.2658945639562259,0.40243126789409017
16575301,2858,D,H,0.5256924075456161,0.3360811427081214,0.13822644974626258
16575759,2894,H,H,0.39820399405715245,0.30513028604476083,0.2966657198980866
16576063,2745,H,H,0.5460217092707806,0.26036331697715365,0.19361497375206563
16576064,2745,D,A,0.2608170493693714,0.2741797189917252,0.4650032316389034
16576065,2745,H,H,0.5512713918965007,0.29694535240479925,0.15178325569870002
16576066,2745,A,H,0.6803289923064028,0.19877342745898532,0.12089758023461185
16576537,2747,D,H,0.4502104195684339,0.31369827241748544,0.23609130801408068
16576546,2747,H,H,0.46929966752346175,0.27819342352345094,0.2525069089530873
16576643,2858,D,H,0.6624259514410314,0.256368218439083,0.08120583011988557
16576722,2748,D,H,0.5362686905574345,0.2883371612214891,0.17539414822107635
16576869,2894,A,A,0.29849136439149543,0.2393496927486951,0.4621589428598094
16576965,2858,A,H,0.4576758054236694,0.3202717735888603,0.22205242098747024
16576967,2745,H,H,0.4920408716586852,0.2852184991894186,0.22274062915189605
16576981,2747,H,H,0.6508891991552438,0.17949642364498372,0.16961437719977251
16577191,2894,H,H,0.545362545279116,0.21124137131065185,0.24339608341023217
16577196,2858,A,H,0.47469005267374076,0.25044159446803727,0.27486835285822186
16577210,2748,H,H,0.5725024287636132,0.21151566815291042,0.21598190308347628
16875652,2894,H,H,0.5145055011920467,0.25787522850705363,0.22761927030089965
16875737,2748,H,H,0.5425853009329726,0.31063133662065695,0.14678336244637036
16875831,2858,A,A,0.30200564381784545,0.33968317989946906,0.35831117628268544
16876316,2894,D,H,0.5125289184684323,0.20969240999599723,0.27777867153557056
16876321,2894,D,D,0.3781850535864851,0.3787313767737398,0.24308356963977504
16876434,2748,D,A,0.3165677860091385,0.3037370817691096,0.37969513222175183
16876441,2748,H,H,0.3699877276943876,0.30689491994977824,0.3231173523558341
16876448,2748,H,H,0.45964422211676226,0.20740662004299548,0.3329491578402423
16876453,2748,D,H,0.5626220472938951,0.2654269134611316,0.1719510392449733
16876570,2747,A,A,0.3098640880973774,0.2320659865332309,0.45806992536939173
16876582,2747,A,A,0.1796989928818625,0.18821891489535345,0.6320820922227841
16876591,2747,D,A,0.2115047939968928,0.2456337893693548,0.5428614166337523
16876593,2747,D,A,0.364355350031144,0.24547503885717564,0.3901696111116804
16876702,2745,H,H,0.4954763921049596,0.2988372738006523,0.2056863340943881
16876854,2858,H,A,0.34275257738053744,0.26894749479872343,0.38829992782073913
16876953,2748,D,H,0.5303498915612008,0.2615099048339133,0.20814020360488594
16876961,2745,H,H,0.6509474913866589,0.1762684466014038,0.17278406201193725
16876975,2747,H,A,0.14108094297908416,0.1477857143325435,0.7111333426883725
16876986,2894,H,H,0.7405904679462367,0.16598804065377695,0.09342149139998622
16877007,2858,H,H,0.448140176819007,0.3603412454880294,0.19151857769296363
16877054,2745,H,H,0.6939944989030412,0.15996083977838244,0.14604466131857638
16877106,2894,A,A,0.19150823965678967,0.2448558179699076,0.5636359423733026
16877107,2748,H,H,0.6781381106672507,0.12728579160323472,0.19457609772951462
16877109,2858,H,H,0.6098642774795988,0.2296448018047311,0.16049092071567012
17122689,2894,A,A,0.17994275272922997,0.27900973241479915,0.5410475148559708
17122722,2894,D,H,0.4275622273948256,0.2507188494220995,0.32171892318307505
17122730,2858,H,H,0.5708989627804885,0.22391147891495622,0.20518955830455532
17154654,2858,D,A,0.24856395376947768,0.30744758933840444,0.44398845689211786
17154683,2858,D,A,0.20709636030653267,0.28975062079709285,0.5031530188963745
17154703,2747,D,H,0.6379045838039511,0.20661674301890887,0.15547867317714015
17154774,2858,D,H,0.5845702935269471,0.25889120308826585,0.156538503384787
17154789,2747,H,H,0.5682354657299878,0.23575046310665113,0.19601407116336095
17154829,2747,A,H,0.4141719881776162,0.1720629385466778,0.41376507327570594
17201865,2858,D,A,0.15794449876786276,0.313197497401458,0.5288580038306792
17201866,2858,H,H,0.3949551632184217,0.3380495106547958,0.2669953261267824
17201906,2858,H,H,0.48753754835379337,0.3048665119098249,0.20759593973638182
17201926,2747,A,A,0.340024803325683,0.3189256314355059,0.3410495652388111
17201927,2747,D,A,0.3545705134028978,0.23064487884706883,0.41478460775003334
17201929,2747,H,H,0.5980580141280956,0.21084128436346655,0.19110070150843783
17201930,2747,H,H,0.6931008440246438,0.14969474965866444,0.15720440631669175
17201965,2858,A,A,0.08138967493862487,0.26238080660615887,0.6562295184552164
17201981,2747,H,A,0.18217746681246655,0.2330927078407409,0.5847298253467926
17260012,2858,H,H,0.357454918242512,0.32887076444307123,0.31367431731441675
17260029,2858,H,H,0.43438063958164785,0.3135965372875433,0.2520228231308089
17260034,2747,H,H,0.41214989955410614,0.29129711830916755,0.29655298213672615
17260043,2858,H,H,0.57705688534492,0.19194981451946366,0.23099330013561636
17260050,2747,H,A,0.2854662661664305,0.2564677477407348,0.4580659860928348
17285604,2745,H,A,0.32599905977173793,0.31126801826309103,0.362732921965171
17285623,2894,H,H,0.5395009188222237,0.23737073689183516,0.22312834428594114
17285642,2748,A,A,0.07308119200747436,0.19340234823163743,0.7335164597608881
17356967,2747,H,A,0.10749394839879858,0.23368706092880642,0.658818990672395
17357018,2858,H,H,0.5224957730013863,0.32494512414804244,0.1525591028505713
17357451,2894,H,H,0.4568035404681707,0.3007728062472538,0.24242365328457555
17357672,2745,H,H,0.4629622872011514,0.26272920734892635,0.2743085054499223
17357673,2745,D,H,0.41180653627132874,0.3401568476670062,0.2480366160616651
17357674,2745,H,H,0.3766773315886737,0.2695810496083946,0.3537416188029316
17357675,2745,A,A,0.21263239946130438,0.18892872603787972,0.5984388745008158
17357677,2745,D,A,0.3377749438295191,0.30515597861260174,0.3570690775578792
17357951,2747,H,A,0.34806718281421944,0.2565673559439037,0.39536546124187677
17357956,2747,H,H,0.7692028188489602,0.11008231213977952,0.12071486901126018
17358202,2858,H,D,0.3060311626174659,0.3609039710789925,0.33306486630354154
17358297,2748,A,H,0.39612017772457364,0.21799754026513307,0.38588228201029334
17358415,2894,H,H,0.6626507968466948,0.21276428793861138,0.12458491521469378
17358510,2858,A,H,0.5751877076917674,0.249474509449075,0.17533778285915763
17358513,2745,A,H,0.3887930649963052,0.2837029779334925,0.32750395707020236
17358519,2747,D,H,0.47852988392064744,0.23291281763229532,0.2885572984470573
17358679,2894,A,A,0.25650080414574483,0.2690491674376909,0.47445002841656425
17358683,2858,H,H,0.738024471015598,0.1883904999112105,0.07358502907319145
17358691,2748,A,H,0.40050985099472786,0.2442616768402774,0.3552284721649947
17660492,2894,A,H,0.6104097575670084,0.1898358315987496,0.19975441083424195
17660615,2748,A,A,0.14456262855054455,0.25047653357358113,0.6049608378758743
17660724,2858,D,H,0.5823396671509279,0.30568538429450226,0.11197494855456977
17661185,2894,H,H,0.36040154160532384,0.3027905556181686,0.33680790277650763
17661240,2747,H,A,0.25322828548109605,0.26805440918445445,0.47871730533444956
17661249,2747,A,A,0.3426240202237414,0.25365477284373156,0.40372120693252694
17661258,2747,D,A,0.12933553239738935,0.17533023669925632,0.6953342309033543
17661269,2747,A,A,0.3046240078495287,0.3000476265588097,0.39532836559166157
17661314,2748,A,H,0.5685193367810772,0.24525624270332105,0.18622442051560173
17661320,2748,H,H,0.4928676038181617,0.2815161113155125,0.2256162848663258
17661322,2748,D,H,0.49089667245398527,0.2910525414230694,0.21805078612294526
17661324,2748,D,A,0.28835035227822986,0.2963310469482802,0.4153186007734899
17661551,2745,H,A,0.11938066826680048,0.2724275681652789,0.6081917635679207
17661696,2858,A,H,0.4129812634055542,0.26467513864943554,0.32234359794501033
17661817,2748,D,H,0.40951892586031163,0.28371474307797173,0.30676633106171664
17661825,2745,H,H,0.5447549430711321,0.29239959689774797,0.16284546003111988
17661831,2747,A,H,0.40360805396803345,0.23764069518133,0.35875125085063664
17661851,2894,A,A,0.3089190637751503,0.19658129833047375,0.4944996378943759
17661879,2858,D,A,0.34000363911281134,0.2951944324324556,0.364801928454733
17661880,2858,H,H,0.6167483064648274,0.23746274433304537,0.14578894920212723
17661953,2894,A,A,0.2208444778343446,0.2501935130938729,0.5289620090717826
17661954,2748,H,H,0.4066075403500283,0.28203747777039606,0.3113549818795757
17661955,2858,H,H,0.6110597914181879,0.18223294705340531,0.20670726152840674
17910566,2894,A,H,0.4134124671979361,0.3101727624563583,0.2764147703457055
17910619,2894,H,H,0.5222341848498722,0.25222092625220477,0.22554488889792304
17910630,2858,D,H,0.42569708067970335,0.33373149221743303,0.2405714271028636
17910632,2747,H,H,0.5075038045004095,0.24331859029846245,0.24917760520112803
18103949,2745,H,H,0.5374305156177225,0.25462895587669404,0.20794052850558345
18103980,2858,D,H,0.44322597373826284,0.31525400724664626,0.24152001901509088
18103984,2748,H,H,0.6288844541525638,0.19814170114550167,0.17297384470193453
18170805,2747,A,A,0.12736217213548545,0.16291637786555116,0.7097214499989635
18170862,2858,H,H,0.3727661171588048,0.3575824997523542,0.269651383088841
18171359,2894,H,H,0.6065622291405189,0.21157522373057203,0.181862547128909
18171575,2745,H,H,0.766505884680056,0.1302737077051841,0.10322040761476005
18171576,2745,H,H,0.5269867922849195,0.2944430057174076,0.17857020199767287
18171579,2745,H,H,0.5115340677349284,0.34203268955121036,0.14643324271386124
18171581,2745,H,H,0.3700956004418566,0.31888189136617573,0.31102250819196764
18172050,2747,A,A,0.1548156366221397,0.2356912553668259,0.6094931080110345
18172054,2747,D,H,0.5921361099763209,0.23395528059252416,0.173908609431155
18172057,2747,H,A,0.3397058148220933,0.2266633377575433,0.43363084742036334
18172059,2747,H,H,0.4551670395045521,0.26037194014424514,0.2844610203512027
18172066,2747,H,H,0.6023715931370978,0.2040225564116743,0.1936058504512279
18172152,2858,H,A,0.1345223957985796,0.3571207624242215,0.5083568417771989
18172242,2748,H,H,0.750639346135412,0.1524373028222452,0.09692335104234293
18172357,2894,A,A,0.22436720935261623,0.22968130517731863,0.545951485470065
18172416,2745,A,H,0.5347396893402162,0.21038708929393873,0.25487322136584506
18172417,2858,A,A,0.31943982615366184,0.3222656633844493,0.3582945104618888
18172432,2747,D,H,0.4543157310221579,0.2291825755108459,0.3165016934669963
18172574,2894,H,H,0.6532867745661203,0.22309550728363542,0.1236177181502443
18172576,2747,A,H,0.6507042272751753,0.1659531964507999,0.18334257627402475
18172578,2858,A,A,0.1794102234586961,0.21147487855833472,0.6091148979829691
18172585,2748,D,A,0.14388367418133932,0.19144177618640745,0.6646745496322533
18458989,2894,A,A,0.22886267308996425,0.2606114337856318,0.5105258931244039
18459078,2748,H,H,0.3982912827028496,0.3453383517687975,0.2563703655283529
18459199,2858,H,H,0.4547297557980592,0.3096974004746152,0.23557284372732562
18459617,2894,D,A,0.12363900442236817,0.23488291241405956,0.6414780831635721
18459620,2894,A,A,0.33992125225326314,0.3167445940428689,0.34333415370386805
18459681,2748,H,H,0.6351299870746123,0.23947596781407654,0.12539404511131105
18459684,2748,D,H,0.3589107016501464,0.29746343670223885,0.3436258616476148
18459693,2748,D,D,0.2934200661580752,0.3630115345611292,0.34356839928079563
18459697,2748,H,H,0.5901686929602278,0.2242907967317608,0.1855405103080114
18459732,2747,H,H,0.7646102536266911,0.16295312619902919,0.07243662017427979
18459810,2745,H,H,0.6071470203601786,0.20869425003875522,0.18415872960106625
18459932,2858,D,H,0.7461830208699788,0.1678998758376358,0.08591710329238543
18460051,2748,A,H,0.5872320685241547,0.22416297144073272,0.18860496003511257
18460054,2747,H,H,0.41489275185195124,0.2557339100962311,0.32937333805181773
18460060,2745,A,A,0.24278992665044763,0.31500253008649287,0.44220754326305944
18460087,2894,A,H,0.6874983562373396,0.19260985247578027,0.11989179128688016
18460099,2858,H,H,0.4735126202145241,0.2575154848689686,0.26897189491650736
18460122,2745,D,A,0.26655274364612713,0.28404955132805926,0.4493977050258137
18460136,2894,H,A,0.18515620419725967,0.2249486333348658,0.5898951624678745
18460137,2748,H,H,0.43242977655031206,0.26626959033241754,0.3013006331172704
18460158,2858,A,H,0.386474019877672,0.2671515240186448,0.34637445610368317
18707042,2894,A,A,0.25137981650427904,0.25297579453379354,0.49564438896192753
18707071,2894,A,H,0.3640759663642779,0.2972561081708768,0.33866792546484537
18707078,2858,A,D,0.2556798456996628,0.3773668159880639,0.36695333831227334
18855601,2745,H,H,0.4626366532939353,0.31514938033753764,0.2222139663685271
18855621,2894,D,H,0.6403467954897094,0.18497513004779137,0.17467807446249925
18855632,2858,H,A,0.2739985404460551,0.30295932436095635,0.42304213519298856
18855635,2748,D,H,0.498486977151085,0.2813413119829464,0.22017171086596865
18918084,2858,D,H,0.5482201418803098,0.3075965819455082,0.1441832761741821
18918557,2894,H,A,0.3480810699015848,0.26848961900609586,0.3834293110923194
18918558,2894,D,H,0.5680911812053308,0.25723303228089406,0.17467578651377516
18918674,2745,H,H,0.6702233865478855,0.2555388213145646,0.07423779213754994
18918678,2745,A,H,0.4117956462964964,0.30954767402499067,0.27865667967851293
18918679,2745,A,H,0.45193829338211416,0.2455624395680563,0.30249926704982955
18918680,2745,A,A,0.22847293959817772,0.28507435379742546,0.4864527066043967
18918682,2745,A,A,0.11087144063219627,0.18306423363282767,0.706064325734976
18919118,2747,H,H,0.5267376158500806,0.24221080577249185,0.23105157837742757
18919121,2747,H,H,0.7592780809190907,0.136662970375329,0.10405894870558029
18919124,2747,D,A,0.23397770138643254,0.32968004236287946,0.43634225625068807
18919132,2747,A,A,0.16441512354993085,0.21589480810120784,0.6196900683488613
18919193,2858,H,H,0.5751225123724902,0.29815754513821957,0.1267199424892903
18919289,2748,H,A,0.31571444959919237,0.3230436368102543,0.3612419135905533
18919401,2894,A,A,0.2487911922691379,0.21955246255353505,0.5316563451773271
18919475,2858,A,A,0.2921058683468196,0.3248247749782925,0.383069356674888
18919478,2745,H,H,0.7125607277761535,0.19850356297833535,0.0889357092455111
18919492,2747,A,H,0.39383838257748616,0.24617548724169835,0.35998613018081554
18919642,2894,H,H,0.6899295642114462,0.1992859964937097,0.110784439294844
18919648,2858,H,H,0.8100255682983648,0.13306741264691452,0.05690701905472073
18919649,2748,A,A,0.12557259272742272,0.24596034323340285,0.6284670640391745
19213319,2894,H,H,0.39497348537259175,0.275757034460319,0.3292694801670893
19213403,2748,A,A,0.1893433604941063,0.2308800253117674,0.5797766141941263
19213431,2747,A,A,0.18435038478198923,0.19531253586492722,0.6203370793530836
19213557,2858,D,H,0.5449030270594305,0.2876846306860918,0.16741234225447768
19214042,2894,A,A,0.3126689322523832,0.2911068623020816,0.39622420544553527
19214044,2894,H,H,0.461031715722096,0.26669989595292176,0.2722683883249821
19214118,2748,D,H,0.35963321557007516,0.2927877556443807,0.3475790287855441
19214123,2748,H,H,0.4465686297410893,0.3144321059668526,0.23899926429205803
19214128,2748,H,H,0.43303587313248987,0.2837437198582345,0.28322040700927564
19214132,2748,A,A,0.20617566696781278,0.2837356776018834,0.5100886554303038
19214201,2747,H,A,0.206534954986674,0.2489383784475127,0.5445266665658132
19214205,2747,A,A,0.15929029535193143,0.20520312387670664,0.6355065807713619
19214209,2747,A,H,0.4258562009817331,0.2529096561840351,0.32123414283423185
19214256,2745,H,A,0.21373430080518077,0.2502569072041637,0.5360087919906555
19214394,2858,D,H,0.44000947619767206,0.27608953380294254,0.2839009899993854
19214485,2748,D,A,0.29947008215005994,0.24734284495468564,0.4531870728952545
19214489,2745,H,H,0.45350236862379817,0.33926253958548996,0.20723509179071184
19214501,2747,A,H,0.4503922001275125,0.21631394485035116,0.3332938550221363
19214513,2894,A,A,0.2629793783003149,0.2085219760208785,0.5284986456788067
19214529,2858,A,H,0.5187581695805429,0.2572776105335089,0.2239642198859482
19214587,2894,H,H,0.4482762618618261,0.24407890683793998,0.3076448313002339
19214588,2748,H,H,0.45670222464801336,0.24314927556683494,0.3001484997851518
19214618,2858,D,H,0.5831124880273014,0.26819918594995235,0.1486883260227463
19446653,2858,H,A,0.22280765353998092,0.270042578924967,0.5071497675350521
19479060,2745,H,A,0.37673405012819383,0.24411178900650993,0.3791541608652963
19479061,2894,H,H,0.7152868639011956,0.1954715202284261,0.08924161587037832
19479062,2894,D,A,0.14798581362540866,0.21649698511623183,0.6355172012583595
19479070,2858,A,A,0.224182926620318,0.38581439543083035,0.3900026779488517
19479083,2858,H,H,0.5868715366445028,0.24662366695961702,0.16650479639588017
19479092,2745,H,H,0.6657343241476624,0.22463430381522193,0.1096313720371157
19479093,2745,H,A,0.17798478366165826,0.3062911366882665,0.5157240796500753
19479094,2745,H,H,0.40412475798736996,0.285942461376434,0.30993278063619606
19479136,2894,D,A,0.13591724796640284,0.2495705844628203,0.6145121675707769
19479181,2858,A,A,0.16575179600234052,0.21530002908155751,0.618948174916102
19517510,2745,A,H,0.37040652487868686,0.3147599452644764,0.31483352985683677
19517511,2894,H,A,0.2376549983282945,0.2130710209555294,0.5492739807161762
19517512,2894,D,A,0.3304895255726232,0.23449443423652028,0.43501604019085643
19517521,2858,H,D,0.3439102512499302,0.3638236491274237,0.29226609962264616
19517522,2858,A,A,0.3181013700912906,0.3262445518578783,0.35565407805083105
19517545,2858,A,H,0.42598450563200474,0.293379555021717,0.28063593934627834
19517564,2745,H,H,0.44917381038901344,0.260609512062768,0.2902166775482185
19517565,2745,D,H,0.6064963477376111,0.20244684252138415,0.19105680974100475
19517566,2745,H,H,0.5600533646212512,0.20664285102771413,0.2333037843510346
19517567,2745,H,A,0.3312557486777434,0.3119517405502681,0.35679251077198854
19517585,2894,H,H,0.3498946345828137,0.3140142891925169,0.33609107622466944
19517586,2894,H,H,0.5315677153162667,0.2601357665632968,0.20829651812043642
19517587,2894,H,H,0.5588229446652532,0.27105516401291924,0.17012189132182756
19517602,2858,H,A,0.30429285097803926,0.29988688987302153,0.3958202591489391
19561604,2894,A,A,0.153627769027705,0.22811091455627547,0.6182613164160194
19561606,2858,D,H,0.6222733524766999,0.24633646878762183,0.13139017873567818
19561616,2858,H,H,0.4630762186448247,0.24051964460292632,0.2964041367522489
19561623,2894,H,H,0.738383613772565,0.1490947603658884,0.11252162586154668
19561626,2858,H,H,0.7223305026810293,0.21631936165662372,0.06135013566234707
19582601,2745,H,H,0.4352885117959808,0.24092785294225186,0.3237836352617673
19582609,2894,H,H,0.423541660040382,0.3012237855993413,0.27523455436027666
19582616,2748,D,H,0.5002401782109724,0.2509900289666747,0.24876979282235281
19638345,2747,A,H,0.8069266046842217,0.11948780403430238,0.07358559128147593
19638927,2894,H,H,0.5502248613780495,0.20279109131749315,0.24698404730445742
19639036,2745,H,H,0.5306722279362421,0.29400544355089614,0.1753223285128617
19639037,2745,A,H,0.3837204251454087,0.2584112312385911,0.3578683436160001
19639039,2745,A,H,0.5332962266824934,0.3309929168687664,0.13571085644874023
19639040,2745,H,H,0.46221972531434097,0.28549982084482683,0.2522804538408321
19639041,2745,A,A,0.34899162970995506,0.28876795254029275,0.3622404177497522
19639279,2747,H,A,0.27181889697884526,0.22976439464111467,0.49841670838003993
19639283,2747,H,H,0.7561658841588961,0.14065269073499032,0.10318142510611368
19639289,2747,H,A,0.2544183776389693,0.31986039484346857,0.42572122751756214
19639292,2747,H,H,0.5902956296177487,0.21769407026322382,0.1920103001190275
19639293,2747,A,H,0.38715304284373875,0.2332762347992172,0.3795707223570442
19639584,2748,H,H,0.5740296460327415,0.23663611851182714,0.1893342354554313
19639689,2894,A,A,0.2982598204512178,0.2760109683186382,0.42572921123014407
19639751,2745,A,A,0.0710591273558724,0.16184501532119427,0.7670958573229334
19639754,2747,H,H,0.6102389016746366,0.1634725235493974,0.22628857477596606
19639900,2894,H,A,0.33669543971933225,0.30565952562625454,0.3576450346544132
19639902,2747,A,A,0.07055319948873297,0.17008359566712178,0.7593632048441452
19639911,2748,H,H,0.6752845753032068,0.19238690547612539,0.13232851922066777
19926374,2894,A,A,0.34166852827404404,0.24985058967505538,0.40848088205090055
19926452,2748,H,H,0.7658797638328134,0.17015242097051037,0.06396781519667617
19927094,2894,A,H,0.3834500053553814,0.274438250375944,0.3421117442686747
19927097,2894,H,A,0.36180107654663535,0.26141521334111717,0.3767837101122474
19927101,2894,D,H,0.4991810689994269,0.2531813738145191,0.24763755718605399
19927107,2747,A,H,0.5825748322903329,0.2110003549602633,0.20642481274940386
19927148,2748,D,H,0.44457602124219536,0.3024695355635599,0.25295444319424476
19927151,2748,H,H,0.6656936700714683,0.19603585769387186,0.1382704722346599
19927153,2748,D,H,0.38912287451289124,0.32769394478676694,0.2831831807003418
19927159,2748,H,A,0.24510401321264985,0.2976758521951314,0.45722013459221883
19927230,2745,D,A,0.2600820749404109,0.28397989569413246,0.45593802936545674
19927449,2748,D,A,0.16440293235013864,0.25217799367370436,0.5834190739761569
19927454,2745,H,H,0.4141233843723301,0.2781924277039943,0.3076841879236756
19927458,2747,A,H,0.3865351688562613,0.2482804266055601,0.3651844045381786
19927476,2894,H,H,0.6127232708249624,0.2146505623641345,0.17262616681090323
19927535,2894,H,A,0.3602396776062776,0.22479085875393556,0.4149694636397869
19927536,2748,A,H,0.41935940806011857,0.1973528477896011,0.38328774415028033
22945232,2747,D,A,0.26903283506719056,0.23365208532131285,0.4973150796114967
22945314,2747,A,A,0.35990361534704207,0.26232141307556894,0.377774971577389
22945315,2747,A,H,0.538689126064456,0.20960017370258188,0.25171070023296216
22945316,2747,A,A,0.3152189220810249,0.20966709744950696,0.47511398046946807
22945317,2747,A,A,0.21743549505836723,0.2532230598382198,0.5293414451034131
22945499,2747,A,A,0.1894561646737338,0.24736896237476597,0.5631748729515003
22945509,2747,H,H,0.7672407338664676,0.1230555288998261,0.10970373723370619
22964115,2747,H,H,0.5417512885098783,0.2006574307172322,0.2575912807728896
22964123,2747,H,H,0.606197397817154,0.25846752328077677,0.13533507890206922
22994127,2748,H,H,0.456070210265768,0.2703518546812685,0.2735779350529636
22994128,2748,D,H,0.43999005543262976,0.2879022006509233,0.27210774391644693
22994154,2748,A,A,0.13659242267802696,0.24009908894081428,0.6233084883811587
22994161,2748,A,A,0.28710941871307666,0.2806144914190438,0.4322760898678795
22994179,2747,A,A,0.08371103223356727,0.19044871119912912,0.7258402565673037
22994181,2748,H,H,0.7333882837141102,0.18646120170520059,0.08015051458068907
22994182,2748,A,A,0.2698244219511048,0.3018816540110623,0.428293924037833
23041509,2748,A,H,0.5311668982233799,0.2586192931600845,0.21021380861653557
23041510,2858,D,H,0.37484448381642826,0.3131722442017622,0.3119832719818096
23041519,2748,H,A,0.18233438667691462,0.2618871230757915,0.5557784902472939
23041522,2858,D,A,0.3372164375884225,0.29170978108069723,0.3710737813308802
23041554,2748,D,A,0.24090663957366168,0.2673009296240286,0.4917924308023097
23041555,2748,H,H,0.5923923851466633,0.23036585766589568,0.1772417571874411
23041558,2858,H,H,0.6984911736606234,0.2163162836988902,0.08519254264048645
23062425,2858,H,H,0.4044314360396023,0.30167846803734416,0.2938900959230536
23062438,2858,D,D,0.3418251966645668,0.34338858870846756,0.31478621462696554
23062439,2858,D,D,0.31249898125696635,0.3756171871385023,0.31188383160453137
23062449,2747,A,A,0.33698730384133846,0.2646349191868286,0.398377776971833
23062466,2747,H,H,0.5213752460072446,0.2405779319194853,0.2380468220732701
23062479,2858,A,A,0.14850331063658082,0.24912852368151314,0.602368165681906
23096354,2747,A,A,0.17339675396945745,0.25094889875730664,0.575654347273236
23096371,2858,D,H,0.7448621145986056,0.17717747244243046,0.0779604129589639
23096392,2747,A,A,0.3189400842017562,0.27270253235098985,0.40835738344725403
23096393,2747,H,H,0.6475916520099997,0.19815833835677804,0.1542500096332222
23096394,2747,D,H,0.8090105846485042,0.11107567344125485,0.07991374191024098
23096395,2747,D,H,0.7368354058942883,0.15100711572741823,0.11215747837829347
23096404,2858,H,H,0.5098725570216653,0.2759999959138913,0.21412744706444337
23096405,2858,H,A,0.3310376592590526,0.29142148367018705,0.37754085707076035
23096413,2747,A,A,0.19402815932109985,0.18456994358953294,0.6214018970893672
23121311,2747,A,H,0.5861844849896113,0.22168872379750443,0.1921267912128843
23121312,2748,H,H,0.6295174592341636,0.23634063555880042,0.13414190520703606
23121313,2748,H,H,0.5370329789741161,0.28588567384592456,0.17708134717995944
23121314,2748,H,H,0.3654374350266117,0.2989074359463329,0.33565512902705535
23121315,2748,A,A,0.2189238141519244,0.2236251114536708,0.5574510743944048
23121362,2748,A,H,0.498168165279355,0.25643375193973345,0.24539808278091163
23121363,2747,D,A,0.16605405513804522,0.21794732065827252,0.6159986242036822
23121367,2748,H,A,0.17858101989477118,0.21183071329557526,0.6095882668096535
23140978,2748,A,A,0.2713379808477003,0.3277525698308662,0.4009094493214336
23141205,2748,D,H,0.4942428125414233,0.2899000767312834,0.2158571107272932
23141213,2747,H,A,0.23904064072108186,0.281689600045062,0.4792697592338562
23141214,2748,A,A,0.22632692163346088,0.2498954694434256,0.5237776089231135
23141218,2748,H,H,0.6259081069566994,0.19804155719110692,0.1760503358521937
23186307,2747,D,H,0.45401115711365814,0.17215935807426636,0.3738294848120755
23186308,2747,A,A,0.31898585083614805,0.24034521355517616,0.44066893560867576
23186309,2747,A,H,0.4042391984033972,0.2038834391698699,0.39187736242673293
23186329,2747,H,H,0.6336204841022895,0.20397850046625715,0.16240101543145324
23202737,2894,A,A,0.20199161100191315,0.2542453171848006,0.5437630718132863
23202738,2894,A,H,0.6032581295146805,0.24344180129270068,0.15330006919261888
23202779,2894,D,A,0.250585873482215,0.2214822415610838,0.5279318849567012
23202780,2894,D,H,0.5782674271060323,0.24508404599604366,0.17664852689792404
23202808,2894,H,H,0.49667929294258345,0.2811836487991393,0.22213705825827723
23202809,2894,H,A,0.23392082214384988,0.23609600938937964,0.5299831684667705
23202827,2894,A,A,0.17870038722767104,0.23259064137192953,0.5887089714003995
23202828,2894,D,H,0.4048382908012037,0.2596440942265549,0.3355176149722414
23202846,2747,A,H,0.3878482395412667,0.334248625220598,0.27790313523813537
23202848,2747,D,H,0.3979870894585939,0.2297062884771529,0.37230662206425325
23202849,2894,H,A,0.2260183015940805,0.23274397882178813,0.5412377195841314
23202850,2894,D,H,0.5958195183424717,0.2255003512016373,0.1786801304558911
23202860,2747,D,H,0.5196450914349687,0.23118635347251384,0.24916855509251734
23202861,2747,A,A,0.3020216306346041,0.25262405987193354,0.44535430949346244
23219613,2747,A,A,0.14212030779524726,0.1862939098033356,0.6715857824014172
23238401,2858,A,D,0.3250008086296683,0.36500100356633763,0.3099981878039941
23238452,2858,A,H,0.6498678151906968,0.24322855197248971,0.10690363283681345
23262462,2894,H,H,0.4856318114580124,0.24925733544131326,0.2651108531006744
23262961,2858,H,A,0.21700823839783565,0.28331800702210813,0.4996737545800563
23263042,2894,H,H,0.518054170462908,0.20907232525714733,0.27287350427994467
23263084,2858,H,H,0.47157793102201073,0.3195094157262353,0.20891265325175393
23263172,2894,D,A,0.2505410314952491,0.22130071419903974,0.5281582543057113
23263176,2858,D,D,0.3672961306191039,0.36960243270727927,0.263101436673617
23284520,2894,D,A,0.3332484397684946,0.3071783114910795,0.3595732487404259
23284580,2858,A,A,0.3259607397880705,0.2809934336131769,0.39304582659875253
23284798,2894,D,H,0.6757427091785692,0.1692103056544638,0.1550469851669671
23284799,2894,D,A,0.3184349092837135,0.3018633850257507,0.3797017056905358
23284951,2858,A,H,0.42880506094336607,0.28952514655695805,0.2816697924996758
23285038,2894,A,A,0.0710215191972548,0.15865524710366266,0.7703232336990825
23285058,2858,H,D,0.34785242518260273,0.3594265421569955,0.2927210326604019
23285086,2894,D,H,0.5570048596894807,0.20211871791089975,0.2408764223996196
23285089,2858,A,A,0.2255121478714571,0.25501758592808843,0.5194702662004546
23301295,2894,H,H,0.4085742048454776,0.2925260885612999,0.2988997065932224
23301309,2894,A,A,0.28267241138280025,0.2304442220268066,0.4868833665903931
23301313,2858,D,H,0.5874071458809709,0.2450351464588186,0.16755770766021044
23354474,2748,A,A,0.29525450965042827,0.31733283693054576,0.3874126534190259
23354475,2748,A,A,0.31622321864418546,0.32052120832225944,0.36325557303355516
23354476,2748,H,A,0.22102261874059312,0.23686783176693418,0.5421095494924728
23354477,2748,D,A,0.32760438656413843,0.2837277231470606,0.3886678902888009
23354478,2748,D,A,0.20607753968695341,0.25991145504736735,0.5340110052656792
23354510,2748,D,A,0.31669755744162337,0.2796119000535972,0.40369054250477937
23354511,2748,H,H,0.40450525617090943,0.29828072059358784,0.29721402323550267
23354512,2748,H,H,0.7587612187213298,0.17586302449951494,0.0653757567791552
23354513,2748,D,A,0.1678516623878259,0.24444914374729004,0.5876991938648841
23354514,2748,A,A,0.2607117336541703,0.2650882293173961,0.47420003702843366
23392533,2894,H,H,0.5513265120748491,0.18444609571950485,0.2642273922056461
23392538,2747,H,H,0.4056637017294585,0.2683589236894625,0.32597737458107895
23392539,2858,D,A,0.31020812635695316,0.31599662842340875,0.37379524521963814
23425499,2747,H,A,0.1777280282473396,0.20427028168224787,0.6180016900704125
23425524,2858,A,A,0.291511305037161,0.31309997176812926,0.39538872319470975
23425689,2894,A,A,0.2905115628823131,0.2792024492946668,0.4302859878230201
23425788,2747,H,A,0.31712094312599676,0.27114284349268036,0.411736213381323
23425789,2747,A,H,0.4480811227105071,0.24680328177297353,0.3051155955165193
23425790,2747,H,A,0.2328199118899414,0.291773158127888,0.47540692998217066
23425791,2747,H,A,0.34448539741489875,0.241696420220612,0.41381818236448914
23426208,2858,H,H,0.4920019398502791,0.3099147529889275,0.19808330716079323
23426240,2748,H,H,0.6727584133579638,0.23401746943000343,0.09322411721203282
23426306,2894,D,A,0.21577371494020842,0.25781776694946235,0.5264085181103293
23426383,2747,H,H,0.5647840155635068,0.2627688996311216,0.17244708480537155
23426384,2858,H,H,0.4418863587945351,0.3192135582134498,0.23890008299201512
23426411,2748,H,H,0.5155647515384273,0.24479237380919816,0.23964287465237447
23426517,2894,H,H,0.7021227902690398,0.1921280064285841,0.10574920330237611
23426520,2748,A,H,0.5509823331377847,0.23689495746248534,0.21212270939972996
23426521,2858,H,H,0.4177484529627028,0.2896050143836039,0.29264653265369334
23556888,2894,A,A,0.2396930807269002,0.23109729622373903,0.5292096230493607
23556901,2748,H,H,0.516206490342994,0.2772049767380155,0.20658853291899051
23556944,2858,A,H,0.4089419573680978,0.31778019224105364,0.2732778503908487
23557256,2747,H,H,0.48226365436356855,0.23576749480467538,0.28196885083175616
23557257,2747,H,H,0.5885100805532884,0.19154552937431224,0.21994439007239938
23557258,2748,A,A,0.284613115417431,0.2800940659034628,0.43529281867910624
23557259,2748,A,A,0.32369492285729623,0.33504005317864566,0.3412650239640581
23557260,2748,D,A,0.3488142827213351,0.252913975920582,0.3982717413580829
23557261,2748,D,H,0.505234464747172,0.27677205580473446,0.2179934794480935
23557262,2894,A,H,0.5036420988754565,0.2773237619472838,0.21903413917725964
23557263,2894,A,H,0.49711007532972934,0.26737081575454974,0.2355191089157208
23557435,2858,D,A,0.3138502302886757,0.2577549671662089,0.42839480254511536
23557500,2748,H,H,0.6586090272424293,0.19959155668455397,0.1417994160730167
23557501,2747,A,A,0.2051512322763661,0.21881574852921867,0.5760330191944152
23557511,2894,H,H,0.4849662543524153,0.24449822641026348,0.2705355192373211
23557572,2748,H,A,0.2442402420216563,0.19670995652003093,0.5590498014583127
23557573,2894,H,H,0.47842357763975696,0.25658885771334833,0.26498756464689477
23678602,2894,H,H,0.5522331160890525,0.2723303374792628,0.17543654643168483
23678611,2858,D,H,0.504497536284953,0.31756624256778715,0.17793622114725982
23758757,2745,D,A,0.20511118830306885,0.21064596539785402,0.5842428462990771
23758777,2858,H,H,0.4894722004189004,0.3209814642299397,0.18954633535115986
23759165,2747,D,H,0.45158267715843525,0.2628491524576802,0.28556817038388443
23759216,2858,A,H,0.38504987736691726,0.3020039933800816,0.312946129253001
23759433,2894,H,A,0.35130678860538994,0.28716284703497674,0.36153036435963326
23759482,2745,H,H,0.3911516986398425,0.29355701858789024,0.3152912827722672
23759483,2745,H,H,0.7338088210740956,0.1844906312639059,0.08170054766199834
23759484,2745,H,H,0.46473172278336616,0.25072441977698723,0.2845438574396465
23759485,2745,H,A,0.31629600664700375,0.311639186878068,0.37206480647492834
23759486,2745,D,H,0.4445726163373265,0.26982295605897044,0.2856044276037032
23759739,2747,D,H,0.4117878944456166,0.28892757635753274,0.2992845291968506
23759754,2747,D,A,0.28422889280343105,0.1992328105883059,0.5165382966082631
23759765,2747,A,A,0.2939968657863457,0.27001439059070037,0.4359887436229539
23759768,2747,H,H,0.42408858373358094,0.23412123703056548,0.3417901792358536
23760007,2894,A,A,0.07902602771634167,0.17105690933750198,0.7499170629461562
23760057,2745,H,H,0.3832893138803197,0.3399322143404012,0.27677847177927906
23760060,2858,H,H,0.6317340342989186,0.23764288142556236,0.1306230842755191
23760065,2747,D,A,0.1287504635383622,0.19845456967381814,0.6727949667878197
23760211,2894,A,H,0.4065899819933147,0.2587143499633327,0.3346956680433526
23760222,2858,H,H,0.4306810437098262,0.34036633158743257,0.22895262470274128
23760823,2858,H,H,0.7432947597747468,0.17883403512705293,0.0778712050982003
23760825,2858,H,H,0.3489049459747348,0.3326845788869858,0.3184104751382793
23761136,2894,A,A,0.19316151213899863,0.2583186906235587,0.5485197972374427
23761223,2858,H,H,0.4158798441677055,0.3691167997619776,0.2150033560703169
23761587,2747,D,A,0.28733824144822473,0.2807263542532692,0.43193540429850613
23761589,2747,H,H,0.7393107225197835,0.1710630769963113,0.08962620048390518
23761594,2894,D,H,0.5152843168324256,0.24218712247867563,0.24252856068889883
23761641,2745,H,H,0.5396989921815137,0.23581011279595063,0.2244908950225357
23761729,2858,D,A,0.27305335016757937,0.3107778730939124,0.4161687767385082
23761790,2745,A,H,0.5126461858924716,0.25844041478462415,0.22891339932290425
23761792,2747,H,H,0.5817830940790459,0.19189556268632696,0.22632134323462713
23761801,2894,A,A,0.2629107959804213,0.2534546487664574,0.4836345552531212
23761864,2894,D,H,0.41647507603921063,0.20180002379067302,0.38172490017011634
23761867,2858,A,A,0.2556269475537172,0.2937194406130429,0.45065361183323993
24146636,2894,D,H,0.5431801313307725,0.25429988430065303,0.20251998436857446
24146657,2894,A,H,0.6314384724749773,0.20516074501969717,0.16340078250532547
24146664,2747,A,H,0.42000217204376555,0.21103463944142486,0.3689631885148097
24146665,2858,D,H,0.5478082128794243,0.269260795911489,0.18293099120908674
24162084,2745,A,A,0.17615987348399392,0.296061357253404,0.527778769262602
24162100,2745,D,H,0.7933876652421212,0.12456434583226397,0.08204798892561495
24162101,2745,D,H,0.46582729130497336,0.30755660898833176,0.22661609970669486
24162102,2745,A,A,0.31860817700742505,0.2410663838592819,0.4403254391332931
24162130,2894,H,A,0.33836792224282825,0.25548818061538886,0.40614389714178284
24189208,2745,A,A,0.35707540813653416,0.2690948316011536,0.37382976026231224
24189233,2745,H,H,0.6357069879424333,0.2600618228717716,0.10423118918579515
24189234,2745,D,A,0.26871611865690803,0.29506892378912514,0.4362149575539668
24189235,2745,H,A,0.370686098611321,0.24765648164743065,0.3816574197412483
24189236,2745,A,A,0.29090449742560354,0.3265936105029422,0.38250189207145424
24247364,2894,H,H,0.5131105102943224,0.28474177324837435,0.20214771645730326
24247423,2894,A,H,0.47308712642202166,0.28942418268332454,0.23748869089465377
24247432,2748,H,A,0.248978992060359,0.26645903224991124,0.4845619756897298
24247433,2858,H,H,0.3926472154017119,0.3412483909478025,0.2661043936504856
24247979,2745,H,H,0.7095165973521684,0.1798514116660963,0.1106319909817353
24287908,2858,H,H,0.3433212265518515,0.32555838821722516,0.33112038523092346
24288160,2894,D,A,0.33041784491354875,0.2767416765249175,0.39284047856153365
24288211,2745,H,H,0.4967699719961405,0.2816820434994894,0.22154798450437022
24288212,2745,H,H,0.6276515474634595,0.2403624050516015,0.131986047484939
24288213,2745,A,H,0.37539592105606084,0.27818542282168435,0.3464186561222548
24288214,2745,A,A,0.3000769584456787,0.29513750937588884,0.4047855321784325
24288215,2745,H,A,0.16839470417182642,0.2427248512183876,0.588880444609786
24288670,2858,A,A,0.17616612406155033,0.2782366222400514,0.5455972536983984
24288757,2748,D,A,0.2002301156318275,0.24602706020899928,0.5537428241591731
24288817,2894,A,A,0.1390497121733651,0.24450033002249366,0.6164499578041412
24288841,2745,D,H,0.7203585968171885,0.15434972529941327,0.1252916778833983
24288842,2858,H,H,0.5277301620424693,0.31436007004370503,0.15790976791382566
24289007,2894,H,H,0.680555087602029,0.2075048621011939,0.11194005029677707
24289016,2858,A,A,0.32143179398691235,0.30124500326307196,0.37732320275001574
24289023,2748,D,A,0.3720381228684082,0.24739665526915222,0.3805652218624396
24464234,2894,A,H,0.5896105589791283,0.23562154273322816,0.17476789828764347
24464287,2748,H,A,0.294062918886017,0.26018352978444903,0.44575355132953404
24464381,2858,H,A,0.2690246784753439,0.292585538718201,0.4383897828064551
24464761,2894,A,H,0.5229479591894709,0.25631253996400744,0.22073950084652164
24464788,2748,A,D,0.26395131052246407,0.38220327100280155,0.35384541847473444
24464790,2748,D,H,0.38217750175853227,0.3013335069642643,0.31648899127720337
24464797,2748,A,H,0.38083502200127345,0.29469980570001514,0.32446517229871136
24464800,2748,H,H,0.5000685880634728,0.28072431151293487,0.21920710042359243
24464837,2745,D,A,0.21550663839854975,0.2843973543063694,0.5000960072950809
24464945,2858,A,A,0.3339690411429681,0.27967904472576616,0.3863519141312658
24465014,2748,A,A,0.20819874021882742,0.26444527402624496,0.5273559857549276
24465018,2745,A,H,0.4746301831420447,0.2639013290447023,0.26146848781325294
24465038,2894,D,H,0.5395814280967025,0.2318023846012744,0.2286161873020231
24465046,2858,H,A,0.34232452338108277,0.31215665291393224,0.34551882370498505
24465107,2894,H,H,0.6333209338157739,0.1926049632634471,0.17407410292077893
24465108,2748,D,H,0.6497164791811124,0.21450297765258275,0.13578054316630483
24465114,2858,D,H,0.5575866281031243,0.2597756918148295,0.18263768008204626
24624311,2894,D,H,0.5396792267210796,0.27300819167663853,0.1873125816022819
24624318,2858,A,H,0.4124130333485476,0.30662928854784915,0.2809576781036033
24673744,2748,A,A,0.27528218299469426,0.21446591848576896,0.5102518985195369
24673745,2748,H,H,0.347757981300485,0.32385473147557214,0.3283872872239428
24673746,2748,A,H,0.3768390631553781,0.31524479726562227,0.3079161395789996
24673747,2748,D,H,0.5477759718050695,0.26222512702771794,0.18999890116721257
24673748,2748,H,H,0.39715378404064056,0.36108413662883637,0.24176207933052296
24673794,2748,D,H,0.518973602160111,0.2448211063553171,0.23620529148457195
24673795,2748,H,H,0.7469887906919579,0.17485446456301448,0.07815674474502764
24673796,2748,A,A,0.08767898321157527,0.1960716597324396,0.716249357055985
24673797,2748,A,H,0.5046863687235746,0.22242284025046477,0.2728907910259606
24673798,2748,H,H,0.6264612755834545,0.21976845463617656,0.15377026978036887
24673799,2858,A,A,0.22032397886267088,0.2741920624334678,0.5054839587038614
24716678,2858,H,H,0.6628147986209254,0.20360085806298925,0.1335843433160852
24735728,2745,H,H,0.36275996560102586,0.3060540774108051,0.3311859569881691
24735748,2747,D,H,0.3711971895551212,0.2635026088400087,0.36530020160487003
24735752,2858,H,H,0.5637826605164111,0.28784500071189695,0.1483723387716919
24785962,2747,H,A,0.07991183977696631,0.16734913957405434,0.7527390206489795
24786057,2858,D,H,0.35301553957274406,0.309983682681064,0.3370007777461919
24786367,2894,A,A,0.2775205979971742,0.2712034137219209,0.451275988280905
24786420,2745,H,H,0.5221198874614824,0.22962563068400438,0.24825448185451318
24786421,2745,H,H,0.4866819919697084,0.27046174294761316,0.2428562650826785
24786422,2745,D,A,0.2827589249214469,0.2821449918944229,0.43509608318413023
24786423,2745,H,H,0.7108115464717798,0.1902788700774073,0.09890958345081304
24786425,2745,H,A,0.34076908681801177,0.3087710143155147,0.35045989886647355
24786444,2747,A,H,0.42039394911320804,0.2283692500320917,0.3512368008547003
24786445,2747,H,H,0.6103554924611692,0.21903802700871047,0.17060648053012045
24786447,2747,H,H,0.6609646974409364,0.21142886543643588,0.12760643712262768
24786456,2747,H,H,0.5658211412743371,0.21414998450308947,0.22002887422257345
24786466,2747,H,A,0.2044887941724632,0.24407428736014825,0.5514369184673885
24786856,2858,H,A,0.23272593683312814,0.30597016843038904,0.46130389473648264
24786940,2748,H,H,0.721783423656451,0.17119936537987757,0.10701721096367149
24787034,2894,H,H,0.5094665089828145,0.248303816073765,0.24222967494342038
24787065,2747,D,H,0.7419655179098027,0.13649317514831547,0.12154130694188184
24787075,2745,D,H,0.7507113017799661,0.19032908339415036,0.05895961482588345
24787076,2858,D,H,0.6410225514810366,0.22139049530031318,0.1375869532186501
24787130,2748,A,A,0.21786390575729253,0.2726603665147143,0.5094757277279931
24787226,2894,H,A,0.2097264259091942,0.2591772255866311,0.5310963485041748
24787238,2858,A,H,0.5159892281049137,0.3228444464009572,0.16116632549412918
24787247,2748,A,H,0.43775859915865506,0.23976043131480723,0.32248096952653765
24994606,2894,A,A,0.09569643070707806,0.15933323184418222,0.7449703374487398
24994653,2748,A,A,0.23091142643462886,0.25450467327628556,0.5145839002890856
24994738,2858,H,A,0.2034452629290443,0.26761181347486523,0.5289429235960905
24995061,2747,H,A,0.2834356139482063,0.2750541476678348,0.44151023838395886
24995161,2894,H,H,0.37721034345479393,0.2663255201480419,0.3564641363971641
24995211,2748,A,A,0.2685557247485846,0.3261854018062796,0.4052588734451358
24995213,2748,D,A,0.1761072832783685,0.28289703470834604,0.5409956820132854
24995215,2748,D,H,0.5862900028068893,0.28176350286642743,0.13194649432668337
24995219,2748,H,H,0.3973127636722689,0.32687441333636463,0.2758128229913664
24995246,2745,A,H,0.4527978399348786,0.3084487769267107,0.23875338313841077
24995350,2858,H,H,0.423862524635791,0.2919580325123722,0.2841794428518369
24995427,2748,D,A,0.2376720489998622,0.2052003294585745,0.5571276215415633
24995433,2747,H,A,0.2201062148247589,0.19832122192643656,0.5815725632488046
24995436,2745,A,A,0.2677574561472357,0.18273499575869445,0.5495075480940699
24995466,2894,A,H,0.4211175009230441,0.22846527898833788,0.3504172200886181
24995475,2858,A,H,0.6290155911000215,0.2362765673757927,0.13470784152418588
24995541,2894,H,H,0.561816301525957,0.20960425378776837,0.22857944468627464
24995542,2748,A,H,0.6231466180380064,0.18214460635497143,0.19470877560702227
24995548,2858,H,H,0.7309087467222366,0.19246205789365783,0.07662919538410558
25178889,2894,D,A,0.19238891205363018,0.19679407723268796,0.6108170107136819
25178912,2894,D,H,0.6416801275673958,0.21279968256609388,0.14552018986651036
25178919,2858,H,H,0.49476834737247877,0.2754581866254396,0.22977346600208157
25197114,2894,A,A,0.18258925170156723,0.24827070723356948,0.5691400410648634
25302392,2745,D,A,0.12852855266892138,0.21029609741445912,0.6611753499166196
25302409,2894,H,H,0.36750809846095756,0.3024632459968066,0.3300286555422358
25302415,2748,H,H,0.6195873848610189,0.23134363360924748,0.1490689815297336
25302419,2858,H,A,0.3038190488541252,0.3373294591098288,0.35885149203604605
25356523,2747,D,A,0.3446281793563896,0.23778445067078852,0.4175873699728219
25356925,2894,D,H,0.4560512749330266,0.30240994047051395,0.24153878459645944
25356979,2745,H,H,0.8977947662762336,0.07800779054722742,0.024197443176539143
25356980,2745,H,H,0.45553128719624564,0.2930482682084729,0.2514204445952814
25356981,2745,H,H,0.5470560533489669,0.25654723868997614,0.19639670796105688
25356982,2745,A,A,0.3258921673319413,0.3227188413870716,0.3513889912809871
25356983,2745,A,A,0.24572426793179356,0.31538767548313423,0.4388880565850722
25357011,2747,D,H,0.5801610825862373,0.20088628899338415,0.21895262842037858
25357014,2747,D,A,0.2034942985689235,0.21947728079774573,0.5770284206333307
25357016,2747,H,H,0.576643615548341,0.2253796052149517,0.19797677923670728
25357021,2747,H,A,0.30015088671385043,0.2311362668746127,0.4687128464115369
25357030,2747,A,H,0.3998462761974601,0.2580407419018454,0.3421129819006945
25357403,2858,A,H,0.3754727548730902,0.2964744223797406,0.32805282274716924
25357480,2748,H,A,0.25754596111838063,0.21915750228357075,0.5232965365980486
25357583,2894,D,A,0.31851406838966906,0.23505811442262264,0.4464278171877082
25357614,2747,D,A,0.11221422235685002,0.15913792033767898,0.728647857305471
25357621,2745,A,H,0.6012798882338112,0.21120172551758687,0.18751838624860193
25357624,2858,H,H,0.4020700538528364,0.3007568051237259,0.29717314102343767
25357785,2894,A,H,0.41147927828017633,0.25004039981370657,0.3384803219061171
25357798,2858,A,H,0.40258664532893357,0.2674281700995297,0.3299851845715368
25357808,2748,A,A,0.1869088532851699,0.22707612123872112,0.5860150254761088
25580346,2894,D,H,0.5381948942254162,0.2523039276382198,0.20950117813636399
25580350,2748,H,A,0.28172655366222055,0.2530520020366648,0.4652214443011146
25580533,2858,D,A,0.2852669483734721,0.30067712693320775,0.4140559246933202
25580858,2748,H,H,0.49358234514676547,0.3000020253454758,0.20641562950775866
25580886,2747,A,A,0.2982315698474878,0.22060767795558486,0.4811607521969274
25580985,2894,A,H,0.4039989736530119,0.2814522870069915,0.3145487393399966
25581055,2748,D,H,0.3851322412791906,0.3224505650414725,0.2924171936793368
25581057,2748,H,H,0.5662839231327438,0.263649294462942,0.17006678240431417
25581058,2748,H,A,0.28469458031858086,0.3471587225279454,0.3681466971534737
25581069,2745,H,A,0.2820361621349489,0.2827118924388631,0.435251945426188
25581156,2858,A,A,0.2708552711050571,0.30720800209848403,0.421936726796459
25581237,2748,H,H,0.38420819173720344,0.28926137075281794,0.3265304375099785
25581240,2747,H,H,0.6673691816012868,0.1894130108082237,0.1432178075904895
25581243,2745,H,A,0.26335448924862326,0.2722321782981625,0.4644133324532142
25581264,2894,H,H,0.4943148870096699,0.23916815987558668,0.26651695311474344
25581273,2858,D,A,0.31923687577575616,0.32414850942676404,0.3566146147974798
25581342,2748,H,A,0.3180842574760272,0.22339637051578567,0.4585193720081871
25581343,2894,H,H,0.8318949633903666,0.11872769878303836,0.049377337826594994
25581347,2858,A,A,0.17987297528404203,0.27480453960449713,0.5453224851114608
25774953,2894,H,H,0.45743672018971626,0.30741285004165503,0.23515042976862863
25774988,2894,D,A,0.11383542656601321,0.24214736200723838,0.6440172114267484
25774991,2747,H,H,0.577650072370948,0.2193268064595684,0.20302312116948362
25774993,2858,A,A,0.30102809853949325,0.3223425846195674,0.3766293168409394
25835780,2858,H,H,0.7601099179171096,0.18917017284979382,0.050719909233096494
25910116,2745,H,H,0.5022607981742137,0.2829912869858997,0.2147479148398867
25910136,2894,A,A,0.10520028196436211,0.17710977874639114,0.7176899392892468
25910141,2748,H,A,0.18600225010735527,0.2986937260627502,0.5153040238298945
25910146,2858,H,H,0.5051815693605752,0.2826143866817745,0.2122040439576503
25968078,2747,A,A,0.1593936307702743,0.19588408799363335,0.6447222812360923
25968156,2858,D,H,0.572335308065177,0.2770977578369684,0.15056693409785474
25968389,2894,A,A,0.24882894894798493,0.29187334271409887,0.45929770833791617
25968447,2745,H,A,0.13988947053996478,0.1924824218427518,0.6676281076172834
25968448,2745,A,H,0.44824804674614216,0.18984915125851987,0.3619028019953379
25968449,2745,A,A,0.22136342194813077,0.3376432810960013,0.44099329695586786
25968450,2745,H,A,0.3161789289714697,0.3152156517091825,0.36860541931934776
25968666,2747,D,H,0.5948880884429424,0.19059116463619752,0.21452074692086007
25968667,2747,A,H,0.5227686913338758,0.19808203840341568,0.2791492702627085
25968668,2747,A,H,0.6024413836261389,0.2195868609056041,0.17797175546825697
25968670,2747,H,A,0.3003030619654038,0.27960354579273844,0.42009339224185777
25968674,2747,D,A,0.10867486014186926,0.19436205298459536,0.6969630868735354
25968676,2747,A,H,0.47758441428704457,0.26355409137749347,0.2588614943354619
25968864,2858,H,H,0.5249457734293722,0.31391334884787697,0.16114087772275093
25968889,2748,D,H,0.45292705866889144,0.21304234312157697,0.3340305982095317
25968985,2894,A,A,0.352315177464596,0.25425283906397733,0.3934319834714266
25969020,2745,H,H,0.6567905877268124,0.22168101307328061,0.121528399199907
25969021,2747,A,H,0.5325426491361934,0.18535058949809807,0.28210676136570845
25969022,2858,H,H,0.3897590923650815,0.2668904031473391,0.3433505044875794
25969156,2894,H,H,0.5903503075211807,0.212908489475918,0.1967412030029013
25969159,2748,H,H,0.5458108317881026,0.28482411144446623,0.1693650567674311
25969168,2858,A,A,0.2268355131120393,0.27515193505070457,0.4980125518372562
26196108,2894,A,H,0.5665505661466035,0.20063181082018036,0.23281762303321615
26196118,2748,H,H,0.5396689277412583,0.2224223706904432,0.23790870156829858
26196260,2858,A,D,0.24295018478052408,0.38032739601763316,0.3767224192018427
26196470,2748,H,H,0.5686477186285434,0.27455642692930415,0.15679585444215255
26196473,2748,A,A,0.1583040875026384,0.22190030135431957,0.6197956111430419
26196474,2748,H,H,0.523288134972564,0.2669385680499934,0.20977329697744262
26196476,2748,A,D,0.26225038533375317,0.3689918580277431,0.3687577566385038
26196528,2747,H,H,0.48520831838907574,0.22194328575018424,0.29284839586074
26196552,2894,D,H,0.4312497579070458,0.25840179622274795,0.3103484458702063
26196553,2894,A,A,0.15325715601793294,0.24915690896964787,0.5975859350124192
26196598,2745,D,H,0.6855936593125681,0.24386101519950817,0.07054532548792368
26196689,2858,D,H,0.5359869025595169,0.28704854921698597,0.17696454822349716
26196759,2748,H,H,0.538101897052119,0.2504308841655319,0.2114672187823491
26196770,2745,H,H,0.7312963569361067,0.17066881986459617,0.0980348231992971
26196772,2747,H,H,0.5762205722679341,0.21698368762543666,0.20679574010662918
26196796,2894,A,A,0.18023591974364406,0.20821228670557507,0.6115517935507809
26196807,2858,H,H,0.47922747823510364,0.2669866887591098,0.2537858330057866
26196834,2745,A,H,0.5606649326984376,0.21336521621070462,0.22596985109085774
26196852,2748,A,A,0.24081936356020853,0.20884874214050098,0.5503318942992905
26196853,2894,H,H,0.5543667320030264,0.25850050932475105,0.18713275867222254
26196857,2858,H,H,0.7349721417285905,0.19622369401556727,0.06880416425584215
26392396,2894,D,H,0.6276564491513811,0.22293497438933793,0.14940857645928093
26392405,2858,H,H,0.3689574425985433,0.2927484064467697,0.33829415095468707
26529928,2745,H,H,0.36956725667531076,0.31711702413630133,0.3133157191883879
26529954,2748,H,H,0.5893018747019388,0.22808227285352992,0.1826158524445312
26529957,2747,D,H,0.641196828665635,0.18851959695093895,0.17028357438342603
26529959,2858,A,A,0.22436683598755564,0.31537452421243434,0.4602586398000101
26529985,2747,H,H,0.4467395174467494,0.19345080239587203,0.3598096801573785
26589482,2858,H,H,0.4281312934308925,0.29878827072534686,0.2730804358437607
26589856,2745,H,H,0.48573783511260893,0.23863238459583866,0.27562978029155244
26589857,2745,A,A,0.378189714471673,0.20933323388349198,0.4124770516448351
26589859,2745,A,A,0.1984112206402759,0.2723031679763724,0.5292856113833516
26589860,2745,H,H,0.37733154651621825,0.3573287493520087,0.26533970413177305
26589861,2745,H,H,0.571620017630577,0.28192945988623475,0.1464505224831883
26590134,2747,A,H,0.3734782807616671,0.2572873521478513,0.3692343670904816
26590137,2747,H,H,0.5693539540765538,0.23732029869446347,0.19332574722898282
26590139,2747,A,A,0.15058993767209206,0.1917079582342425,0.6577021040936654
26590143,2747,H,H,0.4462093041850293,0.26387455964252343,0.2899161361724474
26590322,2858,H,A,0.2558728024836953,0.3229129753288644,0.42121422218744015
26590361,2748,A,A,0.1691864848213331,0.27095350702087545,0.5598600081577914
26590538,2894,A,A,0.104094807927169,0.18598710710057603,0.709918084972255
26590567,2745,H,A,0.31068523790207486,0.2956181386896472,0.393696623408278
26590568,2747,A,A,0.10051057580023844,0.16472263337284435,0.7347667908269173
26590570,2858,D,H,0.5868975256602491,0.2515803047491347,0.16152216959061613
26590737,2747,D,A,0.2135104575015555,0.24496329741911735,0.5415262450793271
26590738,2894,A,H,0.48534716998613114,0.2678560594386921,0.24679677057517674
26590741,2748,D,A,0.24164799527137787,0.23502702731544975,0.5233249774131724
26590752,2858,H,A,0.33579835251844686,0.26889554690850986,0.39530610057304333
26591038,2747,H,A,0.33131589576738985,0.2616321271863047,0.4070519770463056
26808097,2894,H,A,0.2554753753007344,0.2564591454720169,0.48806547922724863
26808107,2748,A,H,0.6091006218537678,0.25961288941315025,0.13128648873308194
26808291,2858,A,H,0.44766993074573186,0.2738044047450481,0.27852566450921995
26808468,2747,H,H,0.49587570998017155,0.2381919742651048,0.2659323157547236
26808574,2748,H,D,0.31736790023073735,0.37259704011237893,0.31003505965688377
26808579,2748,D,H,0.42924032544244256,0.2984942534050689,0.2722654211524885
26808582,2748,A,A,0.2844811693882927,0.2296211475520071,0.4858976830597002
26808593,2748,H,H,0.41605201437122574,0.26205687784809395,0.3218911077806802
26808698,2894,H,A,0.28183453129794545,0.3116627875586498,0.4065026811434048
26808773,2745,D,H,0.43960060050433425,0.26416015270115356,0.29623924679451225
26808900,2858,H,H,0.46313821476679584,0.3293170232689636,0.20754476196424068
26808975,2748,A,H,0.5811551212109913,0.2139765982015163,0.20486828058749232
26808980,2745,H,H,0.7402180074662814,0.15746009168177408,0.10232190085194436
26809005,2894,D,H,0.5477479757564899,0.25225548026571304,0.1999965439777971
26809016,2858,H,A,0.09165345897207244,0.25277868066993403,0.6555678603579935
26809095,2748,A,A,0.38993419286555725,0.22012445776663356,0.38994134936780905
26809096,2894,H,A,0.319542183967949,0.26913874255002745,0.4113190734820235
26809103,2858,A,H,0.44013210498470695,0.27775672373238297,0.28211117128291013
26975874,2894,A,A,0.3810113357772189,0.23481221616220518,0.3841764480605759
26975908,2894,H,H,0.7219686872195749,0.18266078805954528,0.0953705247208798
26975915,2858,H,H,0.4625583931323253,0.3169747509066345,0.22046685596104026
27000663,2894,H,A,0.16161920208076871,0.2449710621133962,0.5934097358058351
27000705,2894,H,H,0.522168460369172,0.25639647059159393,0.2214350690392341
27094229,2745,H,H,0.47690200126379817,0.22662003766964048,0.2964779610665614
27094244,2894,A,H,0.6268823300782741,0.18261188372492249,0.1905057861968034
27094250,2748,D,H,0.6809443811048955,0.20936403737928294,0.1096915815158216
27094258,2858,D,H,0.6392422804082658,0.24104609068002553,0.11971162891170864
27153553,2747,H,H,0.5139998882703901,0.1999227167559152,0.2860773949736947
27153730,2858,H,A,0.3418511615189293,0.3019760735359279,0.35617276494514283
27154184,2894,H,H,0.4636118491946284,0.2276655657704856,0.30872258503488587
27154264,2745,D,H,0.515800752704072,0.3004089626456451,0.18379028465028288
27154265,2745,H,H,0.5826858996596791,0.2543917583033435,0.16292234203697736
27154267,2745,D,H,0.44090649038718294,0.279822703618899,0.2792708059939181
27154268,2745,A,D,0.34714132468811315,0.3721592400292482,0.2806994352826386
27154269,2745,H,H,0.4576559472365779,0.2873204239639879,0.2550236287994343
27154588,2747,H,H,0.737142014018168,0.18001810510068478,0.08283988088114708
27154589,2747,H,H,0.3978449662298016,0.25513272894392003,0.3470223048262783
27154593,2747,H,H,0.647465609692141,0.17375510342910874,0.17877928687875022
27154595,2747,H,H,0.4552955982202821,0.2577006550211729,0.287003746758545
27154601,2747,H,A,0.23110470349680537,0.2812495363807314,0.4876457601224632
27154776,2858,A,A,0.3060703217666911,0.28288408237390367,0.4110455958594053
27154818,2748,D,H,0.3842067575948335,0.2794837335414418,0.3363095088637246
27155024,2894,D,H,0.6444588951502297,0.1717155170271354,0.18382558782263494
27155052,2745,A,A,0.11274607299010382,0.19223577379247975,0.6950181532174166
27155053,2747,H,A,0.3293514844086591,0.25920138088775063,0.4114471347035903
27155054,2858,A,H,0.5509586217585785,0.3173297906184648,0.13171158762295673
27155238,2894,H,A,0.3153550361802663,0.27245063244668005,0.41219433137305367
27155241,2748,H,H,0.6237534871283262,0.2302883868732133,0.1459581259984604
27155251,2858,H,H,0.5734629242108036,0.25226401254083874,0.1742730632483577
27155754,2894,D,A,0.3464956956158473,0.3058498673926393,0.3476544369915134
27155755,2858,D,H,0.43047130885831025,0.2891900352486747,0.28033865589301515
27155760,2748,D,A,0.13180732447304716,0.29648040931396813,0.5717122662129848
27155776,2894,H,A,0.350194008307386,0.21930763305866613,0.43049835863394786
27155777,2858,D,A,0.185167639445526,0.29395388105686787,0.5208784794976061
27155795,2894,D,A,0.3262781379867609,0.3185214766788882,0.35520038533435094
27155805,2858,H,D,0.3019395402496643,0.3587600473992817,0.33930041235105407
27155809,2748,H,H,0.5600822710323294,0.28133261864357456,0.15858511032409608
27155810,2748,A,H,0.4487004467416274,0.2774495659151821,0.2738499873431905
27155811,2748,H,H,0.6601692251787744,0.2225032357786587,0.11732753904256701
27155812,2748,A,H,0.46648859883742255,0.24352611796059734,0.28998528320198
27155814,2747,D,H,0.40812035857089507,0.2940007291256844,0.29787891230342056
27155818,2745,H,H,0.6588405722468185,0.19665730206849766,0.1445021256846839
27155821,2858,H,H,0.6655097565368499,0.22434799340733855,0.11014225005581153
27155824,2748,D,H,0.46481264786772225,0.237309170431384,0.2978781817008937
27155826,2745,D,H,0.5063137724477368,0.19418473882391452,0.2995014887283488
27155827,2747,H,A,0.36390995045460417,0.22243591340821056,0.41365413613718527
27155830,2894,H,H,0.5649591602636713,0.22317136945715452,0.21186947027917422
27155834,2748,A,A,0.33032497499559005,0.2530776786987754,0.41659734630563455
27155839,2894,H,H,0.5239088392755881,0.2868351686228719,0.18925599210154007
27155841,2894,H,A,0.32712531670910494,0.3172393196067458,0.35563536368414933
27155842,2747,H,H,0.44228138521101285,0.2139696877065258,0.3437489270824614
27155843,2858,D,H,0.40444288339063456,0.3473525032304918,0.24820461337887356
27613918,2858,H,A,0.3224283688970098,0.31308713405936867,0.36448449704362157
27613922,2747,A,A,0.3656786444709887,0.26084925334404974,0.3734721021849617
27613924,2747,H,A,0.15443837043110287,0.23307398503491492,0.6124876445339822
27613927,2748,A,A,0.21806218573786323,0.24504673104960073,0.5368910832125361
27613928,2748,A,A,0.12323803200567672,0.2132661208213694,0.6634958471729538
27613929,2748,D,A,0.19170509275187164,0.2568942544203098,0.5514006528278186
27613930,2748,D,H,0.4007964135826661,0.2751188762911741,0.3240847101261598
27613931,2747,D,H,0.5801555503159845,0.2405473946336229,0.17929705505039253
27613932,2748,D,H,0.6120743874217995,0.2408119732666107,0.14711363931158977
27613933,2748,D,A,0.23205160527217003,0.23566888598340233,0.5322795087444276
27613934,2748,H,H,0.6189679202170232,0.23315675456882076,0.14787532521415608
27613935,2748,A,A,0.16983661750931875,0.2645377375237288,0.5656256449669524
27613936,2748,A,A,0.23591904902518787,0.32797868691981413,0.43610226405499786
27613946,2748,A,H,0.5056736746280694,0.2226026398431061,0.2717236855288245
27613947,2858,A,A,0.2723811159839493,0.2908813854536292,0.4367374985624215
27613948,2894,D,H,0.6301582552643701,0.23096700640263232,0.13887473833299754
27613949,2858,A,A,0.19462580605738822,0.26517258517926945,0.5402016087633423
27613950,2894,H,H,0.7055576787857454,0.1948620478611714,0.0995802733530831
27613951,2745,D,H,0.5367332145925641,0.2099521896197562,0.25331459578767984
27613952,2858,D,H,0.3887100286101376,0.30992743606543904,0.30136253532442336
27613953,2745,D,A,0.19223795311804912,0.2662328782508753,0.5415291686310755
27613954,2745,A,H,0.6764193323331716,0.2044581176289445,0.1191225500378838
27613955,2894,H,A,0.14102411010283492,0.2626238938612118,0.5963519960359532
27613956,2858,D,H,0.3803805020604229,0.33524867501823497,0.2843708229213421
27613957,2747,H,A,0.13031913169061712,0.21752126222221219,0.6521596060871706
27613958,2858,H,H,0.6441758816280558,0.22871288611667928,0.12711123225526494
27613959,2894,A,A,0.3116783719321527,0.27398657337083754,0.4143350546970099
27613960,2745,H,H,0.7896913091269373,0.1575945164413172,0.05271417443174541
27613961,2745,H,H,0.6368771725025821,0.21782268797818077,0.14530013951923712
27613962,2745,D,H,0.6609658815848215,0.19807484863341152,0.1409592697817669
27613963,2745,D,A,0.26877595491298095,0.32973313070672494,0.40149091438029405
27613964,2747,D,A,0.1999698724918648,0.2200895603382227,0.5799405671699125
27613965,2747,H,H,0.6245989735869737,0.21942490546137353,0.15597612095165284
27613966,2858,D,D,0.3396166345051374,0.3731376464641686,0.28724571903069407
27613967,2894,H,H,0.6245783010911707,0.17011920702506317,0.2053024918837662
27613968,2894,A,H,0.5469569392519706,0.25473845503526765,0.19830460571276168
27613969,2747,A,A,0.10354629076597317,0.18408608604418467,0.7123676231898421
27613970,2894,D,A,0.27518398357456875,0.25445924642910506,0.47035676999632625
27613971,2858,H,H,0.43949773304122985,0.3040058059578145,0.25649646100095563
27613972,2894,A,H,0.41001284999156307,0.269005003112201,0.320982146896236
27613973,2858,D,A,0.26344680860710207,0.28885917187924237,0.4476940195136556
27613974,2747,A,A,0.21958207509993874,0.21998809573916425,0.5604298291608969
27613975,2747,D,A,0.3668174676523955,0.23832430547301073,0.3948582268745939
27613976,2894,A,A,0.25847387201200417,0.2719998644292027,0.4695262635587931
27613977,2894,D,A,0.33755592727756817,0.27327982682462265,0.3891642458978092
27613978,2745,H,H,0.6202600652516517,0.2375171361538472,0.14222279859450113
27613979,2858,H,H,0.40936730895219675,0.3431327955142162,0.247499895533587
27613980,2745,A,H,0.37117274784367965,0.2753477896222204,0.3534794625341
27613981,2747,H,H,0.5732947712678721,0.22701714340593646,0.19968808532619142
28354617,2747,D,H,0.5225055153160797,0.25389338163895003,0.22360110304497025
28354635,2894,H,A,0.32668962581881605,0.3164136552246971,0.35689671895648684
28354636,2748,H,H,0.5037561208145044,0.2782933008936201,0.2179505782918755
28354637,2858,H,H,0.5987980635258875,0.25428502700595895,0.14691690946815367
28354643,2858,D,H,0.3779759839485502,0.3565888832959058,0.265435132755544
28354644,2858,A,H,0.36167200296554275,0.30774611836414534,0.33058187867031186
28354645,2748,H,H,0.7163176543331692,0.21144411930227067,0.07223822636456018
28354647,2748,D,H,0.49362563944175936,0.22260283055313823,0.28377153000510247
28354648,2748,D,H,0.33799584301245117,0.3338958519733079,0.32810830501424093
28354649,2858,H,H,0.6335012166860079,0.25932472341561674,0.1071740598983754
28354650,2747,A,A,0.1366890476983158,0.20757821949767102,0.6557327328040131
28354651,2745,A,A,0.2586658759485694,0.2852539785710398,0.45608014548039083
28354652,2747,D,H,0.5640015279576259,0.20660138686297935,0.2293970851793947
28354653,2858,H,H,0.5249603042421599,0.24488365025203354,0.2301560455058066
28354654,2894,D,H,0.619618629180178,0.23544131167177645,0.14494005914804559
28354655,2748,H,H,0.46399951039184395,0.3252991425798721,0.210701347028284
28354656,2745,D,H,0.49906318118474646,0.25103202080758535,0.24990479800766816
28354657,2894,H,H,0.482439261053854,0.2817157576311673,0.23584498131497875
28354658,2894,H,H,0.669714614811802,0.15864811672178608,0.17163726846641195
28354659,2747,D,A,0.21581235379595706,0.2274953446457385,0.5566923015583045
28354660,2894,D,A,0.3363032830022917,0.2934032374029551,0.37029347959475317
28354661,2747,H,H,0.5333477138746594,0.2719780368461532,0.19467424927918736
28354662,2745,D,H,0.4788850336414928,0.3240352304109222,0.197079735947585
28354663,2745,H,A,0.1881059180164739,0.2210015722751917,0.5908925097083345
28354664,2745,H,H,0.5407498919305096,0.26881833836541047,0.19043176970407982
28354665,2858,A,A,0.27485444446517726,0.32271300121839225,0.40243255431643055
28354666,2748,D,H,0.49150168889179807,0.2514007115457878,0.2570975995624141
28354667,2745,D,H,0.4860763670120756,0.2615063377429527,0.25241729524497175
28354668,2747,H,H,0.7080154036889628,0.1727393711038114,0.11924522520722577
28354669,2748,A,A,0.127986136557066,0.2683008529036662,0.6037130105392678
28354670,2894,H,A,0.29669303527360386,0.2972541102470957,0.4060528544793004
28354671,2745,H,H,0.6907112598567834,0.19141735692062675,0.11787138322258993
28354672,2747,A,H,0.3892014875018185,0.2631976452451652,0.3476008672530162
28354673,2858,D,H,0.41318045513521556,0.29784886340372047,0.28897068146106397
28354674,2748,A,A,0.3564298689861649,0.23395307257788153,0.4096170584359536
28354675,2894,H,H,0.4952167104303409,0.24644294825337443,0.25834034131628475
28354676,2894,A,A,0.11856137135291545,0.17882604725842238,0.7026125813886622
28354677,2745,H,H,0.4058861116784932,0.2817245520448436,0.3123893362766631
28354678,2858,A,H,0.37633813163480906,0.29735324131495894,0.3263086270502319
28354679,2748,A,H,0.5081312178757335,0.26063585950808715,0.23123292261617934
28354680,2745,H,A,0.17113884453397618,0.2306812294952739,0.5981799259707499
28354681,2894,H,H,0.5456920777340597,0.1978510798297131,0.25645684243622724
28354682,2858,H,H,0.400815844928824,0.32578529813375373,0.27339885693742233
28354683,2748,A,A,0.3328304875575789,0.25381050207292605,0.413359010369495
28354684,2894,A,H,0.4064130655674477,0.23788530419158946,0.3557016302409628
28354685,2858,H,H,0.456394692062717,0.27361327794125984,0.2699920299960232
28487058,2747,H,H,0.5560285010993956,0.19774873283462494,0.24622276606597954
28557736,2747,H,H,0.5024330858504558,0.21973397411570536,0.27783294003383885
28557737,2747,H,H,0.757060164732581,0.1286522827656837,0.1142875525017353
29855285,2894,D,H,0.4594407868043852,0.2579358108097712,0.28262340238584377
29855287,2858,H,H,0.5271311665677132,0.27414835686981315,0.19872047656247374
29855288,2894,H,H,0.4242456703355861,0.253598036211402,0.3221562934530119
29855293,2747,H,H,0.3641179128339443,0.28826211605656976,0.3476199711094859
29855299,2747,H,H,0.4443949404158654,0.25630865763428506,0.2992964019498495
29855300,2748,H,H,0.483038789634354,0.295266465285128,0.22169474508051812
29855313,2747,D,A,0.17966344423054717,0.25186562763991843,0.5684709281295344
29855314,2858,D,H,0.37848468332383095,0.3021927524815978,0.3193225641945711
29855315,2748,D,H,0.4923304012125633,0.2903926610354356,0.21727693775200096
29855316,2858,D,H,0.5346640000787289,0.2892523563936078,0.17608364352766326
29855328,2894,H,H,0.37814978055937254,0.272494945885444,0.34935527355518337
29855329,2858,A,H,0.41863098555721795,0.311772574030327,0.26959644041245506
29855330,2894,H,H,0.6599312305195856,0.20140478533543046,0.1386639841449841
29855332,2894,A,A,0.2538721183186841,0.27455841798246006,0.4715694636988559
29855333,2858,H,H,0.4179229249319591,0.3340375095114716,0.2480395655565693
29855334,2894,A,A,0.17003165086799285,0.2438278508633907,0.5861404982686164
29855336,2747,H,A,0.33719805800020436,0.2571834230573274,0.4056185189424682
29855337,2747,H,A,0.20559086782786382,0.27710061489689736,0.5173085172752389
29855340,2745,A,H,0.5760590286944326,0.22267724004759948,0.20126373125796798
29855341,2745,D,H,0.6284458007276003,0.2533766481288996,0.11817755114350012
29855342,2894,A,H,0.7545501427078815,0.13942632362783122,0.10602353366428746
29855343,2745,H,H,0.5061633917229538,0.2219822890714735,0.2718543192055728
29855344,2858,D,H,0.40528957439156144,0.31519390095858174,0.27951652464985677
29855345,2747,A,H,0.37823073641666793,0.2567975349548517,0.36497172862848043
29855347,2858,H,H,0.7234217515069344,0.19004246070044517,0.08653578779262053
29855348,2894,A,H,0.4903413104126936,0.2837205036190358,0.22593818596827067
29855349,2748,A,A,0.2482722976224528,0.2711453305135539,0.48058237186399333
29855355,2748,H,H,0.4502783814712206,0.258642483644407,0.2910791348843724
29855359,2748,D,A,0.09276760096694905,0.21405347109314304,0.693178927939908
29855360,2748,H,A,0.319048978427916,0.2690709299745968,0.4118800915974872
29855361,2894,D,H,0.36264340894184743,0.3100938232291789,0.3272627678289738
29855363,2745,D,H,0.4082203239109571,0.31127007254086686,0.28050960354817606
29855365,2748,H,H,0.6562477955806127,0.19482731070258116,0.14892489371680612
29855366,2745,A,H,0.5039776466546226,0.27691333705132387,0.21910901629405355
29855370,2858,H,A,0.329786262342106,0.303549283096768,0.36666445456112606
29855375,2748,A,H,0.49799569694487,0.2482749056557656,0.25372939739936434
29855377,2747,H,H,0.7108707733166413,0.18014071117136218,0.10898851551199652
29855378,2747,D,H,0.4685541453099116,0.20758961743828494,0.32385623725180346
29855379,2745,H,H,0.648566195538016,0.20930411202929006,0.14212969243269394
29855380,2894,H,H,0.6494348833656552,0.21289394448411433,0.1376711721502304
29855385,2747,H,H,0.6032130525477213,0.1698917066291187,0.22689524082315998
29855387,2747,D,A,0.3104837183631839,0.24712422542428664,0.4423920562125295
29855388,2858,A,A,0.10157959034687232,0.2198779290591908,0.6785424805939368
29855389,2745,D,H,0.6647986588866224,0.2333678092773882,0.10183353183598941
29855410,2745,D,H,0.6955466554458005,0.18142094175685508,0.12303240279734445
29855411,2745,A,A,0.23404326780630522,0.3119532420349487,0.454003490158746
29855414,2748,A,H,0.40871212182835065,0.22917297194940156,0.3621149062222478
29855429,2748,H,H,0.3899305630480335,0.31215177830859564,0.29791765864337094
29855430,2858,D,H,0.5447002186053601,0.286366748313971,0.16893303308066887
30472937,2858,A,H,0.6011430736860719,0.2574400137961181,0.14141691251780994
30472938,2858,A,H,0.6167292820790757,0.22692490493703432,0.15634581298389003
30472939,2858,A,A,0.2999568164567816,0.3073426595431225,0.39270052400009586
30472940,2858,H,H,0.44164291660189553,0.3372311533060687,0.22112593009203582
30472941,2858,H,H,0.5420362325203684,0.32267966036403334,0.13528410711559827
30472942,2858,H,H,0.5214422602830907,0.28658557094567105,0.19197216877123827
30472943,2858,D,A,0.3102482950611908,0.33062894249800673,0.35912276244080255
30472944,2858,D,A,0.24353698988857753,0.31072615255512254,0.4457368575563
30472945,2894,A,H,0.4713119265996768,0.24478094857667546,0.28390712482364777
30472946,2894,H,A,0.2844543359206511,0.30698914475353517,0.40855651932581377
30472947,2894,H,H,0.46877191067604046,0.2136243304858377,0.3176037588381217
30472962,2894,A,A,0.2956560364756325,0.2284997429422328,0.47584422058213466
30472967,2894,A,H,0.39701169461897073,0.3045353294306787,0.29845297595035064
30472969,2894,A,A,0.12719855939579064,0.1708304457400001,0.7019709948642092
30472970,2894,D,H,0.5490950181938539,0.24401666051951054,0.20688832128663548
30472971,2894,D,A,0.2229680729846459,0.2425018635509757,0.5345300634643784
30472978,2748,A,A,0.23034182726858882,0.22234370401300302,0.547314468718408
30472980,2894,D,H,0.429357224148362,0.29181303230746125,0.27882974354417667
30472988,2894,D,H,0.5603016863941999,0.2559636275233668,0.1837346860824333
30472992,2748,D,A,0.1570679777678143,0.25776911213693,0.5851629100952558
30472995,2748,H,H,0.6200852259547192,0.21464757949804522,0.1652671945472356
30473003,2745,H,A,0.3287611682667122,0.3205323855339255,0.35070644619936236
30473004,2858,A,A,0.24000513775830334,0.2700555193918904,0.4899393428498063
30473008,2748,D,A,0.28002089096031485,0.26025843717856767,0.45972067186111754
30473009,2748,H,H,0.37117328124134785,0.26165844874246125,0.36716827001619085
30473014,2747,H,H,0.63389947830137,0.19201636614317424,0.1740841555554559
30473015,2747,A,A,0.341886134260564,0.21858158878927886,0.4395322769501572
30473016,2747,A,H,0.4106085356617223,0.26682010254580096,0.3225713617924768
30473017,2747,A,H,0.5662634627554427,0.2369632186533804,0.19677331859117686
30473018,2747,H,H,0.5436599817101228,0.24033778893994517,0.21600222934993202
30473019,2747,D,A,0.2195227827901702,0.19671783933175122,0.5837593778780785
30473020,2747,H,A,0.3153925122419574,0.2601084609734635,0.42449902678457907
30473021,2747,H,A,0.32178574717461567,0.25448406706163174,0.42373018576375254
30473024,2745,A,A,0.21093360993297397,0.25210165741770446,0.5369647326493215
30473025,2745,H,H,0.5720759140990813,0.28276132770615675,0.14516275819476188
30473026,2745,D,H,0.6647176049793002,0.17831089487946367,0.15697150014123606
30473027,2745,A,H,0.36854562135064134,0.3540031833493944,0.2774511952999643
30473028,2745,A,H,0.4501904580193017,0.28050740690466347,0.26930213507603484
30473029,2745,A,A,0.22706664036883747,0.29009528210427066,0.48283807752689195
30473032,2748,A,D,0.3354584889134094,0.3573457273978794,0.30719578368871114
30473033,2748,A,H,0.4465424711662792,0.2574960982884268,0.2959614305452939
30473042,2747,A,A,0.06822706572453614,0.15204098891954101,0.7797319453559229
30473046,2748,A,H,0.3515306038838792,0.35139159890264565,0.2970777972134751
30473048,2748,H,A,0.09681453814489321,0.26841778264361355,0.6347676792114934
30473050,2747,A,H,0.4573442266665724,0.2643520893429749,0.27830368399045274
30473051,2745,H,H,0.42797644654318034,0.26400317534571527,0.30802037811110433
30473054,2748,D,H,0.5998098731189564,0.2148289997106254,0.18536112717041822
30473056,2745,H,H,0.5386919907755519,0.198620616289362,0.26268739293508625
30613808,2858,D,H,0.6657504052955546,0.2219932244785819,0.11225637022586334
31305761,2747,H,A,0.24585698913273282,0.2207383341112182,0.5334046767560491
31305762,2747,A,H,0.5967549143703385,0.2590033810098357,0.1442417046198259
31305763,2747,A,A,0.3084113952434118,0.2606363388129627,0.43095226594362546
31305764,2747,H,H,0.7555662136066507,0.13942410935448035,0.10500967703886899
31305765,2747,D,A,0.11372823746819556,0.1670609348311736,0.7192108277006307
31305766,2747,A,A,0.19172126813675205,0.27390693151252987,0.5343718003507181
31305767,2747,A,A,0.1540822706907389,0.20648794249493777,0.6394297868143232
31305768,2747,H,A,0.3601752843227948,0.22836445058565083,0.4114602650915544
31305769,2747,A,A,0.2603944767738738,0.2585979874367158,0.4810075357894105
31305770,2747,A,A,0.22209757090197285,0.25335725254040675,0.5245451765576203
31503252,2894,H,A,0.3268995107184886,0.28632384331542593,0.3867766459660855
31503417,2745,H,H,0.34616229667273973,0.31562225456395326,0.33821544876330706
31503437,2894,A,A,0.19344032654751395,0.27343835539916295,0.5331213180533232
31503448,2748,A,A,0.31997482928398135,0.24765593723031257,0.43236923348570616
31503453,2858,H,H,0.4241416476912836,0.3204382540853846,0.2554200982233318
31519684,2858,A,H,0.492662052766381,0.25052731911056375,0.2568106281230554
31519685,2894,D,H,0.38121146989491506,0.2616305563391852,0.3571579737658997
31519686,2858,A,H,0.41375049095705263,0.34566585376397707,0.24058365527897035
31519687,2858,H,H,0.6096965708974397,0.2571236116606385,0.13317981744192178
31519688,2858,D,A,0.14481922022928212,0.24379506345596771,0.6113857163147501
31519689,2858,H,H,0.6626614201481501,0.24348882962788745,0.09384975022396239
31519690,2748,H,H,0.49991279147698303,0.25516845814723876,0.24491875037577837
31519691,2858,A,A,0.1559022355820293,0.2198350296827766,0.624262734735194
31519692,2858,H,H,0.6287074845882709,0.21262707611992232,0.15866543929180682
31519693,2858,H,H,0.46214367119462113,0.2803666485638499,0.257489680241529
31519694,2858,A,H,0.6259415523477465,0.2596202554647436,0.11443819218750999
31519695,2894,H,H,0.467916787929689,0.2735266067206576,0.2585566053496533
31519696,2748,H,H,0.6572633487872996,0.23874969969974422,0.10398695151295614
31519697,2894,H,A,0.2580296166783114,0.2194341448886823,0.5225362384330062
31519698,2748,H,H,0.4786459579848551,0.28744508055235485,0.23390896146279017
31519699,2748,H,H,0.5279175592138213,0.25273110617412614,0.21935133461205247
31519700,2894,D,H,0.4240778857873753,0.29571958122581854,0.2802025329868062
31519701,2748,H,A,0.2260757336386622,0.24316792004347187,0.5307563463178658
31519702,2748,H,H,0.38825769018667255,0.25835263505457545,0.35338967475875194
31519703,2748,H,H,0.4914199016115982,0.353417869303807,0.1551622290845949
31519704,2894,D,H,0.5717068670675695,0.24005106855099984,0.18824206438143076
31519705,2748,H,H,0.5362269818819586,0.2194386243082694,0.24433439380977204
31519706,2894,A,H,0.5122247871051032,0.2549409252170248,0.23283428767787193
31519707,2894,D,H,0.760011390748382,0.15721736220803287,0.0827712470435852
31519708,2748,H,H,0.41738096107163597,0.2410262689980234,0.34159276993034066
31519709,2894,D,A,0.35446471450544303,0.22677866540769243,0.4187566200868645
31519710,2745,D,H,0.4450032692162573,0.3025089547577868,0.25248777602595596
31519711,2745,D,A,0.19150312288775065,0.21724186233889725,0.5912550147733522
31519712,2745,D,H,0.40596131496860827,0.31824821133401365,0.275790473697378
31519713,2745,D,H,0.6685000901640971,0.23144659281961186,0.10005331701629105
31519714,2745,A,A,0.32163235747022084,0.27684864659597436,0.4015189959338047
31519715,2745,H,H,0.6515066044825604,0.21596146120399176,0.13253193431344795
31519716,2745,D,A,0.2391620465579624,0.29985415431052104,0.4609837991315166
31519717,2745,D,H,0.7909430778146632,0.15133512324187348,0.05772179894346324
32208492,2745,D,H,0.36752418209584603,0.34282643361676157,0.28964938428739245
32208501,2894,H,A,0.2343932533095771,0.274528669844551,0.4910780768458718
32208511,2748,A,A,0.07198622849408208,0.18786011927385282,0.7401536522320651
32208516,2747,D,H,0.8006446576995616,0.12465182739900578,0.07470351490143252
32208517,2858,D,H,0.42941169522546424,0.31344577787667305,0.2571425268978628
32208736,2747,H,H,0.5878693697300563,0.1947438127648932,0.21738681750505043
32290738,2747,H,H,0.4895056233252232,0.28945244416462784,0.221041932510149
32290890,2858,H,A,0.32562472597225245,0.3001356175970178,0.3742396564307299
32291132,2894,H,A,0.30087747603668563,0.2945387789894965,0.404583744973818
32291306,2745,H,A,0.23148690424315194,0.2123465709534049,0.5561665248034431
32291307,2745,A,H,0.44979824010255903,0.3133051673955633,0.23689659250187772
32291308,2745,A,A,0.2611789507267663,0.30616228933508033,0.4326587599381533
32291309,2745,A,H,0.3727138374551111,0.29424503312125,0.33304112942363884
32291904,2747,D,A,0.37261231543802004,0.2470931056149104,0.3802945789470696
32291913,2747,D,H,0.46199673082129006,0.2505993785978632,0.28740389058084675
32291921,2747,H,H,0.43238824522780084,0.2346566400884172,0.3329551146837821
32291924,2747,H,H,0.7491279841693433,0.14042245902124262,0.11044955680941401
32291965,2858,A,A,0.27919509013459,0.3321033394474278,0.3887015704179822
32292088,2748,D,A,0.20858288648694442,0.24725735874550098,0.5441597547675545
32292337,2894,A,H,0.5962103156190476,0.22349214570685358,0.18029753867409887
32292464,2745,H,H,0.5283263383288275,0.23798009025585348,0.2336935714153191
32292469,2858,H,H,0.450686573695235,0.3115072994904484,0.2378061268143165
32292470,2858,H,A,0.18191791142533062,0.3586639624630499,0.45941812611161953
32292628,2894,D,A,0.31355587846036304,0.3236882407687047,0.36275588077093235
32292633,2748,H,H,0.38467856666327715,0.2579340640561491,0.3573873692805738
32292650,2858,H,H,0.6153480659119888,0.22818078241941095,0.15647115166860037
32292964,2747,D,A,0.17802962458107158,0.18090265364474728,0.6410677217741811
32617668,2894,A,A,0.27484497651466877,0.22841297861421464,0.4967420448711165
32617693,2748,A,H,0.501739035285883,0.23685911143573615,0.2614018532783809
32617936,2858,A,A,0.28794377472905286,0.34481358621245456,0.3672426390584926
32618229,2748,D,A,0.24723260678573714,0.32489499198641036,0.42787240122785253
32618241,2748,A,H,0.4035430180763898,0.3062054978214904,0.29025148410211976
32618244,2748,D,H,0.45162676995571543,0.31810332822352294,0.23026990182076165
32618247,2748,A,H,0.5514594061816892,0.24158774824407953,0.20695284557423127
32618290,2894,H,H,0.5174842632008089,0.2941799854876462,0.188335751311545
32618291,2894,H,A,0.32620573887751,0.3049742659704319,0.36881999515205804
32618519,2747,A,A,0.3412537969453324,0.28696296832156604,0.37178323473310165
32618528,2747,H,H,0.3866296894463611,0.25592289821375014,0.3574474123398887
32618615,2745,H,H,0.5833741739672305,0.2596420129230333,0.1569838131097362
32618765,2858,H,H,0.5002347287118645,0.269972266377481,0.2297930049106545
32618959,2748,H,A,0.34573153566116993,0.22768455584781452,0.4265839084910155
32618983,2745,H,H,0.4710721786176411,0.24924650843351293,0.2796813129488461
32619003,2894,H,H,0.5413972502936121,0.217754199057819,0.24084855064856886
32619048,2858,H,H,0.42724863633070875,0.30141984882053274,0.27133151484875856
32619073,2745,A,A,0.3383265245555185,0.29707874589692923,0.36459472954755234
32619110,2748,A,A,0.31927514670929197,0.25206862973080174,0.4286562235599062
32619111,2894,A,A,0.2779135979237394,0.21276664852205743,0.5093197535542032
32619128,2858,H,H,0.36798352432912856,0.2987947690109046,0.3332217066599667
32878349,2894,H,A,0.35388845286926324,0.23289319738804576,0.41321834974269106
32881566,2894,D,A,0.27030519642472617,0.2256969383156165,0.5039978652596573
32881567,2894,H,H,0.6179727222803375,0.22615331560514287,0.15587396211451965
32881568,2894,H,H,0.5362784779282909,0.25157486801360707,0.21214665405810204
32881569,2894,D,H,0.3642875649551327,0.3056883524665473,0.33002408257832
32881570,2894,H,A,0.3734200518579648,0.22472502737764466,0.4018549207643905
32881571,2894,A,A,0.31683300568767236,0.287111999033267,0.3960549952790607
32881572,2894,D,H,0.3891189722521842,0.2386838696322718,0.3721971581155439
32881573,2745,H,H,0.3900736667369543,0.27321902831894423,0.33670730494410145
32881574,2745,H,H,0.8258995219470573,0.1240754594173383,0.050025018635604455
32881575,2745,H,A,0.29218572642982527,0.3179915761342738,0.389822697435901
32881576,2745,A,A,0.274256902029312,0.2916322848339046,0.43411081313678346
32881577,2745,H,H,0.3701652758885656,0.29283794236897526,0.3369967817424591
32881578,2745,D,H,0.49844391400048565,0.28892768205622227,0.2126284039432921
32881579,2745,H,H,0.6253836239682437,0.24400394111492746,0.13061243491682895
32881580,2745,D,H,0.3765466928257444,0.2976946536064908,0.32575865356776484
32881581,2894,D,H,0.6506144656182041,0.21838497022816475,0.13100056415363112
32881582,2894,A,A,0.31342637626587744,0.2950948541501691,0.39147876958395345
32881583,2745,D,A,0.10869950203463295,0.212898326325415,0.6784021716399521
32881584,2894,H,A,0.32094783625817747,0.2784442851582306,0.40060787858359204
32881585,2858,A,H,0.5086435627405858,0.296582792263523,0.19477364499589123
32881586,2858,H,H,0.484844968025422,0.33729149877676695,0.17786353319781115
32881587,2858,H,H,0.5683317812289498,0.25173772087781565,0.17993049789323465
32881588,2858,H,A,0.15582511726520076,0.26333095150568675,0.5808439312291125
32881589,2858,H,H,0.6247373786549318,0.2567433130461203,0.11851930829894797
32881590,2858,H,H,0.6313374487424156,0.22127159927486872,0.1473909519827157
32881591,2858,A,H,0.48867591973881924,0.297563032041101,0.21376104822007966
32881592,2858,D,H,0.4417979344941466,0.2983165096239078,0.25988555588194556
32881593,2858,A,H,0.38934753351337836,0.3141114954489586,0.296540971037663
32881594,2858,H,A,0.2858725063526576,0.2136963620460855,0.5004311316012569
32914267,2747,H,A,0.36291796419777167,0.2656686130551719,0.3714134227470565
32914288,2747,H,H,0.48354636618113833,0.20887314095976647,0.3075804928590951
32914313,2747,D,A,0.3165855892812661,0.2984758334865894,0.3849385772321445
32918880,2747,D,A,0.30122972001857884,0.2639045058774857,0.43486577410393545
32918881,2747,A,A,0.15940837509749364,0.19024045074304932,0.650351174159457
32918882,2747,A,A,0.32657342179107257,0.33132254843924946,0.3421040297696779
32918883,2747,A,A,0.2090728043609687,0.2200866368021246,0.5708405588369067
32918884,2747,H,H,0.4174689747679498,0.1714631224658433,0.4110679027662069
32918885,2747,A,A,0.3201598229356763,0.22937515975544356,0.4504650173088801
32918886,2747,H,A,0.15309268997046332,0.24152813529387568,0.605379174735661
33067428,2748,A,A,0.27607362217115855,0.27169957951964363,0.45222679830919776
33067432,2858,A,D,0.33878696020710924,0.3399530726660623,0.3212599671268284
33075124,2748,H,H,0.4109131454571224,0.2758846910625337,0.3132021634803439
33075125,2748,A,A,0.25059674201965715,0.24453517935910557,0.5048680786212373
33075126,2748,H,H,0.6132070617204326,0.24907861402124679,0.13771432425832072
33075127,2748,A,H,0.6859617162000987,0.18482642276253933,0.12921186103736196
33075128,2748,H,H,0.6786396379852653,0.22524765051535148,0.0961127114993832
33075129,2748,H,A,0.2875212542254809,0.2576661588882068,0.45481258688631215
33075130,2748,A,A,0.2111694636374827,0.2578711061468978,0.5309594302156194
33075131,2748,A,H,0.42087894758513916,0.29430916692012427,0.28481188549473657
33075132,2748,H,H,0.7484012512408479,0.16931821389899795,0.08228053486015406
33142107,2747,H,H,0.3895838906187328,0.23414444113383143,0.3762716682474358
33142689,2747,H,H,0.6745292796554396,0.1816323526972491,0.14383836764731134
33142693,2747,H,H,0.5663537449979008,0.22171115130928087,0.21193510369281834
33143008,2858,H,A,0.23645142645231365,0.334521663971869,0.4290269095758173
33143513,2858,H,H,0.6635183311154006,0.23330740768313363,0.10317426120146571
33143710,2858,H,H,0.6048174879672626,0.22250855103636968,0.17267396099636773
33470154,2858,H,H,0.3641075890452202,0.31303955058407207,0.3228528603707077
33470255,2747,H,H,0.3661574043641636,0.29995837131997,0.33388422431586634
33470263,2747,A,A,0.12802527456809995,0.1677773639678513,0.7041973614640489
33470267,2747,H,H,0.38323509302399084,0.2529602334978978,0.36380467347811135
33470270,2747,H,H,0.6906868770242409,0.18214316021422897,0.12716996276153006
33470913,2858,H,H,0.48290953041606655,0.2737794891009974,0.2433109804829361
33471085,2747,H,H,0.47890385303205835,0.2198425416250451,0.30125360534289647
33471158,2858,H,H,0.3746729963531372,0.30378533388529927,0.32154166976156345
33471243,2858,A,A,0.14937467581828634,0.2914555849780811,0.5591697392036326
33739989,2858,D,H,0.34625688345069144,0.32433548967059495,0.3294076268787136
33740007,2858,A,H,0.369630632390629,0.33880160776992607,0.291567759839445
33740009,2747,D,H,0.47864269829522604,0.24591513155216937,0.2754421701526047
33773791,2858,H,H,0.7206486717105273,0.19117359466799838,0.08817773362147435
33773792,2858,H,H,0.5230146244160369,0.29591190650779636,0.18107346907616675
33773817,2894,D,A,0.16652913205176034,0.24523572971280624,0.5882351382354334
33773823,2747,H,H,0.6693852359794322,0.15550433196492922,0.17511043205563853
33773832,2858,H,A,0.27071472521878365,0.29114803876792955,0.4381372360132868
33826461,2894,H,H,0.5562760768821626,0.27462617939025946,0.16909774372757794
33826462,2894,H,H,0.6686794583367114,0.18092605507357734,0.15039448658971116
33826463,2894,A,A,0.2327764870826508,0.2562915273751393,0.5109319855422099
33826464,2894,D,A,0.29189295449774316,0.21882428800516635,0.48928275749709055
33826529,2858,D,A,0.29858043680543755,0.27584346543570526,0.42557609775885713
33826584,2894,A,A,0.21851779992163423,0.25653643866258297,0.5249457614157828
33826585,2894,H,H,0.5137772376520919,0.24725509380037552,0.2389676685475325
33826586,2894,D,A,0.3165726137671287,0.26393076542475336,0.419496620808118
33826587,2894,D,H,0.6432468415118108,0.2312666327091523,0.1254865257790369
33826590,2858,H,H,0.6941563799678974,0.2030457253386327,0.10279789469346998
33826591,2858,H,H,0.3855959144982462,0.2942565920511126,0.3201474934506412
33896076,2858,H,H,0.5755470469465852,0.2576105775569149,0.1668423754965
33896077,2858,H,H,0.49488021831511975,0.312109928610392,0.19300985307448837
33896108,2894,H,A,0.2922911651117154,0.2620016320394154,0.44570720284886917
33896117,2858,A,H,0.4896399949688824,0.27855661766445877,0.23180338736665887
33896118,2858,H,H,0.5013295936064361,0.32541140877597147,0.17325899761759234
33926436,2745,A,H,0.6535021019923924,0.2206895221699271,0.12580837583768043
33998997,2745,A,H,0.6776131511608164,0.1976948336978775,0.12469201514130611
34007594,2894,H,A,0.38170379019599615,0.20192294415451117,0.41637326564949273
34007688,2745,A,H,0.416428387688224,0.28455377040716406,0.29901784190461206
34007689,2745,H,H,0.3572223668024726,0.3044866316628473,0.33829100153468006
34007690,2745,H,H,0.5844852932476996,0.2795908064411963,0.135923900311104
34007691,2745,H,A,0.2856381628575691,0.29370953032871755,0.4206523068137134
34007692,2745,H,D,0.34881622662750683,0.35519816883269995,0.2959856045397933
34007749,2747,A,A,0.3403368533309881,0.22534071269025968,0.4343224339787523
34007759,2747,H,H,0.8096005950023054,0.12698900074672573,0.06341040425096887
34007765,2747,H,H,0.4542798340453133,0.25028210009511,0.29543806585957677
34007766,2747,H,A,0.22697547922775932,0.23083926280764885,0.5421852579645917
34008157,2748,H,A,0.35054289642013736,0.23094073533738088,0.41851636824248173
34008448,2894,A,A,0.371815906129331,0.2248880024437228,0.4032960914269463
34008538,2747,H,H,0.5147280741157284,0.21811518389231188,0.26715674199195977
34008540,2745,A,A,0.16477848849633228,0.23666435713400416,0.5985571543696635
34008576,2748,H,A,0.28023882550875495,0.26018535537407816,0.4595758191171668
34008695,2894,H,H,0.4036891880569439,0.2889188621002633,0.3073919498427928
34008702,2748,H,H,0.438046956915604,0.2254415789161984,0.3365114641681975
34020902,2747,H,H,0.4474004332835302,0.24308536148203,0.30951420523443973
34020903,2747,A,H,0.7186231968327206,0.1534024687653746,0.12797433440190475
34020904,2747,H,H,0.46340528518576707,0.27298042125695393,0.2636142935572791
34020905,2747,H,A,0.24146836332941346,0.26982840441513084,0.48870323225545576
34020906,2747,A,A,0.2938865541703029,0.18683750547832562,0.5192759403513715
34020907,2745,H,H,0.5412734814767528,0.2075570672476705,0.2511694512755767
34306668,2894,A,A,0.3404249442125428,0.23151208643856483,0.4280629693488925
34306712,2748,A,A,0.1444610268006747,0.3042398693860162,0.551299103813309
34307168,2748,D,A,0.22498359705008045,0.32700538801956197,0.4480110149303576
34307173,2748,D,H,0.34942896136867097,0.3152520459947301,0.335318992636599
34307177,2748,H,H,0.42196707852607157,0.2986720486946366,0.2793608727792918
34307180,2748,A,A,0.35335637500073974,0.2782676862133687,0.3683759387858916
34307232,2894,D,H,0.41941833114845034,0.2899913729077493,0.29059029594380026
34307775,2748,H,H,0.43298283380580843,0.2468907231883125,0.320126443005879
34307824,2894,H,H,0.5651102731754215,0.18495779406253296,0.24993193276204553
34307916,2748,A,A,0.11459585042386088,0.19973246746312548,0.6856716821130138
34307917,2894,A,H,0.42513622071307355,0.33759511467129816,0.23726866461562832
34539269,2894,H,A,0.3146634346738894,0.30184556249587363,0.38349100283023685
34539270,2894,H,H,0.6104468004936914,0.24478703213449318,0.14476616737181547
34539314,2894,D,H,0.37764802824591803,0.26217858585791887,0.3601733858961632
34694914,2745,H,H,0.5959589516814716,0.24227796006051816,0.16176308825801025
34694915,2745,D,A,0.22075201677405332,0.2805189755625087,0.4987290076634379
34694916,2745,H,H,0.7012693513927831,0.18525137064862768,0.11347927795858924
34694917,2745,H,A,0.29046440319531464,0.33618787699473657,0.37334771980994885
34694918,2745,H,H,0.5282817862078893,0.2718017423062133,0.19991647148589745
34694919,2745,H,A,0.3339317191556336,0.30930564672051214,0.35676263412385434
34694920,2745,H,H,0.4732764929111544,0.2602603577201878,0.2664631493686577
34694921,2745,H,H,0.8390715624449289,0.1212598452712682,0.03966859228380303
34694922,2745,H,H,0.5201010827896453,0.3033118772472291,0.17658703996312566
34694923,2748,H,H,0.7329087793969384,0.19515721838981678,0.07193400221324474
34694924,2748,D,A,0.3187178723184835,0.2797159314199946,0.40156619626152196
34694925,2748,D,H,0.48470597119629644,0.2703048267153311,0.24498920208837244
34694926,2748,H,H,0.5626135614212927,0.2790132282783871,0.1583732103003201
34694927,2748,D,H,0.4217329122633248,0.2597715019009002,0.3184955858357749
34694929,2748,H,H,0.49181412894054233,0.25229340088232827,0.2558924701771295
34694930,2748,H,A,0.30035817432407236,0.28048858215879763,0.41915324351713
34694931,2748,H,H,0.7676472257238074,0.17194575504908005,0.060407019227112585
34694932,2748,H,H,0.39640856764672394,0.23686461575879125,0.36672681659448475
34694933,2748,H,H,0.545378883393427,0.20590799554816386,0.2487131210584092
34694941,2858,H,H,0.4029158665403543,0.36999663752805406,0.22708749593159175
34694942,2858,A,A,0.13992684074830525,0.22631382385818954,0.6337593353935052
34694943,2858,A,D,0.3318506467640255,0.3699581026730502,0.29819125056292434
34694944,2858,H,A,0.11933023740385511,0.1975846997109037,0.6830850628852413
34694945,2858,A,H,0.49077919582222124,0.2743534567512833,0.23486734742649543
34694946,2858,H,H,0.7033233294491854,0.1858341775341246,0.11084249301669002
34694947,2858,H,H,0.45908552553276677,0.26340693327224257,0.27750754119499077
34694948,2858,H,H,0.4188676812887765,0.3452288541520038,0.23590346455921987
34694949,2858,D,H,0.4417019733213526,0.32186791476497156,0.23643011191367577
34694950,2858,H,H,0.4921128950137985,0.31514644017113913,0.1927406648150623
34729989,2894,D,H,0.6234483223592324,0.22137688578707732,0.15517479185369037
34812556,2747,D,A,0.14073946706022084,0.16018016413345745,0.6990803688063219
34812925,2894,H,A,0.26537375509980776,0.2854057797075669,0.4492204651926254
34813237,2747,H,H,0.4450607352695485,0.21298177634311907,0.34195748838733236
34813239,2747,D,H,0.5446077520371126,0.23630153799893117,0.21909070996395616
34813241,2747,H,H,0.5269939998618636,0.22931087866554112,0.24369512147259528
34813245,2747,H,H,0.5341271642885081,0.2610245249385474,0.2048483107729444
34813246,2747,A,A,0.24017367926703506,0.24948668080347983,0.5103396399294851
34813738,2894,H,A,0.16278362593123105,0.2828884673653232,0.5543279067034459
34813981,2894,H,H,0.5836477611956764,0.22293335545090828,0.19341888335341528
34825253,2894,D,A,0.31792617476709595,0.28362447372418914,0.398449351508715
34825254,2747,A,A,0.1883982988534959,0.2905305761236829,0.5210711250228213
34825255,2747,A,H,0.5583180196197373,0.19363493690333142,0.24804704347693132
34825256,2747,H,H,0.5520696842783793,0.19179228205129928,0.25613803367032134
34825257,2747,A,A,0.06617513268080233,0.14567164034034827,0.7881532269788494
34825259,2894,H,H,0.640809133951785,0.23147813545639348,0.12771273059182142
34825260,2894,D,A,0.331882537363667,0.22914020586418982,0.4389772567721431
34825261,2894,A,A,0.28047124280640334,0.2892754831077574,0.43025327408583935
34825262,2894,H,H,0.38134724944669507,0.2519573752845842,0.36669537526872076
34825263,2894,H,A,0.17809375201244804,0.24922629177040403,0.572679956217148
35436439,2745,A,A,0.1866259144443409,0.20299909612115544,0.6103749894345036
35436440,2745,A,H,0.4979597027572541,0.2878496380042415,0.21419065923850433
35436441,2858,D,H,0.42888151473006636,0.29404050349398714,0.2770779817759464
35436442,2745,D,H,0.6468006887372101,0.19530204022944694,0.15789727103334297
35436443,2858,H,A,0.21675929286650036,0.3014632496748414,0.4817774574586583
35436444,2858,H,H,0.6478131152046859,0.2209704553871826,0.13121642940813147
35436445,2858,A,H,0.4707678511040071,0.34139513481925754,0.18783701407673542
35436446,2745,A,H,0.6850021978277948,0.2019374449421983,0.11306035723000692
35436447,2858,D,H,0.5441772279410702,0.29596730502948626,0.1598554670294435
35436448,2858,A,H,0.57223444197421,0.25585266188599926,0.17191289613979063
35436449,2745,D,H,0.44915780264759936,0.26855563357311485,0.28228656377928585
35436450,2745,D,A,0.2102584956438326,0.3505824910566579,0.4391590132995096
35436451,2745,D,D,0.3528550118240376,0.3878405961248609,0.25930439205110145
35436452,2745,H,A,0.3299817227162567,0.26037679536224834,0.4096414819214951
35436453,2745,H,H,0.39504829530898705,0.302399690353841,0.302552014337172
35436454,2894,H,H,0.49837350093117083,0.24149681928184802,0.26012967978698115
35436455,2747,D,H,0.7114868532486259,0.17050254891398195,0.11801059783739215
35436456,2894,H,A,0.19143123435021778,0.23787413803840685,0.5706946276113753
35436457,2894,D,H,0.5140047545514934,0.25291690804026556,0.23307833740824102
35436458,2894,A,A,0.30966807375674393,0.21815939308414214,0.47217253315911395
35436459,2747,H,H,0.8026594849065747,0.10921741851183019,0.08812309658159521
35436460,2894,D,A,0.35327484330285513,0.2207735848767236,0.42595157182042126
35436461,2747,H,H,0.7028314917872938,0.1738543471306796,0.12331416108202661
35436462,2747,H,H,0.4550678000226933,0.23444043817948929,0.31049176179781734
35436463,2894,D,H,0.45131220904834873,0.27334222423024607,0.2753455667214053
35436464,2894,H,H,0.6939380146462674,0.20228139253694014,0.10378059281679244
35436465,2858,H,H,0.378900180895464,0.30971983508212175,0.31137998402241424
35436466,2747,H,A,0.09332057449424322,0.18670602078257328,0.7199734047231835
35436467,2894,H,H,0.5822457498048499,0.2665974621109105,0.15115678808423957
35436468,2858,H,H,0.46960936335925857,0.2915587991268758,0.2388318375138657
35436469,2894,A,A,0.3219577587028095,0.30390646120668824,0.3741357800905022
35436470,2858,H,H,0.48283791517581653,0.30584074559102653,0.21132133923315696
35436471,2858,A,A,0.36052151185947506,0.26297002523180973,0.37650846290871515
35436472,2894,A,A,0.2584660281981692,0.26786635645704926,0.4736676153447816
35436473,2747,D,H,0.4147327065629519,0.25044651835633824,0.3348207750807098
35436474,2747,D,H,0.5377076771247754,0.1893093457611706,0.2729829771140539
35436475,2747,D,H,0.4634909051557294,0.2158370871465674,0.32067200769770315
35436476,2747,A,A,0.19624516405661935,0.2337263992493377,0.5700284366940429
35436477,2747,A,H,0.3800790140508425,0.27795220841488943,0.341968777534268
35494127,2748,A,A,0.22528798581953477,0.2478240279663366,0.5268879862141286
35494128,2748,A,A,0.11397510400860066,0.19009471360276903,0.6959301823886304
35494129,2748,D,H,0.42417529360609546,0.3000038954762451,0.2758208109176594
35494130,2748,H,H,0.439972550722952,0.26274439435896046,0.2972830549180875
35494131,2748,D,H,0.6661496267872156,0.20461002892952024,0.12924034428326414
35494132,2748,D,A,0.2366864624756303,0.3251775570206922,0.43813598050367764
35494133,2748,H,H,0.395218881656464,0.24544693699390677,0.35933418134962913
35494134,2748,A,A,0.12256386278333833,0.23323146322113422,0.6442046739955274
35494135,2748,A,A,0.3015066548898723,0.27190097945397074,0.4265923656561568
35494136,2748,H,A,0.3349017820823326,0.3185278344275179,0.34657038349014946
36154853,2858,D,H,0.3482513145363347,0.3172689569049184,0.33447972855874697
36154854,2858,H,H,0.5489386919333725,0.2933470175664236,0.15771429050020383
36154900,2858,H,A,0.111364364326638,0.2213220106082641,0.667313625065098
36156856,2858,H,H,0.6864938404392009,0.20356612493959697,0.10994003462120208
36156857,2858,A,H,0.5242739515370428,0.28044235520585425,0.195283693257103
36156858,2858,D,A,0.16558161456647053,0.2272705642019726,0.6071478212315568
36156859,2858,H,H,0.4014379045252321,0.3284632039071319,0.2700988915676359
36156860,2858,H,A,0.3449232498079089,0.2910750138453238,0.36400173634676736
36156861,2858,D,A,0.2609770627497651,0.3377133440165593,0.4013095932336756
36156862,2858,H,H,0.6622361951647194,0.22008679313682217,0.11767701169845846
36266257,2745,D,H,0.4511072356599815,0.2563800215427838,0.29251274279723466
36266258,2745,H,A,0.1790129495443467,0.2572455548010546,0.5637414956545987
36266259,2745,H,H,0.4737722299184698,0.3197619419376895,0.20646582814384082
36266260,2745,H,H,0.571635272997468,0.24652788589182786,0.18183684111070414
36266261,2745,H,H,0.7032929523050466,0.22357591424585715,0.07313113344909619
36266262,2745,H,H,0.37989010088091874,0.294369228059874,0.3257406710592073
36266263,2745,A,H,0.5704885857634004,0.2959164497399493,0.1335949644966502
36266264,2745,A,A,0.172027570705676,0.23258859196012963,0.5953838373341944
36266265,2745,D,H,0.7671912564255412,0.14536917214112768,0.08743957143333116
36381834,2748,H,D,0.2915761958281652,0.3717394922605815,0.33668431191125325
36381835,2748,H,H,0.3877880107759311,0.2860252500630217,0.3261867391610473
36381836,2748,H,H,0.6531787996470677,0.20937729298415736,0.13744390736877485
36381837,2748,A,H,0.423464159660925,0.2689775990462948,0.30755824129278014
36381838,2748,H,H,0.4740388940614269,0.23949210425371087,0.2864690016848623
36381839,2748,A,H,0.5434524619452117,0.2616120591435845,0.1949354789112039
36381840,2748,H,H,0.7918718606011018,0.16188053241080222,0.04624760698809604
36381841,2748,D,A,0.23245884674799566,0.2045215781216726,0.5630195751303319
36381842,2748,H,H,0.43530899766649855,0.26354698538221893,0.3011440169512825
36381843,2748,D,H,0.5212989362189495,0.2331110543576851,0.24559000942336537
36388689,2894,H,A,0.3608217122232877,0.24824302200484016,0.3909352657718722
36388692,2894,D,A,0.2401793999437879,0.29177144085350165,0.4680491592027105
36388712,2894,A,A,0.3002556751785763,0.2842159693909356,0.4155283554304882
36388713,2894,H,A,0.3564669008279899,0.2436558535593719,0.3998772456126383
36388714,2894,H,H,0.4274053719150982,0.24052212762550254,0.3320725004593992
36635752,2894,D,A,0.22509336149778472,0.21675634986141865,0.5581502886407967
36635753,2894,A,A,0.33654033238724285,0.27318327947943594,0.3902763881333212
36635757,2894,H,H,0.6441845109433655,0.22253340539923477,0.13328208365739974
36635758,2894,D,A,0.31514533344689605,0.28956376341637996,0.3952909031367239
36635760,2894,A,H,0.5355823680105813,0.24945074264177772,0.21496688934764097
36636536,2747,H,H,0.743644651114047,0.1593679432620578,0.0969874056238953
36636537,2747,H,A,0.3600179515965451,0.21726151900745064,0.4227205293960042
36636538,2747,H,A,0.15101052752677394,0.1814845508632512,0.6675049216099749
36636539,2747,D,A,0.12882016923569692,0.18474320289240392,0.6864366278718992
36636540,2747,D,H,0.54171261098953,0.23897972382021102,0.21930766519025902
36636541,2747,H,H,0.3791772543818099,0.26736105380445474,0.3534616918137354
36636542,2747,A,A,0.25328029145212055,0.2853902653466242,0.46132944320125524
36636543,2747,H,A,0.3646645181918618,0.2523327351542799,0.38300274665385836
36636544,2747,H,H,0.4968140110690111,0.20226489448750926,0.3009210944434797
36636545,2747,D,A,0.12441314552919033,0.21402029919064947,0.6615665552801602
36636590,2858,A,H,0.551824494304942,0.3106051989026489,0.13757030679240909
36636592,2858,H,H,0.5006280945708249,0.27835947933431077,0.22101242609486432
36636593,2858,H,H,0.6289760758580644,0.23805871506845686,0.1329652090734788
36636594,2858,H,H,0.4180421885546569,0.28274563777052336,0.29921217367481967
36636595,2858,H,A,0.3323179823859555,0.32070785329242696,0.34697416432161765
36636596,2858,H,A,0.26672895584843703,0.290972226993079,0.4422988171584839
36636597,2858,D,H,0.5503663526458126,0.26363888074036756,0.18599476661381986
36636598,2858,A,H,0.46979720556569105,0.3004287678008706,0.2297740266334384
36636599,2858,D,H,0.5078930271681322,0.31156936964501714,0.1805376031868506
36636600,2858,A,A,0.25833193806685806,0.27974702218157926,0.46192103975156273
37091365,2748,H,A,0.07839418529321543,0.2133978625778842,0.7082079521289003
37091366,2748,A,A,0.15910019480668394,0.20812298944418114,0.6327768157491348
37091367,2748,A,H,0.45265331421430727,0.2952646156795888,0.252082070106104
37091368,2748,H,A,0.33093266955779155,0.3022281993757338,0.3668391310664747
37091369,2748,H,H,0.5208935450530584,0.28900299350157843,0.19010346144536314
37091370,2748,H,A,0.312445144521198,0.26431166877877027,0.42324318670003175
37091371,2748,A,H,0.603720881778315,0.21745919997198004,0.1788199182497051
37091373,2748,A,A,0.2668145052203724,0.21533528213452308,0.5178502126451046
37091374,2748,A,A,0.3578479605324134,0.259707608382538,0.3824444310850487
37091375,2748,D,A,0.15475936665072668,0.2602497996839493,0.584990833665324
37104505,2858,D,H,0.471875884543606,0.3048208182717472,0.2233032971846469
37104506,2858,H,H,0.4629675686941278,0.2911163937858223,0.24591603752005
37104507,2858,D,A,0.392545173719738,0.2140220897382042,0.3934327365420578
37104508,2858,D,H,0.6630707069569821,0.20285918820903373,0.1340701048339841
37104509,2858,H,A,0.19845307102156262,0.253391199818104,0.5481557291603335
37327732,2894,H,H,0.4509724804336939,0.24952949768880328,0.29949802187750274
37327733,2894,H,A,0.2613170393181754,0.3187189348383771,0.4199640258434476
37327734,2894,A,A,0.22194017639672103,0.2501976323149824,0.5278621912882966
37327735,2894,H,H,0.7285579994898741,0.20631336686481422,0.06512863364531171
37327736,2894,H,H,0.6206311401731284,0.22817068238114815,0.15119817744572345
37327737,2894,A,A,0.29169968662117657,0.25816786289543225,0.4501324504833912
37327739,2894,A,A,0.2565340513621632,0.28148504251290396,0.4619809061249329
37327741,2894,H,H,0.6508937228751639,0.20818448996168887,0.1409217871631473
37327743,2894,A,A,0.2933337915943457,0.23297194634887067,0.4736942620567836
37327745,2894,A,A,0.34303126217284596,0.27232427546135257,0.38464446236580146
37328445,2858,H,H,0.4622123287588256,0.28378880321318417,0.25399886802799015
37328446,2858,D,H,0.4098596936903974,0.34076262558079723,0.24937768072880537
37328447,2858,D,H,0.4338382288846385,0.29796669287282607,0.26819507824253536
37328448,2858,D,D,0.34015280346143617,0.359753899859078,0.30009329667948575
37328449,2858,H,A,0.34308221452553833,0.30411764393562774,0.35280014153883393
38160876,2894,A,H,0.40173878051917605,0.27751144461022736,0.32074977487059664
