fixture_id,season_id,y_true,y_pred,p_home,p_draw,p_away
152781768,6435,D,H,0.35506281327203504,0.32158339934240965,0.32335378738555537
152781770,6435,D,H,0.47961815185392076,0.2682879559970063,0.25209389214907285
152908782,6435,D,A,0.3415140409437295,0.305983690560914,0.35250226849535643
152908783,6484,H,H,0.5239045850012148,0.22034549910485804,0.2557499158939271
152908785,6435,H,H,0.4864136054181848,0.280325682975572,0.23326071160624312
153121348,6526,D,H,0.47959983561708625,0.26216386317331564,0.25823630120959823
153121349,6526,D,H,0.39852488172741457,0.2719699159565528,0.32950520231603264
153121354,6526,D,H,0.37682965883448344,0.3253239785514932,0.29784636261402336
153121355,6526,D,H,0.3522141668307193,0.30784378688374525,0.3399420462855354
153121356,6484,A,H,0.45072948059031703,0.24304464753647537,0.30622587187320766
153121359,6484,H,H,0.6112350781529663,0.1586668904529103,0.23009803139412344
153121360,6484,A,H,0.5179278643520299,0.23003160735206293,0.25204052829590723
153121361,6484,H,H,0.5956585401497808,0.17954826020386255,0.22479319964635655
153121362,6484,A,H,0.40372296447522876,0.2314003997637514,0.36487663576101986
153121364,6435,D,H,0.4284849828394342,0.2872471370443283,0.2842678801162375
153121365,6484,D,H,0.4673262799629018,0.2525239671430239,0.28014975289407434
153121366,6435,A,A,0.32704015284505517,0.3199971913178143,0.3529626558371305
153121367,6527,H,H,0.5533921189503577,0.17109120926490093,0.27551667178474143
153121371,6527,A,A,0.3478237782971057,0.2641172212511464,0.38805900045174785
153121372,6527,A,H,0.4152759584484586,0.26651915135630183,0.3182048901952396
153121383,6527,A,A,0.3084640244094119,0.27290450061123245,0.4186314749793556
153503374,6526,H,H,0.4457221260702555,0.2685350675269854,0.28574280640275906
153503375,6526,D,H,0.44220628992164007,0.2884449546949738,0.26934875538338615
153503376,6484,A,H,0.4182654679145602,0.28592482132146285,0.29580971076397705
153503377,6484,H,H,0.37321848266311386,0.29055638238887116,0.33622513494801487
153503379,6435,D,A,0.27470518063717403,0.32644134069119535,0.3988534786716306
153503380,6526,H,H,0.49046363333904985,0.24978297265262686,0.25975339400832326
153503381,6526,D,H,0.3830901103622,0.3053228311083033,0.3115870585294967
153503382,6527,H,A,0.3567854695381935,0.26278658198278276,0.3804279484790238
153503385,6435,A,H,0.4615234445452026,0.28706521696672865,0.2514113384880686
153503389,6527,A,H,0.3844088502919952,0.2878647652038102,0.3277263845041946
153503390,6527,D,H,0.46618622311919944,0.2296829238298086,0.304130853050992
153503391,6527,D,H,0.42961794724550845,0.25445938157536113,0.31592267117913053
153503392,6527,H,H,0.37792845318356155,0.2598079848293289,0.3622635619871095
153799321,6435,D,H,0.4187021227282682,0.3105453925888366,0.27075248468289514
153799322,6484,D,H,0.4200602885451097,0.24993305937448218,0.330006652080408
153799323,6526,H,H,0.391140299372169,0.280537561735322,0.328322138892509
153799333,6526,A,A,0.3135694223183877,0.3149582288902797,0.37147234879133256
153799336,6435,H,H,0.45338789357548914,0.25592624197904446,0.29068586444546635
154591797,6597,A,A,0.32169172512456085,0.32216540018039014,0.35614287469504896
154830973,6597,H,H,0.526099806174046,0.21874283444531675,0.25515735938063727
154830974,6597,D,H,0.556271665475736,0.20473636445234458,0.23899197007191933
154830975,6597,H,H,0.4793827262010976,0.25755624270050714,0.26306103109839524
154830976,6597,H,H,0.6284180392376583,0.17949497997693226,0.19208698078540956
154830980,6597,D,H,0.41744217334298983,0.3101679058130001,0.27238992084401015
154830984,6597,H,H,0.3709809425507692,0.28580167819349267,0.34321737925573814
155290854,6435,H,H,0.514130701078819,0.23210681697211327,0.25376248194906775
155290856,6597,A,H,0.3781235665201097,0.2857431885739176,0.33613324490597263
155290863,6435,A,H,0.44630595516978466,0.31718216461323095,0.2365118802169845
155290864,6435,D,H,0.40350388357650485,0.3034458043373974,0.2930503120860978
155290865,6435,H,H,0.5295116045286095,0.2690314928334823,0.2014569026379083
155290866,6435,H,H,0.4385296560944541,0.3010648271560807,0.2604055167494651
155290867,6435,A,H,0.43945257608510907,0.25811571092573177,0.30243171298915916
155290868,6435,H,H,0.539896651937998,0.2593343291003539,0.20076901896164812
155658082,6597,A,H,0.42866726793277055,0.27247541947206233,0.2988573125951672
155658106,6435,H,H,0.3674868670230578,0.2876007147494147,0.34491241822752755
155658107,6435,D,H,0.3677559763593554,0.28952811903953724,0.3427159046011073
155658109,6435,H,H,0.4982704279720954,0.25718687607905083,0.2445426959488536
156528090,6527,H,H,0.5942782808091419,0.19975105793582346,0.2059706612550347
156559576,6597,H,H,0.46035020991321757,0.2935593781012184,0.24609041198556392
156783614,6484,H,H,0.46379371702169037,0.2421489202379631,0.29405736274034655
156784040,6484,A,H,0.5831215738184938,0.16475158951849286,0.2521268366630133
156784045,6484,H,H,0.45639720941200923,0.23493021940868034,0.3086725711793104
156784051,6484,H,H,0.7270012687626096,0.15088635960965613,0.12211237162773414
156784053,6484,A,H,0.39364848862787166,0.2661618912392911,0.3401896201328371
156784055,6484,H,H,0.5102995060192579,0.26485155614200884,0.22484893783873328
156784608,6527,A,A,0.24674492346340426,0.31318600388345147,0.4400690726531443
156784989,6484,A,A,0.3444705340835771,0.2839660756234095,0.3715633902930135
156784999,6526,H,H,0.36650610584985194,0.2966669806884857,0.33682691346166244
156785000,6526,H,A,0.2994569156569025,0.28741793324480364,0.41312515109829384
156785012,6527,H,H,0.5419087277602121,0.23629503120729242,0.2217962410324955
156785132,6526,H,H,0.6097483147877867,0.22165884814819,0.16859283706402334
156785133,6526,A,H,0.3713528454037332,0.3088551279059426,0.31979202669032425
156785143,6527,A,H,0.5138910908238792,0.28164985787288205,0.20445905130323883
156833294,6597,A,H,0.4795368224819472,0.22820721335552394,0.29225596416252886
156833297,6597,A,H,0.44097780348859944,0.25966055281370937,0.29936164369769125
156833298,6597,A,H,0.483541084213992,0.28267353730033573,0.23378537848567216
156833299,6597,D,A,0.334321037648364,0.26792843819468787,0.3977505241569482
156833300,6597,H,A,0.3032250040034522,0.29725572659724453,0.39951926939930327
156833301,6597,D,H,0.39730019729914756,0.27911082412361793,0.3235889785772345
156833303,6526,H,A,0.21278634975747754,0.2864803710772925,0.5007332791652299
156833307,6484,H,H,0.5163958803879147,0.217564510760533,0.26603960885155226
156833310,6484,A,A,0.3294154979114407,0.32665019605879386,0.3439343060297654
156833311,6484,D,A,0.3351462254640247,0.24679820498582694,0.41805556955014844
157282140,6527,H,H,0.5476235126568205,0.2597356366776391,0.19264085066554032
157282604,6527,H,A,0.31605874764854464,0.23897388758860647,0.444967364762849
157282605,6527,H,A,0.35807971394617294,0.2711158054872267,0.37080448056660037
157282608,6527,D,H,0.39492117304948376,0.2615610138020544,0.3435178131484619
157282771,6526,D,H,0.558809523245602,0.25957713156924594,0.18161334518515213
157282888,6527,D,H,0.5908334267777762,0.24142148176521872,0.16774509145700509
157282889,6526,H,A,0.30938373946707737,0.3112263419328477,0.37938991860007487
157282890,6526,A,H,0.42409682608391003,0.2854555030815413,0.2904476708345488
157334390,6526,A,H,0.403318134177046,0.2832177245717141,0.3134641412512399
157334392,6597,H,H,0.4977833816874222,0.24160635127643115,0.2606102670361467
157334395,6597,H,H,0.6403098292317944,0.18789117353470103,0.1717989972335046
157706664,6526,D,H,0.4946651738253492,0.31069035540639645,0.19464447076825428
157706724,6435,H,H,0.42967298260372905,0.2743412524115178,0.2959857649847531
157750800,6526,D,H,0.6352384165728288,0.22200907519282856,0.1427525082343427
157750801,6527,A,A,0.21920990555834366,0.17000153131526696,0.6107885631263894
157750802,6526,A,H,0.46780124228793335,0.26941999205330625,0.2627787656587604
157750803,6526,D,H,0.5966689058914064,0.21693682100401318,0.18639427310458045
157750804,6527,H,A,0.30528936268948964,0.2782234148301858,0.4164872224803246
157750805,6484,A,H,0.39782580715078336,0.220315858246656,0.3818583346025607
157750806,6527,D,H,0.5525502020616914,0.19300217301563324,0.2544476249226754
157750807,6484,H,H,0.4569688180390168,0.1793966173543218,0.36363456460666144
157750808,6484,D,H,0.5519566678719213,0.2811416587696731,0.1669016733584055
157750809,6526,H,H,0.5123236539118596,0.23271060384070652,0.25496574224743385
157750810,6526,D,H,0.4584995033375897,0.26575196159096975,0.27574853507144065
157750811,6526,H,A,0.2980027071350426,0.28454741669671413,0.41744987616824336
157750812,6526,D,A,0.33460955400114073,0.2887651573662136,0.37662528863264566
157750813,6484,A,A,0.22329898872931092,0.23972407058547165,0.5369769406852174
157750814,6484,D,H,0.6156066268618728,0.21384952392327422,0.17054384921485283
157750815,6484,D,A,0.34872330561509846,0.23709630615049934,0.4141803882344022
157750816,6484,A,A,0.2734957271455041,0.23662424110352334,0.4898800317509726
157750817,6484,H,H,0.6019209635291506,0.1961245064956872,0.20195452997516225
157750818,6484,D,H,0.5942513974556352,0.15849973969782855,0.2472488628465363
157750819,6527,H,A,0.2842698253774587,0.26241271932083293,0.4533174553017083
157750820,6435,D,A,0.21219686593019085,0.27446359307413143,0.5133395409956778
157750821,6435,H,H,0.4922997635949813,0.24791827983008977,0.259781956574929
157750822,6435,A,H,0.49890548399365997,0.26581320270968295,0.235281313296657
157750823,6435,H,H,0.507824779266336,0.28275536847298943,0.2094198522606746
157750824,6435,A,A,0.3156716613440279,0.30740127429052033,0.3769270643654517
157750825,6435,D,H,0.3757394321887342,0.2718382020697602,0.35242236574150565
157750826,6526,H,A,0.34306711271286555,0.25101082537871144,0.405922061908423
158001286,6526,H,H,0.47195196776282466,0.3124799550580269,0.21556807717914847
158001287,6526,A,A,0.3104343771293113,0.30250067524861546,0.3870649476220732
158001288,6435,D,H,0.6457917100199358,0.20597310830000942,0.14823518168005476
158001289,6435,D,A,0.3441183692558823,0.2948432276597978,0.3610384030843199
158001310,6484,A,H,0.4965885676894912,0.21599922974133237,0.2874122025691764
158222940,6435,H,H,0.5569468311603275,0.24126546238308225,0.20178770645659036
158946180,6435,H,H,0.6746480862360374,0.2199571750845029,0.10539473867945967
158946197,6527,H,H,0.4270623824063211,0.2778307533236785,0.29510686427000027
158946598,6435,A,H,0.37860358156611973,0.2613024756452557,0.36009394278862455
158946602,6527,A,A,0.281827075936753,0.2612835439544418,0.45688938010880514
158946634,6435,H,H,0.4708535843495677,0.24767073015725674,0.28147568549317553
158946773,6527,A,A,0.2754614878209869,0.2152396353905391,0.509298876788474
158946782,6435,D,A,0.20088340618610384,0.2565634162767931,0.5425531775371031
158946783,6435,A,H,0.5304225197231341,0.2591007702719203,0.21047671000494556
159468224,6435,H,H,0.5225802184756663,0.2574986164611528,0.219921165063181
159468225,6435,H,A,0.2556017253555055,0.29182624165845017,0.4525720329860442
159468234,6527,A,A,0.31756425653889303,0.27842599240873617,0.4040097510523708
159468238,6527,H,H,0.4081903497695625,0.2900618609346274,0.3017477892958102
159468407,6435,A,A,0.3020037314075559,0.30190333201632197,0.3960929365761221
159468437,6435,D,H,0.41904657587725486,0.2961496504147782,0.2848037737079669
159468531,6435,H,H,0.6404422126666385,0.18682329942729303,0.1727344879060685
160980090,6597,H,A,0.36065971767597277,0.2003579275332998,0.4389823547907274
161252166,6484,A,A,0.35268901772766736,0.23401790627017874,0.413293076002154
161252167,6484,H,H,0.5669900313182116,0.2744270718994169,0.1585828967823716
161252168,6484,H,H,0.7338566106030157,0.14424344485109528,0.1218999445458892
161252169,6484,A,H,0.6856877657127551,0.1629843319698095,0.15132790231743545
161252170,6484,D,H,0.44990928105774747,0.23889826223123709,0.3111924567110155
161252171,6484,D,H,0.5225527725158882,0.20514429357221622,0.27230293391189564
161252172,6484,D,H,0.5894050033903603,0.2230038173105997,0.18759117929904
161252173,6597,A,H,0.39026258204730074,0.35242861238330175,0.25730880556939745
161252174,6484,A,H,0.3992778117611801,0.2868737870029958,0.3138484012358241
161252175,6597,H,H,0.6107718445187275,0.21947354433374197,0.1697546111475305
161252176,6597,A,A,0.27475740864831133,0.23460130311788663,0.49064128823380204
161252177,6597,A,H,0.33529743636189396,0.3342698161607407,0.33043274747736534
161252217,6597,A,H,0.512972373603109,0.24252361631916333,0.24450401007772768
161252218,6597,D,H,0.6289210452953549,0.20260805310124874,0.16847090160339648
161792352,6484,A,H,0.38969408109461073,0.23239529106570866,0.37791062783968066
161792354,6484,A,A,0.21024129657695828,0.2624528827922578,0.5273058206307839
161792356,6597,A,H,0.5285484765411282,0.24187032597158875,0.22958119748728298
161792357,6527,D,H,0.5571836705164785,0.28642010436711346,0.15639622511640797
161792358,6527,H,A,0.33486784546592263,0.2653363102425606,0.3997958442915168
161792359,6527,A,H,0.4957897616683889,0.27962661445691095,0.22458362387470004
161792366,6597,H,D,0.3632120049659349,0.3663535797062612,0.27043441532780393
161792368,6527,H,H,0.5602378321338104,0.26531667515408974,0.17444549271209978
162252209,6435,H,H,0.6756465248730675,0.20462947026780098,0.11972400485913137
162252210,6435,A,H,0.3563568756406596,0.32399653205980583,0.3196465922995345
162252211,6435,A,A,0.31109865716445356,0.21374386837875614,0.4751574744567902
162252216,6435,A,A,0.2699590848727086,0.24433961232785156,0.48570130279943996
162252217,6435,H,H,0.442540501919954,0.27197806245152195,0.28548143562852407
162252218,6435,H,H,0.4319064246901203,0.26620511908487643,0.3018884562250033
162252219,6435,A,A,0.36964204469694223,0.25056376699903654,0.3797941883040212
162252220,6435,H,H,0.42490808367880595,0.29819508630180275,0.27689683001939125
162252258,6435,H,H,0.6277794086434669,0.2755306078661868,0.09668998349034635
162252259,6435,H,H,0.45154056097730794,0.25219207468924487,0.2962673643334471
162525188,6526,H,H,0.4209955034814691,0.26720572601577275,0.3117987705027583
162525190,6526,A,H,0.36031671560813155,0.3254803606225105,0.3142029237693579
162525191,6527,D,H,0.49063282661916185,0.25493203480390403,0.2544351385769341
162525206,6526,D,H,0.4964540073243138,0.2678684728794077,0.23567751979627855
162525209,6526,H,H,0.5463077269209066,0.27552921612288955,0.17816305695620396
162525213,6527,A,A,0.20175120869711977,0.2910989781800539,0.5071498131228264
162525214,6526,D,A,0.28340675422574724,0.2607731658419027,0.45582007993234996
162525216,6527,H,H,0.5150682862571141,0.23919115339543254,0.2457405603474534
162525223,6526,D,H,0.41131855833790226,0.2736908306638722,0.3149906109982256
162525238,6527,H,A,0.18463447892388501,0.257250238805726,0.5581152822703891
162525249,6527,H,H,0.7334493626385283,0.1778976991826202,0.08865293817885136
162525261,6526,D,A,0.21655505378923826,0.2227069103582088,0.5607380358525529
162525282,6526,A,H,0.4016292529572315,0.27587435000682514,0.3224963970359433
162525284,6526,D,H,0.5342304351381864,0.3011774194952601,0.1645921453665536
162525285,6526,H,H,0.417576675149675,0.2605389043038138,0.3218844205465112
163194222,6527,H,H,0.6126659023725552,0.2315061630602201,0.15582793456722469
163194227,6597,A,D,0.3173531322023692,0.3475706885382468,0.335076179259384
163194237,6435,A,H,0.35664542253715303,0.29396830790576145,0.3493862695570856
163194238,6435,H,H,0.48080559142485607,0.27588446686901924,0.2433099417061247
163461421,6527,D,H,0.4040610536520385,0.2337375398025345,0.36220140654542715
163461432,6527,D,A,0.1128719025485066,0.1861406234411417,0.7009874740103518
163461451,6527,D,H,0.4993191064215084,0.2348849061084796,0.265795987470012
163461452,6597,H,H,0.5105963133208831,0.259874121670294,0.22952956500882296
163461453,6484,D,H,0.4694982634023659,0.2172486288470731,0.31325310775056103
163461459,6484,H,H,0.46810765862831577,0.21785928724063564,0.3140330541310486
163461460,6484,D,A,0.34557141500012745,0.26879304894280953,0.38563553605706297
163461461,6484,H,H,0.6721467263910302,0.1669818370258575,0.1608714365831123
163461462,6484,D,H,0.49939407731034585,0.27724670525794737,0.2233592174317069
163461463,6484,H,A,0.36661066433064027,0.2333518485585817,0.400037487110778
163461464,6484,H,H,0.6289225048107475,0.2318029383747838,0.1392745568144687
163461465,6597,D,H,0.4445941961201451,0.3228087623717425,0.23259704150811236
163461466,6597,H,H,0.4318362178392459,0.302676853838235,0.265486928322519
163461467,6597,A,A,0.27156873515773766,0.21037179765583766,0.5180594671864248
163461468,6597,A,H,0.573706231430786,0.2376757084227507,0.18861806014646323
163461470,6484,A,A,0.2905996993808765,0.24535687347947924,0.46404342713964436
163976485,6527,H,H,0.6377342564891838,0.19199041975627743,0.17027532375453874
163976493,6526,A,H,0.5221552027896441,0.21172703270252363,0.26611776450783226
163976494,6527,A,A,0.19158858507870236,0.23341591837627523,0.5749954965450224
163976497,6597,D,A,0.3000531191677442,0.24112357687327843,0.4588233039589773
163976499,6597,H,H,0.4132894513820551,0.2581198558147419,0.3285906928032031
163976500,6484,D,H,0.6029387947791737,0.17778425372956033,0.21927695149126603
163976501,6527,H,D,0.29603891690859496,0.355020288452798,0.348940794638607
163976502,6527,D,A,0.265146382713418,0.25918685595530855,0.4756667613312735
163976503,6527,H,A,0.361060719287239,0.27532879308313185,0.36361048762962916
163976505,6597,H,H,0.6273626218618421,0.20899889806593158,0.1636384800722263
163976509,6484,D,H,0.5002102688242642,0.22658645271368685,0.27320327846204895
164451535,6526,H,A,0.346621714840055,0.2732919832727077,0.38008630188723735
164451536,6526,A,H,0.435162685036145,0.2763322707043281,0.28850504425952683
164451537,6526,H,H,0.3724921063818019,0.2702638968679422,0.357243996750256
164451538,6526,D,A,0.35694541055116835,0.2784370769687222,0.36461751248010943
164451539,6526,D,H,0.511188513617607,0.2367519588510812,0.25205952753131183
164451540,6526,H,A,0.28172744994098337,0.3193969633480641,0.39887558671095247
164451541,6526,A,H,0.42063522384630636,0.2617686171162925,0.3175961590374012
164451542,6526,A,A,0.3191655251751111,0.30671785697640375,0.37411661784848504
164451547,6526,A,H,0.5098050701692424,0.2624042973822873,0.22779063244847028
165444903,6435,H,H,0.5259680186370272,0.2729417359677837,0.201090245395189
165530213,6435,D,A,0.26611712991332154,0.2678753708809695,0.46600749920570894
165530214,6435,A,A,0.23743191925275434,0.2576754368341206,0.504892643913125
165530215,6435,H,H,0.3775004167942578,0.2705924774281398,0.3519071057776025
165530234,6435,H,A,0.24157523836819028,0.30164388224758165,0.456780879384228
165744639,6435,D,D,0.26200345651076207,0.3839439673374211,0.35405257615181684
165745866,6435,H,H,0.45712602939294195,0.3261227504781778,0.21675122012888032
165746575,6435,H,H,0.7120635432496311,0.1759480175312285,0.11198843921914046
166356394,6435,D,H,0.44669062484789307,0.29882762146685654,0.25448175368525044
166422933,6484,H,H,0.6015342938374262,0.17878266966589382,0.21968303649668003
166422934,6484,D,H,0.5219784520670411,0.2331185101494657,0.2449030377834933
166422935,6484,H,H,0.6799454285711725,0.1602445948423035,0.159809976586524
166422942,6484,A,A,0.3533805891078596,0.22237027033117343,0.4242491405609671
166422943,6484,A,A,0.11342322384544938,0.21073201351587223,0.6758447626386784
166422948,6484,D,A,0.26074735502070795,0.2447556207215555,0.4944970242577366
166422954,6484,A,H,0.4705175559704914,0.22224721448876789,0.3072352295407408
166422955,6484,H,A,0.2658612735474527,0.2644725712648305,0.4696661551877168
166422956,6484,D,A,0.3191786499344556,0.21095213985285696,0.46986921021268735
166422957,6435,A,H,0.4900281821207701,0.27906893708210173,0.23090288079712812
166997679,6484,H,H,0.5486659461694776,0.2343247790595174,0.21700927477100507
166997680,6526,A,H,0.5043588758899538,0.30013623862277844,0.19550488548726783
166997681,6526,H,H,0.5995714185037337,0.24217459769658145,0.1582539837996849
166997682,6527,H,A,0.18976090490161743,0.2336873365010247,0.5765517585973577
166997684,6526,D,H,0.4345155496870872,0.24887489730042545,0.3166095530124874
166997686,6597,A,H,0.4625535713105779,0.313420312279531,0.22402611640989117
166997687,6527,A,A,0.2759633164244817,0.2759789370003619,0.4480577465751565
166997688,6527,D,H,0.6961321404057776,0.21731903630311053,0.08654882329111183
166997690,6597,A,A,0.22700514838097752,0.27561583901327386,0.4973790126057487
166997692,6526,H,H,0.5746919909423306,0.24680241330113184,0.1785055957565376
166997693,6526,H,A,0.32419260014964674,0.310583230689136,0.36522416916121725
166997694,6526,A,H,0.40979511622344905,0.2896091263434481,0.3005957574331028
166997695,6526,D,A,0.31729170727103745,0.29622635468571623,0.3864819380432464
166997696,6527,A,A,0.31238304999945304,0.28559856454108756,0.40201838545945945
166997698,6597,D,H,0.6248892602169294,0.20193692258035598,0.17317381720271466
166997700,6526,A,A,0.30788870194552626,0.26649842479626773,0.4256128732582059
166997701,6527,D,A,0.28192814213337575,0.21045145023487002,0.5076204076317543
166997702,6597,H,H,0.40644605716977766,0.3016751750613515,0.29187876776887084
166997703,6597,A,H,0.4396165646980092,0.29344168577394947,0.2669417495280414
166997704,6597,D,A,0.23844571336674944,0.27537614500607865,0.4861781416271719
166997705,6597,A,H,0.6166679376705214,0.23416541687341658,0.149166645456062
166997706,6597,H,H,0.6179730512624515,0.21001147316171612,0.17201547557583233
166997707,6526,A,A,0.30670000652438983,0.2822664935587374,0.41103349991687277
166997708,6527,H,H,0.6632440189590976,0.17919604615296936,0.15755993488793307
166997709,6526,H,H,0.6678029530916372,0.22959790205607006,0.10259914485229273
166997710,6597,H,H,0.5951216705284677,0.23213678286214467,0.17274154660938765
166997711,6527,H,A,0.24992779507860927,0.31400856062723304,0.43606364429415767
166997712,6435,A,A,0.3274075153323755,0.29369888470334177,0.37889359996428273
166997713,6435,D,H,0.3601892113728498,0.31947708192270463,0.3203337067044456
166997714,6435,A,H,0.4205497838835248,0.29948520369139037,0.27996501242508476
166997715,6435,H,H,0.8262183290502331,0.12635365260762169,0.047428018342145245
166997716,6435,D,H,0.46037930668798904,0.2773538353874651,0.26226685792454585
166997717,6435,H,H,0.6924570579998292,0.19201053737403556,0.11553240462613523
166997718,6435,D,H,0.3758434275423186,0.33029692438673536,0.2938596480709461
166997719,6435,H,H,0.5632701659491095,0.2828079853894822,0.15392184866140823
167336769,6527,A,H,0.42553395064814326,0.25884662415162746,0.31561942520022934
167336770,6527,H,H,0.7647808735930026,0.16024291820202638,0.074976208204971
168157236,6435,A,A,0.2340461815445405,0.34190872876008327,0.4240450896953763
168240949,6435,D,H,0.44126771605986115,0.23635360684677723,0.3223786770933617
168240950,6435,D,H,0.5816800442818658,0.26254283233888803,0.15577712337924615
168240953,6435,H,A,0.10786406386246256,0.20764128378095736,0.6844946523565802
168240955,6435,H,H,0.4753784640635661,0.2825923959271088,0.24202914000932513
168447351,6435,H,A,0.3419543744758036,0.29159415196853,0.3664514735556664
168448723,6435,D,H,0.5302851037076719,0.26579645869996377,0.20391843759236428
169079955,6435,D,H,0.4723289226773594,0.29683571637461664,0.23083536094802398
169081170,6435,H,H,0.5145906196039243,0.28414370625682106,0.20126567413925472
169150142,6484,D,A,0.24414655783027295,0.24521143842337928,0.5106420037463477
169150145,6484,H,H,0.48583728915578756,0.2601430295311054,0.254019681313107
169150146,6484,H,H,0.6520521720651101,0.1759189163855015,0.1720289115493884
169150147,6484,H,H,0.7765404134190124,0.14212876104305341,0.08133082553793423
169150148,6484,H,H,0.5645678288804955,0.2349295177779592,0.20050265334154532
169150149,6484,H,H,0.38618904827866735,0.26233843807059815,0.3514725136507345
169150151,6484,H,A,0.31285273418780724,0.22916498279147574,0.45798228302071703
169150152,6484,D,H,0.6563450323462763,0.17737850087868556,0.16627646677503824
169150153,6484,D,H,0.550621899391241,0.2400355627059585,0.20934253790280052
169150156,6484,A,A,0.24489315343691886,0.1890311261775747,0.5660757203855065
169703210,6435,H,H,0.5478233264174102,0.29963942123302945,0.15253725234956042
169762468,6526,H,A,0.3281223638877651,0.24681963820292027,0.42505799790931464
169762469,6527,D,A,0.26239423820832447,0.1804262184790375,0.557179543312638
169762470,6597,D,H,0.6159821000745103,0.2294686313310166,0.15454926859447307
169762471,6526,D,A,0.2848202527316096,0.2870834728871294,0.42809627438126086
169762472,6597,D,A,0.2789257219057017,0.2331614222851226,0.48791285580917565
169762473,6527,H,H,0.6093736319238273,0.24952063824572554,0.14110572983044709
169762474,6527,D,H,0.40654942217670376,0.26970869557403737,0.32374188224925887
169762475,6527,H,H,0.443910472111665,0.3025090420018115,0.25358048588652354
169762476,6597,A,H,0.43111658909250017,0.25815181862357023,0.3107315922839296
169762477,6526,H,H,0.4565854558074401,0.28711703849830666,0.25629750569425314
169762478,6526,D,H,0.42728846690251066,0.2832689991820104,0.2894425339154789
169762479,6527,H,A,0.3398392168081072,0.2740577612101405,0.38610302198175234
169762482,6526,D,H,0.7377853979453404,0.1699056790832953,0.09230892297136423
169762484,6527,A,A,0.27129021494379596,0.23906660916280845,0.4896431758933956
169762486,6526,H,H,0.527187000440023,0.2542970384702812,0.21851596108969576
169762487,6527,H,H,0.5789557842796487,0.2296417307950694,0.19140248492528195
169762488,6597,A,H,0.40037253995885297,0.2739093129183237,0.3257181471228233
169762489,6526,H,H,0.5300457233640188,0.2822568825284135,0.18769739410756764
169762491,6527,H,A,0.2018810680375487,0.34942036923948216,0.44869856272296915
169762492,6597,A,A,0.30004599818618555,0.29274656261558113,0.4072074391982333
169762493,6597,H,H,0.4337720001922549,0.2540879470614242,0.3121400527463209
169762494,6597,A,H,0.4379659569507661,0.3085068208264965,0.2535272222227375
169762495,6597,D,H,0.762576238000991,0.1716749536821311,0.06574880831687789
169762496,6526,H,H,0.5399191725776011,0.30694224085071015,0.1531385865716887
169762497,6526,H,H,0.517832912615579,0.29031742319363874,0.1918496641907823
169762498,6527,D,H,0.7209140533608197,0.18515896056854803,0.09392698607063235
169762499,6597,H,D,0.31203919423861964,0.36064757398951053,0.3273132317718698
169762500,6526,H,H,0.558476743986976,0.25041262023147115,0.19111063578155285
171009035,6435,D,H,0.5160190823540113,0.28994609153068424,0.19403482611530443
171082432,6435,D,A,0.3165340784353615,0.2573411521374986,0.42612476942713984
171082433,6435,H,H,0.39949733327578707,0.33087688902816254,0.26962577769605034
171082434,6435,A,A,0.13426405672975453,0.20765183322091127,0.6580841100493341
171082435,6435,H,H,0.4010943168345874,0.2813649971346519,0.3175406860307608
171082436,6435,H,H,0.6194019475334523,0.2204666675228453,0.16013138494370238
171082437,6435,A,A,0.2191497587453239,0.32171425945706206,0.45913598179761395
171082438,6435,A,A,0.298541575075554,0.29432899547244856,0.4071294294519975
171082439,6435,D,H,0.3924386967631859,0.2912716202709479,0.3162896829658662
171082440,6435,H,H,0.3469801355639837,0.33975464347164763,0.3132652209643687
173892549,6597,H,H,0.6028049944177556,0.25933807908588896,0.1378569264963555
173892561,6435,A,H,0.5236107916145376,0.3180612154190907,0.1583279929663716
173892565,6527,D,H,0.5593354873548074,0.18868590155787981,0.25197861108731284
174190733,6527,H,H,0.6766308014318992,0.17280829675037568,0.1505609018177251
174190734,6435,A,A,0.31089788145379466,0.2808189884232761,0.4082831301229293
174190735,6526,H,H,0.5612105122729607,0.21676379752127012,0.22202569020576926
174190736,6527,A,A,0.16983967570211406,0.28883329505762206,0.5413270292402638
174190737,6597,H,H,0.5946607290115464,0.20552283501488733,0.19981643597356627
174190738,6435,A,H,0.5250494391776119,0.27254174261461883,0.20240881820776924
174190739,6484,H,A,0.20564154256314146,0.2075472266839772,0.5868112307528813
174190742,6526,H,H,0.5537284068533597,0.25352937222746913,0.1927422209191712
174190764,6527,D,A,0.348453760191265,0.2709481301001386,0.3805981097085964
174190765,6435,A,H,0.44266906611077605,0.31025859202197176,0.24707234186725213
174190766,6484,A,A,0.2863242463641174,0.2839739254054606,0.42970182823042197
174190767,6484,A,H,0.4560040975102446,0.20862386030539637,0.3353720421843589
174190768,6484,H,A,0.3602207571124878,0.22969321164849973,0.4100860312390124
174190769,6484,A,H,0.4362771375135045,0.22840809692482794,0.3353147655616675
174190770,6597,H,A,0.3308159957423555,0.29419193198902305,0.3749920722686214
174190771,6597,A,H,0.3946817079835357,0.2624872355795949,0.34283105643686945
174190772,6597,H,H,0.5440641091878406,0.2602875787021877,0.19564831210997163
174190773,6597,H,H,0.5373528782545776,0.24123139744291344,0.221415724302509
174190774,6526,D,A,0.2792477091242242,0.3194078490600413,0.4013444418157344
174190775,6526,D,H,0.3800890103285801,0.30009190269585584,0.319819086975564
174190776,6435,H,H,0.5402351421653359,0.2674269665698468,0.19233789126481735
174190777,6484,H,H,0.6035797135457838,0.1827293005206038,0.2136909859336124
174190782,6484,A,H,0.3787043842540045,0.3037848152144993,0.3175108005314961
174190783,6597,H,H,0.6059632760928773,0.24878616593159752,0.14525055797552527
174815179,6435,H,H,0.7681330388091776,0.16829257066436942,0.06357439052645307
174815180,6527,A,A,0.10910151416484105,0.23474545056807483,0.6561530352670841
174815182,6435,D,H,0.5047395419230184,0.31190324373763856,0.18335721433934302
174815183,6526,H,A,0.2705408587845227,0.29407114439947757,0.4353879968159998
174815184,6597,A,H,0.5271410470131033,0.27231583007899346,0.20054312290790322
174815186,6527,D,A,0.24646807560890394,0.2476903418394456,0.5058415825516505
174815187,6527,D,H,0.4660385974251617,0.2808350356891345,0.2531263668857038
174815188,6435,H,H,0.667485341699692,0.20704347909366663,0.1254711792066414
174815189,6597,A,A,0.263807787164495,0.35490183491571914,0.38129037791978587
174815190,6526,A,A,0.234840390066711,0.2607966752131572,0.5043629347201318
174815191,6526,A,A,0.20936198601161643,0.28488547973446504,0.5057525342539185
174815192,6527,A,A,0.24784117352483645,0.30695236125879527,0.44520646521636825
174815193,6484,A,A,0.09557257831686793,0.18224425396207156,0.7221831677210604
174815194,6435,H,H,0.4430723650769315,0.28678892292774866,0.2701387119953199
174815195,6526,A,A,0.3038236669371986,0.25788173677642817,0.43829459628637324
174815239,6527,H,A,0.20397991251307224,0.2880863093378535,0.5079337781490743
174815241,6484,H,H,0.53696610817663,0.17529144525680743,0.28774244656656256
174815242,6526,A,A,0.3129725903053627,0.24930053281871112,0.4377268768759262
175378050,6435,A,H,0.43845141284484135,0.3210981506579891,0.24045043649716968
175378051,6484,H,H,0.5469696143274831,0.21558643647053247,0.23744394920198442
175378052,6526,A,H,0.5275387330472415,0.2729299910508639,0.1995312759018945
176188618,6484,A,H,0.38112469975414054,0.25691285781773754,0.36196244242812203
176188619,6597,D,H,0.5363205089718769,0.2579942544804916,0.20568523654763143
176188625,6435,A,H,0.39722197947370014,0.32741497348274406,0.2753630470435558
176188626,6526,H,H,0.4687861721556111,0.2894534900449787,0.24176033779941028
176188627,6526,H,H,0.47999067444121846,0.28731504733111807,0.23269427822766334
176455462,6597,D,A,0.30613963673987055,0.28618037938197505,0.40767998387815435
176455467,6484,H,H,0.6001408399927043,0.23132767844434088,0.16853148156295478
176455468,6597,H,A,0.2355444715211338,0.3073100094214961,0.45714551905737
176455469,6597,H,H,0.5909164164620223,0.22515071237487097,0.18393287116310672
176455470,6597,H,H,0.6869795598730246,0.21077545024479916,0.10224498988217624
176455472,6435,A,A,0.23770567478960225,0.28891817818231746,0.4733761470280803
176455474,6526,H,H,0.5430443714473546,0.24544654443297126,0.2115090841196741
176455475,6484,H,H,0.796739579453328,0.13894140827822282,0.0643190122684493
176455476,6484,D,H,0.5460616439888464,0.23329096680229414,0.22064738920885946
176455482,6435,A,A,0.3007587680232881,0.2031026498266589,0.496138582150053
176455484,6435,H,H,0.3751734565790658,0.3173961191964875,0.30743042422444666
176455485,6484,D,A,0.32584013450303445,0.24796465626283917,0.42619520923412635
176455486,6526,H,H,0.4277504335421949,0.2758968190149419,0.29635274744286316
176455492,6435,H,H,0.5318004532052222,0.25336596605705136,0.2148335807377265
176455494,6484,D,H,0.6654346282358321,0.21083539722030323,0.12372997454386477
176455495,6597,D,A,0.3070612768270935,0.2698762285310725,0.4230624946418341
176455497,6526,H,H,0.7711611946830338,0.17127997196233627,0.05755883335462991
176981611,6435,A,H,0.4339789416347461,0.2825982060660146,0.2834228522992394
176981612,6526,H,H,0.5557983245689231,0.24726377910225347,0.19693789632882347
176981613,6597,D,H,0.5209456626212157,0.25206040604053825,0.22699393133824602
176981614,6435,H,A,0.3337867221480687,0.2532409838447677,0.4129722940071636
176981615,6526,D,H,0.44708621690644373,0.2500568228699685,0.30285696022358777
176981616,6597,D,H,0.4930917477407555,0.2400300220156462,0.2668782302435983
176981617,6484,D,A,0.3662021451838523,0.2027984927360978,0.43099936208004985
176981620,6435,D,H,0.5414124608794552,0.28305706617985654,0.17553047294068824
176981621,6597,A,A,0.06954686652810578,0.1635324123678043,0.7669207211040898
176981622,6526,D,H,0.5089760293819853,0.29659340554623204,0.1944305650717827
176981623,6526,H,H,0.6032909289657777,0.25522168191182687,0.14148738912239547
176981624,6484,H,H,0.3860595715455584,0.2706726059837997,0.3432678224706419
176981625,6484,H,A,0.23550244181868693,0.1973885823847334,0.5671089757965796
176981626,6484,H,H,0.6034528852146769,0.1908516707517435,0.2056954440335797
176981630,6526,D,H,0.35232116886339887,0.2988230123944052,0.34885581874219596
176981641,6435,H,A,0.33007403428633914,0.2773958801099569,0.3925300856037039
177491191,6435,D,H,0.361008730821953,0.2953915244090426,0.3435997447690044
178194477,6527,A,A,0.3489615980537966,0.1807751830471842,0.4702632188990192
178194479,6527,H,H,0.430968711514172,0.2513702266308176,0.31766106185501036
178194480,6527,A,A,0.1891542160210595,0.35305924960903007,0.4577865343699104
178194481,6527,H,A,0.3734787272499854,0.2267481530784517,0.3997731196715628
178194484,6527,A,H,0.4120285036976774,0.22691752127793724,0.3610539750243853
178194486,6527,A,H,0.4872630968313398,0.26804330193434905,0.24469360123431108
178194487,6527,H,H,0.4597736673257952,0.31027985952432546,0.22994647314987937
178194490,6527,H,H,0.596394451737794,0.2373809301412254,0.16622461812098052
178650201,6527,D,H,0.5155550012797125,0.25732588477680035,0.2271191139434871
179595223,6484,D,A,0.25465088307310985,0.20954108062837123,0.5358080362985189
179595224,6484,H,H,0.5069196722314269,0.1926342157065366,0.3004461120620365
179595225,6484,D,A,0.2948000294365143,0.3141046547485055,0.39109531581498025
179595226,6484,H,A,0.3253486219705697,0.3063600423011422,0.36829133572828804
179595227,6484,H,H,0.5679675328516092,0.20673294539171022,0.2252995217566806
179595228,6484,H,H,0.5989932160481029,0.17715377875475316,0.2238530051971441
179595229,6484,D,A,0.3034103706376987,0.2855209968731562,0.41106863248914505
179595230,6484,H,A,0.25739158241179744,0.1941309608310235,0.5484774567571791
179595231,6484,H,A,0.31875640961214957,0.19061230410503557,0.4906312862828148
180209799,6484,H,H,0.445296391532698,0.22170612504050344,0.3329974834267986
180209800,6435,D,H,0.5075126690526875,0.26628955644402436,0.22619777450328807
180209801,6527,A,A,0.2144894480483029,0.2128670099308142,0.572643542020883
180209802,6435,A,H,0.40351669281376273,0.3396770542171186,0.2568062529691187
180209803,6597,H,H,0.42685495647883276,0.2841725498237277,0.28897249369743955
180209804,6527,H,H,0.4522320337974808,0.3441148508161153,0.20365311538640402
180209805,6527,H,A,0.31201765451366315,0.2735266559720273,0.4144556895143096
180209806,6435,H,H,0.86356983278233,0.10577815161556056,0.030652015602109412
180209807,6597,D,H,0.4840045367004874,0.2781542589339488,0.23784120436556377
180209808,6527,H,A,0.30778854816553136,0.255613367615542,0.4365980842189267
180209809,6435,H,H,0.6533638362483548,0.22645838003745516,0.12017778371418995
180209810,6527,H,A,0.14410202793806728,0.2792142959441129,0.5766836761178199
180209811,6435,A,A,0.1722365305865009,0.21162267285719505,0.6161407965563042
180209812,6527,A,A,0.2669351153723609,0.2585631885839623,0.4745016960436768
180209813,6597,H,A,0.3177738631386623,0.2820657792747246,0.40016035758661306
180209814,6435,D,H,0.4710065500266409,0.26918497764815774,0.2598084723252014
180209815,6527,H,H,0.7384853622517268,0.15379846970925534,0.10771616803901785
180209816,6435,H,H,0.4520974084651474,0.29295136305580605,0.25495122847904667
180209817,6597,H,A,0.22855250495148074,0.2980897617970128,0.4733577332515065
180209818,6597,D,H,0.5094752667788504,0.2905618190852813,0.19996291413586836
180209819,6597,A,H,0.5718778942162742,0.26585735385568343,0.1622647519280424
180209820,6597,H,H,0.7444404686442029,0.18224932150234538,0.07331020985345177
180209821,6597,H,H,0.7826847283557782,0.13876573451403026,0.0785495371301914
180209822,6435,H,H,0.591205698061123,0.27318201635634654,0.13561228558253047
180209823,6527,D,H,0.4495516625721545,0.25787289278170233,0.2925754446461431
180209824,6435,H,H,0.34379588120531457,0.3165003291857717,0.3397037896089138
180209825,6597,D,H,0.543797613505139,0.24182745196953515,0.21437493452532588
180209826,6527,A,H,0.6657083922736498,0.20451137577325196,0.12978023195309832
180209827,6526,H,A,0.3417116900133104,0.28545432959114103,0.3728339803955486
180209828,6526,A,A,0.25217428159965904,0.30060750446915213,0.44721821393118893
180209829,6526,A,A,0.11052724553277268,0.26335000979682793,0.6261227446703993
180209830,6526,D,H,0.627430637496325,0.20529221266322392,0.16727714984045108
180209831,6526,H,H,0.6224788150525828,0.2258229316106386,0.15169825333677842
180209832,6526,H,A,0.22343989889717644,0.2834110474593656,0.49314905364345796
180209833,6526,A,A,0.3190620449850242,0.22837230208598625,0.4525656529289895
180209834,6526,A,H,0.4104448875283164,0.2705225275407004,0.31903258493098324
180209835,6526,H,A,0.24905241306803724,0.3165199432289772,0.4344276437029856
180209836,6526,A,H,0.3424182244465119,0.3201808339901895,0.33740094156329864
180209839,6435,H,H,0.4668261950212612,0.3084392576489138,0.22473454732982498
181508812,6526,A,H,0.41362292534420536,0.25343941754766414,0.33293765710813045
181723791,6526,H,H,0.603698295805054,0.26805636227884355,0.12824534191610243
181724598,6526,A,A,0.29786978234102773,0.24748673273128138,0.4546434849276909
181724798,6526,A,A,0.3077622944098586,0.28330670730634605,0.4089309982837954
182340187,6526,A,A,0.24790880089758235,0.2751222291745862,0.4769689699278315
182340515,6526,H,A,0.316600062676347,0.33328226186726195,0.350117675456391
182340598,6526,H,H,0.6685721103998109,0.22660282313093988,0.10482506646924915
182404256,6484,D,H,0.4897862714649797,0.20434571545672628,0.305868013078294
182404257,6484,A,H,0.752333615833511,0.15383912415248363,0.09382726001400525
182404258,6484,A,H,0.5598312182656815,0.20541442784439737,0.23475435388992116
182404259,6484,H,H,0.4570291086716447,0.2487501673308679,0.29422072399748744
182404260,6484,H,H,0.6007240300627056,0.1794018775243097,0.21987409241298478
182404261,6484,H,A,0.34224295385319514,0.2157674404406251,0.44198960570617984
182404280,6484,H,H,0.4017786791355563,0.3148165594937918,0.28340476137065185
182404281,6484,D,H,0.42809960530951596,0.30620283584946395,0.2656975588410201
182404282,6484,A,A,0.35584630404411044,0.2410573445908232,0.40309635136506644
182404283,6484,H,H,0.39869060376893967,0.27424449615021745,0.3270649000808429
182911612,6526,H,H,0.5035318353128483,0.2673500238496182,0.22911814083753348
182911613,6526,A,H,0.5924068735190824,0.25441377690417283,0.15317934957674473
182911657,6526,H,H,0.6665575299257122,0.2305510239494265,0.10289144612486129
182967017,6435,H,A,0.10623075558984768,0.15812189211898547,0.7356473522911668
182967018,6527,H,H,0.5665351174146489,0.2766620333347825,0.1568028492505686
182967020,6597,A,H,0.5301101746477213,0.23222083700515148,0.2376689883471273
182967022,6435,D,A,0.18015712109237322,0.26660466488099493,0.5532382140266319
182967023,6435,H,H,0.4159026960730345,0.30754258971483905,0.2765547142121264
182967024,6597,A,A,0.3614267487843132,0.24311194099023145,0.3954613102254554
182967025,6527,A,H,0.3666581065017973,0.3020983968773615,0.33124349662084124
182967026,6527,A,A,0.21262122769397065,0.2906886982650203,0.49669007404100907
182967027,6527,H,A,0.15917144603994837,0.3200367322105261,0.5207918217495255
182967029,6435,A,A,0.33047998737363304,0.2532025793685436,0.4163174332578234
182967031,6597,D,H,0.4029404852786108,0.3264682678542332,0.27059124686715597
182967032,6527,D,H,0.49937334568463715,0.24109812580122392,0.259528528514139
182967035,6435,D,H,0.5249768589213095,0.26719641619643236,0.20782672488225817
182967037,6527,A,A,0.10359511212919441,0.16958343476270996,0.7268214531080956
182967039,6435,A,H,0.4108454582297131,0.290096308288738,0.299058233481549
182967042,6527,H,H,0.4789620213938099,0.22915641705921103,0.29188156154697914
182967044,6597,D,H,0.6119486898623853,0.22088024591343933,0.16717106422417538
182967045,6435,D,H,0.36255398039986914,0.3510539957696631,0.2863920238304678
182967048,6527,A,A,0.3312097175804252,0.26185916711687496,0.4069311153026999
182967050,6435,H,H,0.5346554356488367,0.27062421452565,0.19472034982551342
182967052,6597,A,A,0.08557013327981358,0.1328935567137869,0.7815363100063994
182967053,6597,D,A,0.1074388093907696,0.2650295244287734,0.627531666180457
182967054,6597,H,H,0.4171638389752306,0.2679097526787031,0.31492640834606617
182967055,6597,H,H,0.5428179644523586,0.2977107647559782,0.15947127079166323
182967056,6435,H,H,0.56532642793926,0.26058202953393556,0.17409154252680434
182967058,6435,A,H,0.5722466844187453,0.27400633024977616,0.1537469853314785
182967059,6527,A,H,0.5924140362537235,0.2321966346577691,0.17538932908850752
182967060,6597,D,H,0.4599965118425025,0.24741501018466963,0.2925884779728279
183869746,6526,D,A,0.3195167734067716,0.331315541798667,0.34916768479456134
184105715,6526,D,A,0.23573258793606924,0.3083517921792101,0.4559156198847207
184206513,6526,D,H,0.46055469849806546,0.25846121510515824,0.2809840863967762
184406791,6526,A,A,0.3248660287514073,0.29720994713123994,0.3779240241173528
184407656,6526,D,A,0.21108016768974866,0.2879209167383832,0.5009989155718682
184407902,6526,H,H,0.5626068400972422,0.23535378754452213,0.20203937235823566
185014209,6526,H,H,0.6264892126217749,0.22225986321686403,0.15125092416136104
185015100,6526,H,H,0.7170695702780686,0.18349404012006357,0.09943638960186796
185015104,6526,A,H,0.3795681748620073,0.30361147661463694,0.3168203485233557
185015404,6526,A,A,0.22049941967829234,0.2676176049692426,0.5118829753524651
186813811,6527,H,H,0.7168731684982895,0.1828793570270252,0.10024747447468535
186813812,6435,H,H,0.5473152105990029,0.2812364104025799,0.17144837899841722
186813813,6597,H,H,0.8601455186080781,0.10670419636538794,0.033150285026534033
186813814,6527,H,H,0.6053440015400863,0.22712148279253544,0.16753451566737834
187076929,6435,D,A,0.12307116269292995,0.2040682632604492,0.6728605740466209
187076930,6526,A,A,0.1921971584901486,0.26566750095071434,0.542135340559137
187076931,6597,H,H,0.6370644088351791,0.21515876015115684,0.147776831013664
187076932,6435,H,H,0.5384237098288523,0.28258161505716056,0.17899467511398703
187076962,6484,A,H,0.4537798295406689,0.20720095986518147,0.33901921059414947
187076963,6526,D,H,0.3875196988521713,0.25438186147609915,0.3580984396717296
187076967,6527,A,A,0.3222616307932624,0.22838664122354085,0.4493517279831967
187076969,6484,A,H,0.6180905325883833,0.21588039283526148,0.16602907457635527
187076970,6484,D,A,0.34887916069419506,0.24001641681530184,0.4111044224905031
187076971,6484,D,H,0.5648289215466586,0.24596720967084285,0.1892038687824985
187076972,6484,H,H,0.47331779696986753,0.22706572517729495,0.29961647785283757
187076973,6597,H,H,0.4938443282016722,0.27681093769150755,0.22934473410682027
187076974,6597,H,A,0.26656589658070734,0.27123922455172045,0.46219487886757216
187076975,6597,H,H,0.45067636442828063,0.27748073555593117,0.2718429000157882
187076976,6597,H,H,0.7393772008014233,0.19444895580298885,0.06617384339558771
187076977,6597,H,H,0.5998927218338385,0.2232333931667692,0.1768738849993924
187076978,6526,A,A,0.16674976383861848,0.2693455837268114,0.5639046524345702
187076979,6435,H,A,0.28007611220437023,0.2980676320365852,0.4218562557590445
187076980,6484,A,A,0.2471147205290658,0.22466123467444757,0.5282240447964867
187076984,6435,H,H,0.6874684358647031,0.1983634049805966,0.11416815915470035
187076985,6527,D,H,0.421035969044701,0.2640987974301211,0.314865233525178
187076986,6527,H,H,0.42253625944341444,0.33036892588097116,0.24709481467561445
187076987,6484,A,H,0.4093839061013849,0.23574112684858906,0.3548749670500261
187076988,6435,A,H,0.3525018793987247,0.31443948641275926,0.33305863418851606
187649727,6435,H,H,0.5376947203570571,0.2668952126811394,0.19541006696180338
187649728,6526,H,H,0.5587984561332573,0.25008382802719037,0.19111771583955228
187649729,6527,H,H,0.6079494739636191,0.20439740988636385,0.1876531161500171
187649732,6435,A,A,0.22551285888710737,0.24295982126851126,0.5315273198443814
187649733,6526,H,H,0.6135809091955524,0.21792266903601243,0.16849642176843524
187649734,6597,H,H,0.5504235326325077,0.2627530335379532,0.18682343382953914
187649735,6484,D,A,0.31576870735216644,0.2891336218384143,0.3950976708094193
187649737,6527,H,H,0.4913062064773447,0.28715477411608503,0.22153901940657028
187649738,6527,A,H,0.5547941218726617,0.2699979404773591,0.17520793764997905
187649739,6435,H,H,0.383963234140225,0.3129234325367549,0.30311333332302
187649743,6597,A,A,0.2741568801721416,0.3250842833456656,0.40075883648219274
187649744,6526,D,H,0.4500653635658402,0.3002437257056365,0.24969091072852317
187649745,6526,A,A,0.1398656408902498,0.26043056436770645,0.5997037947420437
187649746,6527,H,H,0.6116116319161217,0.2187128248797904,0.16967554320408793
187649747,6484,A,A,0.11536431126754772,0.1822299104781341,0.702405778254318
187649750,6435,D,H,0.3528477971832592,0.2970346460992748,0.35011755671746586
187649752,6526,D,H,0.33557889827048903,0.33168977021174256,0.33273133151776835
188203048,6484,A,H,0.562257944668624,0.2264055177707524,0.2113365375606236
188203049,6526,A,H,0.44647859296474846,0.3337363669225186,0.21978504011273292
188203050,6526,D,H,0.4072098770196443,0.27863787118405625,0.31415225179629946
189091581,6484,D,H,0.6712612472922771,0.21955640285273167,0.10918234985499119
189091582,6526,H,H,0.49678307167436603,0.27625108063724413,0.2269658476883898
189091583,6597,H,H,0.5424198976742417,0.2856742085294195,0.17190589379633875
189091587,6435,H,H,0.5423340249041314,0.2673437719509844,0.19032220314488413
189091588,6527,A,H,0.5284671138598277,0.23286469750802094,0.23866818863215128
189312708,6527,D,H,0.7899823552824373,0.13922885745296312,0.07078878726459956
189312709,6435,A,A,0.16593716380130966,0.2780987378793665,0.5559640983193239
189312710,6526,H,H,0.5212548627326788,0.2967911770434168,0.18195396022390437
189312716,6435,H,A,0.29925220656400664,0.32779400851289753,0.3729537849230958
189312717,6484,A,A,0.2933030257366021,0.22419703412496036,0.4824999401384375
189312722,6435,D,H,0.4024720568805625,0.3295956123674428,0.2679323307519947
189312724,6484,A,A,0.35551370687778877,0.26258553775558535,0.38190075536662604
189312725,6484,D,A,0.35246847255321384,0.2572575070359873,0.39027402041079884
189312726,6484,H,H,0.5746843421972023,0.2287771319129587,0.196538525889839
189312727,6597,A,A,0.3397707656522002,0.23541784080574849,0.42481139354205144
189312728,6597,H,H,0.6034401881427749,0.26567392174010446,0.13088589011712065
189312729,6597,H,A,0.34890752829596045,0.29920531979547244,0.3518871519085671
189312730,6597,D,H,0.35935845786823584,0.2883410073610963,0.35230053477066786
189312731,6597,A,H,0.5659495842350933,0.2245814701186052,0.20946894564630142
189312732,6526,D,H,0.3772779865538678,0.3088347685039794,0.31388724494215287
189312733,6435,A,H,0.7947738365678114,0.15311844411834394,0.05210771931384461
189312742,6484,H,H,0.5793508885167225,0.2420985354193886,0.17855057606388905
189312744,6597,D,A,0.16765800269992798,0.2086100199712493,0.6237319773288228
189312746,6527,H,H,0.3910371195100176,0.2560809860562607,0.35288189443372175
189312747,6527,H,H,0.4319619178205743,0.32612544207350774,0.2419126401059179
189312753,6526,H,H,0.5717362717914566,0.24440832475482074,0.18385540345372275
189758516,6435,H,H,0.4503805003992682,0.2757230282687671,0.2738964713319647
189758517,6526,D,A,0.14961348156491677,0.2285847837228589,0.6218017347122242
189758518,6527,H,H,0.4066587600820567,0.22476647999389388,0.36857475992404937
189758521,6435,A,A,0.35404545293414624,0.28328927785418556,0.36266526921166825
189758523,6597,A,A,0.2071027057342747,0.24114125687733892,0.5517560373883864
189758525,6527,A,A,0.30770531625935643,0.34228753230643977,0.3500071514342037
189758527,6484,H,H,0.6095926893539438,0.1765742585499286,0.2138330520961276
189758531,6435,H,H,0.6952849248611963,0.2007020909260045,0.10401298421279927
189758532,6597,H,H,0.6030893693611433,0.24355571167830553,0.1533549189605511
189758533,6526,A,A,0.27438037406138543,0.2668578357894103,0.4587617901492043
189758534,6526,H,A,0.19393684735264302,0.286450220538003,0.519612932109354
189758535,6527,D,A,0.13454227344799727,0.25248684230513363,0.6129708842468691
189758539,6484,D,H,0.6409592682181249,0.17628060338700838,0.18276012839486677
189758540,6484,H,H,0.5015175991415717,0.259446298230237,0.23903610262819133
189758541,6484,H,H,0.566964637693134,0.19553587648727191,0.23749948581959415
189758542,6526,A,H,0.5109578631673564,0.2956816375654591,0.1933604992671845
189758545,6435,D,H,0.4698693422530773,0.2928190128789867,0.237311644867936
189758574,6527,H,A,0.33798916618518476,0.2969201255257566,0.36509070828905865
189758577,6527,H,A,0.37038936238417025,0.22816380232949215,0.4014468352863375
190444544,6435,D,H,0.4114095424086577,0.30100328979738356,0.2875871677939588
190444545,6526,A,A,0.1553555710055372,0.24797814770069262,0.5966662812937702
193166609,6484,H,A,0.2578042413426748,0.20314026817841546,0.5390554904789098
193166610,6484,H,H,0.40154819155941984,0.23000456359996957,0.3684472448406106
193166611,6484,H,H,0.3772563985906555,0.2532525185209464,0.36949108288839816
193166612,6484,H,H,0.5341716309022392,0.21531854161372807,0.25050982748403283
193166616,6484,A,A,0.15844254834220683,0.21052792682637206,0.6310295248314213
193166617,6484,D,A,0.22456015333338045,0.19405756173560093,0.5813822849310187
193166618,6484,H,H,0.442288599943868,0.253760441396292,0.30395095865984006
193166619,6484,H,H,0.40366653981001327,0.2755685455628801,0.32076491462710666
193166620,6484,H,H,0.4024453033856582,0.2821977410480393,0.3153569555663025
193166621,6484,A,H,0.41084146245913417,0.27759084165338277,0.3115676958874832
193935346,6526,A,H,0.43896039810602405,0.2642132916326215,0.2968263102613543
193935347,6435,H,H,0.6768822479850289,0.21369587959588682,0.1094218724190843
193935348,6526,A,H,0.3796270719269711,0.2620549280114183,0.3583180000616107
193935349,6527,A,A,0.13470110163389284,0.2247713899126338,0.6405275084534734
193935351,6435,D,H,0.5283477787573119,0.2866397899865861,0.18501243125610203
193935353,6526,D,H,0.3889338196268907,0.3038410583569791,0.3072251220161302
193935354,6597,D,H,0.37561570578944153,0.2783515730518968,0.34603272115866174
193935356,6527,H,A,0.3467030768731843,0.2986714908469077,0.3546254322799079
193935357,6527,D,A,0.31901084451901807,0.28352672049023525,0.39746243499074674
193935359,6435,H,H,0.4878336682697665,0.2603058118890445,0.251860519841189
193935361,6597,H,H,0.4804860133864911,0.27237912780697254,0.24713485880653632
193935362,6526,A,A,0.30583128406375437,0.3399500702992121,0.3542186456370336
193935363,6527,H,H,0.6060423178134237,0.2678970143865374,0.12606066780003897
193935365,6435,A,H,0.34522862982757196,0.3345869711153363,0.3201843990570918
193935366,6526,H,H,0.7212110944822904,0.18380138760035877,0.09498751791735084
193935369,6527,A,A,0.2580867933410405,0.27254430345007236,0.46936890320888713
193935370,6435,A,A,0.2559520487690396,0.24334441253784286,0.5007035386931176
193935371,6526,H,H,0.4867192364851166,0.3285613931019166,0.1847193704129668
193935372,6527,H,H,0.6457402890356468,0.2547842246425066,0.09947548632184663
193935374,6597,D,H,0.39206360883525965,0.2514762257701395,0.35646016539460085
193935375,6435,A,H,0.3644159752331456,0.30088493993859694,0.3346990848282575
193935376,6526,D,H,0.5585712926928124,0.2560512667301005,0.18537744057708716
193935377,6527,H,H,0.522620398940458,0.26096776069378247,0.2164118403657596
193935379,6435,D,A,0.1529128120411368,0.17793391596882033,0.6691532719900428
193935381,6597,A,A,0.21625862017651212,0.27124920705881744,0.5124921727646704
193935382,6597,A,A,0.21872222541800435,0.32777892028015115,0.45349885430184445
193935383,6597,D,H,0.739847423127607,0.18315306567737055,0.07699951119502246
193935384,6597,H,H,0.8993565584576263,0.07626859909195262,0.024374842450421066
193935385,6597,H,H,0.6510938647059944,0.23277603302725816,0.11613010226674743
193935386,6526,D,A,0.34046903062728695,0.2989839584694448,0.36054701090326813
193935388,6435,H,H,0.5780036793353421,0.29102981315973503,0.13096650750492278
193935392,6527,D,A,0.16297987698465324,0.18684538985576996,0.6501747331595769
193935393,6435,H,H,0.37132036160908877,0.30814827802891126,0.320531360362
193935394,6526,H,H,0.5983362980559893,0.20779510524124487,0.19386859670276585
193935395,6597,H,H,0.5494424500070764,0.2408713039756827,0.20968624601724084
193935396,6527,H,H,0.5338818493291153,0.2493543729218719,0.21676377774901281
193935397,6526,H,H,0.6500326262754285,0.21587497225973012,0.13409240146484142
193935399,6435,H,A,0.3426293727572407,0.23803775354237267,0.4193328737003865
193935400,6435,A,A,0.21394419305305823,0.18485160287538732,0.6012042040715544
193935402,6435,H,H,0.5586132258355154,0.24610984065373911,0.1952769335107455
195659456,6484,D,A,0.31812417422352407,0.22506867273033657,0.4568071530461394
195659457,6484,A,H,0.48073609163328557,0.21414219601281392,0.3051217123539006
195659458,6484,A,H,0.42415167252009256,0.1881374199161297,0.38771090756377763
195659459,6484,D,A,0.2916817914943722,0.20495086428044168,0.5033673442251861
195659460,6484,H,H,0.5232080336302308,0.23837197401625415,0.238419992353515
195659461,6484,H,H,0.6304183655208607,0.2379522942852297,0.1316293401939095
195840961,6484,D,A,0.1916297798667531,0.15694447029768632,0.6514257498355605
196645413,6484,A,A,0.2965251655632572,0.2568628592927631,0.4466119751439797
196645415,6484,D,A,0.3193171047508945,0.2449710565435148,0.43571183870559066
196861243,6484,H,H,0.46253991287286,0.29034972539881077,0.2471103617283293
197601582,6526,A,A,0.3550520243617405,0.2474442109267988,0.39750376471146076
197601583,6435,A,H,0.8067383728933112,0.1400845423122383,0.053177084794450595
197601584,6526,D,H,0.5849392855946338,0.2665166715319636,0.14854404287340262
197601585,6527,H,H,0.5802384914591375,0.21727899622237362,0.20248251231848877
197601586,6597,H,A,0.33937858506306917,0.24702574793426882,0.413595667002662
197601587,6435,D,H,0.5366311998099401,0.2651431481259102,0.1982256520641496
197601588,6435,A,H,0.4793836057544798,0.26086201539405535,0.2597543788514649
197601589,6526,H,A,0.30555195353798914,0.2914445535709903,0.40300349289102055
197601590,6597,D,H,0.5867058406261528,0.25200236596076964,0.1612917934130775
197601592,6527,H,H,0.4090743635144176,0.27758207275552405,0.3133435637300583
197601593,6527,A,A,0.26878524089768907,0.2796205567816346,0.4515942023206762
197601594,6527,H,H,0.46634300233292203,0.2918772403791965,0.24177975728788134
197601595,6435,D,A,0.24758982663941206,0.32276289497875454,0.4296472783818334
197601597,6597,A,A,0.23542547707704128,0.31187560138303577,0.4526989215399231
197601598,6526,A,H,0.57159977609991,0.27128065329446743,0.15711957060562254
197601599,6526,H,A,0.25231884597915005,0.2678417861510744,0.4798393678697755
197601600,6527,D,A,0.14020576395264456,0.23110527405424094,0.6286889619931144
197601602,6435,H,H,0.6612627029128736,0.22594807241702683,0.11278922467009951
197601603,6526,H,A,0.2707911685599329,0.31788986370194633,0.4113189677381209
197601605,6527,D,A,0.32115894758727215,0.2318180756803661,0.44702297673236174
197601606,6435,D,A,0.2083389368601197,0.2602788790988439,0.5313821840410363
197601607,6526,D,H,0.7230515930638545,0.1897565360920027,0.08719187084414277
197601609,6527,D,H,0.41596361947394234,0.26109490501171767,0.3229414755143399
197601611,6597,A,H,0.43194333174296357,0.27031528530002646,0.29774138295701
197601612,6435,H,H,0.4086653312583527,0.30370923122574955,0.2876254375158977
197601613,6526,A,A,0.2573444132712852,0.25078799462362006,0.49186759210509456
197601614,6527,D,H,0.4507357034700007,0.2401437656188919,0.30912053091110747
197601615,6435,H,H,0.3789424888829031,0.3259958798741711,0.2950616312429259
197601616,6597,A,H,0.6773858621378375,0.2227966498478206,0.09981748801434202
197601617,6597,H,H,0.6561294443219765,0.24284452141673873,0.10102603426128484
197601618,6597,H,A,0.20360015768586753,0.18529965107245408,0.6111001912416784
197601619,6597,A,A,0.2383716704169251,0.2711912992269656,0.49043703035610925
197601620,6526,A,A,0.13314007679446152,0.22375385853517668,0.6431060646703618
197601621,6435,D,A,0.3202876257746744,0.3165129633412011,0.3631994108841245
197601626,6435,H,D,0.2916582689981586,0.35485239288767095,0.35348933811417044
197601627,6526,A,H,0.45355748332359036,0.2835627044032406,0.2628798122731689
197601628,6527,H,H,0.5806863182903031,0.27817095515393014,0.14114272655576682
197601629,6597,H,A,0.3525061525330053,0.2807803148665267,0.36671353260046796
198896599,6484,D,H,0.5581214952862229,0.22532649718912362,0.21655200752465353
198896601,6484,H,H,0.5870252511747756,0.20184611721083842,0.21112863161438594
198896602,6484,A,H,0.4596300438515223,0.25190346594603336,0.2884664902024444
198896604,6484,A,H,0.5546066501556508,0.23920962192131667,0.20618372792303244
198896611,6484,H,H,0.46966560829587944,0.24610595404317423,0.28422843766094624
198896612,6484,A,H,0.4351634186659854,0.3067578026433239,0.2580787786906907
198896613,6484,H,H,0.4736147800399287,0.23879359707281278,0.2875916228872586
198896614,6484,D,H,0.649288171896813,0.18117009215968832,0.16954173594349864
198896615,6484,D,H,0.6550878301851629,0.20216176525130314,0.14275040456353394
199259549,6484,A,A,0.1361781782560816,0.18396894445973044,0.679852877284188
200191796,6484,A,H,0.43650106011068407,0.1707601797683441,0.3927387601209719
200191797,6484,A,H,0.44007210404695124,0.2335880618019434,0.32633983415110535
200191798,6484,D,A,0.2029128190130043,0.20746914258686133,0.5896180384001344
200191799,6484,A,A,0.2605203055698623,0.2286353650561139,0.5108443293740238
200191800,6484,D,A,0.35111024359759196,0.23553955207214247,0.4133502043302655
200191801,6484,A,A,0.3110549807374397,0.2327277017019056,0.4562173175606548
200191802,6484,A,H,0.5080284485041978,0.2167968849864326,0.27517466650936956
200191803,6484,H,A,0.3777420519518362,0.22271090418204198,0.3995470438661217
200191805,6484,A,H,0.4175581176164905,0.29008469913500234,0.2923571832485072
200191806,6484,D,H,0.6963543549089247,0.1938775262691145,0.10976811882196073
200713990,6526,H,H,0.7920310725079509,0.1482787467534722,0.05969018073857689
200713993,6435,D,H,0.42864537795607877,0.2831702084869756,0.28818441355694563
200713994,6526,A,A,0.2529178770883791,0.22344719528360046,0.5236349276280206
200713997,6435,H,H,0.4999410973921165,0.3013555235988134,0.1987033790090701
200713998,6435,A,H,0.3739108445411789,0.28734738509674757,0.3387417703620735
200713999,6526,H,H,0.7373780715621188,0.17112413191642517,0.09149779652145595
200714000,6597,A,H,0.4872711920538826,0.2542136170195216,0.2585151909265958
200714001,6435,H,H,0.671980104311082,0.21264792844022937,0.11537196724868864
200714002,6597,H,H,0.3979393837040404,0.2951282707110932,0.3069323455848663
200714003,6526,H,H,0.36065629049604564,0.3284975528885078,0.3108461566154465
200714005,6435,D,H,0.44225019918239417,0.28913999652765543,0.26860980428995035
200714006,6526,H,H,0.400204613732619,0.3085664152857288,0.2912289709816522
200714007,6435,A,H,0.5515728722379969,0.22411001885503715,0.22431710890696585
200714008,6526,A,A,0.17901680111774879,0.2567660279576826,0.5642171709245687
200714009,6597,H,H,0.6016213521514711,0.23154066550657873,0.16683798234195013
200714010,6435,A,A,0.3421141922055565,0.3025474323477534,0.3553383754466901
200714012,6526,A,A,0.19605319319953016,0.24829768488967,0.5556491219107998
200714013,6435,H,A,0.3077927361115336,0.3199222679742171,0.3722849959142493
200714014,6597,H,D,0.29189583688588766,0.3553265167686646,0.35277764634544756
200714015,6597,H,H,0.5432353120249385,0.25220826269254076,0.20455642528252074
200714016,6597,A,A,0.3166342217622405,0.28768676537682797,0.39567901286093154
200714017,6597,A,H,0.5928457255188657,0.24540642433890278,0.16174785014223156
200714018,6597,A,H,0.5653719110647801,0.2705956393170136,0.16403244961820632
200714019,6526,A,A,0.31797869316462307,0.2957189038579094,0.38630240297746743
200714020,6435,A,H,0.4929082827377326,0.2710526297318707,0.2360390875303967
200714021,6435,H,H,0.6093542978446232,0.26921158844450627,0.12143411371087058
200714022,6526,A,A,0.1608236660948143,0.29116175404717537,0.5480145798580103
200714023,6597,H,H,0.7387963365843071,0.14918573441424537,0.11201792900144755
200714024,6526,A,H,0.7040718225844583,0.186803813672994,0.10912436374254757
200714025,6527,A,A,0.23166151091326748,0.1879373237947768,0.5804011652919556
203077629,6484,H,H,0.7356946751690924,0.16941621715825755,0.09488910767265003
203077630,6484,D,H,0.4172745129428992,0.2363802610522308,0.34634522600486994
203077631,6484,H,H,0.7842735661431034,0.1386963369596359,0.07703009689726079
203077632,6484,H,A,0.3483060387588977,0.25908056432139104,0.39261339691971114
203077633,6484,A,A,0.2597895626023668,0.27185987448231724,0.468350562915316
203077634,6484,H,A,0.3582881142587338,0.19349398185356523,0.44821790388770094
203077635,6484,H,H,0.5081791479402025,0.22067423605687048,0.271146616002927
203077636,6484,A,H,0.6087945123276911,0.19209136384760622,0.19911412382470275
203077637,6484,D,H,0.6054745800912585,0.2145813196836611,0.1799441002250803
203077638,6484,D,H,0.49770023921833445,0.26506304365942895,0.23723671712223668
203701457,6526,A,H,0.6664944393396551,0.21644776535255997,0.11705779530778494
203701458,6526,H,H,0.4078680251272295,0.34953348047945826,0.24259849439331221
203701459,6526,D,H,0.483790540609345,0.2656595335128421,0.250549925877813
203701460,6526,D,H,0.3987806019903959,0.2385202249357895,0.3626991730738146
203701461,6526,H,H,0.6368550974400659,0.23421632711874668,0.1289285754411874
203701462,6526,D,H,0.40513397967497167,0.3219907484059596,0.27287527191906885
203701464,6526,D,A,0.2501752906786808,0.2611463082458562,0.48867840107546295
203701465,6526,A,A,0.09068162321231378,0.18830622700679575,0.7210121497808906
203701466,6526,H,H,0.37846705911695105,0.33046027270138884,0.29107266818166017
203701468,6526,A,H,0.44162227584209657,0.32206781208765123,0.23630991207025223
205020017,6527,H,H,0.45303603343161436,0.29293676875019525,0.2540271978181904
205044727,6484,A,A,0.3098143129568188,0.24620036782053567,0.44398531922264556
205044728,6484,H,A,0.16319964587392338,0.20237793249096436,0.6344224216351122
205044729,6484,D,H,0.40422058547354695,0.24292538348666332,0.35285403103978974
205044754,6484,A,A,0.1613955122690555,0.1649108281225251,0.6736936596084194
205044755,6484,D,H,0.41843641356268785,0.24429339565183675,0.3372701907854755
205044756,6484,A,A,0.23526596272112094,0.2687581716535479,0.49597586562533114
205344960,6527,H,H,0.6916391012331826,0.21919175732543317,0.08916914144138416
205344961,6527,D,H,0.6354338555071847,0.2083830991650787,0.1561830453277367
205344962,6527,H,A,0.21111174131843083,0.2832055105502969,0.5056827481312722
205684762,6484,H,H,0.618080233157477,0.23815402222299153,0.1437657446195315
205684763,6484,A,A,0.31370577518460047,0.2346831885134328,0.4516110363019668
205684764,6484,D,H,0.6052272861330593,0.22316262308649243,0.17161009078044834
205863376,6527,H,H,0.6872853340863433,0.22013700313028117,0.09257766278337548
205863381,6527,H,A,0.3501190249641908,0.2826945764393948,0.3671863985964145
205863382,6527,H,A,0.2989732022207334,0.2934671577148205,0.40755964006444606
205863383,6527,A,H,0.44948125381022896,0.27555839533760673,0.2749603508521643
205863393,6484,A,A,0.3011016480010091,0.22398713886767205,0.4749112131313188
206315767,6526,H,A,0.3499505735770855,0.23117498399671718,0.41887444242619737
206315768,6526,D,H,0.4129851778376774,0.288938044155859,0.2980767780064636
206315769,6526,D,D,0.28857030249545845,0.359199733214857,0.35222996428968456
206315770,6526,A,H,0.44949228356016724,0.31323132412353843,0.2372763923162943
206315771,6526,D,A,0.287811738342762,0.339420476994753,0.3727677846624849
206315772,6526,A,H,0.507482440165234,0.23032606085621657,0.2621914989785495
206315773,6526,D,A,0.3358227357527832,0.2998521180613722,0.36432514618584466
207381045,6527,D,A,0.3320049737506356,0.25286955467622374,0.41512547157314056
207381046,6597,A,A,0.32814481293955305,0.27020856433130086,0.40164662272914603
207381053,6527,D,A,0.25035105359281995,0.2569566472779308,0.49269229912924933
207381055,6484,A,A,0.312383774630491,0.26036483025188767,0.4272513951176212
207381056,6484,D,H,0.7711772490439054,0.13139271847817355,0.09743003247792122
207381057,6484,D,H,0.5935975026191833,0.23797839242680616,0.16842410495401053
207381058,6484,D,A,0.2466900297022858,0.21075956948915459,0.5425504008085597
207381059,6484,A,A,0.22696491211516645,0.24974037841787208,0.5232947094669614
207381060,6484,H,H,0.5672894948114006,0.2353762600503107,0.19733424513828876
207381061,6484,D,A,0.2825143462363276,0.21518793019050703,0.5022977235731654
207381062,6484,H,H,0.5927261424474485,0.23095116627129075,0.17632269128126069
207381063,6484,H,H,0.5976700883364575,0.23155777078228548,0.17077214088125706
207381064,6484,A,H,0.4035395937977699,0.2443221636726964,0.3521382425295336
207381068,6435,H,H,0.3993807931153394,0.29937094365230477,0.30124826323235576
207626566,6527,A,A,0.20797347249748838,0.22439266819183024,0.5676338593106813
207626568,6435,D,H,0.44622739806995093,0.31171892031371523,0.24205368161633392
207626574,6527,A,A,0.32474247213448715,0.23552274564445158,0.43973478222106127
207626578,6435,D,H,0.4318589172864502,0.2854831016647769,0.28265798104877293
207626579,6527,H,A,0.2454970426901754,0.26854751042922526,0.48595544688059933
207626583,6435,H,A,0.24581824431687607,0.31228107798367694,0.4419006776994471
207626591,6597,H,H,0.6844634257617468,0.2355851023706602,0.0799514718675931
207626592,6597,H,H,0.5428039366919486,0.3057359205709446,0.15146014273710687
207626593,6597,A,A,0.2894335971907355,0.2850805805902782,0.4254858222189862
207626595,6435,A,A,0.2848139706106399,0.29526282628103706,0.41992320310832304
207626604,6597,A,A,0.2028281992007292,0.17648021007622808,0.6206915907230428
207626607,6597,A,A,0.2575671680237115,0.2425524811628326,0.499880350813456
207626613,6597,H,A,0.3195879060310778,0.32695324260839115,0.35345885136053107
207932271,6597,A,A,0.2517356336254212,0.3232447049475068,0.42501966142707215
207932275,6435,H,H,0.6728064197464931,0.20349775275746118,0.12369582749604582
207932282,6597,H,H,0.4211006342651731,0.31571349428437945,0.2631858714504475
207932286,6435,A,H,0.47416191704531613,0.3086302332420607,0.21720784971262322
207932295,6527,H,H,0.8033787953732547,0.14869338675548627,0.047927817871259076
207932296,6527,A,H,0.42890789981522776,0.27109492156609816,0.2999971786186741
207932298,6527,A,A,0.24491433357418776,0.32352377213763855,0.4315618942881737
207932299,6527,A,A,0.15359226245223212,0.26278731468943956,0.5836204228583284
208235743,6526,H,A,0.19809734354417022,0.21739839827947433,0.5845042581763554
208235749,6526,H,H,0.6703754247983182,0.2254843873979884,0.10414018780369336
208235750,6526,D,H,0.4295467597404811,0.2906971569391842,0.27975608332033475
208235751,6526,A,A,0.07272504173239162,0.18964711683113383,0.7376278414364745
208235752,6526,H,H,0.43032526111855157,0.2610792207233878,0.30859551815806063
208235753,6526,D,H,0.5971521009637681,0.2501470892650259,0.15270080977120595
208235754,6526,D,A,0.23113547403137172,0.2235515234486385,0.5453130025199897
208235755,6526,D,A,0.15965398500461386,0.23462167687291116,0.6057243381224751
208235756,6526,A,H,0.4971191393913503,0.30132671757689333,0.20155414303175634
208235757,6526,D,H,0.5354674571563386,0.30615907981293033,0.15837346303073102
208496337,6484,D,A,0.24460832753259482,0.17281449550068065,0.5825771769667245
208496338,6597,H,H,0.44289546864693935,0.2714259807932085,0.28567855055985225
208496339,6597,H,H,0.6434241986248935,0.21285357110909697,0.1437222302660096
208496340,6597,H,H,0.5406856962528986,0.25433617229577915,0.20497813145132224
208496341,6484,D,H,0.5413178612097714,0.2056418038799852,0.2530403349102434
208496342,6484,D,H,0.43995555573439826,0.21708562334445572,0.342958820921146
208496343,6597,H,A,0.18906274453226993,0.26277309469861865,0.5481641607691115
208496344,6484,H,A,0.28297983522192743,0.25582312103197413,0.46119704374609843
208694031,6484,H,H,0.6131739648586942,0.15887924817266774,0.22794678696863793
208694032,6597,A,H,0.47351396989427474,0.3123266385233389,0.21415939158238623
208694033,6597,D,H,0.6317653178669367,0.2316719363710937,0.13656274576196956
208694034,6597,H,H,0.8296613673003886,0.12429842548292896,0.04604020721668244
208694035,6597,H,H,0.4717916992669224,0.23974675884618052,0.2884615418868971
208694036,6484,H,H,0.6643482452437137,0.19937971460592838,0.13627204015035785
208694037,6484,A,A,0.3030222990612566,0.3031369022646915,0.39384079867405186
208694038,6597,H,D,0.3139543281951108,0.3516121661956289,0.3344335056092603
208694039,6484,A,A,0.3607398736467031,0.23541776785463397,0.4038423584986628
208927587,6484,A,A,0.30826086397338254,0.2371619127211797,0.45457722330543776
208927599,6484,H,H,0.6906656897609207,0.2044208628577823,0.10491344738129707
209140288,6435,H,H,0.50241281646717,0.31872417965622735,0.17886300387660262
209140291,6435,H,H,0.4399944520778747,0.24505429864456257,0.31495124927756285
209378442,6435,D,A,0.2108967931116728,0.19747129854346587,0.5916319083448613
209378446,6435,A,A,0.3187674717249814,0.30474072800624175,0.37649180026877693
209378450,6435,D,H,0.407170958267007,0.28899966810627453,0.30382937362671847
209378461,6435,H,A,0.17400163180391465,0.26662335643129165,0.5593750117647938
209766256,6435,A,H,0.5327637075279383,0.25645405104661595,0.21078224142544574
209766258,6484,A,A,0.23189238036188095,0.2368070302920385,0.5313005893460806
209766262,6435,H,H,0.6516869341368631,0.22980580092739225,0.11850726493574466
209766263,6484,H,H,0.7653961413179149,0.16237312715241953,0.07223073152966548
209766264,6484,A,H,0.4198888244431493,0.24469322407396146,0.33541795148288933
209766265,6484,H,A,0.2940613881869577,0.17935245787274467,0.5265861539402976
209766270,6435,A,H,0.5300065036910646,0.2744713202562987,0.19552217605263655
209766278,6484,D,H,0.6758204685353053,0.17749412349153534,0.14668540797315935
209766279,6484,A,H,0.35606486928709746,0.29224239573066685,0.3516927349822358
209766280,6484,A,A,0.25001440186356744,0.2546956052482284,0.49528999288820424
209766281,6484,A,A,0.22182194338093744,0.17269814803559375,0.6054799085834689
209766282,6484,A,H,0.5595721148234081,0.19895479382468723,0.2414730913519047
209766285,6435,H,A,0.31533454575647024,0.3115390767488624,0.3731263774946674
210158686,6435,H,H,0.5278798642503489,0.2653747284556605,0.2067454072939906
210158687,6484,H,H,0.7016423821853038,0.18440102198104083,0.11395659583365533
210158688,6526,H,H,0.7673181143332894,0.14398284177735166,0.0886990438893588
210158689,6527,D,H,0.5938812939142187,0.23145229050072894,0.17466641558505228
210158690,6526,A,A,0.22695244761563016,0.2554906577679817,0.5175568946163881
210158691,6527,H,A,0.353177958493357,0.2660375989447456,0.3807844425618976
210158692,6527,D,H,0.5466263570734168,0.27218720713596994,0.18118643579061333
210158693,6526,D,H,0.42322338098517914,0.3426641346307354,0.2341124843840855
210158694,6526,H,H,0.4091875943524761,0.35153180587121,0.23928059977631386
210158695,6527,D,A,0.291178891270696,0.3011248131551404,0.40769629557416354
210158696,6526,D,H,0.5582183032972874,0.25673237223832635,0.18504932446438627
210158697,6527,D,H,0.48386483677056963,0.2619748794811251,0.25416028374830535
210158698,6526,A,H,0.450487507959453,0.2586578634952204,0.2908546285453266
210158699,6527,A,H,0.3790368051685656,0.2828293624805976,0.33813383235083677
210158700,6526,H,H,0.4727680425217082,0.25440701585822695,0.2728249416200649
210158701,6527,A,A,0.1832130576807145,0.16863822171281445,0.6481487206064711
210158702,6526,H,H,0.5577631023280574,0.26236026241748345,0.17987663525445916
210158703,6527,H,A,0.3835155447139749,0.21649187534973635,0.39999257993628873
210158704,6526,H,H,0.48739495148715617,0.3023431511566739,0.21026189735616996
210158705,6527,H,A,0.12897722961714217,0.21001042579225881,0.661012344590599
210158706,6526,D,H,0.695243151095067,0.17294242488806932,0.13181442401686363
210158707,6526,D,H,0.5390212333769354,0.20576059560661264,0.25521817101645194
210158708,6526,A,A,0.2686403531582673,0.2758453664828756,0.455514280358857
210158709,6526,H,H,0.3799478069707651,0.30228718269366905,0.3177650103355659
211165214,6597,H,H,0.6428759996512128,0.1951602692882236,0.16196373106056366
211382237,6597,H,H,0.6051228224790673,0.22827210873726098,0.16660506878367157
211382238,6597,H,H,0.7333129419625839,0.15446548626044315,0.11222157177697291
211382239,6597,A,H,0.36056081151471475,0.34834143223541025,0.29109775624987505
211382240,6597,D,A,0.25229259615410254,0.2769870051034638,0.47072039874243377
211382241,6597,A,H,0.4033457602277793,0.31843988161480946,0.27821435815741125
211382855,6597,H,H,0.6514387180991127,0.21350977305875476,0.13505150884213257
211940262,6597,H,A,0.21354873551297154,0.29033362737315593,0.4961176371138726
211940439,6597,A,H,0.5536282913131705,0.2812326810469136,0.1651390276399159
212674706,6435,D,H,0.3632609925446776,0.32033301203758996,0.31640599541773246
212674707,6526,D,H,0.46056697424284276,0.31782833681664036,0.2216046889405169
212674709,6435,H,H,0.7089702464787788,0.2020716109783685,0.08895814254285263
212674710,6526,A,A,0.3836115807381286,0.2262070122723136,0.39018140698955783
212674711,6527,H,A,0.3254814378560492,0.24142978940654963,0.4330887727374013
212674715,6435,D,H,0.6277258657842895,0.23807050127156848,0.13420363294414198
212674716,6526,A,A,0.08940614306078987,0.1814226008655085,0.7291712560737017
212674717,6527,H,H,0.44414561441058453,0.28242345742768227,0.2734309281617333
212674718,6527,A,H,0.5868864358730473,0.2671759880716823,0.1459375760552703
212674719,6527,D,A,0.2672769529108856,0.28413216377042905,0.4485908833186853
212674720,6435,A,H,0.5092134917361737,0.27210425348010586,0.21868225478372036
212674722,6526,A,A,0.2756778905385698,0.3202538862099011,0.4040682232515291
212674723,6527,A,A,0.1918350210250055,0.29052870616431387,0.5176362728106807
212674724,6435,H,H,0.3930326962059978,0.28128499562453063,0.32568230816947163
212674725,6526,H,H,0.5724492000474928,0.25010154095683035,0.17744925899567698
212674731,6527,D,H,0.7431547290072675,0.16155250508143382,0.0952927659112986
212674732,6435,A,A,0.0917726853740226,0.20464555958266686,0.7035817550433104
212674733,6526,D,A,0.2754280403805857,0.26909596928861895,0.45547599033079533
212674735,6527,H,A,0.32168083438690515,0.2566787873851567,0.42164037822793804
212674736,6435,D,H,0.4672087828092635,0.3173065520902494,0.2154846651004871
212674737,6526,H,H,0.49791129685939944,0.23154090398202332,0.27054779915857724
212674738,6527,H,H,0.49585982136499573,0.253617807175884,0.25052237145912026
212674739,6435,D,H,0.5454915244530795,0.24978141025781075,0.20472706528910978
212674741,6526,A,A,0.2088154512046908,0.20522114262510058,0.5859634061702086
212674742,6435,A,H,0.41293940163407655,0.3159671980226809,0.2710934003432426
212674746,6435,D,H,0.41779357072045836,0.29816133242919435,0.28404509685034723
212674747,6526,H,H,0.39798537184365756,0.31187860801465705,0.2901360201416853
212674748,6527,D,H,0.5103022317495943,0.287176157945464,0.20252161030494167
212674751,6526,H,H,0.4424545527708488,0.29858500544848676,0.25896044178066435
213723591,6484,A,H,0.5497618196090281,0.21121541340170347,0.23902276698926841
213723592,6597,H,H,0.5570163818708169,0.24349305857598183,0.19949055955320122
213723593,6484,D,H,0.5723231378574448,0.2269712892483781,0.2007055728941771
213723594,6597,D,A,0.1790428059157464,0.24182711328135859,0.5791300808028951
213723595,6484,A,H,0.7009397853649907,0.19017723326968358,0.10888298136532575
213723596,6484,A,H,0.4451082242807598,0.22603951399363661,0.3288522617256036
213723598,6597,H,H,0.551979725178719,0.32072797744951337,0.12729229737176764
213723599,6484,H,H,0.44130228583777753,0.1734175170657773,0.3852801970964453
213723600,6484,A,A,0.15128198125147702,0.20848733658475382,0.6402306821637691
213723601,6484,A,A,0.11057735517379365,0.2270358695642459,0.6623867752619604
213723602,6484,H,H,0.848824129279619,0.10934981552959655,0.04182605519078433
213723603,6484,A,H,0.5628190937820368,0.2419587326535268,0.1952221735644364
213723604,6484,H,H,0.4290102317069694,0.2214357508249933,0.34955401746803727
213723605,6597,H,H,0.4502897469421943,0.2728025024706911,0.27690775058711464
213723606,6597,H,H,0.4841763447802554,0.2962795988902399,0.2195440563295046
213723607,6597,A,A,0.0837797292165757,0.18537100909142143,0.7308492616920028
213723608,6597,D,H,0.46658493143217306,0.2780211369230635,0.2553939316447635
213723609,6597,D,A,0.2690440276946815,0.29838201189983654,0.43257396040548207
213723613,6597,D,H,0.669422993441828,0.22812671006082008,0.10245029649735195
215022546,6484,H,H,0.6925285317784786,0.17711350751733385,0.13035796070418754
215022547,6484,H,H,0.45755882010964394,0.23341837749053312,0.3090228023998228
215022548,6484,A,H,0.37011050831921144,0.2900161664549761,0.33987332522581243
215022549,6484,A,H,0.4238755882559005,0.19918221483488185,0.37694219690921754
215022550,6484,H,A,0.24963352945828457,0.2658870649334319,0.4844794056082834
215022551,6484,A,H,0.6163532235417726,0.18872790880206364,0.19491886765616379
215022552,6484,A,H,0.47148639012597254,0.304141052675224,0.22437255719880347
215022553,6484,H,H,0.5494324771202038,0.25286923009144563,0.19769829278835052
215022554,6484,A,A,0.2973763554879153,0.16486707591546074,0.537756568596624
215022555,6484,H,H,0.48784632960977825,0.23993921084222775,0.27221445954799395
215560087,6435,H,H,0.5383538413505145,0.25697834445768747,0.2046678141917981
215560088,6526,A,A,0.25146232836628646,0.2634111726714967,0.4851264989622169
215560090,6435,D,A,0.3290859612809116,0.3028833453964135,0.3680306933226749
215560091,6526,D,A,0.28694942176673266,0.26368260167918034,0.4493679765540869
215560092,6527,H,H,0.5075968323657782,0.2220821925378947,0.27032097509632713
215560096,6435,H,H,0.40519866322197917,0.2802131830869626,0.3145881536910583
215560097,6526,D,A,0.17628808008741603,0.21130253411922936,0.6124093857933546
215560098,6597,H,H,0.7408544084675961,0.17719775765897328,0.08194783387343069
215560099,6527,H,A,0.32229135011971194,0.3098928170260896,0.36781583285419844
215560100,6527,D,H,0.5268360331990933,0.27031967296332204,0.20284429383758468
215560101,6527,A,H,0.43469154536391913,0.26259217980887894,0.30271627482720204
215560102,6435,H,A,0.31422982525598847,0.3361669161614288,0.3496032585825827
215560104,6597,D,H,0.5233071923407795,0.22530949147887444,0.25138331618034615
215560105,6526,H,H,0.5191116992751437,0.3054245641406299,0.17546373658422654
215560106,6527,D,A,0.2635495893292503,0.22609848727510218,0.5103519233956475
215560109,6435,H,H,0.7277522561863666,0.18815196730879633,0.08409577650483695
215560110,6526,H,H,0.6321216865785192,0.21353409030593834,0.15434422311554252
215560113,6435,H,A,0.13223344552773425,0.20380473262498092,0.6639618218472848
215560114,6526,H,H,0.4922410828978356,0.29196998949657704,0.2157889276055873
215560116,6527,H,H,0.5142242764089051,0.2415023854586384,0.24427333813245647
215560119,6597,D,A,0.2908113859946059,0.25657383228302844,0.45261478172236574
215560120,6435,H,H,0.7231804001745032,0.1812418590541663,0.09557774077133059
215560121,6526,D,H,0.6034370446100188,0.23826104553105643,0.15830190985892487
215560123,6527,A,A,0.17166574967838258,0.20349699225842313,0.6248372580631945
215560124,6435,H,H,0.6885165987325462,0.23408663779414338,0.07739676347331043
215560125,6597,D,H,0.4919199973809553,0.2969618064786927,0.211118196140352
215560126,6597,A,A,0.3528245716373399,0.272133399726368,0.3750420286362921
215560127,6597,A,A,0.31422719992314635,0.2942256435861746,0.39154715649067895
215560128,6597,H,H,0.8284353972440073,0.13627726042973,0.03528734232626276
215560129,6597,A,H,0.5721719076602864,0.2305660593814326,0.197262032958281
215560130,6526,H,H,0.42921664790447916,0.31315870164068127,0.2576246504548396
215560131,6526,A,H,0.459119728237789,0.32580570759996036,0.21507456416225054
215560132,6435,D,H,0.48542912906629526,0.2734024502038302,0.24116842072987468
215560133,6526,A,H,0.4870127649811564,0.30672448129333313,0.20626275372551034
215560134,6527,A,A,0.18777756572026308,0.2536933957942188,0.5585290384855182
215560135,6597,H,A,0.2991310215079969,0.27224753915138084,0.4286214393406222
215560151,6527,H,H,0.6103440217362737,0.25542355508430864,0.13423242317941764
215609590,6435,A,H,0.36948924648482734,0.31335202824439573,0.3171587252707769
219132047,6527,A,A,0.21388282065696776,0.27629718796681185,0.5098199913762204
219132049,6435,D,H,0.5283391065442856,0.2143485057519538,0.2573123877037606
219132053,6597,D,A,0.34655179817666937,0.2683717964871104,0.38507640533622023
219132055,6435,H,H,0.5191449499216506,0.26936802876558896,0.21148702131276048
219132057,6597,D,H,0.6207206589911201,0.2473217375377412,0.13195760347113872
219132058,6597,H,H,0.5059158578085644,0.31167430612824154,0.1824098360631941
219132059,6597,A,H,0.48751125623928154,0.3023992861262766,0.2100894576344418
219132060,6597,A,H,0.3979762178103867,0.2906538606207336,0.31136992156887955
219132061,6435,H,H,0.46509630353582054,0.27285607197337447,0.2620476244908049
219132066,6597,H,H,0.7918687553589905,0.14258998346344254,0.065541261177567
219132074,6435,A,A,0.28850084481977295,0.30901155677362596,0.4024875984066012
219132075,6527,H,H,0.46202869932403057,0.25981982196776543,0.27815147870820395
219132076,6597,D,A,0.3397912680958519,0.2307961772684887,0.42941255463565936
219132078,6527,H,H,0.6230972187127295,0.18082096321893154,0.1960818180683389
219132079,6435,H,H,0.6766576055864975,0.23659270682499134,0.08674968758851108
219541609,6526,A,A,0.14180365230396091,0.20957802816238963,0.6486183195336495
219541611,6435,A,H,0.366660729104477,0.31885642642171214,0.31448284447381086
219541613,6435,A,A,0.19713539972863767,0.21235846098050695,0.5905061392908554
219541614,6435,H,H,0.37828426910494833,0.34780021576649245,0.2739155151285593
219541616,6526,H,H,0.6157020524042816,0.19997439409023035,0.1843235535054881
219541617,6527,H,H,0.5281610583521701,0.2280872935611405,0.24375164808668948
219541619,6527,D,A,0.33354224372440333,0.27900181633942167,0.3874559399361751
219541620,6526,A,A,0.2563621978074562,0.2903237908176915,0.4533140113748521
219541621,6526,D,H,0.6418950559247217,0.21081708214427544,0.1472878619310029
219541625,6527,A,A,0.2011804232023956,0.21923123506318232,0.5795883417344221
219541626,6597,D,H,0.42390075381370107,0.35752527591122885,0.21857397027507006
219541627,6527,H,H,0.5460129041766256,0.30568135337365826,0.14830574244971623
219541630,6526,D,H,0.4157328451630356,0.31614174752947505,0.26812540730748935
219541634,6526,H,H,0.5700972569792245,0.2674054100860468,0.16249733293472857
219541635,6526,A,A,0.24705878727390543,0.23962889536616314,0.5133123173599314
219541637,6526,A,A,0.2769969385831147,0.2867578757340404,0.43624518568284487
219541638,6597,H,H,0.5024372006213543,0.2915941931337813,0.20596860624486432
219541639,6526,D,A,0.19064584453381708,0.2808963093701067,0.5284578460960763
219541640,6435,H,H,0.49217950552049183,0.30821002010748094,0.1996104743720272
219541643,6526,H,H,0.36862213323279,0.2922847310063193,0.3390931357608908
219890281,6435,D,H,0.4114512945720016,0.32336182029497745,0.26518688513302097
219928208,6527,A,H,0.38437996318766976,0.2792875502797598,0.3363324865325705
219928209,6527,A,H,0.705877301446642,0.19950224843913764,0.09462045011422028
219930818,6597,D,A,0.3184093945271059,0.24535287859891833,0.4362377268739757
219930846,6484,H,A,0.3231694437950955,0.2376406090961861,0.43918994710871845
219930851,6435,A,H,0.4207814900326029,0.32440236960432944,0.2548161403630676
219931447,6484,A,A,0.09709120149058732,0.19110590397337734,0.7118028945360353
219931477,6435,D,H,0.39945519830661486,0.33604399206330177,0.26450080963008343
219931887,6597,A,H,0.45422307934373085,0.2368489320919911,0.3089279885642781
219931888,6597,A,H,0.37122928128888905,0.2764016891558119,0.35236902955529903
219931889,6597,H,A,0.26929963168019005,0.26774572449638373,0.46295464382342627
219931890,6597,A,H,0.4853478770157668,0.2454532796260767,0.26919884335815647
219932119,6484,D,H,0.6174006144590378,0.20992635633136825,0.17267302920959401
219932120,6484,H,A,0.3196863685150969,0.22161020174857965,0.4587034297363234
219932122,6484,H,H,0.42224077086672956,0.21112690963573616,0.36663231949753433
219932123,6484,A,A,0.10398797307696206,0.23400861511284068,0.6620034118101973
219932124,6484,A,A,0.29883330121509794,0.2744659870907558,0.4267007116941463
219932351,6435,D,A,0.22984567501943426,0.24144769645678726,0.5287066285237784
219932567,6597,D,A,0.3162595724272291,0.18924505610871142,0.49449537146405953
219932571,6484,A,H,0.4912826885979058,0.264340397010726,0.24437691439136822
219932584,6435,D,H,0.6766021957944216,0.195128537346838,0.12826926685874035
219932785,6435,D,H,0.656524904571636,0.23295960709437985,0.11051548833398415
219933248,6527,A,A,0.1323168330520361,0.16030702518489565,0.7073761417630683
219933251,6527,H,H,0.7349114864632871,0.18612002689051346,0.0789684866461994
219933253,6527,A,A,0.13775001737794912,0.2399410514493363,0.6223089311727147
219933255,6527,A,H,0.41490539256676434,0.2838338689948025,0.3012607384384331
219933258,6527,D,H,0.479664067965716,0.27057926522439973,0.24975666680988437
219933260,6527,A,A,0.3257675947060805,0.24323720857556214,0.43099519671835723
219933261,6527,A,D,0.33036333853461197,0.33953550008328215,0.3301011613821058
219933262,6527,A,A,0.13578011774995055,0.21424558063004748,0.649974301620002
219933263,6527,H,H,0.5345187931752868,0.26594576152443,0.19953544530028328
219934235,6435,D,A,0.22183719161040838,0.26683405393215387,0.5113287544574378
219934655,6526,D,H,0.6525506069098103,0.22833276908463482,0.11911662400555494
219934656,6526,H,H,0.5211609918911867,0.26864601207517436,0.21019299603363895
219934657,6526,A,H,0.5326368991600046,0.2828917839507711,0.18447131688922444
219934658,6526,H,H,0.4314293019423265,0.3085324537123006,0.2600382443453729
219934659,6526,H,A,0.35006213785300455,0.22092725216018902,0.42901060998680646
219934661,6526,D,A,0.32302683664510023,0.24216476304916482,0.4348084003057349
219934662,6526,H,H,0.6380173817711594,0.24669669234539363,0.11528592588344698
219934663,6526,D,H,0.3921071547135456,0.35529229410654345,0.2526005511799109
219934664,6484,H,H,0.8240381180672388,0.12276149792461112,0.05320038400814999
219934665,6526,A,A,0.22899023244858888,0.2968614711022466,0.47414829644916456
219934666,6526,H,H,0.4979807059478321,0.2598876705414933,0.24213162351067472
219934764,6597,A,H,0.6098921756142122,0.24525272390036798,0.14485510048541977
219934896,6435,A,A,0.23645408775805712,0.33761052873211056,0.4259353835098323
219934960,6597,H,H,0.7018562469275383,0.2003414296315189,0.09780232344094274
219934963,6484,H,H,0.6071171419592781,0.21237199523171113,0.18051086280901082
219934988,6435,H,H,0.43669134025351214,0.29123868866605346,0.27206997108043446
219935017,6597,A,A,0.22209765132657155,0.2642318831997116,0.5136704654737169
219935065,6435,H,H,0.43634211537999185,0.2969743561015794,0.2666835285184288
219935239,6435,H,H,0.6908534410096835,0.210106458586924,0.09904010040339249
219936004,6597,H,H,0.46703039909870586,0.2856732289509172,0.24729637195037701
219936044,6435,H,H,0.446828173946222,0.29957982317102466,0.2535920028827534
219936048,6484,A,A,0.21117797552604706,0.2885879877887912,0.5002340366851618
219936784,6484,D,H,0.468693910743587,0.2512957069492237,0.28001038230718933
219936813,6435,A,H,0.46201403142480096,0.33314333740228685,0.20484263117291207
219937207,6597,D,H,0.6321139410512385,0.251157774377279,0.11672828457148247
219937208,6597,H,H,0.6015249094581748,0.24663147160021087,0.1518436189416143
219937209,6597,A,H,0.5452804308790739,0.29117749968617374,0.16354206943475233
219937210,6597,A,A,0.15911613326223673,0.22569670040052917,0.6151871663372341
219937453,6484,A,H,0.6733203973767593,0.1911563618008671,0.13552324082237358
219937454,6484,A,H,0.7589834144113248,0.1565002335919564,0.0845163519967188
219937455,6484,A,H,0.48560798287782697,0.2637678879590234,0.25062412916314963
219937456,6484,A,A,0.20098212988628747,0.24147731227352434,0.5575405578401881
219937458,6484,A,A,0.19519706202293352,0.27793750335980233,0.5268654346172641
219937668,6435,A,H,0.38919646338727454,0.29720151916456883,0.31360201744815663
219937904,6435,A,A,0.20961623977481225,0.2543775354064585,0.5360062248187292
219937906,6597,H,H,0.5286968907435216,0.2901045265871071,0.18119858266937128
219937907,6484,H,A,0.3709009391257428,0.21197227110607522,0.41712678976818196
219938095,6435,A,A,0.13854438476147168,0.21813744776573227,0.6433181674727959
219938595,6527,H,H,0.5264094013719472,0.24282410568020568,0.23076649294784704
219938598,6527,A,A,0.21854580556195974,0.2710724632967537,0.5103817311412866
219938600,6527,H,H,0.4256799354311535,0.22916902538746373,0.3451510391813827
219938602,6527,D,H,0.45832218979717576,0.25659676740818105,0.2850810427946433
219938604,6527,H,A,0.2705453140931464,0.3028227009172206,0.426631984989633
219938607,6527,D,A,0.19826023771885787,0.33567021510132494,0.4660695471798173
219938609,6527,H,A,0.15365218388286167,0.21639898579004324,0.6299488303270951
219938610,6527,H,H,0.7340751765483303,0.20088300683436125,0.06504181661730844
219938612,6527,A,A,0.24722660147845404,0.17969635080172194,0.5730770477198242
219939554,6435,H,H,0.7808075480535285,0.16132352188089694,0.05786893006557453
219939917,6526,A,A,0.21035487213026374,0.2671892872438315,0.5224558406259048
219939918,6526,H,A,0.20641380836072243,0.20757748011398755,0.58600871152529
219939919,6526,A,A,0.14650437136036748,0.2477007511829693,0.6057948774566633
219939920,6526,H,A,0.1896635040353365,0.2886309085879201,0.5217055873767433
219939921,6526,H,H,0.6535050127187608,0.2281672070863578,0.11832778019488135
219939922,6526,A,A,0.29264573145816397,0.31520196987718174,0.39215229866465423
219939923,6526,H,A,0.21801734940737924,0.2911821382060268,0.4908005123865939
219939926,6526,H,H,0.6641956812461727,0.2122418293923778,0.1235624893614496
219939927,6526,H,A,0.3106451016216225,0.2787706154255316,0.4105842829528458
219939928,6526,D,A,0.20581289761243854,0.26617928612234026,0.5280078162652212
219939929,6484,H,H,0.4220299603685068,0.19904891101788622,0.37892112861360705
219940033,6597,D,H,0.6657374117405563,0.21838515626715937,0.11587743199228435
219940137,6435,H,H,0.7125939472604812,0.17841575464643453,0.10899029809308418
219940197,6597,H,H,0.7084836748051946,0.16638844960634924,0.1251278755884561
219940201,6484,A,A,0.3419899009127059,0.17704836778512162,0.4809617313021725
219940224,6435,A,H,0.46330266032824974,0.2723160401361145,0.2643812995356358
219940250,6597,D,A,0.22987463686623183,0.2972635578605012,0.4728618052732671
219940273,6435,H,H,0.5013285262651984,0.29250995581804506,0.20616151791675655
219940427,6435,D,H,0.4952851749097213,0.2649275561731788,0.23978726891709992
219940561,6484,H,A,0.3412755491778686,0.25957498233352566,0.3991494684886056
219940562,6484,A,A,0.31492461864628957,0.26577280459651165,0.4193025767571987
219940563,6484,H,H,0.47670932955436784,0.22160034077608948,0.3016903296695427
219940615,6484,H,H,0.6986580615885329,0.21700421765181563,0.08433772075965139
219940831,6484,D,H,0.47905329958536036,0.2662110304703174,0.25473566994432234
219940832,6484,D,A,0.3186056510386503,0.1939500620861431,0.4874442868752066
219940833,6484,A,H,0.39515040585552347,0.23965088449533054,0.36519870964914586
219940834,6484,H,H,0.6074222048099189,0.21612516104292231,0.17645263414715875
219940848,6484,H,H,0.6610583106638422,0.14983546825477417,0.1891062210813835
219940958,6484,H,H,0.5785772996636876,0.2482118410931336,0.17321085924317875
219941294,6597,A,A,0.17482075021725424,0.16955918627312877,0.6556200635096169
219942784,6597,A,H,0.42519737711536904,0.27804102937203456,0.2967615935125965
219942785,6597,A,A,0.2950119103880206,0.2987103363184032,0.4062777532935761
219942786,6597,A,A,0.3296744337734464,0.2942426142744272,0.3760829519521264
219942787,6597,A,H,0.43711326169792614,0.2833161465314216,0.27957059177065224
219942788,6597,A,A,0.3256771991591688,0.26702216129071576,0.40730063955011536
219943424,6597,A,A,0.3465196718038208,0.24240192958888895,0.41107839860729023
219943888,6435,H,H,0.7379145441226591,0.17376168163050937,0.08832377424683144
219943891,6435,H,A,0.25733292722747336,0.23230311785221683,0.5103639549203097
219943894,6435,D,H,0.5188667310917854,0.281775663587279,0.19935760532093563
219943897,6435,D,H,0.5116105109800178,0.2723479261903938,0.2160415628295884
219943900,6435,H,H,0.4251086163316269,0.23183657505194577,0.3430548086164273
219943902,6435,D,H,0.37795320607831623,0.3208044190375988,0.30124237488408506
219943905,6435,H,A,0.29333930453008444,0.3363245479918146,0.3703361474781009
219943906,6527,H,H,0.5997707160969887,0.20861973712512716,0.19160954677788414
219943908,6435,D,A,0.20846410643703223,0.36749916945641026,0.42403672410655735
219943909,6527,H,H,0.6747891398785065,0.2014726700380915,0.12373819008340184
219943911,6435,D,H,0.4447970882600122,0.300794580151464,0.2544083315885239
219943912,6527,H,H,0.4908811714792223,0.2400140732855856,0.26910475523519223
219943914,6435,H,H,0.4344879550814209,0.3448927108509437,0.2206193340676353
219943915,6527,A,A,0.19632879175447704,0.32159714402569384,0.4820740642198291
219943917,6527,A,A,0.10186073778734685,0.23570834142449432,0.6624309207881589
219943919,6527,A,H,0.60419694513302,0.2576638003266404,0.13813925454033965
219943920,6527,A,A,0.2817479800551379,0.307547753231672,0.4107042667131901
219943921,6527,H,H,0.6271541157742494,0.22063495792589638,0.15221092629985417
219943922,6527,A,A,0.3324311005806251,0.2625953041223959,0.404973595296979
219945233,6526,D,H,0.7280741880060309,0.1889553559251769,0.08297045606879234
219945234,6526,H,H,0.5716568680441044,0.27106481735307775,0.15727831460281783
219945235,6526,H,H,0.6115779400502978,0.26461474071548235,0.12380731923421998
219945236,6526,D,H,0.5850733282886452,0.22137033107341814,0.1935563406379366
219945238,6526,H,H,0.7008231881473497,0.2245052781806261,0.0746715336720243
219945239,6526,A,H,0.3887020919239012,0.2672204492079169,0.34407745886818186
219945240,6526,A,A,0.2712194723886199,0.3470552998469053,0.3817252277644748
219945241,6526,D,A,0.3837473722071931,0.19573141159258048,0.42052121620022637
219945242,6526,H,H,0.6025584783977986,0.2402431215373797,0.1571984000648216
219945243,6526,H,H,0.4759103673993393,0.2941007628907443,0.22998886970991644
219945320,6597,A,H,0.4366009989577292,0.3108835787275048,0.252515422314766
219945442,6597,D,H,0.3670548188542817,0.3039487999467547,0.3289963811989636
221820325,6526,H,A,0.20262934093258234,0.21113818770381812,0.5862324713635995
222894475,6597,A,H,0.7949021800545409,0.13621707277673567,0.0688807471687234
222894478,6597,A,H,0.849779112708654,0.12103091584554405,0.02918997144580195
222894481,6597,A,H,0.5371920922422913,0.2746464027346963,0.18816150502301243
222894483,6597,A,H,0.6435448248926383,0.23714409174498,0.11931108336238175
222894486,6597,D,H,0.4889246202335625,0.3146045752412075,0.19647080452523003
222894491,6597,D,H,0.4443569996938213,0.2618078137727353,0.2938351865334433
222894492,6597,D,H,0.6172958083424076,0.23413833696624103,0.14856585469135142
222894493,6597,A,H,0.36425521285238044,0.29323483415955676,0.34250995298806275
222894494,6597,D,A,0.31957498072993373,0.2765876375877477,0.4038373816823186
222895147,6484,H,H,0.42484401835471297,0.19932051559416855,0.37583546605111845
222896232,6484,H,H,0.4676766679003303,0.24566902299445562,0.28665430910521406
222896236,6484,H,H,0.6861486624316093,0.1777862606092248,0.13606507695916578
222896239,6484,H,H,0.8705113394425231,0.10189148939190472,0.02759717116557216
222896559,6484,A,H,0.5298810363687299,0.21849494976349376,0.25162401386777644
222896746,6484,D,A,0.2983660118098833,0.2703714138682477,0.431262574321869
223349905,6435,D,H,0.6498181829949008,0.20415764946303205,0.14602416754206715
223349908,6435,H,H,0.7699654251640822,0.15915141617585543,0.07088315866006234
223349911,6435,H,H,0.5563631209970901,0.2620101234753527,0.18162675552755722
223349914,6435,H,H,0.4997061947392659,0.29145839268110213,0.2088354125796319
223349917,6435,A,H,0.37688688665733516,0.3202409917129101,0.3028721216297547
223349920,6435,H,H,0.6192188892611298,0.26097322274275775,0.11980788799611253
223349921,6527,D,H,0.40922661479523775,0.32271501824909005,0.2680583669556721
223349923,6435,H,A,0.2852724662657076,0.2875009816252414,0.42722655210905097
223349924,6527,A,A,0.330523933088441,0.3069640547409924,0.3625120121705665
223349926,6435,D,H,0.41977687982866135,0.27969808617141917,0.3005250339999195
223349927,6527,A,A,0.22365786087054604,0.3381336196334843,0.4382085194959696
223349929,6435,H,A,0.2895494827450323,0.25619905601658394,0.45425146123838384
223349930,6527,D,A,0.3196483386625141,0.21917229070026292,0.4611793706372229
223349932,6435,H,H,0.6698672344205313,0.21208902171720062,0.11804374386226814
223349933,6527,A,H,0.5070156566204448,0.23431122686406675,0.25867311651548835
223349935,6527,H,H,0.4584406266510307,0.2590906296317095,0.2824687437172599
223349936,6527,H,H,0.6981527359979508,0.21198028734015248,0.08986697666189672
223349937,6527,A,A,0.15228956893545056,0.17838887176480692,0.6693215592997425
223349938,6527,A,H,0.6138878579838372,0.20499348257759836,0.1811186594385645
223351463,6526,D,H,0.350762678891917,0.3089699658796726,0.34026735522841034
223351465,6526,D,H,0.5023150385565496,0.29933672172136067,0.19834823972208981
223351466,6526,A,A,0.1670440591808248,0.3369548763521989,0.49600106446697634
223351468,6526,A,A,0.1863220179312043,0.301508073852487,0.5121699082163087
223351470,6526,H,H,0.7755370773732589,0.16186841097636065,0.06259451165038026
223351474,6526,A,H,0.39053882299400905,0.25960464082588336,0.3498565361801076
223351477,6526,D,H,0.49651578475389296,0.3065878376275524,0.19689637761855477
223351479,6526,A,A,0.22468448776471425,0.26581133585113337,0.5095041763841525
223351482,6526,H,H,0.5049506001688094,0.22545419405798903,0.2695952057732016
223351483,6526,D,A,0.3125473557072946,0.30798958287102196,0.3794630614216834
223351601,6484,H,H,0.7452418885102373,0.1797191588881892,0.07503895260157341
223351605,6484,D,H,0.4090206573315205,0.23787478393734204,0.35310455873113733
223351891,6484,D,A,0.2216553225091827,0.22308504006573193,0.5552596374250852
223497353,6484,D,A,0.18244214179645651,0.18129382992760018,0.6362640282759433
223733820,6484,A,A,0.27983943744324125,0.2077625852724253,0.5123979772843335
226039502,6597,H,H,0.4720867454372871,0.28913067387106,0.23878258069165273
226508121,6597,A,H,0.36433661486550095,0.3129359989359127,0.3227273861985864
226508122,6597,H,H,0.37593580318146474,0.2512036529753778,0.3728605438431576
226508123,6597,D,H,0.5226634708966383,0.2789761380572858,0.1983603910460758
226508124,6597,D,A,0.07891948884525381,0.14778707717001846,0.7732934339847278
226508551,6484,D,H,0.5216119290407226,0.248701272687222,0.22968679827205543
226508559,6484,A,A,0.1515476830254946,0.21797695540609419,0.6304753615684111
226508566,6484,D,H,0.5660969083718919,0.208788744403901,0.22511434722420717
226508572,6484,H,H,0.5190694064136738,0.2324804082612465,0.24845018532507962
226508578,6484,A,A,0.23305693256710303,0.3677712312744088,0.3991718361584883
226508907,6597,H,H,0.48261011348704086,0.26442167429586894,0.2529682122170901
226508915,6484,A,H,0.5438685266187208,0.21833858752126076,0.23779288586001854
226509687,6484,H,H,0.56948639934117,0.18621381241046878,0.24429978824836127
226509689,6484,H,H,0.4139558477173985,0.2558359725756564,0.33020817970694505
226816577,6527,H,H,0.6200962813183301,0.18886048614844306,0.19104323253322683
226816580,6527,D,H,0.5862173110251342,0.240010141212874,0.17377254776199177
226816585,6527,D,H,0.5645656122841987,0.2281092787711216,0.20732510894467973
226816587,6527,H,H,0.6681804391554547,0.22025640381656084,0.11156315702798447
226816589,6527,H,H,0.39409800539618806,0.2871366275140913,0.3187653670897207
226816590,6527,H,H,0.42547951343655066,0.26687171190470677,0.30764877465874263
226816591,6527,H,A,0.2481620036339806,0.281574645663304,0.4702633507027154
226816592,6527,A,A,0.20730537910256466,0.22476970684741093,0.5679249140500244
226816630,6435,A,A,0.32494911348784117,0.2402620264345737,0.4347888600775851
226816632,6435,D,H,0.46279389766782614,0.29803155885327415,0.23917454347889974
226816633,6435,D,H,0.5334338317918832,0.25095395267015563,0.21561221553796106
226816634,6435,A,A,0.2842838343599735,0.2758320774599295,0.439884088180097
226816636,6435,A,A,0.2979454892887387,0.34613577889525465,0.35591873181600653
226816638,6435,A,A,0.16527323149867656,0.3544823781537749,0.48024439034754857
226816639,6435,A,H,0.3718743895977305,0.31766203735350507,0.3104635730487643
226816640,6435,A,A,0.3833526543454467,0.22262016650039193,0.3940271791541613
226816642,6435,D,H,0.37564985194802664,0.32998252197155786,0.29436762608041545
226816644,6435,H,H,0.4298452675571192,0.32491871459917715,0.24523601784370355
226818015,6526,A,H,0.4932850474190959,0.1906271754131161,0.316087777167788
226818018,6526,H,H,0.40428189578839646,0.281072406096964,0.3146456981146395
226818021,6526,H,H,0.4026986774678687,0.25905732676383303,0.3382439957682984
226818025,6526,H,H,0.47678183017146586,0.2946969213523389,0.22852124847619518
226818030,6526,H,H,0.5204747818416599,0.2825466761078614,0.19697854205047877
226818035,6526,D,D,0.2965446421253611,0.3710283143769382,0.33242704349770075
226818038,6526,H,H,0.6113382064232779,0.24617488416815303,0.14248690940856903
226818040,6526,H,H,0.6222498956922193,0.2262412012320263,0.1515089030757544
226818043,6526,A,H,0.5697211621037764,0.28396782467627085,0.1463110132199528
226818047,6526,D,A,0.19095479429043824,0.2113473345888564,0.5976978711207055
226818197,6597,A,A,0.25698626459967244,0.23231548355038983,0.5106982518499377
226818386,6597,H,H,0.4273607558205137,0.32060019687701885,0.2520390473024674
226818434,6597,A,A,0.29957779772288884,0.23977583272549066,0.4606463695516205
226818449,6484,A,A,0.20576393387016234,0.2710514865670985,0.5231845795627391
232741773,6597,H,H,0.7069134909376306,0.21667109923756578,0.07641540982480362
233101677,6597,H,H,0.826165473818502,0.12678473096496293,0.04704979521653514
233101678,6597,D,D,0.32696672261407217,0.36188317359963795,0.3111501037862899
233101679,6597,A,H,0.6603331193807251,0.23377823419150345,0.1058886464277715
233101680,6597,H,H,0.45559220453378557,0.2769282748755923,0.26747952059062213
233101681,6597,A,H,0.4379929224722099,0.2926088067776799,0.2693982707501101
233102413,6597,H,H,0.5344237696168663,0.23403287213456414,0.23154335824856956
233404663,6526,D,H,0.5549391167946446,0.2544562368138191,0.1906046463915363
233404664,6526,A,A,0.18898834041190216,0.27304453484529334,0.5379671247428046
233404668,6526,H,H,0.5366770664322902,0.2912735283632946,0.17204940520441522
233404672,6526,A,A,0.17854233931513253,0.2887528540192507,0.5327048066656167
233466963,6527,A,A,0.2984027792375854,0.2987657586316628,0.4028314621307518
233466965,6527,H,H,0.6306546472698427,0.24242482912259977,0.1269205236075576
233466967,6527,H,A,0.3163557628874862,0.317061630325207,0.36658260678730686
233466969,6527,H,A,0.34960343753542544,0.26009356545274376,0.39030299701183085
233466971,6527,A,H,0.418500710990712,0.25549293708143445,0.3260063519278535
233466975,6527,A,A,0.05125570407939,0.14150757417344323,0.8072367217471669
233466978,6527,H,A,0.19038268098561878,0.23130775430777262,0.5783095647066085
233466981,6527,H,H,0.4823650621325689,0.2477830398478707,0.26985189801956044
233466984,6527,H,H,0.45221457897365197,0.22207697115358746,0.3257084498727607
233467020,6435,D,H,0.6862252806188576,0.18957338359695736,0.12420133578418514
233467024,6435,H,H,0.8011730410775907,0.13644629243326986,0.062380666489139466
233467028,6435,H,H,0.47598856321879607,0.31880504432578566,0.20520639245541838
233467032,6435,D,H,0.5711340079419147,0.2648049832045855,0.16406100885349986
233467036,6435,A,H,0.41767927325456916,0.2649509424781016,0.3173697842673293
233467039,6435,H,H,0.6413281831780839,0.2518287678905581,0.1068430489313579
233467042,6435,A,A,0.3415966599268031,0.2772832966355077,0.38112004343768924
233467044,6435,D,A,0.25703908191656644,0.24328425918690247,0.49967665889653107
233467045,6435,H,H,0.3873611522749991,0.3226776077691552,0.28996123995584566
233467046,6435,H,H,0.7182121275885873,0.198068454443854,0.08371941796755877
233467692,6526,H,H,0.5088449577206654,0.26328563262218646,0.2278694096571481
233468178,6526,H,A,0.31880430971030776,0.23708758492814733,0.4441081053615448
233468440,6597,A,H,0.5524480478369359,0.2436616387106048,0.20389031345245923
233468616,6597,H,H,0.3843973974753916,0.2843394471428135,0.3312631553817949
233468624,6526,H,H,0.6265162053889589,0.24945928292475467,0.12402451168628643
233468675,6526,H,H,0.4975394989751835,0.23236009695597049,0.2701004040688461
233917285,6526,D,A,0.2956591906517097,0.3501259080409365,0.3542149013073538
233917309,6526,D,H,0.4630527052269386,0.30130251558669446,0.23564477918636687
234744846,6484,A,H,0.745146210839149,0.15890950861596403,0.09594428054488695
234744847,6484,H,H,0.6172977864603234,0.19497792614327566,0.187724287396401
234744848,6484,A,H,0.5190088955532163,0.22706472900576205,0.25392637544102176
234744849,6484,H,H,0.3639953000015606,0.3095789772235802,0.3264257227748592
234744852,6484,H,H,0.5838344002078577,0.2123528784414195,0.2038127213507228
235450239,6484,H,H,0.8012012630842438,0.14023313937747625,0.05856559753828002
235450240,6484,H,H,0.4403775220376363,0.26973600729346064,0.2898864706689031
235450241,6484,D,A,0.12120379333361879,0.28821931304100423,0.590576893625377
235450245,6484,H,H,0.7104923077273131,0.16455788713265285,0.12494980514003412
235829102,6484,H,H,0.5078677662709874,0.21763660080794167,0.274495632921071
236552956,6597,H,H,0.5776071509472711,0.25929678972654807,0.16309605932618085
236552958,6597,A,A,0.15539466600103713,0.24737643766468764,0.5972288963342752
236552961,6597,H,A,0.3051889839920479,0.26828974328385174,0.42652127272410034
236552965,6597,A,A,0.3554305796297085,0.2827904426495041,0.36177897772078743
236552968,6597,A,A,0.15541877155622713,0.15603798004103944,0.6885432484027334
236552971,6597,D,H,0.6891155417822243,0.21857305734237625,0.09231140087539932
236552974,6597,H,A,0.3467344488101748,0.29841022263723144,0.35485532855259366
236552977,6597,A,A,0.3076700191290107,0.2632137007271891,0.4291162801438002
236552981,6597,D,A,0.34269934650759115,0.27744846983631344,0.37985218365609535
236553576,6484,D,A,0.3012148167231123,0.18138729434427628,0.5173978889326114
236554184,6484,D,A,0.28474221818862466,0.19988672422016623,0.5153710575912092
236554724,6484,H,H,0.45065048859558704,0.21809164171410106,0.3312578696903118
236554725,6484,A,A,0.28726031571562,0.3504014635627309,0.36233822072164906
236555141,6484,H,A,0.35329741291299516,0.23450216867664359,0.41220041841036137
236946950,6527,H,H,0.4937142065410357,0.26739564639442037,0.2388901470645439
236946952,6527,A,H,0.5985846806609265,0.24090102013801967,0.16051429920105378
236946954,6527,H,A,0.2919797559774033,0.22915680451229758,0.4788634395102992
236946956,6527,A,A,0.26924135406368244,0.33531003949923716,0.39544860643708046
236946958,6527,H,H,0.474310320216975,0.2400350297540184,0.28565465002900653
236946960,6527,H,H,0.5876786598347093,0.2594660995329194,0.15285524063237124
236946962,6527,H,H,0.8514563599777935,0.10412036582023135,0.04442327420197514
236946965,6527,A,A,0.218491482944523,0.3015196055821899,0.4799889114732872
236946968,6527,A,H,0.4138437899546768,0.2949330510985746,0.29122315894674855
236947006,6435,D,H,0.7511190620461173,0.1683279419251304,0.0805529960287523
236947009,6435,A,H,0.6751287836927942,0.22014122142922293,0.10472999487798286
236947013,6435,A,H,0.37986579923333563,0.30319568466974456,0.3169385160969198
236947016,6435,D,H,0.3880676889712003,0.306571162437072,0.30536114859172775
236947018,6435,D,H,0.40742484066365015,0.26493919636736674,0.3276359629689832
236947020,6435,A,A,0.3351495216612983,0.25118219313194806,0.4136682852067538
236947021,6435,A,H,0.3842081876187298,0.31710393382490965,0.2986878785563605
236947022,6435,A,A,0.1512760891514946,0.3144970803081629,0.5342268305403424
236947023,6435,A,H,0.4204952523473386,0.32731386627761777,0.2521908813750436
236947024,6435,A,H,0.49822903637476673,0.2826405046327065,0.21913045899252673
236947926,6484,H,H,0.7329440590210413,0.17707580208167484,0.0899801388972838
236948244,6526,A,H,0.6202393190037011,0.18492952328094506,0.1948311577153538
236948247,6526,D,H,0.43077679566775995,0.2380240529965609,0.3311991513356792
236948250,6526,D,A,0.2816074514059771,0.3550066705414443,0.36338587805257855
236948253,6526,H,H,0.39015405160159466,0.29312994074445325,0.3167160076539521
236948255,6526,D,H,0.3660623681371129,0.33695352338298007,0.29698410847990697
236948257,6526,D,H,0.3707940368552485,0.27514907735165783,0.35405688579309375
236948260,6526,A,A,0.2508412653601493,0.34364590405482054,0.4055128305850303
236948261,6526,D,A,0.17128557022321889,0.22515770821469355,0.6035567215620876
236948264,6526,D,H,0.4605732235030389,0.2283526756977048,0.31107410079925624
236948266,6526,D,H,0.5619043958160826,0.3024372175401626,0.1356583866437547
236948407,6484,D,A,0.3437250364854641,0.23226660124586537,0.4240083622686705
236948415,6484,H,A,0.21262472966615822,0.18484376543935813,0.6025315048944836
236948774,6484,D,A,0.3162349649652088,0.20938850144623575,0.4743765335885554
237402908,6484,A,A,0.141812572012927,0.2163934611739101,0.641793966813163
240012388,6597,A,H,0.4322034525869896,0.2872282839494767,0.28056826346353364
243450198,6527,A,A,0.31503410312317115,0.33543753464435994,0.34952836223246897
244303680,6526,A,A,0.3595836028510106,0.25151693790623525,0.3888994592427541
244304317,6484,H,H,0.5092295055612398,0.24060778813600686,0.25016270630275333
244304581,6526,H,H,0.48574256804499905,0.2812668007944808,0.2329906311605201
244304867,6597,D,H,0.6730221907916152,0.23146362806258378,0.09551418114580097
244304868,6597,H,A,0.2730062696287192,0.2680573255299403,0.45893640484134046
244304869,6597,A,H,0.5194700830044526,0.2458311348763266,0.23469878211922068
244304870,6597,A,D,0.2797608603626158,0.3606406860326484,0.3595984536047357
244304871,6597,A,H,0.35826449136024424,0.3343826949513032,0.3073528136884525
244304969,6484,D,H,0.6983879766985556,0.2045905763680284,0.09702144693341608
244304970,6484,A,H,0.5936722764571076,0.20692971769745575,0.19939800584543663
244304971,6484,A,A,0.18133771232017654,0.2928660446477652,0.5257962430320582
244305744,6526,H,H,0.6128663477658233,0.2616210041069006,0.1255126481272761
244305890,6484,D,H,0.599364105806969,0.1975442850037539,0.20309160918927718
244305891,6597,D,H,0.7033033754636564,0.19125755508867653,0.10543906944766708
244306058,6526,H,H,0.6211879531809772,0.2590768598689558,0.11973518695006695
244306626,6435,H,H,0.6395852587938967,0.2080498375522181,0.15236490365388525
244306627,6435,H,H,0.7839645694422817,0.17403989811573972,0.04199553244197858
244306628,6435,A,H,0.4354935855924733,0.2797231932727037,0.2847832211348229
244306629,6435,A,H,0.6299640728141059,0.22637521838273963,0.1436607088031544
244306630,6435,A,A,0.23420725105346668,0.2539640051387071,0.5118287438078262
244306631,6435,A,A,0.08016450749008512,0.17216259766072312,0.7476728948491919
244306632,6435,H,H,0.46483386718583075,0.27579754161629405,0.2593685911978753
244306633,6435,A,H,0.47403649370688145,0.3022377300039443,0.2237257762891743
244306634,6435,H,H,0.4220560073087933,0.31925377746478095,0.2586902152264258
244306635,6435,A,H,0.4554903015029043,0.3225188041571074,0.2219908943399884
244306644,6527,A,H,0.38486853346715505,0.23414636975111985,0.38098509678172515
244306645,6527,A,A,0.22962209489399438,0.2994944055222539,0.4708834995837517
244306646,6527,A,A,0.3548648768905461,0.2529781428144676,0.3921569802949863
244306647,6527,D,A,0.07134763274429125,0.1437253260180277,0.784927041237681
244306648,6527,D,A,0.36744252159303964,0.23089590540945107,0.4016615729975093
244306649,6527,D,A,0.17847153394017368,0.3205353097787568,0.5009931562810694
244306650,6527,H,H,0.48272282850534143,0.3346228160258768,0.18265435546878192
244306651,6527,A,H,0.5133368726937299,0.2717972613029201,0.21486586600334995
244306652,6527,H,H,0.5152665657421427,0.19966939907223377,0.28506403518562357
244307407,6526,H,H,0.5001724469205079,0.24910772284886099,0.25071983023063116
244307726,6484,D,H,0.7031330285715067,0.18797056318510902,0.10889640824338424
244307727,6484,H,H,0.7543842981611126,0.16775132019905079,0.07786438163983667
244307728,6484,H,A,0.2731564308186538,0.22074075021280506,0.5061028189685411
244307732,6526,D,H,0.5799695905248086,0.24855791166715738,0.171472497808034
244307733,6526,D,A,0.2632784941362685,0.3279238526812987,0.4087976531824328
244308290,6597,A,H,0.47764314406135844,0.29790632055682575,0.22445053538181592
244308591,6484,H,H,0.537793050203978,0.2510189984207884,0.21118795137523358
244308592,6597,H,H,0.6070895417942449,0.2826114200525443,0.11029903815321072
244308604,6526,H,A,0.33838350957931684,0.29263062098973275,0.36898586943095046
244308690,6526,D,H,0.3574024737473592,0.31423916659948603,0.3283583596531548
244308852,6526,H,H,0.6688480309649022,0.2292093612172327,0.10194260781786513
244308853,6484,H,H,0.4729085282554063,0.2238063378697744,0.3032851338748193
244576869,6527,H,H,0.5173554661808228,0.2454420600389334,0.23720247378024373
250518519,6435,D,H,0.382202930468259,0.34709620617638487,0.27070086335535615
250518520,6435,H,H,0.5910343743380619,0.30047679192172433,0.10848883374021376
250518521,6435,H,H,0.4761374438196056,0.28663246227399536,0.23723009390639904
250518522,6435,H,H,0.763271768091549,0.17163374132900186,0.06509449057944916
250518523,6435,H,H,0.6809683176915586,0.21673990334120335,0.10229177896723803
250518524,6435,A,A,0.3459251837360049,0.2898589324053867,0.36421588385860837
250518525,6435,A,A,0.3495019873298792,0.29393468125964584,0.35656333141047497
250518526,6435,H,H,0.5531900921925595,0.28468287954307064,0.16212702826436984
250518527,6435,D,H,0.38048634826182615,0.3232549755960375,0.2962586761421363
250518528,6435,H,H,0.6370812395920921,0.2204878866459802,0.14243087376192776
250518529,6435,H,H,0.6334469714645478,0.2210648666004317,0.14548816193502057
250518530,6435,H,H,0.5273387439990652,0.24785987352116595,0.22480138247976886
250518531,6435,H,H,0.3754858190805199,0.28019983043968877,0.3443143504797913
250518532,6435,H,H,0.7389055003342226,0.19676054450235694,0.06433395516342039
250518533,6435,A,A,0.3177050274712311,0.24571372330621252,0.4365812492225565
250518534,6435,D,H,0.3890745786216211,0.3550274501368661,0.2558979712415128
250518535,6435,D,H,0.5602775348962721,0.24855709040257754,0.19116537470115036
250518536,6435,A,A,0.31386849405496353,0.30918225916269715,0.37694924678233943
250518537,6435,A,A,0.20568405551140223,0.3448815835429593,0.4494343609456385
250518538,6435,H,H,0.39015523872222124,0.27977481548116995,0.33006994579660875
250518539,6435,H,H,0.692749006210851,0.21600330922145639,0.09124768456769258
250518540,6435,D,H,0.5988567809631348,0.23929337770351408,0.16184984133335115
250518541,6435,H,H,0.49351489409168264,0.31080943976107345,0.19567566614724385
250518542,6435,A,A,0.30807200060338463,0.27555745935674614,0.4163705400398691
250518543,6435,H,H,0.4455667279042656,0.304660295764596,0.24977297633113835
250518544,6435,H,H,0.3671478868473372,0.3373689157898532,0.2954831973628096
250518545,6435,A,H,0.3837541515392336,0.35360268520850363,0.2626431632522629
250518546,6435,H,H,0.38795051394421765,0.2902755821871689,0.3217739038686135
250518547,6435,D,H,0.4501272531041173,0.2767627836393416,0.27310996325654124
250518548,6435,H,H,0.3469308124800611,0.3133065831522373,0.33976260436770167
250518549,6435,A,A,0.3202860478927426,0.30252520069195143,0.3771887514153059
250518550,6435,A,H,0.46020949180370724,0.25093195818960917,0.2888585500066836
250518551,6435,A,H,0.44364278046025574,0.28049413218624286,0.27586308735350146
250518552,6435,D,A,0.3006291586779024,0.31335994862965294,0.38601089269244465
250518553,6435,A,A,0.2202516705852943,0.34899202140712127,0.43075630800758447
250518554,6435,H,H,0.6229051857155249,0.26017566891627186,0.11691914536820333
250518555,6435,H,H,0.43466213818602706,0.326031854290975,0.2393060075229979
250518556,6435,H,H,0.46307859786574,0.31154492875205275,0.22537647338220715
250518557,6435,H,H,0.41540663037827125,0.29288842081817085,0.29170494880355796
250518558,6435,A,A,0.20549088739859905,0.23307300724626548,0.5614361053551354
250518559,6435,H,H,0.44233919649004366,0.29353655494661013,0.2641242485633462
250518560,6435,A,A,0.2943349063271626,0.21126684396416617,0.49439824970867124
250518561,6435,D,H,0.49341153592204223,0.29780820667255653,0.20878025740540124
250518562,6435,H,H,0.6678046983451891,0.21057820626482865,0.12161709538998235
250518563,6435,A,H,0.4864575700796973,0.2932039053297694,0.22033852459053327
250518564,6435,A,H,0.39422192889045143,0.3061570375969382,0.2996210335126105
250518565,6435,D,H,0.46222227552153683,0.3124563749765741,0.2253213495018891
250518566,6435,H,H,0.6158708772937231,0.24864511063754074,0.1354840120687361
250518567,6435,D,A,0.27382684043100103,0.26539060757585115,0.4607825519931478
250518568,6435,H,H,0.6255671302461485,0.2507310223619402,0.12370184739191126
250518569,6435,A,A,0.3128552320606332,0.2740046853129951,0.41314008262637175
250518570,6435,D,H,0.5063757665836733,0.2714963256358165,0.22212790778051025
250518571,6435,H,H,0.35158316573082016,0.32852461955672396,0.3198922147124559
250518572,6435,A,A,0.18950762908524726,0.36609121865807726,0.4444011522566755
250518573,6435,A,A,0.17596874652450337,0.18964935932254062,0.6343818941529559
250518574,6435,H,H,0.48568502627117266,0.26527878028298946,0.24903619344583777
250518575,6435,A,A,0.2160419221259124,0.27071803959823987,0.5132400382758477
250518576,6435,H,H,0.7379272895435225,0.17730607434676451,0.08476663610971304
250518577,6435,H,A,0.2178988462233294,0.23691160741485226,0.5451895463618184
250518578,6435,D,H,0.4896832444842636,0.30696012067285733,0.20335663484287905
250518579,6435,D,H,0.5393556748031839,0.26719768103012836,0.1934466441666878
250518580,6435,H,H,0.35288517099713956,0.3217843388260256,0.3253304901768349
250518581,6435,H,H,0.57492055659181,0.25369600924438795,0.171383434163802
250518582,6435,D,A,0.3179491256766794,0.2833653276083612,0.39868554671495937
250518583,6435,A,H,0.6615917659620323,0.22041243519014542,0.11799579884782237
250518584,6435,A,A,0.03859485997626827,0.154859363765479,0.8065457762582527
250518585,6435,H,H,0.6167394813370252,0.20335794478669256,0.17990257387628228
250518586,6435,H,H,0.5097361602329197,0.27426710886868444,0.21599673089839586
250518587,6435,H,A,0.24946643060431808,0.2886811254398577,0.46185244395582425
250518588,6435,A,H,0.5085661360303636,0.26934569581341844,0.22208816815621799
256864051,6527,D,A,0.16889004269152333,0.2595931875657731,0.5715167697427035
256864052,6527,H,H,0.8416383017738197,0.11699446474836499,0.0413672334778154
256864053,6527,D,A,0.1602148223348233,0.35927602654209473,0.48050915112308207
256864054,6527,A,H,0.423360936996827,0.2854288586459108,0.29121020435726225
256864055,6527,H,H,0.643368254480792,0.23164302854688582,0.12498871697232218
256864056,6527,H,H,0.3787420561433905,0.2723329312380022,0.3489250126186073
256864057,6527,D,H,0.4817335926054738,0.24744013426131486,0.27082627313321145
256864058,6527,H,H,0.5592290126519353,0.2784580408793931,0.16231294646867162
256864059,6527,H,H,0.617511827827885,0.27250062356326726,0.10998754860884766
256864060,6527,D,H,0.4713232539586012,0.27572296185364054,0.2529537841877583
256864061,6527,A,H,0.574534535816591,0.25670673919638215,0.16875872498702688
256864062,6527,H,A,0.3264115874821888,0.24248518507151834,0.43110322744629276
256864063,6527,H,H,0.47439238421969326,0.25946237002135775,0.26614524575894893
256864064,6527,H,H,0.712234143271562,0.17264508666566222,0.11512077006277575
256864065,6527,H,A,0.2363382801724763,0.26249760036411063,0.501164119463413
256864066,6527,H,H,0.58033174315675,0.2690606685335768,0.15060758830967322
256864067,6527,A,H,0.6192796169661192,0.21732545879681178,0.163394924237069
256864068,6527,H,A,0.1864344657245117,0.15972593974506377,0.6538395945304245
256864069,6527,H,H,0.6309240746851742,0.22042291129031982,0.14865301402450598
256864070,6527,D,A,0.3176729065149197,0.2565002934081963,0.42582680007688406
256864071,6527,H,A,0.279655191338752,0.27315890154563555,0.4471859071156125
256864072,6527,A,H,0.454284156636207,0.2834862720099967,0.2622295713537962
256864073,6527,H,H,0.5143530738024098,0.2676064593392708,0.2180404668583194
256864074,6527,D,H,0.5160618185608996,0.24682200776025126,0.2371161736788491
256864075,6527,H,A,0.12528789013345565,0.2401488691566572,0.6345632407098872
256864076,6527,H,H,0.5144067475159122,0.2880136340815141,0.19757961840257376
256864077,6527,H,H,0.47071247290525353,0.2663460627315757,0.26294146436317073
256864078,6527,A,H,0.49922628703208505,0.28723766897693637,0.21353604399097859
256864079,6527,A,H,0.6810129641561566,0.15603090638949385,0.16295612945434945
256864080,6527,A,H,0.6155391438193633,0.20831479635681846,0.1761460598238182
256864081,6527,A,A,0.1380609163532056,0.24776189029446627,0.614177193352328
256864082,6527,H,A,0.18915916063944269,0.2696444547750301,0.5411963845855272
256864083,6527,A,A,0.2019532980615567,0.2601557852204574,0.5378909167179858
256864084,6527,H,H,0.48809967772394214,0.2554163447126416,0.25648397756341634
256864085,6527,A,A,0.037331828711145335,0.10583483517602074,0.8568333361128337
256864086,6527,A,H,0.4301068981317444,0.2927367737113494,0.27715632815690616
256864087,6527,D,A,0.3795297636804414,0.22603397624867094,0.3944362600708877
256864088,6527,A,A,0.24354716464092213,0.2858119700547329,0.470640865304345
256864089,6527,H,H,0.6183611484698963,0.24563327216995162,0.13600557936015203
256864090,6527,H,H,0.4250166287934343,0.22006891078463156,0.35491446042193414
256864091,6527,A,A,0.20760680934221212,0.24936556273068136,0.5430276279271066
256864092,6527,H,H,0.4888571871250021,0.26188525731717727,0.2492575555578207
256864093,6527,H,A,0.3075548593600985,0.24667982558434146,0.4457653150555601
256864094,6527,H,H,0.7072862327779369,0.2227363089436793,0.06997745827838377
256864399,6526,D,H,0.36827942091771976,0.27139082172572626,0.36032975735655404
256864400,6526,A,A,0.34416197240401747,0.2479318236045572,0.40790620399142535
256864401,6526,H,A,0.22781794879851225,0.22021909965261585,0.5519629515488718
256864402,6526,H,H,0.623536832154172,0.2446933730217726,0.13176979482405535
256864403,6526,A,A,0.12707073063351318,0.23837669071657902,0.6345525786499079
256864404,6526,D,H,0.6400347291002274,0.2337411379760253,0.12622413292374726
256864405,6526,H,H,0.5756819477119532,0.24957787121904149,0.17474018106900532
256864406,6526,A,H,0.5417581865494285,0.2507033548332281,0.20753845861734338
256864407,6526,H,H,0.7177124360943988,0.20189735163146422,0.08039021227413697
256864408,6526,H,H,0.659975929416084,0.2288698525604709,0.11115421802344502
256864409,6526,D,A,0.2316001888893841,0.2752506319324733,0.4931491791781426
256864410,6526,A,H,0.6481358423453978,0.2378094399174889,0.1140547177371134
256864411,6526,D,H,0.5752759159772282,0.23166664139740414,0.19305744262536775
256864412,6526,A,A,0.2498138064143857,0.26331006947449925,0.4868761241111151
256864413,6526,A,A,0.282066771965613,0.26158016479950574,0.45635306323488134
256864414,6526,H,H,0.4196960627378732,0.2411701403131586,0.3391337969489683
256864415,6526,H,H,0.40810422463357504,0.33768635662860275,0.25420941873782216
256864416,6526,A,H,0.4794410680504177,0.2614270009198867,0.2591319310296957
256864417,6526,H,H,0.37529054973505915,0.28094246787917465,0.3437669823857662
256864418,6526,A,A,0.2618165920352508,0.2179671450648294,0.5202162628999197
256864419,6526,A,H,0.595994992657902,0.27507555396758604,0.12892945337451198
256864420,6526,H,H,0.553765238674757,0.25813191909303124,0.18810284223221174
256864421,6526,A,A,0.31902361602340384,0.2474341803390659,0.4335422036375304
256864422,6526,A,A,0.19505267706231036,0.24993400733010437,0.5550133156075853
256864423,6526,D,H,0.7655179543944585,0.17470692854520264,0.05977511706033901
256864424,6526,D,H,0.5445459940808782,0.29214639753262056,0.1633076083865012
256864425,6526,A,A,0.2351363720722506,0.2852572448620612,0.47960638306568804
256864426,6526,H,A,0.22189949104070145,0.26282350149321093,0.5152770074660876
256864427,6526,D,A,0.21326578321176343,0.27693418550911897,0.5098000312791177
256864428,6526,H,H,0.5008067003844313,0.24203614232634757,0.2571571572892212
256864429,6526,A,H,0.5396671163136072,0.28555874711901175,0.174774136567381
256864430,6526,D,A,0.21467181267412233,0.34720310428446455,0.43812508304141323
256864431,6526,A,A,0.22052933335364472,0.26851394137865453,0.5109567252677008
256864432,6526,A,A,0.24790063770569357,0.21169223386024486,0.5404071284340616
256864433,6526,A,A,0.30880861115323466,0.3412137711146527,0.34997761773211267
256864434,6526,H,A,0.26140451120011177,0.3016903397372244,0.4369051490626639
256864435,6526,H,H,0.6080209336314142,0.2495433800633176,0.1424356863052682
256864436,6526,H,H,0.4661239079478763,0.3002163541413327,0.23365973791079114
256864437,6526,A,A,0.23243676159824073,0.2641272726402012,0.5034359657615581
256864438,6526,H,H,0.4711322553940477,0.25733756213336406,0.2715301824725882
256864439,6526,D,H,0.4155477924439707,0.2587433350452506,0.3257088725107787
256864440,6526,H,H,0.6133702052102065,0.2640189790328745,0.12261081575691912
256864441,6526,H,H,0.4997369937396185,0.2911042073812454,0.20915879887913627
256864442,6526,H,H,0.4405205344583193,0.24228222685445494,0.3171972386872257
256864443,6526,H,H,0.4491570873619377,0.2491424355441727,0.3017004770938895
256864444,6526,H,A,0.30826940963855654,0.22863614965778187,0.4630944407036617
256864445,6526,D,D,0.33069741075140047,0.36869650046533725,0.3006060887832624
256864446,6526,A,A,0.1451972502067279,0.25792765287615377,0.5968750969171184
256864447,6526,A,A,0.26975311766841037,0.30609224242540245,0.42415463990618707
256864448,6526,A,A,0.20477010661716694,0.2893725478839095,0.5058573454989236
256864449,6526,H,H,0.680960765566241,0.23110615170184667,0.08793308273191243
256864450,6526,A,D,0.3380933058910851,0.3680026777852755,0.29390401632363927
256864451,6526,A,H,0.3977795645970098,0.34834807156954073,0.2538723638334495
256864452,6526,D,H,0.5388495278601539,0.28396262049605214,0.17718785164379391
256864453,6526,H,A,0.2970321823135051,0.343362883294404,0.35960493439209085
256864454,6526,A,A,0.14792136084033544,0.26843437912453877,0.5836442600351258
256864455,6526,A,H,0.39116316149862185,0.2825383031175605,0.32629853538381764
256864456,6526,A,A,0.2906549162741859,0.3349985911127035,0.37434649261311054
256864457,6526,D,H,0.3981840337081657,0.3179275892515156,0.2838883770403186
256864458,6526,A,A,0.28303014878713106,0.29947856427171005,0.4174912869411589
262683378,6484,A,A,0.14595721732805714,0.2341888652392131,0.6198539174327299
262683379,6484,D,A,0.3066371338650755,0.23894674278891875,0.45441612334600573
262683380,6484,A,H,0.3844442095404588,0.2740854823583884,0.3414703081011527
262683381,6484,D,A,0.31430368346890064,0.20312542288588223,0.4825708936452171
262683382,6484,D,H,0.7072430105419116,0.20207754077478982,0.09067944868329866
262683383,6484,H,H,0.5380375047376285,0.2695056231405071,0.19245687212186458
262683384,6484,H,H,0.7260989355348514,0.1783819910204612,0.09551907344468732
262683385,6484,H,H,0.36647757164665823,0.2907009069772338,0.34282152137610794
262683386,6484,A,A,0.09151169183097037,0.16649152901460426,0.7419967791544253
262683387,6484,H,H,0.4544266071004172,0.2010860992917551,0.34448729360782765
262683388,6484,A,A,0.35666362936664436,0.2087808142046703,0.43455555642868526
262683389,6484,D,H,0.6474383520678473,0.21593352596688953,0.13662812196526314
262683390,6484,A,H,0.5289997029766637,0.22386093761883694,0.24713935940449946
262683391,6484,A,H,0.3981994791796461,0.25040337783498146,0.3513971429853725
262683392,6484,A,H,0.4580385808997587,0.21705116459454965,0.3249102545056916
262683393,6484,H,A,0.227210779134395,0.18520985341575957,0.5875793674498454
262683394,6484,H,H,0.5228569159907073,0.2499786378277891,0.2271644461815037
262683395,6484,H,H,0.5801447194534486,0.16913336719622812,0.2507219133503233
262683396,6484,D,A,0.3429838236712665,0.252586420949766,0.40442975537896747
262683397,6484,A,A,0.30891988543907956,0.2540822909473184,0.43699782361360207
262683398,6484,H,H,0.5960364917284505,0.19625439116314705,0.20770911710840242
262683399,6484,D,H,0.6727755190115772,0.15794584005630943,0.16927864093211328
262683400,6484,H,H,0.47704577615233956,0.2155304401660133,0.3074237836816471
262683401,6484,D,H,0.5350021712269704,0.2359417845136763,0.22905604425935336
262683402,6484,H,A,0.2614020916965184,0.26137752230549743,0.4772203859979841
262683403,6484,A,A,0.3039408614990631,0.21595086725041046,0.4801082712505264
262683404,6484,H,H,0.5758518483969581,0.21833633933158475,0.20581181227145712
262683405,6484,H,H,0.4601675995540586,0.2672480551245452,0.2725843453213961
262683406,6484,A,A,0.1821257164215788,0.26312317718828243,0.5547511063901388
262683407,6484,H,H,0.6399818508339442,0.23135332072437673,0.12866482844167912
262683408,6484,A,H,0.3858212797894857,0.2654768519523884,0.3487018682581259
262683409,6484,D,H,0.6379112724880364,0.18765765363620285,0.1744310738757608
262683410,6484,H,H,0.44286400368604184,0.2869182011581127,0.27021779515584554
262683411,6484,H,H,0.41469259951951953,0.21328348368720504,0.3720239167932754
262683412,6484,D,H,0.38651615479331114,0.24325835257588946,0.3702254926307994
262683413,6484,H,H,0.37414864746013327,0.3425068961026274,0.2833444564372393
262683414,6484,A,H,0.484989615908932,0.24858042457266696,0.26642995951840087
262683415,6484,H,H,0.553430798928463,0.2058232536653965,0.24074594740614058
262683416,6484,H,H,0.6607179307628994,0.23371374484004856,0.10556832439705215
262683417,6484,A,H,0.5780934689803512,0.18865606349369002,0.2332504675259588
262683418,6484,A,H,0.476184723790009,0.2277693647763234,0.2960459114336676
262683419,6484,A,A,0.3030474288075903,0.31203839331352284,0.38491417787888693
262683420,6484,H,H,0.5507304713528787,0.21444935748687394,0.23482017116024742
262683421,6484,A,A,0.3845469717783521,0.21082489403030188,0.4046281341913461
262683422,6484,D,H,0.5427114596521747,0.17876347357529904,0.2785250667725263
262683423,6484,H,A,0.3106212164653713,0.26148250040931303,0.42789628312531564
262683424,6484,D,H,0.3862434180140445,0.23292632420705991,0.3808302577788955
262683425,6484,A,A,0.15338570550299702,0.19990952841736237,0.6467047660796407
262683426,6484,A,H,0.43031428038350805,0.22928282169121175,0.3404028979252802
262683427,6484,A,A,0.3840853244825093,0.2218636216508266,0.39405105386666417
262683428,6484,A,H,0.4131855332360497,0.2957390850292268,0.2910753817347236
262683429,6484,H,H,0.6336684040944621,0.2527359169744315,0.11359567893110636
262683430,6484,D,A,0.09529106619499729,0.2213716514516459,0.6833372823533568
262683431,6484,A,H,0.5058417042514581,0.24340724996663002,0.2507510457819118
262683432,6484,H,A,0.2556594045357729,0.1926348211381942,0.551705774326033
262683433,6484,H,H,0.6459738816349697,0.17607909709217384,0.1779470212728565
262683434,6484,A,H,0.6231056508599118,0.19767378570933336,0.17922056343075485
262683435,6484,H,H,0.4756532139304509,0.20344058014284147,0.32090620592670754
262683436,6484,D,H,0.5946538214200581,0.23849961755925114,0.16684656102069073
262683437,6484,A,A,0.06408816446146716,0.15253205993058627,0.7833797756079466
263274543,6597,D,A,0.36110362159885234,0.27283748094407606,0.36605889745707165
263274544,6597,H,H,0.4988344293335012,0.2790397988213704,0.22212577184512836
263274545,6597,H,H,0.5582356032839165,0.2853638982922068,0.15640049842387663
263274546,6597,D,H,0.6657861900045664,0.22424816122818003,0.10996564876725354
263274561,6597,D,H,0.4878248987433417,0.24868088588969073,0.2634942153669676
263274562,6597,A,A,0.09315185963723248,0.14326123971993804,0.7635869006428295
263882437,6597,D,A,0.34738806489697555,0.28102897425658535,0.37158296084643905
263882445,6597,D,A,0.22273063410256216,0.24604451314463235,0.5312248527528054
263882449,6597,H,H,0.5036423570053673,0.2420905153087871,0.25426712768584564
267675950,6597,A,H,0.6354399782867414,0.2521752014752639,0.11238482023799469
268189308,6597,H,A,0.2523201198285274,0.2977747708677144,0.44990510930375816
268189312,6597,H,H,0.732865915270211,0.14789338152255507,0.11924070320723393
268189324,6597,H,H,0.4666923222529961,0.2889051756531209,0.24440250209388303
268189325,6597,A,A,0.29079642534243294,0.27897727008975753,0.43022630456780964
268189326,6597,H,H,0.6081975754365535,0.25408908873677205,0.1377133358266745
268189350,6597,A,H,0.461625769307738,0.26718297729850893,0.2711912533937531
268738334,6597,D,A,0.3272676196852939,0.3260007432210305,0.34673163709367566
268738349,6597,D,H,0.47095323901872455,0.3093797214771163,0.21966703950415917
271892656,6597,D,H,0.4533999306853467,0.3293706997600472,0.21722936955460614
272454978,6597,H,H,0.5255901337052922,0.24070528104432318,0.23370458525038468
272454979,6597,A,H,0.37232620769926766,0.26678043962850234,0.36089335267223005
272454981,6597,D,H,0.5321101275475149,0.2737877872999822,0.194102085152503
272454985,6597,D,A,0.18007053484176894,0.20509463694312807,0.6148348282151029
272454990,6597,D,H,0.37051757560411097,0.3463239083125219,0.2831585160833671
273017251,6597,A,H,0.5351082740413197,0.2791738032823793,0.18571792267630102
273017264,6597,D,H,0.40177813074871166,0.26904818440496986,0.32917368484631854
273017270,6597,D,A,0.29835586146782733,0.2650381739824497,0.436605964549723
276523514,6597,D,H,0.4706249132830508,0.29822537788792497,0.2311497088290241
277107769,6597,H,H,0.7800747226942331,0.13002619148216915,0.0898990858235978
277107773,6597,A,A,0.3111649450363101,0.31516605339097437,0.37366900157271565
277107774,6597,A,A,0.2568778177006756,0.2426360214888927,0.5004861608104316
277107775,6597,A,H,0.5161304508534159,0.28925125915011535,0.19461828999646874
277107776,6597,D,H,0.4364998230180869,0.26099197693634835,0.3025082000455647
277699963,6597,H,H,0.5353032069481407,0.2645055402635489,0.2001912527883104
277699967,6597,D,H,0.6064300581045644,0.2402906678124541,0.1532792740829815
277699970,6597,A,H,0.5140112548721416,0.24583714924854552,0.24015159587931284
281601305,6597,A,A,0.31300917575766624,0.3290886652344602,0.3579021590078736
281601306,6597,A,H,0.41075748458875294,0.2944893945811875,0.2947531208300595
281601307,6597,A,H,0.4127587269431151,0.2754046262463021,0.3118366468105828
281601308,6597,H,H,0.6439354214752856,0.24450184839484784,0.1115627301298665
281601309,6597,A,A,0.10503422439562837,0.15537049588418944,0.7395952797201821
281601310,6597,A,H,0.58308845359932,0.2637657505220522,0.15314579587862773
281601311,6597,A,A,0.32802937544759614,0.2940241346509267,0.3779464899014772
281601312,6597,D,A,0.3890615658259789,0.2207503662631372,0.39018806791088406
281601313,6597,A,H,0.5109257855906779,0.23633485765768728,0.2527393567516348
