fixture_id,season_id,y_true,y_pred,p_home,p_draw,p_away
152781768,6435,D,H,0.3855628974927211,0.33340232886646176,0.2810347736408171
152781770,6435,D,H,0.4054506493481679,0.3410258151474473,0.2535235355043849
152908782,6435,D,H,0.4053518657632897,0.3249409337664311,0.26970720047027924
152908783,6484,H,H,0.48000888201834774,0.22403615530102333,0.29595496268062904
152908785,6435,H,H,0.4821818502880243,0.28592884357158344,0.23188930614039235
153121348,6526,D,H,0.5369517667130376,0.24308450973340284,0.2199637235535596
153121349,6526,D,A,0.33121151344910926,0.3156868625282828,0.35310162402260803
153121354,6526,D,D,0.29979787452041795,0.35944004547282427,0.34076208000675773
153121355,6526,D,A,0.23122876938673328,0.3198095950599924,0.4489616355532742
153121356,6484,A,H,0.4485400793878172,0.2594430409526352,0.29201687965954765
153121359,6484,H,H,0.6646326556996516,0.15872745280682282,0.17663989149352566
153121360,6484,A,H,0.4204114243192855,0.27115002997411075,0.3084385457066037
153121361,6484,H,H,0.7053045569530672,0.1272386746766087,0.16745676837032406
153121362,6484,A,A,0.14905962107228066,0.14087700246748264,0.7100633764602369
153121364,6435,D,H,0.504490506564255,0.30943843254992753,0.18607106088581749
153121365,6484,D,H,0.5045445141278179,0.22671933155647903,0.26873615431570314
153121366,6435,A,A,0.26571254696597035,0.35858673438304717,0.3757007186509826
153121367,6527,H,H,0.6181574749575336,0.1597001760877627,0.22214234895470364
153121371,6527,A,A,0.3015212748344144,0.2530958518303483,0.44538287333523724
153121372,6527,A,H,0.4152074021220544,0.23593664008466508,0.3488559577932806
153121383,6527,A,A,0.3161966104092302,0.2740516231918181,0.4097517663989519
153503374,6526,H,H,0.36409892495768725,0.29037802809176105,0.34552304695055164
153503375,6526,D,H,0.4934683747575181,0.3022252917345159,0.20430633350796604
153503376,6484,A,A,0.32383902846466645,0.2974855357935442,0.3786754357417894
153503377,6484,H,H,0.35836990291903886,0.28577693199554755,0.35585316508541354
153503379,6435,D,A,0.26353105055776305,0.32787615787968905,0.40859279156254785
153503380,6526,H,H,0.5765499678416109,0.22954520803904022,0.19390482411934878
153503381,6526,D,H,0.3548411290384008,0.31708055286802067,0.32807831809357846
153503382,6527,H,H,0.3772673972736466,0.26501853720859236,0.357714065517761
153503385,6435,A,D,0.36041592747004797,0.3803428285465967,0.25924124398335535
153503389,6527,A,A,0.28377847062030326,0.3574364620266747,0.3587850673530221
153503390,6527,D,H,0.385137688739945,0.27952011600265836,0.3353421952573966
153503391,6527,D,H,0.3522745245946964,0.3280154900439648,0.3197099853613388
153503392,6527,H,A,0.3293413537165197,0.3237306779904607,0.34692796829301964
153799321,6435,D,A,0.3260705551604827,0.3325305017811159,0.34139894305840146
153799322,6484,D,H,0.3713581048271121,0.2675061673129767,0.3611357278599112
153799323,6526,H,H,0.5041169635331392,0.2841593004192133,0.21172373604764755
153799333,6526,A,A,0.33161881366801094,0.3003534664567098,0.3680277198752792
153799336,6435,H,H,0.4251894791446845,0.3029589359079003,0.2718515849474153
154591797,6597,A,A,0.22405485087623522,0.32640500888977764,0.44954014023398703
154830973,6597,H,H,0.4828041781948487,0.19418395127664587,0.32301187052850533
154830974,6597,D,H,0.5630516657973057,0.21769413263301723,0.2192542015696771
154830975,6597,H,H,0.5127191087373124,0.2775576100114588,0.2097232812512288
154830976,6597,H,H,0.6523269760889382,0.15772473992188485,0.18994828398917699
154830980,6597,D,H,0.42100575001139623,0.3193241112114726,0.25967013877713113
154830984,6597,H,A,0.2630531846719577,0.31234664966208137,0.424600165665961
155290854,6435,H,H,0.5726493045281456,0.22720983125175748,0.20014086422009691
155290856,6597,A,H,0.3810622799802395,0.2961556607097905,0.32278205930997
155290863,6435,A,H,0.4896780856472886,0.2787637725935765,0.2315581417591349
155290864,6435,D,H,0.3985715479763254,0.30551584946392896,0.2959126025597456
155290865,6435,H,H,0.5764979400445216,0.266576963748918,0.15692509620656048
155290866,6435,H,H,0.398679929593444,0.31836349465625063,0.2829565757503054
155290867,6435,A,H,0.4208704097073485,0.30470020595718894,0.27442938433546243
155290868,6435,H,H,0.5895786729137629,0.24638770256701067,0.16403362451922657
155658082,6597,A,A,0.32410469410564907,0.2351790530554176,0.44071625283893334
155658106,6435,H,H,0.41533023459969315,0.2721682025243143,0.31250156287599257
155658107,6435,D,A,0.32867374002869015,0.3297146459418038,0.3416116140295061
155658109,6435,H,A,0.3566298825305322,0.21921537286760245,0.42415474460186525
156528090,6527,H,H,0.607041405569575,0.17809023331007262,0.21486836112035232
156559576,6597,H,H,0.5820989061855181,0.25676204421324833,0.16113904960123357
156783614,6484,H,H,0.5330838074842885,0.2258072829861184,0.24110890952959307
156784040,6484,A,H,0.6317651020240731,0.1690654035398447,0.19916949443608215
156784045,6484,H,H,0.5377018382710721,0.23825588961244312,0.22404227211648484
156784051,6484,H,H,0.8525627895850921,0.09869812576570094,0.04873908464920695
156784053,6484,A,A,0.3377862957207675,0.27841607166924554,0.3837976326099869
156784055,6484,H,H,0.5685772007996792,0.24405936086633295,0.1873634383339879
156784608,6527,A,A,0.2791157448918566,0.30898663055683395,0.4118976245513094
156784989,6484,A,A,0.20900122952050973,0.31676442836666263,0.4742343421128278
156784999,6526,H,A,0.2727367346283936,0.31307186064196146,0.41419140472964494
156785000,6526,H,A,0.24204540521988221,0.3423385369079139,0.4156160578722039
156785012,6527,H,H,0.5351205534389084,0.23553120797566665,0.22934823858542486
156785132,6526,H,H,0.5750317587313567,0.20572634736285372,0.21924189390578958
156785133,6526,A,D,0.32922957108057677,0.3639178322998634,0.3068525966195599
156785143,6527,A,H,0.4752111074468951,0.3169128592415639,0.20787603331154111
156833294,6597,A,H,0.606574450339696,0.17270663342891437,0.2207189162313896
156833297,6597,A,A,0.27578075537231744,0.19387197654344945,0.530347268084233
156833298,6597,A,H,0.5389601128862664,0.2604480536357182,0.2005918334780153
156833299,6597,D,A,0.3073492717946711,0.29764250950079235,0.3950082187045366
156833300,6597,H,H,0.44545436192905663,0.31510875696276536,0.23943688110817798
156833301,6597,D,H,0.48217715591432814,0.2627122207655726,0.2551106233200992
156833303,6526,H,A,0.19848186542981605,0.2996371573259193,0.5018809772442646
156833307,6484,H,H,0.6845592729446538,0.17110714304420563,0.1443335840111406
156833310,6484,A,D,0.28157824771097967,0.41706422399607573,0.30135752829294443
156833311,6484,D,H,0.360696334688749,0.2801917665746876,0.3591118987365634
157282140,6527,H,H,0.5454513154838008,0.27127318234846853,0.18327550216773067
157282604,6527,H,A,0.28626661094439393,0.2716775445424731,0.44205584451313296
157282605,6527,H,H,0.40048225535637794,0.2710191948388621,0.32849854980475995
157282608,6527,D,H,0.38045697133044565,0.2987237023711391,0.32081932629841525
157282771,6526,D,H,0.6796922647565199,0.20777414255327234,0.1125335926902078
157282888,6527,D,H,0.5762792899794769,0.277895905411367,0.14582480460915623
157282889,6526,H,H,0.44119504360409106,0.26354159193556925,0.2952633644603397
157282890,6526,A,H,0.430011753549382,0.3068904118995969,0.26309783455102115
157334390,6526,A,H,0.34841836776945473,0.32354261601706563,0.3280390162134796
157334392,6597,H,H,0.5746917697482279,0.22198060399732875,0.20332762625444337
157334395,6597,H,H,0.5964651784995182,0.20801114541409896,0.1955236760863829
157706664,6526,D,H,0.5572530279419243,0.3111444529125973,0.13160251914547832
157706724,6435,H,H,0.42465785502606646,0.23262838273181383,0.3427137622421197
157750800,6526,D,H,0.4589638954545493,0.31153303972792856,0.2295030648175221
157750801,6527,A,A,0.22266964402246836,0.18718415387542325,0.5901462021021084
157750802,6526,A,H,0.4272627963031975,0.2676655320016095,0.30507167169519306
157750803,6526,D,H,0.719687949513592,0.15015227983521157,0.13015977065119635
157750804,6527,H,A,0.14894626179369644,0.22399345701125542,0.6270602811950481
157750805,6484,A,A,0.2704901462115699,0.2191604922563212,0.510349361532109
157750806,6527,D,H,0.575803350629101,0.17733163862476597,0.24686501074613293
157750807,6484,H,A,0.3324078265830906,0.1994443070563627,0.46814786636054684
157750808,6484,D,H,0.4705776440007782,0.29320580287214865,0.2362165531270733
157750809,6526,H,H,0.6905922013001449,0.18826025017283027,0.1211475485270249
157750810,6526,D,A,0.2734621466143695,0.32769887656645375,0.3988389768191766
157750811,6526,H,H,0.42193985135395173,0.32656527412824266,0.25149487451780556
157750812,6526,D,H,0.4946092858304483,0.3088362061470378,0.19655450802251404
157750813,6484,A,A,0.2045946202100852,0.2850574887301105,0.5103478910598044
157750814,6484,D,H,0.720092024631052,0.16877494487716788,0.11113303049178
157750815,6484,D,A,0.16192717304840756,0.16648698470924042,0.6715858422423521
157750816,6484,A,A,0.3021586899159385,0.22916748833820447,0.468673821745857
157750817,6484,H,H,0.5105615445234956,0.2303515943042738,0.2590868611722306
157750818,6484,D,H,0.6740752673003247,0.1009407822266904,0.2249839504729849
157750819,6527,H,A,0.3229054208847921,0.24582138366345996,0.4312731954517479
157750820,6435,D,A,0.17295333606815344,0.27349411114161587,0.5535525527902307
157750821,6435,H,H,0.4101193861842192,0.3167777217662117,0.27310289204956906
157750822,6435,A,H,0.47115499001668776,0.27643497490781205,0.2524100350755001
157750823,6435,H,H,0.4870525948892583,0.2877001194723128,0.2252472856384289
157750824,6435,A,A,0.31645326471540103,0.24047283954115908,0.44307389574343986
157750825,6435,D,A,0.2933711224477935,0.30717167288892955,0.39945720466327694
157750826,6526,H,A,0.2957476702998776,0.2472849803363682,0.45696734936375416
158001286,6526,H,H,0.44158490323172334,0.3226028157692565,0.2358122809990202
158001287,6526,A,A,0.29969094105835076,0.3102158562935685,0.39009320264808084
158001288,6435,D,H,0.540892325241412,0.24869712880817868,0.21041054595040942
158001289,6435,D,H,0.5603843029782483,0.2437635000062364,0.19585219701551537
158001310,6484,A,H,0.5042160536208049,0.18320564552093266,0.3125783008582625
158222940,6435,H,H,0.5673421531725364,0.23636100971625096,0.1962968371112126
158946180,6435,H,H,0.8146488252274292,0.13507008524663486,0.05028108952593595
158946197,6527,H,H,0.388506072991497,0.2736864128472735,0.3378075141612296
158946598,6435,A,A,0.2980969247028865,0.2724643095081797,0.42943876578893386
158946602,6527,A,A,0.20340548273952236,0.3141994271448427,0.4823950901156349
158946634,6435,H,H,0.6004718584205744,0.1940207660218935,0.20550737555753223
158946773,6527,A,A,0.23191393967726986,0.20936437543530118,0.5587216848874289
158946782,6435,D,A,0.2138197505782983,0.27193675985328775,0.514243489568414
158946783,6435,A,H,0.384822146522447,0.27413653488657314,0.34104131859097986
159468224,6435,H,H,0.6212856491040818,0.2113129674401407,0.16740138345577746
159468225,6435,H,A,0.3244865349742031,0.3081525944540852,0.3673608705717116
159468234,6527,A,A,0.2866914171104437,0.2931960316674962,0.4201125512220601
159468238,6527,H,A,0.2773247433481691,0.2590926532406237,0.4635826034112072
159468407,6435,A,H,0.3802422911142279,0.2827023566721157,0.33705535221365646
159468437,6435,D,H,0.5764093786919914,0.19613481911772915,0.2274558021902795
159468531,6435,H,H,0.6218892823356703,0.20845809360205433,0.16965262406227535
160980090,6597,H,H,0.6054760506813816,0.151171718772331,0.24335223054628746
161252166,6484,A,A,0.3839003626438999,0.21420205661126132,0.4018975807448389
161252167,6484,H,H,0.4487039679977044,0.35693318231482046,0.19436284968747516
161252168,6484,H,H,0.822456479533012,0.11649247750519283,0.061051042961795116
161252169,6484,A,H,0.727488543633961,0.12717639467653027,0.14533506168950874
161252170,6484,D,H,0.5760804424821196,0.203022089719094,0.22089746779878636
161252171,6484,D,H,0.6250717769520817,0.18336334142567026,0.19156488162224805
161252172,6484,D,H,0.7928432418831075,0.13776413982351107,0.06939261829338143
161252173,6597,A,A,0.2404970512615786,0.3783848826485533,0.38111806608986815
161252174,6484,A,H,0.37038787376768684,0.2978363343243554,0.33177579190795775
161252175,6597,H,H,0.5384261447443144,0.26446147606818443,0.1971123791875012
161252176,6597,A,A,0.17360036958142747,0.13823824804469004,0.6881613823738825
161252177,6597,A,A,0.1234270833333555,0.30019608810889037,0.5763768285577542
161252217,6597,A,H,0.486406932605014,0.19719092048989467,0.3164021469050913
161252218,6597,D,H,0.5899115778627531,0.19615272509175327,0.21393569704549367
161792352,6484,A,H,0.4719720674179356,0.2306980183569787,0.29732991422508576
161792354,6484,A,A,0.29811764989799444,0.30486493516429775,0.39701741493770776
161792356,6597,A,H,0.5652638990644705,0.196497236735177,0.2382388642003525
161792357,6527,D,H,0.43222970987100645,0.3071627450360932,0.2606075450929003
161792358,6527,H,A,0.3368791701306776,0.27317224394307443,0.389948585926248
161792359,6527,A,H,0.5954567069663855,0.22862371080111432,0.17591958223250018
161792366,6597,H,H,0.50858494620112,0.3224170817204615,0.1689979720784185
161792368,6527,H,H,0.6970085030039255,0.19476854995311416,0.10822294704296034
162252209,6435,H,H,0.6841370046911271,0.20933554727789908,0.10652744803097375
162252210,6435,A,H,0.37898692933162614,0.35554100089562946,0.26547206977274446
162252211,6435,A,A,0.20692538163044025,0.18008941953395027,0.6129851988356094
162252216,6435,A,A,0.1510085139408724,0.2578942575520576,0.5910972285070699
162252217,6435,H,H,0.4079126119249543,0.26003544263143263,0.332051945443613
162252218,6435,H,H,0.49274359540938406,0.2274693929480704,0.27978701164254555
162252219,6435,A,H,0.47066273987199075,0.25036362524274036,0.27897363488526883
162252220,6435,H,H,0.5349720591887506,0.2561390793679161,0.20888886144333338
162252258,6435,H,H,0.6089617860987084,0.28181292514615336,0.10922528875513818
162252259,6435,H,H,0.7028681678621918,0.20135887820178766,0.09577295393602066
162525188,6526,H,H,0.4848258152548961,0.2550071365029841,0.26016704824211967
162525190,6526,A,H,0.43920895687190215,0.36169583573968894,0.19909520738840886
162525191,6527,D,H,0.5984356255428395,0.2050429553215963,0.19652141913556417
162525206,6526,D,H,0.34847301566700895,0.3089927006577257,0.3425342836752654
162525209,6526,H,H,0.7611485542387196,0.16425567620348425,0.07459576955779625
162525213,6527,A,A,0.1462663030815616,0.3021130415295268,0.5516206553889116
162525214,6526,D,A,0.22597307409798192,0.25108009221544536,0.5229468336865728
162525216,6527,H,H,0.5445098404174589,0.2339793046966076,0.2215108548859335
162525223,6526,D,A,0.22955953442260427,0.30404859225766206,0.4663918733197337
162525238,6527,H,A,0.16958768954952688,0.2584639645685658,0.5719483458819073
162525249,6527,H,H,0.6347985537552036,0.21692172473547316,0.14827972150932336
162525261,6526,D,A,0.17969353478341493,0.2399822405330418,0.5803242246835432
162525282,6526,A,A,0.3117439325314071,0.2915034856047592,0.3967525818638337
162525284,6526,D,D,0.2997634971243049,0.3685343335948717,0.33170216928082347
162525285,6526,H,A,0.34510093913756046,0.2525926572743071,0.4023064035881325
163194222,6527,H,H,0.5755765981699014,0.23057034268491455,0.19385305914518403
163194227,6597,A,D,0.3573476783205885,0.36462012752958073,0.2780321941498307
163194237,6435,A,H,0.34435664761041923,0.3215421947376468,0.334101157651934
163194238,6435,H,H,0.5764932288704633,0.23659782852869357,0.18690894260084312
163461421,6527,D,H,0.4315999366496879,0.2313844278820371,0.3370156354682751
163461432,6527,D,A,0.05440681608738101,0.16085586694274068,0.7847373169698784
163461451,6527,D,H,0.49666429731753226,0.24516163990135934,0.25817406278110827
163461452,6597,H,H,0.5324765125191624,0.2908102675001081,0.17671321998072945
163461453,6484,D,H,0.47396328768378193,0.20410567670642624,0.32193103560979175
163461459,6484,H,H,0.6423877899485023,0.17517940187957334,0.18243280817192437
163461460,6484,D,H,0.5147581836713729,0.2496008992546283,0.23564091707399876
163461461,6484,H,H,0.7772350647915558,0.11522072931226103,0.10754420589618312
163461462,6484,D,H,0.4509429604089953,0.29401416470283936,0.2550428748881653
163461463,6484,H,H,0.5428645505597982,0.21720636565768692,0.23992908378251487
163461464,6484,H,H,0.6269831857474778,0.2291706980121142,0.14384611624040786
163461465,6597,D,H,0.6004534297376692,0.2610116320413677,0.13853493822096316
163461466,6597,H,H,0.44870504535230465,0.3268990293531277,0.22439592529456767
163461467,6597,A,A,0.2171109198611747,0.18089055373895033,0.6019985263998751
163461468,6597,A,H,0.42354130156136,0.322060607762968,0.2543980906756721
163461470,6484,A,A,0.3263665808218221,0.28721456478295476,0.3864188543952232
163976485,6527,H,H,0.7318754357384607,0.15423057245395252,0.11389399180758689
163976493,6526,A,H,0.39682056809482164,0.21903765273026315,0.3841417791749151
163976494,6527,A,A,0.19473830310884027,0.2377047039159929,0.5675569929751668
163976497,6597,D,A,0.3040341238724078,0.255483612469281,0.44048226365831117
163976499,6597,H,H,0.43039840259644957,0.2584209328316694,0.3111806645718809
163976500,6484,D,H,0.6618533008022561,0.177099311133286,0.16104738806445784
163976501,6527,H,D,0.2479028141316992,0.3825106059536587,0.36958657991464205
163976502,6527,D,A,0.22017919408112946,0.260662349615885,0.5191584563029856
163976503,6527,H,A,0.33861946059717174,0.29902169425914266,0.36235884514368566
163976505,6597,H,H,0.74597694760861,0.16735971176988884,0.0866633406215012
163976509,6484,D,H,0.5031463649648086,0.24273321837415604,0.25412041666103546
164451535,6526,H,H,0.5783775652276293,0.23378183882795103,0.18784059594441962
164451536,6526,A,A,0.2884143273430196,0.30754660775919773,0.4040390648977827
164451537,6526,H,H,0.40408680860320717,0.2660279850463707,0.32988520635042207
164451538,6526,D,H,0.5639015298665766,0.2700821629534232,0.1660163071800002
164451539,6526,D,H,0.47350958536220755,0.23289837495999702,0.2935920396777953
164451540,6526,H,A,0.21243411678887633,0.31007382999678196,0.4774920532143417
164451541,6526,A,H,0.5140723705451986,0.25784978989945295,0.22807783955534844
164451542,6526,A,H,0.5078343536895996,0.31422776484508275,0.17793788146531767
164451547,6526,A,H,0.6649784511939664,0.2043556769008146,0.13066587190521906
165444903,6435,H,H,0.5298412056653817,0.27034789913500357,0.19981089519961467
165530213,6435,D,A,0.3776138368295111,0.24425542113630516,0.3781307420341837
165530214,6435,A,A,0.18611646089776038,0.2217742783523429,0.5921092607498968
165530215,6435,H,A,0.34442043366441016,0.3043266958156574,0.35125287051993237
165530234,6435,H,A,0.330293950234534,0.3020978856215856,0.3676081641438803
165744639,6435,D,A,0.3239638508417817,0.3168091705028646,0.3592269786553538
165745866,6435,H,H,0.42884859204225656,0.3382635753824834,0.23288783257526008
165746575,6435,H,H,0.8252664700520476,0.1194290768117845,0.055304453136167935
166356394,6435,D,H,0.6681040479836639,0.20344610530732712,0.12844984670900902
166422933,6484,H,H,0.46724948627445495,0.17516948047093522,0.35758103325460977
166422934,6484,D,H,0.47668471042757155,0.25457163623490314,0.2687436533375253
166422935,6484,H,H,0.7098195997108971,0.1440065804974219,0.1461738197916809
166422942,6484,A,A,0.27425391729562276,0.19007582516303115,0.5356702575413461
166422943,6484,A,A,0.07158143061674593,0.1685875976980986,0.7598309716851553
166422948,6484,D,A,0.22527812580808895,0.2655541425350619,0.5091677316568491
166422954,6484,A,H,0.4258182305260122,0.23177234563879634,0.3424094238351915
166422955,6484,H,A,0.23759132105392514,0.23613947848490843,0.5262692004611663
166422956,6484,D,A,0.16294432209294415,0.15468639877648754,0.6823692791305683
166422957,6435,A,H,0.611497965934983,0.24883244006764066,0.13966959399737644
166997679,6484,H,H,0.6085462725229975,0.1997864461217114,0.19166728135529115
166997680,6526,A,D,0.33908346050768806,0.37716613456880754,0.2837504049235045
166997681,6526,H,H,0.7907036195837892,0.1454933455798749,0.06380303483633591
166997682,6527,H,A,0.19170854895171818,0.24771233747034951,0.5605791135779322
166997684,6526,D,A,0.24798097369623073,0.27476252091432346,0.47725650538944586
166997686,6597,A,H,0.563076804549151,0.2894810242299259,0.14744217122092315
166997687,6527,A,A,0.3630138688931201,0.27275888075581906,0.3642272503510608
166997688,6527,D,H,0.6408028587912228,0.2420414464206344,0.11715569478814278
166997690,6597,A,A,0.167140161036618,0.3053504183476649,0.527509420615717
166997692,6526,H,H,0.686624574488748,0.20890948497119508,0.10446594054005687
166997693,6526,H,H,0.463328482631108,0.25795235764076296,0.278719159728129
166997694,6526,A,A,0.22511346494714374,0.3247574408453907,0.45012909420746555
166997695,6526,D,A,0.31776565731452455,0.3114099636005092,0.3708243790849662
166997696,6527,A,A,0.22683721818477406,0.2672293565917161,0.5059334252235098
166997698,6597,D,H,0.4726306277576943,0.27507516958506156,0.2522942026572441
166997700,6526,A,A,0.26854025675782467,0.2689168577924165,0.46254288544975897
166997701,6527,D,H,0.46525047291202354,0.17352578371284977,0.36122374337512675
166997702,6597,H,H,0.44487914052421185,0.3112221765098994,0.24389868296588876
166997703,6597,A,H,0.4623255864856608,0.27808074367499985,0.2595936698393394
166997704,6597,D,A,0.17286106148379465,0.2583534279856684,0.5687855105305368
166997705,6597,A,H,0.676089446859037,0.23593726300977608,0.0879732901311868
166997706,6597,H,H,0.47683662175453556,0.2452710545736015,0.27789232367186295
166997707,6526,A,A,0.2414578511840698,0.26609038153078657,0.49245176728514367
166997708,6527,H,H,0.6073514348837346,0.1866666257901537,0.20598193932611186
166997709,6526,H,H,0.6787156547705034,0.22710492872065868,0.09417941650883797
166997710,6597,H,H,0.5984338474840014,0.21786848070046666,0.18369767181553204
166997711,6527,H,A,0.27020133900757,0.3200634588143582,0.4097352021780718
166997712,6435,A,A,0.27352808060655825,0.34110725126217467,0.3853646681312671
166997713,6435,D,A,0.2952313789206763,0.32928047518329523,0.3754881458960286
166997714,6435,A,H,0.43121140413970666,0.3096679238767437,0.25912067198354966
166997715,6435,H,H,0.7826028607898792,0.1429539363333991,0.07444320287672171
166997716,6435,D,H,0.4280225025837068,0.26158288236838856,0.3103946150479046
166997717,6435,H,H,0.7671536425511162,0.1558001945661932,0.07704616288269056
166997718,6435,D,H,0.41325174860640407,0.3052475983521546,0.28150065304144134
166997719,6435,H,H,0.6647134647980184,0.22918182182617597,0.10610471337580556
167336769,6527,A,H,0.41335174971670513,0.2550732290117302,0.33157502127156463
167336770,6527,H,H,0.8117125226441684,0.13900645583876256,0.04928102151706898
168157236,6435,A,A,0.2416692694358412,0.3308027616438875,0.42752796892027134
168240949,6435,D,A,0.30396899134286987,0.2796885119746882,0.41634249668244205
168240950,6435,D,H,0.4102161883785809,0.3307204506649249,0.2590633609564941
168240953,6435,H,A,0.10559721897334336,0.20165070825316608,0.6927520727734906
168240955,6435,H,H,0.46560136206503194,0.2909262706641187,0.24347236727084942
168447351,6435,H,H,0.42110182499078713,0.2709517238352878,0.307946451173925
168448723,6435,D,H,0.6272608881947153,0.22802153888381613,0.1447175729214685
169079955,6435,D,H,0.42682538378041845,0.36588590571739277,0.20728871050218867
169081170,6435,H,H,0.7229568206455794,0.18027010419288167,0.09677307516153895
169150142,6484,D,A,0.2955874525260314,0.23687862700681517,0.46753392046715336
169150145,6484,H,H,0.5730551115928257,0.24454895344128516,0.18239593496588916
169150146,6484,H,H,0.7484042539039564,0.15327570235150284,0.09832004374454084
169150147,6484,H,H,0.7620311526579528,0.14716779396264895,0.0908010533793983
169150148,6484,H,H,0.4683860309813863,0.25906259633057127,0.27255137268804236
169150149,6484,H,A,0.23526570645569186,0.2855494502328886,0.47918484331141964
169150151,6484,H,A,0.24055877479021154,0.20314083273381378,0.5563003924759747
169150152,6484,D,H,0.588846570277725,0.1998800545461214,0.21127337517615355
169150153,6484,D,H,0.44624681697928825,0.2797449723001555,0.2740082107205563
169150156,6484,A,A,0.21457167318316706,0.18049822737212026,0.6049300994447128
169703210,6435,H,H,0.5130283428901974,0.3121579324870243,0.1748137246227784
169762468,6526,H,A,0.29777027659912997,0.24068575703085215,0.46154396637001777
169762469,6527,D,A,0.14628763645462264,0.16907383203481635,0.684638531510561
169762470,6597,D,H,0.7131037875702909,0.18290732822930525,0.10398888420040381
169762471,6526,D,A,0.20250697293714232,0.3019666263970166,0.49552640066584114
169762472,6597,D,A,0.27301496541945297,0.2448508162470083,0.48213421833353876
169762473,6527,H,H,0.5002511814313573,0.31222592931667603,0.18752288925196664
169762474,6527,D,A,0.27813683314969284,0.2772360060085443,0.4446271608417629
169762475,6527,H,H,0.4460878620943251,0.32047634992895846,0.23343578797671638
169762476,6597,A,H,0.4838807915475481,0.2549771050270853,0.26114210342536653
169762477,6526,H,H,0.5731826029945325,0.279184611105582,0.14763278589988543
169762478,6526,D,H,0.4592404208543298,0.28854079143791606,0.25221878770775413
169762479,6527,H,A,0.2893968067799269,0.2541032829921628,0.45649991022791014
169762482,6526,D,H,0.6556097244523889,0.2034379355607732,0.14095233998683798
169762484,6527,A,A,0.286906008555709,0.23681361948965543,0.4762803719546356
169762486,6526,H,H,0.6636750488867251,0.2092816242482058,0.12704332686506906
169762487,6527,H,H,0.5291492700471327,0.22941657044220076,0.24143415951066655
169762488,6597,A,H,0.5165615327576333,0.24265959561787204,0.24077887162449463
169762489,6526,H,H,0.5969572563129613,0.2662261585154304,0.13681658517160825
169762491,6527,H,A,0.2309110674772822,0.3302720020471136,0.43881693047560416
169762492,6597,A,H,0.4444233938694039,0.23145386056384687,0.3241227455667493
169762493,6597,H,H,0.4509811271146137,0.25255049020507536,0.29646838268031084
169762494,6597,A,H,0.365322125163366,0.33070542539921294,0.303972449437421
169762495,6597,D,H,0.8120443279374897,0.14613534966882769,0.041820322393682614
169762496,6526,H,D,0.32383966210889326,0.42517534900338416,0.25098498888772264
169762497,6526,H,H,0.479008126820778,0.3286865473189654,0.19230532586025667
169762498,6527,D,H,0.67114533306592,0.18070642759436034,0.14814823933971977
169762499,6597,H,D,0.34691828188306917,0.3652163478702345,0.2878653702466963
169762500,6526,H,H,0.5241123633164818,0.2521452612727389,0.22374237541077927
171009035,6435,D,H,0.45015901159524635,0.3164453569865372,0.23339563141821643
171082432,6435,D,A,0.30201905706621485,0.26434718377163025,0.43363375916215496
171082433,6435,H,H,0.37803569657295855,0.3374869661404795,0.284477337286562
171082434,6435,A,A,0.11705114682084565,0.22407957353800528,0.658869279641149
171082435,6435,H,H,0.438251844833693,0.27245152518682875,0.2892966299794783
171082436,6435,H,H,0.7300963309870518,0.17620925584484182,0.09369441316810638
171082437,6435,A,A,0.19090463387859213,0.3091109675987066,0.49998439852270116
171082438,6435,A,A,0.2639417406797656,0.3059820087932091,0.43007625052702536
171082439,6435,D,H,0.5126465785393207,0.24687855517925136,0.24047486628142792
171082440,6435,H,D,0.3088212087489253,0.38656998269238724,0.30460880855868744
173892549,6597,H,H,0.5854139027653157,0.23362435296308456,0.18096174427159972
173892561,6435,A,H,0.5550074183025837,0.3101740526293304,0.13481852906808592
173892565,6527,D,H,0.5558677575690599,0.17043456855258313,0.2736976738783569
174190733,6527,H,H,0.7388642708432316,0.1519476519332008,0.10918807722356769
174190734,6435,A,A,0.22537617164163665,0.3120790989354667,0.4625447294228967
174190735,6526,H,H,0.4888894231464449,0.2390825543022144,0.27202802255134084
174190736,6527,A,A,0.15495739914184858,0.2483975082799783,0.5966450925781731
174190737,6597,H,H,0.5508245611309217,0.22733654206593468,0.22183889680314356
174190738,6435,A,H,0.49592543955117824,0.300462097788278,0.20361246266054372
174190739,6484,H,A,0.25077294598162747,0.20167351395308616,0.5475535400652864
174190742,6526,H,H,0.7305092352758248,0.17596781278658427,0.093522951937591
174190764,6527,D,A,0.2877604974391629,0.2763944415917355,0.43584506096910175
174190765,6435,A,D,0.29273640431691506,0.38137681898472486,0.32588677669836
174190766,6484,A,H,0.43430392421524594,0.2791886437192402,0.28650743206551393
174190767,6484,A,A,0.3912833564746667,0.21174686165822362,0.3969697818671097
174190768,6484,H,H,0.483115326028929,0.2206035892880595,0.2962810846830115
174190769,6484,A,H,0.5013826235164199,0.22535016332575092,0.2732672131578292
174190770,6597,H,H,0.44138660323127904,0.28522196500080294,0.273391431767918
174190771,6597,A,H,0.3749488561868553,0.27413722992189404,0.3509139138912507
174190772,6597,H,H,0.5140179158472693,0.2773255976352855,0.2086564865174451
174190773,6597,H,H,0.7182704152067498,0.17280552282368744,0.10892406196956267
174190774,6526,D,A,0.241996637677227,0.3146489373426967,0.44335442498007627
174190775,6526,D,H,0.4781050473015015,0.26767762618572866,0.2542173265127699
174190776,6435,H,H,0.5964349963017554,0.25258304970885526,0.15098195398938932
174190777,6484,H,H,0.6983576744377684,0.17954479341388632,0.12209753214834539
174190782,6484,A,D,0.32574884695368633,0.35188088890317853,0.322370264143135
174190783,6597,H,H,0.576482575210192,0.28260972986077654,0.14090769492903155
174815179,6435,H,H,0.7408912176901427,0.17534836342796503,0.08376041888189238
174815180,6527,A,A,0.12435894595442452,0.23039753989922312,0.6452435141463523
174815182,6435,D,H,0.4510672486880624,0.3267198353346759,0.22221291597726162
174815183,6526,H,H,0.4948326769714255,0.2995005979898843,0.2056667250386903
174815184,6597,A,H,0.489946438973516,0.30083115692774637,0.20922240409873766
174815186,6527,D,A,0.33235542710248883,0.25259587572395675,0.41504869717355447
174815187,6527,D,H,0.5435041346698648,0.22832169542486422,0.22817416990527092
174815188,6435,H,H,0.6757588465203699,0.2043233800334131,0.11991777344621717
174815189,6597,A,A,0.23028329662692287,0.3468053074244715,0.4229113959486057
174815190,6526,A,A,0.15625449404173072,0.2258212441119365,0.6179242618463328
174815191,6526,A,A,0.2571374862656828,0.2658375729691893,0.4770249407651279
174815192,6527,A,A,0.2523590344393525,0.3002561119986992,0.44738485356194835
174815193,6484,A,A,0.04495651537364813,0.13308348884573362,0.8219599957806183
174815194,6435,H,H,0.4268713006343857,0.2792003071632062,0.29392839220240813
174815195,6526,A,A,0.24697145910069168,0.26244996461345893,0.4905785762858493
174815239,6527,H,H,0.35226508489950714,0.3145301782715921,0.33320473682890084
174815241,6484,H,H,0.718216416721015,0.12144305030175566,0.16034053297722933
174815242,6526,A,A,0.39759360054711396,0.20174344010438244,0.40066295934850366
175378050,6435,A,H,0.4097701568879436,0.3332410885250235,0.2569887545870329
175378051,6484,H,H,0.5235035040850596,0.21389994770659462,0.2625965482083457
175378052,6526,A,H,0.5846918702530934,0.256117779796954,0.15919034994995254
176188618,6484,A,A,0.21888857468626668,0.2742447368555675,0.5068666884581658
176188619,6597,D,H,0.40666212656187994,0.3112871473316882,0.28205072610643195
176188625,6435,A,A,0.24303268222735314,0.32307191584199824,0.4338954019306487
176188626,6526,H,A,0.27790578792344445,0.3217565846158649,0.4003376274606907
176188627,6526,H,H,0.35267426864418927,0.33450996436397834,0.3128157669918323
176455462,6597,D,A,0.18494667880331042,0.27287288637833323,0.5421804348183564
176455467,6484,H,H,0.5280133026028985,0.23693118808091268,0.23505550931618888
176455468,6597,H,A,0.2593150369373069,0.2837883398293985,0.45689662323329466
176455469,6597,H,H,0.4780943650242826,0.26204987837440713,0.2598557566013102
176455470,6597,H,H,0.7970706206312161,0.13952779649508093,0.06340158287370286
176455472,6435,A,A,0.2406271906915692,0.30848827051295236,0.45088453879547846
176455474,6526,H,H,0.6520864587360576,0.19990804839344606,0.1480054928704963
176455475,6484,H,H,0.8716868290775948,0.1015222095162321,0.026790961406173243
176455476,6484,D,H,0.4445577413886912,0.26718869557158087,0.28825356303972793
176455482,6435,A,A,0.3714340187984303,0.22079433250795466,0.4077716486936151
176455484,6435,H,H,0.4014783465110454,0.3351645151878743,0.2633571383010802
176455485,6484,D,A,0.3095134691273152,0.25265861233584785,0.43782791853683695
176455486,6526,H,H,0.4362381766020235,0.25997586049306176,0.3037859629049147
176455492,6435,H,H,0.50504424413599,0.27138051544489955,0.22357524041911048
176455494,6484,D,H,0.7044101855247893,0.18238380541231194,0.11320600906289878
176455495,6597,D,H,0.40524773646871404,0.25353560058106,0.3412166629502259
176455497,6526,H,H,0.721350332693595,0.20048544165489685,0.07816422565150809
176981611,6435,A,H,0.427148417728871,0.2742669289620018,0.29858465330912726
176981612,6526,H,H,0.481588333899181,0.27494689463907257,0.24346477146174642
176981613,6597,D,H,0.49640390027053666,0.28380102444151506,0.2197950752879482
176981614,6435,H,H,0.45748658829390654,0.23434836419109215,0.30816504751500134
176981615,6526,D,H,0.48611138697247835,0.22651308050326066,0.287375532524261
176981616,6597,D,H,0.5873159711536864,0.2138290886568648,0.19885494018944874
176981617,6484,D,A,0.3214080328665967,0.21389539636649896,0.46469657076690435
176981620,6435,D,H,0.596958603874454,0.25350171481427397,0.14953968131127202
176981621,6597,A,A,0.057641739979348475,0.15149433143785435,0.7908639285827972
176981622,6526,D,H,0.4246468028116935,0.36633524798601086,0.20901794920229566
176981623,6526,H,H,0.5893221935738605,0.28522640583287606,0.12545140059326348
176981624,6484,H,A,0.33842558435121445,0.2962840372345215,0.36529037841426404
176981625,6484,H,A,0.16974333703836622,0.1707271003591887,0.6595295626024451
176981626,6484,H,H,0.5692707302695476,0.2100954568901008,0.22063381284035163
176981630,6526,D,H,0.4726050003278992,0.2985776313162824,0.22881736835581834
176981641,6435,H,A,0.27436662323416405,0.27504577918515916,0.4505875975806766
177491191,6435,D,H,0.4144250897473859,0.28308566235082083,0.3024892479017934
178194477,6527,A,A,0.23024828804002484,0.16659093277933715,0.6031607791806379
178194479,6527,H,A,0.34847812778103154,0.24174375495911252,0.4097781172598559
178194480,6527,A,A,0.14448535262770507,0.33750966989099507,0.5180049774812999
178194481,6527,H,A,0.24756577751729908,0.22991026858716618,0.5225239538955347
178194484,6527,A,H,0.47464342344894167,0.19694274416068744,0.32841383239037086
178194486,6527,A,H,0.3885066718446089,0.2759827453731993,0.3355105827821918
178194487,6527,H,H,0.4291973223839908,0.3154209723037242,0.25538170531228505
178194490,6527,H,H,0.6704919474492428,0.19480652534559614,0.13470152720516096
178650201,6527,D,H,0.4747432801970785,0.25892326365184254,0.2663334561510789
179595223,6484,D,A,0.3736631935493336,0.21461785227161534,0.41171895417905113
179595224,6484,H,H,0.6072817030091859,0.17010187300819368,0.2226164239826204
179595225,6484,D,A,0.20219042723353314,0.3333654192437417,0.4644441535227251
179595226,6484,H,H,0.35538267442457355,0.3198120773452119,0.3248052482302145
179595227,6484,H,H,0.6100164761507849,0.23560968481398153,0.15437383903523358
179595228,6484,H,H,0.6507655385859649,0.15086798777244778,0.19836647364158738
179595229,6484,D,H,0.3880009100997029,0.2850256750392399,0.32697341486105713
179595230,6484,H,A,0.15517891347486226,0.1411414838683615,0.7036796026567763
179595231,6484,H,A,0.286858892816576,0.2014170107828189,0.5117240964006051
180209799,6484,H,H,0.576885882361435,0.19899974051151953,0.22411437712704543
180209800,6435,D,H,0.3546421708757424,0.32318383169324316,0.32217399743101444
180209801,6527,A,A,0.2862748499870198,0.18922109384548508,0.5245040561674952
180209802,6435,A,H,0.4224175793325238,0.3586785420417982,0.21890387862567792
180209803,6597,H,H,0.49782936617135465,0.28373907609852494,0.21843155773012032
180209804,6527,H,H,0.44000901570620166,0.3075564244498059,0.2524345598439924
180209805,6527,H,A,0.3038101380380485,0.26146339199745494,0.43472646996449665
180209806,6435,H,H,0.9044360859379363,0.07904718148059596,0.016516732581467686
180209807,6597,D,H,0.6552079730573993,0.21987043152290525,0.12492159541969534
180209808,6527,H,H,0.45478606534504534,0.2536613504007404,0.29155258425421415
180209809,6435,H,H,0.6286875530761922,0.23040252310545178,0.14090992381835596
180209810,6527,H,A,0.17867367556075264,0.26372316216688263,0.5576031622723647
180209811,6435,A,A,0.18194716310390868,0.23160615089266293,0.5864466860034284
180209812,6527,A,A,0.32813519051054485,0.2676900056784177,0.40417480381103743
180209813,6597,H,H,0.4476396007684819,0.2995050743809008,0.25285532485061735
180209814,6435,D,H,0.5721121376956122,0.23009122514523814,0.19779663715914975
180209815,6527,H,H,0.7385876836298685,0.1446594867453089,0.11675282962482267
180209816,6435,H,H,0.5630610196885233,0.26160736278465996,0.17533161752681675
180209817,6597,H,A,0.25593281358213815,0.3000569819630602,0.4440102044548016
180209818,6597,D,H,0.4158646335523622,0.3232211937984777,0.26091417264916017
180209819,6597,A,H,0.49817637469673454,0.28635379092786317,0.21546983437540226
180209820,6597,H,H,0.6885391189537676,0.22537268296898344,0.08608819807724898
180209821,6597,H,H,0.7993993182104607,0.13664359136921175,0.06395709042032757
180209822,6435,H,H,0.5576803181104651,0.3074490278668783,0.1348706540226565
180209823,6527,D,H,0.4499908600894878,0.2580769439112767,0.2919321959992356
180209824,6435,H,H,0.3975528306609949,0.3465218786206243,0.25592529071838077
180209825,6597,D,H,0.6610837673259986,0.17179023942390825,0.16712599325009309
180209826,6527,A,H,0.7467830512657826,0.15215194740495433,0.10106500132926319
180209827,6526,H,H,0.5827056458507344,0.23839784678997084,0.1788965073592948
180209828,6526,A,A,0.2955586155301402,0.2531350858212423,0.45130629864861765
180209829,6526,A,A,0.11425978892494176,0.21370096405944564,0.6720392470156126
180209830,6526,D,H,0.5826677731333622,0.25482825554412175,0.1625039713225161
180209831,6526,H,H,0.7322356829495773,0.17826926409223035,0.08949505295819238
180209832,6526,H,A,0.28901891346585307,0.2748945008865624,0.43608658564758446
180209833,6526,A,A,0.21410555296296116,0.22969945206421113,0.5561949949728276
180209834,6526,A,H,0.4962255123102324,0.26339034135357664,0.240384146336191
180209835,6526,H,H,0.4025102739350457,0.2861340647677842,0.31135566129717
180209836,6526,A,A,0.33767054424258425,0.32453050928141747,0.33779894647599823
180209839,6435,H,H,0.3996488630133151,0.3524577519191597,0.2478933850675252
181508812,6526,A,A,0.3587213710618138,0.26176692156209425,0.37951170737609197
181723791,6526,H,H,0.535731885057109,0.3188598333337008,0.1454082816091902
181724598,6526,A,A,0.21419072971190234,0.2233237974448451,0.5624854728432526
181724798,6526,A,A,0.1363619577918375,0.29084778599033967,0.5727902562178229
182340187,6526,A,A,0.16628340128166044,0.2322504479525897,0.6014661507657499
182340515,6526,H,A,0.17736874388331295,0.3461231975819289,0.4765080585347582
182340598,6526,H,H,0.685039492903628,0.21198780756639088,0.10297269952998113
182404256,6484,D,H,0.45742544119473993,0.21801196697105726,0.3245625918342027
182404257,6484,A,H,0.8446205159682142,0.10032217545197324,0.05505730857981246
182404258,6484,A,H,0.6285454510624471,0.2132712040888281,0.1581833448487249
182404259,6484,H,H,0.6916561075653503,0.18309115603277004,0.1252527364018796
182404260,6484,H,H,0.6277666877256501,0.15929266349652815,0.21294064877782162
182404261,6484,H,A,0.21075935381473423,0.19614232437483678,0.593098321810429
182404280,6484,H,H,0.4301577994698185,0.32707058534470207,0.24277161518547938
182404281,6484,D,H,0.4409726450176236,0.3261038844854053,0.23292347049697107
182404282,6484,A,A,0.372829813265217,0.23743788026029194,0.3897323064744911
182404283,6484,H,A,0.27769134254396555,0.2778717956587697,0.44443686179726466
182911612,6526,H,A,0.28616239593093534,0.31217064208539397,0.4016669619836706
182911613,6526,A,H,0.5937926021576866,0.2571804728407605,0.14902692500155285
182911657,6526,H,H,0.6421823817361794,0.25480667881194574,0.10301093945187488
182967017,6435,H,A,0.12222931652446672,0.18602415495631397,0.6917465285192193
182967018,6527,H,H,0.5648754383040369,0.26030614484458514,0.1748184168513779
182967020,6597,A,H,0.5398505260724781,0.2653895899127838,0.1947598840147381
182967022,6435,D,A,0.16442210729634407,0.26008577403936267,0.5754921186642933
182967023,6435,H,A,0.2986268661901802,0.3352127972078219,0.36616033660199787
182967024,6597,A,H,0.5344131407864527,0.20895738924659385,0.25662946996695346
182967025,6527,A,H,0.3572219003168097,0.3006405130208775,0.34213758666231275
182967026,6527,A,A,0.26901153599077565,0.3009573748332875,0.43003108917593685
182967027,6527,H,A,0.18477878078671306,0.3278141039353121,0.4874071152779749
182967029,6435,A,A,0.35415281326032005,0.24610557003059383,0.3997416167090862
182967031,6597,D,H,0.4424287987243816,0.3188497950106648,0.23872140626495353
182967032,6527,D,H,0.3913575283742193,0.250289612101531,0.35835285952424967
182967035,6435,D,H,0.573573293979994,0.24024870037991106,0.18617800564009496
182967037,6527,A,A,0.05533302579949834,0.13989852227984323,0.8047684519206584
182967039,6435,A,H,0.5097388416852628,0.2548590754483411,0.23540208286639608
182967042,6527,H,H,0.4870599514003684,0.22884374849804676,0.284096300101585
182967044,6597,D,H,0.5251971236821802,0.24699188433093353,0.22781099198688626
182967045,6435,D,A,0.29644094588812436,0.33409244872073157,0.3694666053911441
182967048,6527,A,A,0.2747263399599105,0.2606721885055992,0.4646014715344902
182967050,6435,H,H,0.5677887705754778,0.22865735916421756,0.20355387026030464
182967052,6597,A,A,0.0647479415647164,0.11993948965161677,0.8153125687836668
182967053,6597,D,A,0.07699943898037057,0.2112394021205989,0.7117611588990306
182967054,6597,H,A,0.2961681205520096,0.2655691335535582,0.43826274589443215
182967055,6597,H,H,0.554702647775942,0.3057145286287024,0.13958282359535562
182967056,6435,H,H,0.7221511373852165,0.17635850236512668,0.10149036024965685
182967058,6435,A,H,0.5511467393078013,0.2918857307679244,0.1569675299242742
182967059,6527,A,H,0.47741134257329476,0.2649109944754313,0.25767766295127387
182967060,6597,D,H,0.3916806454875778,0.2602524523624846,0.3480669021499376
183869746,6526,D,A,0.2289249448091244,0.3064136034623753,0.4646614517285002
184105715,6526,D,H,0.4312578551651649,0.3189065633865221,0.24983558144831292
184206513,6526,D,H,0.48356806000737385,0.281149370855348,0.2352825691372781
184406791,6526,A,H,0.3575011240694604,0.31132729172578,0.3311715842047597
184407656,6526,D,A,0.19003571544785253,0.2795599264325866,0.530404358119561
184407902,6526,H,H,0.6252172973456865,0.2331015862165458,0.14168111643776762
185014209,6526,H,H,0.6960972245133745,0.19521256186875754,0.10869021361786793
185015100,6526,H,H,0.7676206819449398,0.15767610725311623,0.07470321080194385
185015104,6526,A,H,0.4228648926707661,0.2591902858570186,0.3179448214722153
185015404,6526,A,A,0.12370253370346729,0.2619136066661972,0.6143838596303355
186813811,6527,H,H,0.7462663245987808,0.16504824619165753,0.08868542920956154
186813812,6435,H,H,0.6848434696587342,0.23391436003509264,0.08124217030617314
186813813,6597,H,H,0.864399719710357,0.10517991577080714,0.03042036451883591
186813814,6527,H,H,0.6463871182563928,0.19952421585986613,0.15408866588374098
187076929,6435,D,A,0.13257571818931038,0.23611326040324238,0.6313110214074473
187076930,6526,A,A,0.18366988063506118,0.2506395248182926,0.5656905945466463
187076931,6597,H,H,0.5056124570544367,0.2613365294346368,0.23305101351092652
187076932,6435,H,H,0.6213519567229402,0.26507544077172596,0.11357260250533378
187076962,6484,A,H,0.583062833837589,0.1596870563346952,0.25725010982771584
187076963,6526,D,H,0.4352304230519046,0.23669882796547884,0.3280707489826165
187076967,6527,A,H,0.43271183732381135,0.1944743078718513,0.3728138548043374
187076969,6484,A,H,0.7183061887583709,0.1659030229487727,0.11579078829285629
187076970,6484,D,H,0.4986590800665483,0.22281801240314336,0.27852290753030823
187076971,6484,D,H,0.4568801490876412,0.32115356010855073,0.22196629080380814
187076972,6484,H,H,0.4671868245935153,0.22454025556348975,0.3082729198429951
187076973,6597,H,H,0.42709190644757045,0.2940877870458859,0.27882030650654355
187076974,6597,H,H,0.3702804207359457,0.2948482267349145,0.3348713525291397
187076975,6597,H,H,0.4101765112975864,0.26459638468808605,0.3252271040143275
187076976,6597,H,H,0.7366852279191122,0.2010803698255547,0.06223440225533321
187076977,6597,H,H,0.7052832452558748,0.17212109945005,0.12259565529407514
187076978,6526,A,A,0.08970123652875406,0.2665878946816338,0.6437108687896121
187076979,6435,H,A,0.19709966982058513,0.2570673055733004,0.5458330246061145
187076980,6484,A,A,0.21592731005049903,0.211420356205434,0.5726523337440669
187076984,6435,H,H,0.5919483054063581,0.25430567224101963,0.1537460223526221
187076985,6527,D,H,0.37865607911444243,0.25139091045302353,0.3699530104325339
187076986,6527,H,H,0.41684514291637065,0.31544603947704686,0.2677088176065824
187076987,6484,A,H,0.48262153303690014,0.18662262038053948,0.33075584658256035
187076988,6435,A,D,0.3456640124886994,0.3683481081917884,0.2859878793195122
187649727,6435,H,H,0.45339677352629376,0.32926313764696397,0.2173400888267423
187649728,6526,H,H,0.5452194471320353,0.2685662970703156,0.18621425579764916
187649729,6527,H,H,0.5597803664686757,0.20219318695394115,0.23802644657738312
187649732,6435,A,A,0.13210200936857203,0.22054013840748313,0.6473578522239448
187649733,6526,H,H,0.516069983798936,0.2601077517967262,0.22382226440433786
187649734,6597,H,H,0.6014295689385935,0.22767576391552882,0.17089466714587778
187649735,6484,D,A,0.1876803995393901,0.30735434179668847,0.5049652586639214
187649737,6527,H,H,0.5362244985416099,0.26019676448337276,0.20357873697501733
187649738,6527,A,H,0.5787962604338303,0.25308897985288903,0.1681147597132807
187649739,6435,H,H,0.4066296111124135,0.28534224480810366,0.3080281440794828
187649743,6597,A,D,0.32378011157290004,0.3472829073446084,0.3289369810824916
187649744,6526,D,H,0.48092103382155127,0.2784824701849937,0.24059649599345512
187649745,6526,A,A,0.26532729442889086,0.28851282781284604,0.446159877758263
187649746,6527,H,H,0.5648597725980758,0.22524946054728856,0.20989076685463565
187649747,6484,A,A,0.09407688680879223,0.15580602338686117,0.7501170898043465
187649750,6435,D,A,0.2693715665312519,0.3591476843814353,0.3714807490873128
187649752,6526,D,D,0.34706813383903934,0.35874585058998637,0.2941860155709742
188203048,6484,A,H,0.554292910902388,0.2493586805821746,0.19634840851543736
188203049,6526,A,H,0.4059881939919516,0.33735730970405214,0.2566544963039964
188203050,6526,D,A,0.3239267543861146,0.3255355892365131,0.3505376563773722
189091581,6484,D,H,0.72309745299201,0.19653067575454414,0.0803718712534458
189091582,6526,H,H,0.595912423129561,0.23675780233948227,0.16732977453095668
189091583,6597,H,H,0.5596655787161624,0.28113760004184074,0.1591968212419968
189091587,6435,H,H,0.5542768367680235,0.27182331535620374,0.17389984787577273
189091588,6527,A,H,0.4604863608564944,0.24400412989140316,0.2955095092521024
189312708,6527,D,H,0.7961405003092676,0.13624647503410117,0.06761302465663122
189312709,6435,A,A,0.17487260681549802,0.28804503360663164,0.5370823595778703
189312710,6526,H,H,0.5020796889906001,0.32780939939532766,0.17011091161407224
189312716,6435,H,A,0.2202701972559811,0.301591503984649,0.4781382987593699
189312717,6484,A,A,0.37926149026984074,0.24069374901362356,0.38004476071653576
189312722,6435,D,H,0.5401711346463978,0.2818889304321235,0.17793993492147875
189312724,6484,A,A,0.26666356062106145,0.25430038287386714,0.4790360565050715
189312725,6484,D,H,0.4454299704354347,0.25575950531872216,0.2988105242458431
189312726,6484,H,H,0.5777785822027975,0.2555310370833274,0.16669038071387507
189312727,6597,A,A,0.22701090054930742,0.26025653217126976,0.5127325672794228
189312728,6597,H,H,0.5942782808042077,0.2775558697134831,0.12816584948230908
189312729,6597,H,H,0.410291293666175,0.3059905773959085,0.28371812893791654
189312730,6597,D,A,0.2788172937385926,0.29517505446319214,0.4260076517982153
189312731,6597,A,H,0.5287518343828363,0.25980528016699045,0.21144288545017328
189312732,6526,D,H,0.6036400952698997,0.22962298498845948,0.16673691974164084
189312733,6435,A,H,0.7951321183073108,0.15836236964931666,0.04650551204337249
189312742,6484,H,H,0.6125816345312821,0.2325631747028665,0.15485519076585133
189312744,6597,D,A,0.10042012771239615,0.20580870698389445,0.6937711653037094
189312746,6527,H,H,0.41557856139405036,0.2485670591460646,0.335854379459885
189312747,6527,H,H,0.45846571811663506,0.3174060230696513,0.22412825881371357
189312753,6526,H,H,0.6918699167309503,0.2114604878648935,0.0966695954041562
189758516,6435,H,H,0.44259685939356597,0.2454119811377526,0.31199115946868133
189758517,6526,D,A,0.18989634958227117,0.23715303794630505,0.5729506124714239
189758518,6527,H,A,0.2890495995597297,0.24705975425345048,0.4638906461868199
189758521,6435,A,H,0.39952981035752005,0.29145603337141174,0.30901415627106815
189758523,6597,A,A,0.3329107212657341,0.27529648301727655,0.3917927957169895
189758525,6527,A,H,0.34813999368321047,0.3203154849890951,0.3315445213276945
189758527,6484,H,A,0.4010882837148078,0.19645488659010069,0.4024568296950915
189758531,6435,H,H,0.6927081894319558,0.19515029547999965,0.11214151508804457
189758532,6597,H,H,0.5610318194192532,0.26561333958025485,0.173354841000492
189758533,6526,A,A,0.23893458997548722,0.2998213266590681,0.4612440833654447
189758534,6526,H,A,0.19531107376216025,0.27509353366097705,0.5295953925768627
189758535,6527,D,A,0.17369776489952232,0.25049987311985156,0.575802361980626
189758539,6484,D,H,0.6237295572668881,0.19004669670046212,0.18622374603264977
189758540,6484,H,H,0.517705350899245,0.2728730432367561,0.2094216058639989
189758541,6484,H,H,0.5728069552161484,0.16779277881274762,0.259400265971104
189758542,6526,A,H,0.49178927081155627,0.2983099780602852,0.20990075112815862
189758545,6435,D,H,0.5424297688360501,0.24692030625278624,0.21064992491116366
189758574,6527,H,H,0.3553652595517904,0.3404631316585925,0.3041716087896171
189758577,6527,H,H,0.4773514168870714,0.20487234932726534,0.3177762337856633
190444544,6435,D,H,0.518773146253569,0.24350104356150518,0.2377258101849258
190444545,6526,A,A,0.21306023238870042,0.21728706003913476,0.5696527075721648
193166609,6484,H,A,0.31625984787656775,0.17767878251173344,0.5060613696116988
193166610,6484,H,H,0.5004159673881139,0.20594181532884126,0.2936422172830449
193166611,6484,H,H,0.5104196909015837,0.2438081331713672,0.2457721759270491
193166612,6484,H,H,0.5004531680458516,0.18333372617461233,0.31621310577953604
193166616,6484,A,A,0.13919117064634598,0.24020834772851263,0.6206004816251415
193166617,6484,D,A,0.19594214551271394,0.1575833409411653,0.6464745135461208
193166618,6484,H,H,0.6893034622340244,0.1715829609594474,0.13911357680652806
193166619,6484,H,H,0.4865073732894209,0.26455064998483485,0.24894197672574433
193166620,6484,H,A,0.3038857325820209,0.28423999737266137,0.4118742700453177
193166621,6484,A,A,0.26901943550705615,0.28230163575169603,0.44867892874124776
193935346,6526,A,A,0.3139633030253823,0.3292929883044559,0.3567437086701618
193935347,6435,H,H,0.6170172311706082,0.25715487069100523,0.1258278981383866
193935348,6526,A,A,0.3405884644892307,0.2902076325978474,0.36920390291292204
193935349,6527,A,A,0.1985707675498203,0.23582722356037483,0.5656020088898048
193935351,6435,D,H,0.4017416158153868,0.3372016210881176,0.2610567630964956
193935353,6526,D,A,0.2512391260529091,0.27631112851515915,0.4724497454319318
193935354,6597,D,A,0.3058687851510742,0.298609672745616,0.39552154210330975
193935356,6527,H,A,0.33780113716906846,0.29059741621767027,0.3716014466132613
193935357,6527,D,A,0.3258962650704544,0.28448012041906945,0.38962361451047617
193935359,6435,H,H,0.4461713003245631,0.2941490590595494,0.2596796406158875
193935361,6597,H,H,0.43803225928754397,0.31946534630582474,0.24250239440663127
193935362,6526,A,D,0.3548076361378507,0.36655342312600114,0.27863894073614814
193935363,6527,H,H,0.6226053651100368,0.25332286673052995,0.12407176815943312
193935365,6435,A,A,0.23389804199047165,0.34423878870104185,0.42186316930848655
193935366,6526,H,H,0.6554175495039111,0.22514909129322871,0.11943335920286025
193935369,6527,A,A,0.1995158944976681,0.25760458124274194,0.54287952425959
193935370,6435,A,A,0.2179516164348491,0.28403456626111184,0.49801381730403915
193935371,6526,H,H,0.5503762802840079,0.28634651357349117,0.163277206142501
193935372,6527,H,H,0.6709890758232088,0.23874839890724264,0.0902625252695486
193935374,6597,D,H,0.4341306627709753,0.23172317527758232,0.3341461619514425
193935375,6435,A,A,0.34680711652663243,0.2898778046470462,0.36331507882632125
193935376,6526,D,H,0.5166272542797101,0.28011229707656465,0.20326044864372522
193935377,6527,H,H,0.4904935517896414,0.2535111584993279,0.2559952897110306
193935379,6435,D,A,0.22963424956344702,0.1849649096361868,0.5854008408003661
193935381,6597,A,A,0.2552174207848763,0.31151027440884926,0.43327230480627454
193935382,6597,A,A,0.2459590339099801,0.3163345725521657,0.43770639353785423
193935383,6597,D,H,0.6357563713736861,0.21812924773628334,0.14611438089003043
193935384,6597,H,H,0.9324304384225856,0.0523913866370658,0.015178174940348607
193935385,6597,H,H,0.7401962057248836,0.18046015747893482,0.07934363679618153
193935386,6526,D,H,0.3969656417395551,0.3273447705972273,0.2756895876632176
193935388,6435,H,H,0.550810896427267,0.334299378670955,0.11488972490177808
193935392,6527,D,A,0.08634144371492831,0.17959791695663122,0.7340606393284405
193935393,6435,H,H,0.3957661864052414,0.32687364976792993,0.27736016382682865
193935394,6526,H,H,0.5607674403008732,0.21856367384092898,0.2206688858581978
193935395,6597,H,H,0.5732187496799858,0.23261746319074042,0.19416378712927373
193935396,6527,H,H,0.4873369629498978,0.2559747412949518,0.25668829575515045
193935397,6526,H,H,0.7352479362299288,0.16238096347629136,0.10237110029377997
193935399,6435,H,A,0.3080868176569684,0.26666494905920995,0.4252482332838217
193935400,6435,A,A,0.2147176039988761,0.16830835086802542,0.6169740451330985
193935402,6435,H,H,0.7247687035963163,0.18536639119405293,0.08986490520963075
195659456,6484,D,H,0.39712266989334505,0.22458842867327258,0.3782889014333824
195659457,6484,A,H,0.5349939335478534,0.20771279856397307,0.2572932678881734
195659458,6484,A,H,0.440820606460537,0.18869086653539632,0.37048852700406665
195659459,6484,D,A,0.233134887863708,0.16907077966431971,0.5977943324719723
195659460,6484,H,H,0.44997357736737026,0.26301110519193116,0.28701531744069864
195659461,6484,H,H,0.7014167341127573,0.21050885464445845,0.08807441124278428
195840961,6484,D,A,0.09876443971763472,0.13546985656902683,0.7657657037133385
196645413,6484,A,A,0.23559289891378787,0.2574373182599396,0.5069697828262725
196645415,6484,D,A,0.2196190864081288,0.23761606057762483,0.5427648530142463
196861243,6484,H,H,0.6128150458828024,0.24337673957186565,0.143808214545332
197601582,6526,A,A,0.29805201714212026,0.2629055878691382,0.4390423949887416
197601583,6435,A,H,0.8433125346389105,0.127147162732589,0.029540302628500475
197601584,6526,D,H,0.592355165030651,0.2651270388541207,0.1425177961152282
197601585,6527,H,H,0.7058280832392649,0.16674930845624905,0.12742260830448596
197601586,6597,H,H,0.4101070228450776,0.26103131180276357,0.3288616653521589
197601587,6435,D,H,0.6717965457607064,0.21379388855758927,0.11440956568170434
197601588,6435,A,H,0.438899319997513,0.26143864419638985,0.29966203580609724
197601589,6526,H,H,0.4036937434192605,0.2707032337281365,0.3256030228526031
197601590,6597,D,H,0.6015628775878029,0.24505378855656382,0.1533833338556333
197601592,6527,H,H,0.37724556252997216,0.2565239078111489,0.366230529658879
197601593,6527,A,A,0.24291999754707333,0.24333889176920792,0.5137411106837187
197601594,6527,H,H,0.5686269960704097,0.25194996979012957,0.1794230341394607
197601595,6435,D,A,0.25560474654565957,0.29918696769725567,0.4452082857570847
197601597,6597,A,A,0.2293278480940492,0.31948041376674385,0.4511917381392069
197601598,6526,A,H,0.5466177870932524,0.2991874483424783,0.15419476456426928
197601599,6526,H,A,0.3355130668057709,0.30521059835121356,0.35927633484301547
197601600,6527,D,A,0.17879259580098622,0.23028461609885706,0.5909227881001569
197601602,6435,H,H,0.5535222344275019,0.27401781239769657,0.1724599531748015
197601603,6526,H,H,0.35126693052324537,0.3099833821844923,0.33874968729226235
197601605,6527,D,A,0.3005253507486599,0.22553487375545556,0.4739397754958847
197601606,6435,D,A,0.20402525476355649,0.3064364023380054,0.4895383428984383
197601607,6526,D,H,0.6995407964476879,0.20848846579835464,0.0919707377539575
197601609,6527,D,A,0.3376786158486149,0.2730870725864505,0.38923431156493454
197601611,6597,A,H,0.4626601412610521,0.22632266234555495,0.31101719639339304
197601612,6435,H,H,0.4051599875735162,0.28882904596524306,0.30601096646124076
197601613,6526,A,A,0.24255828240248095,0.24874538377548389,0.5086963338220352
197601614,6527,D,H,0.4318479242898664,0.22582344193115717,0.3423286337789763
197601615,6435,H,H,0.38538890221123584,0.3236180347397218,0.2909930630490424
197601616,6597,A,H,0.6228121684585902,0.25731829596785244,0.11986953557355738
197601617,6597,H,H,0.6471888003187025,0.2537696049368704,0.09904159474442695
197601618,6597,H,A,0.0983276608180125,0.14537495299233652,0.7562973861896509
197601619,6597,A,A,0.20739745763756764,0.28592968908656125,0.5066728532758712
197601620,6526,A,A,0.11385559755770658,0.21667738469450057,0.6694670177477929
197601621,6435,D,A,0.30051842196114287,0.2942814931630964,0.4052000848757608
197601626,6435,H,A,0.26891040480042927,0.33818855869431297,0.3929010365052579
197601627,6526,A,H,0.41295387130878325,0.32474363740283263,0.2623024912883841
197601628,6527,H,H,0.5873848783294651,0.27820031745665574,0.1344148042138792
197601629,6597,H,H,0.44692697086563904,0.3052355066325066,0.24783752250185445
198896599,6484,D,H,0.5319510129655851,0.2367366041928011,0.23131238284161384
198896601,6484,H,H,0.7475656815952445,0.14422245048380175,0.1082118679209537
198896602,6484,A,H,0.5858398228140652,0.19572330607489175,0.218436871111043
198896604,6484,A,H,0.5030734456682209,0.23384153437729926,0.26308501995447986
198896611,6484,H,H,0.4379620752713557,0.2503665027397918,0.3116714219888524
198896612,6484,A,H,0.45795692163385376,0.30821383582212214,0.23382924254402415
198896613,6484,H,H,0.6134706133521837,0.22020409259551113,0.1663252940523052
198896614,6484,D,H,0.6410249502483442,0.19498337361051865,0.16399167614113724
198896615,6484,D,H,0.6570450140055296,0.1885200372608587,0.15443494873361174
199259549,6484,A,A,0.10357564067217573,0.1930985678675911,0.7033257914602332
200191796,6484,A,A,0.34247752308531626,0.1822084964150654,0.47531398049961826
200191797,6484,A,H,0.39884795646185345,0.2663399486763432,0.33481209486180336
200191798,6484,D,A,0.18132976156237654,0.23840342629691577,0.5802668121407076
200191799,6484,A,A,0.3338183435652743,0.24232822024850073,0.423853436186225
200191800,6484,D,H,0.39841548631755275,0.2767402294306338,0.3248442842518134
200191801,6484,A,A,0.25621449135737845,0.20845050438763005,0.5353350042549916
200191802,6484,A,H,0.3921184579929086,0.22987066130017433,0.3780108807069171
200191803,6484,H,A,0.2877868235424039,0.20866926240304912,0.503543914054547
200191805,6484,A,A,0.33632119546149886,0.3173539833543317,0.34632482118416946
200191806,6484,D,H,0.7943419465878828,0.14508696936097223,0.06057108405114494
200713990,6526,H,H,0.7161983674261677,0.1843957293311356,0.09940590324269664
200713993,6435,D,H,0.5574507598596324,0.22515177588015484,0.21739746426021278
200713994,6526,A,A,0.18539633741026892,0.22083505657535207,0.593768606014379
200713997,6435,H,H,0.49821113798553013,0.3216068059499395,0.18018205606453036
200713998,6435,A,A,0.23169467655486384,0.32467194864838606,0.44363337479675025
200713999,6526,H,H,0.7764097668885606,0.16126235931222443,0.06232787379921501
200714000,6597,A,H,0.44313667689302233,0.2478759248815379,0.3089873982254398
200714001,6435,H,H,0.642354548732311,0.24973361424796847,0.10791183701972047
200714002,6597,H,H,0.4920423919045397,0.25526225074577497,0.2526953573496854
200714003,6526,H,D,0.3328731142132312,0.3708291501293538,0.296297735657415
200714005,6435,D,H,0.46145217114485093,0.28496799095894076,0.25357983789620836
200714006,6526,H,H,0.5047015103419916,0.2985632215016911,0.19673526815631726
200714007,6435,A,H,0.5602887080816629,0.255110855962153,0.18460043595618417
200714008,6526,A,A,0.1539446541510261,0.29500532720486605,0.5510500186441079
200714009,6597,H,H,0.6380196091192055,0.21439241933080935,0.14758797154998518
200714010,6435,A,A,0.2939965016983154,0.2772192840382619,0.42878421426342256
200714012,6526,A,A,0.1866484031637003,0.2575149459058904,0.5558366509304093
200714013,6435,H,A,0.29252744094662575,0.3014891876265202,0.40598337142685403
200714014,6597,H,D,0.33263049048082693,0.3644005300934207,0.30296897942575246
200714015,6597,H,H,0.5347371322262009,0.25363828203735767,0.21162458573644144
200714016,6597,A,H,0.3510077703471325,0.30991879865182376,0.33907343100104376
200714017,6597,A,H,0.49732803427991534,0.30794370632117446,0.19472825939891023
200714018,6597,A,H,0.5685699163491413,0.257306873082697,0.17412321056816166
200714019,6526,A,A,0.225225042372011,0.33539615377239174,0.4393788038555972
200714020,6435,A,H,0.6252115128129502,0.22323616348250208,0.15155232370454774
200714021,6435,H,H,0.6423029574645948,0.2661355083179595,0.09156153421744559
200714022,6526,A,A,0.12635232106396332,0.24867996234550227,0.6249677165905343
200714023,6597,H,H,0.8557587535949784,0.10296848488693722,0.041272761518084344
200714024,6526,A,H,0.6720791633407904,0.20463490137698614,0.12328593528222337
200714025,6527,A,A,0.15708693260088438,0.18255932975641065,0.660353737642705
203077629,6484,H,H,0.7233288095685512,0.1875370583854945,0.08913413204595436
203077630,6484,D,H,0.6141427018185647,0.1963481443472952,0.18950915383414016
203077631,6484,H,H,0.8285279396957341,0.12088177446210525,0.05059028584216066
203077632,6484,H,A,0.23709604055731093,0.26845962674826684,0.4944443326944222
203077633,6484,A,A,0.1883688827724058,0.2746023436072325,0.5370287736203616
203077634,6484,H,H,0.4194648959768752,0.1908666683638865,0.38966843565923825
203077635,6484,H,H,0.48814987176124436,0.21535876278271118,0.2964913654560445
203077636,6484,A,H,0.606486689515833,0.18236557202545475,0.21114773845871226
203077637,6484,D,H,0.569916503201678,0.21450593021750455,0.21557756658081753
203077638,6484,D,H,0.6376025279783732,0.1924603240236323,0.1699371479979945
203701457,6526,A,H,0.7250920891948727,0.17716440867503697,0.09774350213009035
203701458,6526,H,H,0.5453001469812119,0.2901390510439814,0.1645608019748067
203701459,6526,D,H,0.524586793099782,0.25823365309399826,0.2171795538062198
203701460,6526,D,H,0.4358831860649555,0.24150219758226923,0.3226146163527753
203701461,6526,H,H,0.6254154900777874,0.23855643046066494,0.13602807946154769
203701462,6526,D,H,0.43532411375924135,0.3064548564492094,0.2582210297915494
203701464,6526,D,A,0.24891945462332754,0.2692126299136657,0.4818679154630068
203701465,6526,A,A,0.10285296866244865,0.19350677933191973,0.7036402520056316
203701466,6526,H,H,0.3986019531217257,0.32782562137495613,0.2735724255033183
203701468,6526,A,H,0.3742210874722974,0.35661109493114274,0.2691678175965599
205020017,6527,H,H,0.41671845152025294,0.28730570062907845,0.29597584785066855
205044727,6484,A,A,0.3390070682597609,0.26815939470905537,0.3928335370311838
205044728,6484,H,A,0.09754346930739885,0.18344184541423086,0.7190146852783703
205044729,6484,D,H,0.3849186512980289,0.25665950569942875,0.35842184300254243
205044754,6484,A,A,0.14568115404766505,0.1894889702531246,0.6648298756992104
205044755,6484,D,H,0.4497780658885992,0.2431373239715532,0.30708461013984767
205044756,6484,A,A,0.11131427364902367,0.25101211514059674,0.6376736112103796
205344960,6527,H,H,0.6092746660727929,0.28303861841501676,0.1076867155121903
205344961,6527,D,H,0.5513808762763346,0.18939064129081726,0.25922848243284824
205344962,6527,H,A,0.20430028650949852,0.2862765121619177,0.5094232013285838
205684762,6484,H,H,0.7544137212604183,0.17748217398178198,0.06810410475779977
205684763,6484,A,A,0.381824253845017,0.22573201368232632,0.3924437324726568
205684764,6484,D,H,0.5496800406084547,0.2632490383355593,0.18707092105598605
205863376,6527,H,H,0.6685304743195295,0.23115163544448902,0.10031789023598145
205863381,6527,H,A,0.3707303235821303,0.2569942248745973,0.37227545154327246
205863382,6527,H,A,0.23534438310535563,0.27476978417985104,0.4898858327147933
205863383,6527,A,H,0.4726950017476505,0.24083740280155838,0.28646759545079103
205863393,6484,A,A,0.18806064905996964,0.24735692462137315,0.5645824263186572
206315767,6526,H,A,0.3049530944219759,0.28264756704555355,0.41239933853247057
206315768,6526,D,H,0.38947211258260445,0.3258309614002583,0.2846969260171373
206315769,6526,D,A,0.28850521791161005,0.342989794101053,0.3685049879873369
206315770,6526,A,D,0.36120591542131775,0.3783076815210485,0.2604864030576336
206315771,6526,D,D,0.24993626945155695,0.38404124722152183,0.3660224833269212
206315772,6526,A,H,0.4156525756821604,0.24810587815485907,0.33624154616298046
206315773,6526,D,H,0.38733355869727426,0.3225510039992506,0.29011543730347517
207381045,6527,D,A,0.3267891565182663,0.28549050778321894,0.38772033569851483
207381046,6597,A,A,0.2588456063214351,0.28175960481535356,0.45939478886321145
207381053,6527,D,A,0.2370775479971878,0.26082751669313814,0.5020949353096741
207381055,6484,A,A,0.27047586981733374,0.29508392725407684,0.43444020292858926
207381056,6484,D,H,0.776864671323672,0.1252111251917102,0.0979242034846178
207381057,6484,D,H,0.6783552047867162,0.2127146653292872,0.10893012988399661
207381058,6484,D,A,0.29595308816751126,0.22543407908679539,0.4786128327456933
207381059,6484,A,A,0.2934267689975768,0.3020961124303524,0.4044771185720707
207381060,6484,H,H,0.6836622216003293,0.16085253448270287,0.15548524391696789
207381061,6484,D,A,0.28189495328745373,0.20508972670418554,0.5130153200083607
207381062,6484,H,H,0.6811798366659355,0.19467677305479977,0.1241433902792647
207381063,6484,H,H,0.6584843784832582,0.1928644620487056,0.1486511594680361
207381064,6484,A,A,0.3420328102339127,0.28504076052141636,0.37292642924467084
207381068,6435,H,H,0.40197887154746215,0.28581442800715096,0.3122067004453869
207626566,6527,A,A,0.25536787013140066,0.24023461226166182,0.5043975176069375
207626568,6435,D,H,0.3886385957173334,0.34292071931978774,0.26844068496287893
207626574,6527,A,A,0.3488949220616549,0.21722730054181655,0.4338777773965286
207626578,6435,D,H,0.5342992431946434,0.2543566588192095,0.21134409798614706
207626579,6527,H,A,0.27499748794065704,0.26213111347052814,0.4628713985888149
207626583,6435,H,A,0.19172508594089993,0.33572154425840073,0.47255336980069934
207626591,6597,H,H,0.6454532217042406,0.24919974232362463,0.10534703597213474
207626592,6597,H,H,0.5748658742387731,0.2917016882379204,0.13343243752330655
207626593,6597,A,A,0.3472341548355529,0.2943256795628072,0.35844016560163994
207626595,6435,A,A,0.29618005744831,0.2810706522406064,0.42274929031108355
207626604,6597,A,A,0.10136483749466714,0.13472836749463846,0.7639067950106944
207626607,6597,A,A,0.3499286768517991,0.2461870426764128,0.4038842804717882
207626613,6597,H,A,0.31234685526384576,0.28361481243555914,0.4040383323005951
207932271,6597,A,A,0.23767436805336428,0.31619173749131124,0.4461338944553244
207932275,6435,H,H,0.6922751294688996,0.18794567216641764,0.11977919836468277
207932282,6597,H,H,0.41654394215875784,0.30394550543658194,0.27951055240466016
207932286,6435,A,D,0.32994860491317457,0.34950175363853125,0.3205496414482941
207932295,6527,H,H,0.8849986015599639,0.09165774113186936,0.023343657308166642
207932296,6527,A,H,0.5015361131596736,0.24259217017156406,0.25587171666876235
207932298,6527,A,H,0.35554194144037365,0.3029657256029973,0.34149233295662906
207932299,6527,A,A,0.11803596968375742,0.2488218815547327,0.6331421487615099
208235743,6526,H,A,0.19393153931594792,0.22024936059550748,0.5858191000885447
208235749,6526,H,H,0.7112342115974817,0.20517028973872967,0.08359549866378861
208235750,6526,D,H,0.4721826794735361,0.29919265782586124,0.22862466270060255
208235751,6526,A,A,0.06674562756764373,0.17480023797141506,0.7584541344609412
208235752,6526,H,H,0.5023899619686616,0.2681153129412661,0.2294947250900723
208235753,6526,D,H,0.5656739879440652,0.2976380017349164,0.1366880103210184
208235754,6526,D,A,0.19782852892298394,0.23457307776598918,0.567598393311027
208235755,6526,D,A,0.1463727856906107,0.23291178261244327,0.620715431696946
208235756,6526,A,H,0.4228922924196179,0.3457560774595404,0.23135163012084162
208235757,6526,D,H,0.46412336731737586,0.3288748346275079,0.20700179805511634
208496337,6484,D,A,0.16596100567140393,0.18159238437492173,0.6524466099536743
208496338,6597,H,H,0.5371104029066844,0.24420048537969896,0.21868911171361657
208496339,6597,H,H,0.6153901053882744,0.2009101793429828,0.18369971526874285
208496340,6597,H,H,0.6389641183314584,0.22065315315523457,0.14038272851330705
208496341,6484,D,H,0.5307976287925469,0.2183536065326654,0.25084876467478767
208496342,6484,D,A,0.24075333269230542,0.23444468514319536,0.5248019821644994
208496343,6597,H,A,0.2152617853137408,0.24797585431583635,0.5367623603704229
208496344,6484,H,A,0.327979910455966,0.258088414660606,0.41393167488342797
208694031,6484,H,H,0.6555805016908471,0.1601094166725633,0.1843100816365896
208694032,6597,A,H,0.5309979605906104,0.2989864846932718,0.17001555471611765
208694033,6597,D,H,0.6156767467986647,0.2306921229422054,0.15363113025912992
208694034,6597,H,H,0.8736709480251681,0.0959146445905855,0.030414407384246517
208694035,6597,H,H,0.5751473344045414,0.2206132874847642,0.20423937811069443
208694036,6484,H,H,0.6491162281334966,0.20402217230556555,0.1468615995609378
208694037,6484,A,A,0.17395961968096002,0.35105131614342594,0.474989064175614
208694038,6597,H,H,0.3681242057393343,0.35896165330025304,0.2729141409604127
208694039,6484,A,A,0.35358333435104494,0.2210478253140899,0.4253688403348651
208927587,6484,A,A,0.21526930904548894,0.24713799041125073,0.5375927005432604
208927599,6484,H,H,0.7364382696769414,0.18997876177680345,0.07358296854625518
209140288,6435,H,H,0.5550971758431061,0.29290386036306915,0.15199896379382463
209140291,6435,H,H,0.4548501477573596,0.2541527902016936,0.29099706204094683
209378442,6435,D,A,0.2451285350698936,0.20039891262172638,0.55447255230838
209378446,6435,A,A,0.33840041441588375,0.31978539768877556,0.3418141878953407
209378450,6435,D,H,0.4082462715037346,0.26468706745226916,0.3270666610439963
209378461,6435,H,A,0.12228002168120927,0.28754642502343314,0.5901735532953576
209766256,6435,A,H,0.47194675641788036,0.31700476222366086,0.2110484813584588
209766258,6484,A,A,0.16063222120478396,0.22427443107792372,0.6150933477172923
209766262,6435,H,H,0.664052259828717,0.2588977610859417,0.07704997908534128
209766263,6484,H,H,0.7656735210295679,0.16812056579467213,0.06620591317575993
209766264,6484,A,H,0.35841758915202215,0.28425662843702365,0.35732578241095425
209766265,6484,H,A,0.36139417196628065,0.19421750308415317,0.44438832494956615
209766270,6435,A,H,0.5691787412221188,0.24645095902436143,0.18437029975351982
209766278,6484,D,H,0.6571362951137779,0.1851013628672982,0.1577623420189238
209766279,6484,A,H,0.341831270464655,0.33266304109964323,0.32550568843570177
209766280,6484,A,A,0.16074736544062057,0.2432538855422548,0.5959987490171246
209766281,6484,A,A,0.09673575355127943,0.16224686946611272,0.741017376982608
209766282,6484,A,H,0.4900758475738806,0.21100502027462026,0.2989191321514991
209766285,6435,H,A,0.31631029313323505,0.3062063831811256,0.37748332368563947
210158686,6435,H,H,0.6499746727751301,0.21925913150376894,0.13076619572110096
210158687,6484,H,H,0.770098313533829,0.15158451056798472,0.07831717589818629
210158688,6526,H,H,0.7601231894685427,0.16161569129629047,0.07826111923516678
210158689,6527,D,H,0.632350840280028,0.19479031194965762,0.17285884777031438
210158690,6526,A,A,0.1380377833784363,0.2684313297882054,0.5935308868333583
210158691,6527,H,A,0.3502836829384194,0.2193318070426928,0.43038451001888794
210158692,6527,D,H,0.6038531758316135,0.24100300870553262,0.15514381546285386
210158693,6526,D,H,0.40080393927093794,0.3308391408002413,0.26835691992882066
210158694,6526,H,H,0.44384493414594767,0.35203550066596834,0.204119565188084
210158695,6527,D,A,0.26710606281661253,0.23987965477017145,0.493014282413216
210158696,6526,D,H,0.5277334164844538,0.25856498299804814,0.21370160051749798
210158697,6527,D,H,0.43929246059134147,0.2882007743578408,0.27250676505081783
210158698,6526,A,H,0.3990652993423619,0.2817722151480695,0.31916248550956855
210158699,6527,A,A,0.3336460697437237,0.31481868196354296,0.3515352482927334
210158700,6526,H,H,0.37987417115604594,0.309159651736715,0.31096617710723906
210158701,6527,A,A,0.12352668509699452,0.16509094289753587,0.7113823720054697
210158702,6526,H,H,0.6374671903233472,0.2374990818816364,0.12503372779501631
210158703,6527,H,A,0.3403454927219331,0.22312829693916372,0.4365262103389032
210158704,6526,H,H,0.45733394936435257,0.3285312228326586,0.2141348278029888
210158705,6527,H,A,0.13824572928369572,0.18509772135459376,0.6766565493617105
210158706,6526,D,H,0.6217131979985865,0.21924505283792659,0.1590417491634869
210158707,6526,D,H,0.4705366242845679,0.24691578357190017,0.282547592143532
210158708,6526,A,A,0.2818464047234981,0.2706887661543153,0.44746482912218655
210158709,6526,H,H,0.49303444953866415,0.28596024473347287,0.22100530572786306
211165214,6597,H,H,0.6416281879133185,0.1852830479455295,0.17308876414115199
211382237,6597,H,H,0.6619338505906865,0.1924531738373715,0.1456129755719419
211382238,6597,H,H,0.8516489548860425,0.09691277298639148,0.051438272127566034
211382239,6597,A,H,0.3693183190861928,0.3322872916514148,0.29839438926239237
211382240,6597,D,A,0.35412549399512394,0.28532313238144613,0.36055137362342987
211382241,6597,A,H,0.354061569073308,0.3336648476070934,0.31227358331959854
211382855,6597,H,H,0.7210024486155118,0.19811503862983595,0.0808825127546523
211940262,6597,H,A,0.318032024516034,0.2846657097092379,0.39730226577472805
211940439,6597,A,H,0.5355814711507745,0.3030006433505632,0.16141788549866237
212674706,6435,D,H,0.3640329180530209,0.2989668339256064,0.33700024802137263
212674707,6526,D,H,0.4145360734543304,0.36129638577697154,0.2241675407686981
212674709,6435,H,H,0.7399840374714352,0.18287086288341323,0.07714509964515168
212674710,6526,A,H,0.42864008807253084,0.2291184100987629,0.3422415018287062
212674711,6527,H,A,0.358142351093915,0.2121369703603773,0.42972067854570767
212674715,6435,D,H,0.7612462303633091,0.1688871388382368,0.06986663079845411
212674716,6526,A,A,0.07808227887908256,0.18820589133455,0.7337118297863674
212674717,6527,H,H,0.5382040736268705,0.24700895622040983,0.21478697015271966
212674718,6527,A,H,0.5872235095692567,0.27434788847876607,0.13842860195197718
212674719,6527,D,A,0.271791454019131,0.2774915487935557,0.4507169971873132
212674720,6435,A,H,0.43834217313393864,0.3043342633138915,0.25732356355216984
212674722,6526,A,A,0.26428189019664317,0.34600074192982194,0.3897173678735348
212674723,6527,A,A,0.1439980127959616,0.2568935486080035,0.5991084385960349
212674724,6435,H,H,0.3962927196188913,0.2574741012180899,0.3462331791630189
212674725,6526,H,H,0.6082036044969146,0.2552292714192395,0.13656712408384583
212674731,6527,D,H,0.8564194062490447,0.09898247504264542,0.044598118708309896
212674732,6435,A,A,0.06287325752154167,0.18222510896916844,0.75490163350929
212674733,6526,D,A,0.17293261128654622,0.2963558228399068,0.530711565873547
212674735,6527,H,A,0.23614423793845188,0.2833984047939262,0.48045735726762195
212674736,6435,D,H,0.4744061530561375,0.3422516012120269,0.18334224573183575
212674737,6526,H,H,0.42278141604146946,0.2816787193106481,0.2955398646478825
212674738,6527,H,H,0.46355966665674725,0.27685654051994085,0.2595837928233119
212674739,6435,D,H,0.46144961444113936,0.2957977175387983,0.24275266802006226
212674741,6526,A,A,0.2882840167021723,0.20096922768137332,0.5107467556164543
212674742,6435,A,D,0.28809446864677624,0.3794887670568437,0.3324167642963802
212674746,6435,D,H,0.38088127493325474,0.3183117593546171,0.3008069657121282
212674747,6526,H,A,0.3068417802127735,0.3294849568272304,0.3636732629599961
212674748,6527,D,H,0.5114291272954159,0.2727049677250872,0.21586590497949693
212674751,6526,H,H,0.44167158723613387,0.30894998509215216,0.24937842767171403
213723591,6484,A,H,0.45221197515525774,0.2519932455489573,0.2957947792957849
213723592,6597,H,H,0.4667078830776229,0.2591869453060665,0.27410517161631054
213723593,6484,D,H,0.6181367901023935,0.20216296130113723,0.17970024859646924
213723594,6597,D,A,0.2420981980442873,0.2404781581093358,0.517423643846377
213723595,6484,A,H,0.708226645919263,0.19296223354793215,0.09881112053280489
213723596,6484,A,H,0.6336795161396128,0.19746044344451386,0.1688600404158734
213723598,6597,H,H,0.483074019253922,0.35599542744521795,0.16093055330085998
213723599,6484,H,A,0.3446873987933174,0.1731943342768269,0.4821182669298557
213723600,6484,A,A,0.15298989257037543,0.2013645071896235,0.6456456002400012
213723601,6484,A,A,0.09374292055124923,0.22763291044517003,0.6786241690035808
213723602,6484,H,H,0.9038901815672523,0.0743410789741289,0.021768739458618704
213723603,6484,A,H,0.6701772327115522,0.18671433400211163,0.1431084332863362
213723604,6484,H,H,0.5823239878562194,0.16611322893779976,0.2515627832059808
213723605,6597,H,H,0.36293762800831475,0.31515368360274904,0.32190868838893627
213723606,6597,H,H,0.46783129482988994,0.2920198250853756,0.24014888008473434
213723607,6597,A,A,0.042098278067769127,0.13834008114200289,0.8195616407902279
213723608,6597,D,H,0.502356128905071,0.2665836689717228,0.23106020212320622
213723609,6597,D,A,0.19615480545838138,0.29560004475428636,0.5082451497873324
213723613,6597,D,H,0.5979856579902617,0.2740985219225995,0.12791582008713864
215022546,6484,H,H,0.8003390381490699,0.12425711913223961,0.07540384271869052
215022547,6484,H,H,0.41321890977344405,0.26621041530118567,0.3205706749253702
215022548,6484,A,H,0.35871707576392575,0.33651413221301646,0.30476879202305773
215022549,6484,A,A,0.33415779887077685,0.22022028958951279,0.4456219115397104
215022550,6484,H,A,0.26527788369187594,0.24642773395059706,0.488294382357527
215022551,6484,A,H,0.6129522254149391,0.17988754266212068,0.20716023192294022
215022552,6484,A,H,0.48891579119208733,0.27459651715419664,0.23648769165371586
215022553,6484,H,H,0.5206046770015171,0.299397659789452,0.1799976632090309
215022554,6484,A,A,0.2802426924533177,0.13356854877151064,0.5861887587751716
215022555,6484,H,H,0.37601490939447035,0.2669304001721289,0.35705469043340077
215560087,6435,H,H,0.5514991167284924,0.3028848972155238,0.14561598605598378
215560088,6526,A,A,0.2432722779190234,0.25728865746178187,0.49943906461919485
215560090,6435,D,A,0.31354136139386596,0.3141978387145085,0.3722607998916255
215560091,6526,D,A,0.2720564586323492,0.292198209424622,0.43574533194302884
215560092,6527,H,H,0.5370105524088812,0.1812174756539726,0.28177197193714626
215560096,6435,H,H,0.36134233540029786,0.2963671880071172,0.3422904765925849
215560097,6526,D,A,0.230943881609378,0.23715789539559584,0.5318982229950261
215560098,6597,H,H,0.6831724510608345,0.22558078502110462,0.09124676391806094
215560099,6527,H,H,0.39691043963737455,0.3451663515693482,0.2579232087932773
215560100,6527,D,H,0.5406647109381099,0.24790713495194894,0.2114281541099412
215560101,6527,A,H,0.4479820447226742,0.24980287307669058,0.3022150822006352
215560102,6435,H,D,0.28778344000832523,0.356541787337563,0.35567477265411174
215560104,6597,D,H,0.5816678163860716,0.20238767605393396,0.21594450755999448
215560105,6526,H,H,0.4764692165423257,0.32730396956953395,0.1962268138881404
215560106,6527,D,A,0.3279167757330184,0.24596065841594203,0.4261225658510395
215560109,6435,H,H,0.7394783109086143,0.18351389736963733,0.07700779172174847
215560110,6526,H,H,0.6773705780866179,0.20587820338696403,0.11675121852641797
215560113,6435,H,A,0.09149004899458205,0.16992270801289844,0.7385872429925194
215560114,6526,H,H,0.43066029514779036,0.32987918154639306,0.23946052330581663
215560116,6527,H,H,0.6078658466261321,0.22117821844003732,0.1709559349338307
215560119,6597,D,H,0.45814807442495,0.22700741355580048,0.31484451201924946
215560120,6435,H,H,0.7295208507737281,0.1899764757564855,0.08050267346978637
215560121,6526,D,H,0.6329566292988335,0.21904348566502194,0.1479998850361446
215560123,6527,A,A,0.10317087452065919,0.1808786206083072,0.7159505048710336
215560124,6435,H,H,0.7331923232228122,0.2106689583068306,0.05613871847035716
215560125,6597,D,H,0.4892574452277517,0.3113268649657049,0.19941568980654334
215560126,6597,A,H,0.3776381108253587,0.24891782933488946,0.37344405983975176
215560127,6597,A,A,0.31795405815205585,0.2985279233457865,0.3835180185021576
215560128,6597,H,H,0.8881909511594794,0.09517715925281395,0.016631889587706613
215560129,6597,A,H,0.6800132186036344,0.19887255420136213,0.12111422719500348
215560130,6526,H,H,0.45158201437422385,0.2998865322962957,0.2485314533294805
215560131,6526,A,H,0.4562687221548664,0.30882647729770185,0.23490480054743165
215560132,6435,D,H,0.4455078636580115,0.3047536376343549,0.24973849870763373
215560133,6526,A,H,0.463254681055571,0.31955106492755225,0.21719425401687661
215560134,6527,A,A,0.14867539166096078,0.2522388298747192,0.59908577846432
215560135,6597,H,A,0.3196931410578455,0.24158256964724628,0.4387242892949082
215560151,6527,H,H,0.6417750521662322,0.23260414345458613,0.1256208043791817
215609590,6435,A,A,0.30270442581940377,0.34687278152223316,0.3504227926583631
219132047,6527,A,A,0.13248399764174743,0.24802507651719896,0.6194909258410536
219132049,6435,D,H,0.5460626508372247,0.2305045356765921,0.2234328134861832
219132053,6597,D,A,0.29252286524220167,0.2960682158952321,0.41140891886256625
219132055,6435,H,H,0.542508930535759,0.2588720799068356,0.19861898955740537
219132057,6597,D,H,0.5489988877159387,0.302719788484638,0.1482813237994232
219132058,6597,H,H,0.502347543743891,0.31960593195493087,0.17804652430117815
219132059,6597,A,H,0.45323123577584473,0.3015534683599201,0.24521529586423518
219132060,6597,A,A,0.31494189272540835,0.33166904922326074,0.353389058051331
219132061,6435,H,H,0.3919847456518754,0.3013747098647049,0.3066405444834197
219132066,6597,H,H,0.8797844920933867,0.0944537034825607,0.025761804424052678
219132074,6435,A,A,0.2190062248183446,0.32394044129040905,0.4570533338912463
219132075,6527,H,H,0.40270453896766883,0.22808901957939426,0.36920644145293696
219132076,6597,D,A,0.2694249689619962,0.2418334623426028,0.48874156869540086
219132078,6527,H,H,0.6838452901046165,0.1593114131205257,0.15684329677485784
219132079,6435,H,H,0.6888258175723541,0.23794693022614025,0.0732272522015056
219541609,6526,A,A,0.11754035990540752,0.17778423211907157,0.7046754079755209
219541611,6435,A,H,0.3537385559673007,0.30454094056663,0.34172050346606925
219541613,6435,A,A,0.19767497192917824,0.22346000996107485,0.5788650181097468
219541614,6435,H,H,0.49566684940791467,0.34048635933574306,0.16384679125634227
219541616,6526,H,H,0.614765886495719,0.21843832373498084,0.16679578976930012
219541617,6527,H,H,0.5500385129147926,0.21587009098631593,0.23409139609889146
219541619,6527,D,A,0.2570412007123809,0.2704191195700521,0.472539679717567
219541620,6526,A,A,0.16976475322354856,0.3171606514388742,0.5130745953375773
219541621,6526,D,H,0.6647365261957897,0.20486631499896588,0.13039715880524447
219541625,6527,A,A,0.1425524308742856,0.19579017746243108,0.6616573916632833
219541626,6597,D,D,0.34104691154892686,0.4183623443160052,0.24059074413506798
219541627,6527,H,H,0.4313238119982653,0.3475578429824395,0.22111834501929517
219541630,6526,D,D,0.3317637427066426,0.36134566960533065,0.3068905876880268
219541634,6526,H,H,0.6502931269056561,0.24899722791427423,0.10070964518006971
219541635,6526,A,A,0.3036934459851797,0.2572320610374729,0.43907449297734724
219541637,6526,A,A,0.1798453295281718,0.3268100402706747,0.49334463020115343
219541638,6597,H,H,0.4293598249067825,0.31395649840726136,0.2566836766859561
219541639,6526,D,A,0.1181794785462061,0.2617881198448291,0.6200324016089648
219541640,6435,H,H,0.5372974469285258,0.31054365555834623,0.15215889751312803
219541643,6526,H,H,0.36509053596337776,0.35205642651109836,0.28285303752552376
219890281,6435,D,H,0.4338979781336764,0.32241491183727256,0.24368711002905094
219928208,6527,A,A,0.34189707245720236,0.2540273575415609,0.40407557000123673
219928209,6527,A,H,0.74469325590862,0.18343235592384893,0.07187438816753106
219930818,6597,D,H,0.4092078519727395,0.239702703329252,0.35108944469800846
219930846,6484,H,A,0.36458650751755833,0.18150142386455018,0.4539120686178915
219930851,6435,A,H,0.4146738402658902,0.3202404470406265,0.26508571269348324
219931447,6484,A,A,0.08660804381035113,0.17611239659978054,0.7372795595898685
219931477,6435,D,D,0.3038847209217288,0.3523482399114129,0.3437670391668583
219931887,6597,A,H,0.526175151559108,0.2216887283028421,0.2521361201380499
219931888,6597,A,H,0.5272994096067258,0.2618210273352399,0.2108795630580342
219931889,6597,H,A,0.2926238351653309,0.26877846205163164,0.43859770278303734
219931890,6597,A,H,0.5424613984130591,0.2145914135421218,0.24294718804481913
219932119,6484,D,H,0.6243084405643126,0.22399304056454772,0.1516985188711397
219932120,6484,H,H,0.40664582024368506,0.20166565971859288,0.3916885200377222
219932122,6484,H,H,0.45835619014971213,0.20762735229803117,0.33401645755225673
219932123,6484,A,A,0.08818026799845716,0.2537709419971631,0.6580487900043798
219932124,6484,A,H,0.37724611586356543,0.2760085676460438,0.3467453164903908
219932351,6435,D,A,0.14521247105957355,0.22620085394990866,0.6285866749905178
219932567,6597,D,A,0.15500241954090976,0.21099907774188242,0.6339985027172078
219932571,6484,A,H,0.6148474049172712,0.2358646944885422,0.1492879005941867
219932584,6435,D,H,0.6382961798078352,0.2152837500941715,0.14642007009799335
219932785,6435,D,H,0.6572097328620196,0.21772215772902292,0.12506810940895746
219933248,6527,A,A,0.09763520734603946,0.13453627709675275,0.7678285155572078
219933251,6527,H,H,0.8033297469429606,0.1376837292960499,0.058986523760989534
219933253,6527,A,A,0.1758956551370259,0.24958105068116665,0.5745232941818075
219933255,6527,A,H,0.5638808306221008,0.25136851072295485,0.18475065865494433
219933258,6527,D,H,0.4819041270187731,0.2933624277579874,0.22473344522323946
219933260,6527,A,A,0.280986833973364,0.29962072224459185,0.41939244378204416
219933261,6527,A,H,0.36247900399796223,0.29386127684488267,0.3436597191571551
219933262,6527,A,A,0.11478611541570825,0.23585787919379447,0.6493560053904972
219933263,6527,H,H,0.5747451659885401,0.25114806350510394,0.17410677050635598
219934235,6435,D,A,0.13856754008122382,0.23911204292857172,0.6223204169902045
219934655,6526,D,H,0.6105844288394928,0.23928684946759576,0.15012872169291136
219934656,6526,H,H,0.6436685459154422,0.21089389701052927,0.14543755707402853
219934657,6526,A,H,0.3655147764614635,0.3252695516705268,0.30921567186800963
219934658,6526,H,H,0.4654095172913843,0.2993590869083404,0.23523139580027522
219934659,6526,H,A,0.36710459169740556,0.24294087286011024,0.38995453544248426
219934661,6526,D,H,0.38819461028058255,0.2635332152675905,0.34827217445182695
219934662,6526,H,H,0.6885771766662506,0.2293663576674025,0.08205646566634679
219934663,6526,D,D,0.3500571213052402,0.35864357753261217,0.29129930116214775
219934664,6484,H,H,0.8350636272442331,0.12557026700823104,0.03936610574753593
219934665,6526,A,A,0.25344347743874046,0.30290395045388707,0.44365257210737247
219934666,6526,H,H,0.5058840591516736,0.23497156976793265,0.25914437108039384
219934764,6597,A,H,0.45648932403683534,0.3143609176579224,0.22914975830524226
219934896,6435,A,A,0.16071585856680443,0.337263793191192,0.5020203482420036
219934960,6597,H,H,0.7849952652256145,0.14427368839406393,0.07073104638032163
219934963,6484,H,H,0.5040906962075962,0.23072964400366744,0.2651796597887364
219934988,6435,H,H,0.38362173824739115,0.3460973744091637,0.27028088734344513
219935017,6597,A,A,0.28829851229242753,0.2817911322038479,0.42991035550372464
219935065,6435,H,H,0.4679149578851481,0.31380709451373856,0.21827794760111327
219935239,6435,H,H,0.7330751561454693,0.18790903559505065,0.07901580825948004
219936004,6597,H,H,0.518978615743867,0.2725482791452894,0.20847310511084374
219936044,6435,H,H,0.5045312712209761,0.26217725519185997,0.23329147358716393
219936048,6484,A,A,0.2613475415525396,0.32660039811500796,0.4120520603324525
219936784,6484,D,A,0.3525345402915632,0.2579456306599579,0.3895198290484788
219936813,6435,A,H,0.5668848935599304,0.2948903145962724,0.13822479184379713
219937207,6597,D,H,0.5288173785903209,0.3105095466361902,0.16067307477348894
219937208,6597,H,H,0.4800940386478028,0.3138052018590672,0.20610075949312995
219937209,6597,A,H,0.4613192857827901,0.33749224245971887,0.2011884717574911
219937210,6597,A,A,0.12019294728274214,0.20334981876688146,0.6764572339503765
219937453,6484,A,H,0.6944656756580795,0.17702707156394368,0.12850725277797673
219937454,6484,A,H,0.7480451809029761,0.182893021020966,0.06906179807605789
219937455,6484,A,H,0.49626768971675056,0.25736840760467244,0.24636390267857694
219937456,6484,A,A,0.18394612318819525,0.24959687359244814,0.5664570032193565
219937458,6484,A,A,0.14481348292742796,0.2659516004624394,0.5892349166101327
219937668,6435,A,H,0.40625329837853663,0.2921224159490595,0.30162428567240385
219937904,6435,A,A,0.20860539587472762,0.2514232757680323,0.53997132835724
219937906,6597,H,H,0.4427290247214626,0.3075346875248019,0.24973628775373552
219937907,6484,H,A,0.31797414481966624,0.1945130337921033,0.4875128213882305
219938095,6435,A,A,0.10946552351018383,0.21606850092920565,0.6744659755606106
219938595,6527,H,H,0.5150404539359376,0.29146381360202844,0.19349573246203394
219938598,6527,A,A,0.15407473163564234,0.2501103116141599,0.5958149567501977
219938600,6527,H,H,0.40900901356338853,0.23271598864847898,0.35827499778813254
219938602,6527,D,A,0.3404505065783046,0.25005587072166785,0.4094936227000275
219938604,6527,H,A,0.21938587024499812,0.2789029906353898,0.5017111391196121
219938607,6527,D,A,0.16307947079137344,0.33760775687399186,0.4993127723346346
219938609,6527,H,A,0.09604282150261677,0.17180585428757672,0.7321513242098066
219938610,6527,H,H,0.7319198787654719,0.1894297228889166,0.07865039834561148
219938612,6527,A,A,0.12195550134033382,0.1307344849371753,0.7473100137224908
219939554,6435,H,H,0.8079882250901763,0.15436197589694745,0.037649799012876344
219939917,6526,A,A,0.22371539604260152,0.26709315013872464,0.5091914538186738
219939918,6526,H,A,0.3316380853162302,0.20954098981929367,0.4588209248644762
219939919,6526,A,A,0.14964526571620945,0.28377154864775456,0.566583185636036
219939920,6526,H,A,0.24083886388611264,0.30291956977254086,0.4562415663413465
219939921,6526,H,H,0.663864893731484,0.22446433332187782,0.11167077294663816
219939922,6526,A,A,0.32404268079024134,0.31075448272956824,0.3652028364801905
219939923,6526,H,A,0.1823110296874351,0.25603263852989966,0.5616563317826652
219939926,6526,H,H,0.7322111392969334,0.1769453490619925,0.09084351164107406
219939927,6526,H,A,0.19373312539206944,0.23894595418349138,0.5673209204244392
219939928,6526,D,A,0.11326583085910019,0.22725848907380694,0.6594756800670929
219939929,6484,H,H,0.5231954767976347,0.17142860293901022,0.30537592026335514
219940033,6597,D,H,0.5545265270493847,0.2748447108977703,0.17062876205284505
219940137,6435,H,H,0.7674628316689844,0.15416377155100244,0.07837339678001311
219940197,6597,H,H,0.7680863974966556,0.15609693867235738,0.07581666383098694
219940201,6484,A,A,0.3259823496577753,0.18042458565570846,0.49359306468651626
219940224,6435,A,H,0.41477984468927837,0.28995581613228594,0.2952643391784356
219940250,6597,D,A,0.2684800988695457,0.3018511462225102,0.4296687549079441
219940273,6435,H,H,0.5876541295167822,0.2749460196158901,0.13739985086732764
219940427,6435,D,H,0.569359878575452,0.25357103500900585,0.17706908641554214
219940561,6484,H,H,0.4470611192694432,0.2477433276970813,0.30519555303347556
219940562,6484,A,A,0.2634527307420744,0.2511018117332902,0.48544545752463536
219940563,6484,H,H,0.5469575754725268,0.21383354992077758,0.23920887460669568
219940615,6484,H,H,0.7947297974549932,0.1503684408521228,0.054901761692884056
219940831,6484,D,H,0.46154694380467415,0.29927868839600763,0.23917436779931825
219940832,6484,D,A,0.23713472357202178,0.2089447671738053,0.5539205092541728
219940833,6484,A,A,0.29271107870476676,0.27416022737619977,0.43312869391903347
219940834,6484,H,H,0.674688270409559,0.19194496945753636,0.13336676013290472
219940848,6484,H,H,0.7418599578535189,0.12437933095889592,0.13376071118758528
219940958,6484,H,H,0.5512460114727685,0.25934888849380755,0.18940510003342392
219941294,6597,A,A,0.13874637145109223,0.16375292511759895,0.6975007034313088
219942784,6597,A,H,0.461541150332133,0.3195089067679727,0.21894994289989425
219942785,6597,A,H,0.36169733849521785,0.3143234322078383,0.32397922929694384
219942786,6597,A,D,0.31684750368146697,0.35348770261116763,0.32966479370736523
219942787,6597,A,H,0.4201830235434785,0.28761872276514877,0.2921982536913728
219942788,6597,A,A,0.33853515840936277,0.22840049021446698,0.43306435137617016
219943424,6597,A,A,0.360704670290139,0.18145420994654404,0.4578411197633171
219943888,6435,H,H,0.7828546722163972,0.14548973346148092,0.07165559432212187
219943891,6435,H,A,0.21906370457831162,0.22576198544583312,0.5551743099758553
219943894,6435,D,H,0.49449954687684083,0.2799572944651368,0.2255431586580224
219943897,6435,D,H,0.49311317759851725,0.2665108067209365,0.24037601568054637
219943900,6435,H,A,0.33160872144108094,0.23173328671097873,0.43665799184794035
219943902,6435,D,D,0.33624363703668114,0.34468159004943927,0.31907477291387953
219943905,6435,H,A,0.258038246693291,0.3325857284575945,0.4093760248491145
219943906,6527,H,H,0.6185361014226171,0.21590316785199493,0.165560730725388
219943908,6435,D,A,0.1715303107690938,0.3763509909438091,0.45211869828709716
219943909,6527,H,H,0.7420524208639268,0.1604062205850942,0.09754135855097906
219943911,6435,D,D,0.3453427427786856,0.3466526275735603,0.30800462964775416
219943912,6527,H,H,0.38800318654341553,0.2658000133054811,0.34619680015110343
219943914,6435,H,H,0.6028232833430375,0.2765660260161616,0.120610690640801
219943915,6527,A,A,0.18118596232041057,0.24493724723050972,0.5738767904490797
219943917,6527,A,A,0.08790576450750537,0.2608686487282012,0.6512255867642934
219943919,6527,A,H,0.6639594893444762,0.22685896149056628,0.10918154916495744
219943920,6527,A,A,0.3390153818676914,0.31523118315366083,0.34575343497864774
219943921,6527,H,H,0.7350530822764837,0.1679850057862169,0.0969619119372995
219943922,6527,A,A,0.23153238929485653,0.2527546768804022,0.5157129338247413
219945233,6526,D,H,0.7690966666791659,0.16716453680272284,0.06373879651811132
219945234,6526,H,H,0.6670673463384149,0.23423375450387932,0.09869889915770583
219945235,6526,H,H,0.5563578773678267,0.28361815259773693,0.16002397003443639
219945236,6526,D,H,0.6008256678647655,0.18969400476525883,0.2094803273699757
219945238,6526,H,H,0.7286205296550587,0.2150993316245054,0.0562801387204358
219945239,6526,A,H,0.45635983143936887,0.23636182621621538,0.30727834234441564
219945240,6526,A,A,0.2789874940805302,0.3599265807173147,0.36108592520215493
219945241,6526,D,A,0.32827657351072903,0.19417767695113672,0.4775457495381343
219945242,6526,H,H,0.5417910638452998,0.25133983453532277,0.20686910161937735
219945243,6526,H,H,0.44299122788531614,0.3250709547984199,0.2319378173162641
219945320,6597,A,H,0.6190492257492567,0.23209329769514686,0.14885747655559647
219945442,6597,D,H,0.3775200295794389,0.33071136247688165,0.29176860794367937
221820325,6526,H,A,0.19230873716523722,0.23093842375675616,0.5767528390780067
222894475,6597,A,H,0.7967995646970403,0.1500364749886716,0.05316396031428812
222894478,6597,A,H,0.853499044993984,0.12186165590443047,0.02463929910158554
222894481,6597,A,H,0.5254527714575994,0.26867617097924046,0.2058710575631602
222894483,6597,A,H,0.6431990853080093,0.20741116356343733,0.14938975112855338
222894486,6597,D,H,0.5067752167437242,0.2891725758604502,0.20405220739582566
222894491,6597,D,H,0.42083235785694173,0.313754296486704,0.2654133456563543
222894492,6597,D,H,0.575490299278765,0.26044248559728517,0.1640672151239497
222894493,6597,A,H,0.39101016245609704,0.3449996316483123,0.2639902058955907
222894494,6597,D,A,0.20418999323516362,0.2953357482690033,0.500474258495833
222895147,6484,H,A,0.2718107890261991,0.23469276535813421,0.49349644561566663
222896232,6484,H,H,0.4683283331532329,0.24363148721958186,0.28804017962718526
222896236,6484,H,H,0.7298060922982453,0.16427015681101034,0.10592375089074432
222896239,6484,H,H,0.9054825019137991,0.07109458951106294,0.023422908575137937
222896559,6484,A,H,0.45940713416277273,0.2284286273313203,0.31216423850590697
222896746,6484,D,H,0.3630374102375824,0.3015657209439442,0.3353968688184735
223349905,6435,D,H,0.755766541894418,0.15112444018706125,0.0931090179185207
223349908,6435,H,H,0.8253566646694642,0.12260533577229452,0.052037999558241246
223349911,6435,H,H,0.6093126109282947,0.24146180403828932,0.14922558503341601
223349914,6435,H,H,0.5887964446772086,0.2891887701224934,0.12201478520029789
223349917,6435,A,A,0.30732131363791976,0.33290861023189927,0.359770076130181
223349920,6435,H,H,0.5942377950672718,0.28936071215518533,0.11640149277754278
223349921,6527,D,H,0.4380447870840464,0.2899544998409811,0.2720007130749724
223349923,6435,H,A,0.30659511837967146,0.301252491299179,0.3921523903211496
223349924,6527,A,A,0.25740913102664964,0.3158554321536685,0.4267354368196819
223349926,6435,D,H,0.40265439596272645,0.2800843083861555,0.31726129565111805
223349927,6527,A,D,0.2876052610117553,0.37454329050006346,0.33785144848818116
223349929,6435,H,A,0.35208799276097447,0.23122854130758927,0.41668346593143624
223349930,6527,D,A,0.3085627558100649,0.196385496712646,0.4950517474772891
223349932,6435,H,H,0.7147598704299509,0.19227798688959769,0.09296214268045133
223349933,6527,A,H,0.5448711461902802,0.21802367969629752,0.23710517411342222
223349935,6527,H,H,0.5899048898133222,0.19864489249849776,0.21145021768818004
223349936,6527,H,H,0.7156752264378596,0.19461778034911345,0.08970699321302687
223349937,6527,A,A,0.1265859315849602,0.16560113545070715,0.7078129329643327
223349938,6527,A,H,0.632415632034862,0.17345816183834326,0.19412620612679485
223351463,6526,D,A,0.31337372371939193,0.31199053921917075,0.3746357370614373
223351465,6526,D,H,0.6312979118572717,0.2603883786512434,0.10831370949148493
223351466,6526,A,A,0.15499196303523632,0.32845578004643433,0.5165522569183294
223351468,6526,A,A,0.13587417142920633,0.22127936139447113,0.6428464671763225
223351470,6526,H,H,0.8104267683899278,0.14426220688901087,0.04531102472106128
223351474,6526,A,H,0.4630279610053509,0.2550899706833096,0.2818820683113396
223351477,6526,D,H,0.5554076626138964,0.2829908398392131,0.16160149754689054
223351479,6526,A,A,0.19198784857663156,0.25261957634644194,0.5553925750769265
223351482,6526,H,H,0.515086403981315,0.23551732058469568,0.24939627543398935
223351483,6526,D,H,0.41178276717948575,0.29784406320856366,0.2903731696119506
223351601,6484,H,H,0.8069626925003124,0.13414726591089338,0.05889004158879429
223351605,6484,D,H,0.3671145709786892,0.267884496427305,0.3650009325940058
223351891,6484,D,A,0.22672597936708933,0.2154968398682047,0.557777180764706
223497353,6484,D,A,0.14320385611138486,0.1601046483469057,0.6966914955417095
223733820,6484,A,A,0.285792156374555,0.22887649608710428,0.4853313475383406
226039502,6597,H,H,0.4584781180583805,0.27189309857582467,0.2696287833657948
226508121,6597,A,H,0.40367847418578895,0.3255514933854155,0.2707700324287956
226508122,6597,H,H,0.374648844033677,0.32921773433108364,0.2961334216352394
226508123,6597,D,H,0.4867925494748476,0.29787905597873465,0.2153283945464176
226508124,6597,D,A,0.07101094598255217,0.13490702192752968,0.7940820320899182
226508551,6484,D,H,0.5103630759483229,0.2841091904367275,0.20552773361494964
226508559,6484,A,A,0.21780116045854184,0.25251268951036143,0.5296861500310968
226508566,6484,D,H,0.544268630745236,0.24973066336879837,0.2060007058859656
226508572,6484,H,H,0.48377710700071136,0.22670693771342598,0.28951595528586266
226508578,6484,A,A,0.1680810296557056,0.33581275719576986,0.49610621314852454
226508907,6597,H,H,0.40838962779068516,0.2670950596966637,0.3245153125126512
226508915,6484,A,H,0.6557899441918429,0.19074417404365443,0.1534658817645028
226509687,6484,H,H,0.46396959340683397,0.214281037705698,0.3217493688874681
226509689,6484,H,H,0.47135296577514596,0.24425020516395352,0.2843968290609005
226816577,6527,H,H,0.5568271981254698,0.2142406641436271,0.22893213773090312
226816580,6527,D,H,0.5302564800025663,0.24936113031046117,0.2203823896869726
226816585,6527,D,H,0.6535595452408557,0.201652148717354,0.14478830604179033
226816587,6527,H,H,0.6131935406437996,0.24960013316347865,0.13720632619272174
226816589,6527,H,H,0.4184741486398348,0.2411121142976274,0.3404137370625378
226816590,6527,H,A,0.29012030084378915,0.28224775983614026,0.4276319393200705
226816591,6527,H,A,0.2015722678718017,0.2829578304564748,0.5154699016717235
226816592,6527,A,A,0.11014913170442153,0.16962556119382066,0.7202253071017577
226816630,6435,A,A,0.25842338787100433,0.25071325289611646,0.49086335923287927
226816632,6435,D,H,0.44035108763105374,0.292761148601636,0.26688776376731027
226816633,6435,D,H,0.6442168410659628,0.20450726308190337,0.15127589585213388
226816634,6435,A,A,0.28794327127950176,0.2570079040327785,0.45504882468771984
226816636,6435,A,A,0.20145690317427184,0.33844092757973115,0.46010216924599706
226816638,6435,A,A,0.1539256942154717,0.3431647369975876,0.5029095687869407
226816639,6435,A,H,0.3446572657719199,0.328639217303898,0.32670351692418215
226816640,6435,A,A,0.34722394915568916,0.22292882620130078,0.42984722464301
226816642,6435,D,D,0.3275385563198196,0.3700883804080752,0.30237306327210534
226816644,6435,H,H,0.4729138289280928,0.3378060986211335,0.18928007245077377
226818015,6526,A,H,0.47409735398178704,0.18702176986420946,0.33888087615400364
226818018,6526,H,H,0.4075644402549605,0.32025894706800534,0.27217661267703414
226818021,6526,H,A,0.28516618672003563,0.28918218137023305,0.4256516319097314
226818025,6526,H,H,0.44380991135539904,0.28733752247447236,0.2688525661701285
226818030,6526,H,H,0.4723904271393992,0.29584683114269594,0.2317627417179048
226818035,6526,D,D,0.19463765002779776,0.4071751935983517,0.39818715637385044
226818038,6526,H,H,0.6681512919559628,0.22371569477434855,0.10813301326968866
226818040,6526,H,H,0.589891918098657,0.21203957774816187,0.19806850415318103
226818043,6526,A,H,0.549418565350449,0.3064922508778915,0.14408918377165958
226818047,6526,D,A,0.14170679369970518,0.2246955576048263,0.6335976486954685
226818197,6597,A,A,0.34998185109616264,0.2402427702322102,0.4097753786716272
226818386,6597,H,H,0.5464913917155159,0.28354702713589075,0.16996158114859336
226818434,6597,A,A,0.24703370698236923,0.212584015159531,0.5403822778580997
226818449,6484,A,A,0.1991409251205184,0.27120443546180895,0.5296546394176728
232741773,6597,H,H,0.647723374899726,0.26660492416622233,0.08567170093405173
233101677,6597,H,H,0.8661158788915073,0.10429873353581455,0.029585387572678017
233101678,6597,D,H,0.40922914233526764,0.3288850476145696,0.2618858100501628
233101679,6597,A,H,0.5903460181045856,0.25324805040326726,0.15640593149214718
233101680,6597,H,H,0.48977419921051607,0.2775038505781309,0.23272195021135308
233101681,6597,A,H,0.36454813800887464,0.322468992517527,0.3129828694735984
233102413,6597,H,H,0.5391381646742709,0.23506784099531075,0.2257939943304183
233404663,6526,D,H,0.6495622658346993,0.2189925394323872,0.13144519473291344
233404664,6526,A,A,0.10095428357418809,0.21893628240692573,0.6801094340188861
233404668,6526,H,H,0.5848377678134394,0.27090112437035463,0.14426110781620582
233404672,6526,A,A,0.15125880680786474,0.2601693382878814,0.5885718549042539
233466963,6527,A,A,0.19716483131520435,0.23866069233105325,0.5641744763537424
233466965,6527,H,H,0.6258444073863305,0.248171249781792,0.12598434283187745
233466967,6527,H,A,0.3303612608541495,0.2870434624010349,0.38259527674481547
233466969,6527,H,A,0.3362013653553665,0.2578361266598747,0.40596250798475886
233466971,6527,A,H,0.4312353823671519,0.23747248011089156,0.3312921375219565
233466975,6527,A,A,0.03090420447946244,0.11113479224846641,0.8579610032720711
233466978,6527,H,A,0.12262172148901754,0.18634771302093783,0.6910305654900445
233466981,6527,H,H,0.5368766780963129,0.20614123052451316,0.25698209137917394
233466984,6527,H,H,0.5494255557186459,0.2090825681716904,0.2414918761096636
233467020,6435,D,H,0.7776513093575953,0.14107174427375213,0.08127694636865253
233467024,6435,H,H,0.834162074098611,0.11757717879378381,0.04826074710760526
233467028,6435,H,H,0.4437367726977794,0.34106970823864147,0.21519351906357898
233467032,6435,D,H,0.5454223207684051,0.29826534264806415,0.15631233658353072
233467036,6435,A,A,0.33922899510122545,0.28893495897402377,0.3718360459247507
233467039,6435,H,H,0.5831139946277135,0.3043212214853986,0.1125647838868879
233467042,6435,A,A,0.2778563069465789,0.3143732429217933,0.40777045013162794
233467044,6435,D,A,0.24435478051058676,0.2436103615709995,0.5120348579184137
233467045,6435,H,H,0.39031729359485506,0.3399338727397923,0.26974883366535257
233467046,6435,H,H,0.8149515845594092,0.14837131221544897,0.036677103225141776
233467692,6526,H,H,0.5798265770546172,0.24947819268943092,0.17069523025595199
233468178,6526,H,A,0.2477240809332228,0.25472410661454137,0.4975518124522358
233468440,6597,A,H,0.47724934408253694,0.28655780614543996,0.23619284977202304
233468616,6597,H,H,0.5377735980995889,0.2492175688451269,0.21300883305528417
233468624,6526,H,H,0.6150896838571269,0.25899841676147245,0.1259118993814006
233468675,6526,H,H,0.4529041801427581,0.26537486498766294,0.2817209548695791
233917285,6526,D,D,0.32303406686219627,0.348924322873473,0.32804161026433076
233917309,6526,D,H,0.6100436005966753,0.25116298022853545,0.13879341917478932
234744846,6484,A,H,0.759954941767441,0.1391620679708191,0.10088299026173983
234744847,6484,H,H,0.5506554498553151,0.23149373391216693,0.21785081623251798
234744848,6484,A,H,0.537232247598665,0.23141204030189635,0.2313557120994387
234744849,6484,H,H,0.424334555846831,0.33682972432473174,0.23883571982843718
234744852,6484,H,H,0.4632877238297986,0.25080215761851254,0.2859101185516888
235450239,6484,H,H,0.7980984254423344,0.15127579304322544,0.050625781514440145
235450240,6484,H,H,0.49706872574884503,0.2530320585659571,0.2498992156851979
235450241,6484,D,A,0.09531160915832292,0.24480613726083336,0.6598822535808437
235450245,6484,H,H,0.7299118976693804,0.15925365001822664,0.11083445231239314
235829102,6484,H,H,0.5994101142614034,0.1836050586649996,0.21698482707359698
236552956,6597,H,H,0.5093850595688341,0.2740895510849633,0.21652538934620258
236552958,6597,A,A,0.17258437875130578,0.2336313958090974,0.5937842254395969
236552961,6597,H,A,0.3300173791021152,0.24286779222886554,0.42711482866901923
236552965,6597,A,A,0.2743980290075314,0.318235749097769,0.4073662218946997
236552968,6597,A,A,0.0859802720704357,0.14039833986278588,0.7736213880667785
236552971,6597,D,H,0.6416003959393589,0.2584057071114258,0.09999389694921526
236552974,6597,H,H,0.46910654938844837,0.24992371988628342,0.2809697307252681
236552977,6597,A,H,0.42832507494310523,0.2412061294585238,0.33046879559837106
236552981,6597,D,H,0.38538080927172635,0.30461618794083123,0.31000300278744247
236553576,6484,D,A,0.26085716736921016,0.1697586809669671,0.5693841516638227
236554184,6484,D,A,0.250649151120158,0.23319107664291194,0.5161597722369301
236554724,6484,H,H,0.3927083014375796,0.25312082771243116,0.3541708708499892
236554725,6484,A,A,0.26469327387793157,0.34481599476877767,0.3904907313532908
236555141,6484,H,H,0.47889233734228376,0.2376333425095,0.2834743201482163
236946950,6527,H,H,0.6053073867212211,0.21343503593526697,0.18125757734351206
236946952,6527,A,H,0.5868009377692652,0.23697089175131913,0.17622817047941564
236946954,6527,H,A,0.2670226759856225,0.19267021531633152,0.540307108698046
236946956,6527,A,A,0.26275146351797474,0.3575412712059197,0.37970726527610565
236946958,6527,H,A,0.3623448752590926,0.24836713150283843,0.3892879932380689
236946960,6527,H,H,0.6408298076453313,0.2392858716713186,0.11988432068335016
236946962,6527,H,H,0.8873804947323196,0.08431404604435919,0.028305459223321314
236946965,6527,A,A,0.26777250865070995,0.2843501946808579,0.44787729666843207
236946968,6527,A,H,0.42662859276737597,0.28608817418272925,0.2872832330498948
236947006,6435,D,H,0.728898643582548,0.17545233065254678,0.09564902576490521
236947009,6435,A,H,0.7619145050913723,0.1659007596834392,0.07218473522518841
236947013,6435,A,H,0.393967601637964,0.3025263950937484,0.3035060032682876
236947016,6435,D,A,0.33231036292359944,0.3164308146057143,0.3512588224706861
236947018,6435,D,H,0.36071841576522673,0.2837433060150586,0.35553827821971457
236947020,6435,A,H,0.4635639829405537,0.2511659093517123,0.285270107707734
236947021,6435,A,H,0.37699405631830096,0.30608203129160166,0.3169239123900973
236947022,6435,A,A,0.1871079326399314,0.34051614508527206,0.47237592227479647
236947023,6435,A,H,0.3636986654967654,0.34629623679925775,0.29000509770397687
236947024,6435,A,H,0.6934502872852473,0.21098902630431343,0.09556068641043934
236947926,6484,H,H,0.738314256062334,0.1716226020046934,0.09006314193297262
236948244,6526,A,H,0.5347509753347675,0.21823299365574048,0.24701603100949202
236948247,6526,D,H,0.4583579755186672,0.27372876484031466,0.26791325964101814
236948250,6526,D,D,0.24458099383467138,0.3870195979070212,0.36839940825830736
236948253,6526,H,H,0.3752095893990294,0.2919594404643411,0.3328309701366295
236948255,6526,D,H,0.41596205326642466,0.3434235920070935,0.240614354726482
236948257,6526,D,H,0.5014929800420043,0.24368145868793645,0.2548255612700593
236948260,6526,A,A,0.12758416860509147,0.32429707499847155,0.5481187563964371
236948261,6526,D,A,0.22579869381498277,0.23784414391451597,0.5363571622705013
236948264,6526,D,H,0.47052193698128314,0.24063828859095224,0.2888397744277646
236948266,6526,D,H,0.4546680466018132,0.34690542843467603,0.19842652496351082
236948407,6484,D,A,0.2406642013360106,0.22761912025462855,0.5317166784093608
236948415,6484,H,A,0.23720764373303846,0.17975610163828853,0.583036254628673
236948774,6484,D,A,0.2901962968670118,0.19650737921888106,0.5132963239141071
237402908,6484,A,A,0.18295430853021905,0.21996340376136836,0.5970822877084127
240012388,6597,A,H,0.4971619942839235,0.2557268265109724,0.2471111792051041
243450198,6527,A,H,0.37849306577676134,0.3188509688797584,0.30265596534348027
244303680,6526,A,A,0.3043213897332416,0.25233030837603865,0.4433483018907198
244304317,6484,H,H,0.529199866165536,0.2532657411662634,0.21753439266820052
244304581,6526,H,H,0.49552514943765963,0.28391713591019474,0.22055771465214563
244304867,6597,D,H,0.6296747389844828,0.26833255139540535,0.10199270962011175
244304868,6597,H,H,0.41565655698069937,0.22388140995899133,0.3604620330603092
244304869,6597,A,H,0.45511700738080746,0.2714660788945089,0.27341691372468363
244304870,6597,A,H,0.4345958846878839,0.31612152174432007,0.249282593567796
244304871,6597,A,A,0.27299614611961354,0.35356813064764436,0.37343572323274205
244304969,6484,D,H,0.7293318750681124,0.1984125979152651,0.07225552701662263
244304970,6484,A,H,0.5411258025065744,0.22057705427933444,0.23829714321409115
244304971,6484,A,A,0.17844909827362834,0.29502866485420115,0.5265222368721705
244305744,6526,H,H,0.6659854714927073,0.23426801530768243,0.09974651319961021
244305890,6484,D,H,0.681802313982255,0.18829720324321284,0.1299004827745321
244305891,6597,D,H,0.7113299398622901,0.20697191120166866,0.08169814893604135
244306058,6526,H,H,0.6150928887952506,0.2578151143311281,0.12709199687362138
244306626,6435,H,H,0.6532130068083436,0.18197578815820323,0.16481120503345323
244306627,6435,H,H,0.7308367460453573,0.21182494447349257,0.05733830948115014
244306628,6435,A,H,0.45897101043269045,0.3014777904018069,0.23955119916550272
244306629,6435,A,H,0.6314056485349486,0.22718073248739626,0.14141361897765506
244306630,6435,A,A,0.20511092353460117,0.2769626671096834,0.5179264093557154
244306631,6435,A,A,0.050376887499336144,0.1607686260140992,0.7888544864865646
244306632,6435,H,H,0.4975668809357326,0.2226632198777324,0.279769899186535
244306633,6435,A,H,0.4258628304303084,0.3580631077730305,0.216074061796661
244306634,6435,H,D,0.3544151651196999,0.35816325631642537,0.2874215785638747
244306635,6435,A,H,0.552672562937455,0.32503668351231474,0.12229075355023021
244306644,6527,A,A,0.3643244265672654,0.2183970147057334,0.41727855872700126
244306645,6527,A,A,0.21842248074301973,0.2745378112584794,0.507039707998501
244306646,6527,A,H,0.3991033496831,0.26940981236893674,0.33148683794796324
244306647,6527,D,A,0.052754555578966654,0.14533127740468446,0.8019141670163488
244306648,6527,D,A,0.26125110538226404,0.29346540424925494,0.4452834903684809
244306649,6527,D,A,0.13816859166478934,0.27148695876061907,0.5903444495745916
244306650,6527,H,D,0.343521126224717,0.3676165040269514,0.2888623697483317
244306651,6527,A,H,0.5629836940042631,0.26398537484574,0.173030931149997
244306652,6527,H,H,0.41882630919854463,0.1951797856133548,0.38599390518810056
244307407,6526,H,H,0.3932017940305178,0.28452823598177684,0.32226996998770524
244307726,6484,D,H,0.7646640388723527,0.14248057129191322,0.09285538983573412
244307727,6484,H,H,0.7304539127820443,0.2004147557554077,0.0691313314625479
244307728,6484,H,A,0.30755371765580203,0.2454429881339728,0.44700329421022517
244307732,6526,D,H,0.46209641123200085,0.343641088682263,0.194262500085736
244307733,6526,D,A,0.2795397304686863,0.33991057996870994,0.38054968956260377
244308290,6597,A,H,0.42499831262147764,0.34661077848240895,0.22839090889611344
244308591,6484,H,H,0.4846382065410697,0.26319088883281777,0.2521709046261125
244308592,6597,H,H,0.6039885033549205,0.26561555266644904,0.13039594397863044
244308604,6526,H,H,0.4754968423524791,0.3006489717722983,0.22385418587522257
244308690,6526,D,H,0.3707490532687799,0.30768557109962297,0.32156537563159704
244308852,6526,H,H,0.6911301394546947,0.22346807770755145,0.08540178283775382
244308853,6484,H,H,0.5381191868040253,0.19697049347436055,0.26491031972161416
244576869,6527,H,H,0.5798464192178953,0.2115853630079568,0.20856821777414797
250518519,6435,D,H,0.5134718147340096,0.31009121880948853,0.1764369664565019
250518520,6435,H,H,0.5203569373347853,0.34879983466607356,0.13084322799914114
250518521,6435,H,H,0.42287965452095505,0.2827480653842691,0.29437228009477584
250518522,6435,H,H,0.785629459892414,0.16898687270152798,0.045383667406057975
250518523,6435,H,H,0.730732512000474,0.19195356021774676,0.07731392778177917
250518524,6435,A,H,0.39478310910050307,0.3132541084672717,0.29196278243222523
250518525,6435,A,A,0.2779058773265766,0.29015967310780766,0.4319344495656157
250518526,6435,H,H,0.6813999023855881,0.20727635662925392,0.11132374098515792
250518527,6435,D,H,0.47318939760284506,0.2779605187228371,0.2488500836743179
250518528,6435,H,H,0.48767221755368917,0.26703841732347083,0.24528936512284
250518529,6435,H,H,0.5701096955555622,0.28182255451981597,0.1480677499246218
250518530,6435,H,H,0.45126459920922973,0.2836906670764877,0.26504473371428255
250518531,6435,H,H,0.38951478970418246,0.29613674539481494,0.3143484649010027
250518532,6435,H,H,0.7869218886876361,0.16330855070437217,0.04976956060799171
250518533,6435,A,A,0.2757424156060073,0.27157911466245593,0.45267846973153675
250518534,6435,D,H,0.5288641927736064,0.27165854872935163,0.19947725849704195
250518535,6435,D,H,0.582369700268234,0.2506919735980626,0.16693832613370335
250518536,6435,A,A,0.24204516131060805,0.32371639506138805,0.43423844362800396
250518537,6435,A,A,0.25774257566969755,0.3438031441553036,0.3984542801749989
250518538,6435,H,A,0.2388323693510223,0.3158742935582776,0.4452933370907
250518539,6435,H,H,0.6355804076260432,0.25254771705192225,0.11187187532203464
250518540,6435,D,H,0.6705750626933961,0.21457081644836493,0.11485412085823903
250518541,6435,H,H,0.5821890546064628,0.2707597901513453,0.14705115524219187
250518542,6435,A,A,0.16463192412626887,0.2798428289316727,0.5555252469420584
250518543,6435,H,H,0.3970048384949184,0.3001718104481645,0.30282335105691716
250518544,6435,H,H,0.4566369349815396,0.3255928229893295,0.21777024202913098
250518545,6435,A,D,0.3267362261800172,0.4061814887677722,0.2670822850522106
250518546,6435,H,H,0.5093032835769004,0.26769010427605167,0.22300661214704798
250518547,6435,D,H,0.40841066891236794,0.2863768305808782,0.30521250050675386
250518548,6435,H,H,0.4069571916146381,0.30382710180054046,0.28921570658482143
250518549,6435,A,A,0.3440257104713441,0.2932848056653439,0.36268948386331207
250518550,6435,A,A,0.28797479267891235,0.29684374812508907,0.4151814591959986
250518551,6435,A,A,0.3064466429027991,0.3250960140774946,0.36845734301970634
250518552,6435,D,H,0.37634145059970253,0.28684120701684024,0.33681734238345723
250518553,6435,A,A,0.24899519677361404,0.3523263797341861,0.3986784234921999
250518554,6435,H,H,0.7050792978356388,0.21350306179297618,0.08141764037138498
250518555,6435,H,H,0.5564906640756685,0.27769718137731186,0.1658121545470196
250518556,6435,H,H,0.4594773232338807,0.31224102856118563,0.22828164820493368
250518557,6435,H,H,0.35716685766768763,0.29834584431841776,0.3444872980138946
250518558,6435,A,A,0.226567168931314,0.23119393310244968,0.5422388979662363
250518559,6435,H,H,0.5332520140721965,0.26681740858290554,0.199930577344898
250518560,6435,A,A,0.1762548086569286,0.21469813677492258,0.6090470545681488
250518561,6435,D,H,0.5423489451119985,0.30046957782032896,0.15718147706767255
250518562,6435,H,H,0.729490185811587,0.18157850419718494,0.08893130999122807
250518563,6435,A,H,0.526044356902853,0.27085794587237677,0.20309769722477025
250518564,6435,A,H,0.3825006350911759,0.3103642493720054,0.3071351155368187
250518565,6435,D,H,0.6483030112840588,0.2201341938116674,0.13156279490427383
250518566,6435,H,H,0.5108740690128303,0.290962224702973,0.1981637062841967
250518567,6435,D,H,0.3815320722226332,0.2608732164502554,0.3575947113271113
250518568,6435,H,H,0.6034917388206343,0.2767835907769579,0.11972467040240771
250518569,6435,A,A,0.33673317665070057,0.26810360472200884,0.3951632186272906
250518570,6435,D,H,0.6018223498984907,0.2353012850896205,0.16287636501188885
250518571,6435,H,H,0.42191444238635295,0.3305183222249893,0.2475672353886578
250518572,6435,A,A,0.20473031945489412,0.3904991717843449,0.40477050876076104
250518573,6435,A,A,0.06449333242649022,0.15638070358054676,0.7791259639929631
250518574,6435,H,H,0.5518205866271085,0.2434563892250129,0.20472302414787855
250518575,6435,A,A,0.2426154700670201,0.2795310663196516,0.47785346361332826
250518576,6435,H,H,0.7374039613298575,0.1669005592691498,0.09569547940099259
250518577,6435,H,A,0.25147555782024933,0.2949606860036028,0.45356375617614786
250518578,6435,D,H,0.49561680230883726,0.30757882682203025,0.19680437086913238
250518579,6435,D,H,0.5786080257892853,0.2558908986090778,0.16550107560163685
250518580,6435,H,H,0.39210997438416517,0.3330636586835667,0.27482636693226814
250518581,6435,H,H,0.5397480375156657,0.28122655421194154,0.17902540827239272
250518582,6435,D,A,0.2622879798223563,0.29195971519937136,0.4457523049782722
250518583,6435,A,H,0.7081772779459997,0.20891329682361587,0.08290942523038436
250518584,6435,A,A,0.034396296608124585,0.15466600817576776,0.8109376952161077
250518585,6435,H,H,0.6703105774495834,0.1901956042589068,0.13949381829150978
250518586,6435,H,H,0.5025419797834583,0.27053070631637105,0.22692731390017065
250518587,6435,H,A,0.25943915077019325,0.30922846991597563,0.431332379313831
250518588,6435,A,H,0.42087658868936945,0.31987756452614635,0.25924584678448415
256864051,6527,D,A,0.14529202999760435,0.2624460787629651,0.5922618912394305
256864052,6527,H,H,0.8413823943467966,0.11576163232188501,0.04285597333131839
256864053,6527,D,A,0.26840515706561585,0.3376859333295177,0.3939089096048664
256864054,6527,A,H,0.507174561687471,0.24436417685752723,0.2484612614550018
256864055,6527,H,H,0.5419514278996956,0.3004292580128683,0.15761931408743596
256864056,6527,H,H,0.4108476919508706,0.27432240856279855,0.3148298994863308
256864057,6527,D,H,0.43418805643514874,0.2799487280308625,0.28586321553398875
256864058,6527,H,H,0.6484727791460443,0.23525213282920515,0.1162750880247505
256864059,6527,H,H,0.6020736700475942,0.2692266725841707,0.1286996573682352
256864060,6527,D,H,0.48038809493462087,0.2826732027219621,0.23693870234341696
256864061,6527,A,H,0.549031722730363,0.24886876859787355,0.2020995086717634
256864062,6527,H,A,0.3870771113173978,0.20673850901916185,0.40618437966344034
256864063,6527,H,H,0.5057328520101868,0.2583910436112434,0.23587610437856985
256864064,6527,H,H,0.8162709258264219,0.11377497512483088,0.06995409904874719
256864065,6527,H,A,0.24894361756158678,0.2813092559883077,0.4697471264501055
256864066,6527,H,H,0.47339844837694983,0.29672644647212737,0.22987510515092296
256864067,6527,A,H,0.5189735417635232,0.2340432232337035,0.24698323500277333
256864068,6527,H,A,0.06614615635548142,0.1729526935906143,0.7609011500539044
256864069,6527,H,H,0.7289697860540503,0.1799220886481968,0.09110812529775292
256864070,6527,D,A,0.21987352826129605,0.2620167321494298,0.5181097395892742
256864071,6527,H,A,0.28949635813057356,0.2616200969131276,0.4488835449562988
256864072,6527,A,H,0.41215379445449085,0.30323409718300925,0.28461210836249984
256864073,6527,H,H,0.5712985579021075,0.2275114968000332,0.20118994529785925
256864074,6527,D,H,0.6281537228548009,0.19605165493066998,0.1757946222145291
256864075,6527,H,A,0.1422635353977276,0.23613299319212283,0.6216034714101496
256864076,6527,H,H,0.5740179179225523,0.24792403721462106,0.17805804486282656
256864077,6527,H,H,0.3742216034552762,0.2869253533569663,0.3388530431877575
256864078,6527,A,H,0.44948732917805767,0.307167332979284,0.24334533784265822
256864079,6527,A,H,0.6939883970103824,0.14538141558724396,0.16063018740237364
256864080,6527,A,H,0.44285878536235007,0.25864124245045794,0.2984999721871921
256864081,6527,A,A,0.10902022559152649,0.2101805717103905,0.6807992026980828
256864082,6527,H,A,0.24798185154601368,0.2591652072998836,0.4928529411541027
256864083,6527,A,A,0.12117004016929761,0.21664589352870112,0.6621840663020013
256864084,6527,H,H,0.5067033775289801,0.23490397002334026,0.25839265244767967
256864085,6527,A,A,0.02814579758986959,0.10353297644499061,0.8683212259651399
256864086,6527,A,H,0.4505179278038465,0.30681682722816705,0.2426652449679865
256864087,6527,D,A,0.35042337567436593,0.21488688231944023,0.43468974200619387
256864088,6527,A,A,0.18453247061905656,0.23894418966356357,0.5765233397173799
256864089,6527,H,H,0.6646983803422988,0.22023340819215806,0.11506821146554315
256864090,6527,H,H,0.5336894688363022,0.18331884623738537,0.2829916849263124
256864091,6527,A,A,0.16382483151221822,0.2504374516119772,0.5857377168758044
256864092,6527,H,H,0.5734163098013838,0.21353980975978507,0.2130438804388311
256864093,6527,H,A,0.2331988287840659,0.25920544235276904,0.5075957288631651
256864094,6527,H,H,0.7632066422493953,0.18037113464334387,0.05642222310726097
256864399,6526,D,H,0.36533473640258335,0.27940816439650945,0.35525709920090714
256864400,6526,A,A,0.250113455528042,0.252792084810415,0.4970944596615432
256864401,6526,H,A,0.182292235501793,0.22189869401172993,0.595809070486477
256864402,6526,H,H,0.5729562307164259,0.26490921562461783,0.16213455365895627
256864403,6526,A,A,0.12242045417338898,0.23742388978363557,0.6401556560429754
256864404,6526,D,H,0.681659885353926,0.22337418681219295,0.0949659278338811
256864405,6526,H,H,0.5559941462803746,0.2638329682131677,0.18017288550645777
256864406,6526,A,H,0.5780178521264316,0.2500642485385235,0.17191789933504492
256864407,6526,H,H,0.72510587492237,0.1960399792515897,0.07885414582604018
256864408,6526,H,H,0.7661710035415831,0.16903599822043167,0.0647929982379853
256864409,6526,D,A,0.21047940719942995,0.25127447240276973,0.5382461203978003
256864410,6526,A,H,0.5662370185258068,0.29144242740305,0.14232055407114322
256864411,6526,D,H,0.4626580185883661,0.2444869108040202,0.29285507060761357
256864412,6526,A,A,0.27664203154850636,0.2621275981212135,0.4612303703302802
256864413,6526,A,A,0.23282733954861423,0.2628940567817933,0.5042786036695925
256864414,6526,H,A,0.34230352074250825,0.2487010093075516,0.40899546994994024
256864415,6526,H,H,0.3947655071050435,0.3793571795799494,0.22587731331500713
256864416,6526,A,H,0.48143418598623333,0.22189223757891546,0.29667357643485115
256864417,6526,H,H,0.39921990223191,0.2738608532181828,0.3269192445499072
256864418,6526,A,A,0.369437934155146,0.2345552135425042,0.3960068523023499
256864419,6526,A,H,0.5661965719010887,0.3292564748102541,0.10454695328865718
256864420,6526,H,H,0.6729600401213669,0.21582855306986157,0.11121140680877158
256864421,6526,A,H,0.38677479980072565,0.23027412415400494,0.3829510760452694
256864422,6526,A,A,0.18761339248035436,0.2737289392692787,0.5386576682503669
256864423,6526,D,H,0.6769321165220469,0.22178150099608893,0.10128638248186421
256864424,6526,D,H,0.6077031537169889,0.29423245621746663,0.09806439006554446
256864425,6526,A,A,0.3139623077635511,0.29213806930449143,0.3938996229319574
256864426,6526,H,A,0.23955403895816269,0.26054121374008155,0.49990474730175566
256864427,6526,D,A,0.18425643632931776,0.3141648071687339,0.5015787565019484
256864428,6526,H,H,0.4300634384739292,0.2623216128791646,0.30761494864690614
256864429,6526,A,H,0.5960014377974996,0.25966248768628986,0.14433607451621058
256864430,6526,D,A,0.14339791900631757,0.29709532319593446,0.5595067577977481
256864431,6526,A,A,0.18547783298573242,0.2251866854156876,0.58933548159858
256864432,6526,A,A,0.2051859627553775,0.20991913947883084,0.5848948977657917
256864433,6526,A,A,0.21945396571205225,0.33331151027583494,0.4472345240121129
256864434,6526,H,A,0.3434544630156141,0.26280870717673366,0.39373682980765223
256864435,6526,H,H,0.6473868903719352,0.23798634219786893,0.11462676743019586
256864436,6526,H,H,0.48267013662929453,0.33340136733018166,0.18392849604052366
256864437,6526,A,A,0.18684622662259273,0.2398230009972783,0.573330772380129
256864438,6526,H,A,0.34425285416731066,0.2768436457974586,0.37890350003523077
256864439,6526,D,H,0.37052533752380074,0.2755637361081164,0.3539109263680828
256864440,6526,H,H,0.611618923616244,0.2610529461915603,0.12732813019219558
256864441,6526,H,H,0.534977531951586,0.31036288685845326,0.15465958118996068
256864442,6526,H,A,0.3138745970060866,0.24346351301554056,0.44266188997837275
256864443,6526,H,H,0.5023230969485292,0.24179759715717283,0.25587930589429797
256864444,6526,H,A,0.3721785902214818,0.22444342792907754,0.4033779818494406
256864445,6526,D,D,0.32787560954509715,0.382513054519863,0.2896113359350399
256864446,6526,A,A,0.171509132210875,0.25382370008283145,0.5746671677062936
256864447,6526,A,A,0.18988079355870452,0.3154197088752087,0.4946994975660867
256864448,6526,A,A,0.14333746594524294,0.2715766755238379,0.5850858585309191
256864449,6526,H,H,0.6824392202600238,0.22120693485107207,0.09635384488890404
256864450,6526,A,D,0.3227722434625797,0.3754164348245821,0.30181132171283814
256864451,6526,A,H,0.3655998535417413,0.3617031349697938,0.2726970114884649
256864452,6526,D,H,0.45588470681257265,0.32273020707286987,0.22138508611455743
256864453,6526,H,D,0.29090019655052524,0.3707531891856269,0.3383466142638478
256864454,6526,A,A,0.11720639253892359,0.29780056844216407,0.5849930390189122
256864455,6526,A,A,0.29300544850571153,0.3274443743659443,0.3795501771283441
256864456,6526,A,D,0.3058363588650947,0.37091559059298324,0.3232480505419221
256864457,6526,D,D,0.3264271061899178,0.3494226910882363,0.32415020272184597
256864458,6526,A,A,0.2336398984393283,0.3213442357516828,0.44501586580898905
262683378,6484,A,A,0.13127089553768823,0.22756759914791522,0.6411615053143965
262683379,6484,D,H,0.3887055412082771,0.2550342596211367,0.3562601991705862
262683380,6484,A,H,0.4503023275431874,0.2702831332981409,0.2794145391586717
262683381,6484,D,A,0.28921171367631704,0.23185293761556092,0.47893534870812215
262683382,6484,D,H,0.6767761392125271,0.2196473937539744,0.10357646703349849
262683383,6484,H,H,0.5716069916556349,0.25756996620831185,0.17082304213605323
262683384,6484,H,H,0.7005973784955238,0.19341694159162934,0.10598567991284684
262683385,6484,H,H,0.3807939889469275,0.32769433227149014,0.29151167878158246
262683386,6484,A,A,0.06974132703942648,0.14725971149414832,0.7829989614664252
262683387,6484,H,A,0.30849994122476676,0.20209990890618787,0.48940014986904523
262683388,6484,A,A,0.2806327317842048,0.22231340831129098,0.4970538599045043
262683389,6484,D,H,0.7179974651885126,0.18708461822475414,0.09491791658673332
262683390,6484,A,H,0.47734584153517,0.2866578087903938,0.23599634967443622
262683391,6484,A,A,0.23817755557805803,0.27449909380144866,0.4873233506204933
262683392,6484,A,H,0.4560574496792193,0.21167673255702024,0.3322658177637605
262683393,6484,H,A,0.20353754235282162,0.21140901418681768,0.5850534434603607
262683394,6484,H,H,0.5751970137945956,0.26880765930739725,0.15599532689800713
262683395,6484,H,H,0.5881487961208307,0.1672861124544489,0.24456509142472038
262683396,6484,D,H,0.40993282706554857,0.2837261174213913,0.3063410555130601
262683397,6484,A,A,0.23570288695053887,0.293526346937863,0.47077076611159824
262683398,6484,H,H,0.6199935290720565,0.17724795745267896,0.2027585134752646
262683399,6484,D,H,0.6934162393611961,0.154293564141131,0.15229019649767286
262683400,6484,H,H,0.4840909391760556,0.21462354934873143,0.3012855114752131
262683401,6484,D,H,0.5563922065711369,0.209819961790547,0.23378783163831615
262683402,6484,H,A,0.34230505448119114,0.24208677601340492,0.415608169505404
262683403,6484,A,A,0.33855081115736096,0.28752295345683243,0.3739262353858066
262683404,6484,H,H,0.688621260935081,0.1522990276621806,0.1590797114027384
262683405,6484,H,H,0.4852616736853358,0.2747297318880178,0.24000859442664627
262683406,6484,A,A,0.2474020653324074,0.2917495017814501,0.4608484328861425
262683407,6484,H,H,0.6887976664972576,0.19683253367679146,0.11436979982595091
262683408,6484,A,A,0.31100560065973887,0.28683719717615414,0.4021572021641069
262683409,6484,D,H,0.6311720753801874,0.19697017337627293,0.17185775124353966
262683410,6484,H,H,0.422847659209742,0.30643474272825466,0.2707175980620034
262683411,6484,H,H,0.49737532371723236,0.20076280423088402,0.3018618720518836
262683412,6484,D,H,0.4733203097970581,0.25100816455881964,0.2756715256441223
262683413,6484,H,H,0.36247070384593805,0.35860453236032463,0.2789247637937373
262683414,6484,A,H,0.5717897824586492,0.22768783740662074,0.20052238013473
262683415,6484,H,A,0.3823790496927223,0.2290561967723975,0.3885647535348801
262683416,6484,H,H,0.6419214618318929,0.2600647478622304,0.0980137903058766
262683417,6484,A,H,0.57014205950257,0.17926634273631673,0.2505915977611133
262683418,6484,A,A,0.35495003933509595,0.2426252715044426,0.4024246891604614
262683419,6484,A,A,0.28566641882802696,0.2774335864024908,0.4368999947694823
262683420,6484,H,H,0.5627848733455657,0.20801096269339625,0.2292041639610381
262683421,6484,A,A,0.31885063198296704,0.20912462487255185,0.4720247431444811
262683422,6484,D,H,0.5220801667647839,0.19196700502007055,0.2859528282151455
262683423,6484,H,H,0.3977008063530744,0.24485503495605027,0.35744415869087537
262683424,6484,D,A,0.34722063924325236,0.2682453176505558,0.3845340431061919
262683425,6484,A,A,0.12149930459951995,0.1960078729485316,0.6824928224519484
262683426,6484,A,H,0.5149100083841093,0.21804237492233858,0.26704761669355215
262683427,6484,A,A,0.3236258863869595,0.23146796796614885,0.4449061456468916
262683428,6484,A,H,0.40764544291519356,0.2907175868091709,0.30163697027563546
262683429,6484,H,H,0.7410875517012634,0.19049755966642323,0.06841488863231339
262683430,6484,D,A,0.06299832509632734,0.215917630733308,0.7210840441703646
262683431,6484,A,H,0.4757469003645714,0.24760751414512852,0.27664558549030016
262683432,6484,H,A,0.3284797608569239,0.20808881184737082,0.46343142729570536
262683433,6484,H,H,0.6284404714387535,0.21103679914897355,0.16052272941227297
262683434,6484,A,H,0.6254819362284566,0.1906178285855128,0.18390023518603058
262683435,6484,H,A,0.29087303219487143,0.220867990416387,0.48825897738874147
262683436,6484,D,H,0.6098306641929655,0.23168529810388042,0.15848403770315406
262683437,6484,A,A,0.06066923596884247,0.16778234789766,0.7715484161334976
263274543,6597,D,H,0.4779382194893844,0.23743374631020597,0.2846280342004096
263274544,6597,H,H,0.4743153461844631,0.3064714530635827,0.21921320075195422
263274545,6597,H,H,0.4796665267975807,0.31981551387112084,0.20051795933129837
263274546,6597,D,H,0.6628155178225019,0.23765326485479676,0.09953121732270133
263274561,6597,D,H,0.44635201375921113,0.2772633442074221,0.2763846420333667
263274562,6597,A,A,0.07055376184594965,0.11350560992299417,0.8159406282310562
263882437,6597,D,A,0.3020465104758251,0.2934837725787318,0.4044697169454431
263882445,6597,D,A,0.2290379609321827,0.23238300953313284,0.5385790295346844
263882449,6597,H,H,0.6406086362989283,0.19151160084680185,0.1678797628542699
267675950,6597,A,H,0.5417312012011379,0.29468441779397136,0.16358438100489064
268189308,6597,H,A,0.33862762680629327,0.3115493289325263,0.34982304426118044
268189312,6597,H,H,0.823722834227053,0.11165821754957483,0.06461894822337215
268189324,6597,H,H,0.5304382839994434,0.25078435747528816,0.21877735852526847
268189325,6597,A,A,0.28325477029160484,0.2826764790490799,0.4340687506593152
268189326,6597,H,H,0.6922126136729302,0.2017426863984291,0.1060446999286407
268189350,6597,A,H,0.4722492299624091,0.2643761348482695,0.2633746351893214
268738334,6597,D,H,0.410811614261237,0.3458734785124524,0.2433149072263106
268738349,6597,D,H,0.41982690449289134,0.32712610243224394,0.25304699307486467
271892656,6597,D,H,0.40678297767051846,0.3225834053640419,0.27063361696543975
272454978,6597,H,H,0.6195526617905898,0.19432170078080152,0.18612563742860874
272454979,6597,A,H,0.4100454414288879,0.26116512361611016,0.328789434955002
272454981,6597,D,H,0.4307774796530082,0.3592953195550431,0.20992720079194863
272454985,6597,D,A,0.13452567327707543,0.18341896940615648,0.6820553573167681
272454990,6597,D,D,0.35822203719056017,0.3660817060605947,0.2756962567488452
273017251,6597,A,H,0.4790145850283736,0.3010673121794923,0.21991810279213408
273017264,6597,D,H,0.3646136451711358,0.30328399149352575,0.33210236333533844
273017270,6597,D,A,0.27210720487044815,0.263249401258607,0.4646433938709448
276523514,6597,D,H,0.4747967836052958,0.3054916704196961,0.21971154597500805
277107769,6597,H,H,0.880182106260406,0.08704913211256345,0.03276876162703056
277107773,6597,A,A,0.2925844998309573,0.3293273982638047,0.378088101905238
277107774,6597,A,H,0.39023741851427907,0.2661982395643941,0.3435643419213269
277107775,6597,A,H,0.5032673770407802,0.3121465480795413,0.18458607487967854
277107776,6597,D,H,0.514427585993574,0.25861224286809964,0.22696017113832637
277699963,6597,H,H,0.5291731842919638,0.26682402206524763,0.2040027936427886
277699967,6597,D,H,0.5484049035218976,0.25794926138047225,0.1936458350976301
277699970,6597,A,H,0.5296841561702399,0.24392829818164316,0.2263875456481169
281601305,6597,A,A,0.32423667191569533,0.3109138341387435,0.3648494939455613
281601306,6597,A,H,0.355811910730332,0.3350117688475719,0.30917632042209614
281601307,6597,A,H,0.3772820493978997,0.28159893256458735,0.34111901803751293
281601308,6597,H,H,0.6550495992794665,0.23093914538741855,0.11401125533311497
281601309,6597,A,A,0.06720492458284144,0.13380446749997088,0.7989906079171877
281601310,6597,A,H,0.5438282616186758,0.27201971603508956,0.18415202234623465
281601311,6597,A,H,0.3638717320184696,0.31208370869209245,0.32404455928943793
281601312,6597,D,A,0.31390465100108705,0.22998372104411458,0.4561116279547983
281601313,6597,A,H,0.43247982213810265,0.2711857353705572,0.29633444249134017
