fixture_id,season_id,y_true,y_pred,p_home,p_draw,p_away
45213654,4629,H,H,0.6390582448915056,0.15868295303967692,0.20225880206881736
45213655,4630,D,A,0.24324188204704256,0.265815450396002,0.49094266755695537
45213667,4634,A,H,0.5769370469360147,0.24744734069719634,0.175615612366789
45213671,4629,H,A,0.3527913096969624,0.26307856243007877,0.384130127872959
45213674,4634,D,A,0.33341055624595406,0.2794011803907455,0.3871882633633005
45213685,4634,H,H,0.49652624861656847,0.2675346466187052,0.2359391047647264
45213692,4630,H,H,0.7790853554508838,0.09351607448230242,0.1273985700668137
45213693,4634,H,H,0.5431260896115164,0.21473040595835513,0.24214350443012841
45213703,4629,H,H,0.40077249787177144,0.2866250625443717,0.3126024395838568
45213709,4630,D,H,0.4473714395708899,0.26190161936713086,0.29072694106197927
45213715,4629,A,A,0.3919312282718191,0.20172128524776423,0.4063474864804167
45213716,4629,A,H,0.3896259725508644,0.29726493509922025,0.31310909234991535
45213717,4629,D,H,0.3862061842844282,0.28142257972713475,0.33237123598843704
45213731,4634,A,H,0.4654079837899599,0.3128027596831648,0.22178925652687517
45213739,4634,D,H,0.43656141756915856,0.29121772480101416,0.27222085762982734
45213743,4629,H,H,0.5142968651446839,0.17006175337168,0.3156413814836361
45213757,4630,H,H,0.46360280011416094,0.22391548244705328,0.31248171743878567
45213771,4634,D,H,0.545661381650933,0.25999990680265056,0.1943387115464164
45213780,4629,D,H,0.5594133752616176,0.20913090735670878,0.2314557173816737
45213781,4634,A,H,0.3967282885953546,0.3066926343150823,0.2965790770895631
45213786,4630,H,H,0.6074028089182838,0.22279377692352437,0.16980341415819192
45213801,4630,D,H,0.4528694722968614,0.20452727567138815,0.34260325203175046
45213802,4630,H,H,0.5913451788867714,0.16250380363365985,0.24615101747956877
45213803,4630,A,H,0.4714150322328007,0.21760223200537215,0.3109827357618272
45213804,4630,A,A,0.2338593270769323,0.3257332701318755,0.44040740279119217
45213851,4634,A,H,0.41106573734807045,0.24846560154726038,0.34046866110466906
45213868,4630,A,A,0.2943825748193186,0.23019155312705036,0.47542587205363096
45213869,4629,D,H,0.42812556527012857,0.2408141018709785,0.33106033285889286
45213871,4634,A,H,0.396590238614588,0.2717659691643392,0.33164379222107276
45346864,4634,H,H,0.48613683869171137,0.2791692364011527,0.23469392490713595
45346865,4630,H,H,0.4108156567799405,0.2610391894304602,0.32814515378959935
45346866,4634,A,A,0.32363891348742846,0.3274507954326948,0.3489102910798768
45346869,4675,A,A,0.3148023000307517,0.2881912315753805,0.3970064683938678
45566305,4630,H,A,0.3594888905875962,0.2175129121459735,0.42299819726643034
45566306,4724,A,A,0.2694523145065885,0.26423943159925295,0.4663082538941587
45566307,4634,D,H,0.5095085624008474,0.3010735446773007,0.18941789292185196
45566308,4630,A,A,0.26554428837554656,0.2364862793612656,0.49796943226318785
45566309,4630,H,H,0.5303103870031275,0.18737752287130907,0.28231209012556346
45566310,4630,A,A,0.34319339111021624,0.2940154428080513,0.3627911660817324
45566311,4675,H,H,0.5445702045946382,0.2243352591252161,0.2310945362801457
45566312,4675,D,A,0.3080900065343268,0.26595817045092607,0.42595182301474704
45566313,4675,A,A,0.330225958023363,0.21945240497173962,0.45032163700489725
45566314,4675,H,H,0.4066627480583955,0.2629057319369277,0.33043152000467685
45566315,4675,H,H,0.39994601799909246,0.25791638535093125,0.34213759664997623
45566316,4675,H,H,0.5489361739296593,0.18317997570460828,0.26788385036573237
45566317,4724,A,A,0.33685008800680794,0.2249763930051982,0.4381735189879939
45566319,4634,A,H,0.38508845402403524,0.27339897759252507,0.3415125683834396
45566377,4724,A,A,0.27705386117659014,0.2894529479356948,0.4334931908877151
45566378,4724,H,H,0.5971568267141939,0.1678629475899878,0.23498022569581828
45566379,4630,H,H,0.4385066162013718,0.1993293934675099,0.3621639903311184
45566381,4634,A,H,0.4428348717156402,0.30876852641087665,0.24839660187348314
45952291,4634,D,H,0.3732848066834563,0.27429326088169803,0.3524219324348456
45952295,4630,H,A,0.3338168112871684,0.2590997031458517,0.40708348556697993
45952296,4630,H,H,0.46527206276921035,0.23919861472736273,0.29552932250342695
45952297,4634,H,H,0.4833341991782751,0.29199262401418175,0.22467317680754306
45952299,4724,D,H,0.4967170733359476,0.2674133034557695,0.23586962320828292
45952302,4634,H,H,0.4977053292069023,0.2699581983993483,0.2323364723937494
45952303,4724,H,H,0.3769654280275699,0.2479427681271546,0.37509180384527546
45952304,4724,A,H,0.37641447612580203,0.26234856413611063,0.36123695973808734
45952306,4724,A,A,0.288913333556195,0.22715096795440237,0.4839356984894026
46247431,4634,A,H,0.44110686473476807,0.2167154243861474,0.34217771087908455
46247432,4630,A,H,0.4575025290866303,0.23188570343647097,0.3106117674768987
46247433,4724,A,H,0.40225517935057953,0.2800815283338619,0.3176632923155585
46247434,4634,H,H,0.3913668739891531,0.36285299477263844,0.24578013123820852
46247435,4724,D,H,0.4355520625148001,0.290165753610255,0.2742821838749449
46860489,4629,D,A,0.3491432652321227,0.24006614193889925,0.41079059282897806
46860494,4629,A,H,0.4028411019686179,0.2533804162988458,0.34377848173253633
47011584,4629,D,A,0.18967022905253642,0.2580267201646714,0.5523030507827922
47011640,4630,A,H,0.5179341297057259,0.2391085029683776,0.24295736732589646
47035890,4675,H,A,0.3332754684363929,0.19447415045437993,0.47225038110922735
47035914,4629,D,A,0.26638933834472484,0.2564465055447632,0.47716415611051194
47035918,4629,D,A,0.2532685666979975,0.2839423663474995,0.462789066954503
47035919,4629,H,H,0.3527148518423572,0.3305500030866235,0.3167351450710192
47035920,4629,H,H,0.3822665571997022,0.2607546175637902,0.35697882523650765
47035921,4629,A,A,0.34142734492762133,0.28802047599896646,0.3705521790734123
47035922,4629,H,H,0.5033902574458083,0.22360112770076537,0.27300861485342637
47262759,4675,A,H,0.5032054953669991,0.25894416581486523,0.23785033881813575
47262760,4675,H,H,0.6772140928808232,0.18119366934041678,0.14159223777875996
47262761,4675,A,H,0.5050688264515382,0.21447259123664597,0.28045858231181586
47262762,4675,D,A,0.21260633690177136,0.202752326923334,0.5846413361748947
47262763,4675,A,H,0.41262784267951547,0.28288222445965294,0.30448993286083154
47262764,4675,A,A,0.3161550430097664,0.25449188960649866,0.42935306738373497
47262765,4724,H,A,0.2823957730657906,0.22929574926539564,0.48830847766881386
47262766,4724,H,H,0.37770926890156414,0.30386803903082904,0.31842269206760676
47262767,4724,H,D,0.3462025429661507,0.346476073758932,0.3073213832749173
47262768,4724,H,H,0.3937617592636604,0.26456771031769655,0.34167053041864304
47652443,4675,H,H,0.4489575571395331,0.1820514686500642,0.3689909742104027
47652730,4675,H,H,0.4497962060955014,0.25623457968991886,0.2939692142145798
47702745,4724,H,H,0.5726801891911704,0.20034414805931144,0.22697566274951822
47702746,4724,A,H,0.49870111256289984,0.27950246121448263,0.22179642622261753
47702747,4724,D,H,0.4798061825881004,0.23194635934167504,0.28824745807022456
47702748,4724,D,H,0.5142771615588676,0.19789280874347212,0.2878300296976603
47702749,4675,H,H,0.7967301318223584,0.1041908701969262,0.09907899798071537
47702752,4675,D,A,0.32880734598226513,0.26121870021539395,0.40997395380234103
47751291,4634,H,H,0.37305409347081925,0.2630504401119045,0.3638954664172763
47751292,4634,A,H,0.4401929720820533,0.2820949162608034,0.2777121116571432
47751293,4634,A,H,0.508656148009899,0.2287497573990834,0.26259409459101757
47751294,4630,A,A,0.3789373383051804,0.20866595902583812,0.4123967026689815
47751295,4629,A,H,0.5740822268834915,0.26942059853357236,0.1564971745829361
47751296,4629,H,A,0.25671527703173597,0.26421350453458103,0.4790712184336829
47751297,4630,H,H,0.6994239603203459,0.1325084594518313,0.16806758022782284
47751298,4634,A,H,0.4253432581254933,0.31105613949623795,0.26360060237826877
47751299,4629,H,H,0.6657670290537187,0.1590998182537375,0.17513315269254381
47751300,4630,A,H,0.7358109826927028,0.19580105944910986,0.0683879578581873
47751301,4634,D,A,0.32605947562885446,0.3072790289123751,0.3666614954587705
47751302,4630,A,H,0.5543587064001153,0.19519424569076876,0.2504470479091159
47751303,4630,D,H,0.3749844153260458,0.36278400017784035,0.2622315844961138
47751304,4630,D,H,0.7826877718205502,0.15864769299238127,0.0586645351870686
47751305,4630,A,A,0.33205275206777113,0.26887025099810824,0.39907699693412074
47751306,4634,A,H,0.35179074650928377,0.3099945414581333,0.33821471203258285
48065885,4629,D,H,0.4483561611330413,0.19221260428783454,0.3594312345791242
48065886,4629,H,A,0.12120576992638024,0.20930320295305177,0.669491027120568
48065887,4629,H,H,0.5231354856017544,0.22108671264938465,0.255777801748861
48065888,4629,D,A,0.25064731208773977,0.12933346290830686,0.6200192250039532
48065889,4634,A,H,0.482292827509165,0.20382677698845664,0.31388039550237834
48065890,4724,A,A,0.2968095790823971,0.24369733770023233,0.45949308321737053
48065891,4724,D,H,0.39340954399428785,0.2828148207524857,0.3237756352532264
48065901,4630,A,A,0.06793070201204317,0.13562482199382167,0.796444475994135
48065902,4630,A,A,0.28433989931543935,0.2761335956815792,0.4395265050029814
48065913,4630,H,H,0.4516242306219847,0.33388702750469823,0.21448874187331718
48065915,4634,H,H,0.5617865375489434,0.21237125250880592,0.22584220994225065
48065916,4634,D,A,0.3289200938794304,0.24163585669244864,0.429444049428121
48320126,4634,H,A,0.2557884691200439,0.16378124027829208,0.580430290601664
48585558,4629,D,H,0.6769394935954901,0.2085599757826508,0.11450053062185908
48585559,4629,A,H,0.5905104336994145,0.27300577176906327,0.1364837945315223
50341982,4634,A,H,0.37739391591553345,0.32758987708311677,0.29501620700134973
50341983,4629,D,A,0.19156838484540084,0.24730477592982442,0.5611268392247747
50341984,4630,A,A,0.28860494524153624,0.26928798280871663,0.44210707194974713
50341985,4724,A,H,0.3760581363445973,0.3387509498318441,0.28519091382355855
50341986,4675,D,H,0.6588767975102692,0.17152960824132066,0.1695935942484102
50341987,4634,H,A,0.35173318430708433,0.24051636934496765,0.407750446347948
50341988,4724,H,H,0.3610892681635276,0.28428630736218496,0.3546244244742874
50595133,4629,H,H,0.5209976908043783,0.3361731917777881,0.14282911741783363
50595134,4634,H,H,0.41070290012086674,0.3389355734632793,0.25036152641585396
50595135,4724,A,H,0.7652625627780035,0.1832243204788634,0.05151311674313298
50595136,4724,H,H,0.5977366752772245,0.23687556671395898,0.16538775800881644
50595137,4724,D,H,0.5188012256829986,0.26517440712554613,0.21602436719145524
50595138,4724,H,H,0.5830014334590788,0.20891450048649604,0.20808406605442517
50595139,4675,A,A,0.07651232521048565,0.242869466705878,0.6806182080836364
50595140,4634,H,H,0.4222018933754881,0.285805360439185,0.29199274618532695
50595141,4630,H,H,0.5382512988797511,0.23504761537145022,0.22670108574879871
50595142,4634,H,H,0.6889041989889624,0.22455864250749208,0.08653715850354546
50595153,4630,A,H,0.6147496351038888,0.24554698771611544,0.13970337717999576
50595154,4630,A,A,0.2015495528201542,0.21761204913282878,0.580838398047017
50595155,4630,D,H,0.6147939610106764,0.227007737156492,0.15819830183283154
50595156,4675,H,D,0.40280802735081217,0.4145794976209896,0.18261247502819825
50595157,4675,D,D,0.3478329647229957,0.5033841788601463,0.148782856416858
50595158,4675,H,A,0.22032034348318427,0.17766836178891807,0.6020112947278977
50595159,4675,H,A,0.32216056828572515,0.29686885500193944,0.3809705767123354
50595160,4675,H,H,0.5256603124441459,0.3081585157485355,0.16618117180731862
50595161,4634,H,H,0.5266321326254241,0.21860483163900565,0.2547630357355703
50595163,4630,D,A,0.1367393734882596,0.247430960393217,0.6158296661185234
50595165,4629,D,A,0.17267769888136045,0.2744148218857125,0.552907479232927
50595211,4630,H,H,0.8676325455159158,0.10137067233661808,0.030996782147466005
50846751,4634,A,A,0.20136700998033094,0.31515258118012374,0.4834804088395453
50846752,4724,H,H,0.5791477457114032,0.25715520736133834,0.1636970469272586
50846753,4724,A,A,0.3722292053844381,0.22577952973352985,0.401991264882032
50846754,4629,A,A,0.2722969240856002,0.21828832310170135,0.5094147528126984
50846756,4724,H,H,0.446502737299783,0.2160767186957346,0.33742054400448235
50846757,4724,H,H,0.5418540478318942,0.19389012874730285,0.264255823420803
50846758,4634,H,H,0.5107408847957368,0.22046940898505704,0.2687897062192062
50846759,4675,A,A,0.17167530592241764,0.38021053577320724,0.4481141583043752
50846760,4629,H,H,0.693974003491441,0.15691102917324715,0.14911496733531185
50846762,4634,D,A,0.33471569700744425,0.2958961518858743,0.36938815110668144
50846764,4675,D,A,0.34126960744345375,0.22107072268977168,0.4376596698667745
50846765,4629,H,H,0.47484278216634884,0.29290904003582346,0.23224817779782755
50846766,4629,H,A,0.3560669195389968,0.22667033179518217,0.4172627486658211
50846767,4630,H,A,0.37145741245563213,0.2424729557410381,0.3860696318033297
50846768,4630,H,H,0.6981141117807935,0.1889405544022843,0.11294533381692216
50846769,4634,H,H,0.4220490828622057,0.3399622805035219,0.23798863663427247
50846771,4629,D,A,0.3237555915730194,0.29521642658871927,0.3810279818382613
50846808,4630,H,H,0.5204484035417287,0.2668502532490502,0.21270134320922104
51054878,4629,D,A,0.2573631319658616,0.25042786294358255,0.49220900509055593
53333849,4675,D,H,0.6553959401718159,0.2033744856855565,0.14122957414262768
53333850,4634,H,H,0.47533921602127366,0.22578929846399637,0.29887148551473014
53608635,4724,D,A,0.0648339656537173,0.13696885115598179,0.798197183190301
53608640,4675,D,H,0.5456162816108613,0.22598892184513603,0.2283947965440027
53608641,4634,A,H,0.5398809405107623,0.2965829656515606,0.16353609383767714
53608642,4724,H,H,0.6525567949132064,0.21861747761054384,0.12882572747624974
53608645,4634,H,H,0.6165517006512029,0.22621056526062983,0.15723773408816732
53608650,4630,A,A,0.2804452211016982,0.18086644649709382,0.5386883324012078
53608651,4630,H,A,0.2938763541419224,0.21145744705584796,0.4946661988022295
53608652,4630,H,A,0.21340253399067008,0.33311914130904985,0.45347832470028004
53608653,4675,A,A,0.17473053146687886,0.30631851095261664,0.5189509575805046
53608654,4675,A,H,0.4593034703241847,0.3217400871148528,0.21895644256096236
53608655,4724,H,H,0.6660006479306516,0.19729332357004845,0.1367060284993
53608657,4634,H,H,0.5075488134072771,0.20429665383862114,0.28815453275410174
53608658,4630,A,A,0.17754375367008862,0.2043998929275746,0.6180563534023368
53608661,4634,H,H,0.6987325082807876,0.2064149423356416,0.09485254938357081
53608662,4675,A,H,0.6218139263202571,0.19488975271181783,0.18329632096792503
53608664,4675,H,H,0.7459759343919544,0.15568327588980524,0.09834078971824038
53608667,4675,H,H,0.5218333142014765,0.29327568263292647,0.18489100316559698
53608668,4630,H,H,0.763776460100436,0.1876141478678488,0.04860939203171537
53608676,4630,A,A,0.2859401283650524,0.2282877986875162,0.48577207294743135
53608692,4630,A,A,0.1726733059496733,0.2267187135584765,0.6006079804918502
54121595,4724,H,H,0.6206860373293174,0.2459724542196369,0.13334150845104578
54121597,4634,H,H,0.5115811749150293,0.29197722724802566,0.1964415978369451
54121598,4724,H,A,0.20627513678947068,0.2627942031941831,0.5309306600163461
54121599,4675,D,H,0.44434057032222635,0.3214123039295395,0.23424712574823406
54121600,4630,H,H,0.42196067455718433,0.23080027261437527,0.34723905282844036
54121602,4634,H,H,0.4899329980580177,0.31212493910416395,0.19794206283781826
54121603,4675,H,H,0.4884410620550888,0.324665250155764,0.18689368778914725
54121604,4724,D,A,0.2659412881578608,0.2955262012953669,0.43853251054677245
54121605,4724,H,H,0.44132261009867685,0.22899107634137694,0.32968631355994615
54121606,4629,A,H,0.5478083794420303,0.25741995530997774,0.1947716652479919
54121607,4630,D,A,0.20988984791661106,0.23334465983023275,0.5567654922531561
54121610,4724,D,A,0.29446384396272485,0.2534984675315807,0.4520376885056946
54121612,4634,H,H,0.38412228903872386,0.24597249413066227,0.3699052168306138
54121618,4634,H,A,0.298724831840444,0.25363092704682527,0.44764424111273077
54121624,4629,A,A,0.3015141029215468,0.3015015813751131,0.3969843157033402
54121625,4629,D,A,0.22843076086360325,0.2322481506832888,0.539321088453108
54585703,4634,A,H,0.34699861157075473,0.33891405101123906,0.3140873374180061
54585704,4630,D,H,0.4367851206809741,0.26142244355930716,0.30179243575971876
54585707,4724,A,A,0.24467780079241797,0.290428916482822,0.46489328272476016
54585734,4724,D,A,0.1818761356705368,0.2675985750662803,0.5505252892631828
54638919,4629,D,H,0.6704453758748457,0.18441232723733622,0.14514229688781818
54638920,4629,D,A,0.10237093726089341,0.15989675919411458,0.7377323035449921
54638921,4629,A,H,0.4848634226681156,0.2514975168840072,0.26363906044787716
54638922,4629,D,H,0.5270109026598756,0.2435860284265465,0.22940306891357787
54638923,4629,A,H,0.4845783879934627,0.18398821258510217,0.33143339942143496
54856821,4629,D,H,0.3918176319861987,0.2533025260955567,0.3548798419182446
55517686,4629,A,H,0.4090533837207141,0.2811115199045651,0.30983509637472073
55517687,4724,H,H,0.4979937842311135,0.2683865775452146,0.23361963822367174
55517688,4675,H,H,0.5918067519251784,0.27371872210536025,0.1344745259694613
55517714,4724,D,A,0.30210324849526593,0.2962339786197299,0.40166277288500424
55517716,4634,A,A,0.33078410590972457,0.23495550640783483,0.4342603876824406
55781141,4629,H,H,0.4844506910062246,0.22609016356350914,0.28945914543026624
55781143,4630,A,A,0.19773726673053973,0.25616819651528966,0.5460945367541706
55781148,4675,H,A,0.29031272480781484,0.2954392040941232,0.4142480710980619
55781149,4630,A,H,0.5150049249498605,0.22857224589780403,0.25642282915233544
55781154,4629,H,H,0.4128507838863628,0.2968898852959043,0.2902593308177328
55781161,4630,D,H,0.4977757003662263,0.23474435619617878,0.26747994343759496
55781162,4630,D,H,0.7001247890187758,0.19488493860596268,0.1049902723752615
55781163,4675,A,A,0.1388141187614479,0.24894083769502984,0.6122450435435222
55781164,4675,A,H,0.4749512833117726,0.3099663928865581,0.21508232380166942
55781165,4675,H,H,0.6989733877787548,0.15472565984976533,0.14630095237147991
55781166,4675,H,H,0.7805835905335091,0.1624185052545837,0.056997904211907174
55781172,4675,H,H,0.37595400694711195,0.3257930229944945,0.29825297005839363
55781174,4634,D,A,0.3106615137508314,0.2847560807237898,0.4045824055253788
55781175,4724,D,H,0.47871545451776415,0.24003897866811583,0.28124556681412005
55781177,4634,H,H,0.6750731639670436,0.2032963893904667,0.12163044664248962
55781178,4724,H,A,0.24717678592533296,0.30798022232566763,0.44484299174899944
55781180,4634,D,H,0.38351382413977847,0.2877891237440331,0.32869705211618844
55781181,4630,H,H,0.7885433783427954,0.14538817800326198,0.06606844365394264
55781183,4724,H,H,0.5766353403734239,0.28255517997351554,0.14080947965306048
55781184,4634,H,H,0.5109215076349665,0.3258185471398947,0.16325994522513876
56297591,4629,H,H,0.5192610680404012,0.2053539505015909,0.27538498145800805
56297594,4675,D,A,0.323794730322046,0.2687289377542598,0.40747633192369426
56297595,4630,A,A,0.11266997146538049,0.20179693836963453,0.6855330901649849
56297596,4629,D,A,0.26008024757971576,0.26142009769770885,0.4784996547225754
56297603,4675,H,H,0.5338384625411429,0.29478313303419074,0.17137840442466643
56297604,4629,H,A,0.3708234389133371,0.2391548427040192,0.3900217183826437
56297610,4629,A,A,0.27182680935450604,0.2946746924689064,0.4334984981765877
56297613,4629,H,H,0.5202663209086454,0.2351270446807584,0.2446066344105962
56297614,4630,H,H,0.7340883874558513,0.16154782373705462,0.10436378880709407
56297615,4630,H,H,0.7534414631525874,0.18614987485453488,0.060408661992877664
56297622,4724,D,A,0.2476078029981477,0.18884722736029275,0.5635449696415596
56297623,4724,D,A,0.259307556809579,0.18966978856732974,0.5510226546230913
56297624,4724,A,A,0.344185426434979,0.2550592425586414,0.4007553310063797
56297625,4724,H,H,0.6232026291691839,0.22266055148298128,0.15413681934783474
56297629,4724,A,A,0.09364978993503946,0.18767399904162566,0.7186762110233349
56297630,4634,H,H,0.3620359040084624,0.2970960536419597,0.34086804234957785
56297631,4634,H,H,0.37700736988557654,0.24645205010346327,0.37654058001096025
56297633,4634,D,H,0.4176707679162421,0.2983476132589766,0.28398161882478146
56297641,4634,D,H,0.5323401132556039,0.23657688328281581,0.23108300346158028
56297643,4630,A,H,0.5509313376915949,0.18924219463424533,0.2598264676741599
56297644,4630,D,H,0.43437769245898566,0.24682990217825757,0.3187924053627567
56297646,4634,H,H,0.6024706547026714,0.2330865049852389,0.16444284031208986
57052120,4629,A,H,0.5246518948435583,0.22856609626168173,0.24678200889475996
58704532,4634,H,H,0.48473196962548926,0.2896752099896509,0.22559282038485978
58704533,4634,D,A,0.13206038288575622,0.2662123799916509,0.6017272371225929
58704534,4724,H,H,0.5226230050140801,0.24118801299835071,0.2361889819875691
58792046,4629,H,H,0.7625178493912802,0.13353651410997097,0.10394563649874895
58792047,4675,H,H,0.5600611107137259,0.2797340421744122,0.1602048471118619
58792048,4629,A,A,0.1503958111128731,0.28641757054645395,0.563186618340673
58792049,4629,D,H,0.5257189997373722,0.2080826782820981,0.2661983219805296
58792050,4630,D,A,0.30020956553891004,0.2824687871642841,0.4173216472968059
58792051,4629,H,H,0.439341467686527,0.2834279573327353,0.2772305749807377
58792052,4629,H,H,0.5061929886767667,0.24317999529735645,0.25062701602587684
58792053,4675,D,A,0.20751458505069983,0.2097601817900504,0.5827252331592497
58792054,4630,H,H,0.5028655744239905,0.2145804547742769,0.2825539708017326
58792055,4629,D,A,0.2949431727546623,0.1982885042835112,0.5067683229618266
58792056,4630,H,A,0.07210714297280943,0.17879227516165797,0.7491005818655326
58792057,4630,A,H,0.47118591952409017,0.18744463455246452,0.34136944592344537
58792058,4630,A,A,0.13340529783842042,0.23013390280526072,0.6364607993563189
58792059,4675,H,A,0.33127304165653515,0.2990313931856671,0.3696955651577978
58792060,4675,A,H,0.4207190297070209,0.28077180174009614,0.298509168552883
58792061,4675,A,A,0.270403811559009,0.20429957309937719,0.5252966153416139
58792062,4675,A,A,0.1225412375444239,0.27646277240297057,0.6009959900526055
58792063,4675,H,H,0.4727770788252084,0.29038862694446677,0.2368342942303248
58792064,4630,H,A,0.2662452128184917,0.2335690129054109,0.5001857742760973
58792065,4629,A,A,0.2668015880368602,0.2721022533521385,0.46109615861100123
58792066,4675,A,A,0.28418059809720214,0.2531703461499371,0.4626490557528608
58792067,4634,A,H,0.35748225478517576,0.29217908877613263,0.3503386564386916
58792068,4724,D,H,0.4099478914606966,0.2809126611628981,0.3091394473764052
58792069,4634,A,H,0.45193357531597694,0.24233797928777556,0.30572844539624744
58792070,4634,D,A,0.3023875873807662,0.2824436062968621,0.4151688063223717
58792071,4724,H,H,0.6973267617245423,0.19043217034994034,0.11224106792551727
58792072,4724,H,H,0.39993943083797173,0.2348231332327981,0.3652374359292301
58792073,4724,A,H,0.7665533635582447,0.16048564131160914,0.07296099513014632
58792074,4634,A,H,0.3848091829249129,0.2905723828642331,0.324618434210854
58792075,4634,D,H,0.6451662126835208,0.19986740550852378,0.15496638180795552
58792076,4724,A,A,0.17866517021971134,0.23004854600594118,0.5912862837743474
58792077,4724,H,A,0.2827206556039496,0.32272168654445393,0.39455765785159663
59262828,4675,H,D,0.3310352553702531,0.344888788328221,0.32407595630152586
59262848,4630,H,H,0.621859793805611,0.2541962043968096,0.12394400179757939
59262849,4630,H,H,0.8181524427889482,0.1132596019051493,0.06858795530590255
59262850,4630,A,H,0.6702388179273956,0.18439528311139844,0.14536589896120586
59262856,4724,H,A,0.12512435949124476,0.18414162130617304,0.6907340192025822
59262858,4634,D,H,0.5836427419906556,0.2496791698838889,0.1666780881254555
59262859,4634,D,A,0.30682657020522175,0.3456042399307649,0.3475691898640133
59262860,4724,D,A,0.26339119558856666,0.27038797220194916,0.4662208322094842
59262862,4634,H,H,0.6813562417775801,0.2247625312216543,0.0938812270007656
59262863,4724,A,A,0.25589310103089713,0.22255144067701474,0.5215554582920882
59262867,4630,A,A,0.24443978473710662,0.20288022340933753,0.5526799918535559
59262872,4629,A,A,0.277518147100401,0.2378444606649938,0.4846373922346052
59262873,4629,H,H,0.5073359135088178,0.28284711079183184,0.20981697569935034
59902525,4634,H,H,0.5908830291673859,0.23688601029952056,0.17223096053309356
60168268,4634,H,A,0.36052604671941807,0.2785720747145955,0.36090187856598643
60168269,4634,A,D,0.27323419170259133,0.39582132803311537,0.3309444802642933
60168271,4724,H,H,0.5046705163702974,0.2801022420163098,0.21522724161339277
60168272,4634,D,H,0.589162479555312,0.24280017668165632,0.16803734376303173
60168274,4724,A,A,0.16043883694185093,0.16369263723913238,0.6758685258190167
60168275,4634,D,H,0.34999984021067665,0.31757226421120816,0.33242789557811514
60168288,4724,A,A,0.12800949653713226,0.24209695906385892,0.6298935443990088
60402446,4724,H,H,0.7265739885530642,0.16607831089817915,0.10734770054875661
60402483,4634,H,H,0.6353944609430884,0.23176132512378425,0.13284421393312748
60442094,4724,D,H,0.44419583383416267,0.2388546067667174,0.31694955939911995
60712489,4724,D,H,0.5425594585621637,0.22882028619286984,0.22862025524496643
60712490,4724,A,H,0.43523206332650516,0.34763999748724084,0.2171279391862541
60712496,4634,H,A,0.32107078118303767,0.2709490892893585,0.4079801295276039
61217225,4634,D,H,0.47470039394623953,0.29468126824471075,0.2306183378090496
61217671,4724,D,H,0.4797739798664361,0.2704080390970927,0.24981798103647126
61218070,4634,A,H,0.4986767557881306,0.2533084077798552,0.24801483643201414
61218338,4724,H,H,0.6114756650862763,0.2581561125889309,0.1303682223247927
61282012,4675,A,D,0.36230374288472694,0.3641722783255155,0.2735239787897576
61282017,4675,H,H,0.622918059196404,0.22270509498884153,0.15437684581475436
61282018,4675,A,H,0.5427059402172786,0.2603866706112162,0.19690738917150521
61282019,4675,D,H,0.7308182508069553,0.18993932081726217,0.0792424283757826
61282021,4634,H,A,0.3502934315447393,0.2540879520711392,0.3956186163841216
61282022,4675,H,H,0.5410154237852076,0.22726811476102074,0.2317164614537716
61282023,4675,H,H,0.8261479576551328,0.12758906194999453,0.04626298039487261
61282025,4675,H,H,0.6799104149177826,0.21007376482777948,0.11001582025443785
61282027,4675,H,H,0.7009444152969111,0.13290802820110967,0.16614755650197932
61282028,4675,D,H,0.644080699772377,0.20358083312843797,0.152338467099185
61374399,4629,A,H,0.498360836369497,0.1989337046256995,0.30270545900480333
61374400,4629,D,A,0.36281325306820633,0.22330226913958215,0.4138844777922116
61374401,4629,D,H,0.6401233851456568,0.1994792457670392,0.16039736908730395
61374403,4629,D,H,0.7060924383982524,0.17003290136837046,0.12387466023337709
61374404,4630,D,A,0.13823453629547933,0.2054472359329784,0.6563182277715423
61374405,4630,D,A,0.19476265727421388,0.22758382248306802,0.5776535202427182
61374406,4630,D,H,0.5548406763986173,0.1988921122680186,0.24626721133336404
61374407,4630,D,H,0.619456826820929,0.20346379955634586,0.17707937362272516
61374408,4630,H,H,0.4702229946858016,0.184710350498061,0.3450666548161373
61374409,4630,H,H,0.556418117793625,0.25973695563265414,0.1838449265737208
61374410,4630,H,H,0.6779671669627604,0.20982981462190392,0.11220301841533582
61374411,4630,A,A,0.17310256297515697,0.2498011788645893,0.5770962581602537
61374412,4630,A,A,0.1341960799522551,0.20449679341393692,0.661307126633808
61786513,4724,H,H,0.534193006940579,0.2699257332037496,0.19588125985567142
61842258,4630,H,A,0.2832951070199384,0.2374407242944307,0.4792641686856309
61842311,4629,A,A,0.21122824173895885,0.24635250975347195,0.5424192485075693
61842313,4629,A,H,0.4498521502915938,0.25958877211331177,0.2905590775950943
62188597,4629,H,H,0.6076746457066611,0.2175561807660783,0.17476917352726065
62188603,4629,A,A,0.12381285065944007,0.2255727834443423,0.6506143658962177
62523129,4634,H,H,0.5699167998250135,0.2198354216960806,0.21024777847890588
62831832,4724,A,H,0.7320159025736854,0.13055693050457248,0.13742716692174206
62831833,4724,H,A,0.27653830158147286,0.23602420287068693,0.4874374955478403
62831834,4724,H,H,0.5701812944941251,0.23218152205559991,0.1976371834502749
62831835,4634,D,H,0.4060691103594575,0.34499658012763557,0.24893430951290701
62831836,4634,D,A,0.26530355861847255,0.31754345215003743,0.41715298923149013
62831838,4724,H,H,0.5262246405426325,0.2508725946292916,0.2229027648280759
62831840,4724,D,H,0.6040465236762145,0.22368914488539646,0.17226433143838907
62831841,4634,A,A,0.25497655911065964,0.27656269885215856,0.4684607420371819
62831843,4724,D,H,0.3817622975078244,0.32305825108720465,0.2951794514049709
62831845,4724,D,A,0.2465678964724209,0.31114925048662373,0.44228285304095527
62831859,4634,H,H,0.6906700781780715,0.19568462715421306,0.11364529466771549
63079737,4634,D,A,0.14032953164300438,0.2539111726719326,0.6057592956850631
63079738,4634,D,H,0.3995917134729322,0.3174980198325755,0.28291026669449215
63079739,4634,D,H,0.39755812178997263,0.30593237271477297,0.2965095054952543
63079741,4634,H,H,0.5440486801675365,0.2704300108638906,0.18552130896857283
63079744,4634,A,H,0.4893170203440857,0.2409063454735695,0.26977663418234477
63325784,4724,A,A,0.18153856505990992,0.271212301174411,0.5472491337656791
63902125,4724,H,A,0.35032085420983267,0.286275934024706,0.3634032117654613
63902699,4724,A,A,0.1680999546777765,0.19933893934912403,0.6325611059730996
66611649,4634,H,H,0.5920702184180898,0.23091250748461173,0.17701727409729845
66611650,4724,A,H,0.3924743480096291,0.3047111962709722,0.3028144557193987
66611651,4629,A,H,0.45413413054458995,0.24352680981336036,0.3023390596420497
66611654,4634,D,H,0.3953957829251834,0.28865012744127055,0.31595408963354604
66611656,4724,H,H,0.6820079891081908,0.18597153985453446,0.13202047103727474
66611657,4675,A,H,0.45230115372175683,0.28624770932779814,0.2614511369504449
66611658,4629,H,H,0.7515923730579785,0.1815489727380232,0.0668586542039983
66611660,4634,H,H,0.5849480790878395,0.2920808913133942,0.12297102959876624
66611661,4675,H,H,0.43325971043289074,0.2649123190781745,0.30182797048893484
66611664,4724,D,H,0.40431465863078114,0.3483707656648929,0.2473145757043259
66611665,4724,H,H,0.6655789701034178,0.19999946853293185,0.1344215613636503
66611666,4629,H,A,0.21244168161218172,0.27557942220527837,0.5119788961825399
66611667,4629,H,H,0.4449950111986827,0.23300271291716787,0.32200227588414937
66611668,4629,D,H,0.407426071070184,0.27155257587094955,0.32102135305886637
66611669,4634,A,H,0.3351084586130985,0.33135400184858876,0.3335375395383127
66611670,4629,H,A,0.08985482773909204,0.24842111442420475,0.6617240578367031
66611671,4724,H,H,0.4966794196807949,0.3042086334444743,0.19911194687473072
66611674,4629,H,H,0.6241466095051021,0.1803590377269927,0.19549435276790517
66611675,4634,A,H,0.41868543274036213,0.25383448906059786,0.32748007819904007
66611676,4630,A,A,0.07863946079366171,0.2436808670718827,0.6776796721344556
66611677,4724,A,H,0.47193980578212796,0.29610873441267677,0.23195145980519533
66611685,4675,A,A,0.06030348657273608,0.19231445730947827,0.7473820561177857
66611686,4634,D,A,0.2744667311960323,0.28844703737288413,0.43708623143108344
66611687,4630,D,A,0.3644198578283967,0.19176820785761808,0.4438119343139852
66611689,4724,A,A,0.11979471548143268,0.17789243682729522,0.7023128476912721
66611694,4629,H,H,0.7259953928681563,0.16524191380382747,0.10876269332801636
66611696,4634,D,A,0.29668965168151723,0.34719612374258735,0.3561142245758954
66611737,4630,D,H,0.5151358074880295,0.2777542617301103,0.20710993078186027
66611738,4630,H,H,0.6469165811539744,0.1806736972931407,0.17240972155288475
66611739,4630,H,H,0.6135452376966845,0.1665203909745628,0.21993437132875276
66611740,4630,H,H,0.6576790725541649,0.21202292304340167,0.1302980044024334
66611741,4630,A,H,0.4111417164402135,0.2900256613315114,0.298832622228275
66611742,4675,A,A,0.14084494253745805,0.2546507439484524,0.6045043135140895
66611743,4675,A,H,0.4638631006892995,0.26533285948868685,0.27080403982201373
66611744,4675,A,A,0.1955219947310399,0.22660656078944308,0.5778714444795171
66611745,4675,H,H,0.5772897228463502,0.26184511374866376,0.16086516340498613
66611746,4675,A,A,0.2781092464790997,0.27382055731798316,0.44807019620291705
66611749,4724,A,A,0.11019587324923832,0.16715669511205306,0.7226474316387087
66611753,4634,H,H,0.5068647542177881,0.2898300848215725,0.20330516096063944
66611755,4630,H,H,0.5340809304885558,0.18702352145152995,0.2788955480599143
66611770,4629,D,A,0.28360068243379893,0.2893394868131001,0.42705983075310083
66611771,4634,H,H,0.48734102169067656,0.2771853334714555,0.23547364483786798
66611774,4675,H,H,0.791829935092515,0.14071101505557593,0.06745904985190915
66611806,4630,H,H,0.6397060999479559,0.2182478709301496,0.14204602912189443
67104531,4629,D,H,0.5592316500692247,0.20681430241051446,0.23395404752026086
67169860,4634,H,H,0.5449769587460769,0.2687378319538633,0.18628520930005976
67169861,4630,H,H,0.7900946394246993,0.144967084793489,0.06493827578181176
67169862,4724,A,H,0.6556586302728298,0.24584992941759,0.09849144030958008
67169869,4724,D,H,0.4572813536526706,0.24793787723070906,0.2947807691166204
68958085,4634,H,H,0.4947727449850386,0.3333773242606776,0.1718499307542838
68958086,4724,D,H,0.6388662865272928,0.1937026616914829,0.16743105178122433
68958088,4634,D,H,0.4537798314652684,0.223123575632676,0.32309659290205556
68958089,4724,H,H,0.5947460507309769,0.1769346797077525,0.22831926956127063
68958090,4675,H,H,0.7840519205283827,0.14594125799888272,0.07000682147273456
68958092,4629,D,H,0.7182156771055463,0.1752712125031068,0.10651311039134677
68958094,4675,D,A,0.2989559407814778,0.2679131009423291,0.43313095827619313
68958095,4629,H,H,0.5831751303004936,0.21930307341010635,0.19752179628940011
68958096,4629,D,A,0.3516923799813955,0.2855658425778915,0.362741777440713
68958097,4629,H,A,0.3232951081262539,0.1861966802584036,0.49050821161534264
68958098,4630,H,H,0.6887694412650313,0.16960544149131201,0.14162511724365667
68958099,4630,D,H,0.657287366585611,0.21531464126522476,0.1273979921491642
68958102,4630,A,A,0.30907196384965285,0.2545955211768522,0.43633251497349507
68958104,4724,H,H,0.3740221071274607,0.320818921432,0.3051589714405393
68958111,4629,H,H,0.5582388490592923,0.25217483111231026,0.18958631982839744
68958113,4634,D,A,0.19829037318758133,0.28378721879549645,0.517922408016922
68958114,4724,H,H,0.6422360670855698,0.2096468800925372,0.14811705282189308
68958120,4675,H,H,0.7593825897577374,0.15276788646361636,0.08784952377864616
68958122,4634,D,D,0.3192497062347538,0.3685976765769367,0.3121526171883095
68958123,4630,D,A,0.14604446507183752,0.21852007280524288,0.6354354621229197
68958125,4724,A,H,0.5223879850486706,0.24489149853623554,0.23272051641509395
68958132,4634,A,H,0.46558676738200605,0.24157664038228266,0.2928365922357113
68958144,4630,H,H,0.8790456977871745,0.09444146994590542,0.026512832266920267
68958145,4630,H,H,0.48331426967923985,0.28529480221257,0.23139092810819006
68958146,4675,A,H,0.7293768861967254,0.18726165358071856,0.08336146022255614
68958147,4675,H,A,0.3494992586008125,0.2904443053341166,0.36005643606507093
68958148,4675,H,A,0.2819992602616478,0.30812381092942454,0.40987692880892773
68958149,4675,H,H,0.5686475207570224,0.2628285737142144,0.16852390552876315
68958150,4675,H,H,0.8729918512578663,0.0971580016759287,0.029850147066205052
68958151,4724,D,A,0.30706278860018177,0.30838821392321913,0.38454899747659915
68958153,4634,A,H,0.3786110063333573,0.3463874961587967,0.27500149750784586
68958154,4630,A,H,0.5079966626332785,0.20151906658111438,0.2904842707856072
68958160,4629,A,A,0.252661832199298,0.221957195291564,0.5253809725091382
68958161,4634,H,H,0.5419356139064679,0.2808748846510712,0.17718950144246082
68958162,4630,A,A,0.2659581252669574,0.2254319891593097,0.5086098855737329
68958163,4724,H,H,0.3649984324634556,0.32904404418013183,0.3059575233564127
68958166,4675,D,H,0.47892583358060253,0.2523940999747894,0.26868006644460807
68958211,4629,H,H,0.5470893236458757,0.29079208505739434,0.16211859129672995
68958214,4724,D,H,0.5063544857248065,0.2312541317900194,0.262391382485174
68958217,4629,A,A,0.36034850175263833,0.2041375353639561,0.43551396288340544
68958221,4634,H,H,0.4849738241586273,0.2610250486482798,0.25400112719309287
68958225,4629,H,H,0.5405308860079688,0.21287308347787945,0.24659603051415174
68958236,4630,A,A,0.260479224876181,0.1790001643968614,0.5605206107269575
68958237,4634,D,H,0.5475824133564992,0.23296329597463755,0.21945429066886335
68958241,4630,H,H,0.743294977152177,0.18118856145025736,0.0755164613975658
69438797,4634,A,H,0.40267297656345996,0.32863156355461065,0.2686954598819293
69438798,4724,H,A,0.33338379607228935,0.23055723029744518,0.4360589736302654
69438799,4724,A,A,0.15534670766790498,0.2583215139875203,0.5863317783445746
70476178,4724,H,H,0.4787347193786989,0.3040404261004505,0.2172248545208505
71292545,4630,H,A,0.1483223998768405,0.21453076568513993,0.6371468344380196
71292546,4630,H,A,0.30872910964719685,0.2109816732139688,0.48028921713883443
71292547,4630,H,A,0.17952861122543548,0.37184592879964345,0.44862545997492104
71292548,4630,H,H,0.8826299835359738,0.08714572971973163,0.03022428674429458
71292549,4630,D,A,0.39201304141919885,0.1932530903648959,0.4147338682159052
71292550,4630,A,A,0.20050790226479842,0.2647495594170549,0.5347425383181466
71292551,4630,H,H,0.6260183171045572,0.2220478978169557,0.15193378507848718
71292552,4630,A,A,0.3021359837238666,0.27694966950199246,0.4209143467741408
71292591,4630,D,A,0.1296209619086181,0.1980053342554911,0.6723737038358909
71859274,4630,A,H,0.7180045890724529,0.13743550329514043,0.14455990763240667
71859275,4724,H,A,0.29201372539130016,0.3241817641297235,0.38380451047897635
71859276,4724,H,H,0.45338818476325915,0.3322381683295212,0.21437364690721952
71859277,4634,D,H,0.7318322384838544,0.15535422244864144,0.11281353906750423
71859278,4724,A,A,0.2876150084833567,0.3223558198667024,0.3900291716499408
71859279,4629,H,H,0.5451069013237065,0.17985973581336615,0.2750333628629274
71859280,4634,A,A,0.25706462339805997,0.2704291203000855,0.4725062563018546
71859281,4724,H,H,0.5718535662842477,0.24198035482817343,0.18616607888757883
71859282,4675,H,A,0.14374740696664773,0.23688341261715243,0.6193691804161997
71859283,4629,H,H,0.5952748485940778,0.21233121185398707,0.19239393955193518
71859284,4634,H,H,0.5059094591365232,0.2729001973981523,0.22119034346532454
71859285,4675,D,H,0.6498442621783695,0.23492781788239142,0.11522791993923898
71859286,4724,H,D,0.2951346898749902,0.37131162038575966,0.33355368973925026
71859287,4629,A,A,0.3044465380165971,0.33397118080350424,0.36158228117989866
71859288,4629,D,H,0.3627773447211813,0.28491994901698364,0.3523027062618352
71859289,4724,A,A,0.25011367237215204,0.2978024555597698,0.45208387206807804
71859291,4629,D,H,0.46172639853540043,0.19068621985730058,0.34758738160729896
71859292,4634,A,A,0.21584791026528818,0.24500963166044354,0.5391424580742683
71859293,4724,A,H,0.5048457202463903,0.2591568972753476,0.23599738247826213
71859294,4675,A,A,0.16645628860899617,0.17487998322410822,0.6586637281668957
71859295,4634,D,A,0.33640059046930676,0.28812948471047234,0.37546992482022085
71859296,4724,A,A,0.30138441482026773,0.20157185108363973,0.4970437340960926
71859297,4629,D,A,0.14636295811860078,0.31880310024286856,0.5348339416385307
71859298,4634,H,H,0.4749769317267768,0.2951699134367897,0.22985315483643357
71859299,4675,A,A,0.15372659220249218,0.1977506921144548,0.648522715683053
71859300,4675,D,H,0.35382062639361367,0.3426513387665729,0.3035280348398135
71859301,4675,H,A,0.13768511422801477,0.2292110243646431,0.6331038614073421
71859302,4675,D,H,0.5465217377750069,0.26071166370534316,0.19276659851964992
71859303,4675,A,H,0.40692535083223097,0.2911266256026874,0.30194802356508155
71859304,4724,A,A,0.11539236996343473,0.19105562746326143,0.6935520025733037
71859305,4634,A,A,0.24614419937197546,0.28125611092949215,0.4725996896985325
71859306,4629,H,H,0.5626738318112651,0.20145290933495047,0.2358732588537844
71859307,4634,H,A,0.26002441183812053,0.3021961699622269,0.4377794181996526
71859308,4675,A,H,0.364824429150892,0.3309321756997157,0.30424339514939225
71859327,4634,H,H,0.5378395435284014,0.27224462664799165,0.18991582982360705
72188901,4629,A,H,0.4472931347874201,0.30743987578215065,0.24526698943042924
72188905,4634,H,H,0.6153467845229545,0.22586589871811613,0.15878731675892938
72188906,4629,D,H,0.6032910572803228,0.2511099610250638,0.1455989816946135
73953296,4630,D,A,0.16946264771215394,0.14543217550907245,0.6851051767787736
73953297,4630,H,H,0.4068940210235016,0.2755779635365878,0.3175280154399106
73953298,4630,H,H,0.6565225645037469,0.16921606819217494,0.17426136730407812
73953299,4630,D,H,0.7849667328119443,0.1633489910863001,0.051684276101755654
73953300,4630,H,H,0.7026369073442674,0.16316440166291926,0.1341986909928133
73953303,4630,H,A,0.12229019915915679,0.24824427970271118,0.629465521138132
73953310,4630,A,H,0.4263433604826621,0.26318534477684297,0.31047129474049495
73953311,4630,H,A,0.18703907262470187,0.23615834959809412,0.576802577777204
73953369,4630,H,H,0.6640775089045813,0.2040336327239094,0.13188885837150935
73953370,4630,H,H,0.8340178766412691,0.12047079414290404,0.04551132921582671
74415076,4634,H,H,0.6307060057151197,0.258419413620003,0.11087458066487724
74415077,4724,H,H,0.7890800157882543,0.1447705082245151,0.06614947598723071
74415078,4629,H,H,0.5733927678438907,0.17998530398758733,0.246621928168522
74415079,4675,H,H,0.6933913395332995,0.1965282316828591,0.11008042878384142
74415080,4634,D,H,0.6277621175860795,0.22402466978922453,0.14821321262469603
74415081,4724,D,A,0.29862216883416337,0.26787682542450214,0.43350100574133443
74415082,4675,D,A,0.3514162047866599,0.28536831699859444,0.3632154782147457
74415083,4629,A,H,0.5708356777998108,0.23921225825978074,0.18995206394040856
74415084,4634,H,H,0.6945425939453816,0.19901192786749858,0.10644547818711979
74415085,4675,H,H,0.8188649116299574,0.1191844340828819,0.06195065428716062
74415086,4724,D,A,0.3084517576103878,0.23410792681441062,0.45744031557520154
74415087,4724,H,H,0.4326999740565261,0.25446238615491273,0.3128376397885611
74415088,4629,H,A,0.320892117606774,0.3102068616391905,0.3689010207540354
74415089,4629,H,H,0.5049181013592737,0.25061638356691157,0.24446551507381464
74415090,4629,D,H,0.6280650279161875,0.2167884815250684,0.15514649055874416
74415091,4634,D,H,0.5882970856834558,0.25851020411867964,0.15319271019786457
74415092,4629,D,H,0.6270951071212783,0.19616194822925592,0.17674294464946577
74415093,4724,A,H,0.8203377510163423,0.1349830402152071,0.044679208768450676
74415097,4629,D,A,0.1710838886448575,0.21144516668692034,0.6174709446682222
74415098,4634,H,H,0.7689673487624854,0.12675744280237228,0.10427520843514244
74415099,4724,D,H,0.5291952657427529,0.22715963814362664,0.24364509611362056
74415100,4675,D,H,0.5230796884499986,0.2613946365524703,0.21552567499753103
74415101,4634,D,H,0.3814699657578547,0.34989366742868505,0.2686363668134603
74415102,4634,D,H,0.3428530729386828,0.3397186471012213,0.3174282799600959
74415103,4724,H,H,0.7040736464711282,0.19765087743954726,0.09827547608932446
74415104,4629,A,A,0.20819258041789687,0.27785593373958567,0.5139514858425174
74415105,4634,A,A,0.31286684367770046,0.29831323779332125,0.38881991852897835
74415106,4675,D,A,0.3011947620640351,0.33525841083892804,0.3635468270970369
74415107,4675,H,H,0.6578241065398959,0.19448964499236307,0.14768624846774117
74415108,4675,D,H,0.4452280036885288,0.30861741885220045,0.24615457745927072
74415109,4675,H,H,0.9231819557722705,0.0605045841306361,0.01631346009709338
74415110,4724,D,A,0.2503263465680793,0.28991086524350695,0.4597627881884137
74415111,4634,A,A,0.3324629434882553,0.24873250510797318,0.41880455140377143
74415118,4629,D,A,0.340072631521417,0.2220743719990336,0.43785299647954945
74415119,4634,H,H,0.5747421336827611,0.24295474333169778,0.1823031229855412
74415120,4724,H,H,0.3925858575448919,0.32916460114168616,0.278249541313422
74415121,4675,H,A,0.32803996836069427,0.29175492281818516,0.38020510882112063
74415122,4724,D,H,0.6125681102485485,0.22664318040372414,0.16078870934772738
78218351,4629,H,H,0.5165895202137032,0.18621626196153554,0.29719421782476124
78218352,4634,H,H,0.5593612527957011,0.2529905219285363,0.18764822527576247
78218353,4675,A,A,0.054258003670214536,0.14334147433187136,0.802400521997914
78483704,4629,D,A,0.2583584042773511,0.2992247915783533,0.4424168041442956
78483708,4675,A,A,0.22191600780202753,0.2518117554483853,0.5262722367495871
78483709,4634,H,H,0.648547918121647,0.21761017795159385,0.1338419039267591
78483710,4724,A,A,0.2703925743948644,0.20068270886197134,0.5289247167431641
78483711,4629,A,A,0.22432954833005483,0.24244108077745932,0.5332293708924859
78483716,4634,D,H,0.4381709034990733,0.31589885981829824,0.24593023668262842
78483717,4630,A,A,0.3127718836210319,0.32962010275709913,0.3576080136218689
78483718,4630,A,A,0.21285396615433258,0.2551590966764042,0.5319869371692633
78483719,4630,H,H,0.48598955510588143,0.20774673843710334,0.3062637064570153
78483720,4630,A,A,0.2864249184286338,0.3131437092815924,0.4004313722897737
78483721,4675,A,A,0.12995756489088864,0.1863372608588813,0.68370517425023
78483722,4675,H,A,0.18412920015242412,0.263955114232637,0.551915685614939
78483723,4675,D,H,0.5693007529010725,0.28358292694905185,0.14711632014987558
78483724,4675,D,H,0.40021098611862876,0.2951328125123469,0.3046562013690243
78483725,4675,H,H,0.5329765889136254,0.2843068247359832,0.18271658635039134
78483726,4724,H,A,0.2623749593339319,0.32250134440593425,0.41512369626013373
78483727,4634,D,A,0.308758900362822,0.24231073241505174,0.4489303672221263
78483728,4630,D,H,0.5565295344799738,0.2066549088288417,0.2368155566911846
78483732,4724,H,H,0.38077402148265316,0.2695603212570156,0.34966565726033116
78483733,4634,H,H,0.6651238136808204,0.22911744069115772,0.10575874562802191
78483734,4630,A,A,0.25675780554508465,0.19963472980794636,0.543607464646969
78483753,4630,H,A,0.3146756782002359,0.23120421706119818,0.45412010473856607
79034384,4724,D,A,0.35479576548707403,0.22202531916170612,0.42317891535121976
79034385,4629,A,A,0.3072613271120804,0.24572862890318953,0.4470100439847302
79034387,4634,A,A,0.08751787505465831,0.20727694943485156,0.7052051755104901
79034388,4724,H,H,0.5296066050737804,0.2735005097069629,0.19689288521925669
79034389,4675,D,H,0.46159219256746786,0.272337640595058,0.2660701668374742
79034390,4630,A,H,0.5195267440591601,0.22336310743780372,0.2571101485030362
79034392,4634,H,A,0.3306956973573768,0.318855509192106,0.3504487934505173
79034395,4724,H,A,0.33459653361427066,0.30335353371423585,0.36204993267149344
79034396,4724,A,A,0.19624703758392267,0.28696103738408796,0.5167919250319893
79034397,4629,A,H,0.4393531410705559,0.20648353984646264,0.3541633190829815
79034398,4629,D,H,0.4419069370766542,0.31101925492571475,0.24707380799763112
79034399,4629,A,H,0.37327855810138993,0.3365200656678917,0.2902013762307184
79034400,4630,A,H,0.4697552670768008,0.18400811755272253,0.3462366153704767
79034404,4634,H,H,0.3669550634501985,0.32758876576280993,0.30545617078699155
79034405,4629,H,H,0.7244225271146196,0.168983410156329,0.10659406272905139
79034406,4724,D,A,0.2588691509156656,0.3371860093080672,0.4039448397762674
79034419,4629,H,H,0.5299939059085067,0.2407287798384276,0.22927731425306574
79034420,4675,D,H,0.4167028805032048,0.32681208100455184,0.25648503849224347
79034430,4634,H,H,0.5933756981049924,0.2380536313699793,0.16857067052502828
79566591,4634,D,H,0.5099088841408921,0.24789105473435816,0.2422000611247498
79566592,4630,H,H,0.3836310546470528,0.3234414014643503,0.2929275438885968
79566593,4724,H,H,0.4779097200547935,0.24885092833541872,0.2732393516097879
79566624,4724,D,A,0.2391719532351232,0.3071232358340511,0.4537048109308256
80501659,4634,H,H,0.4070016155234328,0.25767366200666625,0.33532472246990097
80501660,4724,A,A,0.3733064485108823,0.23293209308944407,0.39376145839967364
80501661,4675,A,H,0.3842717855520441,0.34171716638556116,0.2740110480623947
80501664,4629,H,H,0.4593283670596156,0.3024616861429709,0.23820994679741334
80798817,4634,H,H,0.8078481153210829,0.1361826247407889,0.05596925993812816
80798819,4675,H,H,0.7264276240860637,0.195741853431598,0.07783052248233843
80798823,4629,H,A,0.3077809135466219,0.22646710074742657,0.4657519857059516
80798836,4634,D,A,0.2885011090558143,0.3262791734201567,0.38521971752402906
80798837,4630,H,H,0.6064889973779762,0.20866942307888672,0.184841579543137
80798838,4724,H,H,0.5342722706783122,0.28522628484680296,0.1805014444748849
80798846,4675,H,H,0.7683189989665616,0.1660390897839574,0.06564191124948106
80798847,4630,A,A,0.3203312072152103,0.2869521058017492,0.39271668698304046
80798848,4724,H,H,0.45918600668476,0.2914429097216644,0.2493710835935755
80798852,4629,H,H,0.642680087452303,0.19869557791384537,0.1586243346338517
80798859,4634,H,H,0.553990001305534,0.241826987269406,0.2041830114250601
80798873,4630,H,H,0.5161787819079933,0.3078178652574448,0.1760033528345619
80798874,4630,H,H,0.6459990137882216,0.22367773466052002,0.13032325155125843
80798875,4630,H,H,0.6998171399919263,0.19986563953145794,0.10031722047661575
80798876,4675,H,H,0.5042193698599037,0.21616255463750086,0.2796180755025955
80798877,4675,H,H,0.4477000614348242,0.25781779864607685,0.2944821399190989
80798878,4675,H,H,0.8784296796577328,0.09434087222155131,0.027229448120715833
80798880,4724,D,H,0.49336418886951117,0.33435651167717134,0.17227929945331746
80798886,4634,H,H,0.6617545028257744,0.1911395187780915,0.14710597839613404
81259723,4675,D,H,0.7371321343169749,0.14143623057130317,0.12143163511172188
81259725,4634,H,H,0.5379092582631273,0.22869989464004414,0.23339084709682856
81259726,4724,A,H,0.4382945742345453,0.23023776455848202,0.33146766120697263
81259727,4629,H,H,0.4924297809049596,0.19737892002549964,0.31019129906954085
81259728,4675,H,H,0.3853666201682179,0.2656637367618169,0.3489696430699653
81259731,4634,D,H,0.7201702849988832,0.17872086538565893,0.10110884961545787
81259732,4724,A,A,0.36469905997478685,0.2657545951386125,0.3695463448866007
81259735,4630,D,H,0.6035733883986244,0.187594250851505,0.20883236074987066
81259736,4629,H,H,0.6546036180925131,0.222266578487175,0.12312980342031189
81259744,4634,D,A,0.3114420991868814,0.33279027091217345,0.3557676299009452
81259746,4675,A,H,0.45873366293425555,0.2920931429043971,0.24917319416134742
81259750,4724,D,H,0.5023636961284391,0.24678183217768865,0.2508544716938722
81259751,4724,H,H,0.6494251116290025,0.20312509880169008,0.14744978956930743
81259752,4629,H,H,0.6675310809090189,0.1786613944930503,0.15380752459793082
81259753,4629,H,H,0.5730204703772809,0.22414843439368745,0.2028310952290317
81259754,4629,D,H,0.5595101003035575,0.24965048481132496,0.19083941488511746
81259756,4630,D,H,0.38947765528513173,0.26934052229535455,0.3411818224195136
81259757,4630,H,H,0.7352401086138729,0.13636594946807098,0.12839394191805611
81259758,4630,H,A,0.32219329032282734,0.2844710970613747,0.3933356126157979
81259759,4630,D,A,0.1812201843077459,0.2565927883567316,0.5621870273355225
81259769,4634,D,H,0.45401844530795316,0.2611507412255937,0.2848308134664533
81259773,4629,A,A,0.12732141251065332,0.20800199860140614,0.6646765888879406
81259775,4724,D,A,0.2999964656841837,0.295997564783608,0.40400596953220824
81727361,4634,D,H,0.6394843746587596,0.22912261950752588,0.1313930058337144
81727362,4724,H,A,0.24148052547999105,0.28677040176414276,0.47174907275586614
83382237,4675,D,H,0.4641370613390867,0.2948742023413462,0.24098873631956705
83382238,4675,D,H,0.40797516468197226,0.21319856858185937,0.3788262667361684
83382239,4675,A,A,0.2626872985365364,0.2504679148476212,0.48684478661584246
83382240,4675,H,H,0.4957237652253871,0.2975818804196561,0.20669435435495684
83382241,4675,H,H,0.3739539457667949,0.32280845438475164,0.30323759984845344
83382242,4675,A,H,0.4155660960082663,0.3350986596912486,0.2493352443004852
83382243,4675,H,A,0.08303895182650244,0.1294492883230677,0.78751175985043
83382244,4675,H,H,0.41700262505392965,0.32077680387308133,0.26222057107298896
83382245,4675,H,H,0.4573440083402209,0.33626821776614724,0.20638777389363183
83450120,4634,A,H,0.5738367700323662,0.21643340531518387,0.2097298246524499
83450121,4724,D,H,0.38389976343121895,0.2763285086411136,0.33977172792766747
83450122,4629,A,A,0.26715159695157226,0.29562983918259655,0.43721856386583113
83450123,4634,D,A,0.2790139690756747,0.35268704210366936,0.3682989888206559
83450124,4724,A,A,0.23053071197855862,0.2614385974895767,0.5080306905318647
83450125,4629,H,H,0.480337265730059,0.2546323226318317,0.2650304116381092
83450127,4724,H,H,0.4659711861026448,0.26612500180490506,0.26790381209245023
83450128,4629,A,A,0.1737688565636689,0.22432264778565134,0.6019084956506797
83450129,4629,D,A,0.19548530766523967,0.21732813782791513,0.5871865545068452
83450130,4629,H,H,0.3778995345499728,0.3302931521861856,0.2918073132638415
83450131,4634,H,H,0.7044774547750442,0.2211570381415886,0.07436550708336712
83450132,4629,H,H,0.5699409201282101,0.22758802996164168,0.20247104991014833
83450133,4724,D,A,0.2913517197745379,0.3102594687088008,0.39838881151666133
83450134,4629,H,H,0.6520661889620939,0.20510690601946688,0.14282690501843923
83450135,4634,H,H,0.3693197395335125,0.27022298043509413,0.3604572800313934
83450136,4724,H,H,0.7052186103067566,0.1863923667897266,0.10838902290351683
83450137,4634,A,A,0.21277911107047898,0.3241433219510687,0.46307756697845226
83450138,4724,H,H,0.38144840668394014,0.2792512284680481,0.33930036484801174
83450139,4629,A,A,0.2892261428670346,0.18951088277246916,0.5212629743604963
83450140,4634,D,A,0.29659443204292707,0.25688674109681675,0.44651882686025607
83450141,4724,D,A,0.279463982724024,0.3026865645548904,0.41784945272108565
83450142,4634,A,H,0.588900021030098,0.22457303100102963,0.18652694796887248
83450143,4629,D,A,0.29152576141679565,0.2305623355401286,0.47791190304307585
83450144,4634,H,H,0.5718953590925282,0.22149651115112273,0.20660812975634915
83450145,4724,H,A,0.373848568065811,0.2309514785006614,0.3951999534335277
83450146,4630,A,H,0.632046491289456,0.1995683845432765,0.16838512416726759
83450147,4630,H,A,0.3231128824432074,0.20400968046960666,0.472877437087186
83450148,4630,H,H,0.4192251756911185,0.1915320378876104,0.38924278642127114
83450149,4630,H,A,0.2684188122104551,0.15862331640655933,0.5729578713829856
83450150,4630,A,H,0.41035829419705455,0.3550056629055022,0.23463604289744322
83450151,4630,A,A,0.0460875196139752,0.19178186391833338,0.7621306164676915
83450152,4630,H,H,0.39456020248526974,0.2215390747502406,0.38390072276448967
83450153,4630,H,H,0.43436999272739785,0.27893929641560844,0.2866907108569938
83450154,4630,A,A,0.10956783966215679,0.1680462392640468,0.7223859210737963
83450155,4630,H,H,0.39849810353790827,0.3361560788288923,0.2653458176331994
83855525,4634,D,H,0.4582579150310857,0.27991445157396805,0.26182763339494614
83855526,4724,H,A,0.33237724771811744,0.32537224084130734,0.3422505114405751
83855528,4724,D,A,0.23817011449683048,0.2829690232280799,0.4788608622750897
84969967,4630,A,A,0.1551878888815321,0.23870132643728828,0.6061107846811795
84970504,4630,D,H,0.5445351410512168,0.3028986245460168,0.1525662344027665
84970510,4630,A,H,0.5749547378884979,0.23722253534172022,0.18782272676978184
84970512,4630,H,A,0.12223196819564715,0.24552689241799214,0.6322411393863607
84970516,4630,D,H,0.5132101461988846,0.24887602980148113,0.23791382399963426
84971007,4630,H,H,0.41748858982623155,0.17856450533731472,0.40394690483645374
85359967,4630,H,H,0.5586022960014374,0.1738842894310764,0.26751341456748623
85359968,4630,H,H,0.42795344170156635,0.2607978945869212,0.3112486637115125
85359969,4630,A,A,0.07909495585466991,0.13648422342220226,0.7844208207231278
85360261,4630,H,A,0.37576525993644405,0.20136763689849962,0.4228671031650563
85402270,4675,H,H,0.6689333225903098,0.21430725258244232,0.11675942482724787
85402271,4675,A,H,0.3889026000046704,0.24108059198417922,0.3700168080111505
85402272,4675,D,A,0.35889774836833144,0.24645991401663417,0.39464233761503437
85402273,4675,H,H,0.49772026105691325,0.26275346965973284,0.2395262692833538
85402274,4675,A,H,0.615470755344508,0.23714046953188858,0.14738877512360352
85402275,4675,D,H,0.4835883738247317,0.2823380236729242,0.23407360250234416
85402278,4675,H,H,0.6755882354786615,0.17099347025284553,0.15341829426849293
85402295,4675,H,H,0.7270747536002641,0.1438398387478276,0.12908540765190835
85402299,4675,H,H,0.41232828995309934,0.37310609783684706,0.2145656122100536
85459650,4629,D,A,0.24850537686911883,0.21285394905045826,0.5386406740804228
85459651,4634,D,H,0.6344269782495767,0.23054781599810262,0.13502520575232071
85459652,4634,D,A,0.20078215155715154,0.24637405639939508,0.5528437920434534
85459653,4724,H,H,0.44560827110878065,0.35050555377102044,0.2038861751201988
85459654,4724,H,H,0.7067338158281241,0.17184174689892448,0.12142443727295137
85459655,4629,A,H,0.4001879397341616,0.23333999958760332,0.3664720606782351
85459656,4629,H,H,0.6147650579809948,0.19220546137954034,0.19302948063946482
85459657,4634,A,H,0.6559231696469555,0.21379858301800705,0.13027824733503732
85459658,4629,H,A,0.21541323825814082,0.2363635173507466,0.5482232443911126
85459659,4634,H,H,0.3887814794403641,0.23097553569619225,0.38024298486344366
85459660,4634,H,H,0.8357982408416649,0.11679119821511352,0.047410560943221575
85459661,4724,A,A,0.19914614607242823,0.2084176942287673,0.5924361596988045
85459662,4724,H,H,0.3950263860644385,0.26926660883737735,0.33570700509818413
85459663,4629,H,H,0.5530671500435932,0.2868272098084437,0.16010564014796314
85459664,4634,D,H,0.46939357364029116,0.29379456015231037,0.23681186620739858
85459665,4724,D,A,0.33825479659031377,0.3115723620426413,0.35017284136704496
85459666,4724,H,H,0.6641596158287336,0.19764882733029607,0.1381915568409704
85459667,4629,A,A,0.2748067268187034,0.2536059324831123,0.47158734069818425
85459668,4629,A,D,0.3016074802202478,0.35032902186261905,0.34806349791713315
85459669,4629,D,H,0.38411507659801125,0.25474248040336844,0.36114244299862036
85459670,4634,D,H,0.43629842703040544,0.3096212039879723,0.2540803689816222
85459671,4724,H,H,0.46208075864172765,0.2667556201030199,0.27116362125525245
85459672,4724,H,H,0.41226252779145167,0.35350512287226254,0.23423234933628567
85459673,4634,H,H,0.537145579329856,0.2775779378307438,0.18527648283940015
85459674,4629,A,H,0.6379660367543281,0.21612216134112874,0.14591180190454317
85459675,4634,H,H,0.35871647939632095,0.34129337318228176,0.29999014742139735
85459676,4724,D,A,0.26386119293665905,0.2724933062366577,0.46364550082668327
85823939,4724,H,H,0.6692805180657456,0.21052043825207462,0.12019904368217985
86067470,4634,H,H,0.5037284300681851,0.25238098545732707,0.24389058447448783
86506310,4630,D,H,0.7090936380738296,0.16260281836744964,0.1283035435587206
86506312,4630,H,H,0.38562356100913264,0.33876666129264693,0.2756097776982204
86506313,4630,A,A,0.35165156871174447,0.21078962080116576,0.43755881048708967
86506314,4630,H,H,0.514863886158613,0.24778585647475132,0.23735025736663562
86506316,4630,H,H,0.48877484320013415,0.2577082729020291,0.25351688389783683
86506317,4630,D,H,0.666720391471818,0.19871620026626174,0.13456340826192023
86506318,4630,H,H,0.6692030516407046,0.24158988481692176,0.0892070635423736
86506320,4630,A,A,0.17713632211501987,0.23460332129826247,0.5882603565867178
86506322,4630,A,A,0.23357778086621064,0.2820307184684059,0.4843915006653834
86853538,4630,D,A,0.2688694360210781,0.256942462826861,0.47418810115206084
87198544,4630,D,H,0.5459288408734309,0.15896930147972002,0.2951018576468491
87198545,4630,H,H,0.42803426375622555,0.2943702719173284,0.2775954643264461
87198546,4630,A,D,0.3371111389420114,0.35250542570732013,0.3103834353506686
87198547,4630,H,A,0.16380977004366573,0.20539976563771115,0.6307904643186232
87198548,4630,A,H,0.4691903915769386,0.2519678411134152,0.27884176730964627
87198549,4630,H,H,0.378651480821059,0.29103958744315095,0.33030893173579
87198550,4630,D,H,0.8222984389878344,0.13743674121293123,0.04026481979923435
87198551,4675,H,D,0.32882654471781386,0.33671582141830636,0.33445763386387967
87198552,4675,H,H,0.7043286938843791,0.19920249777434107,0.09646880834127974
87198553,4675,A,A,0.12330378972366818,0.16496739554607778,0.7117288147302541
87198554,4675,H,H,0.5106879361218383,0.27217670303425257,0.21713536084390914
87198555,4675,H,H,0.6993082714168934,0.2041992684424476,0.09649246014065896
87198556,4675,H,H,0.473734844188816,0.31670934302947673,0.20955581278170723
87198557,4634,A,A,0.27022753324758025,0.26330473902734713,0.46646772772507256
87198558,4634,D,H,0.5784207357392791,0.26558594258431995,0.15599332167640098
87198559,4675,D,H,0.5303040020660741,0.30524134250219787,0.16445465543172808
87198560,4675,D,H,0.495481323623939,0.27647941752496263,0.22803925885109855
87198561,4634,A,H,0.5379633998022414,0.2220920291387062,0.2399445710590524
87198562,4675,D,A,0.15235328823885727,0.24297989629102004,0.6046668154701227
87198564,4630,H,A,0.3773902462286444,0.20748156109360644,0.41512819267774925
87247092,4724,A,A,0.30434433213974943,0.256145625374689,0.4395100424855615
87247093,4629,H,H,0.7902811422397662,0.14715041856669547,0.0625684391935384
87247094,4724,A,H,0.3729578357914351,0.3022935323372738,0.32474863187129116
87247095,4629,H,A,0.22320190009824223,0.2890149391198855,0.4877831607818722
87247096,4634,H,H,0.7170168543775717,0.21683813350775985,0.06614501211466857
87247097,4724,H,A,0.32019716585350233,0.2532023145454,0.4266005196010977
87247098,4724,H,H,0.6743925789986605,0.18537703248248782,0.14023038851885172
87247099,4724,H,A,0.3614433299423253,0.2743038633357065,0.3642528067219682
87247100,4724,D,H,0.47458869796578035,0.2754296707788991,0.2499816312553206
87247101,4724,H,A,0.3655623374715719,0.24107707007143722,0.39336059245699084
87247102,4724,A,A,0.22612021936563928,0.29482128045754386,0.47905850017681695
87247103,4724,D,A,0.1606397987491851,0.2847057082654024,0.5546544929854124
87247104,4724,A,A,0.22676561030658432,0.2967677657568787,0.47646662393653705
87247105,4634,A,A,0.2252925698606274,0.25377035937936304,0.5209370707600096
87247106,4634,H,H,0.4774513253682843,0.3002956005409533,0.22225307409076256
87247107,4634,D,A,0.21185323887495291,0.33880713875884944,0.4493396223661977
87247108,4634,D,H,0.3857363516431471,0.2445796036387561,0.36968404471809674
87247109,4634,H,A,0.2731421143250401,0.34759365119563346,0.3792642344793265
87247110,4634,H,H,0.6344154945455073,0.19818479963300836,0.16739970582148436
87247111,4629,H,H,0.6057386137674314,0.21618291634182543,0.17807846989074302
87247112,4629,D,H,0.42140712774855166,0.22191585785532597,0.3566770143961224
87247113,4629,H,H,0.42455638033875565,0.29852972130516947,0.2769138983560748
87247114,4629,H,H,0.3682269621092056,0.2696077056651322,0.3621653322256623
87247115,4629,H,H,0.45177187355306697,0.26717786298751206,0.281050263459421
87247116,4629,A,A,0.22707255636095972,0.19682423855615294,0.5761032050828874
87505929,4634,D,A,0.22281683144905637,0.29050623025708094,0.48667693829386266
87546521,4629,A,A,0.29756583838109596,0.245115868505033,0.45731829311387096
88204418,4630,H,H,0.8230075693823669,0.10823424556429816,0.06875818505333507
88697568,4630,A,H,0.681647468550818,0.20028186263587425,0.11807066881330783
88697569,4630,H,H,0.38524139954166947,0.2905833214665373,0.3241752789917931
88697570,4630,A,A,0.2739495646237797,0.19426884591497673,0.5317815894612437
88697571,4630,H,H,0.5864846235495443,0.20706846199770373,0.20644691445275193
88697572,4630,A,H,0.5293248362314228,0.22391907629585164,0.24675608747272557
88697573,4630,H,A,0.23125792698694225,0.2115270536386175,0.5572150193744401
88697574,4630,A,A,0.1096378896752624,0.1926466846651619,0.6977154256595757
88697576,4630,A,D,0.33051586785090425,0.34881218037458095,0.3206719517745148
88697577,4630,H,H,0.47137152028433305,0.24133574826351745,0.2872927314521495
88697578,4630,A,H,0.6715321467912942,0.18760876479950298,0.1408590884092027
88969409,4724,H,H,0.4635060440331805,0.2568120360349068,0.2796819199319127
88969410,4724,H,H,0.4798074215229372,0.27345124600575654,0.24674133247130622
88969411,4724,A,H,0.5620345785930915,0.2585302916528004,0.17943512975410814
88969412,4724,H,A,0.28058704793509154,0.31876598078085744,0.4006469712840511
88969413,4724,D,H,0.509073121363538,0.3152202761703497,0.1757066024661123
88969414,4724,H,H,0.5455169640396451,0.23524260594390362,0.21924043001645127
88969415,4724,H,H,0.4760748915589124,0.30288598790335325,0.22103912053773436
88969416,4724,D,A,0.13571744327771065,0.199853396521939,0.6644291602003504
88969417,4724,D,H,0.6915292079435638,0.15978713104409265,0.14868366101234365
88969418,4724,H,H,0.5319843156084305,0.2222055903121354,0.24581009407943402
89117066,4634,H,H,0.5553039383393154,0.2689249080619059,0.1757711535987787
89117068,4634,D,H,0.5696520213312697,0.22931814482071208,0.20102983384801812
89117069,4634,A,H,0.49248439261270016,0.31759130999615626,0.1899242973911435
89260692,4634,H,H,0.48020855213306957,0.2094005165652482,0.31039093130168227
89260694,4634,H,H,0.7492177153114356,0.17879810051983944,0.07198418416872508
89260695,4634,H,H,0.4785163711514678,0.26196037678487,0.25952325206366217
89260699,4634,H,H,0.41578607213184215,0.3595769962534954,0.22463693161466244
89404832,4634,A,A,0.1853027724177544,0.228294323003483,0.5864029045787627
89404835,4634,A,H,0.36911756199933493,0.26775005220933845,0.36313238579132673
89404836,4634,H,H,0.4688506210695894,0.38480770863834673,0.1463416702920638
89587259,4630,A,A,0.22512839395651907,0.2215365982083251,0.5533350078351559
89587322,4630,H,H,0.6905276343202519,0.18308146144415416,0.12639090423559404
89587323,4630,H,A,0.36369933188462295,0.2654321123435657,0.3708685557718114
89587324,4630,H,H,0.8507828575941286,0.12177163827411612,0.027445504131755196
89587325,4630,H,A,0.3427766309145435,0.27363500145631875,0.3835883676291377
89587614,4630,H,A,0.32143081810884305,0.323624017529711,0.35494516436144596
89744205,4630,H,A,0.1438319433307242,0.15567493270966495,0.7004931239596108
89744206,4630,H,H,0.4579675525725762,0.3203727128017153,0.22165973462570845
89755839,4724,D,A,0.34108629172864896,0.28010729541748336,0.37880641285386774
89755840,4724,A,A,0.15534452464326176,0.2847929534074711,0.5598625219492671
89755842,4724,A,A,0.28787497557606895,0.34403199801979906,0.368093026404132
89755843,4724,H,A,0.29260923908454556,0.2314742381492485,0.475916522766206
89755844,4724,A,A,0.24354598127449426,0.2537358737456719,0.5027181449798338
89755846,4724,H,A,0.29788274371418233,0.2720580479551972,0.4300592083306204
89755847,4724,D,H,0.43252041113465073,0.2785761178636905,0.28890347100165875
89755848,4724,A,H,0.44145648620033856,0.24960767507874465,0.30893583872091684
89755849,4724,H,H,0.7173949471042791,0.18511820226621356,0.09748685062950739
89755850,4724,D,H,0.40864366194124196,0.27213971161338824,0.31921662644536986
89755851,4630,D,A,0.23919722164397902,0.2597920005228605,0.5010107778331605
89755852,4630,H,H,0.7689460821357625,0.0989665783795348,0.13208733948470275
90150696,4629,D,H,0.5223981655291111,0.279095337117965,0.19850649735292383
90150697,4634,A,H,0.5630065348273255,0.2532081684765549,0.1837852966961196
90150699,4675,H,H,0.8497905120090034,0.10930317310365682,0.04090631488733977
90229724,4675,D,H,0.5638345063167213,0.21601040753577874,0.22015508614749998
90229731,4629,H,A,0.36454107642012473,0.23273855140163485,0.4027203721782403
90229735,4634,H,H,0.596300622919479,0.23630695635864407,0.16739242072187685
90229746,4675,A,A,0.2946764999328622,0.23706194467073272,0.468261555396405
90229749,4634,H,H,0.6118765527246517,0.2072775461442783,0.18084590113107007
90229750,4630,A,A,0.15847643741428868,0.17353380027920148,0.6679897623065099
90229752,4629,A,H,0.5849696094157555,0.20898492640072655,0.20604546418351793
90229755,4634,D,H,0.4329873653035778,0.32443777009724706,0.24257486459917507
90229767,4675,A,A,0.10577192988330707,0.16656099501901314,0.7276670750976798
90229768,4675,D,H,0.5716555463494568,0.26587108692472616,0.162473366725817
90229769,4675,D,H,0.5644422530229127,0.2540923335518817,0.1814654134252056
90229770,4675,A,H,0.7327096750911072,0.155865086040189,0.11142523886870381
90229779,4634,H,H,0.5316382268256356,0.2774475802792072,0.1909141928951572
90229780,4630,H,H,0.5751501781497091,0.22725118554883508,0.19759863630145572
90352271,4630,D,A,0.3738107335927453,0.21682159519161076,0.4093676712156439
90352273,4724,A,A,0.15340861277267356,0.20549215203289684,0.6410992351944296
90352274,4724,H,H,0.5229926484214281,0.2855810422159865,0.1914263093625854
90352285,4724,D,A,0.2907870806673757,0.26983188819539594,0.4393810311372283
90352290,4724,H,H,0.42483797199236845,0.24326889407320468,0.331893133934427
90352291,4629,A,A,0.3226551836948273,0.2276677749744805,0.44967704133069214
90352296,4724,D,H,0.606074657826117,0.19871815839065934,0.19520718378322358
90352297,4675,H,A,0.19571430925407352,0.22746463005206652,0.5768210606938601
90352298,4629,H,H,0.3871961373399982,0.26946316674947973,0.343340695910522
90352304,4634,A,A,0.3159816439370202,0.2998675027028767,0.3841508533601031
90352305,4675,D,H,0.5755210259932738,0.2562127623862065,0.16826621162051966
90352308,4724,H,H,0.7351363245284602,0.18964055260351095,0.07522312286802878
90352309,4724,H,H,0.3665041405939744,0.2746428437617543,0.35885301564427136
90352310,4629,H,H,0.5642437059730039,0.2096242756619987,0.22613201836499736
90352311,4629,A,A,0.3166093072489707,0.29221670800508304,0.39117398474594633
90352312,4629,A,H,0.541225109485702,0.22892514874216585,0.2298497417721322
90352313,4630,D,A,0.3194023951588228,0.22323782214400947,0.45735978269716787
90352317,4634,D,A,0.24989644257170696,0.2891535095014979,0.460950047926795
90352318,4629,H,H,0.6471422688475625,0.215012748178792,0.13784498297364542
90352320,4724,H,H,0.4276648221775643,0.2634799055706997,0.30885527225173603
90450275,4724,H,H,0.5805522745823687,0.2512816557710533,0.16816606964657804
90450277,4630,D,H,0.5028774210590321,0.2693615957480384,0.22776098319292945
90559695,4724,H,H,0.582018144419546,0.23074883858272152,0.18723301699773243
92627898,4675,D,H,0.5500544800240775,0.23309948391533414,0.2168460360605883
92990950,4634,H,H,0.5330843935780398,0.3069663082134576,0.1599492982085026
94360868,4675,A,H,0.4601567279447662,0.18204460417090404,0.3577986678843298
94360869,4630,H,H,0.7108120336669134,0.14997261174678467,0.139215354586302
94360874,4634,A,H,0.389684838072895,0.2623160823592898,0.3479990795678152
94360880,4634,H,A,0.22366077833904313,0.30213487626345276,0.4742043453975041
94360881,4630,H,H,0.5133344029857133,0.24569748073056058,0.24096811628372602
94360887,4634,A,A,0.2488812521089515,0.24408780756139406,0.5070309403296545
94360889,4675,D,A,0.3428191753324914,0.27009612937425204,0.3870846952932567
94360890,4675,D,H,0.42358092976191564,0.2830940704807353,0.29332499975734905
94360891,4675,H,A,0.2735991721563531,0.21999713272395663,0.5064036951196902
94360892,4675,A,H,0.3822883613190034,0.2365891112205449,0.3811225274604517
94360893,4675,H,H,0.620543718270561,0.20676226129348896,0.17269402043595009
94360897,4634,A,H,0.5835052666653275,0.22251785094008547,0.19397688239458696
94638448,4634,H,H,0.5127194987327908,0.2402525891804021,0.2470279120868071
94638450,4634,A,A,0.31051079750254523,0.2285594643704889,0.46092973812696586
94638453,4675,A,H,0.5188989711601656,0.2676023112539707,0.21349871758586367
94638454,4630,A,A,0.22547178851053076,0.18121402829576566,0.5933141831937037
94638458,4634,H,H,0.7820729530581908,0.17111892667315798,0.04680812026865134
94638462,4675,A,H,0.8839387022785375,0.0937642145961935,0.02229708312526908
94638464,4630,D,A,0.20110143769661015,0.2961983117635962,0.5027002505397936
94638468,4634,H,H,0.40628978769576146,0.3298075627790213,0.26390264952521725
94678160,4724,A,A,0.32395867392994865,0.2582770588572724,0.41776426721277893
94678161,4724,A,A,0.22801245529067066,0.3032274455085447,0.46876009920078476
94678162,4724,H,H,0.4415314916083228,0.25893686843980523,0.29953163995187204
94678163,4724,H,A,0.3159005123860409,0.33782536230764226,0.34627412530631685
94678164,4724,A,A,0.2602465254207347,0.303092982001626,0.4366604925776393
94678165,4724,H,H,0.5069068149754247,0.2866899799344508,0.20640320509012444
94907114,4634,D,D,0.34835103484150975,0.3652225283822082,0.286426436776282
94907115,4630,D,H,0.5827553683202689,0.24841290022987444,0.1688317314498567
95530892,4629,A,A,0.34775352600304965,0.249080016301488,0.4031664576954624
95697293,4629,D,A,0.2853498921180628,0.23611531221047338,0.4785347956714639
95697296,4629,H,H,0.5867181259245909,0.25399692732925955,0.1592849467461496
96032296,4675,D,H,0.800481640216321,0.1380171521188184,0.061501207664860655
96032297,4675,H,H,0.4349506687042688,0.310377729856991,0.2546716014387402
96032299,4629,D,H,0.5873989143809508,0.2194245300645018,0.19317655555454746
96032302,4675,H,H,0.6112839538287203,0.2383565187641139,0.15035952740716585
96032303,4629,A,A,0.3144997672692638,0.24480306451132045,0.44069716821941585
96032304,4675,H,H,0.45914453062196514,0.3508768516729806,0.18997861770505428
96032305,4629,D,H,0.5155518402487407,0.23578498542065066,0.2486631743306086
96032306,4629,D,A,0.3202898612745401,0.28934723160023496,0.3903629071252249
96032307,4629,D,A,0.1923032334092986,0.3086452560160239,0.49905151057467756
96032309,4629,D,A,0.2242414450188009,0.22052395952274575,0.5552345954584533
96348848,4675,H,H,0.4063380816341144,0.19023962429233704,0.4034222940735486
96348849,4675,A,A,0.054957462205385874,0.13696582305519958,0.8080767147394146
96348850,4675,H,H,0.3700717484743843,0.35001043339303867,0.279917818132577
96348851,4675,D,H,0.505595679618141,0.32148870591898526,0.1729156144628737
96348852,4675,D,H,0.5510773185817297,0.2680480764983102,0.18087460491996007
96387280,4724,H,A,0.34336287642888114,0.30928699747071364,0.3473501261004052
96387281,4634,D,H,0.4238641472996713,0.3031843540164979,0.27295149868383084
96387282,4634,A,H,0.6827153447697747,0.22806653276887043,0.0892181224613549
96387283,4724,A,A,0.3135865511785955,0.28010808122762604,0.4063053675937784
96387284,4724,H,H,0.44731964084524806,0.2373299317052506,0.31535042744950137
96387285,4634,A,A,0.33853425975558116,0.30164563689242957,0.35982010335198916
96387286,4724,D,H,0.6715747797050996,0.23174342986418478,0.09668179043071559
96387287,4724,H,H,0.5875094831806426,0.23023635483546848,0.182254161983889
96387288,4634,D,H,0.5842691460013018,0.2432306867748677,0.1725001672238305
96387289,4724,A,A,0.2676296958380237,0.18322367435260273,0.5491466298093735
96387290,4724,D,H,0.4795117252366897,0.26562218954206274,0.25486608522124754
96387291,4724,D,A,0.2688788926108334,0.2743449582340227,0.4567761491551439
96387292,4724,D,H,0.5175937923582957,0.2605758862549055,0.22183032138679876
96545570,4634,H,H,0.5285517774970313,0.2878100856199794,0.18363813688298922
96545571,4724,A,A,0.18255710239580525,0.23120393027605565,0.5862389673281391
96545572,4634,D,A,0.16638668456241013,0.2953080217571106,0.5383052936804792
96545573,4634,A,A,0.16612278343577427,0.23799268980204863,0.5958845267621772
96545574,4634,H,H,0.508608725044342,0.28784794560712035,0.20354332934853772
96545575,4634,A,H,0.3775367195392158,0.28383007792120324,0.338633202539581
96545576,4634,A,H,0.39350520307197856,0.27571830930575025,0.33077648762227124
96545577,4630,A,H,0.558131471428678,0.1679479693963815,0.27392055917494046
96545578,4630,H,H,0.5633377818471004,0.31052933961709495,0.12613287853580465
96545580,4630,H,A,0.15676172602332358,0.23686631219523346,0.6063719617814429
96545581,4630,D,H,0.40575190686673906,0.229219528038263,0.3650285650949979
96545582,4630,A,A,0.10566246667591273,0.15360601680044092,0.7407315165236462
96735889,4630,H,H,0.7841839605089647,0.12735498633694645,0.08846105315408877
96735891,4630,H,H,0.8173502951526725,0.1318095739347487,0.05084013091257865
96735892,4630,H,H,0.6473249009011847,0.19528991003561652,0.1573851890631988
96910291,4630,A,H,0.4523664517273011,0.29125949222171876,0.2563740560509802
96910292,4630,D,H,0.3970376365115732,0.2671589410232564,0.3358034224651704
97226251,4634,H,H,0.6217853071290619,0.22943847480302085,0.1487762180679172
97226252,4634,H,H,0.52643273699913,0.2944308425358036,0.17913642046506645
97226253,4634,A,A,0.2244813944093547,0.27783594212914997,0.49768266346149537
97569935,4675,H,H,0.7383545756155119,0.16063827195235517,0.10100715243213294
97569937,4675,D,H,0.4892530731624128,0.22768341768564712,0.2830635091519401
97569942,4675,H,H,0.45117072820134946,0.28317662500360324,0.26565264679504724
97569943,4675,D,A,0.2776126910886671,0.27531475838250924,0.44707255052882366
97911321,4724,H,H,0.45965224644785246,0.3132877992992106,0.2270599542529369
97911322,4634,D,H,0.65901577770435,0.22699860480436743,0.11398561749128265
97911323,4724,H,H,0.5430439160016645,0.2274695091712093,0.2294865748271263
97911324,4629,H,A,0.27998518346913026,0.28055793993533107,0.43945687659553884
97911326,4634,D,H,0.516307877229669,0.21868537771922725,0.2650067450511038
97911327,4724,H,H,0.6044601040917899,0.22172381302764121,0.17381608288056896
97911328,4630,H,A,0.3399754915146734,0.16835710303991458,0.49166740544541215
97911329,4629,D,H,0.4631887182218078,0.21438985206386033,0.32242142971433196
97911331,4634,D,H,0.4153674904233648,0.30120244164631105,0.28343006793032427
97911333,4724,H,H,0.5768563169804471,0.23044416739433998,0.1926995156252128
97911334,4629,A,H,0.5432904024439104,0.24567066903958748,0.21103892851650224
97911335,4629,A,H,0.5459075386806213,0.232606158816599,0.22148630250277979
97911336,4629,H,H,0.6551940257958411,0.1878168432077978,0.15698913099636108
97911337,4630,H,H,0.445076175405197,0.25700302115542845,0.29792080343937455
97911338,4630,A,H,0.41253097239239855,0.2946871163544114,0.29278191125319
97911339,4630,D,H,0.6604656842598015,0.18102231693502305,0.15851199880517558
97911340,4634,D,H,0.45539511216481227,0.3360031929935226,0.208601694841665
97911341,4629,D,H,0.5930691190086228,0.21235650934723366,0.19457437164414365
97911342,4724,D,H,0.5335334086152576,0.29864790626897736,0.1678186851157651
97911343,4629,A,A,0.2588737546077647,0.21784285955988483,0.5232833858323506
97911344,4634,D,H,0.44905580657099636,0.2910387318914118,0.2599054615375918
97911345,4724,H,H,0.4524481013194405,0.2788354333678474,0.2687164653127122
97911346,4634,A,A,0.265787310298941,0.2597518936117924,0.47446079608926645
97911347,4630,A,A,0.07904659516984917,0.17248254054747705,0.7484708642826738
97911348,4724,A,A,0.22354717698862223,0.3292430407038653,0.4472097823075125
97911349,4629,H,H,0.5131273538896568,0.3034671764879137,0.1834054696224295
97911350,4634,A,H,0.4725747098946354,0.3058442278442571,0.2215810622611075
97911351,4630,D,H,0.5432575596264935,0.2642626874457277,0.19247975292777889
97911352,4630,D,A,0.3193133841962258,0.2538546093069083,0.4268320064968658
97911353,4630,H,H,0.6542128139172012,0.18148743522544478,0.16429975085735407
97911354,4675,A,A,0.08247846018748371,0.15128162423919042,0.7662399155733258
97911355,4675,D,H,0.6120718921689605,0.21329682260983313,0.17463128522120638
97911356,4675,A,H,0.5103123661842388,0.26549487459030313,0.224192759225458
97911357,4675,A,A,0.27248727887359,0.2631843428683796,0.4643283782580304
97911358,4675,H,H,0.8618623555310418,0.11166674607721469,0.026470898391743394
97911359,4724,D,H,0.5006293363288105,0.30764477026804826,0.19172589340314133
97911360,4724,D,H,0.372998820231475,0.2775424214198154,0.34945875834870965
97911361,4634,H,H,0.46487340110229725,0.359575811932126,0.17555078696557688
97911362,4630,D,A,0.3657468891445482,0.20199524529615273,0.43225786555929907
97911363,4629,A,A,0.2465070584228894,0.23847652908150546,0.5150164124956051
97911364,4634,H,H,0.7174546465906227,0.17940632156959732,0.10313903183977989
97911365,4724,H,A,0.304310174081932,0.2271509766567833,0.46853884926128475
97911366,4634,A,H,0.5387980705901746,0.21573191709119383,0.2454700123186315
97911367,4630,A,A,0.12917857164359905,0.18828851467499358,0.6825329136814073
99654835,4634,D,A,0.2532450077042998,0.27058155598294986,0.4761734363127502
99654836,4724,A,H,0.5607621610111473,0.23435271579053635,0.20488512319831645
99654837,4634,D,H,0.7833728926253938,0.15190300111541574,0.06472410625919044
99654838,4724,H,H,0.4030840526584131,0.26610461117709555,0.33081133616449143
99654839,4629,A,H,0.42093912556867114,0.22647804110185502,0.3525828333294738
99654841,4634,H,H,0.34522018168398333,0.32251875310049505,0.33226106521552157
99654842,4724,A,A,0.2195279551296084,0.23573413765160842,0.5447379072187831
99654843,4675,D,H,0.5143607366693063,0.2952581889562488,0.19038107437444493
99654844,4629,A,H,0.3967751155504351,0.3058445097355406,0.2973803747140244
99654845,4634,H,H,0.4085671332056891,0.3021061891093839,0.289326677684927
99654846,4675,H,H,0.7192244670498019,0.18093189120709735,0.09984364174310077
99654847,4724,D,A,0.3400390662472593,0.30037899430514414,0.35958193944759653
99654848,4724,H,H,0.44987249973403415,0.28279814276102616,0.2673293575049397
99654849,4629,D,A,0.15108671092635276,0.24877709124660707,0.6001361978270401
99654850,4629,H,A,0.1939089065392536,0.2846866089922658,0.5214044844684806
99654851,4629,A,H,0.41546149384771014,0.28121421750946174,0.30332428864282807
99654853,4634,H,H,0.5025121992034933,0.26700927843043515,0.23047852236607144
99654854,4629,A,A,0.3163834285535902,0.25676572511700013,0.4268508463294097
99654855,4724,H,H,0.5975089799416066,0.2274915433057473,0.17499947675264613
99654857,4629,H,H,0.4582786652030343,0.20452583444703332,0.33719550034993245
99654858,4634,H,H,0.41315296505129073,0.28236982033075186,0.3044772146179575
99654859,4724,D,H,0.37162262129229856,0.274142241111443,0.35423513759625835
99654860,4675,H,A,0.4056108438876069,0.14962984899715623,0.4447593071152368
99654861,4634,H,H,0.6005214144204358,0.24584292421870207,0.153635661360862
99654862,4724,A,A,0.20935144136247152,0.2365764506157797,0.5540721080217487
99654863,4629,H,H,0.5573216459209126,0.23179818330835394,0.21088017077073345
99654864,4634,A,H,0.5668635707636437,0.22751134498469405,0.2056250842516623
99654865,4675,D,A,0.16912528475714866,0.19416601456174973,0.6367087006811016
99654866,4675,A,H,0.5022238518323343,0.3308038830118468,0.16697226515581887
99654867,4675,D,H,0.5227546551506949,0.2899551328973023,0.18729021195200274
99654868,4675,D,H,0.5301519496339281,0.2821455763362889,0.18770247402978305
99654869,4675,H,H,0.4336196526666164,0.30012802217617834,0.2662523251572053
99654870,4724,A,A,0.3385038207078786,0.31803780616522126,0.3434583731269001
99654871,4634,D,H,0.4874075445205382,0.3229226713384255,0.1896697841410364
99654873,4629,D,H,0.5943190854794974,0.23187429831433518,0.1738066162061674
99654874,4634,A,A,0.3483275954693503,0.3019550303006992,0.3497173742299504
99654875,4724,A,H,0.34196847277734865,0.3350987547385584,0.322932772484093
99654876,4675,H,H,0.6702806385232741,0.19449806830380517,0.13522129317292073
100477631,4630,A,A,0.2889276054716924,0.21245915248039657,0.4986132420479111
100477632,4630,H,H,0.8575537396052194,0.1007002176161835,0.04174604277859696
100477633,4630,H,H,0.7229541571313306,0.16173292016699825,0.11531292270167108
100477634,4630,A,H,0.3504718467397941,0.30675490216156315,0.34277325109864276
100477635,4630,H,H,0.47082149389590794,0.21880366001045645,0.31037484609363564
100477636,4630,A,H,0.5720698048015582,0.25322314820851843,0.1747070469899233
100477637,4630,A,A,0.1508332380356205,0.15816242953969212,0.6910043324246874
100477638,4630,A,H,0.4962236234148887,0.2317461907516618,0.27203018583344935
100477639,4630,A,H,0.4861496621326945,0.331287409104057,0.1825629287632485
100477640,4630,H,H,0.4273273842104248,0.23896871863634783,0.33370389715322735
101118597,4630,A,A,0.3289256757149338,0.29940201874936917,0.37167230553569713
101118599,4630,A,A,0.11121790799147242,0.23273414144422502,0.6560479505643024
101118602,4630,D,H,0.778854117901475,0.13356910450801018,0.08757677759051488
101118607,4630,A,H,0.5887468376482448,0.20569160876295275,0.20556155358880243
101118608,4630,H,H,0.4115177583605075,0.27587146312930133,0.3126107785101911
101118609,4630,D,H,0.3976663602791561,0.2629461597033865,0.3393874800174574
101118610,4630,A,A,0.23120149732743261,0.16861611906897944,0.6001823836035879
101118611,4630,A,A,0.05042968554842381,0.12056947401763289,0.8290008404339433
101118613,4630,A,A,0.09576594040961921,0.18942139395471755,0.7148126656356634
101515916,4724,H,A,0.22115199948734912,0.30257911198488274,0.4762688885277681
101515917,4629,H,H,0.46972690149267277,0.20345965809298358,0.32681344041434357
101515918,4724,A,A,0.23969291942034154,0.2965447929882229,0.4637622875914355
101515919,4675,H,A,0.13927005449375146,0.13204815358630015,0.7286817919199483
101515920,4629,D,H,0.3858065456990149,0.24795560031262537,0.3662378539883598
101515921,4675,D,H,0.43939300568300815,0.29599557348257816,0.26461142083441364
101515922,4724,D,H,0.4739800218074387,0.2918990063703115,0.23412097182224978
101515923,4724,D,A,0.2798056842395775,0.19947790122074682,0.5207164145396757
101515924,4629,H,H,0.5113394856580197,0.25070116612205373,0.23795934821992662
101515925,4629,A,H,0.5901779912825454,0.21355439497702822,0.19626761374042626
101515926,4629,H,H,0.5981234326744652,0.23482837674576243,0.16704819057977235
101515927,4629,A,H,0.6435891919654009,0.22578950712041795,0.1306213009141812
101515928,4724,A,A,0.3331770728588934,0.23647197286713867,0.4303509542739679
101515929,4629,A,A,0.1996328967098014,0.21449708527131864,0.58587001801888
101515930,4724,H,H,0.6781446936946025,0.21266319941661466,0.10919210688878295
101515931,4675,H,H,0.7965674357323572,0.14171494001340662,0.06171762425423616
101515932,4724,D,A,0.2038701773182032,0.23573670784358164,0.5603931148382151
101515933,4629,H,H,0.6612233537407612,0.17996205045910957,0.15881459580012916
101515934,4675,A,A,0.14089816813153716,0.20691958718409278,0.6521822446843701
101515935,4675,A,A,0.10112713659635038,0.162682990827665,0.7361898725759847
101515936,4675,A,H,0.5411656725192324,0.2426755738486518,0.21615875363211579
101515937,4675,H,H,0.5969823035644839,0.23366016076868582,0.16935753566683023
101515938,4675,D,A,0.25793411375780084,0.3033739630150682,0.4386919232271311
101515939,4724,D,H,0.5725462806805798,0.24490173891550687,0.18255198040391338
101515940,4724,H,H,0.7740266489618751,0.1698862350923773,0.05608711594574742
101515941,4629,H,A,0.29884274247792564,0.2589090765641491,0.44224818095792534
101515942,4675,A,H,0.43474379074777325,0.32315845720430103,0.2420977520479257
101515943,4724,H,H,0.499344345786542,0.25338951308291596,0.24726614113054193
101515944,4724,H,A,0.32279049687153083,0.2253935834979767,0.45181591963049245
101515948,4630,D,H,0.5891206080568905,0.2101228227014027,0.20075656924170687
101750691,4634,H,H,0.599243734917237,0.20733067778563613,0.19342558729712675
101750693,4634,D,H,0.5627314760959339,0.23868745395534277,0.19858106994872327
101750694,4634,A,A,0.3373340962683308,0.32124269695039165,0.3414232067812777
101750695,4634,D,D,0.34331793075263417,0.4105185788867084,0.24616349036065746
101750696,4634,D,A,0.17495695374095838,0.24045883579117386,0.5845842104678677
101750697,4634,A,A,0.29787226071830974,0.22761230540403868,0.4745154338776517
101750698,4634,H,H,0.574620761865493,0.2839021029694699,0.1414771351650371
101750699,4634,H,H,0.5793060194214847,0.28488495901635424,0.13580902156216113
101750700,4634,D,H,0.37728438142499454,0.2727020779771311,0.3500135405978743
101750712,4634,D,H,0.40763923147241776,0.30748410586848235,0.2848766626590999
102977692,4630,H,H,0.7696467158180147,0.10913183561774746,0.12122144856423785
102977693,4630,A,A,0.08655890738624572,0.12599354779433153,0.7874475448194228
102977694,4630,A,H,0.45997639730501616,0.2645578127253803,0.2754657899696036
102977695,4630,H,H,0.5339346074805102,0.3113825295544426,0.15468286296504719
102977696,4630,D,H,0.6392947450207338,0.17811720889965157,0.18258804607961462
102977697,4630,H,H,0.600592128130061,0.22884356293888303,0.17056430893105604
102977703,4630,H,H,0.6655272708126182,0.23633059667217862,0.09814213251520315
102977706,4630,H,H,0.832877739329573,0.10956219145526792,0.05756006921515917
103372503,4634,H,H,0.49816259270642005,0.2802876428558202,0.22154976443775964
103372504,4630,H,A,0.351585965111828,0.2376791843338341,0.4107348505543379
103372505,4724,H,H,0.3887999229140665,0.2840172551710236,0.3271828219149098
103372506,4724,H,H,0.41974859172754514,0.2562661370282933,0.32398527124416154
103372507,4634,H,H,0.7488324093585718,0.17784101422485007,0.07332657641657826
103372508,4724,D,A,0.26797580788353975,0.2552958892894095,0.4767283028270507
103372509,4629,H,H,0.5149807724399479,0.2560736479976141,0.22894557956243802
103372510,4675,H,H,0.35784118502681167,0.3079760557405765,0.33418275923261187
103372511,4634,D,A,0.337074828514075,0.30044622027086676,0.3624789512150582
103372512,4724,A,A,0.11217078024192055,0.19451708737795528,0.6933121323801242
103372513,4675,A,H,0.6917344601092521,0.18366645623478742,0.1245990836559604
103372514,4629,D,H,0.5482989290499878,0.24007718847396933,0.2116238824760429
103372515,4634,H,A,0.34444615022581004,0.22600665130541095,0.4295471984687788
103372516,4675,D,H,0.4075314725474461,0.32406776693705247,0.2684007605155014
103372517,4724,D,A,0.17426932817363006,0.3093676128829468,0.5163630589434232
103372518,4629,A,A,0.26922234379538,0.2524919783457416,0.4782856778588784
103372519,4629,D,H,0.71393478793266,0.17784547284234772,0.10821973922499235
103372520,4629,H,A,0.2504111557006855,0.22132415622145563,0.5282646880778589
103372521,4634,D,H,0.3758080441211891,0.3095008241274629,0.31469113175134794
103372522,4629,A,H,0.4243467758587813,0.22090210191839987,0.35475112222281896
103372523,4724,H,H,0.6260873204440993,0.22753988432419978,0.14637279523170102
103372524,4629,A,A,0.22817083440965288,0.27426306277079104,0.497566102819556
103372525,4634,D,A,0.25067516377273275,0.3044087421259996,0.4449160941012677
103372526,4724,H,A,0.3393119665965116,0.3087420559051179,0.3519459774983704
103372527,4675,H,H,0.6606559107328541,0.15577868829588773,0.1835654009712582
103372528,4634,D,H,0.5822961573582842,0.2373904056790631,0.1803134369626526
103372529,4724,A,A,0.3284755822098893,0.33572440903852657,0.335800008751584
103372530,4629,A,A,0.32090221932991,0.3282447883958751,0.3508529922742148
103372531,4634,H,H,0.7330452849167668,0.15087824694375793,0.11607646813947532
103372532,4675,D,H,0.721866449667693,0.19623350859897912,0.08190004173332775
103372533,4675,D,H,0.5829305790123475,0.2705791040786704,0.14649031690898207
103372534,4675,H,H,0.4355089283588273,0.3189778289278757,0.24551324271329694
103372535,4675,D,H,0.5025924782302973,0.3057830845810258,0.1916244371886769
103372536,4724,A,D,0.37636020265769077,0.3777710793648288,0.2458687179774805
103372537,4634,A,A,0.23647555590875838,0.32184379302582156,0.44168065106542
103372538,4629,A,A,0.27220598102201543,0.3017255027531718,0.42606851622481284
103372539,4634,A,H,0.5663947210618472,0.2733931663767912,0.1602121125613616
103372540,4724,H,H,0.5107053212674608,0.2539504367821323,0.23534424195040696
103372541,4675,H,H,0.798022624700741,0.12465879739966337,0.07731857789959562
103372542,4724,A,H,0.41849012747423353,0.2632447590758456,0.3182651134499209
104036583,4630,H,H,0.474274434847924,0.18796670999484202,0.337758855157234
104988750,4630,H,H,0.6515075631242203,0.19546195487193302,0.15303048200384667
104988751,4630,H,H,0.8345723473784123,0.10387102630432901,0.0615566263172587
104988752,4630,A,A,0.16975415048278095,0.30863544886508487,0.5216104006521342
104988753,4630,A,A,0.17712707939707398,0.1868831053920919,0.6359898152108341
104988754,4630,A,A,0.07355756935477227,0.12857258682324196,0.7978698438219858
104988755,4630,H,H,0.39715476354870205,0.24408558589663468,0.3587596505546633
104988756,4630,H,A,0.2762262922470107,0.22128304949030514,0.5024906582626841
104988757,4630,A,H,0.5320659974302447,0.25083335432579784,0.21710064824395742
104988758,4630,D,A,0.3334698160597928,0.29268940959739204,0.37384077434281515
105462393,4630,A,A,0.04863430118047145,0.16661345751887524,0.7847522413006534
105462394,4724,H,H,0.7503307152147504,0.14177241677089192,0.10789686801435773
105462395,4634,D,A,0.3692934373800606,0.2509462048579205,0.3797603577620188
105462396,4724,H,H,0.4338964343766068,0.21429077912745298,0.3518127864959402
105462397,4629,A,A,0.3234285099215171,0.29555843562553996,0.3810130544529429
105462398,4634,H,A,0.3357143434615015,0.3011089244071998,0.3631767321312987
105462399,4724,A,H,0.45955172110221987,0.2272890760314531,0.3131592028663269
105462400,4675,H,H,0.5193754121634806,0.2753055989830259,0.20531898885349345
105462401,4629,A,H,0.6344384546591462,0.2287615055912825,0.13680003974957142
105462402,4634,H,H,0.5688138090950199,0.26496468631870335,0.16622150458627674
105462403,4675,A,A,0.11982328755039988,0.1806935673085796,0.6994831451410205
105462404,4724,D,H,0.38679591225458076,0.32713509796641926,0.2860689897789999
105462405,4724,A,H,0.4113313879139528,0.27985073434859997,0.30881787773744723
105462406,4629,H,H,0.7099652508081173,0.1577978926844215,0.13223685650746125
105462407,4629,D,H,0.418879022311969,0.2191618438771307,0.36195913381090034
105462408,4629,A,H,0.5466217016374869,0.22455188681507135,0.2288264115474417
105462409,4634,H,H,0.4452781584402841,0.3339233053250369,0.22079853623467902
105462410,4629,H,A,0.3159068436853562,0.22335530405595178,0.46073785225869196
105462411,4724,H,H,0.4892268156400952,0.2615513579803542,0.24922182637955057
105462415,4629,A,A,0.1809428735881636,0.211900826946098,0.6071562994657383
105462416,4634,D,A,0.14142971993933184,0.2441568697984706,0.6144134102621976
105462417,4724,D,A,0.3455238359941219,0.22659433803144466,0.42788182597443347
105462418,4675,A,A,0.22306325208309716,0.2519552290613015,0.5249815188556013
105462419,4634,D,H,0.49444413062097164,0.2951627162039192,0.21039315317510898
105462420,4724,A,A,0.32212961171711335,0.2539343830200496,0.4239360052628369
105462421,4629,A,A,0.3064874708595844,0.20209014424362842,0.49142238489678713
105462422,4634,D,H,0.46177990694160387,0.33243462204652935,0.20578547101186667
105462423,4675,A,H,0.4263629717879417,0.3089560375997257,0.26468099061233263
105462424,4675,A,H,0.3974662235809831,0.2690054598922129,0.33352831652680404
105462425,4675,A,A,0.21437759980063498,0.21883444521343726,0.5667879549859277
105462426,4675,D,H,0.5426800891377112,0.26812242708055545,0.1891974837817334
105462427,4675,A,A,0.2432911634908385,0.2883195197121854,0.46838931679697615
105462428,4724,D,H,0.6111119449127301,0.26957928127385117,0.11930877381341876
105462429,4634,H,A,0.3318952402466757,0.3123468294766637,0.35575793027666053
105462432,4629,D,A,0.31764070043116616,0.22457796413286424,0.4577813354359695
105462433,4634,H,H,0.4711286886798728,0.35833785768121745,0.1705334536389099
105462434,4724,A,A,0.23732516462521216,0.2780527226881534,0.4846221126866344
105462435,4675,D,A,0.11428313393239277,0.15383076946454538,0.7318860966030619
105462438,4724,H,H,0.5218658540727515,0.21510522195515352,0.2630289239720948
105462439,4724,A,A,0.20234948512600998,0.25871972292677203,0.538930791947218
105462443,4634,H,H,0.482897217093432,0.26490763710214504,0.25219514580442315
106903882,4675,H,H,0.8133447745128621,0.12031398481582596,0.06634124067131195
106903883,4675,H,H,0.39692314216156355,0.36149940926014534,0.24157744857829114
106903884,4630,D,H,0.48935099516377134,0.13378946473227663,0.3768595401039519
106903885,4675,A,H,0.39680599030467856,0.26528988724243846,0.337904122452883
106903886,4630,D,H,0.5150428067236982,0.29257857739280896,0.19237861588349287
106903887,4630,H,H,0.659914547058993,0.20499610721881883,0.1350893457221881
106903888,4630,A,H,0.4424220728104206,0.25654973013018545,0.30102819705939393
106903889,4630,H,H,0.8309512077946545,0.08942757174851917,0.07962122045682629
106903890,4630,H,H,0.47395944147009217,0.27541441355627827,0.25062614497362956
106903891,4630,D,H,0.46802998938581925,0.24780002142489532,0.28416998918928543
106903892,4630,D,H,0.727004840296028,0.18366390761188128,0.08933125209209077
106903893,4675,H,H,0.5670412791265905,0.2718314832325013,0.1611272376409082
106903894,4675,D,H,0.5009062106738126,0.2763694520274318,0.22272433729875554
106903895,4675,H,H,0.8049499023061202,0.15195632294449077,0.04309377474938903
106903896,4675,H,H,0.7966079724078043,0.1321185706651318,0.0712734569270638
106903897,4630,H,H,0.5363728926754141,0.23870584275770707,0.22492126456687878
106903898,4675,H,H,0.6597215534272846,0.2408559491995549,0.09942249737316058
107396010,4634,D,H,0.426078323897335,0.32054419298720205,0.25337748311546304
107396011,4634,A,H,0.49990555854961205,0.2857932497183862,0.21430119173200174
107396012,4634,H,H,0.7236728611383808,0.19336071954557407,0.0829664193160451
107396013,4634,A,A,0.22020256339808136,0.2866370790559624,0.49316035754595633
107396014,4629,H,H,0.42399754419513513,0.2686421765623887,0.3073602792424761
107396015,4629,H,H,0.3888786276604988,0.27735025970179406,0.3337711126377071
107396016,4634,H,H,0.4730587566682989,0.261063306009287,0.26587793732241405
107396017,4629,D,H,0.5773432481738447,0.21900290918969192,0.2036538426364634
107396018,4634,H,H,0.5460212603861243,0.2621266422956988,0.19185209731817685
107396019,4675,A,A,0.25313162982262505,0.29600678299505573,0.45086158718231933
107396020,4634,A,A,0.22894233127910296,0.2729619359093569,0.4980957328115401
107396021,4634,H,A,0.14071172566526724,0.25124525085884625,0.6080430234758865
107396022,4634,H,H,0.4934502410532474,0.2687942787929606,0.23775548015379208
107396023,4634,H,H,0.7602729315212166,0.15794328662211798,0.08178378185666539
107396024,4630,H,H,0.4382907056571598,0.25124866954623115,0.3104606247966092
107396025,4724,A,A,0.2559883666844408,0.21431190356808918,0.52969972974747
107456180,4629,A,A,0.26680744226817776,0.27941582402993176,0.4537767337018906
107701020,4724,A,H,0.3435142520500526,0.3219269807054574,0.33455876724448996
107701021,4724,D,H,0.3973127316178141,0.23907952673848523,0.3636077416437006
107701022,4724,H,H,0.5759879153272588,0.2830176036499238,0.1409944810228173
107701023,4724,A,H,0.36422259058438655,0.32141312538913563,0.31436428402647776
107701024,4724,D,H,0.6082565882153435,0.2026633566743346,0.18908005511032194
107701025,4724,A,H,0.44369027602162064,0.3119639081776046,0.24434581580077477
107701026,4724,H,H,0.3702811359213728,0.31229313794600916,0.31742572613261805
107701027,4724,H,H,0.539440606096034,0.29542153180472114,0.1651378620992448
107701029,4724,D,A,0.3817540916650645,0.22536786703995426,0.3928780412949812
107991856,4629,D,H,0.4634116046997287,0.21130965626662138,0.3252787390336498
107991857,4629,A,A,0.31826673641566366,0.32298244364256934,0.358750819941767
107991867,4630,H,H,0.5235756710867335,0.21181396887071918,0.2646103600425473
107991871,4629,H,H,0.6761674353818432,0.1945627405004979,0.1292698241176589
107991872,4629,H,A,0.28420732053309605,0.24657632410378127,0.4692163553631228
107991873,4629,A,H,0.5512476172009503,0.23728456957739102,0.21146781322165875
109292214,4675,H,H,0.6487693041714127,0.2006559053452921,0.1505747904832952
109292215,4675,A,A,0.10640803661357083,0.22254620922690774,0.6710457541595213
109292216,4630,D,A,0.208434572310918,0.21394354661943424,0.5776218810696477
109292218,4675,A,A,0.22271847165540043,0.23257078413146426,0.5447107442131353
109292219,4630,H,A,0.3296097035892468,0.22820890435790664,0.44218139205284673
109292220,4630,D,H,0.4389810887094385,0.2610746733310045,0.29994423795955705
109292221,4630,H,A,0.2971717091271726,0.25490682210590376,0.4479214687669237
109292223,4675,A,A,0.29616330778376615,0.2051415101864991,0.49869518202973484
109292224,4675,A,A,0.06311453818697403,0.11969395404037748,0.8171915077726484
109292225,4675,D,H,0.41009215660022313,0.32616901423190864,0.2637388291678681
109292226,4675,A,H,0.4038091702505156,0.33811861977711116,0.2580722099723732
109834363,4634,A,H,0.3868800496506064,0.30528134122279155,0.3078386091266021
109834364,4629,A,A,0.2604490109989163,0.233725647230441,0.5058253417706428
109834365,4634,H,A,0.34633411046806045,0.2927440263383571,0.36092186319358244
109834366,4634,A,H,0.47042565662471664,0.3259428900107977,0.20363145336448563
109834367,4629,H,H,0.3895717449462239,0.22232719860947983,0.3881010564442963
109834368,4634,H,H,0.4053947958239518,0.2651278777827616,0.32947732639328653
109834369,4629,H,H,0.586467116827113,0.2263618085975028,0.18717107457538415
109834370,4629,H,A,0.34570347917285515,0.278754302806896,0.3755422180202488
109834371,4629,D,H,0.6568221401953567,0.22927781481019532,0.11390004499444804
109834372,4634,A,H,0.5142606960691355,0.2861517267177955,0.19958757721306902
109834373,4629,D,H,0.5579824247495422,0.1662017718081261,0.27581580344233175
109834374,4634,H,H,0.48702807858186137,0.30134085742952493,0.21163106398861373
109834375,4634,H,A,0.25659638292805365,0.3014597511604822,0.44194386591146406
109834376,4724,A,A,0.27514526453154525,0.3157364764859509,0.409118258982504
109834377,4629,A,H,0.41250757027426066,0.21564458266591288,0.3718478470598265
109834378,4634,A,A,0.15078886360957588,0.23617557354415813,0.613035562846266
109834379,4675,H,H,0.5287404481116574,0.29434954262565993,0.1769100092626826
109834380,4675,H,H,0.3954106556106716,0.3074741237633004,0.2971152206260281
109834381,4634,H,H,0.46015101655903584,0.33116972035006526,0.20867926309089893
109834382,4629,A,H,0.4359904499983863,0.2784414517213015,0.28556809828031215
109834383,4634,H,H,0.5462717399521799,0.31252595101875036,0.14120230902906986
110164295,4724,D,H,0.5021451151473572,0.2322606036878967,0.2655942811647462
110164296,4724,H,H,0.5503522902847906,0.25691543154968816,0.19273227816552124
110164297,4724,A,H,0.5020410553589851,0.2347562732703845,0.26320267137063036
110164298,4724,A,A,0.2425182082228542,0.2813917339621707,0.4760900578149751
110164299,4629,A,A,0.364536375356746,0.19983218876656278,0.4356314358766911
110164300,4724,A,H,0.3571794618883223,0.30161465765518636,0.34120588045649136
110164301,4724,A,H,0.4308060376874342,0.23539407199514084,0.3337998903174249
110164302,4724,H,H,0.3779258925329069,0.3570186893450633,0.2650554181220298
110164303,4724,A,A,0.2376885717172836,0.2370597476139166,0.5252516806687997
110164304,4724,D,H,0.5443040543859403,0.22355897919394774,0.23213696642011203
110919358,4630,H,H,0.788807606080963,0.12311755408459227,0.08807483983444478
110919359,4630,H,A,0.29949603058776597,0.2734510389815568,0.4270529304306771
110919361,4630,H,H,0.6776304813087727,0.2124521805465339,0.10991733814469341
110919363,4630,A,A,0.3020045786202743,0.2847287114746539,0.41326670990507175
111217220,4630,A,A,0.1766002248246105,0.1559633409126749,0.6674364342627146
111217228,4630,H,A,0.12900344832843974,0.16494821511426522,0.7060483365572949
113581745,4629,H,H,0.4898679017299478,0.20859433264181365,0.3015377656282386
113581746,4634,H,H,0.42003676565996545,0.33467336472934994,0.24528986961068466
113891820,4630,D,A,0.34767802314036184,0.27038194907498386,0.38194002778465436
113891821,4724,A,A,0.3071154570144313,0.2585734629874603,0.4343110799981083
113891822,4675,A,H,0.6005039310743598,0.20104429010973562,0.19845177881590462
113891823,4630,H,H,0.6327519605916039,0.18736457697563785,0.17988346243275838
113891824,4629,A,A,0.15028886693682159,0.23500370627208672,0.6147074267910917
113891825,4630,H,H,0.7291295631607551,0.15768212616579977,0.11318831067344519
113891826,4630,D,A,0.17079972905951785,0.2885112007772168,0.5406890701632653
113891827,4630,D,H,0.3744323058174324,0.2660671417502678,0.3595005524322998
113891828,4630,H,H,0.49074246268496324,0.23770647370675194,0.27155106360828496
113891829,4675,A,H,0.45269182937385893,0.26996203483227277,0.2773461357938683
113891830,4675,D,H,0.43264109098052433,0.3774937257752486,0.18986518324422708
113891831,4675,H,H,0.8774479997656063,0.0809525509941258,0.041599449240267955
113891832,4675,D,H,0.7750751990996646,0.14422963553381904,0.08069516536651648
113891834,4724,D,H,0.5238353453008137,0.24002280904172987,0.2361418456574565
113891835,4630,H,H,0.5316328267454702,0.2385337468022072,0.22983342645232255
113891836,4724,H,H,0.47201998783687804,0.2739224154179363,0.2540575967451857
113891837,4634,D,H,0.44891393959440773,0.30128058342561037,0.249805476979982
113891838,4724,H,A,0.24932772405943032,0.23053850224305533,0.5201337736975145
113891839,4629,D,H,0.4116632165353265,0.2609289444512768,0.3274078390133967
113891841,4634,H,H,0.7154364068583503,0.1826217268248128,0.10194186631683695
113891847,4634,A,H,0.41115537175205547,0.30530434215993213,0.28354028608801246
113891848,4630,D,H,0.6183410274449769,0.23381856788541583,0.14784040466960738
113891849,4675,A,H,0.510638756184838,0.2108539713865814,0.2785072724285806
113891851,4634,A,H,0.4231722863442445,0.3040210730731799,0.27280664058257564
113891852,4724,A,H,0.47988849729241134,0.18739396827732796,0.33271753443026075
114502448,4634,H,H,0.6775748254821257,0.19127792956048598,0.13114724495738836
114502449,4675,D,H,0.7458414394802341,0.18889057301377074,0.06526798750599519
114502450,4630,D,H,0.45782534974656613,0.17932107605713127,0.36285357419630254
114502451,4629,H,A,0.28215388583730855,0.26405005381733043,0.45379606034536113
114502452,4634,H,H,0.46136188205815576,0.2777289507314204,0.26090916721042395
114502453,4675,D,H,0.6532501565351975,0.20915973263515206,0.13759011082965047
114502454,4629,A,H,0.43044649351791,0.2741175188468253,0.29543598763526474
114502455,4629,A,A,0.32937158957874396,0.2887311278492429,0.3818972825720131
114502456,4630,H,H,0.7524321855387954,0.1260532088523435,0.1215146056088611
114502457,4629,A,A,0.1453672977834843,0.2163982570772345,0.6382344451392813
114502459,4629,A,H,0.616114307909165,0.22550859761729788,0.1583770944735371
114502460,4675,D,H,0.6103170572385174,0.27927333893949313,0.11040960382198942
114502461,4629,A,A,0.2997713286862647,0.20310855222884683,0.4971201190848883
114502464,4634,A,H,0.41318593772261464,0.25762838556141476,0.3291856767159706
114502478,4634,D,H,0.43478488694904066,0.33785106029805995,0.2273640527528995
115046296,4634,A,A,0.31033987736368046,0.27554250254460866,0.41411762009171094
115046297,4724,H,H,0.7640149301593574,0.16252098046658714,0.0734640893740554
115046306,4724,D,H,0.35667198882068546,0.3009233900691382,0.3424046211101764
115046308,4724,H,H,0.7670192806939184,0.15530578471863266,0.07767493458744887
115046356,4724,D,H,0.4362448051560847,0.31058391681476905,0.25317127802914624
115046359,4724,D,A,0.33105303422567556,0.26664036313548384,0.4023066026388405
115356386,4630,D,A,0.19034265851293808,0.24439128646829614,0.5652660550187658
115356387,4630,D,H,0.4717425917734027,0.260267986205997,0.2679894220206002
115356388,4630,H,A,0.3335800297334946,0.2767530819895723,0.389666888276933
115356436,4630,D,A,0.3013591287558372,0.2705225878408372,0.42811828340332564
115356437,4630,H,H,0.4598038365513482,0.26960300828643763,0.2705931551622142
115638602,4630,D,A,0.24719889052725313,0.2541019891455198,0.4986991203272271
115638624,4630,H,H,0.7503034476052305,0.11166602742625809,0.13803052496851148
115638636,4630,H,H,0.8663398895037487,0.08701981459023182,0.04664029590601942
115881744,4630,H,H,0.48641173600084214,0.25028258805022763,0.26330567594893023
115881745,4630,H,H,0.9455266829210454,0.043155808286039106,0.011317508792915487
116077385,4629,H,H,0.5160756699183394,0.19980728825894012,0.28411704182272046
116077388,4675,D,H,0.4790483172936555,0.3093099487864819,0.21164173391986274
116370399,4629,D,H,0.5499741851802438,0.23259487012726518,0.21743094469249105
116370400,4675,H,H,0.3915907832241185,0.3319149634580898,0.2764942533177917
116370401,4675,H,H,0.6808216795475709,0.22222816082954822,0.0969501596228809
116370402,4675,A,A,0.21073066219131475,0.27739070333289084,0.5118786344757943
116370406,4675,A,H,0.4145700140822498,0.2393938493538696,0.3460361365638806
116370407,4675,A,A,0.09671880225798317,0.15457499734842367,0.7487062003935933
116370409,4675,H,A,0.10036460729704051,0.14697049898790268,0.7526648937150568
116370411,4629,D,H,0.7139072707612683,0.1873354475963042,0.09875728164242743
116370413,4724,H,H,0.4402373119365412,0.2614208365812128,0.2983418514822461
116920493,4629,A,H,0.4001191755759598,0.304952024889267,0.29492879953477324
116920494,4629,H,H,0.48946263440874066,0.24815551133558464,0.26238185425567473
116920495,4675,H,H,0.34007512641823,0.32404665326843524,0.3358782203133347
116920496,4629,H,H,0.5636283920918961,0.26736505004707023,0.16900655786103375
116920497,4629,D,H,0.4028357801269766,0.20066562563579296,0.3964985942372305
116920498,4629,D,H,0.47260603455083305,0.2433653780503741,0.28402858739879294
116920509,4675,A,H,0.5382818151898727,0.2887763650337529,0.1729418197763744
116920512,4629,H,H,0.7693155817650444,0.1473541378872235,0.08333028034773209
117383945,4724,A,A,0.12786557382214728,0.17264974022056948,0.6994846859572833
117383946,4724,H,H,0.4564235394580858,0.24796628119106806,0.2956101793508462
117383947,4630,D,A,0.1254686446998166,0.2577986948511013,0.616732660449082
117383948,4724,A,H,0.41515590164014227,0.27307455160472915,0.31176954675512863
117383949,4724,H,A,0.2703584645585188,0.21300154050931983,0.5166399949321614
117383950,4630,D,A,0.14364854101591118,0.13902443085640917,0.7173270281276797
117383951,4724,A,A,0.2287899812599414,0.2540331177213499,0.5171769010187086
117383952,4724,D,A,0.2260177277878696,0.2695090699757585,0.5044732022363718
117383953,4724,H,A,0.32925854962442985,0.26320942793647,0.40753202243910014
117383954,4724,H,H,0.6202853128464014,0.22914595346601688,0.15056873368758172
117383955,4724,D,D,0.3217717153581811,0.37516774095479133,0.3030605436870275
117383961,4630,H,H,0.625495169549384,0.2193447188898029,0.15516011156081305
117383998,4630,A,H,0.49687795399389,0.18285877828630495,0.32026326771980507
117384002,4630,A,H,0.5367423370987969,0.2316022978767667,0.23165536502443643
117384003,4630,H,A,0.2683656722210209,0.26405200732801226,0.46758232045096687
117384004,4630,H,H,0.5595454673980289,0.268242266032773,0.17221226656919805
117384007,4630,A,A,0.19557564657440055,0.21958051221953023,0.5848438412060691
117384008,4630,D,H,0.6327139171377196,0.19748869273439879,0.16979739012788164
117384009,4630,A,A,0.11009298882101644,0.17158992683647778,0.7183170843425057
118459767,4634,H,H,0.4931792193052424,0.305975303171932,0.2008454775228257
118781391,4634,A,A,0.1688795799955025,0.2974353328548474,0.5336850871496502
118781392,4634,A,A,0.1464553472975194,0.26271195794149754,0.590832694760983
118781393,4634,D,H,0.42802115087799064,0.3014114605260984,0.270567388595911
118781394,4634,H,H,0.43877453528767,0.32493259803690416,0.2362928666754259
119319770,4634,D,H,0.6035010514976155,0.2764422009797555,0.12005674752262895
119319771,4634,H,H,0.3761683220506864,0.31460027011911534,0.30923140783019826
119319772,4634,A,H,0.4628629582298115,0.27810737923680345,0.259029662533385
119319774,4634,D,H,0.5071053099905304,0.30771500179114636,0.1851796882183233
119746182,4724,D,H,0.6360803907598445,0.21185533355757136,0.15206427568258415
119746186,4724,D,H,0.7753251413588864,0.1583919334482609,0.0662829251928526
119746187,4629,H,A,0.2917549587904478,0.21078070909664778,0.49746433211290436
119746189,4675,H,H,0.856093073004066,0.09486370723358763,0.049043219762346366
119746190,4675,A,A,0.33506408334635146,0.28044751976692317,0.38448839688672526
119746191,4724,D,A,0.21779811103375074,0.26721083959424724,0.5149910493720021
119746192,4629,D,A,0.2960429024039648,0.28887944344348926,0.4150776541525459
119746193,4724,D,H,0.6858859069639712,0.19983332443051235,0.11428076860551638
119746205,4629,A,H,0.429180842787866,0.28901738953756395,0.2818017676745701
119746207,4724,D,H,0.6683979160538686,0.19290791824227377,0.13869416570385767
119746208,4675,H,H,0.6738524987427778,0.1855756913036485,0.1405718099535738
119746209,4724,D,A,0.38600230278983,0.2036666173669039,0.41033107984326606
119746210,4629,H,H,0.4000479899631231,0.2642223401273903,0.33572966990948655
119746211,4675,D,H,0.5333339257632893,0.2906195388447852,0.17604653539192544
119746212,4675,A,A,0.2606318519357179,0.23153841009796655,0.5078297379663155
119746213,4675,H,H,0.6167985389284862,0.18919832018120408,0.19400314089030976
119746214,4675,H,H,0.7593027150419764,0.1542100945365042,0.08648719042151944
119746215,4675,H,H,0.825999711690661,0.12529315354759815,0.04870713476174082
119746216,4724,H,H,0.5263422043374533,0.2542053513383078,0.219452444324239
119746222,4629,H,A,0.17188939146464452,0.2626243820273822,0.5654862265079733
119746223,4724,H,H,0.5836348049207658,0.27873476881197884,0.1376304262672554
119746224,4675,H,H,0.6333759450718593,0.22275734466436692,0.1438667102637737
119746228,4634,A,A,0.3414555281818283,0.3047684683770057,0.35377600344116594
119746229,4724,D,H,0.5162087533790344,0.236326844634622,0.2474644019863436
120119553,4629,A,H,0.4479040627294929,0.2605773176068312,0.291518619663676
120971825,4634,D,H,0.6014271900367445,0.25433547020427133,0.14423733975898412
120971827,4630,H,H,0.483686633096009,0.25749716524160393,0.25881620166238706
120971828,4630,A,H,0.7761861876361723,0.10111778729229257,0.12269602507153526
120971829,4630,A,A,0.2732333124100729,0.259780122331904,0.46698656525802296
120971830,4630,A,H,0.8765472348484246,0.07481468101052707,0.048638084141048296
120971831,4630,D,H,0.520676317138594,0.23197069150772623,0.24735299135367975
120971832,4630,D,H,0.42882052867285336,0.24219584763671137,0.32898362369043527
120971833,4630,H,H,0.8811582074970746,0.08275182768996599,0.036089964812959445
120971834,4630,D,A,0.22171715466089625,0.22052130029106706,0.5577615450480367
120971835,4630,H,H,0.6721550696241627,0.21056255914012093,0.11728237123571639
120971836,4630,H,A,0.3453251206581267,0.24294966590657038,0.41172521343530294
121312075,4634,H,H,0.5683300442459452,0.2831846394453771,0.1484853163086777
121312076,4634,A,H,0.41412408130200656,0.2760410791392016,0.3098348395587919
121312078,4634,H,H,0.4573282675441587,0.2755795072286766,0.26709222522716486
121312079,4634,H,H,0.5012418033668293,0.26253176194640443,0.2362264346867663
121409099,4630,A,A,0.3268202449341432,0.29790592047589015,0.3752738345899666
121409100,4630,A,A,0.11674356366833556,0.15830792022680618,0.7249485161048582
121409101,4630,A,D,0.24061506474665062,0.380263661157971,0.3791212740953783
121959719,4634,H,H,0.5659488042008002,0.2561947277140697,0.1778564680851301
121959721,4634,A,D,0.3629084846242664,0.3659077257867466,0.271183789588987
121959722,4634,D,A,0.3208229804842098,0.258869667215789,0.4203073523000012
121959723,4634,H,A,0.29457095510102327,0.2678431479478427,0.43758589695113415
121959725,4675,D,A,0.2482660693064521,0.212477868107644,0.5392560625859039
121959726,4630,A,A,0.16973100891655474,0.14155284804741894,0.6887161430360262
121959728,4630,H,H,0.4525199139011689,0.28699409916225244,0.2604859869365786
121959729,4630,H,H,0.48707770933808625,0.2484590145137955,0.26446327614811826
121959730,4630,H,H,0.4318901913302548,0.30739121168433625,0.26071859698540883
122547982,4634,H,H,0.46740059358183933,0.2964505053194573,0.23614890109870335
122547983,4629,H,H,0.5119084239355842,0.28442202099644603,0.2036695550679697
122547984,4724,A,A,0.2679291966031396,0.2329370731918438,0.49913373020501656
122547985,4675,D,H,0.39995426749389434,0.3135253926775492,0.28652033982855646
122547986,4629,D,A,0.34791201635533897,0.21741673642199963,0.4346712472226613
122547987,4724,A,A,0.12158192057583476,0.24479177993789072,0.6336262994862745
122547988,4629,A,H,0.41912717589150794,0.225623580514973,0.35524924359351906
122547989,4675,H,A,0.15526907848146468,0.2602121817208072,0.5845187397977281
122547990,4724,D,H,0.5461725482990226,0.23714799992642224,0.21667945177455505
122547991,4629,A,H,0.493109998010736,0.26660485520551286,0.24028514678375115
122547992,4629,A,H,0.4557080992142364,0.24872532576993478,0.2955665750158287
122547993,4629,H,H,0.6014840370585772,0.21958201414159356,0.17893394879982913
122547994,4724,A,A,0.31884057812901595,0.3056582571458638,0.37550116472512024
122547995,4629,H,H,0.7055830512570536,0.19294801256062266,0.10146893618232387
122547996,4724,H,H,0.4280427611715347,0.2877155560116501,0.28424168281681517
122547997,4675,A,A,0.13213210188726773,0.16697195540811813,0.7008959427046142
122547998,4724,H,A,0.1720867806951971,0.21360416410593586,0.614309055198867
122547999,4629,A,A,0.2980427647140523,0.2884067343780799,0.4135505009078677
122548000,4675,A,A,0.11756186637226336,0.2409248688765722,0.6415132647511644
122548001,4675,H,H,0.4153046413688895,0.321589708247495,0.26310565038361544
122548002,4675,A,H,0.5461003094420962,0.2859644740953084,0.1679352164625954
122548003,4675,H,H,0.49593705845373054,0.2989522586492753,0.20511068289699413
122548004,4629,H,H,0.6469665230667163,0.2046326224037175,0.1484008545295661
122548005,4724,D,A,0.27098353837904193,0.2968326406762531,0.43218382094470487
122548006,4675,H,H,0.4339895582893061,0.32780100150556496,0.23820944020512902
122548007,4724,A,A,0.3597064970265344,0.27650269962819013,0.36379080334527547
122548008,4724,A,A,0.2643994657087339,0.21147377690471755,0.5241267573865486
122548009,4724,A,A,0.24878471080460865,0.27802009338430067,0.4731951958110907
125353401,4629,H,H,0.447470523410402,0.2225485203006218,0.3299809562889761
125353402,4634,D,H,0.4517540974891836,0.3315084111576255,0.2167374913531909
125353403,4675,A,H,0.4106804283949978,0.3147996376310445,0.27451993397395774
125353404,4629,H,A,0.24002933549915598,0.2402062642727305,0.5197644002281135
125353405,4634,H,H,0.5018477230570803,0.2873210938470764,0.21083118309584345
125353406,4675,D,H,0.7116199553814341,0.1766005319867178,0.11177951263184822
125353407,4629,A,A,0.3367860942060906,0.1802797819905525,0.4829341238033569
125353409,4634,H,H,0.4250654166134028,0.2723884965909374,0.3025460867956597
125353410,4675,D,H,0.5945958841958653,0.2148589343950746,0.19054518140906007
125353411,4629,H,A,0.30507455016501217,0.2571704155806501,0.4377550342543377
125353412,4629,A,A,0.2522622502560895,0.29732594656937766,0.450411803174533
125353413,4629,A,A,0.3401579400214412,0.23011792626351918,0.42972413371503965
125353416,4634,D,H,0.4247732153015499,0.2870318027351401,0.28819498196330995
125353417,4629,A,A,0.18490377040620443,0.21609278482366695,0.5990034447701286
125353425,4629,D,H,0.6826867120077322,0.17239554982561664,0.14491773816665104
125353426,4634,A,A,0.26836264164421786,0.2320721121492233,0.499565246206559
125353427,4675,D,H,0.6477678225908703,0.1727223339665,0.1795098434426297
125353428,4634,H,H,0.5192843941115116,0.25155750384541437,0.22915810204307405
125353429,4634,H,H,0.42593745685368867,0.2934483449233963,0.2806141982229151
125353430,4675,A,H,0.6271771119469547,0.19926772414684463,0.17355516390620065
125353431,4675,A,H,0.45879150493144344,0.3009024019096665,0.24030609315889
125353432,4675,H,H,0.6432693473993691,0.18480746206674814,0.17192319053388277
125353433,4675,H,H,0.7734150736698507,0.1259588636719651,0.10062606265818425
125353434,4634,H,H,0.6398225542858692,0.21719693188449646,0.14298051382963445
125353437,4629,D,H,0.5610780895714576,0.23495365747606153,0.20396825295248083
125353438,4634,A,D,0.3375510064118893,0.35621762689119896,0.30623136669691176
125353439,4675,H,H,0.6299952531179281,0.18550954713035625,0.18449519975171555
125353442,4629,D,H,0.45657579641747525,0.22723785127210502,0.3161863523104198
125353445,4629,H,H,0.45853130647206425,0.2037613522858219,0.337707341242114
125353446,4629,A,A,0.12270723116174506,0.1627365831326526,0.7145561857056022
125353449,4634,A,H,0.35617532203889846,0.31008427205597383,0.33374040590512766
126918030,4630,D,A,0.08102309374508797,0.12730027884344441,0.7916766274114677
126918577,4630,D,H,0.5703260959462816,0.21430134227428532,0.21537256177943304
126918579,4630,H,H,0.7226233087456132,0.20028459286666447,0.07709209838772228
126918589,4630,H,H,0.5917935386396561,0.24779513945323806,0.16041132190710583
126919011,4630,D,H,0.5005713199315497,0.22082966603693394,0.2785990140315164
126919603,4630,H,H,0.4892143235748141,0.2880889061584672,0.22269677026671864
126919771,4630,D,H,0.445092568659013,0.23134399918252813,0.32356343215845884
126982275,4630,A,A,0.08746541800738128,0.15252070779626647,0.7600138741963524
126982279,4630,A,A,0.17794004892604018,0.20363174140845228,0.6184282096655075
126982285,4630,H,H,0.49991602568313204,0.17595108841424242,0.3241328859026256
127483019,4724,H,H,0.5678775283419502,0.28311622958361055,0.14900624207443927
127483023,4724,H,H,0.6806723014706672,0.19194750949956874,0.1273801890297642
127483024,4724,D,H,0.49391835294567343,0.2726935877028162,0.23338805935151025
127483196,4724,D,A,0.3641204667759881,0.21059579212822724,0.4252837410957848
127483197,4724,H,H,0.4817029340615736,0.26895360455329886,0.2493434613851275
127591072,4724,D,H,0.6578761068719501,0.19935029175013036,0.1427736013779195
127591808,4724,H,H,0.6377474584520915,0.2251071273090103,0.13714541423889823
127591809,4724,D,H,0.6278926984203769,0.18847389751933818,0.1836334040602849
127591901,4724,H,H,0.6159003535775149,0.2353008695588346,0.1487987768636504
127663287,4724,H,H,0.4363609232502516,0.2836534447244899,0.2799856320252584
128293508,4634,H,H,0.5247637879875967,0.30742405596203815,0.16781215605036515
128293509,4634,A,H,0.5127278425341184,0.33430129061669556,0.15297086684918598
128293510,4675,D,A,0.3130407321963567,0.3395227173675527,0.3474365504360906
128293511,4634,A,H,0.4179664544891348,0.3177835931272689,0.2642499523835962
128293512,4675,A,A,0.15756425676761504,0.20786780771196045,0.6345679355204246
128293513,4634,H,H,0.42616142764503134,0.3250821617820385,0.24875641057293008
128293514,4675,A,H,0.3928365324206401,0.32452999128940624,0.2826334762899536
128293515,4634,A,A,0.3149182539641989,0.3138708661835539,0.3712108798522471
128293516,4634,A,A,0.3044945848143768,0.2730809430325348,0.42242447215308854
128293517,4675,D,H,0.4791576087740354,0.3047740322602321,0.21606835896573254
128293518,4634,H,A,0.30544040827584307,0.2974383881777243,0.39712120354643266
128293519,4634,H,H,0.7900977727151832,0.1580679651532343,0.05183426213158255
128293520,4675,H,A,0.30423338625000146,0.19617255653138377,0.4995940572186149
128293521,4675,D,H,0.459251030608742,0.3043815130607531,0.23636745633050485
128293522,4675,H,H,0.5904121470895198,0.2954664085928733,0.11412144431760697
128293523,4675,H,H,0.6042123756647181,0.22182381995971456,0.1739638043755674
128293524,4634,H,H,0.6874141114379865,0.16849264532264613,0.1440932432393673
128293525,4634,A,H,0.3707890966242147,0.26559600000780326,0.3636149033679821
128293526,4675,D,A,0.10769077688827706,0.2354241326247018,0.656885090487021
128991725,4724,D,H,0.37026331572450666,0.28813984837811346,0.3415968358973798
128991727,4724,H,A,0.07814558232157363,0.18922730936519633,0.73262710831323
129366678,4724,D,H,0.5977281284143485,0.2481466895330088,0.15412518205264272
129366679,4724,D,D,0.30567479309439377,0.3745899865705267,0.31973522033507945
129366680,4724,D,D,0.26564801601109844,0.3938335031144675,0.34051848087443404
129366683,4724,H,A,0.25312967175538287,0.2356791642267062,0.511191164017911
129366684,4724,A,A,0.14776378580336388,0.27174122175483867,0.5804949924417974
129366685,4724,D,A,0.27869905712457943,0.22537585344595096,0.49592508942946967
129529400,4724,A,A,0.3117363364103173,0.2541390880253435,0.4341245755643392
129540182,4629,A,H,0.44811165836520994,0.2843370011579027,0.26755134047688744
129540348,4630,D,A,0.28826279240333896,0.3268931489607174,0.3848440586359436
129540352,4629,H,H,0.6671902786869268,0.19870713967702805,0.13410258163604516
129583808,4629,A,H,0.5804991760943687,0.23209653070925423,0.18740429319637691
129583809,4630,H,H,0.4057336261932228,0.28953128327950695,0.30473509052727027
129583810,4724,D,A,0.1872020246427449,0.20593192560077891,0.6068660497564762
129583816,4630,H,H,0.7728415761876106,0.09910382808541866,0.12805459572697075
129583818,4630,H,H,0.7399941733606195,0.13689709429073885,0.12310873234864163
129583819,4630,H,H,0.4666072596209586,0.1884906939078461,0.34490204647119527
129583820,4629,D,H,0.5458304390056957,0.2516827752621428,0.20248678573216158
129583821,4629,A,A,0.2205540675209074,0.22084701707984383,0.5585989153992488
129583823,4630,H,H,0.8242352906250727,0.10453557438930916,0.07122913498561824
129583824,4629,H,H,0.7406943894886113,0.16197506889195584,0.09733054161943282
129583826,4630,A,A,0.21674229626700917,0.32681569637415464,0.4564420073588361
129583827,4630,A,A,0.27040424935637264,0.22846349949064673,0.5011322511529805
129583828,4630,D,H,0.4412226306727861,0.20842293258773667,0.35035443673947725
129583829,4629,H,H,0.3637585050313654,0.30273454684018913,0.33350694812844545
129583830,4630,H,H,0.7091886663124786,0.1519384296902421,0.13887290399727933
130052640,4724,D,A,0.37476778472501204,0.24789324569490517,0.37733896958008273
131508731,4630,D,A,0.13573808105738627,0.14361727959860696,0.7206446393440068
131508732,4629,A,A,0.2983279531274568,0.24716739103040775,0.4545046558421354
131508733,4629,A,A,0.2585173468488917,0.23544667836317112,0.5060359747879373
131508734,4629,A,A,0.28227768921377955,0.26282619943669044,0.45489611134953
131508735,4629,D,A,0.3383651927760534,0.2391409418996981,0.4224938653242484
131508736,4629,H,H,0.5219733241436066,0.2747229926782035,0.20330368317818986
131508737,4629,A,H,0.6187641759195635,0.2239166617062897,0.15731916237414675
131508738,4634,H,H,0.5628157821693393,0.31226926452227655,0.12491495330838423
131508739,4675,A,A,0.16447254772493722,0.16888980099039394,0.6666376512846688
131508740,4675,H,H,0.7932424666932011,0.13737984138004652,0.06937769192675239
131508741,4630,A,A,0.13482745992244405,0.1670105407884275,0.6981619992891284
131508742,4675,A,H,0.4362742758121393,0.32174844985097584,0.24197727433688482
131508747,4675,H,H,0.39225313297823455,0.22374614133662124,0.38400072568514415
131508748,4630,A,A,0.27355524798730685,0.25299086719409614,0.4734538848185972
131508749,4630,A,A,0.2529160419510817,0.35265201703434845,0.39443194101456996
131508750,4630,H,H,0.48642330615503304,0.31088244258869696,0.20269425125627005
131508751,4630,H,H,0.5756006502593548,0.23577172138352195,0.1886276283571233
131508752,4630,D,H,0.544838417046094,0.19286331284914313,0.26229827010476275
131508753,4630,H,H,0.7247127699789432,0.19182529644330498,0.08346193357775172
131508754,4630,A,H,0.5531120130869717,0.2516745547551989,0.19521343215782938
131508755,4675,H,H,0.5488566744595291,0.2480490275560613,0.20309429798440948
131508756,4675,D,H,0.44722115928458145,0.20248321633949107,0.3502956243759275
131508757,4675,D,H,0.4634824729692991,0.29833780407541105,0.2381797229552897
131508758,4675,D,H,0.8170121662242149,0.12057095148101134,0.062416882294773886
131508759,4630,A,A,0.16466670527427862,0.15202907011064454,0.6833042246150769
131508760,4629,D,H,0.4982035071149188,0.23512125093692324,0.2666752419481579
131508761,4629,H,H,0.6060170861782036,0.20852556717170082,0.18545734665009556
131508762,4675,A,A,0.2667515211824641,0.20825191498189607,0.5249965638356398
131508763,4634,H,H,0.6226227778375439,0.24603278820541336,0.13134443395704276
131508764,4629,H,H,0.6377317453447996,0.21950679023002248,0.14276146442517781
131577481,4634,D,H,0.41052359099819474,0.30407242536253243,0.2854039836392729
131577521,4634,H,H,0.5007656623214518,0.2549028908347865,0.2443314468437617
131577522,4634,H,H,0.34796634411099203,0.31850520806749555,0.3335284478215125
131577523,4634,D,H,0.5305650593030627,0.26260507826748347,0.20682986242945386
131577524,4634,A,A,0.12074280458329584,0.19110465635537108,0.6881525390613331
131577525,4634,H,H,0.46775679660735553,0.2966505244004361,0.23559267899220843
131577526,4634,H,H,0.5522090184890135,0.22003733661015587,0.22775364490083058
131577527,4634,D,H,0.37634482177085815,0.28469998985448774,0.33895518837465405
131856554,4724,H,H,0.6300904609781279,0.22719436172374002,0.14271517729813205
131856555,4724,D,H,0.7373150055069407,0.18578591779316775,0.07689907669989152
131856556,4724,A,A,0.3510672887132079,0.27646828268422563,0.3724644286025665
131856557,4724,H,H,0.6234389914487323,0.24267454936586272,0.133886459185405
131856558,4724,A,H,0.4902641096777047,0.20737632158608496,0.30235956873621034
131856559,4724,A,A,0.14827352879164393,0.1785712281963404,0.6731552430120156
131856560,4724,H,H,0.5060569988240363,0.27660289279073924,0.21734010838522438
131924021,4724,H,H,0.6348508676578284,0.1861590740096345,0.1789900583325371
132162271,4724,A,H,0.5571430433879068,0.2429071882010777,0.19994976841101547
132162272,4724,H,H,0.4079653815889225,0.27650393773683973,0.3155306806742378
134704448,4634,H,H,0.6202752582478231,0.1999736228785034,0.1797511188736735
134704449,4634,A,A,0.1480421000061873,0.2892313289799359,0.5627265710138768
134704450,4634,D,A,0.33763252230894425,0.3078913527998638,0.354476124891192
134704453,4634,A,A,0.30817835914225444,0.23360977896055923,0.45821186189718627
134704454,4634,H,H,0.36973213511210073,0.2783147614957268,0.3519531033921725
134704455,4629,H,A,0.32375142031379056,0.21857832850290812,0.45767025118330135
134704456,4629,A,A,0.3856799935825652,0.1992883528662737,0.4150316535511612
134704457,4630,H,A,0.2982264029248075,0.2587179684542183,0.44305562862097425
134704458,4630,A,A,0.35221088150445296,0.24421329452898133,0.4035758239665658
134704459,4634,H,H,0.5833327162831579,0.28281870661154673,0.1338485771052954
134704460,4634,A,H,0.5241796635985358,0.26661003440227193,0.20921030199919227
134704461,4634,A,H,0.5089658432214141,0.29908671221190014,0.1919474445666857
134704462,4634,H,H,0.7624367384038877,0.1813724405077823,0.05619082108832998
134704463,4630,A,A,0.11556153184711894,0.18069552155643004,0.7037429465964509
134704464,4634,D,H,0.34947599667813306,0.3378984095786005,0.3126255937432665
136824980,4724,D,H,0.3983594449594808,0.2088733891011551,0.39276716593936417
136868005,4675,D,A,0.24555929389015455,0.24604429604742187,0.5083964100624235
136868007,4675,A,H,0.3856902699631203,0.33865510247262504,0.27565462756425463
136868010,4675,H,A,0.13538839749620174,0.18617744383806573,0.6784341586657326
136868012,4675,H,H,0.4630043072364489,0.30697157002877073,0.23002412273478032
136868014,4675,H,H,0.722889076991994,0.18259791038569811,0.09451301262230778
136868016,4675,H,H,0.4414726730416335,0.3358233596841811,0.22270396727418543
136868081,4675,H,H,0.7566030678567358,0.18974590116707737,0.05365103097618672
136868083,4675,H,H,0.37245708669705774,0.34729846574149154,0.2802444475614508
136868084,4675,H,H,0.8850275444183825,0.06829555891995338,0.04667689666166416
136868842,4724,A,H,0.3788424752661648,0.2452940068577618,0.37586351787607336
136869072,4724,H,A,0.2369004262672406,0.20422863613406633,0.558870937598693
136924774,4724,H,H,0.5096387503325953,0.2728627572269126,0.21749849244049205
136924775,4724,D,H,0.6343275093284331,0.21032629130233,0.15534619936923694
137015131,4724,D,H,0.531642764382313,0.2713080237468486,0.19704921187083851
137015132,4724,A,H,0.36052790525000417,0.34497912710218354,0.2944929676478124
137015133,4724,A,D,0.33068880517508986,0.3434227987763351,0.3258883960485751
137425983,4630,H,H,0.7489494182550901,0.15887506575667992,0.09217551598823008
137425984,4630,A,A,0.31701503027628847,0.21951620876692698,0.4634687609567846
137425985,4630,A,H,0.4890367324442456,0.276558426472041,0.23440484108371332
137425986,4630,A,A,0.3382379976863046,0.24942656240733146,0.412335439906364
137425987,4630,H,H,0.6448219140121644,0.1577995048545233,0.19737858113331225
137425988,4630,H,H,0.44983731172641744,0.22077042272054775,0.32939226555303475
137425989,4630,H,H,0.859036204030687,0.08170987780489977,0.059253918164413145
137425991,4630,A,A,0.2294877653070017,0.3009011922417244,0.4696110424512739
137425992,4630,H,H,0.897867847014073,0.06581286138256119,0.036319291603365764
137425993,4630,A,A,0.16276343238321747,0.22511953482248204,0.6121170327943005
137426233,4634,H,H,0.4701103723634138,0.2857830835475063,0.24410654408907984
137426234,4634,A,H,0.6917944799467581,0.1938869058294394,0.11431861422380245
137426235,4634,H,H,0.5226864542403228,0.2970784081374705,0.1802351376222068
137426236,4634,A,H,0.34903806799077886,0.3129325446558887,0.3380293873533325
137426237,4634,D,H,0.45074407562607566,0.27616766474077487,0.2730882596331495
137426238,4634,H,H,0.38442738373842217,0.35083374444520743,0.2647388718163704
137426239,4634,D,H,0.4824669365649685,0.3099984650017936,0.20753459843323777
137426240,4634,A,A,0.28105775936015526,0.3223523171266966,0.3965899235131481
137426241,4634,A,A,0.269135890873921,0.27261565399570775,0.4582484551303714
137426242,4634,D,A,0.13849161179801373,0.16753268044665023,0.693975707755336
137426298,4629,A,A,0.3340061097013083,0.2171043324532967,0.4488895578453951
137426299,4629,H,H,0.40083791188717804,0.30185277323155685,0.297309314881265
137426301,4629,H,H,0.7118461904573762,0.17298592315302275,0.11516788638960117
137426302,4629,D,H,0.49568794388070364,0.23634163406188533,0.26797042205741106
137426303,4629,H,H,0.5016140755069852,0.26767863989619256,0.23070728459682227
137426304,4629,H,A,0.3254871654395796,0.26338304932928525,0.4111297852311351
137426305,4629,D,H,0.5802261744483607,0.2287182389717221,0.1910555865799172
137426306,4629,A,A,0.2801877537022022,0.21409342006772716,0.5057188262300707
137426307,4629,A,A,0.18414934465572802,0.17455974002282043,0.6412909153214517
137483653,4724,D,H,0.4485314802375189,0.21820453526849404,0.33326398449398703
137483654,4724,A,A,0.26021807839792466,0.3240405678772763,0.4157413537247989
139241035,4634,H,H,0.37349247561057386,0.3634644503173217,0.2630430740721045
139241036,4634,D,H,0.5338105915506498,0.21178955688196424,0.2543998515673859
139241037,4634,A,H,0.41895755563993176,0.31896149147613995,0.2620809528839283
139241038,4634,H,H,0.639972314252114,0.25532155120514466,0.10470613454274143
139241039,4634,D,D,0.3528673631409335,0.35737949199876573,0.28975314486030085
139241041,4634,A,H,0.4195181755869315,0.24570729563885368,0.3347745287742149
139241042,4634,A,H,0.4385456438862775,0.2917308121482298,0.26972354396549275
139241043,4634,A,A,0.2123528862921331,0.27052252900926355,0.5171245846986035
139241045,4634,D,H,0.745850627260701,0.15742220307315385,0.09672716966614514
139241046,4634,D,H,0.350640698470672,0.3400682440026789,0.3092910575266491
139737616,4724,H,H,0.5672380669795875,0.24098547900368333,0.1917764540167292
139737617,4724,A,A,0.21435773825912294,0.30672805072353415,0.4789142110173429
139737618,4724,H,A,0.18880328834287907,0.24700536902170905,0.5641913426354118
139737620,4724,A,H,0.4503096671997499,0.3276866941105963,0.22200363868965375
139737621,4724,H,A,0.2677189079558071,0.23545279372777805,0.49682829831641484
139737622,4724,D,A,0.17425219024434177,0.16289865790536892,0.6628491518502894
139737624,4724,H,H,0.5610943046513978,0.2612718426568438,0.1776338526917584
139737625,4724,D,H,0.6270936127771133,0.21710161421500504,0.15580477300788165
139737626,4724,D,H,0.7788348604039826,0.14901915833093346,0.07214598126508395
139737627,4724,D,H,0.6379786748597093,0.20238153724141827,0.15963978789887245
