fixture_id,season_id,y_true,y_pred,p_home,p_draw,p_away
9922008,2745,A,H,0.42547891782601116,0.23359098031522924,0.3409301018587596
9922032,2747,A,A,0.3578332763849022,0.27809252041624677,0.36407420319885103
9922033,2748,H,H,0.5556647175225916,0.204137259685478,0.24019802279193045
9971689,2747,D,A,0.23521632103959195,0.2671082987671945,0.4976753801932136
9971877,2745,H,H,0.5019843494665263,0.1999230028853333,0.2980926476481405
9971878,2745,H,H,0.4847847029588807,0.2002793820504666,0.31493591499065265
9971879,2745,D,H,0.44866142660183234,0.19651350076760177,0.354825072630566
9971880,2745,A,H,0.3509070423109615,0.32309759486928347,0.32599536281975505
9971881,2745,A,A,0.37958051836788664,0.2337274286802082,0.3866920529519051
9972251,2748,A,A,0.3036982777243688,0.26114032797885345,0.43516139429677775
9972432,2747,A,A,0.21593695642805583,0.24189095719403897,0.5421720863779053
9972438,2745,H,A,0.34544715067817916,0.2926441928941234,0.36190865642769754
9972548,2748,A,A,0.30908176673067983,0.26442319865281855,0.42649503461650157
9974057,2747,H,A,0.3488395316451067,0.16072886399812367,0.4904316043567697
9974058,2747,H,H,0.4061217413866456,0.26308472979893155,0.3307935288144229
9974059,2747,H,H,0.41808267194127646,0.26620018615080726,0.3157171419079163
9974060,2747,H,H,0.5875681620212428,0.1837507558442656,0.22868108213449156
10138577,2748,D,A,0.33807025128794266,0.17443418034523203,0.4874955683668252
10138725,2747,D,A,0.3091549965293487,0.25900035800955645,0.43184464546109486
10138726,2747,A,H,0.37549152121515766,0.25117359649146265,0.37333488229337974
10138727,2748,H,H,0.4380411788345104,0.2484234730351801,0.3135353481303095
10138728,2748,D,H,0.41317730226217514,0.2563808613737589,0.33044183636406593
10138729,2748,H,A,0.23651429670012347,0.3195570391998705,0.44392866410000603
10138730,2748,H,H,0.4708424707980321,0.21802016135821006,0.31113736784375784
10138848,2745,D,H,0.4880580526831379,0.2040196200892192,0.307922327227643
10138967,2748,A,H,0.5111913443983093,0.23365148076689687,0.25515717483479383
10138975,2747,A,A,0.2561953030942527,0.13702841211434563,0.6067762847914017
10138976,2745,H,H,0.5126779007476093,0.1901458107855847,0.29717628846680594
10139097,2748,H,H,0.5264882776224298,0.25220313428863456,0.2213085880889357
10378209,2745,A,H,0.4027981339064926,0.2504634979975593,0.346738368095948
10378240,2748,D,H,0.3998817053534409,0.240934110123656,0.35918418452290307
10378242,2858,H,H,0.385234889839959,0.3454822937415118,0.2692828164185292
10439662,2747,H,H,0.4769470279499307,0.20796853402304583,0.3150844380270235
10439949,2745,A,H,0.564109826605667,0.2789140779068882,0.15697609548744484
10439950,2745,D,H,0.45776066452852504,0.21002560072994617,0.33221373474152877
10439951,2745,H,A,0.29529231647748855,0.2764701404998196,0.42823754302269185
10439952,2745,D,H,0.4495567243021957,0.2932559890180792,0.257187286679725
10439953,2745,D,A,0.31825129746988395,0.2775608903025435,0.40418781222757255
10440255,2747,H,H,0.5437854561814639,0.21423341543141405,0.241981128387122
10440259,2747,D,H,0.41189191863526686,0.18493869695911858,0.40316938440561456
10440260,2747,H,H,0.5844840489910345,0.1739059205032015,0.24161003050576405
10440263,2747,D,A,0.24489632114305915,0.2339402187182945,0.5211634601386462
10440264,2747,D,A,0.35823576198863033,0.26881766169046134,0.37294657632090833
10440616,2858,D,H,0.4293521379141506,0.344630865047999,0.22601699703785028
10440620,2748,D,H,0.46021477630868096,0.21876650744388898,0.32101871624742995
10440768,2747,H,H,0.5218723714981168,0.17280736979333094,0.3053202587085523
10440771,2745,D,A,0.19479541873262812,0.28089716328220693,0.524307417985165
10440772,2894,H,H,0.5103522647538963,0.1351320053306971,0.3545157299154067
10440773,2894,A,A,0.2330151557435788,0.1397653470966873,0.627219497159734
10440800,2858,A,D,0.3338231274788032,0.3387285546272896,0.3274483178939071
10440868,2894,A,A,0.2597015726228363,0.16097877354584186,0.5793196538313218
10440869,2894,A,A,0.33392860099448074,0.17941763275981587,0.48665376624570345
10440882,2858,D,H,0.47070103545626446,0.25797640132623184,0.27132256321750364
10440883,2748,H,H,0.7326281472612644,0.13395898628139719,0.13341286645733835
10634172,2748,H,A,0.09748391227021769,0.2175291776202591,0.6849869101095232
10634400,2747,H,H,0.4269302914513575,0.1682396458122038,0.40483006273643873
10634449,2745,D,H,0.42500679662276025,0.30697402127538076,0.26801918210185893
10634600,2748,D,A,0.3168787211468985,0.32278975875637167,0.3603315200967299
10634611,2747,D,H,0.4564155277044055,0.2370770716224487,0.3065074006731458
10634612,2745,H,H,0.6847270311919963,0.11890514925862056,0.19636781954938323
10634617,2858,A,H,0.45135386669604655,0.33097499512316014,0.21767113818079337
10634684,2894,H,H,0.501083005861967,0.24068519668813781,0.25823179744989516
10634685,2894,H,H,0.3903296634140983,0.29995523444489575,0.30971510214100595
10634711,2858,H,D,0.39085646221420145,0.39190932254600314,0.21723421523979536
10634749,2748,D,A,0.2139042670273484,0.2081025660229829,0.5779931669496686
10634750,2894,A,A,0.24667135705409582,0.22914973218416726,0.5241789107617368
10634751,2894,H,H,0.41830000616754465,0.2894095896761644,0.2922904041562909
10634791,2858,A,A,0.3678487958017014,0.17758055847247745,0.4545706457258211
10642678,2748,D,A,0.2923358504243834,0.19943275893709383,0.5082313906385229
10642679,2748,D,A,0.3016910377256918,0.14803561876762603,0.5502733435066822
10642680,2748,A,H,0.44660550312743125,0.18011820495063025,0.37327629192193856
10642681,2748,A,A,0.390594507763481,0.2186754060390828,0.3907300861974362
10764549,2858,D,H,0.6175009391891246,0.25745347102659977,0.1250455897842756
10764579,2894,A,A,0.30396796182796565,0.23623913649119552,0.4597929016808388
10764605,2858,A,D,0.3653702605210773,0.3980339363476492,0.23659580313127349
10764622,2894,H,A,0.39581023027174245,0.1846034499289664,0.4195863197992913
10764641,2747,D,H,0.47949147741517,0.22068383093685762,0.29982469164797243
10764647,2858,H,H,0.5047302556710445,0.26698096964701123,0.22828877468194433
10918319,2858,A,H,0.38521979938157513,0.242260209438677,0.37251999117974793
10918351,2745,H,H,0.5538273463069835,0.2719909631545833,0.17418169053843324
10918384,2748,H,H,0.5052429174872229,0.213745196323275,0.28101188618950207
10918398,2858,D,H,0.5751997317713252,0.275867882193242,0.14893238603543288
10986778,2747,H,H,0.4541753875864159,0.4191199558150469,0.12670465659853727
10987115,2745,A,H,0.6021754401420755,0.18812055673541475,0.20970400312250978
10987116,2745,A,H,0.5603858768426483,0.17450407965471626,0.2651100435026354
10987117,2745,D,H,0.6725383602538288,0.13666113005815714,0.19080050968801404
10987118,2745,A,A,0.13364491376898216,0.3620470632996414,0.5043080229313763
10987119,2745,A,A,0.21685382466093533,0.1785729362465129,0.6045732390925517
10987292,2747,H,A,0.26784675143904874,0.3445477942970299,0.38760545426392135
10987294,2747,D,H,0.5239440652614048,0.23584748527137703,0.24020844946721817
10987296,2747,H,A,0.2819384915797969,0.23199854405918738,0.48606296436101565
10987303,2747,A,H,0.4066740890281906,0.3957031178809165,0.19762279309089284
10987773,2748,A,A,0.3518678885698857,0.15796891294055132,0.49016319848956286
10987824,2858,H,H,0.4096633460664964,0.3220787863593879,0.2682578675741156
10987928,2747,A,A,0.09547346512417368,0.1196620540431971,0.784864480832629
10987937,2745,H,A,0.2533424934107693,0.17118394443743187,0.5754735621517988
10987938,2894,D,H,0.3387306556206743,0.3384253964864683,0.3228439478928574
10987939,2894,D,A,0.38185949876386205,0.14959560827595653,0.46854489296018137
10987982,2858,A,D,0.29151049979610283,0.37738266763632794,0.3311068325675691
10988041,2894,H,H,0.6332598202914922,0.1984650514774942,0.16827512823101362
10988042,2894,H,H,0.4122018253373549,0.2610193268438055,0.32677884781883965
10988056,2748,H,H,0.45132514382819544,0.3175534200871984,0.23112143608460606
10988068,2858,A,H,0.3570859914046773,0.29613541348514233,0.3467785951101804
11220685,2748,D,A,0.28087846935999944,0.29606919936905624,0.42305233127094427
11220885,2747,H,A,0.16269395917423835,0.31397903752551626,0.5233270033002453
11220887,2747,A,A,0.2414225444064844,0.18802324675139032,0.5705542088421254
11221051,2748,A,A,0.382326713503087,0.2161405122792754,0.4015327742176376
11221052,2748,H,A,0.21989290056772645,0.2749049466595102,0.5052021527727633
11221053,2748,A,D,0.19640983137534643,0.4866602470281178,0.3169299215965359
11221054,2748,D,A,0.3126944538000952,0.21447559974770244,0.4728299464522024
11221105,2745,D,A,0.11262003856237081,0.24372662468999284,0.6436533367476364
11221287,2748,H,H,0.7974239382811331,0.10581711756776996,0.09675894415109684
11221310,2747,D,A,0.1437721462792859,0.07889646889254114,0.7773313848281729
11221325,2858,H,H,0.48881468344141954,0.35010178766001704,0.1610835288985635
11221327,2745,A,A,0.050555561543460664,0.13629793727212305,0.8131465011844163
11221363,2894,D,H,0.3729763295036277,0.2554086916109459,0.37161497888542644
11221364,2894,H,H,0.6236750681511583,0.1782399040066709,0.19808502784217083
11221390,2858,A,H,0.4566196879291446,0.2728520648248036,0.27052824724605173
11221428,2748,A,A,0.1005556278763929,0.20954619410775696,0.6898981780158501
11221429,2894,D,H,0.39890263548392524,0.2926628116282114,0.3084345528878633
11221430,2894,D,H,0.42144035200462104,0.2555901702445992,0.3229694777507797
11221461,2858,A,H,0.44351631284159027,0.2948348688327619,0.2616488183256478
11365130,2894,H,H,0.5077130565430392,0.3223277302041754,0.1699592132527854
11365158,2858,D,H,0.3628166376154926,0.34779586217131986,0.2893875002131876
11365171,2894,D,A,0.24711290397048766,0.22658536089743403,0.5263017351320783
11365180,2747,H,A,0.18296428704446077,0.2882273468237948,0.5288083661317443
11365187,2858,H,H,0.42793919470342684,0.28643185420403083,0.2856289510925424
11554760,2894,A,A,0.28283631010780963,0.25576271011364654,0.46140097977854383
11554915,2858,A,H,0.38981026110306843,0.32527875834178127,0.28491098055515024
11554953,2745,H,H,0.7023740136221848,0.19867584713940503,0.09895013923841008
11554972,2894,H,A,0.12848885301624866,0.15369594014818427,0.7178152068355671
11554979,2748,A,A,0.2284244868819182,0.2156366012992343,0.5559389118188476
11554984,2858,H,H,0.4860220029151489,0.2332275467901827,0.2807504502946683
11621757,2747,A,D,0.32352169573488115,0.3673697213276661,0.3091085829374527
11622089,2745,H,H,0.6143706341912132,0.2262731862138131,0.15935617959497367
11622091,2745,A,H,0.4036298028148363,0.2682033240424416,0.32816687314272214
11622092,2745,H,H,0.6288895364627837,0.2822282982641085,0.08888216527310785
11622093,2745,A,H,0.4546178326146265,0.256376662152754,0.28900550523261953
11622094,2745,A,A,0.1877858368652468,0.3009195621450819,0.5112946009896714
11622254,2747,D,H,0.3929353503210331,0.31509997221310126,0.2919646774658656
11622257,2747,H,H,0.5621626024127766,0.18350326209883902,0.25433413548838435
11622259,2747,H,H,0.6649879825778732,0.169120956393477,0.16589106102864984
11622262,2747,H,H,0.7950332948098772,0.14995647247605975,0.055010232714063065
11622265,2747,H,H,0.792828134636717,0.12628017205868236,0.0808916933046007
11622825,2748,H,A,0.3569760941642494,0.2619313748362109,0.3810925309995396
11622880,2858,A,A,0.22828408376361187,0.2891338032934442,0.48258211294294384
11623041,2747,H,H,0.603063469250764,0.22226009547846137,0.17467643527077453
11623048,2745,D,H,0.8086522823606157,0.13236224644539507,0.05898547119398934
11623050,2894,A,A,0.22545075856383112,0.24429644119257418,0.5302528002435947
11623051,2894,D,A,0.17164186879146387,0.13931477157438968,0.6890433596341463
11623119,2858,A,D,0.2890289380387086,0.40398913176953233,0.30698193019175907
11623198,2894,H,H,0.6929472385154605,0.20668330182106306,0.10036945966347652
11623199,2894,D,A,0.12293847735374765,0.31336636579986005,0.5636951568463924
11623217,2748,H,A,0.3497284380842617,0.2358753453349833,0.414396216580755
11623237,2858,H,A,0.18670131248504038,0.21673698808834416,0.5965616994266155
11865684,2748,H,H,0.45018121031238456,0.21142357823293229,0.33839521145468326
11865919,2747,A,H,0.4906018845609423,0.21589668335827883,0.29350143208077895
11865927,2747,D,A,0.37701042979655347,0.23266522680560422,0.3903243433978424
11866105,2748,H,H,0.571125507166435,0.21188398160252264,0.21699051123104232
11866108,2748,A,A,0.40907295523036397,0.16130753709443818,0.4296195076751978
11866110,2748,A,H,0.44983376219324667,0.29749803126837915,0.2526682065383742
11866111,2748,H,D,0.2893264990996844,0.3573352867481419,0.3533382141521737
11866172,2745,D,H,0.5643431596409312,0.21214257648679075,0.22351426387227807
11866416,2748,D,A,0.19758879452889244,0.2841683015030187,0.5182429039680889
11866432,2747,A,A,0.1939485429678957,0.17382130960368194,0.6322301474284223
11866446,2858,D,A,0.3027583635906388,0.2620101356253555,0.4352315007840057
11866448,2745,A,D,0.38617991366763005,0.4258822239235663,0.18793786240880375
11866493,2894,A,D,0.23822456028129826,0.4496787154098553,0.31209672430884644
11866495,2894,H,H,0.4410419438823776,0.2572722116855167,0.3016858444321057
11866536,2858,H,H,0.7490008167813091,0.173397263381484,0.07760191983720692
11866579,2748,D,H,0.7608861036496563,0.16162748521360668,0.07748641113673704
11866580,2894,D,A,0.2625230404207465,0.22598017352870844,0.5114967860505452
11866581,2894,D,H,0.4114284928694732,0.1791094908064694,0.40946201632405743
11866617,2858,A,A,0.16717207526214056,0.2637672698488711,0.5690606548889883
12040442,2858,A,A,0.19728541963875434,0.264716626434531,0.5379979539267148
12040459,2858,A,D,0.34291041579028775,0.3631748488089599,0.2939147354007524
12067050,2894,D,A,0.20707012411109116,0.35878411068560984,0.43414576520329906
12067114,2747,H,A,0.2654140158029213,0.33363969790616854,0.40094628629091017
12067115,2747,D,A,0.24225274582809067,0.3099996507902039,0.44774760338170533
12067131,2894,H,H,0.8948814676857377,0.046729889637108994,0.05838864267715324
12067134,2894,H,H,0.6613508608073853,0.24001255904307603,0.09863658014953876
12067167,2747,H,A,0.3115847171608638,0.26556327495298576,0.4228520078861505
12067206,2747,D,A,0.3155748019001735,0.28752137155183094,0.39690382654799544
12111770,2894,D,H,0.5858998947589034,0.19095956450313176,0.22314054073796497
12111771,2894,D,A,0.2632405011435759,0.25388935089943304,0.482870147956991
12111772,2894,H,A,0.2374945992146671,0.24205051142052242,0.5204548893648105
12111804,2748,A,A,0.3274105736967802,0.25414644557744104,0.4184429807257788
12111805,2748,A,A,0.2808467623177056,0.27566511804056837,0.443488119641726
12111806,2748,H,H,0.48984732265564473,0.29452117988815596,0.2156314974561993
12111807,2748,H,H,0.8271512071667216,0.09734161676652629,0.07550717606675213
12111808,2748,D,A,0.2995986898105316,0.2255363400369355,0.4748649701525328
12111897,2747,D,A,0.14455743911090965,0.24362578575082136,0.611816775138269
12111899,2747,H,H,0.7172539327731862,0.17805766288369582,0.104688404343118
12111900,2747,H,H,0.9155222867971697,0.04816673678104809,0.03631097642178222
12111908,2894,H,H,0.7776887068927245,0.14433191711633134,0.07797937599094419
12111909,2894,D,H,0.8482493542003701,0.08501579258977676,0.06673485320985317
12111923,2747,D,A,0.24826016383667415,0.2433215156855727,0.5084183204777531
12111950,2747,H,H,0.6179724785733596,0.1871035994080793,0.19492392201856115
12111953,2748,A,D,0.31805092159390774,0.34281305474474,0.3391360236613523
12111954,2748,H,H,0.6364904596820901,0.215141007256635,0.14836853306127498
12111955,2748,H,H,0.5164285186963179,0.25803386525185135,0.2255376160518308
12111956,2748,H,H,0.5560821460172649,0.24150803930940898,0.2024098146733262
12111957,2748,A,A,0.04209637378111503,0.09666352996489783,0.8612400962539871
12167538,2894,H,H,0.5159918668458522,0.22833873499568919,0.2556693981584587
12167539,2894,D,A,0.3441055188264086,0.1561174261184282,0.4997770550551632
12167544,2747,A,H,0.4426504992597813,0.3171181686095432,0.24023133213067543
12192935,2745,H,H,0.5352511883633481,0.24033694547225692,0.22441186616439504
12192970,2858,H,H,0.5999430938303774,0.3034722839752836,0.09658462219433905
12269095,2747,D,A,0.08471203097431439,0.10811169800957515,0.8071762710161106
12269227,2858,D,H,0.47125958820930414,0.2910751174733324,0.23766529431736355
12269282,2894,D,H,0.5208988860398429,0.206644171138947,0.2724569428212102
12269475,2745,A,A,0.4035365762538036,0.16965170832230936,0.4268117154238871
12269476,2745,D,A,0.060301308911343936,0.1153732913172215,0.8243253997714345
12269478,2745,A,A,0.2944436707107346,0.13335382077121177,0.5722025085180537
12269479,2745,A,A,0.24924201429040038,0.34933907348148663,0.40141891222811305
12269480,2745,D,H,0.7334385203925382,0.1573273566434303,0.1092341229640315
12269927,2747,H,H,0.43330881801464616,0.2586610165234841,0.3080301654618698
12269931,2747,D,H,0.4100686323532259,0.29950779293733804,0.290423574709436
12269934,2747,A,H,0.41770310944367517,0.4094828710495203,0.17281401950680453
12269938,2747,H,H,0.6331116150993364,0.20806495547890116,0.15882342942176236
12269942,2747,H,H,0.5175825165258028,0.22590659129753665,0.2565108921766605
12270120,2858,H,H,0.8106410426951314,0.13455038458890328,0.05480857271596522
12270326,2748,A,A,0.15469355693553644,0.2610620580323655,0.5842443850320981
12270378,2894,H,A,0.40204607040031065,0.16848373696364563,0.4294701926360438
12270541,2747,D,A,0.05206091168931643,0.07999379277803222,0.8679452955326514
12270551,2858,D,A,0.3095014415606829,0.3101782447662211,0.3803203136730961
12270553,2745,H,A,0.16649288516344865,0.31206429625049587,0.5214428185860556
12270557,2748,H,H,0.8417184670674175,0.08477671350266477,0.07350481942991778
12270735,2894,A,A,0.16855947461251633,0.16239223991740923,0.6690482854700746
12270743,2748,A,A,0.0907015217205858,0.11195926558792836,0.7973392126914859
12270760,2858,A,A,0.20671854818316382,0.2089311404232595,0.5843503113935767
12535907,2894,D,A,0.17102262891982287,0.2714916658921232,0.557485705188054
12535918,2748,A,D,0.25770129779210743,0.41039281128775823,0.3319058909201343
12536056,2858,H,H,0.6586400727653042,0.19903253780383662,0.1423273894308591
12536097,2748,D,A,0.2965556773576883,0.2845125868706273,0.41893173577168447
12536102,2748,D,A,0.1433025070494434,0.2806796894293248,0.5760178035212318
12536115,2894,D,D,0.31557403218424357,0.39952115200143834,0.2849048158143181
12536343,2747,H,H,0.5931546900277266,0.16400543349532345,0.24283987647694985
12536345,2747,H,H,0.5677764757767407,0.19407375087078613,0.23814977335247314
12536524,2748,A,A,0.2586979550784312,0.32409658608909914,0.4172054588324697
12536527,2748,H,A,0.3061528865240729,0.23278309203441228,0.4610640214415147
12536594,2745,A,A,0.2551701012913058,0.2967222398237246,0.4481076588849697
12536757,2858,A,H,0.7320738841010344,0.20231706945086814,0.06560904644809754
12536823,2748,D,A,0.2005568026663322,0.33245880100095704,0.4669843963327108
12536838,2747,H,A,0.14775491571988827,0.2197331098525234,0.6325119744275884
12536846,2745,A,A,0.32437944996145884,0.2171492608041145,0.45847128923442665
12536850,2894,H,A,0.2806399018493114,0.3197301308296698,0.3996299673210187
12536899,2858,H,H,0.7422878840210005,0.12000216726996298,0.1377099487090365
12536989,2748,A,H,0.4514093726806674,0.20593106836445943,0.3426595589548731
12536991,2894,H,A,0.3344372916803328,0.24816416064334762,0.41739854767631956
12537007,2858,H,H,0.589052775493401,0.22274096756846876,0.18820625693813028
12705917,2894,A,A,0.17404238457435703,0.23075234062919683,0.5952052747964461
12705918,2894,D,H,0.5208549444131355,0.27692710051076963,0.20221795507609489
12705971,2894,H,H,0.45322535499259126,0.22006876348099072,0.3267058815264181
12705984,2858,H,D,0.2595039750491209,0.39487096279281386,0.34562506215806515
12911272,2745,A,H,0.6462691735580383,0.24606074738168335,0.10767007906027838
12911305,2748,H,H,0.5969155188017038,0.21487788838305003,0.18820659281524624
12911311,2858,H,H,0.5698218777728916,0.24407392848126924,0.18610419374583903
12980570,2747,H,H,0.49830092423641476,0.20782086764806457,0.2938782081155207
12980731,2858,H,A,0.21713471166494974,0.26268994284764263,0.5201753454874076
12980812,2894,H,H,0.8935409912183342,0.07929569681549385,0.02716331196617193
12980966,2745,H,H,0.4477207782750258,0.30070007636518,0.2515791453597942
12980967,2745,A,H,0.5163036879620397,0.30193702177475046,0.18175929026320978
12980968,2745,D,A,0.3127833133324773,0.23805467667272542,0.4491620099947974
12981052,2745,D,H,0.8669097751961637,0.09092881243310781,0.04216141237072841
12981054,2745,H,H,0.4463803029263753,0.2455900053642054,0.3080296917094193
12981501,2747,A,A,0.047454246073801144,0.15742371743397623,0.7951220364922226
12981522,2747,A,A,0.3768005601699114,0.22516230593271372,0.3980371338973747
12981525,2747,H,H,0.7160031537658444,0.16815129122655342,0.11584555500760212
12981532,2747,A,H,0.42888315861828,0.21774586927354792,0.35337097210817203
12981776,2858,A,D,0.3389992647665171,0.3989795701230415,0.2620211651104414
12981875,2748,H,H,0.8922305709321143,0.08254999741861524,0.025219431649270492
12982035,2894,H,H,0.7329507055674411,0.14857873738489766,0.11847055704766116
12982134,2745,H,H,0.37631550388187485,0.33586547616369794,0.28781901995442716
12982155,2747,H,H,0.6207990808546541,0.19371825806227966,0.1854826610830662
12982164,2858,A,A,0.09738525341390286,0.14100425233356587,0.7616104942525312
12982373,2894,A,A,0.12068373854836831,0.20779394255857891,0.6715223188930527
12982377,2748,H,H,0.378831219603455,0.30726166195088983,0.3139071184456551
12982394,2858,H,H,0.4903540808363015,0.3078949968158972,0.20175092234780118
13248801,2894,D,H,0.7612579026312801,0.14197652287441234,0.09676557449430746
13248817,2748,D,H,0.6223777912737307,0.19521308948291427,0.1824091192433551
13248979,2858,H,H,0.8647614245510797,0.1050965219359712,0.030142053512948953
13249049,2748,A,A,0.3430395478741547,0.1910595119016188,0.4659009402242265
13249053,2748,H,A,0.24070669583384746,0.2603721607145176,0.498921143451635
13249056,2748,H,H,0.37299101082169706,0.3693171821425081,0.25769180703579486
13249069,2748,H,D,0.2749544038716713,0.36351974986468105,0.36152584626364764
13249074,2894,H,A,0.17907013129241953,0.21846432270361726,0.6024655460039633
13249082,2894,D,H,0.5051757509745928,0.2742723259149608,0.22055192311044639
13249085,2894,A,H,0.5536437372573436,0.26436786304920334,0.18198839969345304
13249298,2747,H,H,0.7721336825207792,0.15049414554179494,0.07737217193742586
13249307,2747,A,A,0.22631118079067766,0.22265744529189388,0.5510313739174284
13249484,2745,A,H,0.610014361693735,0.18248909169077504,0.20749654661548997
13249672,2858,A,A,0.07051813488825949,0.19078793153197088,0.7386939335797696
13249775,2748,H,H,0.7467134004959016,0.16362158798690524,0.08966501151719314
13249794,2747,D,A,0.16442313494269953,0.27096185644896126,0.5646150086083391
13249806,2745,D,H,0.6680046266621203,0.16883203365155783,0.16316333968632193
13249814,2894,H,H,0.5825207876854595,0.22298887173381288,0.19449034058072776
13249873,2858,H,A,0.18411050720920633,0.33701991439828194,0.47886957839251176
13249967,2748,H,A,0.11095926501963312,0.1333935963976083,0.7556471385827586
13249968,2894,D,H,0.38627589175339494,0.22890767480358473,0.3848164334430204
13249985,2858,H,A,0.3287797267847629,0.23252300991391037,0.43869726330132675
13451507,2894,A,A,0.32055364909545186,0.2845267944445202,0.39491955646002785
13451526,2747,H,H,0.45455296895636504,0.3033214386544632,0.24212559238917178
13451528,2858,A,A,0.2102376086244883,0.22937419344016963,0.560388197935342
13605224,2745,D,H,0.4869028725714828,0.2499447862316571,0.26315234119686015
13605239,2894,A,H,0.5303439513924179,0.2506658571892515,0.21899019141833068
13605253,2748,A,A,0.20927905755314688,0.3347474083645422,0.45597353408231106
13605255,2747,H,A,0.3355077688278887,0.23451918556525247,0.42997304560685873
13605256,2747,A,A,0.22558998910670539,0.29591978327150625,0.4784902276217883
13605261,2858,A,H,0.5535519881016251,0.3219193956951866,0.12452861620318832
13605383,2747,H,H,0.7594280811145674,0.15226773577298694,0.08830418311244564
13675439,2747,A,A,0.10144888474389904,0.10217655294574417,0.7963745623103569
13675620,2858,H,H,0.5196431805719492,0.2999264305842169,0.18043038884383383
13675708,2894,A,H,0.37771441075547074,0.3311392380294268,0.29114635121510246
13675901,2745,H,A,0.022053402421132254,0.09086507907007402,0.8870815185087938
13675905,2745,D,H,0.5491988762057495,0.22721765221473672,0.2235834715795138
13675908,2745,A,H,0.5142567631028626,0.27855878675331536,0.20718445014382203
13675910,2745,H,H,0.5392126011686409,0.3054347004109151,0.155352698420444
13676221,2747,D,H,0.6599421233517028,0.24002615470840383,0.10003172193989335
13676679,2858,H,H,0.8835725773885222,0.09531704413115209,0.021110378480325563
13676757,2748,H,H,0.39668700553622066,0.3569959174720532,0.24631707699172609
13676918,2894,H,A,0.29412507635789964,0.28541308768587886,0.42046183595622144
13677055,2745,H,H,0.4142833723968878,0.1763360820863677,0.4093805455167446
13677063,2747,H,H,0.7103000447436224,0.16823759567478855,0.12146235958158907
13677081,2858,H,H,0.5315275271122638,0.2925209067781487,0.1759515661095874
13677264,2894,A,A,0.29427336071062965,0.34678291402592715,0.3589437252634432
13677267,2748,H,H,0.5393039995562651,0.28225693157926696,0.1784390688644679
13677280,2858,H,H,0.8151150070110833,0.13577706177154614,0.0491079312173705
13931821,2894,H,A,0.3304285110430368,0.20124907465474412,0.46832241430221916
13931844,2748,A,H,0.4864213019021232,0.2780773305605507,0.23550136753732615
13932045,2858,H,H,0.5075274204491874,0.2516385188808768,0.24083406066993582
13932128,2748,A,A,0.27532236925089854,0.26045662747809084,0.4642210032710107
13932138,2748,A,H,0.6553196204408802,0.18209672884879882,0.16258365071032096
13932142,2748,D,H,0.3838298428115622,0.2669588585344791,0.3492112986539588
13932144,2748,A,H,0.394803383772085,0.26222180514940047,0.3429748110785146
13932153,2894,A,A,0.24308999139458526,0.21402252533309996,0.5428874832723147
13932156,2894,H,H,0.7303465160682975,0.16068682428285594,0.10896665964884657
13932162,2894,H,A,0.16036947924913875,0.30576123921954534,0.5338692815313159
13932270,2747,A,A,0.21464556609664015,0.2269581713304482,0.5583962625729116
13932277,2747,H,H,0.4380568068425479,0.23267295289006865,0.3292702402673835
13932279,2747,D,H,0.48289780348859096,0.2607484099453469,0.2563537865660621
13932584,2745,H,H,0.6248492781363003,0.21657878193168492,0.1585719399320148
13932804,2858,D,H,0.6413459515777661,0.2037363061011198,0.15491774232111413
13932881,2748,D,A,0.18313692741579904,0.24430712961487877,0.5725559429693221
13932886,2745,D,A,0.22429095299585028,0.24234873813638733,0.5333603088677623
13932893,2747,D,A,0.2619285224507693,0.20565779434922166,0.5324136832000089
13932937,2894,A,H,0.45012930503732435,0.25020948956263045,0.29966120540004515
13933021,2858,A,H,0.6927987565566367,0.24250232008610734,0.06469892335725598
13933022,2858,H,H,0.5090407224103171,0.2932630299115231,0.19769624767815988
13933054,2745,D,H,0.4999872737004073,0.2503298606865165,0.2496828656130761
13933109,2748,A,A,0.24479998693758528,0.14683416876719999,0.6083658442952148
13933110,2894,A,A,0.314340858314407,0.17640672282513897,0.509252418860454
13933126,2858,A,A,0.19744477889602047,0.36791726346708964,0.4346379576368899
15063594,2745,H,H,0.8794290655823042,0.07537358804306069,0.045197346374635114
15063622,2858,H,H,0.7924782284852605,0.16440277540576748,0.0431189961089721
15063623,2748,A,A,0.12027445183203812,0.1948141201009777,0.6849114280669842
15120368,2747,H,H,0.4856459271374325,0.2251812557154196,0.28917281714714776
15120617,2858,D,A,0.10946127971405822,0.20083439007220338,0.6897043302137383
15120791,2894,H,H,0.8187857433089497,0.10642052010190087,0.0747937365891494
15121065,2745,H,H,0.7745702342216175,0.15335191728297862,0.07207784849540383
15121066,2745,H,H,0.5916965348970477,0.2069408211656271,0.20136264393732525
15121067,2745,H,H,0.5923128098630368,0.19829432856379753,0.20939286157316567
15121068,2745,H,H,0.3990306281884771,0.3045411114713171,0.2964282603402057
15121070,2745,H,D,0.2975365346679441,0.3570542150658315,0.3454092502662245
15121612,2747,D,A,0.07963918295123756,0.2987404910647913,0.6216203259839712
15121618,2747,A,A,0.30852758964006055,0.2659104520790487,0.4255619582808909
15121621,2747,A,A,0.24271323054058497,0.2101575219395872,0.5471292475198278
15121629,2747,D,H,0.5969080868991057,0.18277137892229417,0.22032053417860017
15121636,2747,A,H,0.48170161380802823,0.21889391737813002,0.2994044688138417
15121796,2858,A,D,0.3348154616227083,0.3893165898606657,0.27586794851662605
15121845,2748,A,A,0.17971511740843213,0.2570470014165414,0.5632378811750265
15122013,2894,A,H,0.5914936630147978,0.17280972069624004,0.23569661628896224
15122144,2858,A,A,0.2324879608238759,0.3219294595954493,0.4455825795806748
15122148,2745,H,H,0.4136548100509833,0.1762287303771696,0.41011645957184706
15122156,2747,H,H,0.4369688489765421,0.25458998473812594,0.30844116628533197
15122358,2894,A,A,0.1719526584946894,0.2476747977871306,0.5803725437181799
15122361,2858,A,A,0.08050356082984143,0.16611761133024208,0.7533788278399164
15122362,2748,H,H,0.9270712601645428,0.043541044720243886,0.029387695115213254
15350692,2894,H,H,0.7344439400992105,0.167735347672636,0.09782071222815335
15350724,2748,H,A,0.24973270090372507,0.32287759108705316,0.4273897080092218
15350991,2858,D,A,0.32300278431435636,0.22304117000780352,0.45395604567784
15351117,2748,A,H,0.5220079698046305,0.19711878271254463,0.2808732474828249
15351120,2748,D,A,0.33360556138571584,0.31793483676542456,0.34845960184885966
15351132,2748,H,H,0.4548287068847422,0.2872046932407548,0.25796659987450304
15351135,2748,D,H,0.47623057904128274,0.34028678651711963,0.18348263444159768
15351154,2894,D,H,0.5067403122015466,0.28432716846813183,0.20893251933032153
15351158,2894,A,H,0.41028403924585144,0.3250645156582495,0.26465144509589905
15351160,2894,H,H,0.4563366867043237,0.27000364409582595,0.27365966919985024
15351443,2747,H,H,0.7903100571666345,0.1450347771594013,0.06465516567396426
15351614,2745,D,H,0.42315353150228713,0.24072736115146026,0.33611910734625255
15351765,2858,H,D,0.3623858286063377,0.3708575934026374,0.2667565779910248
15351870,2748,H,H,0.47239361510619,0.28464175986105333,0.24296462503275665
15351885,2745,A,H,0.5427853551909576,0.2739455800942914,0.18326906471475105
15351905,2747,D,H,0.4520844561620385,0.3025264651121302,0.24538907872583124
15351921,2894,H,A,0.2786623144174161,0.20937010757796815,0.5119675780046158
15351960,2858,A,H,0.3687396708159986,0.28695300529093654,0.34430732389306484
15352015,2748,H,A,0.3427527493953823,0.14699740485004031,0.5102498457545774
15352016,2894,H,H,0.4647536293667755,0.2759442006848915,0.2593021699483331
15352017,2858,D,H,0.7405353272758535,0.15778996879414375,0.10167470393000269
15524228,2894,A,A,0.2428759500445799,0.30792019513631164,0.44920385481910846
15524238,2858,H,H,0.6791267735223093,0.22952988742912117,0.0913433390485695
15524240,2747,H,H,0.5181404880273817,0.30031413548389796,0.18154537648872032
15686712,2745,A,H,0.5608775713555069,0.18140643672054987,0.25771599192394323
15686744,2858,A,A,0.3683860322934568,0.21844633917802925,0.4131676285285139
15686747,2748,D,H,0.6715731952757324,0.16795427739500987,0.1604725273292576
15763206,2858,H,H,0.38345610424094634,0.30748952421560016,0.30905437154345355
15763619,2894,A,H,0.44242527853225677,0.20785517654972036,0.3497195449180228
15763941,2745,H,H,0.5915759391679835,0.26058950380984625,0.14783455702217033
15763942,2745,D,A,0.33234568442960777,0.27427893064989733,0.39337538492049484
15763947,2745,H,A,0.26960392432535135,0.3234080398114133,0.4069880358632354
15763949,2745,D,H,0.418892307665017,0.3490683278438099,0.232039364491173
15764452,2747,H,A,0.11079284820502344,0.34680211120701654,0.54240504058796
15764454,2747,H,H,0.5432754418721832,0.21171999103206376,0.24500456709575305
15764459,2747,H,H,0.814211776595586,0.10306250160651147,0.08272572179790258
15764460,2747,H,H,0.49326950919271345,0.22094283814871643,0.28578765265857
15764605,2858,H,H,0.6258900014822963,0.23172510906704033,0.14238488945066327
15764687,2748,A,H,0.7479954534369739,0.1582209377959077,0.09378360876711847
15764795,2894,H,H,0.6742410493651053,0.16265696222335962,0.16310198841153498
15764862,2858,D,A,0.14712381520465068,0.2349016213142001,0.6179745634811493
15764864,2745,D,A,0.0838307880258699,0.16882309156757658,0.7473461204065535
15764877,2747,A,A,0.358043548003423,0.2376643895830624,0.4042920624135147
15765048,2894,D,H,0.44073372937858746,0.2588392967315527,0.30042697388985984
15765051,2858,A,A,0.07092916707810042,0.2990788137284325,0.629992019193467
15765061,2748,D,A,0.0696389150422366,0.17124474232059805,0.7591163426371653
16082627,2894,D,D,0.33618715422920825,0.36402669084654654,0.2997861549242452
16082693,2748,A,H,0.4492544987741734,0.28746104146686274,0.26328445975896375
16082786,2858,D,D,0.3161057590276126,0.34705191962776843,0.33684232134461894
16083175,2894,H,H,0.5432892584290299,0.2879305461388373,0.1687801954321329
16083181,2894,H,H,0.5413637979821806,0.2721171760760206,0.1865190259417988
16083187,2894,D,H,0.5666633751438931,0.24294522588065082,0.19039139897545604
16083317,2748,A,H,0.3573283387109082,0.29815032969372723,0.34452133159536463
16083319,2748,H,H,0.436534450083034,0.264803787884886,0.29866176203208006
16083320,2748,H,H,0.36465052302322276,0.2708188090508808,0.36453066792589645
16083328,2748,A,H,0.3617461740683465,0.2854012424661598,0.35285258346549364
16083456,2747,H,A,0.30882353355847453,0.32596137107298767,0.3652150953685378
16083473,2747,H,H,0.4771451112202961,0.23074126808006912,0.29211362069963487
16083611,2745,H,H,0.42095951836159273,0.16408529563162366,0.41495518600678366
16083763,2858,D,A,0.2467245421788506,0.3348682224823337,0.41840723533881563
16083885,2748,H,H,0.6740582243511993,0.22106390829726585,0.10487786735153484
16083892,2745,D,A,0.32876725488839936,0.2843904943729175,0.38684225073868306
16083914,2747,H,A,0.2994557090408483,0.13712967665793158,0.5634146143012202
16083928,2894,A,A,0.09137228232954601,0.1917421298849163,0.7168855877855378
16083971,2858,H,A,0.2740743335093337,0.270823357322125,0.45510230916854133
16083997,2745,A,H,0.43125684279140825,0.21345467324313608,0.3552884839654557
16084028,2747,A,H,0.4711421931690411,0.26700368555286547,0.2618541212780935
16084063,2894,H,H,0.6961898782658641,0.1778616793056218,0.12594844242851402
16084064,2748,H,A,0.36709660484407597,0.24198431563464903,0.390919079521275
16084065,2858,H,H,0.7620778072521549,0.18799178940232458,0.0499304033455206
16326603,2894,A,H,0.5552025753201917,0.1761190310346473,0.268678393645161
16326615,2858,D,A,0.20706391500259844,0.3821742493277662,0.4107618356696354
16326618,2747,D,A,0.17482930749076098,0.33075374275682135,0.49441694975241773
16501803,2745,A,A,0.19106108568146116,0.3101178679091205,0.49882104640941827
16501827,2858,D,H,0.5710692516734716,0.2985292167952989,0.13040153153122944
16501828,2748,A,A,0.21612444591636337,0.253038568942159,0.5308369851414776
16501830,2747,H,A,0.2641812272232099,0.25208163169089154,0.4837371410858985
16575261,2747,D,H,0.35365737447899825,0.31610848650001594,0.33023413902098586
16575301,2858,D,H,0.6045142904581854,0.28942322455763186,0.1060624849841827
16575759,2894,H,H,0.36758269888436573,0.33439286108202215,0.29802444003361217
16576063,2745,H,H,0.44631597513261206,0.2912817575460555,0.26240226732133237
16576064,2745,D,A,0.30874485164240184,0.2659217701824937,0.42533337817510447
16576065,2745,H,H,0.7148395042434587,0.19250462966545562,0.09265586609108573
16576066,2745,A,H,0.5679628241013771,0.20545204518418494,0.226585130714438
16576537,2747,D,H,0.4437738290148901,0.3187963491206976,0.2374298218644124
16576546,2747,H,H,0.5646408871467461,0.27739176205073723,0.1579673508025167
16576643,2858,D,H,0.7910700315961715,0.15964904575346622,0.04928092265036227
16576722,2748,D,H,0.43641317013229053,0.3029771112776201,0.26060971859008936
16576869,2894,A,H,0.36696717495890957,0.2786612457381106,0.3543715793029798
16576965,2858,A,H,0.41307989092941194,0.35130303927704404,0.23561706979354402
16576967,2745,H,H,0.6120003945034007,0.22605945667265848,0.16194014882394087
16576981,2747,H,H,0.6460287607499015,0.19474246862104136,0.15922877062905721
16577191,2894,H,H,0.3940106038603249,0.2551781530657746,0.35081124307390055
16577196,2858,A,H,0.6132764285748554,0.2165385376796071,0.1701850337455375
16577210,2748,H,H,0.6907565014235106,0.17370452180076448,0.13553897677572496
16875652,2894,H,H,0.6895304081852094,0.17425590041324654,0.13621369140154416
16875737,2748,H,H,0.5585526333110044,0.2770178213279614,0.16442954536103427
16875831,2858,A,H,0.35102630672484986,0.30603567306512375,0.34293802021002634
16876316,2894,D,H,0.36552638076077215,0.28363467499509526,0.35083894424413253
16876321,2894,D,D,0.3167032810187972,0.4026288502597977,0.28066786872140503
16876434,2748,D,A,0.26465408374303867,0.2933371345746008,0.44200878168236063
16876441,2748,H,H,0.4011194627923473,0.2843988113745125,0.31448172583314016
16876448,2748,H,H,0.5163409932054942,0.14529170653455165,0.33836730025995415
16876453,2748,D,H,0.6752221077379605,0.18721780837966348,0.137560083882376
16876570,2747,A,A,0.28163901591144175,0.20132067403080295,0.5170403100577552
16876582,2747,A,A,0.10127774370689258,0.1597015869938093,0.7390206692992981
16876591,2747,D,A,0.2111575633032565,0.23083321917932598,0.5580092175174176
16876593,2747,D,A,0.3158654157358941,0.25652951639476135,0.42760506786934455
16876702,2745,H,H,0.591230425867836,0.25614058626646996,0.15262898786569404
16876854,2858,H,H,0.528699011256181,0.20228720933105393,0.26901377941276505
16876953,2748,D,H,0.6350060525146567,0.23190923947557282,0.13308470800977049
16876961,2745,H,H,0.4754579883214506,0.25853928110020497,0.26600273057834445
16876975,2747,H,A,0.20827327099267368,0.13099237620346108,0.6607343528038652
16876986,2894,H,H,0.7765653812206507,0.15752648903108687,0.06590812974826246
16877007,2858,H,H,0.4146052033814675,0.4079353462674807,0.17745945035105173
16877054,2745,H,H,0.8922198742074886,0.06468611249043131,0.043094013302080104
16877106,2894,A,A,0.11735247215578189,0.2171851366718235,0.6654623911723946
16877107,2748,H,H,0.7543062529747451,0.11173724917281992,0.13395649785243507
16877109,2858,H,H,0.6164029057925485,0.24539259844989308,0.13820449575755844
17122689,2894,A,A,0.14964664509086603,0.29843051230434675,0.5519228426047873
17122722,2894,D,A,0.16244263454546226,0.21176645777653166,0.625790907678006
17122730,2858,H,H,0.5600652029054156,0.2231845642252246,0.2167502328693598
17154654,2858,D,A,0.26308226036553767,0.23946610263172632,0.497451637002736
17154683,2858,D,A,0.09206665446907239,0.23947455203991516,0.6684587934910124
17154703,2747,D,H,0.6907168618755846,0.208366704763537,0.10091643336087842
17154774,2858,D,H,0.6276018786265222,0.24461991377829373,0.12777820759518407
17154789,2747,H,H,0.4735634864438108,0.29478963231399974,0.23164688124218938
17154829,2747,A,A,0.3727472749383931,0.16068374521849849,0.46656897984310836
17201865,2858,D,A,0.15702248402349506,0.28257428581915633,0.5604032301573486
17201866,2858,H,H,0.4170432609001222,0.3299033592221143,0.2530533798777634
17201906,2858,H,H,0.4943017341594642,0.34963473341285195,0.1560635324276838
17201926,2747,A,A,0.22631837966928522,0.32731423317728175,0.446367387153433
17201927,2747,D,A,0.30052342646781666,0.22904399494960548,0.4704325785825778
17201929,2747,H,H,0.7004626930646939,0.16730936667246707,0.13222794026283913
17201930,2747,H,H,0.7081489239620865,0.12947768120893388,0.16237339482897964
17201965,2858,A,A,0.04556399952573764,0.20112299509539766,0.7533130053788647
17201981,2747,H,A,0.2276587395905658,0.3114782452121646,0.46086301519726947
17260012,2858,H,A,0.28218551027524025,0.32671496956239604,0.39109952016236377
17260029,2858,H,H,0.45909238300626615,0.276165234088697,0.264742382905037
17260034,2747,H,A,0.28002505848581755,0.29783876234667606,0.42213617916750645
17260043,2858,H,H,0.6978149850855094,0.15931555678846568,0.1428694581260249
17260050,2747,H,A,0.32615461042587296,0.26236489377306044,0.4114804958010666
17285604,2745,H,A,0.3502514335672741,0.2751491574068666,0.37459940902585925
17285623,2894,H,H,0.5191765193402536,0.2676959385640024,0.21312754209574405
17285642,2748,A,A,0.08645108344086344,0.18265353111868854,0.730895385440448
17356967,2747,H,A,0.05011358127539407,0.14309118312128105,0.8067952356033248
17357018,2858,H,H,0.5910757087024119,0.2849471863462299,0.12397710495135818
17357451,2894,H,H,0.5150009162700948,0.30100180614592986,0.18399727758397538
17357672,2745,H,H,0.49928764620880817,0.26818864125367314,0.2325237125375187
17357673,2745,D,H,0.5292709010826384,0.28409009938016605,0.18663899953719554
17357674,2745,H,H,0.48093008260567854,0.22378594878177485,0.2952839686125466
17357675,2745,A,A,0.17654484152839295,0.17315161793836553,0.6503035405332416
17357677,2745,D,A,0.1881067131950283,0.3105397301338976,0.5013535566710742
17357951,2747,H,A,0.3152184437085477,0.26494966214655785,0.4198318941448944
17357956,2747,H,H,0.6937028484796453,0.14115349883289757,0.16514365268745718
17358202,2858,H,D,0.3408632213681438,0.3813332911869604,0.27780348744489575
17358297,2748,A,A,0.2670716200963778,0.19214797623858546,0.5407804036650368
17358415,2894,H,H,0.7144593225422967,0.19119589751776395,0.09434477993993941
17358510,2858,A,H,0.6225742955043492,0.24304874653452582,0.13437695796112503
17358513,2745,A,A,0.3579052765723332,0.2792089005627126,0.36288582286495413
17358519,2747,D,H,0.40492302655604645,0.25936824200542175,0.3357087314385317
17358679,2894,A,H,0.45122952870666866,0.20403941602837733,0.34473105526495396
17358683,2858,H,H,0.8222553874635902,0.12877468202113768,0.04896993051527213
17358691,2748,A,A,0.3619163151643591,0.2371245945840167,0.4009590902516243
17660492,2894,A,H,0.5298107255361201,0.21349617402834217,0.2566931004355377
17660615,2748,A,A,0.11060111001035203,0.23643120193020653,0.6529676880594415
17660724,2858,D,H,0.7133842516405513,0.2117348999238202,0.07488084843562856
17661185,2894,H,H,0.4421184918578783,0.2808303706290376,0.27705113751308413
17661240,2747,H,H,0.3690094632126526,0.3177041069964298,0.31328642979091753
17661249,2747,A,H,0.4219918605112419,0.24055896267868718,0.33744917681007097
17661258,2747,D,A,0.09940080041384368,0.14134863534138223,0.7592505642447742
17661269,2747,A,A,0.3118001439173419,0.31736382382761663,0.37083603225504147
17661314,2748,A,H,0.4162170308963845,0.2892136081239909,0.2945693609796246
17661320,2748,H,H,0.5395433290726135,0.24120611461419225,0.2192505563131943
17661322,2748,D,H,0.46871841303029976,0.2929216787833134,0.2383599081863868
17661324,2748,D,H,0.4549281334992214,0.2841341263082672,0.2609377401925114
17661551,2745,H,A,0.20188681875245687,0.2715486109409382,0.5265645703066049
17661696,2858,A,H,0.3559071346615529,0.3167217480915242,0.32737111724692286
17661817,2748,D,H,0.39409342511550605,0.3136864864749044,0.29222008840958963
17661825,2745,H,H,0.5704795985751527,0.2822926969686309,0.14722770445621639
17661831,2747,A,A,0.3269896388870302,0.256696845118686,0.41631351599428373
17661851,2894,A,H,0.40486142753324356,0.27753306035262315,0.3176055121141333
17661879,2858,D,A,0.34720681397769154,0.24250260785268918,0.4102905781696193
17661880,2858,H,H,0.7150113881011985,0.20085601878436826,0.08413259311443322
17661953,2894,A,A,0.2611710667662535,0.248796924735576,0.4900320084981705
17661954,2748,H,H,0.599429344416827,0.23313300523036348,0.16743765035280955
17661955,2858,H,H,0.580848830934032,0.17369251484655648,0.2454586542194116
17910566,2894,A,H,0.422603419721647,0.2847080993570817,0.29268848092127125
17910619,2894,H,H,0.675299512104753,0.184746566134316,0.13995392176093086
17910630,2858,D,H,0.5897686847090128,0.2727733615446736,0.1374579537463136
17910632,2747,H,H,0.6314376509603452,0.21008908380960956,0.15847326523004523
18103949,2745,H,H,0.46867938900844847,0.2589508507509027,0.2723697602406489
18103980,2858,D,H,0.38087779055304755,0.3727071053573286,0.24641510408962394
18103984,2748,H,H,0.7006152187661283,0.176135209052059,0.12324957218181276
18170805,2747,A,A,0.11488137022451148,0.1484512093089797,0.7366674204665089
18170862,2858,H,A,0.2262053449102074,0.304954801837929,0.4688398532518636
18171359,2894,H,H,0.7021214663130508,0.17291516346724026,0.12496337021970887
18171575,2745,H,H,0.8931921093685719,0.06368994579628091,0.0431179448351473
18171576,2745,H,H,0.5542772753563584,0.2797848849095734,0.16593783973406812
18171579,2745,H,H,0.54413404673907,0.33231178167450776,0.1235541715864222
18171581,2745,H,H,0.6075177696212191,0.24120767564361967,0.15127455473516127
18172050,2747,A,A,0.1486195026406566,0.29985329860558635,0.5515271987537571
18172054,2747,D,H,0.4198498746889681,0.2983103563883921,0.2818397689226398
18172057,2747,H,H,0.4653050047780745,0.19868767684878758,0.33600731837313785
18172059,2747,H,H,0.4757690079953391,0.25372910531850573,0.27050188668615516
18172066,2747,H,H,0.5785961469838811,0.20905432359441123,0.21234952942170768
18172152,2858,H,A,0.12070480130885262,0.3436323854534804,0.5356628132376668
18172242,2748,H,H,0.7627272130735981,0.13863975112094212,0.09863303580545978
18172357,2894,A,A,0.20371854227201178,0.23121585280875526,0.565065604919233
18172416,2745,A,H,0.4566340602530165,0.24533130992116706,0.2980346298258166
18172417,2858,A,A,0.3306866083982426,0.3090205937603609,0.3602927978413965
18172432,2747,D,H,0.4716623646813781,0.25088761811241767,0.27745001720620427
18172574,2894,H,H,0.7108473407156471,0.18139769953180715,0.10775495975254572
18172576,2747,A,H,0.751373994139386,0.11661735597305602,0.13200864988755803
18172578,2858,A,A,0.23824219038177577,0.21728572201791305,0.5444720876003112
18172585,2748,D,A,0.14471618919173834,0.16704589759513044,0.6882379132131312
18458989,2894,A,A,0.3201257137468616,0.28596272230510295,0.3939115639480354
18459078,2748,H,D,0.3361927830292716,0.33738214501024966,0.3264250719604787
18459199,2858,H,H,0.5576327345474886,0.25402177013676147,0.1883454953157499
18459617,2894,D,A,0.16039590617795985,0.23921649920064075,0.6003875946213995
18459620,2894,A,A,0.1356752409219836,0.30190708554151086,0.5624176735365056
18459681,2748,H,H,0.6009673774224148,0.24104729080995407,0.15798533176763108
18459684,2748,D,H,0.47544085762670585,0.2868535871779105,0.23770555519538375
18459693,2748,D,D,0.3188586301142405,0.36623259810346465,0.3149087717822948
18459697,2748,H,H,0.7217536680734826,0.16758180415161622,0.1106645277749012
18459732,2747,H,H,0.8267078011533753,0.12094991286434659,0.05234228598227817
18459810,2745,H,H,0.5729462263826303,0.25937702022515785,0.1676767533922119
18459932,2858,D,H,0.7517817213201796,0.15273760906037787,0.09548066961944243
18460051,2748,A,H,0.5125983416462737,0.24822161734507459,0.2391800410086517
18460054,2747,H,H,0.3898604925073453,0.2535655740136018,0.3565739334790529
18460060,2745,A,D,0.27407553088099607,0.3681270896922618,0.357797379426742
18460087,2894,A,H,0.5331761304859268,0.29651827566238104,0.1703055938516922
18460099,2858,H,H,0.6592446737117499,0.19541510101067391,0.1453402252775762
18460122,2745,D,A,0.2592575268986944,0.2858820227827228,0.4548604503185829
18460136,2894,H,A,0.19402915991485833,0.2215485335704477,0.584422306514694
18460137,2748,H,H,0.5315902521070696,0.1729693831031461,0.2954403647897844
18460158,2858,A,H,0.49096284730989126,0.24791819020218347,0.2611189624879252
18707042,2894,A,A,0.19148127426556574,0.2948944847264545,0.5136242410079799
18707071,2894,A,H,0.40960800188329405,0.31857370239180877,0.2718182957248972
18707078,2858,A,D,0.28255175608778776,0.36956689669878184,0.34788134721343034
18855601,2745,H,D,0.3321003757897939,0.3371757065572047,0.3307239176530013
18855621,2894,D,H,0.714682320297376,0.15226087073990338,0.13305680896272062
18855632,2858,H,A,0.21794370702688795,0.25524231681855086,0.5268139761545612
18855635,2748,D,H,0.5678576879148093,0.21200017134676707,0.22014214073842367
18918084,2858,D,H,0.5483066006390048,0.2838255638594731,0.167867835501522
18918557,2894,H,A,0.31607025539200456,0.2631050749082524,0.420824669699743
18918558,2894,D,H,0.48945933411119524,0.2747784693222646,0.2357621965665402
18918674,2745,H,H,0.6817555531240731,0.25218880673040445,0.06605564014552234
18918678,2745,A,H,0.42819906772664507,0.3059309446802743,0.2658699875930807
18918679,2745,A,A,0.3614718822529431,0.27214674136803385,0.3663813763790231
18918680,2745,A,A,0.14766847677144776,0.2524741797365382,0.599857343492014
18918682,2745,A,A,0.09166549294489153,0.15263109484008414,0.7557034122150244
18919118,2747,H,H,0.6103842252605064,0.2517618646061333,0.13785391013336037
18919121,2747,H,H,0.800600820651492,0.10909294872275073,0.09030623062575738
18919124,2747,D,A,0.24554389786881523,0.3115373334888445,0.4429187686423403
18919132,2747,A,A,0.17608395921006784,0.24330895115109433,0.5806070896388378
18919193,2858,H,H,0.6381679593120692,0.2579905799192655,0.10384146076866532
18919289,2748,H,A,0.3354423118652846,0.2885520959881663,0.37600559214654916
18919401,2894,A,A,0.17547858534662414,0.23951056999247758,0.5850108446608984
18919475,2858,A,A,0.3275824071960494,0.2952269101260919,0.3771906826778586
18919478,2745,H,H,0.6816707108669459,0.19389571552433316,0.12443357360872088
18919492,2747,A,A,0.31839426416065714,0.2758258337462648,0.4057799020930782
18919642,2894,H,H,0.7808811538607102,0.15957627676903746,0.059542569370252235
18919648,2858,H,H,0.8595425134074914,0.09725393149600668,0.04320355509650176
18919649,2748,A,A,0.11223554883066456,0.2360630342732991,0.6517014168960363
19213319,2894,H,A,0.35961579664038146,0.2563705942287121,0.3840136091309065
19213403,2748,A,A,0.16443896343414546,0.24648419983851566,0.5890768367273389
19213431,2747,A,A,0.132904527280166,0.1598169763909858,0.7072784963288483
19213557,2858,D,H,0.571994387150164,0.2786754616558696,0.14933015119396645
19214042,2894,A,A,0.18678575058964447,0.2099396739721585,0.6032745754381972
19214044,2894,H,H,0.5181929140762331,0.265921920616099,0.21588516530766785
19214118,2748,D,A,0.33257133417655993,0.29568297173790375,0.3717456940855363
19214123,2748,H,H,0.4324352955532862,0.27537992422184787,0.29218478022486594
19214128,2748,H,H,0.4189697383968968,0.28184757732391724,0.29918268427918604
19214132,2748,A,A,0.3091767364393552,0.31744368946007234,0.3733795741005724
19214201,2747,H,A,0.20323980193267407,0.29055031627432665,0.5062098817929993
19214205,2747,A,A,0.20091719113716763,0.2016405417912349,0.5974422670715974
19214209,2747,A,H,0.5191382621986953,0.24651608878349116,0.2343456490178136
19214256,2745,H,A,0.26926140477998495,0.26688888702932045,0.46384970819069465
19214394,2858,D,H,0.49991287928892875,0.2519918070620558,0.2480953136490156
19214485,2748,D,A,0.34206848582713184,0.271998943994509,0.385932570178359
19214489,2745,H,H,0.4617496857339161,0.36222494362096175,0.1760253706451223
19214501,2747,A,A,0.29161166998254306,0.20008615966137147,0.5083021703560854
19214513,2894,A,H,0.4336926019016732,0.2896836057811691,0.27662379231715784
19214529,2858,A,H,0.5478520516243717,0.24483246189443317,0.20731548648119516
19214587,2894,H,H,0.4161058952786982,0.29191744907977263,0.2919766556415292
19214588,2748,H,H,0.46445913906921926,0.19520566763706587,0.3403351932937148
19214618,2858,D,H,0.5188634284312664,0.3043339030763906,0.17680266849234305
19446653,2858,H,A,0.22228448595937494,0.3032607398728231,0.47445477416780213
19479060,2745,H,A,0.34545406092478165,0.2639351314107978,0.39061080766442063
19479061,2894,H,H,0.7892529011096502,0.14289389457874865,0.06785320431160115
19479062,2894,D,A,0.11696620264659277,0.218139092645388,0.6648947047080191
19479070,2858,A,A,0.1373534171476961,0.3022609200629924,0.5603856627893116
19479083,2858,H,H,0.7099658585974138,0.17521348073988163,0.11482066066270458
19479092,2745,H,H,0.8837107348477378,0.08462219373784784,0.031667071414414355
19479093,2745,H,H,0.3451154323017872,0.3338942858296446,0.32099028186856826
19479094,2745,H,H,0.4974149387265228,0.2658300982505014,0.23675496302297572
19479136,2894,D,A,0.16734022304958557,0.22251794401815372,0.6101418329322607
19479181,2858,A,A,0.16840589025274041,0.23505757165459448,0.5965365380926652
19517510,2745,A,H,0.3930165395991184,0.35416274823535787,0.25282071216552365
19517511,2894,H,A,0.2002084469320457,0.2185879386238995,0.5812036144440547
19517512,2894,D,A,0.281224590374071,0.27708028204923585,0.441695127576693
19517521,2858,H,H,0.3720435719632341,0.35414177505817074,0.2738146529785952
19517522,2858,A,A,0.3254946786120669,0.3101172625763922,0.36438805881154096
19517545,2858,A,H,0.45626723097847693,0.28392997895981203,0.25980279006171103
19517564,2745,H,H,0.4791313138948041,0.30376769343443427,0.21710099267076172
19517565,2745,D,H,0.6578994849716906,0.215600816323021,0.12649969870528835
19517566,2745,H,H,0.5698394193039519,0.21706475095643865,0.21309582973960947
19517567,2745,H,A,0.36070414138020396,0.27677593748978,0.362519921130016
19517585,2894,H,H,0.5610453064551321,0.24199690252232425,0.19695779102254374
19517586,2894,H,H,0.6163550673476761,0.24498631216500394,0.13865862048731992
19517587,2894,H,H,0.5795720237089733,0.2627937327317395,0.15763424355928715
19517602,2858,H,A,0.24701990019709025,0.359856317810831,0.39312378199207876
19561604,2894,A,A,0.18864126653676108,0.3215583594498873,0.48980037401335164
19561606,2858,D,H,0.5819513448723377,0.25907204844622106,0.15897660668144123
19561616,2858,H,H,0.6369248194172116,0.17753269098690094,0.18554248959588748
19561623,2894,H,H,0.55267594606023,0.23163431403247703,0.215689739907293
19561626,2858,H,H,0.8295125815333887,0.1332534167048013,0.037234001761809986
19582601,2745,H,A,0.39849443028717824,0.19827269481344836,0.4032328748993734
19582609,2894,H,H,0.39780553183807876,0.28816343910771014,0.3140310290542111
19582616,2748,D,H,0.5680345964842375,0.22656878852885465,0.20539661498690784
19638345,2747,A,H,0.8478236231105639,0.0995831722495885,0.052593204639847596
19638927,2894,H,H,0.6054300329831317,0.17078557208658823,0.2237843949302801
19639036,2745,H,H,0.4556367452696377,0.2960298905067386,0.24833336422362376
19639037,2745,A,H,0.4367632721296659,0.2409779045486962,0.3222588233216378
19639039,2745,A,H,0.4253946316680613,0.39138008808117236,0.18322528025076634
19639040,2745,H,H,0.41594813675374415,0.3041954124801511,0.2798564507661048
19639041,2745,A,A,0.26441744902989706,0.29357088604590353,0.44201166492419935
19639279,2747,H,A,0.2981176419332251,0.2776543068243311,0.42422805124244367
19639283,2747,H,H,0.8380211754809958,0.09851207523174778,0.0634667492872564
19639289,2747,H,A,0.22985544604117156,0.338830355844322,0.43131419811450644
19639292,2747,H,H,0.5338946500626961,0.26098639925100475,0.2051189506862992
19639293,2747,A,H,0.5029606463409537,0.20761723272762242,0.28942212093142383
19639584,2748,H,H,0.645728105185752,0.20185693455888862,0.15241496025535947
19639689,2894,A,H,0.408246024634094,0.22621718801297286,0.3655367873529332
19639751,2745,A,A,0.07054021009897829,0.14657390192120304,0.7828858879798186
19639754,2747,H,H,0.6237173010667867,0.1438336209821386,0.23244907795107475
19639900,2894,H,A,0.25921542535895153,0.33069378412240624,0.41009079051864217
19639902,2747,A,A,0.08798598165900422,0.1887082102963376,0.7233058080446582
19639911,2748,H,H,0.7054179532360572,0.17098770715586875,0.12359433960807402
19926374,2894,A,A,0.2687935937511474,0.3108038242638984,0.4204025819849542
19926452,2748,H,H,0.8249559011480728,0.11257207145288242,0.06247202739904476
19927094,2894,A,H,0.4706450012007676,0.2824333435861237,0.2469216552131086
19927097,2894,H,H,0.4423587189697799,0.2647406033827443,0.2929006776474757
19927101,2894,D,H,0.5305634891957353,0.26357503021556467,0.20586148058869996
19927107,2747,A,H,0.6297465473240246,0.20522329335633674,0.16503015931963866
19927148,2748,D,H,0.4744587269786545,0.2578217949516593,0.2677194780696862
19927151,2748,H,H,0.7714442050307128,0.14309710220163774,0.0854586927676495
19927153,2748,D,A,0.25890986950689665,0.31089561229500434,0.43019451819809895
19927159,2748,H,A,0.27462596548085316,0.2479907500200738,0.4773832844990728
19927230,2745,D,A,0.24042097884294747,0.32362455389669476,0.4359544672603577
19927449,2748,D,A,0.2113179471069312,0.26784020969796424,0.5208418431951046
19927454,2745,H,H,0.42582899619011544,0.3014103126742739,0.27276069113561074
19927458,2747,A,A,0.23885592125131894,0.30649320967260235,0.45465086907607866
19927476,2894,H,H,0.535836375356242,0.21545058685659488,0.24871303778716314
19927535,2894,H,H,0.4125039837397612,0.3293194315243839,0.25817658473585486
19927536,2748,A,A,0.364549338530823,0.2025463605175543,0.43290430095162263
22945232,2747,D,A,0.20147947115732795,0.2356504623202242,0.5628700665224479
22945314,2747,A,A,0.36598092599041887,0.264672619333706,0.369346454675875
22945315,2747,A,A,0.34275914790135914,0.2694885014035536,0.38775235069508723
22945316,2747,A,A,0.342160200461333,0.20357038964232982,0.4542694098963371
22945317,2747,A,A,0.21724331972691055,0.24450054989956552,0.5382561303735239
22945499,2747,A,A,0.12242438534982779,0.17179183776283058,0.7057837768873415
22945509,2747,H,H,0.7293093875964208,0.11865084737343878,0.15203976503014033
22964115,2747,H,H,0.6062591282494961,0.22428940270369582,0.16945146904680808
22964123,2747,H,H,0.6320001547827273,0.2673252031358393,0.10067464208143337
22994127,2748,H,H,0.47177874379376133,0.24353390126241178,0.2846873549438268
22994128,2748,D,H,0.44819277280455305,0.22080133247705394,0.331005894718393
22994154,2748,A,A,0.22000160929715146,0.2564154321120709,0.5235829585907777
22994161,2748,A,A,0.17390221035229564,0.25095596318555213,0.5751418264621522
22994179,2747,A,A,0.07216732298780565,0.1619991361075283,0.7658335409046662
22994181,2748,H,H,0.7201151537517769,0.1880171605030084,0.09186768574521471
22994182,2748,A,A,0.30721840475491424,0.2555432021189349,0.43723839312615104
23041509,2748,A,H,0.47584794171707945,0.2754032003485847,0.2487488579343359
23041510,2858,D,H,0.47329061521914717,0.24087117554166032,0.2858382092391924
23041519,2748,H,A,0.22264883588822176,0.25182613629555173,0.5255250278162265
23041522,2858,D,A,0.19616814162725948,0.2575039736412667,0.5463278847314738
23041554,2748,D,A,0.2849206606403074,0.27547707658541964,0.43960226277427294
23041555,2748,H,H,0.5714443811224466,0.22303383098053844,0.205521787897015
23041558,2858,H,H,0.7896562170867646,0.16197056447710212,0.048373218436133236
23062425,2858,H,H,0.3462475878954669,0.3100096858886564,0.3437427262158767
23062438,2858,D,H,0.4547540546729871,0.31651521629738877,0.22873072902962416
23062439,2858,D,D,0.33392626032781686,0.34015608743872316,0.32591765223346
23062449,2747,A,H,0.570646105843698,0.22450242451725705,0.20485146963904483
23062466,2747,H,H,0.6730615208207477,0.17771212699741834,0.149226352181834
23062479,2858,A,A,0.1319193673007965,0.21983794440382773,0.6482426882953757
23096354,2747,A,A,0.16531679463190002,0.3011366360224607,0.5335465693456392
23096371,2858,D,H,0.7785440871385396,0.15476795956487444,0.066687953296586
23096392,2747,A,A,0.2936959701039005,0.29778238706151805,0.4085216428345815
23096393,2747,H,H,0.5593969689522216,0.26122173215851424,0.17938129888926413
23096394,2747,D,H,0.8703887536565583,0.08272656240919277,0.04688468393424893
23096395,2747,D,H,0.7275553692082556,0.14189636121367868,0.13054826957806573
23096404,2858,H,H,0.56581671590779,0.23910740741350214,0.19507587667870785
23096405,2858,H,A,0.3161981215494337,0.2540542478613671,0.4297476305891992
23096413,2747,A,A,0.26465997380830697,0.16729018073896257,0.5680498454527305
23121311,2747,A,H,0.4986102524742495,0.2928349133065097,0.2085548342192408
23121312,2748,H,H,0.4861626268132598,0.266829331817675,0.2470080413690652
23121313,2748,H,H,0.5633030909652215,0.23805376337172843,0.1986431456630501
23121314,2748,H,H,0.37237500125823036,0.267838272920711,0.3597867258210587
23121315,2748,A,A,0.3458336150045542,0.20725739145259034,0.44690899354285546
23121362,2748,A,H,0.588138200249663,0.21238514272367223,0.19947665702666473
23121363,2747,D,A,0.16900392330388006,0.23848957476851218,0.5925065019276077
23121367,2748,H,A,0.2347942926834082,0.27856831138143456,0.48663739593515726
23140978,2748,A,A,0.2864995603568977,0.2756977165277242,0.43780272311537793
23141205,2748,D,H,0.524681952629625,0.2840371098805725,0.19128093748980246
23141213,2747,H,A,0.10970319959230364,0.200795797876312,0.6895010025313845
23141214,2748,A,A,0.2215162167644629,0.2444797135551882,0.534004069680349
23141218,2748,H,H,0.5241830082161297,0.24813770598731752,0.2276792857965527
23186307,2747,D,H,0.48349314999636717,0.18640111491033437,0.33010573509329844
23186308,2747,A,A,0.20959346873119009,0.24577811398455193,0.544628417284258
23186309,2747,A,A,0.35250320946040575,0.21299227625257228,0.43450451428702197
23186329,2747,H,H,0.7568703196999904,0.17269576536658243,0.07043391493342716
23202737,2894,A,A,0.10612450056315453,0.23407306416673188,0.6598024352701136
23202738,2894,A,H,0.5940209299241276,0.2569912797166866,0.14898779035918575
23202779,2894,D,A,0.2811653528430464,0.24216907716883423,0.4766655699881194
23202780,2894,D,H,0.593971733361857,0.2381455821007811,0.16788268453736188
23202808,2894,H,H,0.533503803929956,0.3151601761647942,0.15133601990524986
23202809,2894,H,A,0.2074027125516119,0.31633789050947586,0.4762593969389123
23202827,2894,A,A,0.33421595874697,0.2845171542127491,0.381266887040281
23202828,2894,D,H,0.5303868228004823,0.21245421561187552,0.2571589615876422
23202846,2747,A,H,0.46129531267012924,0.3608344768238082,0.17787021050606247
23202848,2747,D,A,0.2690231611257395,0.20740696124457475,0.5235698776296858
23202849,2894,H,A,0.18785587755632263,0.2637431037060119,0.5484010187376656
23202850,2894,D,H,0.6856769232867048,0.18848108773617134,0.12584198897712376
23202860,2747,D,H,0.5068576536868363,0.20973742619142483,0.2834049201217389
23202861,2747,A,A,0.23870413762856893,0.32641480918272686,0.43488105318870424
23219613,2747,A,A,0.08468398954115167,0.14692576870793306,0.7683902417509152
23238401,2858,A,A,0.19234980809379032,0.32817223756582925,0.4794779543403804
23238452,2858,A,H,0.771142661993111,0.16557557387617614,0.06328176413071283
23262462,2894,H,H,0.577109341431544,0.21333195092527305,0.20955870764318305
23262961,2858,H,A,0.1872649127756696,0.2601946230934423,0.5525404641308882
23263042,2894,H,H,0.4802402577727512,0.22630313586105597,0.293456606366193
23263084,2858,H,H,0.4138106246624768,0.350122694493106,0.23606668084441715
23263172,2894,D,A,0.2856132099776975,0.2239932086968272,0.4903935813254753
23263176,2858,D,A,0.33089580754120285,0.30973271889253884,0.3593714735662583
23284520,2894,D,A,0.24353456492931017,0.32452534368568203,0.4319400913850078
23284580,2858,A,A,0.24690078147559733,0.25791942778077637,0.4951797907436262
23284798,2894,D,H,0.5767731853827425,0.2677311971390419,0.1554956174782157
23284799,2894,D,H,0.4163306439604485,0.27281911307368456,0.31085024296586705
23284951,2858,A,H,0.571855737095872,0.24611066939630305,0.18203359350782494
23285038,2894,A,A,0.07540165564720033,0.19611618222548863,0.7284821621273111
23285058,2858,H,H,0.41720151685182594,0.3524721655549238,0.23032631759325026
23285086,2894,D,H,0.5544086242019212,0.2340916046898456,0.21149977110823326
23285089,2858,A,A,0.22256817996953318,0.2954077827940183,0.48202403723644843
23301295,2894,H,A,0.3444041515820706,0.27065283310731,0.38494301531061936
23301309,2894,A,A,0.22842359249322708,0.2788729059317981,0.49270350157497483
23301313,2858,D,H,0.6453642614582675,0.20748244126136098,0.14715329728037144
23354474,2748,A,A,0.24091871903542675,0.27574177674773837,0.48333950421683486
23354475,2748,A,H,0.4062882894761363,0.30899504612937545,0.2847166643944881
23354476,2748,H,A,0.20438949025121586,0.2082932302008049,0.5873172795479793
23354477,2748,D,A,0.3430558471154637,0.2515723704705318,0.40537178241400446
23354478,2748,D,A,0.2152895312736436,0.19744218069737549,0.587268288028981
23354510,2748,D,A,0.3252950448958561,0.28532259106550795,0.38938236403863596
23354511,2748,H,H,0.537757729805507,0.24858952150460623,0.2136527486898868
23354512,2748,H,H,0.7382752455259997,0.18894099335018807,0.07278376112381238
23354513,2748,D,A,0.19181258557258746,0.25078137174238774,0.5574060426850248
23354514,2748,A,A,0.32063475075579156,0.23965864000365275,0.43970660924055566
23392533,2894,H,H,0.6557753856860634,0.1797719095414934,0.1644527047724431
23392538,2747,H,H,0.4667588156478461,0.24784482737637367,0.2853963569757802
23392539,2858,D,H,0.5126401626157195,0.2621797219391907,0.22518011544508984
23425499,2747,H,A,0.18122880245418718,0.20131672658649635,0.6174544709593164
23425524,2858,A,A,0.29438487443537387,0.31247603756327597,0.39313908800135017
23425689,2894,A,H,0.412263233261623,0.23186505827955736,0.3558717084588197
23425788,2747,H,A,0.29316339324893825,0.22247979032151705,0.48435681642954476
23425789,2747,A,D,0.2939115083468932,0.3619106999682556,0.34417779168485124
23425790,2747,H,A,0.2558795478576842,0.36793970380180113,0.3761807483405146
23425791,2747,H,A,0.3063711875295342,0.22510341937778983,0.468525393092676
23426208,2858,H,H,0.6195026273693822,0.23183163483797464,0.1486657377926431
23426240,2748,H,H,0.6303402861170423,0.2261086212337892,0.14355109264916854
23426306,2894,D,A,0.10335718533514367,0.26452164367089237,0.6321211709939638
23426383,2747,H,H,0.45714075488611083,0.3625472218977216,0.1803120232161676
23426384,2858,H,H,0.5009629438085353,0.3242086484228065,0.17482840776865816
23426411,2748,H,H,0.5305048235919261,0.261881695796235,0.207613480611839
23426517,2894,H,H,0.679690988779458,0.19880755280493076,0.1215014584156113
23426520,2748,A,H,0.5885999077019769,0.19895647392612578,0.21244361837189735
23426521,2858,H,A,0.3716652937449546,0.2376740368276485,0.39066066942739686
23556888,2894,A,H,0.3625964287272678,0.3098540293639233,0.32754954190880886
23556901,2748,H,H,0.6527677589929602,0.21801668231302176,0.129215558694018
23556944,2858,A,H,0.37085249690051014,0.32896597406839334,0.3001815290310966
23557256,2747,H,H,0.46611786179830467,0.24876235223600235,0.2851197859656931
23557257,2747,H,H,0.568408133699825,0.175024154077546,0.2565677122226289
23557258,2748,A,H,0.43373095899666114,0.25877428920030576,0.307494751803033
23557259,2748,A,A,0.22253580785315646,0.2649105177180377,0.5125536744288058
23557260,2748,D,H,0.37314815902532406,0.2738726876195084,0.3529791533551675
23557261,2748,D,H,0.4290946673578896,0.2653546373462697,0.3055506952958406
23557262,2894,A,H,0.5642724963460521,0.26463512987034926,0.17109237378359868
23557263,2894,A,H,0.5984700951087816,0.25120132373528137,0.1503285811559371
23557435,2858,D,A,0.19689425716845207,0.23990318840079708,0.5632025544307507
23557500,2748,H,H,0.5840578578822448,0.23296518042397016,0.18297696169378497
23557501,2747,A,A,0.17440700952414867,0.23379950915725456,0.5917934813185968
23557511,2894,H,H,0.5464442280028161,0.2227909953280105,0.23076477666917333
23557572,2748,H,A,0.2405386609859394,0.2769500246519197,0.48251131436214073
23557573,2894,H,A,0.34076994871522115,0.2774865819970233,0.3817434692877555
23678602,2894,H,H,0.5118347571483524,0.2939349800789571,0.19423026277269065
23678611,2858,D,H,0.534253432104475,0.29518590618745466,0.17056066170807044
23758757,2745,D,A,0.1777050918477726,0.2063069352877505,0.6159879728644769
23758777,2858,H,D,0.33677270278237514,0.3495831479613663,0.31364414925625855
23759165,2747,D,H,0.5698359772500352,0.21099684081995213,0.2191671819300126
23759216,2858,A,H,0.4642784476174616,0.2689672007998723,0.2667543515826661
23759433,2894,H,H,0.4392922891141097,0.24460531369276728,0.31610239719312294
23759482,2745,H,H,0.345836981185931,0.3168369554611895,0.3373260633528795
23759483,2745,H,H,0.7191736990849072,0.19541059546380063,0.08541570545129214
23759484,2745,H,H,0.3648432240490207,0.28546009855822446,0.3496966773927548
23759485,2745,H,A,0.3224625148599216,0.33621068768935153,0.34132679745072686
23759486,2745,D,H,0.47659822643054334,0.25562600927161117,0.2677757642978454
23759739,2747,D,H,0.3819171391082019,0.34725476599410654,0.27082809489769155
23759754,2747,D,A,0.2528210155963285,0.21093365751745502,0.5362453268862165
23759765,2747,A,H,0.3864489565120343,0.26458785975763216,0.3489631837303335
23759768,2747,H,H,0.5939604272264533,0.233994995994545,0.1720445767790018
23760007,2894,A,A,0.043064561018757684,0.18066324563726427,0.7762721933439781
23760057,2745,H,H,0.5690182158855387,0.2821437321728137,0.14883805194164762
23760060,2858,H,H,0.6662853982366537,0.24684449898772776,0.08687010277561855
23760065,2747,D,A,0.132210257572391,0.23064787528859088,0.6371418671390181
23760211,2894,A,H,0.5085156943588801,0.21991455696743903,0.2715697486736808
23760222,2858,H,H,0.4917828119676454,0.3337113600768559,0.17450582795549857
23760823,2858,H,H,0.7955864078394171,0.15892509688683704,0.04548849527374593
23760825,2858,H,H,0.40763432889189266,0.3237704910253306,0.2685951800827768
23761136,2894,A,A,0.20619482964087876,0.23845684687016352,0.5553483234889578
23761223,2858,H,D,0.3066892858418905,0.3812404819148121,0.3120702322432975
23761587,2747,D,H,0.43655584839598277,0.25658651981039227,0.3068576317936249
23761589,2747,H,H,0.7363947043276469,0.16874557888197197,0.09485971679038115
23761594,2894,D,H,0.3950336585831632,0.2904195077582141,0.3145468336586227
23761641,2745,H,H,0.7156865143924289,0.1682607354143381,0.11605275019323291
23761729,2858,D,A,0.2687158195882862,0.2662179805645362,0.46506619984717745
23761790,2745,A,H,0.45629101458770893,0.273901329426163,0.2698076559861281
23761792,2747,H,H,0.5040525600998434,0.19910690789224336,0.2968405320079131
23761801,2894,A,A,0.2595181130796099,0.25594853070862456,0.4845333562117655
23761864,2894,D,H,0.43749196556968084,0.23088621913624163,0.3316218152940775
23761867,2858,A,A,0.29911841556347823,0.25964571164038774,0.441235872796134
24146636,2894,D,H,0.3516186675977023,0.29913587661102026,0.3492454557912775
24146657,2894,A,H,0.6916601675740486,0.19344220894026604,0.11489762348568537
24146664,2747,A,A,0.38954577481066943,0.2157987413470447,0.3946554838422858
24146665,2858,D,H,0.6904755237479034,0.1681569638054266,0.14136751244667
24162084,2745,A,A,0.17438913526630911,0.3122423794206218,0.5133684853130692
24162100,2745,D,H,0.8081335847412913,0.11988137459538377,0.07198504066332502
24162101,2745,D,H,0.4404912181599844,0.29702457280156314,0.2624842090384525
24162102,2745,A,H,0.4296015602371143,0.2432894646764507,0.327108975086435
24162130,2894,H,A,0.1848846435355287,0.35098327183433553,0.4641320846301359
24189208,2745,A,A,0.3569263169384929,0.2634213533289388,0.3796523297325683
24189233,2745,H,H,0.5920671514392581,0.29376454377106886,0.11416830478967296
24189234,2745,D,A,0.30141107899657216,0.3212802010959124,0.3773087199075154
24189235,2745,H,A,0.36160018252043463,0.22488388289906167,0.4135159345805037
24189236,2745,A,A,0.24531417926073543,0.34237210620355396,0.41231371453571053
24247364,2894,H,H,0.49541641089410443,0.34961007048261217,0.15497351862328343
24247423,2894,A,H,0.4633902605084801,0.2853200000152918,0.2512897394762282
24247432,2748,H,A,0.19523698464518252,0.2573578015146859,0.5474052138401316
24247433,2858,H,H,0.3834559622845897,0.35103185936156894,0.2655121783538413
24247979,2745,H,H,0.6662768693141091,0.21245813885801043,0.12126499182788048
24287908,2858,H,H,0.3455757007693585,0.3297256900940205,0.32469860913662096
24288160,2894,D,A,0.2823389830048142,0.259452362176206,0.45820865481897977
24288211,2745,H,H,0.6014991037235715,0.25447297335732283,0.14402792291910568
24288212,2745,H,H,0.6326732773194059,0.24603372382754196,0.12129299885305202
24288213,2745,A,H,0.5195425966203269,0.24626830646824618,0.23418909691142695
24288214,2745,A,A,0.3091662966015612,0.31809427192803685,0.37273943147040184
24288215,2745,H,A,0.2090388081273206,0.25576347613531014,0.5351977157373693
24288670,2858,A,A,0.23744151241155953,0.24741148523981413,0.5151470023486263
24288757,2748,D,A,0.19249374601807234,0.20501559770448521,0.6024906562774422
24288817,2894,A,A,0.2191484555284059,0.22249378266775469,0.5583577618038393
24288841,2745,D,H,0.7841453571533404,0.13275549529787994,0.08309914754877962
24288842,2858,H,H,0.614073474851206,0.2767568619599779,0.10916966318881613
24289007,2894,H,H,0.6189186824927648,0.2380848792436766,0.14299643826355857
24289016,2858,A,D,0.31986027777204684,0.3578283963927776,0.3223113258351756
24289023,2748,D,H,0.40922094791089875,0.28862787509437804,0.30215117699472327
24464234,2894,A,H,0.5992332383406938,0.2547535988249396,0.14601316283436663
24464287,2748,H,A,0.29314429972484163,0.25365071516077387,0.4532049851143846
24464381,2858,H,A,0.2530313819485545,0.2837984162354325,0.4631702018160129
24464761,2894,A,H,0.5116479226486791,0.25783309742988236,0.23051897992143866
24464788,2748,A,H,0.4141079274970376,0.3389759034234412,0.24691616907952119
24464790,2748,D,H,0.3782296349960939,0.26159405908255046,0.3601763059213557
24464797,2748,A,H,0.41548245090136887,0.2892489125432613,0.2952686365553699
24464800,2748,H,H,0.6083116806238151,0.18618339689557928,0.2055049224806055
24464837,2745,D,A,0.2941455239131625,0.2764883762906152,0.4293660997962223
24464945,2858,A,A,0.3557515314258398,0.28374756780629773,0.3605009007678625
24465014,2748,A,A,0.16702398186627185,0.2053635616175241,0.627612456516204
24465018,2745,A,H,0.38761518108050924,0.3017382816763514,0.3106465372431393
24465038,2894,D,A,0.27030883324972316,0.2673356110781934,0.4623555556720835
24465046,2858,H,H,0.44430781113589296,0.24393818751784682,0.3117540013462603
24465107,2894,H,H,0.5978830127975783,0.2306924181725239,0.1714245690298978
24465108,2748,D,H,0.6505679038712947,0.2096604888921042,0.13977160723660112
24465114,2858,D,H,0.5765009516409063,0.26385484439613216,0.1596442039629615
24624311,2894,D,H,0.6353291046469997,0.22350905675596483,0.14116183859703554
24624318,2858,A,H,0.37920278625693926,0.304816722750867,0.3159804909921938
24673744,2748,A,A,0.33695308320783635,0.2425841914363139,0.4204627253558497
24673745,2748,H,H,0.5018088625980655,0.2947520884242726,0.20343904897766202
24673746,2748,A,H,0.39016338728880945,0.31298192988316953,0.29685468282802097
24673747,2748,D,H,0.705280821389096,0.1985083743950751,0.096210804215829
24673748,2748,H,H,0.42151209360512343,0.3806921944250968,0.19779571196977971
24673794,2748,D,H,0.5889631489053035,0.1942140835898151,0.21682276750488141
24673795,2748,H,H,0.5669329314116294,0.24298383855719272,0.19008323003117794
24673796,2748,A,A,0.07426172518551614,0.23757631562478243,0.6881619591897016
24673797,2748,A,H,0.5281577110445232,0.2173801607550233,0.25446212820045344
24673798,2748,H,H,0.6337999330679441,0.22398180534012,0.14221826159193582
24673799,2858,A,A,0.21469316912791328,0.26790414198926515,0.5174026888828216
24716678,2858,H,H,0.680328371718542,0.18729161960143,0.13238000868002794
24735728,2745,H,A,0.29246561933050663,0.28972548653190944,0.4178088941375838
24735748,2747,D,H,0.47966652372369595,0.2220635188885993,0.29826995738770484
24735752,2858,H,H,0.7144371620327407,0.20447961206274162,0.0810832259045178
24785962,2747,H,A,0.05542632769898667,0.15937246815364645,0.7852012041473668
24786057,2858,D,A,0.297734540443526,0.3280595725249673,0.37420588703150676
24786367,2894,A,H,0.4198946314522343,0.2099280186412654,0.3701773499065002
24786420,2745,H,H,0.45641531466968954,0.2877781250609898,0.25580656026932075
24786421,2745,H,H,0.4152479218234703,0.3103883011328667,0.274363777043663
24786422,2745,D,A,0.21717247874868711,0.28292356540811836,0.4999039558431946
24786423,2745,H,H,0.6739753457320097,0.20069824302021358,0.12532641124777671
24786425,2745,H,A,0.33608811627690766,0.30041981479700003,0.3634920689260925
24786444,2747,A,H,0.42021377798784154,0.29131334046894725,0.28847288154321116
24786445,2747,H,H,0.39783630407435217,0.32286902737656936,0.27929466854907836
24786447,2747,H,H,0.6925465956829683,0.21959275341499895,0.08786065090203277
24786456,2747,H,H,0.5808329614210604,0.2110329254849485,0.20813411309399105
24786466,2747,H,A,0.20408681919876437,0.20944163335866967,0.5864715474425659
24786856,2858,H,A,0.25938145531556545,0.29916233338873643,0.4414562112956981
24786940,2748,H,H,0.751878183074329,0.17425354889324396,0.073868268032427
24787034,2894,H,H,0.5123455255547914,0.32353364652248273,0.1641208279227258
24787065,2747,D,H,0.6575838718123141,0.17175454779368118,0.17066158039400467
24787075,2745,D,H,0.6174686954254128,0.24934466463497382,0.1331866399396133
24787076,2858,D,H,0.7655226854037054,0.16165278499464403,0.07282452960165052
24787130,2748,A,A,0.16286401698970823,0.21683512604937916,0.6203008569609126
24787226,2894,H,A,0.28562120788390577,0.2686538648475338,0.4457249272685604
24787238,2858,A,D,0.36329969149026614,0.36851401131724415,0.26818629719248976
24787247,2748,A,A,0.32393378755857377,0.2348898015466877,0.44117641089473864
24994606,2894,A,A,0.11087377054661787,0.20476450046391853,0.6843617289894637
24994653,2748,A,A,0.3192795875055649,0.250542996455406,0.43017741603902915
24994738,2858,H,A,0.150614326089779,0.2919848690851311,0.5574008048250898
24995061,2747,H,A,0.30561532795954993,0.2824220966707006,0.4119625753697495
24995161,2894,H,A,0.31879197465953274,0.27636268485876175,0.4048453404817054
24995211,2748,A,A,0.26672617433568085,0.31520393558415155,0.4180698900801675
24995213,2748,D,A,0.2822384075113559,0.25353529805575353,0.46422629443289065
24995215,2748,D,H,0.5137156175794234,0.275946962292287,0.21033742012828952
24995219,2748,H,H,0.4975619620233319,0.28711356208854516,0.2153244758881229
24995246,2745,A,H,0.5604180011092371,0.2994436032985365,0.14013839559222635
24995350,2858,H,H,0.5166756379965749,0.22627334947675995,0.2570510125266652
24995427,2748,D,A,0.2816130965026783,0.15124158141897615,0.5671453220783456
24995433,2747,H,A,0.19185172547651555,0.2093714807425336,0.5987767937809508
24995436,2745,A,A,0.11935574290609226,0.17245024733635267,0.7081940097575551
24995466,2894,A,H,0.5879916397069288,0.18363935277629923,0.228369007516772
24995475,2858,A,H,0.7205483600058142,0.18338522363082307,0.09606641636336266
24995541,2894,H,H,0.4250405991647758,0.2925467288515742,0.28241267198364994
24995542,2748,A,H,0.5578623523634284,0.24204089363166384,0.20009675400490784
24995548,2858,H,H,0.7183934515687059,0.2079759009540011,0.07363064747729295
25178889,2894,D,A,0.2591484491761731,0.20541729161190422,0.5354342592119228
25178912,2894,D,H,0.5757922839395965,0.21906322957850263,0.20514448648190084
25178919,2858,H,H,0.620764111049032,0.1924001632762814,0.18683572567468673
25197114,2894,A,A,0.09002086823912346,0.26859174150256526,0.6413873902583114
25302392,2745,D,A,0.27299996117418324,0.22116237142712777,0.505837667398689
25302409,2894,H,H,0.42372924551844754,0.2698532897057403,0.30641746477581205
25302415,2748,H,H,0.6382970714622866,0.23570418223847742,0.12599874629923605
25302419,2858,H,A,0.2249319958672874,0.29560411158045247,0.4794638925522602
25356523,2747,D,H,0.4478362852892353,0.21254893943799605,0.3396147752727686
25356925,2894,D,H,0.40012583811985375,0.3833304120667331,0.21654374981341312
25356979,2745,H,H,0.9044270860613942,0.07155616141745252,0.024016752521153196
25356980,2745,H,H,0.3566663638683153,0.33120588428018766,0.31212775185149705
25356981,2745,H,H,0.6497070148695718,0.21554735002890388,0.1347456351015242
25356982,2745,A,D,0.3049848900320368,0.3487319743791111,0.3462831355888521
25356983,2745,A,A,0.21850157337030315,0.3213172709329448,0.46018115569675205
25357011,2747,D,H,0.701686201594312,0.1722066053222729,0.1261071930834151
25357014,2747,D,A,0.16119734309449896,0.21938431930157273,0.6194183376039284
25357016,2747,H,H,0.5833808387683515,0.2193407947768474,0.19727836645480112
25357021,2747,H,A,0.2776291897350063,0.22851625385727048,0.4938545564077232
25357030,2747,A,H,0.5011520297746097,0.23065613808573032,0.26819183213965997
25357403,2858,A,H,0.3785602894769764,0.30904561630280936,0.3123940942202142
25357480,2748,H,A,0.1902238403067699,0.2145160009463785,0.5952601587468518
25357583,2894,D,A,0.23223484647377818,0.2292378940423481,0.5385272594838737
25357614,2747,D,A,0.09379471017014723,0.1733468299946906,0.7328584598351622
25357621,2745,A,H,0.6571731082514006,0.18927454482932962,0.15355234691926978
25357624,2858,H,H,0.45786249279319563,0.3569665265431708,0.1851709806636336
25357785,2894,A,A,0.30728899157929157,0.2757585557443424,0.4169524526763661
25357798,2858,A,A,0.3729483705149572,0.23217880887388506,0.3948728206111578
25357808,2748,A,A,0.2229326158932983,0.2142683183619225,0.5627990657447792
25580346,2894,D,H,0.6107005594646139,0.2132239904728874,0.1760754500624987
25580350,2748,H,A,0.2481839680064019,0.25624813470528013,0.4955678972883179
25580533,2858,D,A,0.22526075686262137,0.30873083613355234,0.4660084070038263
25580858,2748,H,H,0.5935607096929655,0.27651174900514847,0.1299275413018861
25580886,2747,A,A,0.3041480024501394,0.24236239864940368,0.453489598900457
25580985,2894,A,H,0.3791559593097436,0.30609656643204214,0.3147474742582142
25581055,2748,D,H,0.3699848256162078,0.2634619142053426,0.3665532601784495
25581057,2748,H,H,0.745659649465426,0.16648605544312395,0.08785429509145008
25581058,2748,H,A,0.2856838567822192,0.32292791579609875,0.391388227421682
25581069,2745,H,H,0.3992622378946132,0.31402481818920175,0.28671294391618507
25581156,2858,A,H,0.3762798526207916,0.2791090313240316,0.34461111605517675
25581237,2748,H,H,0.5233650131800754,0.27279281061900196,0.2038421762009226
25581240,2747,H,H,0.7134884743869019,0.14743674553450725,0.1390747800785909
25581243,2745,H,A,0.30533391752731864,0.23327173471734514,0.4613943477553363
25581264,2894,H,A,0.32918612305496375,0.2674374295445911,0.4033764474004451
25581273,2858,D,A,0.2958592310481276,0.33507031365514556,0.3690704552967269
25581342,2748,H,A,0.37500245515116154,0.19834725502259268,0.4266502898262457
25581343,2894,H,H,0.7295962914449774,0.19253725875230004,0.07786644980272255
25581347,2858,A,A,0.18025752598864775,0.27239775283187845,0.5473447211794739
25774953,2894,H,H,0.5080614709859245,0.30020852584451224,0.1917300031695632
25774988,2894,D,A,0.12618734105833956,0.2022611097161688,0.6715515492254917
25774991,2747,H,H,0.7682461050120379,0.15090152881538213,0.08085236617257983
25774993,2858,A,A,0.2319295545423117,0.35752187698722904,0.4105485684704592
25835780,2858,H,H,0.853949337476913,0.11994387278546609,0.02610678973762093
25910116,2745,H,H,0.4012051229226398,0.2952703176909983,0.30352455938636186
25910136,2894,A,A,0.12539642594790634,0.22466700901551742,0.6499365650365762
25910141,2748,H,A,0.28598370990643335,0.22220719643704315,0.4918090936565235
25910146,2858,H,H,0.6668666787817599,0.17194876778125404,0.1611845534369861
25968078,2747,A,A,0.09740868493553555,0.1400292120348303,0.7625621030296341
25968156,2858,D,H,0.5369291852272423,0.27540834382350365,0.18766247094925392
25968389,2894,A,A,0.2925987321971928,0.24325718634320725,0.4641440814596
25968447,2745,H,A,0.07547630913193748,0.16132127485300485,0.7632024160150577
25968448,2745,A,A,0.30015962129484464,0.23297573283108453,0.46686464587407067
25968449,2745,A,A,0.22623786955358,0.33735527689758016,0.43640685354883985
25968450,2745,H,H,0.4758055845343335,0.2747311247892297,0.24946329067643674
25968666,2747,D,H,0.4332278876357869,0.20822763929328356,0.3585444730709295
25968667,2747,A,H,0.6243613771517296,0.18615092105985262,0.18948770178841778
25968668,2747,A,H,0.5737620527312118,0.22744427256915323,0.1987936746996349
25968670,2747,H,A,0.22502769244379775,0.3174697432685071,0.45750256428769526
25968674,2747,D,A,0.10518024919357387,0.19137277783685372,0.7034469729695724
25968676,2747,A,H,0.5584023175752602,0.25719556785276587,0.18440211457197395
25968864,2858,H,H,0.48304711252585786,0.3472844043319728,0.16966848314216926
25968889,2748,D,H,0.45227750459758326,0.19300751906485775,0.35471497633755894
25968985,2894,A,A,0.2776848423671074,0.2612096138975145,0.46110554373537793
25969020,2745,H,H,0.6676865681538242,0.21722026122149454,0.11509317062468123
25969021,2747,A,H,0.4209332443421048,0.19231417903045434,0.38675257662744095
25969022,2858,H,A,0.3475299821684111,0.28393523510124113,0.3685347827303478
25969156,2894,H,H,0.501887556736093,0.25871669806413033,0.23939574519977674
25969159,2748,H,H,0.5408266558869314,0.25358044280700054,0.20559290130606814
25969168,2858,A,A,0.2334909127154196,0.25949239111439093,0.5070166961701895
26196108,2894,A,H,0.5635573319670555,0.1778636546531572,0.2585790133797873
26196118,2748,H,A,0.3960416605261602,0.20498705929555155,0.3989712801782883
26196260,2858,A,D,0.29884524486717495,0.3691373320797702,0.3320174230530549
26196470,2748,H,H,0.4408230412500709,0.3395569814452662,0.21961997730466296
26196473,2748,A,A,0.24201823808804623,0.2000985855179738,0.55788317639398
26196474,2748,H,H,0.5517126193274359,0.28945689762918086,0.15883048304338326
26196476,2748,A,D,0.29098052514061695,0.3738325325127012,0.3351869423466819
26196528,2747,H,H,0.5865771124368233,0.22334790206917107,0.19007498549400562
26196552,2894,D,H,0.5889475720244688,0.22389377796467141,0.18715865001085982
26196553,2894,A,A,0.12295763491413438,0.27805134710960977,0.5989910179762559
26196598,2745,D,H,0.5795060506985332,0.2872460353443414,0.13324791395712535
26196689,2858,D,H,0.5726753117547907,0.27387288143967914,0.15345180680553022
26196759,2748,H,H,0.5876979288973203,0.23333719040890677,0.17896488069377298
26196770,2745,H,H,0.7119551252685542,0.19309452192339507,0.09495035280805068
26196772,2747,H,H,0.4788403697729537,0.2590766640307073,0.2620829661963391
26196796,2894,A,A,0.183513289892571,0.2610767327071072,0.5554099774003219
26196807,2858,H,H,0.5800444702112826,0.19204838988933876,0.2279071398993787
26196834,2745,A,H,0.5017450215225986,0.23613293733850074,0.26212204113890064
26196852,2748,A,A,0.265822185568188,0.18874247601037808,0.5454353384214339
26196853,2894,H,H,0.5297592184331708,0.29001755721246636,0.1802232243543628
26196857,2858,H,H,0.8112389665957294,0.14526791133288783,0.04349312207138289
26392396,2894,D,H,0.6266247151117229,0.20136667505127495,0.17200860983700206
26392405,2858,H,A,0.30638785103060157,0.2528403826698079,0.4407717662995906
26529928,2745,H,H,0.5041634529679894,0.28213129175761903,0.2137052552743916
26529954,2748,H,H,0.7174353429094388,0.15756850169401276,0.12499615539654856
26529957,2747,D,H,0.5763428897512509,0.2227186124471448,0.2009384978016042
26529959,2858,A,A,0.2569212477868416,0.28853490621172584,0.4545438460014325
26529985,2747,H,A,0.3456495033466332,0.18571791588628928,0.4686325807670776
26589482,2858,H,H,0.4243305816640189,0.35066060283384026,0.22500881550214077
26589856,2745,H,H,0.5120111099313847,0.28602053308896697,0.20196835697964835
26589857,2745,A,H,0.46671695534139207,0.2175665958219565,0.3157164488366515
26589859,2745,A,A,0.2461267704549754,0.27718497770926276,0.4766882518357619
26589860,2745,H,H,0.46768819560894154,0.3716449039260902,0.16066690046496826
26589861,2745,H,H,0.4694503505224633,0.2924326976026438,0.23811695187489296
26590134,2747,A,A,0.33297155475489737,0.2460172731509188,0.4210111720941838
26590137,2747,H,H,0.5459465985734796,0.24211441095848377,0.21193899046803666
26590139,2747,A,A,0.10938215365362022,0.1385811796222006,0.7520366667241792
26590143,2747,H,H,0.5758707719279313,0.2144221198029909,0.20970710826907787
26590322,2858,H,A,0.22526391860301684,0.2903037355136267,0.4844323458833564
26590361,2748,A,A,0.18840644741567303,0.2514116521916719,0.560181900392655
26590538,2894,A,A,0.0834396263839654,0.24471909562008384,0.6718412779959508
26590567,2745,H,A,0.33897981524245085,0.24957567109185122,0.4114445136656979
26590568,2747,A,A,0.05497889031748776,0.15157944193788478,0.7934416677446274
26590570,2858,D,H,0.6068802019081094,0.26131033710290763,0.13180946098898297
26590737,2747,D,A,0.13619374132459547,0.1865322738383071,0.6772739848370974
26590738,2894,A,A,0.37122039154717423,0.24513697961776532,0.38364262883506045
26590741,2748,D,A,0.23436045598018473,0.20986176559323025,0.5557777784265849
26590752,2858,H,H,0.4050930541600976,0.21428414271443086,0.38062280312547153
26591038,2747,H,H,0.4705310009302602,0.2249150768472566,0.3045539222224833
26808097,2894,H,A,0.20813723069070328,0.2645109427728952,0.5273518265364016
26808107,2748,A,H,0.474186327998383,0.2555841056142045,0.27022956638741247
26808291,2858,A,H,0.4886584372223199,0.2213331682454173,0.2900083945322628
26808468,2747,H,H,0.4512050835192137,0.23995246395268957,0.30884245252809683
26808574,2748,H,D,0.37887195994096423,0.3843365688491252,0.2367914712099106
26808579,2748,D,H,0.4677785121125018,0.26861306192917445,0.26360842595832373
26808582,2748,A,A,0.2535945255920726,0.23433036157500636,0.5120751128329212
26808593,2748,H,H,0.5454089012968898,0.24830310465965055,0.20628799404345963
26808698,2894,H,A,0.19597384678887073,0.3410611349003953,0.4629650183107341
26808773,2745,D,H,0.39921858244482694,0.27334059941142425,0.32744081814374876
26808900,2858,H,H,0.6491743606434545,0.21980325540152928,0.13102238395501623
26808975,2748,A,H,0.5153261483431081,0.23132834415764497,0.25334550749924695
26808980,2745,H,H,0.7857619630824657,0.13327566658904813,0.08096237032848617
26809005,2894,D,H,0.6687880293541085,0.21819376916437278,0.11301820148151875
26809016,2858,H,A,0.0917572092644507,0.3024773148676852,0.6057654758678641
26809095,2748,A,A,0.3772896994461384,0.2036981051085094,0.4190121954453523
26809096,2894,H,A,0.3722692429594407,0.24976385729062456,0.3779668997499347
26809103,2858,A,H,0.40778242656190766,0.3039664078031529,0.28825116563493947
26975874,2894,A,A,0.20238182105532834,0.20771250353262163,0.5899056754120501
26975908,2894,H,H,0.5965089058221069,0.24345436374615473,0.16003673043173836
26975915,2858,H,H,0.5109292123915514,0.2914389553013389,0.19763183230710965
27000663,2894,H,A,0.17899854465766724,0.22771136271079892,0.5932900926315339
27000705,2894,H,H,0.4580422788852877,0.29203244591281036,0.2499252752019019
27094229,2745,H,H,0.49835670151498285,0.20920373259636343,0.29243956588865355
27094244,2894,A,H,0.6125197249512413,0.1988093540863095,0.18867092096244917
27094250,2748,D,H,0.6437803519892106,0.1864774779549196,0.1697421700558698
27094258,2858,D,H,0.7321404657356402,0.18923744435618095,0.07862208990817887
27153553,2747,H,H,0.5054914840340076,0.22780485762748298,0.26670365833850945
27153730,2858,H,A,0.3294911769524451,0.2950601289704096,0.3754486940771453
27154184,2894,H,H,0.50218351663163,0.24563862137316306,0.25217786199520703
27154264,2745,D,H,0.45315888987471176,0.33495769009254495,0.21188342003274324
27154265,2745,H,H,0.5606023378643742,0.2349015353858823,0.20449612674974352
27154267,2745,D,H,0.40771101154692596,0.25277464141546,0.3395143470376141
27154268,2745,A,A,0.3064933641668517,0.3431975001663729,0.3503091356667754
27154269,2745,H,H,0.45021067169891354,0.30967419789450557,0.24011513040658086
27154588,2747,H,H,0.7946238441213296,0.1432938922080285,0.06208226367064201
27154589,2747,H,H,0.3878663784730356,0.231363660219595,0.38076996130736934
27154593,2747,H,H,0.6457099452967916,0.1900707175315453,0.16421933717166315
27154595,2747,H,H,0.5142935155979571,0.23293014867529407,0.25277633572674885
27154601,2747,H,A,0.2678496093526375,0.3293011662756339,0.4028492243717285
27154776,2858,A,A,0.32257131009635626,0.3126094120734155,0.36481927783022816
27154818,2748,D,A,0.3400870128462978,0.23346483312131447,0.4264481540323877
27155024,2894,D,H,0.5203503977050157,0.21831631158469186,0.2613332907102925
27155052,2745,A,A,0.13112331313440756,0.19042355943297112,0.6784531274326212
27155053,2747,H,H,0.46916407883816935,0.2575747751382211,0.2732611460236095
27155054,2858,A,H,0.5610012010965847,0.30733140822161764,0.13166739068179764
27155238,2894,H,H,0.4408582310813813,0.25301252158140713,0.3061292473372115
27155241,2748,H,H,0.5897134523174445,0.2333465968453582,0.17693995083719727
27155251,2858,H,H,0.6403393745830187,0.21779812937395351,0.14186249604302775
27155754,2894,D,H,0.5454799200439404,0.21840642344593056,0.23611365651012897
27155755,2858,D,H,0.44811301466225634,0.24015142028141245,0.3117355650563312
27155760,2748,D,A,0.132058173608841,0.33055476645602855,0.5373870599351304
27155776,2894,H,A,0.34408975893832944,0.26675197644385534,0.3891582646178152
27155777,2858,D,A,0.14374922672254145,0.3330597204217235,0.5231910528557351
27155795,2894,D,A,0.3375865939163476,0.29759037127947385,0.3648230348041785
27155805,2858,H,D,0.34895447707043564,0.3866027176157468,0.2644428053138176
27155809,2748,H,H,0.5180868866738494,0.2976748620474077,0.18423825127874305
27155810,2748,A,H,0.48398087195951817,0.24537545717281095,0.2706436708676709
27155811,2748,H,H,0.6494975556930108,0.22578690838034088,0.12471553592664837
27155812,2748,A,H,0.5051030456159062,0.21189918796654128,0.2829977664175525
27155814,2747,D,H,0.4114811816763206,0.2895539562384747,0.29896486208520484
27155818,2745,H,H,0.6041186546480897,0.23354588326820505,0.16233546208370528
27155821,2858,H,H,0.6518280748573341,0.2144244838251974,0.1337474413174685
27155824,2748,D,H,0.6497172473428695,0.18678804266178822,0.16349470999534227
27155826,2745,D,H,0.4042748523737305,0.2855717892432104,0.3101533583830591
27155827,2747,H,H,0.5077662171984527,0.17442758031819552,0.31780620248335173
27155830,2894,H,H,0.6330220785598942,0.193187031238798,0.17379089020130778
27155834,2748,A,A,0.3627054386943938,0.20708830025822367,0.43020626104738247
27155839,2894,H,H,0.5506127033703133,0.25795631553338616,0.19143098109630055
27155841,2894,H,H,0.34425813619391743,0.31518970271261726,0.3405521610934654
27155842,2747,H,A,0.35255266887232234,0.27036905385303484,0.3770782772746429
27155843,2858,D,H,0.3778932163979722,0.29215866295608983,0.329948120645938
27613918,2858,H,H,0.409746658401518,0.2517839166992353,0.3384694248992467
27613922,2747,A,A,0.2865855016633806,0.24622519820772,0.4671893001288996
27613924,2747,H,A,0.24065388841311453,0.34103940810258027,0.4183067034843052
27613927,2748,A,A,0.18597283848387325,0.19036147968377692,0.6236656818323498
27613928,2748,A,A,0.13209254189340489,0.17223554932236057,0.6956719087842345
27613929,2748,D,A,0.21163515410607778,0.1644052004112846,0.6239596454826377
27613930,2748,D,H,0.5234809930330859,0.25455617928003677,0.22196282768687725
27613931,2747,D,H,0.5779480696050497,0.23762714549704056,0.18442478489790973
27613932,2748,D,H,0.6542405925439478,0.20393309094092482,0.14182631651512734
27613933,2748,D,A,0.26206560322796285,0.2766273435393117,0.4613070532327253
27613934,2748,H,H,0.5496309187289763,0.27221678961941304,0.17815229165161067
27613935,2748,A,A,0.23600281192290962,0.27147681396272094,0.49252037411436955
27613936,2748,A,D,0.31797139728971885,0.34246447565961013,0.339564127050671
27613946,2748,A,H,0.4071692829259916,0.2368606100262055,0.35597010704780285
27613947,2858,A,A,0.328844645548418,0.2820562216388216,0.38909913281276043
27613948,2894,D,H,0.7488521331000008,0.17214526101486705,0.07900260588513204
27613949,2858,A,A,0.23380078132983304,0.24573816807742527,0.5204610505927417
27613950,2894,H,H,0.7075619654529975,0.2101416623066779,0.08229637224032456
27613951,2745,D,H,0.4669593716548468,0.2552006807510648,0.2778399475940884
27613952,2858,D,H,0.4230897574846301,0.2896229047897454,0.2872873377256244
27613953,2745,D,A,0.28250048232117153,0.2513422664481718,0.4661572512306567
27613954,2745,A,H,0.5931725266446862,0.2537018579838583,0.15312561537145541
27613955,2894,H,A,0.12626451832828095,0.27137284821448315,0.6023626334572358
27613956,2858,D,H,0.3827644433695389,0.3246123380921104,0.29262321853835077
27613957,2747,H,A,0.06639374795272007,0.16437860632680318,0.7692276457204769
27613958,2858,H,H,0.7943103286307972,0.15814357962478942,0.0475460917444135
27613959,2894,A,A,0.22673181917023819,0.3074251451956442,0.46584303563411766
27613960,2745,H,H,0.8697533651844656,0.10173622753528849,0.028510407280245943
27613961,2745,H,H,0.7037312568194541,0.20021005526075358,0.09605868791979229
27613962,2745,D,H,0.47041779938360484,0.27222983368164005,0.257352366934755
27613963,2745,D,D,0.3012759173558387,0.35690163147051696,0.3418224511736443
27613964,2747,D,A,0.18742598436219113,0.20024814965252172,0.6123258659852872
27613965,2747,H,H,0.599904862107714,0.2590458728381062,0.14104926505417983
27613966,2858,D,H,0.3846697000375547,0.3058597092449946,0.30947059071745064
27613967,2894,H,H,0.5561693991518759,0.21857886049446326,0.22525174035366077
27613968,2894,A,H,0.4578490751931654,0.32410874652398897,0.21804217828284572
27613969,2747,A,A,0.08371934416140098,0.19434646289720667,0.7219341929413924
27613970,2894,D,A,0.36362242054173727,0.2402762982061057,0.39610128125215704
27613971,2858,H,H,0.4459613257984765,0.2794617537168284,0.2745769204846949
27613972,2894,A,A,0.35554341919989935,0.2532108568986513,0.3912457239014493
27613973,2858,D,A,0.2173570338579266,0.2982588274259639,0.4843841387161095
27613974,2747,A,A,0.11457134117485526,0.18307653439655736,0.7023521244285873
27613975,2747,D,H,0.43187298402180624,0.20770879313866747,0.36041822283952624
27613976,2894,A,A,0.1577462224742658,0.23277381907435615,0.6094799584513779
27613977,2894,D,A,0.3326365892766138,0.30404542486551456,0.3633179858578716
27613978,2745,H,H,0.5535520550617596,0.23251551022190226,0.21393243471633813
27613979,2858,H,H,0.5279042289292548,0.2562468089432755,0.2158489621274697
27613980,2745,A,A,0.28125996931672553,0.2753661651183619,0.4433738655649126
27613981,2747,H,H,0.5602908376667303,0.26615849897598565,0.1735506633572841
28354617,2747,D,H,0.5794441167217141,0.2385783365863806,0.18197754669190527
28354635,2894,H,H,0.3630440353414088,0.2805331500390867,0.3564228146195044
28354636,2748,H,H,0.47061465000153185,0.3199130933315921,0.20947225666687605
28354637,2858,H,H,0.6204022955663622,0.23407486193758711,0.14552284249605074
28354643,2858,D,H,0.47947915694654464,0.30875005042353143,0.21177079262992382
28354644,2858,A,A,0.2723768704089383,0.2638193556806815,0.46380377391038036
28354645,2748,H,H,0.7486949785646141,0.16226836520032153,0.08903665623506427
28354647,2748,D,H,0.5680928968732731,0.24291961193756786,0.188987491189159
28354648,2748,D,H,0.34082732982531555,0.33172738471870844,0.327445285455976
28354649,2858,H,H,0.6990860972514704,0.2069997929252604,0.09391410982326903
28354650,2747,A,A,0.12494666658963291,0.19170354477060797,0.6833497886397591
28354651,2745,A,H,0.40102602032378865,0.32328133442468426,0.2756926452515271
28354652,2747,D,H,0.42616048481855046,0.28500869781659594,0.28883081736485366
28354653,2858,H,H,0.5293281659252832,0.25778258102453516,0.2128892530501816
28354654,2894,D,H,0.5423043833503461,0.28077121693995866,0.1769243997096953
28354655,2748,H,H,0.4301776864458611,0.3051181649921343,0.26470414856200464
28354656,2745,D,H,0.514797526663612,0.26252079309249005,0.2226816802438979
28354657,2894,H,H,0.5642113162174406,0.2517404464201737,0.1840482373623857
28354658,2894,H,H,0.6688524489116467,0.19759732016940632,0.13355023091894686
28354659,2747,D,A,0.27910033996832784,0.24002752587695125,0.48087213415472096
28354660,2894,D,A,0.2517066079703607,0.2935307199310366,0.4547626720986028
28354661,2747,H,H,0.6193202189308067,0.22915421956634957,0.15152556150284377
28354662,2745,D,H,0.3745634337355708,0.32523300822869683,0.30020355803573223
28354663,2745,H,A,0.16580672362285687,0.21334976831423613,0.620843508062907
28354664,2745,H,H,0.5631205235686637,0.23568873367338997,0.2011907427579463
28354665,2858,A,A,0.22251862618438886,0.27151653582478363,0.5059648379908276
28354666,2748,D,H,0.5923511153834076,0.18787724426683125,0.21977164034976113
28354667,2745,D,H,0.4541840871868065,0.2827664893089981,0.2630494235041954
28354668,2747,H,H,0.7377495058776141,0.1666991233455028,0.09555137077688304
28354669,2748,A,A,0.1848442705482373,0.244587519336789,0.5705682101149737
28354670,2894,H,H,0.37237416388222916,0.257930914830872,0.36969492128689896
28354671,2745,H,H,0.6786469986832702,0.2032251546687328,0.11812784664799705
28354672,2747,A,H,0.35354910342098034,0.29461171579786305,0.35183918078115667
28354673,2858,D,H,0.5307691674403603,0.2676751495098656,0.20155568304977411
28354674,2748,A,A,0.27042362602693387,0.2420858413154349,0.48749053265763115
28354675,2894,H,H,0.6817709169951174,0.15709815435063101,0.1611309286542517
28354676,2894,A,A,0.14188138456512128,0.19758637870163995,0.6605322367332388
28354677,2745,H,D,0.3317326861484583,0.34813788836560394,0.3201294254859378
28354678,2858,A,H,0.4029136290901819,0.30577613783802265,0.2913102330717954
28354679,2748,A,H,0.4631943195399703,0.2478836509307452,0.2889220295292845
28354680,2745,H,A,0.1431997858601626,0.2061218050436526,0.6506784090961847
28354681,2894,H,H,0.3783060354427026,0.25186373643995164,0.3698302281173458
28354682,2858,H,H,0.361742217491828,0.3386184301762363,0.2996393523319356
28354683,2748,A,H,0.42639371883786564,0.21682114612527195,0.3567851350368623
28354684,2894,A,H,0.5209553578697352,0.2104386408047491,0.2686060013255157
28354685,2858,H,A,0.3189635727069486,0.3151699524859051,0.3658664748071463
28487058,2747,H,H,0.612999482284861,0.1727324501364888,0.2142680675786503
28557736,2747,H,H,0.6429598286751876,0.17966936040925288,0.17737081091555948
28557737,2747,H,H,0.7435085561240857,0.14548142735975605,0.11101001651615823
29855285,2894,D,H,0.4556815446272848,0.30897435663096806,0.2353440987417471
29855287,2858,H,H,0.5687876085234365,0.26516189604237184,0.16605049543419176
29855288,2894,H,H,0.5086054295157961,0.20852652793600202,0.2828680425482019
29855293,2747,H,H,0.39644107246882276,0.2638807395777524,0.3396781879534248
29855299,2747,H,H,0.4309269750604502,0.2545630052608292,0.3145100196787206
29855300,2748,H,H,0.47390150061533,0.2632913624709447,0.26280713691372526
29855313,2747,D,A,0.1769219462097274,0.2812390682737768,0.5418389855164958
29855314,2858,D,H,0.40730943449511753,0.2733105446820953,0.31938002082278705
29855315,2748,D,H,0.547308468079693,0.23467085171937635,0.21802068020093066
29855316,2858,D,H,0.6833965981708892,0.19143433175223584,0.12516907007687497
29855328,2894,H,H,0.3913735227161011,0.25112341224325396,0.357503065040645
29855329,2858,A,A,0.3447674035984193,0.3041121921906853,0.3511204042108954
29855330,2894,H,H,0.6222985594960794,0.2532802372117016,0.12442120329221892
29855332,2894,A,D,0.28271851630045547,0.36553340922671795,0.35174807447282663
29855333,2858,H,H,0.527380698324684,0.28129620375126074,0.19132309792405527
29855334,2894,A,A,0.18417016781757106,0.28975270265953357,0.5260771295228954
29855336,2747,H,A,0.3039511457503165,0.3152754149555461,0.3807734392941374
29855337,2747,H,A,0.1949891045191679,0.2861307187741169,0.5188801767067153
29855340,2745,A,H,0.6091561408345173,0.2362418894610808,0.15460196970440193
29855341,2745,D,H,0.5510217452704288,0.2898963354736427,0.15908191925592854
29855342,2894,A,H,0.6314776352661136,0.21465677200985903,0.15386559272402744
29855343,2745,H,H,0.6015678830721386,0.17827174346880287,0.22016037345905856
29855344,2858,D,D,0.3162942566997881,0.35206466271048403,0.3316410805897278
29855345,2747,A,H,0.49488575345185565,0.2050263990083441,0.3000878475398004
29855347,2858,H,H,0.8388972128893037,0.11651169552101726,0.044591091589679006
29855348,2894,A,H,0.5217248929791174,0.22199565024949222,0.2562794567713903
29855349,2748,A,A,0.22212442517292788,0.25705008041475963,0.5208254944123125
29855355,2748,H,H,0.6670944471632009,0.20712805185452823,0.1257775009822709
29855359,2748,D,A,0.12417970151626916,0.22892253631409915,0.6468977621696318
29855360,2748,H,A,0.3133574472327504,0.26287340290957406,0.42376914985767555
29855361,2894,D,H,0.4033079790368374,0.3297274318679968,0.2669645890951658
29855363,2745,D,D,0.37535630190038344,0.4058510789161315,0.21879261918348497
29855365,2748,H,H,0.5613688131930658,0.21804450238972758,0.2205866844172067
29855366,2745,A,H,0.41292460981886697,0.2757106261065855,0.31136476407454755
29855370,2858,H,A,0.3255561645887124,0.31770173105166216,0.35674210435962533
29855375,2748,A,H,0.4181794195912093,0.31568207908775175,0.266138501321039
29855377,2747,H,H,0.7361161610876962,0.1607718248289811,0.10311201408332282
29855378,2747,D,H,0.6287042374555796,0.2089150828721304,0.16238067967229003
29855379,2745,H,H,0.4774631133401907,0.24256491038130837,0.279971976278501
29855380,2894,H,H,0.6325730195916783,0.2308054411796577,0.136621539228664
29855385,2747,H,H,0.5342688746470176,0.18520371219971601,0.2805274131532664
29855387,2747,D,A,0.2570435050697862,0.2520598210973138,0.49089667383290014
29855388,2858,A,A,0.14025256045858034,0.2017994861355882,0.6579479534058315
29855389,2745,D,H,0.5697895056992116,0.29033437868859246,0.13987611561219587
29855410,2745,D,H,0.6999525464253876,0.20326572394871956,0.09678172962589279
29855411,2745,A,A,0.313683122394806,0.25851042589035916,0.42780645171483483
29855414,2748,A,A,0.35911998918366117,0.1947355575707158,0.4461444532456231
29855429,2748,H,H,0.4439085210501305,0.274182789941728,0.2819086890081416
29855430,2858,D,H,0.6263435045053911,0.23963645984595824,0.13402003564865064
30472937,2858,A,H,0.6455830979738653,0.24008143358244802,0.11433546844368671
30472938,2858,A,H,0.7642367539933134,0.15557655893036512,0.08018668707632157
30472939,2858,A,A,0.23610649663974273,0.31439414971888646,0.4494993536413707
30472940,2858,H,H,0.5048444141545873,0.27971354115983305,0.21544204468557965
30472941,2858,H,H,0.6352834551691935,0.2602852569681973,0.10443128786260919
30472942,2858,H,H,0.5849863128631451,0.26145926997246266,0.15355441716439222
30472943,2858,D,A,0.3543601109587292,0.2674976379270746,0.3781422511141962
30472944,2858,D,A,0.2520197536261135,0.30399247433853016,0.44398777203535633
30472945,2894,A,H,0.5382326156179428,0.22146210352733334,0.24030528085472397
30472946,2894,H,D,0.3022274824605163,0.3545729013913714,0.34319961614811234
30472947,2894,H,H,0.36405650740804235,0.302384000287564,0.3335594923043937
30472962,2894,A,A,0.28034094608392585,0.19970580333765672,0.5199532505784176
30472967,2894,A,H,0.36154546353166017,0.291850540061189,0.3466039964071509
30472969,2894,A,A,0.09670517359186709,0.17297092607062567,0.7303239003375072
30472970,2894,D,H,0.5725718484545382,0.286156078134707,0.14127207341075482
30472971,2894,D,A,0.13613971207955503,0.1989622771399334,0.6648980107805115
30472978,2748,A,A,0.22093007755011515,0.2519912786310979,0.527078643818787
30472980,2894,D,H,0.5229094361826215,0.2792437685342078,0.1978467952831706
30472988,2894,D,H,0.762173546668584,0.1491877905902816,0.0886386627411344
30472992,2748,D,A,0.19396447471612677,0.2649358434482762,0.5410996818355971
30472995,2748,H,H,0.613685127374545,0.19284988892683197,0.19346498369862306
30473003,2745,H,D,0.3258893203979842,0.37114389057377994,0.3029667890282359
30473004,2858,A,A,0.290581633386323,0.25886897039250556,0.45054939622117157
30473008,2748,D,A,0.25873498494693015,0.2510332868412924,0.4902317282117774
30473009,2748,H,H,0.41108998237632727,0.19766231859437786,0.3912476990292948
30473014,2747,H,H,0.5777728578328077,0.23198942488501778,0.19023771728217437
30473015,2747,A,A,0.19383212674454897,0.22313192244109048,0.5830359508143605
30473016,2747,A,H,0.4451109942818645,0.2600731122222476,0.2948158934958878
30473017,2747,A,H,0.5538019638573715,0.25344739401936917,0.19275064212325937
30473018,2747,H,H,0.5859207262404152,0.22232128729416492,0.19175798646541983
30473019,2747,D,A,0.24124491782102156,0.1425123729964666,0.6162427091825118
30473020,2747,H,A,0.2521460340741259,0.2392969801103665,0.5085569858155077
30473021,2747,H,A,0.18856063161300557,0.24652335948340642,0.5649160089035881
30473024,2745,A,A,0.18471953320243914,0.2854759258319725,0.5298045409655884
30473025,2745,H,H,0.537064690428883,0.2566284936583085,0.20630681591280856
30473026,2745,D,H,0.683465174659709,0.19195498671399258,0.12457983862629846
30473027,2745,A,D,0.2540157917907966,0.3949621922781421,0.35102201593106125
30473028,2745,A,A,0.3551861253167077,0.27832187269631165,0.3664920019869806
30473029,2745,A,A,0.1988906919610743,0.2769175189495145,0.5241917890894111
30473032,2748,A,H,0.3813177952066664,0.27629622108282864,0.34238598371050494
30473033,2748,A,H,0.4889197711355836,0.2521366140937866,0.2589436147706297
30473042,2747,A,A,0.0970405693932765,0.18485027488144815,0.7181091557252752
30473046,2748,A,D,0.34009558648477195,0.3951733120446449,0.26473110147058315
30473048,2748,H,A,0.1109464551097656,0.2525111686246928,0.6365423762655417
30473050,2747,A,A,0.3079690377603349,0.2677696165340922,0.42426134570557295
30473051,2745,H,H,0.47599889392620237,0.24205327791342687,0.28194782816037084
30473054,2748,D,H,0.7311825037788077,0.15784243885705337,0.11097505736413901
30473056,2745,H,H,0.5629783723015626,0.1765448396341255,0.26047678806431196
30613808,2858,D,H,0.6135936173430502,0.26508454299287504,0.12132183966407477
31305761,2747,H,A,0.364205469685088,0.25758914942884403,0.3782053808860679
31305762,2747,A,H,0.5463360519610827,0.3108241913967708,0.1428397566421465
31305763,2747,A,A,0.3587400498122871,0.23886376217857722,0.40239618800913574
31305764,2747,H,H,0.8143313344558966,0.11554189989448387,0.07012676564961963
31305765,2747,D,A,0.09901866908404737,0.14185177761702836,0.7591295532989242
31305766,2747,A,A,0.16741833316875204,0.32829978594573417,0.5042818808855137
31305767,2747,A,A,0.12504887159491934,0.17329051502344206,0.7016606133816387
31305768,2747,H,A,0.280614678463077,0.21674049384185534,0.5026448276950676
31305769,2747,A,A,0.31100415701463957,0.242070308751798,0.44692553423356246
31305770,2747,A,A,0.2186847154628126,0.2096409954787718,0.5716742890584157
31503252,2894,H,H,0.37050416015756865,0.3395737410033484,0.28992209883908293
31503417,2745,H,H,0.43351048130470726,0.23773446501289558,0.3287550536823972
31503437,2894,A,A,0.24034510143046203,0.34199595203459204,0.41765894653494595
31503448,2748,A,A,0.31826169934961834,0.24069911804803715,0.4410391826023446
31503453,2858,H,H,0.4952903548716666,0.2741793857961997,0.23053025933213375
31519684,2858,A,H,0.5521700108319448,0.22483884298097936,0.2229911461870758
31519685,2894,D,H,0.5549979272122868,0.20095487200866477,0.24404720077904835
31519686,2858,A,H,0.47551854469978483,0.3153875806283696,0.2090938746718457
31519687,2858,H,H,0.6815481929442628,0.22281980316289257,0.09563200389284456
31519688,2858,D,A,0.1448706503862823,0.24930538286514625,0.6058239667485714
31519689,2858,H,H,0.7017511654872448,0.22013190963889506,0.07811692487386017
31519690,2748,H,H,0.6625569625458233,0.1892784241922941,0.14816461326188266
31519691,2858,A,A,0.09892137226814945,0.15776917413039673,0.7433094536014538
31519692,2858,H,H,0.6881022136822347,0.19447651089898316,0.11742127541878218
31519693,2858,H,H,0.514489083632152,0.2507466666119759,0.23476424975587198
31519694,2858,A,H,0.6686972492637163,0.22359971287908384,0.10770303785719976
31519695,2894,H,H,0.39308363655806544,0.30790922477838184,0.2990071386635527
31519696,2748,H,H,0.6824730162433955,0.2061371363874612,0.1113898473691433
31519697,2894,H,A,0.2965206925490443,0.27568325307524344,0.42779605437571233
31519698,2748,H,H,0.5310411295138188,0.2811902502718973,0.18776862021428392
31519699,2748,H,H,0.5054254558620191,0.2641071826855576,0.23046736145242322
31519700,2894,D,H,0.5457775842445883,0.2622129209110337,0.19200949484437804
31519701,2748,H,A,0.15895875730865988,0.20288576446284468,0.6381554782284955
31519702,2748,H,A,0.39539726186257074,0.20605418809102646,0.3985485500464029
31519703,2748,H,H,0.48372684670837784,0.3573022695923231,0.15897088369929913
31519704,2894,D,H,0.5121122480388777,0.28346779633477603,0.20441995562634635
31519705,2748,H,H,0.4952990968696963,0.2421357559690307,0.2625651471612729
31519706,2894,A,H,0.7391726723608086,0.15153438491089102,0.10929294272830041
31519707,2894,D,H,0.7312506521453547,0.1877033410134059,0.08104600684123944
31519708,2748,H,A,0.36051140313983776,0.24322171301209278,0.39626688384806946
31519709,2894,D,A,0.28114177393960754,0.22196963420032256,0.49688859186006995
31519710,2745,D,H,0.3989032808288741,0.34434406563088144,0.2567526535402445
31519711,2745,D,A,0.328169242597695,0.2570556804880862,0.4147750769142189
31519712,2745,D,D,0.35049987377195985,0.35370597956281785,0.2957941466652223
31519713,2745,D,H,0.5612640265638983,0.260135287028654,0.17860068640744775
31519714,2745,A,A,0.2539543630591335,0.34350249246668435,0.4025431444741821
31519715,2745,H,H,0.7626036942893621,0.16787932994119897,0.06951697576943887
31519716,2745,D,D,0.24822102309764238,0.38044259908344374,0.3713363778189139
31519717,2745,D,H,0.8329249302857783,0.11921203243575643,0.047863037278465206
32208492,2745,D,A,0.24221851174455145,0.3471796618947971,0.41060182636065157
32208501,2894,H,A,0.3234961377460682,0.26797172464709346,0.4085321376068383
32208511,2748,A,A,0.1194011715912245,0.18492295900593309,0.6956758694028423
32208516,2747,D,H,0.718509039867488,0.16974724056198123,0.11174371957053086
32208517,2858,D,H,0.4530363766179565,0.27853899920696823,0.26842462417507523
32208736,2747,H,H,0.7072974538296182,0.14095722515593156,0.15174532101445032
32290738,2747,H,H,0.4385723243388171,0.30283685621273826,0.2585908194484447
32290890,2858,H,H,0.45552015722417866,0.28582540518121075,0.2586544375946107
32291132,2894,H,A,0.21875366831057763,0.3007849083699898,0.48046142331943253
32291306,2745,H,A,0.18225586240332253,0.2457493056659518,0.5719948319307256
32291307,2745,A,H,0.3751271776004555,0.3642207470514916,0.2606520753480528
32291308,2745,A,A,0.32629975711859477,0.3159202543487494,0.3577799885326558
32291309,2745,A,H,0.4469209319735128,0.2734007917065634,0.2796782763199238
32291904,2747,D,A,0.31018394560492335,0.25001833523241146,0.4397977191626652
32291913,2747,D,H,0.39094502269220266,0.2831758340803511,0.32587914322744627
32291921,2747,H,H,0.3879239057464526,0.24512436604240465,0.36695172821114275
32291924,2747,H,H,0.7887412672978904,0.13103569790581593,0.08022303479629368
32291965,2858,A,A,0.26444147718263333,0.2952719738422784,0.4402865489750884
32292088,2748,D,A,0.15586090197715946,0.21525767250166009,0.6288814255211805
32292337,2894,A,H,0.44735171614963154,0.3178485068144787,0.23479977703588972
32292464,2745,H,H,0.5059229352297889,0.2394760366730122,0.25460102809719887
32292469,2858,H,H,0.4702103797203284,0.29088170039675415,0.23890791988291735
32292470,2858,H,A,0.1802454849085101,0.33544353290603757,0.48431098218545227
32292628,2894,D,A,0.3359167386589272,0.2996611260756849,0.36442213526538786
32292633,2748,H,H,0.47344657192829304,0.24784500822274844,0.2787084198489586
32292650,2858,H,H,0.721644645372808,0.16012013905273495,0.11823521557445708
32292964,2747,D,A,0.25147321921385873,0.1524297237434212,0.5960970570427201
32617668,2894,A,A,0.17832547088116896,0.1886188324019232,0.6330556967169078
32617693,2748,A,H,0.5490583403778854,0.21378780987649956,0.23715384974561507
32617936,2858,A,D,0.3298658214540876,0.3362381266811426,0.33389605186476984
32618229,2748,D,A,0.2960948316166651,0.2866003442015001,0.41730482418183484
32618241,2748,A,H,0.38193566229591686,0.3507121517964178,0.2673521859076653
32618244,2748,D,H,0.48797480573681445,0.3151275818318642,0.19689761243132148
32618247,2748,A,H,0.5865884081612323,0.23865967601587665,0.17475191582289115
32618290,2894,H,H,0.5296866464058075,0.28495001114853397,0.18536334244565852
32618291,2894,H,A,0.2263708254487798,0.2504995579027718,0.5231296166484484
32618519,2747,A,A,0.20685130469411186,0.3133571092757893,0.4797915860300988
32618528,2747,H,H,0.4133979572393923,0.24669782539486326,0.33990421736574444
32618615,2745,H,H,0.5092555728493265,0.2889310246517277,0.20181340249894586
32618765,2858,H,H,0.4431224273876313,0.3058334329183143,0.2510441396940543
32618959,2748,H,A,0.36833043129223,0.20843330031317142,0.42323626839459866
32618983,2745,H,H,0.4312300354757691,0.25447417525161026,0.31429578927262064
32619003,2894,H,H,0.5889060513625888,0.22870342871023058,0.1823905199271806
32619048,2858,H,H,0.4164683901242827,0.31320510473786345,0.27032650513785383
32619073,2745,A,H,0.4004560602368057,0.23950177128411385,0.3600421684790804
32619110,2748,A,A,0.32362467904666603,0.20681881350351586,0.46955650744981814
32619111,2894,A,A,0.22903944975992852,0.24030044988361865,0.5306601003564528
32619128,2858,H,H,0.384489987450223,0.26006229684833526,0.35544771570144174
32878349,2894,H,A,0.35964451850200585,0.2190842960830019,0.42127118541499237
32881566,2894,D,A,0.25533954856482516,0.23202506101446413,0.5126353904207107
32881567,2894,H,H,0.7612763005383583,0.15367583170627938,0.0850478677553624
32881568,2894,H,H,0.5784491422763366,0.28065801782947997,0.14089283989418344
32881569,2894,D,H,0.3911981059416304,0.3183255240819231,0.2904763699764464
32881570,2894,H,H,0.6335697731677578,0.18017831283353303,0.18625191399870913
32881571,2894,A,A,0.3545394307654432,0.2889114228302603,0.3565491464042965
32881572,2894,D,A,0.3209186411566221,0.28625556091543747,0.3928257979279405
32881573,2745,H,H,0.34358816367153344,0.32704670200851294,0.3293651343199536
32881574,2745,H,H,0.8666578591747152,0.09297153882407619,0.04037060200120873
32881575,2745,H,H,0.4041987716989976,0.292261673961988,0.3035395543390145
32881576,2745,A,A,0.3097522067369136,0.33265629985495376,0.3575914934081326
32881577,2745,H,H,0.5039862283452183,0.2947434827207943,0.2012702889339874
32881578,2745,D,H,0.5404512417383944,0.314666546888533,0.14488221137307253
32881579,2745,H,H,0.7085606358411923,0.20083254687799548,0.09060681728081209
32881580,2745,D,A,0.2677021918597374,0.28133734333729876,0.45096046480296376
32881581,2894,D,H,0.71379300114427,0.20281803058322,0.08338896827250988
32881582,2894,A,A,0.32001758351491294,0.32283129600683597,0.357151120478251
32881583,2745,D,A,0.14980034184855656,0.2515605735992471,0.5986390845521964
32881584,2894,H,A,0.24737452125707426,0.30172769442924696,0.45089778431367883
32881585,2858,A,H,0.5786092323123391,0.2545967441114359,0.16679402357622508
32881586,2858,H,H,0.579808219723452,0.2671546667561878,0.15303711352036015
32881587,2858,H,H,0.6348832704799448,0.22090903565976328,0.14420769386029197
32881588,2858,H,A,0.20324072293138423,0.25851078257458027,0.5382484944940354
32881589,2858,H,H,0.7079163577398496,0.21027528449435318,0.08180835776579722
32881590,2858,H,H,0.6292702986404936,0.25069741673899826,0.12003228462050818
32881591,2858,A,H,0.5552404470455381,0.2776510220734464,0.16710853088101546
32881592,2858,D,H,0.44072964800145337,0.2836800216164895,0.2755903303820571
32881593,2858,A,H,0.35567806332304513,0.29404427328156,0.3502776633953949
32881594,2858,H,A,0.23537153995282084,0.1730395246094154,0.5915889354377637
32914267,2747,H,H,0.35546353708070166,0.2964258253111349,0.3481106376081634
32914288,2747,H,H,0.4584488420281343,0.18044665577348,0.36110450219838575
32914313,2747,D,H,0.3357752729419546,0.33394438556931966,0.33028034148872576
32918880,2747,D,A,0.2552412278695039,0.25750695871263796,0.48725181341785817
32918881,2747,A,A,0.21398695767061837,0.15901762476267134,0.6269954175667103
32918882,2747,A,H,0.4348354812901457,0.33613239786267857,0.22903212084717578
32918883,2747,A,A,0.1901737534063797,0.21529116206137558,0.5945350845322447
32918884,2747,H,H,0.4339368283739378,0.14838980637096427,0.41767336525509785
32918885,2747,A,H,0.4936370151423823,0.18466526559443863,0.3216977192631791
32918886,2747,H,A,0.09406004909196329,0.20285991902699665,0.7030800318810401
33067428,2748,A,A,0.3256740704847734,0.22852421086780267,0.445801718647424
33067432,2858,A,A,0.34188218662717906,0.3104867922045988,0.3476310211682222
33075124,2748,H,A,0.30890504078723713,0.2589014975255915,0.43219346168717154
33075125,2748,A,A,0.24277758217133213,0.23016543934199366,0.5270569784866742
33075126,2748,H,H,0.5831328013738538,0.24824794908636297,0.16861924953978322
33075127,2748,A,H,0.7074262451913168,0.19621558980701573,0.09635816500166748
33075128,2748,H,H,0.6740945873651695,0.2142938907496715,0.11161152188515903
33075129,2748,H,A,0.261123768844987,0.25230812992906143,0.4865681012259516
33075130,2748,A,A,0.1839426741060318,0.23420271003793397,0.5818546158560342
33075131,2748,A,H,0.4525948119635991,0.26924325261663407,0.2781619354197668
33075132,2748,H,H,0.8079247056802272,0.13573829605411622,0.05633699826565667
33142107,2747,H,A,0.3324063782013724,0.26742114048166077,0.4001724813169669
33142689,2747,H,H,0.5938640421628638,0.22387483651811,0.18226112131902622
33142693,2747,H,H,0.7496839592715757,0.150053449856603,0.10026259087182135
33143008,2858,H,A,0.2919520725578994,0.2809016813358319,0.4271462461062687
33143513,2858,H,H,0.8022770244375471,0.14882596318781308,0.04889701237463988
33143710,2858,H,H,0.6240477827695845,0.21643441433055763,0.15951780289985784
33470154,2858,H,A,0.324544615334041,0.3086518055576933,0.36680357910826583
33470255,2747,H,A,0.28946343798103114,0.3417944755224503,0.3687420864965186
33470263,2747,A,A,0.08747467625105548,0.17952775745496788,0.7329975662939766
33470267,2747,H,H,0.540264629926062,0.21422468838700603,0.24551068168693196
33470270,2747,H,H,0.6358300377330278,0.21637358885632985,0.14779637341064228
33470913,2858,H,H,0.49318350003978634,0.23881283337626996,0.26800366658394387
33471085,2747,H,H,0.5425673894939783,0.1821532262634208,0.27527938424260084
33471158,2858,H,H,0.39070085867279336,0.26572298371244846,0.3435761576147581
33471243,2858,A,A,0.10500432304477307,0.274108450758714,0.6208872261965129
33739989,2858,D,A,0.2344180065184968,0.37418079931820347,0.3914011941632997
33740007,2858,A,H,0.41721115307526224,0.32410080976932126,0.25868803715541655
33740009,2747,D,H,0.4469128308630209,0.2577632378242191,0.2953239313127599
33773791,2858,H,H,0.6952241980214264,0.20680985170468297,0.09796595027389057
33773792,2858,H,H,0.5554447296861658,0.24464613798238968,0.19990913233144447
33773817,2894,D,A,0.1504829823144964,0.27770605476791677,0.5718109629175868
33773823,2747,H,H,0.5799915620418987,0.15026792632077643,0.2697405116373249
33773832,2858,H,A,0.2612073260443478,0.2704482113924704,0.4683444625631818
33826461,2894,H,H,0.5537516715468628,0.2956810339456424,0.15056729450749484
33826462,2894,H,H,0.5932504850632433,0.21139716079886572,0.19535235413789098
33826463,2894,A,A,0.16715315673297337,0.23913891966021328,0.5937079236068133
33826464,2894,D,A,0.12624096194320472,0.15155329862340491,0.7222057394333903
33826529,2858,D,A,0.35872780165386214,0.2496698406744111,0.39160235767172674
33826584,2894,A,A,0.15370298837155502,0.21380699915914153,0.6324900124693034
33826585,2894,H,D,0.3584249717515222,0.36943289121504524,0.27214213703343254
33826586,2894,D,A,0.2940657923887943,0.2586337366712422,0.44730047093996345
33826587,2894,D,H,0.6840720094296691,0.19882928100350028,0.11709870956683069
33826590,2858,H,H,0.7452748549509776,0.17465927863360695,0.08006586641541541
33826591,2858,H,A,0.2879525449623961,0.3053590153427327,0.40668843969487123
33896076,2858,H,H,0.610641152360748,0.21318135127013463,0.17617749636911745
33896077,2858,H,H,0.5703775652759363,0.2500717760996437,0.17955065862441993
33896108,2894,H,A,0.2771267524698244,0.25438387302837734,0.4684893745017981
33896117,2858,A,H,0.6334530923394697,0.20795694158708636,0.15858996607344403
33896118,2858,H,H,0.5189334938967238,0.321191900284774,0.15987460581850216
33926436,2745,A,H,0.6134951671520679,0.25267208241635136,0.13383275043158077
33998997,2745,A,H,0.6784715085843643,0.19086462089038375,0.13066387052525183
34007594,2894,H,H,0.5246531012841684,0.2390459810565134,0.23630091765931818
34007688,2745,A,A,0.3515208657798078,0.28939284820660666,0.3590862860135856
34007689,2745,H,A,0.32409156182189097,0.28873430889166735,0.3871741292864417
34007690,2745,H,H,0.5800869099198711,0.26115545274972507,0.1587576373304038
34007691,2745,H,A,0.2664751884264625,0.2894701156481666,0.44405469592537095
34007692,2745,H,D,0.3028774406637812,0.3517929818950424,0.3453295774411765
34007749,2747,A,A,0.22286575074180776,0.2050318505215004,0.5721023987366918
34007759,2747,H,H,0.7617697340345828,0.16912704894563196,0.06910321701978522
34007765,2747,H,H,0.4190848267023352,0.25087753108008015,0.3300376422175846
34007766,2747,H,A,0.25201081487808447,0.27708483515236115,0.4709043499695543
34008157,2748,H,H,0.45771452646798744,0.2260574924404051,0.3162279810916075
34008448,2894,A,A,0.27407674202567434,0.2366901212536923,0.4892331367206335
34008538,2747,H,H,0.591980667252238,0.2198240137389206,0.18819531900884146
34008540,2745,A,A,0.08710215640935706,0.21124813061506084,0.7016497129755822
34008576,2748,H,A,0.2619811347997636,0.24437838948273807,0.49364047571749836
34008695,2894,H,H,0.42862198468543383,0.2950621785634529,0.27631583675111315
34008702,2748,H,H,0.48136516086569414,0.23007987876014233,0.2885549603741636
34020902,2747,H,H,0.3918806209904683,0.2862392781321047,0.321880100877427
34020903,2747,A,H,0.8384274297754811,0.08376622185100532,0.07780634837351356
34020904,2747,H,H,0.43886631670663406,0.2852102671921351,0.2759234161012309
34020905,2747,H,A,0.20433699417238843,0.28636218719838075,0.5093008186292308
34020906,2747,A,A,0.2605925495564394,0.1540272171979778,0.5853802332455829
34020907,2745,H,H,0.5987394106712296,0.21987277099613342,0.18138781833263695
34306668,2894,A,A,0.2869080356858467,0.24121902978547569,0.4718729345286778
34306712,2748,A,A,0.20676036176365498,0.310312514354106,0.48292712388223896
34307168,2748,D,A,0.2417422253583389,0.3647395679798176,0.39351820666184356
34307173,2748,D,H,0.38800882108510826,0.3139807389950372,0.29801043991985454
34307177,2748,H,H,0.38035635291383885,0.2896946486386316,0.32994899844752956
34307180,2748,A,H,0.376652896582905,0.26996274800936004,0.353384355407735
34307232,2894,D,H,0.4092066622389177,0.2965112121198163,0.294282125641266
34307775,2748,H,H,0.4596859447365245,0.22264919053621937,0.31766486472725614
34307824,2894,H,H,0.4247359716852139,0.24945199347642688,0.32581203483835913
34307916,2748,A,A,0.14498484256186914,0.1785469453660105,0.6764682120721204
34307917,2894,A,H,0.4426372809417419,0.3335288379532465,0.22383388110501168
34539269,2894,H,H,0.4003099254007326,0.28910342299578,0.31058665160348725
34539270,2894,H,H,0.6649011345804973,0.23512743193646804,0.09997143348303472
34539314,2894,D,H,0.42860006611251905,0.24360203625484045,0.3277978976326405
34694914,2745,H,H,0.7595279012918291,0.1512382486940558,0.08923385001411513
34694915,2745,D,A,0.336917529776684,0.29005669734964007,0.373025772873676
34694916,2745,H,H,0.7405290489202098,0.16791537437082812,0.09155557670896199
34694917,2745,H,D,0.34840536453687926,0.3796934513989861,0.2719011840641347
34694918,2745,H,H,0.5217424780988135,0.25799765267131636,0.2202598692298703
34694919,2745,H,D,0.3445187351657851,0.34857565406938057,0.3069056107648344
34694920,2745,H,H,0.37058684835686995,0.30355614657319857,0.3258570050699315
34694921,2745,H,H,0.8653653314164504,0.10581397126032983,0.028820697323219683
34694922,2745,H,H,0.6222057834416285,0.24551319621703188,0.13228102034133968
34694923,2748,H,H,0.7278198912631443,0.18996386009634147,0.08221624864051419
34694924,2748,D,A,0.18807132292392895,0.2758619485657325,0.5360667285103384
34694925,2748,D,H,0.48694437301847415,0.2519735005500647,0.26108212643146117
34694926,2748,H,H,0.6143658163026013,0.24752467581925613,0.13810950787814252
34694927,2748,D,H,0.43656750548949436,0.2881159653296198,0.27531652918088584
34694929,2748,H,H,0.3919609492226024,0.27708893207230617,0.33095011870509145
34694930,2748,H,A,0.32584010548975473,0.25915688000492304,0.4150030145053223
34694931,2748,H,H,0.7929845833069732,0.14367870366889848,0.06333671302412827
34694932,2748,H,A,0.38055844610266254,0.19144274238212614,0.42799881151521135
34694933,2748,H,H,0.5259014353051406,0.20878314602168518,0.2653154186731744
34694941,2858,H,D,0.3127774432297618,0.3990981457017233,0.28812441106851483
34694942,2858,A,A,0.11095981700046692,0.23091666103014682,0.6581235219693862
34694943,2858,A,D,0.2907175181834925,0.4041830666473782,0.30509941516912925
34694944,2858,H,A,0.16510455618863332,0.18041202479755628,0.6544834190138104
34694945,2858,A,H,0.5226196097903798,0.2553783304071957,0.22200205980242455
34694946,2858,H,H,0.8330902183150298,0.1139808811097965,0.0529289005751736
34694947,2858,H,H,0.45820144399004065,0.24874911433400196,0.2930494416759574
34694948,2858,H,H,0.5287123413599832,0.2712012397830582,0.2000864188569585
34694949,2858,D,H,0.48441914948119175,0.29920453854003737,0.21637631197877097
34694950,2858,H,H,0.49682947370615466,0.2968497698623977,0.2063207564314477
34729989,2894,D,H,0.4512837148496777,0.3090921507844511,0.23962413436587116
34812556,2747,D,A,0.15125134059253376,0.13645731322441626,0.71229134618305
34812925,2894,H,A,0.19702269915112702,0.26800605272850475,0.5349712481203681
34813237,2747,H,H,0.4179749235750412,0.23258674562462375,0.3494383308003351
34813239,2747,D,H,0.6696649724807772,0.16421862055434458,0.16611640696487823
34813241,2747,H,H,0.5953602780394356,0.21663188191171606,0.18800784004884846
34813245,2747,H,H,0.666700334464266,0.20715444662508398,0.1261452189106501
34813246,2747,A,A,0.38317889453727216,0.2296077447050461,0.3872133607576816
34813738,2894,H,A,0.13566785358936365,0.3731058251415345,0.49122632126910193
34813981,2894,H,H,0.7097232231541862,0.16310705337277406,0.1271697234730398
34825253,2894,D,A,0.3227477106378488,0.30698268320533056,0.3702696061568207
34825254,2747,A,A,0.17430110610439178,0.2685809746953524,0.557117919200256
34825255,2747,A,H,0.43273024457505466,0.19317128972472578,0.37409846570021954
34825256,2747,H,H,0.413710743201415,0.23850680852652342,0.3477824482720617
34825257,2747,A,A,0.057937781915578766,0.1519740794282114,0.7900881386562099
34825259,2894,H,H,0.6337153492141553,0.205774604646297,0.16051004613954778
34825260,2894,D,A,0.298350710743089,0.25329551763044067,0.4483537716264703
34825261,2894,A,A,0.23275910057392332,0.2943490813411702,0.4728918180849065
34825262,2894,H,H,0.44893235256899827,0.26657135909194524,0.2844962883390565
34825263,2894,H,A,0.12439059408827906,0.21663000711726613,0.6589793987944549
35436439,2745,A,A,0.13808459861319464,0.1976010404338286,0.6643143609529767
35436440,2745,A,H,0.4322246178693261,0.325554178278416,0.24222120385225784
35436441,2858,D,H,0.5267579463781997,0.2544252936847269,0.2188167599370733
35436442,2745,D,H,0.7310392762632448,0.14542738304945715,0.12353334068729806
35436443,2858,H,A,0.2212182930276292,0.3107216110385411,0.46806009593382963
35436444,2858,H,H,0.6725886190821222,0.1957052405456078,0.13170614037227005
35436445,2858,A,H,0.5098484558282885,0.3303987963961829,0.15975274777552856
35436446,2745,A,H,0.7025166891956326,0.19327230886502475,0.10421100193934266
35436447,2858,D,H,0.5595942136602986,0.264020037256954,0.17638574908274732
35436448,2858,A,H,0.5514669092254231,0.25271181676459303,0.19582127400998386
35436449,2745,D,H,0.36358603924004734,0.2730926731272657,0.36332128763268695
35436450,2745,D,A,0.22891454905862382,0.3566018720977478,0.41448357884362824
35436451,2745,D,D,0.3351500510633862,0.37844362019324695,0.2864063287433668
35436452,2745,H,A,0.3582483823566959,0.25106619421464016,0.3906854234286639
35436453,2745,H,H,0.461363480911433,0.3203183166132409,0.21831820247532618
35436454,2894,H,H,0.45543273326193284,0.26608565164038867,0.27848161509767844
35436455,2747,D,H,0.7058734642490273,0.19396110587880128,0.10016542987217145
35436456,2894,H,A,0.18444749100843563,0.24751108470386277,0.5680414242877017
35436457,2894,D,H,0.618816236316693,0.25250935567812977,0.12867440800517718
35436458,2894,A,H,0.4292740133150859,0.25701686777973604,0.313709118905178
35436459,2747,H,H,0.7454718924532754,0.14394901428950047,0.11057909325722422
35436460,2894,D,A,0.211988847479619,0.22305713878227568,0.5649540137381054
35436461,2747,H,H,0.8320044933618908,0.09439307038398909,0.0736024362541203
35436462,2747,H,H,0.44602034744611146,0.23606759319782736,0.31791205935606126
35436463,2894,D,H,0.5014125526837878,0.2605414525808104,0.23804599473540186
35436464,2894,H,H,0.7875048157841951,0.15388703267622983,0.0586081515395751
35436465,2858,H,H,0.42387188152067085,0.2578334941742197,0.3182946243051094
35436466,2747,H,A,0.0636455259967656,0.15918002254489605,0.7771744514583383
35436467,2894,H,H,0.5379385957429259,0.2859519436369401,0.17610946062013408
35436468,2858,H,H,0.5103088932851584,0.26005522234600115,0.22963588436884044
35436469,2894,A,H,0.41413953596602465,0.27811011921218887,0.3077503448217864
35436470,2858,H,H,0.4774393681244871,0.2962786736170239,0.22628195825848893
35436471,2858,A,A,0.35046905989442717,0.24530068614112932,0.4042302539644435
35436472,2894,A,A,0.24285691838271403,0.23131296435041532,0.5258301172668706
35436473,2747,D,H,0.42297983891209656,0.25964859864915707,0.3173715624387464
35436474,2747,D,H,0.5337951911817035,0.1977525988064953,0.2684522100118013
35436475,2747,D,A,0.36520510140592644,0.2124433619097023,0.4223515366843713
35436476,2747,A,A,0.13406788293853258,0.23326663807012568,0.6326654789913418
35436477,2747,A,H,0.4208629438696926,0.31916894650898403,0.25996810962132333
35494127,2748,A,A,0.18588708186629294,0.24405786305891095,0.570055055074796
35494128,2748,A,A,0.12663817147573378,0.17052451396436388,0.7028373145599023
35494129,2748,D,H,0.5442676757494149,0.28558752840612306,0.170144795844462
35494130,2748,H,H,0.4507135911387977,0.29528824430019635,0.253998164561006
35494131,2748,D,H,0.7550141845384606,0.15494614713059726,0.09003966833094211
35494132,2748,D,A,0.22757049681372937,0.21601666839874803,0.5564128347875226
35494133,2748,H,H,0.5193896999153865,0.23438807806422923,0.24622222202038424
35494134,2748,A,A,0.09931622287342927,0.24038774118627868,0.6602960359402922
35494135,2748,A,H,0.395584699936654,0.3037727234838574,0.30064257657948856
35494136,2748,H,A,0.3341864739761793,0.3185287562501382,0.3472847697736825
36154853,2858,D,H,0.4894010129528458,0.2835537597224784,0.2270452273246757
36154854,2858,H,H,0.6118301751216428,0.25139889062739845,0.13677093425095865
36154900,2858,H,A,0.12626636320449036,0.22635136702925346,0.6473822697662561
36156856,2858,H,H,0.7423977130750635,0.16263863803025708,0.09496364889467944
36156857,2858,A,H,0.5270931166424258,0.2298093038420236,0.24309757951555058
36156858,2858,D,A,0.16385739362213755,0.23832898846535394,0.5978136179125084
36156859,2858,H,A,0.2774527649810093,0.3123763754032969,0.41017085961569383
36156860,2858,H,A,0.31042027475866474,0.25250727063529516,0.4370724546060401
36156861,2858,D,A,0.2866175501633705,0.3228298081767214,0.3905526416599081
36156862,2858,H,H,0.7420758290324435,0.17876878937799134,0.07915538158956521
36266257,2745,D,H,0.564906271159374,0.24949148165304721,0.1856022471875788
36266258,2745,H,A,0.23200978094241317,0.2515131707542625,0.5164770483033244
36266259,2745,H,H,0.5487979971804179,0.27598413596071486,0.17521786685886725
36266260,2745,H,H,0.5353302554720367,0.25294114146004637,0.21172860306791685
36266261,2745,H,H,0.7667308106896944,0.1731561606863951,0.06011302862391044
36266262,2745,H,H,0.401074479481609,0.30346639961540656,0.2954591209029844
36266263,2745,A,H,0.5597562165223614,0.2619127919977935,0.17833099147984516
36266264,2745,A,A,0.19313014849212978,0.22275460211102005,0.5841152493968502
36266265,2745,D,H,0.7732032699401491,0.14651917462085257,0.08027755543899837
36381834,2748,H,H,0.3662437339092286,0.29389315692781415,0.33986310916295726
36381835,2748,H,H,0.47037080588198676,0.2829851505553918,0.24664404356262146
36381836,2748,H,H,0.7153937546429116,0.16097260562860874,0.12363363972847968
36381837,2748,A,A,0.3280527133458403,0.2515019133628362,0.42044537329132337
36381838,2748,H,H,0.3595892526252262,0.28678669514765914,0.35362405222711474
36381839,2748,A,H,0.5400986713934878,0.28757678157970856,0.17232454702680355
36381840,2748,H,H,0.7792879943195842,0.16282775150330003,0.05788425417711584
36381841,2748,D,A,0.26731639056523426,0.188668808636433,0.5440148007983328
36381842,2748,H,H,0.5222826210071563,0.2376733332810887,0.24004404571175497
36381843,2748,D,H,0.5522232394716751,0.2134256277136361,0.23435113281468875
36388689,2894,H,A,0.2299475993252455,0.25937724841702114,0.5106751522577333
36388692,2894,D,A,0.17391892537252449,0.31865080684904723,0.5074302677784283
36388712,2894,A,A,0.25677928435247305,0.3321593304951103,0.41106138515241664
36388713,2894,H,H,0.43525873926031705,0.20725677127397168,0.35748448946571126
36388714,2894,H,H,0.5166797994900545,0.18238998185234706,0.30093021865759845
36635752,2894,D,A,0.18618616917436756,0.23531965603994612,0.5784941747856863
36635753,2894,A,A,0.2828333480062091,0.3236841096803857,0.3934825423134052
36635757,2894,H,H,0.5717656886343747,0.24304727023729225,0.1851870411283331
36635758,2894,D,H,0.3665854082219423,0.33732348835881254,0.2960911034192452
36635760,2894,A,H,0.5222848290849664,0.23233033283398202,0.24538483808105152
36636536,2747,H,H,0.7453579820989934,0.16876723738384478,0.08587478051716192
36636537,2747,H,A,0.2054094618170973,0.2213952563415243,0.5731952818413785
36636538,2747,H,A,0.09014620500462199,0.1718316613869119,0.738022133608466
36636539,2747,D,A,0.15147303775716683,0.15730793209886193,0.6912190301439712
36636540,2747,D,H,0.5997314383038701,0.23776465192513974,0.1625039097709901
36636541,2747,H,H,0.4983451987544624,0.25081038640242487,0.25084441484311276
36636542,2747,A,A,0.26801570057004154,0.29240123591409933,0.4395830635158591
36636543,2747,H,A,0.36100171292316413,0.2612272882065882,0.37777099887024773
36636544,2747,H,H,0.7380626125018935,0.11083797658229806,0.15109941091580836
36636545,2747,D,A,0.11285880234293738,0.18019335964142108,0.7069478380156415
36636590,2858,A,H,0.6218133919784791,0.26111795353114536,0.11706865449037565
36636592,2858,H,H,0.5099196562550301,0.2350203070945479,0.255060036650422
36636593,2858,H,H,0.6785132306876098,0.21422337486807108,0.10726339444431918
36636594,2858,H,H,0.377081989585867,0.27649931299711084,0.3464186974170221
36636595,2858,H,A,0.27187888075629546,0.3313055628935635,0.396815556350141
36636596,2858,H,A,0.2826006749457676,0.33433386902519246,0.38306545602903985
36636597,2858,D,H,0.5320379967270149,0.2495316879068868,0.2184303153660984
36636598,2858,A,H,0.5025398556890658,0.2687293041322288,0.22873084017870549
36636599,2858,D,H,0.5927878534618103,0.27468823287264654,0.13252391366554314
36636600,2858,A,A,0.19405746834214313,0.3067122102074033,0.49923032145045365
37091365,2748,H,A,0.07201441781700474,0.214749624126494,0.7132359580565013
37091366,2748,A,A,0.2359619153722296,0.20512122533832655,0.5589168592894438
37091367,2748,A,H,0.43166982054551695,0.3193314759928446,0.2489987034616384
37091368,2748,H,A,0.24559313795627707,0.29228636768943617,0.46212049435428676
37091369,2748,H,H,0.5969093075369315,0.2593828682794515,0.14370782418361697
37091370,2748,H,H,0.43583769515095,0.2227234530920225,0.3414388517570275
37091371,2748,A,H,0.630113615568257,0.2105538138720364,0.15933257055970665
37091373,2748,A,A,0.2503927874198805,0.2508338748960575,0.49877333768406196
37091374,2748,A,H,0.5105313847961778,0.21525230287479055,0.27421631232903165
37091375,2748,D,A,0.095147898343548,0.18425347291675406,0.7205986287396979
37104505,2858,D,H,0.39250169795623374,0.2510509969165036,0.35644730512726264
37104506,2858,H,H,0.448465856141123,0.29461676883232857,0.25691737502654843
37104507,2858,D,H,0.43499923423885056,0.17745879784723217,0.38754196791391715
37104508,2858,D,H,0.6427128117661728,0.19887580377567524,0.15841138445815192
37104509,2858,H,A,0.2809005763320036,0.19845513356378333,0.5206442901042131
37327732,2894,H,H,0.39739877355755476,0.2737876470477904,0.32881357939465483
37327733,2894,H,H,0.36666549024510037,0.3247462313248077,0.30858827843009196
37327734,2894,A,A,0.27440277482879555,0.2895762727500794,0.4360209524211251
37327735,2894,H,H,0.7830178584411842,0.1774357916840285,0.039546349874787334
37327736,2894,H,H,0.626568208130057,0.23735545627322818,0.1360763355967148
37327737,2894,A,A,0.3655077478181655,0.22267568625996476,0.4118165659218697
37327739,2894,A,A,0.21451138278177298,0.23614792439239982,0.5493406928258272
37327741,2894,H,H,0.6993143376296088,0.1889387094360349,0.11174695293435619
37327743,2894,A,A,0.2518383156857021,0.25544546912633026,0.49271621518796765
37327745,2894,A,H,0.4056480086898946,0.2778833285082561,0.3164686628018492
37328445,2858,H,A,0.2922100475214183,0.3096469199593335,0.39814303251924815
37328446,2858,D,H,0.5156586342537658,0.29024617111116857,0.19409519463506567
37328447,2858,D,H,0.48872208020663016,0.2579605369723171,0.2533173828210527
37328448,2858,D,H,0.45814494211126605,0.331167951994238,0.21068710589449602
37328449,2858,H,H,0.3637218236295673,0.28616662936983,0.35011154700060265
38160876,2894,A,H,0.4339716962418821,0.31146185069921034,0.2545664530589075
