fixture_id,season_id,y_true,y_pred,p_home,p_draw,p_away
45213654,4629,H,H,0.6074578853278659,0.2019176995197022,0.19062441515243184
45213655,4630,D,A,0.2182909919090456,0.32461514422924437,0.45709386386171014
45213667,4634,A,H,0.5236996570645629,0.32216315173398224,0.15413719120145478
45213671,4629,H,A,0.325344207839221,0.33282573708440477,0.34183005507637426
45213674,4634,D,D,0.2961579850160593,0.36094486156495437,0.3428971534189863
45213685,4634,H,H,0.4380238048657118,0.35790754736521685,0.20406864776907138
45213692,4630,H,H,0.7630771458860639,0.1197639314408918,0.11715892267304422
45213693,4634,H,H,0.4946984095249939,0.28148632088029046,0.22381526959471548
45213703,4629,H,D,0.35264448924670977,0.36968629514945484,0.27766921560383545
45213709,4630,D,H,0.4030968446540591,0.33321155311447753,0.2636916022314635
45213715,4629,A,A,0.353036845273687,0.2622434898657319,0.38471966486058107
45213716,4629,A,D,0.34738916183933505,0.39141939126753406,0.2611914468931308
45213717,4629,D,H,0.3938105176907153,0.3347369615287762,0.2714525207805085
45213731,4634,A,H,0.4089493368274262,0.4043013051037369,0.186749358068837
45213739,4634,D,H,0.3888896400774075,0.37528171770230395,0.23582864222028857
45213743,4629,H,H,0.4746808457970113,0.22645758880863545,0.2988615653943532
45213757,4630,H,H,0.4196257977322328,0.29494053759392813,0.285433664673839
45213771,4634,D,H,0.5005252227457537,0.2497835028837032,0.24969127437054306
45213780,4629,D,H,0.5156708579686702,0.27142375445663885,0.21290538757469094
45213781,4634,A,D,0.3485688696211995,0.39679420803616994,0.2546369223426305
45213786,4630,H,H,0.5557110345830579,0.291697848742632,0.1525911166743101
45213801,4630,D,H,0.4230044494311191,0.2627015594093276,0.3142939911595533
45213802,4630,H,H,0.605929451621939,0.19111445022061288,0.20295609815744808
45213803,4630,A,H,0.4417975267125248,0.27208518757720696,0.2861172857102682
45213804,4630,A,D,0.20346012632360636,0.41118583321071295,0.38535404046568067
45213851,4634,A,H,0.37459980434335294,0.3167986354028411,0.3086015602538059
45213868,4630,A,A,0.26816604729642657,0.29683336560495804,0.4350005870986154
45213869,4629,D,H,0.3941821167301708,0.3158111418327829,0.2900067414370463
45213871,4634,A,D,0.34871839309515107,0.3518538747219865,0.2994277321828625
45346864,4634,H,H,0.47447228641138406,0.33782195756580796,0.18770575602280798
45346865,4630,H,H,0.36350983566919154,0.3349470597138598,0.3015431046169487
45346866,4634,A,D,0.2795341297265933,0.41832242581474943,0.30214344445865726
45346869,4675,A,D,0.28067071784163605,0.36484616488460336,0.3544831172737606
45566305,4630,H,A,0.3369373533529331,0.270913043713756,0.39214960293331086
45566306,4724,A,A,0.223942548623744,0.2251426696624979,0.5509147817137582
45566307,4634,D,H,0.4394963317351771,0.39912918292675026,0.16137448533807267
45566308,4630,A,A,0.24427881043870145,0.3046834403033223,0.45103774925797624
45566309,4630,H,H,0.49265579987290276,0.24481734056969054,0.2625268595574066
45566310,4630,A,D,0.30985079163224094,0.3771673163268564,0.31298189204090254
45566311,4675,H,H,0.5151276750632934,0.2744991504471826,0.21037317448952406
45566312,4675,D,A,0.284326699751357,0.3278168966069285,0.3878564036417145
45566313,4675,A,A,0.3195376706962417,0.2624029672038462,0.4180593620999121
45566314,4675,H,H,0.42710704167169367,0.3014298993005754,0.2714630590277309
45566315,4675,H,H,0.3777265610912071,0.31579873823923976,0.30647470066955307
45566316,4675,H,H,0.5281507709826865,0.22332486138643645,0.24852436763087715
45566317,4724,A,A,0.3089825041260341,0.2760773831970543,0.4149401126769115
45566319,4634,A,D,0.33791007995203304,0.35759693814081894,0.304492981907148
45566377,4724,A,A,0.23957418332087313,0.3633743619798184,0.3970514546993084
45566378,4724,H,H,0.5692309124136308,0.21271627215712177,0.21805281542924745
45566379,4630,H,H,0.4177702075448545,0.2543176533819658,0.3279121390731797
45566381,4634,A,D,0.386093036528935,0.40209871823840043,0.21180824523266445
45952291,4634,D,D,0.33484242434906325,0.34893433070120206,0.31622324494973475
45952295,4630,H,A,0.2927766509736383,0.3237218540487861,0.38350149497757546
45952296,4630,H,H,0.42316691520124217,0.30859458286447344,0.2682385019342844
45952297,4634,H,H,0.42348396002256894,0.3794667814763322,0.19704925850109883
45952299,4724,D,H,0.4482420249585647,0.33282382770660984,0.21893414733482533
45952302,4634,H,H,0.4393731546633139,0.3606958202031814,0.1999310251335046
45952303,4724,H,H,0.3456173894252209,0.31288805513904083,0.34149455543573826
45952304,4724,A,H,0.34348046334051113,0.33169789579494907,0.32482164086453974
45952306,4724,A,A,0.2642645730315435,0.27416810548020554,0.4615673214882509
46247431,4634,A,H,0.3989798540096239,0.277318658720867,0.3237014872695091
46247432,4630,A,H,0.41400111620050806,0.3012886936452074,0.28471019015428456
46247433,4724,A,H,0.3635974397493307,0.34639022191587104,0.29001233833479834
46247434,4634,H,D,0.33215522820210414,0.4686252085763049,0.19921956322159085
46247435,4724,D,H,0.38913237143531815,0.3687513474904418,0.24211628107424005
46860489,4629,D,A,0.3226944830015798,0.29796565913753387,0.3793398578608864
46860494,4629,A,H,0.3731943039584714,0.32235581801927254,0.3044498780222559
47011584,4629,D,A,0.1689393381851585,0.3109971556816698,0.5200635061331716
47011640,4630,A,H,0.5236954714483736,0.2368115058956675,0.23949302265595895
47035890,4675,H,A,0.31178556091812215,0.23105553696941575,0.4571589021124621
47035914,4629,D,A,0.24743982500705716,0.31038417377027616,0.4421760012226668
47035918,4629,D,A,0.22742738292933354,0.3746397980556014,0.3979328190150651
47035919,4629,H,D,0.31944151814231025,0.4133228540354889,0.2672356278222009
47035920,4629,H,H,0.35294723118997884,0.3266512806231517,0.3204014881868695
47035921,4629,A,A,0.3007149046608886,0.2532620769812697,0.4460230183578417
47035922,4629,H,H,0.4624540690760824,0.2961966089708523,0.24134932195306524
47262759,4675,A,H,0.4665081522167328,0.2333500075059383,0.3001418402773288
47262760,4675,H,H,0.6463927719211049,0.2302263719360594,0.12338085614283567
47262761,4675,A,H,0.4735769335165292,0.2712823761379384,0.25514069034553255
47262762,4675,D,A,0.19129343355346823,0.23311643909498075,0.5755901273515511
47262763,4675,A,H,0.3743755256209484,0.2558488623894817,0.36977561198957004
47262764,4675,A,A,0.2926927037150107,0.3026490778292355,0.4046582184557538
47262765,4724,H,A,0.22411194218702474,0.18348248805235115,0.5924055697606242
47262766,4724,H,D,0.3287542602952707,0.38434940011384894,0.28689633959088034
47262767,4724,H,D,0.3007639045030049,0.4368404671103598,0.2623956283866352
47262768,4724,H,H,0.3486570998185949,0.33256819964861245,0.31877470053279267
47652443,4675,H,H,0.42052491783622586,0.22754426739181374,0.35193081477196053
47652730,4675,H,H,0.46446282888881474,0.2960452361878678,0.2394919349233175
47702745,4724,H,H,0.5352396542937194,0.25296293123451946,0.21179741447176112
47702746,4724,A,H,0.44933886647138427,0.3611954814870098,0.18946565204160593
47702747,4724,D,H,0.44434879997723886,0.2917930701824592,0.2638581298403019
47702748,4724,D,H,0.4797555661548283,0.24834838927016242,0.2718960445750092
47702749,4675,H,H,0.7841543473150646,0.1267264846187967,0.08911916806613861
47702752,4675,D,A,0.2914036817705639,0.31428850191334284,0.3943078163160931
47751291,4634,H,H,0.3880065032417229,0.26257925912492375,0.34941423763335344
47751292,4634,A,H,0.45121012604136407,0.28266127117698925,0.26612860278164674
47751293,4634,A,H,0.5199176987142279,0.23114867351035973,0.24893362777541242
47751294,4630,A,A,0.37331224090718884,0.20582381625557938,0.4208639428372317
47751295,4629,A,H,0.5722613997540777,0.2832441939115451,0.14449440633437713
47751296,4629,H,A,0.27471436425000373,0.2708539519522816,0.45443168379771476
47751297,4630,H,H,0.7056827716469412,0.12636804659933873,0.16794918175372012
47751298,4634,A,H,0.4378751266657934,0.33341501812967916,0.22870985520452733
47751299,4629,H,H,0.6711307877900173,0.14953058803221425,0.1793386241777684
47751300,4630,A,H,0.7164588414136269,0.2180661799467955,0.06547497863957771
47751301,4634,D,A,0.32212210875632047,0.3023960527821275,0.37548183846155203
47751302,4630,A,H,0.5532421526562578,0.1860936516673753,0.26066419567636695
47751303,4630,D,D,0.3713204025428721,0.3775838546547542,0.25109574280237373
47751304,4630,D,H,0.7808901955926265,0.15907637399888702,0.06003343040848645
47751305,4630,A,A,0.32602799068937655,0.2709052476522749,0.40306676165834865
47751306,4634,A,H,0.3505935986809046,0.3177933201083799,0.3316130812107154
48065885,4629,D,H,0.45235609481606454,0.1764698418507589,0.37117406333317654
48065886,4629,H,A,0.12435446266878546,0.2002571939538271,0.6753883433773874
48065887,4629,H,H,0.5255804446656478,0.22494713150725112,0.24947242382710097
48065888,4629,D,A,0.25354466340590803,0.1239425603893145,0.6225127762047775
48065889,4634,A,H,0.4886874721667597,0.19659401101951293,0.3147185168137273
48065890,4724,A,A,0.272992100822946,0.3080180339737589,0.4189898652032952
48065891,4724,D,D,0.34534077867170493,0.3549249953885975,0.29973422593969756
48065901,4630,A,A,0.07317119049185024,0.14009878957939725,0.7867300199287527
48065902,4630,A,A,0.27740662539107486,0.286882509814923,0.43571086479400206
48065913,4630,H,H,0.4477280922485408,0.39043666854640063,0.16183523920505843
48065915,4634,H,H,0.572592314220319,0.20760639616683227,0.21980128961284875
48065916,4634,D,A,0.30870348242699597,0.154155777699121,0.537140739873883
48320126,4634,H,A,0.26035691683419765,0.1525215479732367,0.5871215351925656
48585558,4629,D,H,0.7071839889164829,0.1920346277474427,0.10078138333607442
48585559,4629,A,H,0.5870559419660919,0.26830638660697703,0.14463767142693093
50341982,4634,A,H,0.37884367503953126,0.3304362414267473,0.2907200835337213
50341983,4629,D,A,0.19490207373333035,0.24932825023873548,0.5557696760279343
50341984,4630,A,A,0.2695899169489556,0.18061761816048025,0.5497924648905642
50341985,4724,A,H,0.3704969513170833,0.3473508287998346,0.28215221988308203
50341986,4675,D,H,0.7040652385088183,0.14508269040724558,0.15085207108393617
50341987,4634,H,A,0.3574864293990832,0.2349036996118122,0.4076098709891047
50341988,4724,H,H,0.3712585718154109,0.27884706060629244,0.34989436757829667
50595133,4629,H,H,0.5169949227760192,0.34566026973665703,0.1373448074873238
50595134,4634,H,H,0.4122832497675399,0.3363113725995807,0.25140537763287935
50595135,4724,A,H,0.7568351625530327,0.19373098823643223,0.04943384921053505
50595136,4724,H,H,0.5922239875168959,0.23899294719612912,0.16878306528697493
50595137,4724,D,H,0.5585549183055997,0.2377624386707484,0.2036826430236519
50595138,4724,H,H,0.5928934344204384,0.1955049651954386,0.21160160038412298
50595139,4675,A,A,0.08435418802976613,0.27226331104076423,0.6433825009294697
50595140,4634,H,H,0.4406110151201216,0.29362906686003926,0.26575991801983917
50595141,4630,H,H,0.5277246029862247,0.24044634060765904,0.23182905640611617
50595142,4634,H,H,0.6938757929877979,0.22279984231896988,0.08332436469323218
50595153,4630,A,H,0.6132796738036723,0.24908786815089343,0.13763245804543428
50595154,4630,A,A,0.20796818525214425,0.21401221132417228,0.5780196034236836
50595155,4630,D,H,0.6111908567410261,0.22857937713916965,0.1602297661198041
50595156,4675,H,D,0.394357784384743,0.44226919296620015,0.16337302264905681
50595157,4675,D,D,0.34026127256734456,0.5255072008326407,0.13423152660001486
50595158,4675,H,A,0.22962595772167385,0.17084688192274705,0.5995271603555791
50595159,4675,H,A,0.32382991282486223,0.30398681349036344,0.3721832736847744
50595160,4675,H,H,0.5649699650302151,0.28387847110966397,0.1511515638601209
50595161,4634,H,H,0.534461634819793,0.20838038362330452,0.2571579815569024
50595163,4630,D,A,0.14182393858942305,0.24223374585757337,0.6159423155530035
50595165,4629,D,A,0.16920554745928174,0.2701647462869717,0.5606297062537466
50595211,4630,H,H,0.8632475696296128,0.10396882763674908,0.03278360273363822
50846751,4634,A,A,0.2039559378147508,0.3185526277078323,0.47749143447741693
50846752,4724,H,H,0.5800420958668323,0.2572647337561236,0.162693170377044
50846753,4724,A,A,0.3754332431890597,0.21795173184699976,0.40661502496394053
50846754,4629,A,A,0.2853398942376343,0.21983006549820328,0.49483004026416255
50846756,4724,H,H,0.4644823074803933,0.2095033748430021,0.32601431767660455
50846757,4724,H,H,0.5423741116168098,0.20513086804613428,0.2524950203370559
50846758,4634,H,H,0.5152956337645453,0.2198189539747095,0.2648854122607451
50846759,4675,A,A,0.16988430047890238,0.39625723966191884,0.43385845985917887
50846760,4629,H,H,0.704114672984151,0.1504572758122384,0.14542805120361058
50846762,4634,D,A,0.3391109246214625,0.29614474275157027,0.3647443326269673
50846764,4675,D,A,0.3530017147031754,0.20272242699108517,0.4442758583057394
50846765,4629,H,H,0.40842576535725506,0.33936377964876646,0.25221045499397854
50846766,4629,H,A,0.35125892154232424,0.22201820528862978,0.42672287316904584
50846767,4630,H,A,0.36645638656512886,0.24108627642500052,0.3924573370098707
50846768,4630,H,H,0.6963180628000922,0.1877399274165991,0.11594200978330853
50846769,4634,H,H,0.4367967862709798,0.3445811966809859,0.2186220170480343
50846771,4629,D,A,0.33221574089190303,0.28103503233982835,0.3867492267682687
50846808,4630,H,H,0.5205072085303997,0.2686432074450174,0.21084958402458295
51054878,4629,D,A,0.2635715451604032,0.2560266347568349,0.48040182008276183
53333849,4675,D,H,0.6492148370027634,0.2139198800400065,0.13686528295723005
53333850,4634,H,H,0.48032354808089395,0.22415855020496758,0.2955179017141385
53608635,4724,D,A,0.06804141064380599,0.13710195900332078,0.7948566303528731
53608640,4675,D,H,0.5598670986335312,0.21846301984119249,0.2216698815252763
53608641,4634,A,H,0.5478664795238419,0.2972233601584211,0.154910160317737
53608642,4724,H,H,0.6429885384033295,0.23360954700316577,0.12340191459350476
53608645,4634,H,H,0.6151510115688434,0.22783477008526076,0.1570142183458958
53608650,4630,A,A,0.2815306434249698,0.17803452660043964,0.5404348299745906
53608651,4630,H,A,0.29288084504175876,0.2024869336480764,0.5046322213101648
53608652,4630,H,A,0.21170644884268358,0.3363130862617194,0.45198046489559696
53608653,4675,A,A,0.17393782366933255,0.30239893879829777,0.5236632375323698
53608654,4675,A,H,0.46382652677868047,0.32226728557564627,0.21390618764567343
53608655,4724,H,H,0.6679257558861559,0.19950905532593766,0.1325651887879064
53608657,4634,H,H,0.5218697081956054,0.1995837853911077,0.2785465064132868
53608658,4630,A,A,0.17431324366807732,0.1934089265387719,0.6322778297931508
53608661,4634,H,H,0.6983557087713662,0.20964297614445646,0.09200131508417736
53608662,4675,A,H,0.6317798903551924,0.1844549023560737,0.18376520728873388
53608664,4675,H,H,0.7446049537459991,0.1532713545132229,0.1021236917407781
53608667,4675,H,H,0.5235190074653125,0.2959920756359778,0.1804889168987097
53608668,4630,H,H,0.7584592594657519,0.1936684881196182,0.047872252414629876
53608676,4630,A,A,0.28585478327296415,0.22143479985625827,0.4927104168707777
53608692,4630,A,A,0.18157185130867834,0.23577903028809402,0.5826491184032275
54121595,4724,H,H,0.6205813036087252,0.2466911961672444,0.13272750022403043
54121597,4634,H,H,0.5240415820522453,0.2945559782923549,0.18140243965539984
54121598,4724,H,A,0.20849785140311086,0.2635002668652391,0.5280018817316501
54121599,4675,D,H,0.38275008252708753,0.3647326917650473,0.25251722570786517
54121600,4630,H,H,0.4260644219176882,0.22872837479733876,0.34520720328497306
54121602,4634,H,H,0.49493549340613063,0.3149141233049839,0.1901503832888854
54121603,4675,H,H,0.4169973053415552,0.3793535213396581,0.20364917331878665
54121604,4724,D,A,0.271282789387967,0.3040588838611284,0.42465832675090454
54121605,4724,H,H,0.38158738915107726,0.2552248253965489,0.3631877854523739
54121606,4629,A,H,0.5440128137074226,0.2539042537687376,0.2020829325238398
54121607,4630,D,A,0.21298945490084256,0.23348180772760138,0.5535287373715562
54121610,4724,D,A,0.30501706159777375,0.24216275114294708,0.45282018725927914
54121612,4634,H,H,0.39316710518909087,0.2483245243803485,0.3585083704305606
54121618,4634,H,A,0.3091756002355945,0.24755291645709787,0.4432714833073077
54121624,4629,A,A,0.30719752749530516,0.30401462345868185,0.388787849046013
54121625,4629,D,A,0.23684637926174737,0.2292581838266743,0.5338954369115784
54585703,4634,A,H,0.35324211180272835,0.34568010610677385,0.30107778209049785
54585704,4630,D,H,0.43537829702733155,0.26140072612623605,0.30322097684643246
54585707,4724,A,A,0.24944773992167618,0.2826097654524368,0.46794249462588705
54585734,4724,D,A,0.1864234986936304,0.25974820934191545,0.553828291964454
54638919,4629,D,H,0.6733445404699392,0.1856181324277009,0.14103732710236
54638920,4629,D,A,0.10608320457037981,0.16078021944756907,0.7331365759820511
54638921,4629,A,H,0.4913743562621687,0.24673220002848012,0.26189344370935114
54638922,4629,D,H,0.5226409023793168,0.24202491584887795,0.23533418177180535
54638923,4629,A,H,0.49174984970775837,0.18366084662285023,0.3245893036693915
54856821,4629,D,H,0.39770226817693494,0.25646903544770405,0.34582869637536096
55517686,4629,A,H,0.4143505394268686,0.2837671241292999,0.3018823364438315
55517687,4724,H,H,0.5046992803155163,0.26488561660557847,0.23041510307890528
55517688,4675,H,H,0.5901580852411911,0.27807499584439827,0.13176691891441067
55517714,4724,D,A,0.29748059105969304,0.2937271886287492,0.40879222031155765
55517716,4634,A,A,0.3372957897649941,0.23468154228879373,0.42802266794621224
55781141,4629,H,H,0.4848471643820675,0.21837224572508632,0.29678058989284606
55781143,4630,A,A,0.20642514430408637,0.259028139567334,0.5345467161285797
55781148,4675,H,A,0.3006590260979952,0.3026752024880241,0.3966657714139808
55781149,4630,A,H,0.5195971910221693,0.2228140385605609,0.25758877041726985
55781154,4629,H,H,0.4156106678055516,0.29306952872069714,0.2913198034737513
55781161,4630,D,H,0.43800422074251555,0.2706978067364063,0.29129797252107825
55781162,4630,D,H,0.6996941978735682,0.19489201085972133,0.10541379126671044
55781163,4675,A,A,0.14713742202527458,0.25574440484552474,0.5971181731292006
55781164,4675,A,H,0.4726689645200612,0.31388083647322024,0.21345019900671858
55781165,4675,H,H,0.7086313999429986,0.15140702754530386,0.13996157251169744
55781166,4675,H,H,0.7798912036567694,0.16300291926125554,0.05710587708197493
55781172,4675,H,H,0.3782023489648284,0.32429497122513895,0.29750267981003253
55781174,4634,D,A,0.3157353787121639,0.28549435121536404,0.39877027007247223
55781175,4724,D,H,0.48625065621097596,0.23894694947121228,0.2748023943178118
55781177,4634,H,H,0.6731986623973479,0.20666667993607374,0.12013465766657827
55781178,4724,H,A,0.25311077822125366,0.3204781612850898,0.42641106049365657
55781180,4634,D,H,0.3925197014085868,0.29064213914607334,0.31683815944533994
55781181,4630,H,H,0.7843846171121516,0.14694572170628142,0.06866966118156699
55781183,4724,H,H,0.5781032317470495,0.2857287938424826,0.13616797441046788
55781184,4634,H,H,0.5171861052507084,0.3294391212794054,0.15337477346988623
56297591,4629,H,H,0.5167181164920227,0.20724990322822717,0.2760319802797501
56297594,4675,D,A,0.3280641276131817,0.26154707945604305,0.4103887929307753
56297595,4630,A,A,0.11405608727660271,0.19603672076996487,0.6899071919534323
56297596,4629,D,A,0.26254817890533366,0.2608032731283594,0.47664854796630696
56297603,4675,H,H,0.5210130615459179,0.3016602197696943,0.17732671868438782
56297604,4629,H,A,0.36981230788743696,0.23394034372483555,0.39624734838772757
56297610,4629,A,A,0.2789538840082073,0.2949230825930985,0.4261230333986941
56297613,4629,H,H,0.5253578006633419,0.23283721841231653,0.24180498092434152
56297614,4630,H,H,0.7312609955222015,0.1652357551281528,0.10350324934964565
56297615,4630,H,H,0.7473949144555305,0.19129593138056478,0.061309154163904644
56297622,4724,D,A,0.25383854270298284,0.18861244110135905,0.5575490161956581
56297623,4724,D,A,0.2591225493403152,0.18510659925345654,0.5557708514062282
56297624,4724,A,A,0.3409271840071201,0.24389623750287118,0.41517657849000866
56297625,4724,H,H,0.6258787579955313,0.2213480081623972,0.1527732338420716
56297629,4724,A,A,0.09714971352832123,0.19307551600661327,0.7097747704650655
56297630,4634,H,H,0.3678792259411423,0.2982455478641474,0.33387522619471033
56297631,4634,H,H,0.3847077239657248,0.23549036014098895,0.37980191589328627
56297633,4634,D,H,0.424986548642311,0.29794338157472394,0.277070069782965
56297641,4634,D,H,0.5362468265143306,0.2327376711077102,0.23101550237795906
56297643,4630,A,H,0.5554785111641175,0.18717767220785764,0.25734381662802486
56297644,4630,D,H,0.42760372126086876,0.2494935092449251,0.32290276949420627
56297646,4634,H,H,0.6110278089597355,0.22997761097086178,0.15899458006940267
57052120,4629,A,H,0.5215291170372158,0.22306530947928557,0.25540557348349857
58704532,4634,H,H,0.4873267296540172,0.2906828128293649,0.22199045751661786
58704533,4634,D,A,0.13655483756554687,0.2657028411570058,0.5977423212774473
58704534,4724,H,H,0.5287335692173943,0.24150002456698005,0.22976640621562572
58792046,4629,H,H,0.760061236237065,0.1328584886904242,0.10708027507251075
58792047,4675,H,H,0.5668358450110246,0.2791623255434435,0.15400182944553198
58792048,4629,A,A,0.15171442386006687,0.2824680769874654,0.5658174991524678
58792049,4629,D,H,0.52485201045881,0.20546869662089035,0.26967929292029963
58792050,4630,D,A,0.30383836544639103,0.28211621099892137,0.41404542355468754
58792051,4629,H,H,0.4442829685252911,0.2840004059479663,0.27171662552674264
58792052,4629,H,H,0.505877623553543,0.24389944764957905,0.25022292879687796
58792053,4675,D,A,0.21188453046644246,0.20749440244433848,0.580621067089219
58792054,4630,H,H,0.5001741115743875,0.2138566512463422,0.28596923717927036
58792055,4629,D,A,0.2978425800039261,0.1953652145383183,0.5067922054577556
58792056,4630,H,A,0.07443463665276885,0.17794112651485894,0.7476242368323722
58792057,4630,A,H,0.47787238648945574,0.18126774689294256,0.34085986661760165
58792058,4630,A,A,0.1350490746372495,0.22778441759158397,0.6371665077711665
58792059,4675,H,A,0.33730671602382584,0.30105303792713056,0.3616402460490436
58792060,4675,A,H,0.4221224301078586,0.2739673685720513,0.30391020132009017
58792061,4675,A,A,0.2780619743181959,0.20134233866631002,0.5205956870154941
58792062,4675,A,A,0.12397283774192969,0.2772997046936884,0.598727457564382
58792063,4675,H,H,0.4822162717215615,0.2857271816360651,0.23205654664237335
58792064,4630,H,A,0.2645598953278763,0.23296906840840362,0.50247103626372
58792065,4629,A,A,0.27319250629214636,0.2695540628294811,0.4572534308783726
58792066,4675,A,A,0.2887042596772776,0.25161640594914997,0.4596793343735724
58792067,4634,A,H,0.36575964302306097,0.29466256562218174,0.3395777913547574
58792068,4724,D,H,0.41237514595044006,0.28009031818746233,0.3075345358620977
58792069,4634,A,H,0.4579312697879185,0.2382668106027254,0.3038019196093561
58792070,4634,D,A,0.30716040418701573,0.27650038432928004,0.41633921148370423
58792071,4724,H,H,0.7018431622604813,0.18897139000762905,0.10918544773188966
58792072,4724,H,H,0.41210782112580296,0.234285783535875,0.35360639533832205
58792073,4724,A,H,0.7615858160756508,0.16637909830936398,0.07203508561498521
58792074,4634,A,H,0.3926970196058363,0.29265539192537626,0.31464758846878743
58792075,4634,D,H,0.6572788044195065,0.19241856188277415,0.15030263369771937
58792076,4724,A,A,0.17948578897867618,0.22564865551745075,0.5948655555038731
58792077,4724,H,A,0.2857276447909577,0.3194129133934704,0.3948594418155719
59262828,4675,H,D,0.3367697187554051,0.3486788832124886,0.31455139803210636
59262848,4630,H,H,0.6283026629033699,0.25184031349565655,0.11985702360097361
59262849,4630,H,H,0.8204697911474632,0.1114067495006841,0.06812345935185266
59262850,4630,A,H,0.674039710679397,0.17952218838294653,0.1464381009376564
59262856,4724,H,A,0.12886979931417283,0.18047115887313872,0.6906590418126884
59262858,4634,D,H,0.5896364897049644,0.24760387696031003,0.1627596333347256
59262859,4634,D,D,0.3135928976046205,0.34388675627751075,0.34252034611786875
59262860,4724,D,A,0.2639062114822434,0.2682389522547565,0.46785483626299995
59262862,4634,H,H,0.6793218054759098,0.22751451867804798,0.09316367584604221
59262863,4724,A,A,0.2621722754688992,0.21795907224641997,0.5198686522846809
59262867,4630,A,A,0.24215488155839082,0.1933559944594661,0.5644891239821431
59262872,4629,A,A,0.2769562010091844,0.23356148340963134,0.4894823155811842
59262873,4629,H,H,0.513281479368631,0.2775174867920758,0.20920103383929328
59902525,4634,H,H,0.5973335711413366,0.23306590922781972,0.16960051963084366
60168268,4634,H,H,0.3668061424009021,0.27619255804012083,0.3570012995589771
60168269,4634,A,D,0.27549746853857926,0.40339455779990696,0.32110797366151383
60168271,4724,H,H,0.5072773363442059,0.2814238124624939,0.21129885119330025
60168272,4634,D,H,0.5965893924584,0.23726990484485663,0.16614070269674328
60168274,4724,A,A,0.16088169641872213,0.16058601244952556,0.6785322911317523
60168275,4634,D,H,0.355897154362754,0.30966703699111947,0.3344358086461265
60168288,4724,A,A,0.12785501096883403,0.24459629182451298,0.6275486972066531
60402446,4724,H,H,0.7319229465812294,0.15962372601787778,0.1084533274008929
60402483,4634,H,H,0.6421135174550279,0.23059888540729323,0.12728759713767895
60442094,4724,D,H,0.4484710226422599,0.2413610981886431,0.31016787916909694
60712489,4724,D,H,0.5482099806060253,0.22164515810806654,0.2301448612859082
60712490,4724,A,H,0.43532059224781233,0.3547622226068009,0.20991718514538693
60712496,4634,H,A,0.32553725547221907,0.2671608230286001,0.4073019214991809
61217225,4634,D,H,0.48213761627233154,0.29002006579038836,0.22784231793728008
61217671,4724,D,H,0.48355987123421335,0.26795161285397073,0.248488515911816
61218070,4634,A,H,0.5071404105259083,0.25576756171711607,0.2370920277569756
61218338,4724,H,H,0.609054243083306,0.2593491340402367,0.1315966228764573
61282012,4675,A,D,0.36604943304415866,0.3688988867411492,0.2650516802146922
61282017,4675,H,H,0.6208079960958747,0.22637879568478358,0.1528132082193417
61282018,4675,A,H,0.5444890889675763,0.2590283768279118,0.19648253420451187
61282019,4675,D,H,0.7373745360813172,0.18395566716963105,0.07866979674905177
61282021,4634,H,A,0.3528943547414697,0.2508490660169713,0.39625657924155894
61282022,4675,H,H,0.5471334068108102,0.21797033012973246,0.23489626305945735
61282023,4675,H,H,0.8250021014409548,0.12934157821025685,0.04565632034878842
61282025,4675,H,H,0.679169851485058,0.20932010035615795,0.11151004815878401
61282027,4675,H,H,0.7097538528476333,0.1288041927577617,0.16144195439460512
61282028,4675,D,H,0.6534338685023106,0.20179819764929618,0.14476793384839326
61374399,4629,A,H,0.4970312192392916,0.19631765531735154,0.3066511254433569
61374400,4629,D,A,0.3610748253638709,0.22150781924929758,0.41741735538683145
61374401,4629,D,H,0.6402166360774844,0.199167899545081,0.16061546437743474
61374403,4629,D,H,0.710851463095097,0.16827442281135518,0.12087411409354797
61374404,4630,D,A,0.13985279689737934,0.20109643994871376,0.6590507631539069
61374405,4630,D,A,0.20004792556589787,0.23032625118336517,0.569625823250737
61374406,4630,D,H,0.5552277039710087,0.19786406326180403,0.2469082327671872
61374407,4630,D,H,0.6234225802846677,0.19874861914254915,0.1778288005727832
61374408,4630,H,H,0.47930324500927957,0.17993008847432956,0.34076666651639087
61374409,4630,H,H,0.5595771127363872,0.2547134120364994,0.18570947522711342
61374410,4630,H,H,0.6804473414459845,0.20880151882964623,0.11075113972436922
61374411,4630,A,A,0.1743384542094937,0.2501530899865499,0.5755084558039564
61374412,4630,A,A,0.13502032542483489,0.2038820788831858,0.6610975956919793
61786513,4724,H,H,0.5338873035750755,0.2697364630141251,0.19637623341079938
61842258,4630,H,A,0.289372422705252,0.2365811531133795,0.47404642418136866
61842311,4629,A,A,0.2170333951438932,0.2481581661582069,0.5348084386979
61842313,4629,A,H,0.45556758144947046,0.2569181361017783,0.2875142824487512
62188597,4629,H,H,0.6059661457510817,0.21877765798686402,0.1752561962620544
62188603,4629,A,A,0.12766985679222384,0.22737627311364997,0.6449538700941263
62523129,4634,H,H,0.5793097154358708,0.21391919836570325,0.20677108619842588
62831832,4724,A,H,0.7324783499341655,0.1290232453206974,0.13849840474513717
62831833,4724,H,A,0.28226907101643706,0.23284363780645329,0.48488729117710977
62831834,4724,H,H,0.5696235871432869,0.22983596964279024,0.20054044321392284
62831835,4634,D,H,0.4006683784080755,0.35422188151281764,0.2451097400791069
62831836,4634,D,A,0.2685083982960397,0.3150545648874153,0.41643703681654504
62831838,4724,H,H,0.5293632519506615,0.2503856438336852,0.2202511042156534
62831840,4724,D,H,0.6050857200818773,0.22262607420230876,0.17228820571581394
62831841,4634,A,A,0.26058308412816,0.27373250758855905,0.4656844082832809
62831843,4724,D,H,0.38201091931475756,0.3267302387462756,0.2912588419389668
62831845,4724,D,A,0.24902737381941267,0.30900073967670233,0.441971886503885
62831859,4634,H,H,0.6911104205898316,0.19655258937983888,0.1123369900303295
63079737,4634,D,A,0.1437091391887178,0.2483173724334465,0.6079734883778357
63079738,4634,D,H,0.4007731264233567,0.3221734759407922,0.277053397635851
63079739,4634,D,H,0.4062179975541816,0.3014325055812356,0.29234949686458284
63079741,4634,H,H,0.5522195309660463,0.2680428822118463,0.17973758682210747
63079744,4634,A,H,0.4955172990819018,0.23810837078673155,0.2663743301313667
63325784,4724,A,A,0.18659590112576868,0.270889659420712,0.5425144394535192
63902125,4724,H,A,0.3503769779996764,0.2829656684754156,0.36665735352490814
63902699,4724,A,A,0.1710014799060831,0.19427547426843128,0.6347230458254854
66611649,4634,H,H,0.5961835940123504,0.226802874172813,0.1770135318148366
66611650,4724,A,H,0.3963915578645712,0.30982443687393274,0.2937840052614961
66611651,4629,A,H,0.45422221851158545,0.2379459939943997,0.30783178749401485
66611654,4634,D,H,0.40228687593305706,0.2922323734451414,0.3054807506218014
66611656,4724,H,H,0.6876020314771797,0.1845184000159093,0.12787956850691096
66611657,4675,A,H,0.4582786717737079,0.2857396071352897,0.2559817210910025
66611658,4629,H,H,0.748172787069611,0.18502246023325192,0.06680475269713712
66611660,4634,H,H,0.5898977714190273,0.28966636784260164,0.12043586073837097
66611661,4675,H,H,0.43585802346555447,0.2610018583814354,0.30314011815301006
66611664,4724,D,H,0.40581205239627177,0.3502692560369414,0.24391869156678678
66611665,4724,H,H,0.6684252516445758,0.1959023648297459,0.1356723835256783
66611666,4629,H,A,0.21136413759613218,0.2731400215751352,0.5154958408287326
66611667,4629,H,H,0.4427592137735714,0.2270791303904101,0.3301616558360184
66611668,4629,D,H,0.4130721129562499,0.2710666013844466,0.31586128565930344
66611669,4634,A,H,0.3372859140632022,0.32608337151928607,0.33663071441751174
66611670,4629,H,A,0.08863477214704707,0.24262454878021275,0.6687406790727403
66611671,4724,H,H,0.49332581662381036,0.3064724284308682,0.20020175494532155
66611674,4629,H,H,0.628657268873642,0.17845532732075015,0.19288740380560784
66611675,4634,A,H,0.42685450912591294,0.25307885807453395,0.3200666327995531
66611676,4630,A,A,0.07965029529548975,0.24201192177736003,0.6783377829271502
66611677,4724,A,H,0.4743857801752607,0.2996234094153962,0.22599081040934296
66611685,4675,A,A,0.06229830589267597,0.1965349879758284,0.7411667061314955
66611686,4634,D,A,0.2767140205926859,0.295959725754749,0.427326253652565
66611687,4630,D,A,0.3710139772743658,0.1911413248796255,0.4378446978460087
66611689,4724,A,A,0.12234421531538041,0.17845334626081819,0.6992024384238014
66611694,4629,H,H,0.7251384494733658,0.1658435044814355,0.10901804604519867
66611696,4634,D,A,0.29929450058759055,0.3356833661669781,0.36502213324543137
66611737,4630,D,H,0.5164797464382042,0.27896255025174915,0.20455770331004663
66611738,4630,H,H,0.6489549560864838,0.17669510495520513,0.17434993895831102
66611739,4630,H,H,0.6174232086137817,0.16344447060402967,0.2191323207821886
66611740,4630,H,H,0.6595819589492806,0.21094800573518704,0.1294700353155324
66611741,4630,A,H,0.4125003491807734,0.2870672888459604,0.3004323619732662
66611742,4675,A,A,0.14362961141339492,0.25343008843155973,0.6029403001550454
66611743,4675,A,H,0.4684224516488715,0.26045050137140047,0.271127046979728
66611744,4675,A,A,0.19887124169314446,0.2237110158237651,0.5774177424830905
66611745,4675,H,H,0.5852062058810803,0.2565067545614334,0.15828703955748624
66611746,4675,A,A,0.2783277191857034,0.2779149182138362,0.4437573626004604
66611749,4724,A,A,0.11170695564023053,0.16693998107580657,0.7213530632839629
66611753,4634,H,H,0.5132261460932577,0.28810605113045074,0.19866780277629156
66611755,4630,H,H,0.5382601053878424,0.18378617093886152,0.27795372367329607
66611770,4629,D,A,0.28651293841139674,0.2895022079809875,0.42398485360761573
66611771,4634,H,H,0.49548992812718623,0.27464804537740006,0.2298620264954137
66611774,4675,H,H,0.8000352983509558,0.13670462726733956,0.0632600743817046
66611806,4630,H,H,0.6385709996223795,0.22070335234883345,0.14072564802878704
67104531,4629,D,H,0.5580604340775809,0.20600866356622974,0.23593090235618933
67169860,4634,H,H,0.549059301519716,0.2653170342766342,0.18562366420364979
67169861,4630,H,H,0.792914510099848,0.1423946995790868,0.06469079032106527
67169862,4724,A,H,0.6570984175206752,0.24726782679809553,0.0956337556812293
67169869,4724,D,H,0.45846133690091917,0.24307148121805824,0.2984671818810226
68958085,4634,H,H,0.4971860692671132,0.33667924756122075,0.16613468317166613
68958086,4724,D,H,0.6360394442603894,0.19602972975721172,0.16793082598239897
68958088,4634,D,H,0.45542989606918394,0.22073119146833733,0.3238389124624787
68958089,4724,H,H,0.5982610984666845,0.17759437453318863,0.2241445270001269
68958090,4675,H,H,0.7845174309173196,0.14654722892858235,0.06893534015409801
68958092,4629,D,H,0.7184417334889225,0.17530994582419407,0.10624832068688347
68958094,4675,D,A,0.30450470069719743,0.26295298038903203,0.43254231891377054
68958095,4629,H,H,0.5819333541397491,0.21907369783650035,0.1989929480237505
68958096,4629,D,A,0.35298852369162953,0.2899363008834859,0.35707517542488454
68958097,4629,H,A,0.3245023863773516,0.18058866660016604,0.49490894702248234
68958098,4630,H,H,0.6893219760773359,0.16920712627884596,0.14147089764381815
68958099,4630,D,H,0.6608883613669404,0.21221435332501576,0.1268972853080438
68958102,4630,A,A,0.31270038838081265,0.24992572297666846,0.4373738886425189
68958104,4724,H,H,0.3752287292189496,0.31603441525577747,0.3087368555252729
68958111,4629,H,H,0.5555510096873728,0.25586876415068693,0.18858022616194026
68958113,4634,D,A,0.20183734319476734,0.2843579699852379,0.5138046868199948
68958114,4724,H,H,0.6434119549870057,0.20934136935280181,0.14724667566019248
68958120,4675,H,H,0.7657572323201584,0.1495229838215256,0.08471978385831606
68958122,4634,D,D,0.3232371483807349,0.36160659794709765,0.3151562536721674
68958123,4630,D,A,0.14829419981327957,0.21647972339348748,0.6352260767932331
68958125,4724,A,H,0.5252317474213655,0.24647055090926845,0.22829770166936603
68958132,4634,A,H,0.46906250532280935,0.23976837938979476,0.29116911528739586
68958144,4630,H,H,0.8799528305426046,0.09425732149502383,0.02578984796237151
68958145,4630,H,H,0.4852810808911373,0.2852351010697375,0.22948381803912515
68958146,4675,A,H,0.729343550916746,0.18956832088052444,0.08108812820272951
68958147,4675,H,H,0.35225253740382895,0.2967719881001162,0.350975474496055
68958148,4675,H,A,0.28897453699335895,0.30903984794140893,0.4019856150652322
68958149,4675,H,H,0.571980663933505,0.2637375886526739,0.16428174741382115
68958150,4675,H,H,0.8746971295022256,0.09552780347622784,0.0297750670215465
68958151,4724,D,A,0.30664539171904504,0.31048678755141934,0.3828678207295357
68958153,4634,A,H,0.3847186785165646,0.3401401696688092,0.27514115181462623
68958154,4630,A,H,0.5128800945559776,0.19912826056337554,0.2879916448806468
68958160,4629,A,A,0.2539849147334048,0.21917578234085033,0.5268393029257449
68958161,4634,H,H,0.5468008497106115,0.27866855543086466,0.17453059485852382
68958162,4630,A,A,0.26856733109305125,0.22490121812486827,0.5065314507820804
68958163,4724,H,H,0.36698477497104853,0.3258158489206635,0.3071993761082879
68958166,4675,D,H,0.481882922283565,0.24753488406868224,0.2705821936477529
68958211,4629,H,H,0.5487349155430854,0.2938025093815227,0.15746257507539188
68958214,4724,D,H,0.5092824161492019,0.22973819374286064,0.2609793901079374
68958217,4629,A,A,0.3610903397154465,0.2016536642421789,0.43725599604237464
68958221,4634,H,H,0.4897050337327379,0.2590218695986205,0.25127309666864167
68958225,4629,H,H,0.540123935399183,0.21383231416399792,0.24604375043681906
68958236,4630,A,A,0.26669123570982656,0.18004130447776956,0.5532674598124039
68958237,4634,D,H,0.5554072291178281,0.22630901491960037,0.21828375596257152
68958241,4630,H,H,0.7459214167933654,0.18015337250928118,0.07392521069735332
69438797,4634,A,H,0.4029149942559948,0.3325477592085007,0.2645372465355046
69438798,4724,H,A,0.3360344800815345,0.2264351458943031,0.4375303740241624
69438799,4724,A,A,0.15710571498969866,0.26153658135000013,0.5813577036603012
70476178,4724,H,H,0.47976837289768265,0.3021981343128304,0.2180334927894868
71292545,4630,H,A,0.14907076165810856,0.21159156636319632,0.6393376719786952
71292546,4630,H,A,0.31270869515297417,0.20356621724763913,0.4837250875993867
71292547,4630,H,A,0.1816262494402933,0.3714858839121284,0.4468878666475783
71292548,4630,H,H,0.8837477633328972,0.08661713439565945,0.02963510227144327
71292549,4630,D,A,0.39656784236136244,0.19070392809112996,0.4127282295475076
71292550,4630,A,A,0.2013764459317913,0.265249863649864,0.5333736904183447
71292551,4630,H,H,0.6276087963867288,0.22300846939198352,0.14938273422128773
71292552,4630,A,A,0.301767333691805,0.2744302944293206,0.42380237187887443
71292591,4630,D,A,0.13187566279102225,0.19716550863100882,0.6709588285779688
71859274,4630,A,H,0.7206630974137681,0.13666783231381344,0.14266907027241846
71859275,4724,H,A,0.2892508191367155,0.3309254558165698,0.3798237250467147
71859276,4724,H,H,0.45254494050900784,0.3323483475157445,0.21510671197524775
71859277,4634,D,H,0.7367617690634964,0.1498261435243707,0.11341208741213285
71859278,4724,A,A,0.2870875700747499,0.32824537539632515,0.3846670545289251
71859279,4629,H,H,0.5448864727524954,0.17799604825147372,0.27711747899603095
71859280,4634,A,A,0.26154280147419917,0.26846171211374165,0.46999548641205907
71859281,4724,H,H,0.5684868610451291,0.2476088822952888,0.18390425665958204
71859282,4675,H,A,0.14692459588883253,0.24042779807474435,0.6126476060364232
71859283,4629,H,H,0.5917357376324567,0.21462981011481438,0.19363445225272888
71859284,4634,H,H,0.5121590366099217,0.26786923552864567,0.2199717278614327
71859285,4675,D,H,0.6578837117408098,0.234328913472824,0.10778737478636607
71859286,4724,H,D,0.29500081722072036,0.3685073457780225,0.3364918370012572
71859287,4629,A,A,0.3052125993690281,0.33515626585633695,0.3596311347746348
71859288,4629,D,H,0.36328066127750097,0.2830344810671303,0.3536848576553687
71859289,4724,A,A,0.24840655311274124,0.2965502182657262,0.4550432286215325
71859291,4629,D,H,0.46171042671396906,0.18543443524317507,0.3528551380428559
71859292,4634,A,A,0.21738850554617442,0.24755962245496355,0.5350518719988621
71859293,4724,A,H,0.5074039546970265,0.25691720514350713,0.2356788401594664
71859294,4675,A,A,0.1700406269312418,0.17317457690149385,0.6567847961672643
71859295,4634,D,A,0.34228484077446314,0.28860003881112856,0.3691151204144084
71859296,4724,A,A,0.30514149316053807,0.20381245850245225,0.4910460483370096
71859297,4629,D,A,0.14658947990070062,0.3142252603319168,0.5391852597673825
71859298,4634,H,H,0.47874495226624375,0.29366606470771606,0.22758898302604028
71859299,4675,A,A,0.15403009626993902,0.19385597338751787,0.6521139303425431
71859300,4675,D,H,0.3575725999091872,0.34424964681513415,0.2981777532756786
71859301,4675,H,A,0.13976106133038171,0.22636617468462847,0.6338727639849898
71859302,4675,D,H,0.5549631580680856,0.2597906977531194,0.18524614417879487
71859303,4675,A,H,0.4123389655253953,0.2893876133747702,0.29827342109983446
71859304,4724,A,A,0.11549483343005724,0.18648839998127,0.6980167665886728
71859305,4634,A,A,0.25170968581816167,0.28494064963986465,0.4633496645419737
71859306,4629,H,H,0.5593520220848606,0.19978952458263724,0.24085845333250222
71859307,4634,H,A,0.26694595627755996,0.3022829797532129,0.43077106396922726
71859308,4675,A,H,0.36795995937986686,0.32679932559715613,0.3052407150229769
71859327,4634,H,H,0.5404892033542961,0.2701811425183008,0.18932965412740316
72188901,4629,A,H,0.44727627931914415,0.3089721437821668,0.24375157689868918
72188905,4634,H,H,0.6226451554627854,0.2219315868740797,0.1554232576631349
72188906,4629,D,H,0.5999209007020189,0.2555428922488266,0.14453620704915457
73953296,4630,D,A,0.17146516765347242,0.13974780342189191,0.6887870289246356
73953297,4630,H,H,0.4116347505351989,0.2726354995698596,0.31572974989494157
73953298,4630,H,H,0.6606919898044831,0.16806391888073327,0.17124409131478355
73953299,4630,D,H,0.784042021632324,0.16407462397633282,0.05188335439134322
73953300,4630,H,H,0.7055719182461072,0.1558131464606124,0.13861493529328037
73953303,4630,H,A,0.12399859927920585,0.24914101613949638,0.6268603845812978
73953310,4630,A,H,0.4306764952882869,0.2600610614632287,0.30926244324848434
73953311,4630,H,A,0.18835398181887658,0.23538951833689045,0.5762564998442329
73953369,4630,H,H,0.6666479946191644,0.2049397479776469,0.12841225740318873
73953370,4630,H,H,0.8378583258861576,0.11769575863099024,0.044445915482852094
74415076,4634,H,H,0.6299440716839055,0.26174047196787786,0.10831545634821664
74415077,4724,H,H,0.7910514595238267,0.14469781716474925,0.06425072331142409
74415078,4629,H,H,0.5756057372274779,0.17858604327441407,0.24580821949810805
74415079,4675,H,H,0.6978977969819402,0.19396629268401708,0.10813591033404284
74415080,4634,D,H,0.6307259133108749,0.22283927195417538,0.14643481473494974
74415081,4724,D,A,0.30252424914377024,0.27091579345503874,0.42655995740119096
74415082,4675,D,H,0.3596735530936464,0.28075042023677244,0.3595760266695811
74415083,4629,A,H,0.5656822277100637,0.24017934619239806,0.19413842609753826
74415084,4634,H,H,0.6955404167757508,0.20187708711327784,0.10258249611097132
74415085,4675,H,H,0.8210317283792263,0.119201704255333,0.05976656736544061
74415086,4724,D,A,0.30854231467001697,0.22983771680765766,0.4616199685223254
74415087,4724,H,H,0.43260205868150386,0.2504512244176552,0.316946716900841
74415088,4629,H,A,0.3225431468780176,0.3126087556254965,0.3648480974964858
74415089,4629,H,H,0.4997016071868749,0.25280355870337434,0.24749483410975082
74415090,4629,D,H,0.6288105843387114,0.21621809518973217,0.15497132047155646
74415091,4634,D,H,0.5898927259961425,0.2612152391845583,0.14889203481929916
74415092,4629,D,H,0.6300802784214052,0.19084978547680334,0.1790699361017915
74415093,4724,A,H,0.8186788478800802,0.1361054768192017,0.04521567530071824
74415097,4629,D,A,0.17160574748060697,0.21370965502280964,0.6146845974965834
74415098,4634,H,H,0.774779537581136,0.1225453726106559,0.10267508980820811
74415099,4724,D,H,0.5295166303607219,0.22583722040969303,0.24464614922958502
74415100,4675,D,H,0.5298468953870112,0.25810603542322025,0.21204706918976848
74415101,4634,D,H,0.38803441603864475,0.3483932974959512,0.263572286465404
74415102,4634,D,H,0.34427371330249207,0.33481830283585323,0.32090798386165476
74415103,4724,H,H,0.7069252386034011,0.19914685437194748,0.09392790702465148
74415104,4629,A,A,0.21114495590242327,0.2837439048975449,0.5051111392000319
74415105,4634,A,A,0.3133958141759096,0.29385845777560254,0.39274572804848784
74415106,4675,D,A,0.30364617396620136,0.33225980962851376,0.36409401640528494
74415107,4675,H,H,0.6627486737714541,0.1946753795851443,0.14257594664340154
74415108,4675,D,H,0.4512882737092715,0.3117314959458354,0.2369802303448931
74415109,4675,H,H,0.924421526122715,0.05967577428737504,0.015902699589910006
74415110,4724,D,A,0.24717234035574376,0.2895092002846394,0.4633184593596168
74415111,4634,A,A,0.33894110716213693,0.24184072357126446,0.4192181692665985
74415118,4629,D,A,0.3381466215988609,0.2196764294214884,0.44217694897965076
74415119,4634,H,H,0.5793306240558495,0.23949297381223958,0.181176402131911
74415120,4724,H,H,0.39532132264990744,0.3295522699463857,0.27512640740370686
74415121,4675,H,A,0.3298058048793865,0.29252028554279985,0.3776739095778137
74415122,4724,D,H,0.6146751704159316,0.2298942301511829,0.15543059943288556
78218351,4629,H,H,0.5169906971299459,0.18616216797359053,0.2968471348964635
78218352,4634,H,H,0.5626700119508556,0.25335762615728763,0.18397236189185676
78218353,4675,A,A,0.05511718214884791,0.1416334028776255,0.8032494149735268
78483704,4629,D,A,0.2595147468238802,0.3028620413841767,0.43762321179194297
78483708,4675,A,A,0.22637309834605973,0.24478625846626623,0.5288406431876741
78483709,4634,H,H,0.6520898497778082,0.21688745948533747,0.1310226907368543
78483710,4724,A,A,0.2697671552493222,0.1954205627938018,0.5348122819568759
78483711,4629,A,A,0.22155792815857206,0.24016482237676814,0.5382772494646598
78483716,4634,D,H,0.4440436424982589,0.31222421009736406,0.24373214740437696
78483717,4630,A,A,0.31681007846200016,0.32787455538590565,0.3553153661520943
78483718,4630,A,A,0.21122373552222568,0.2538000179031498,0.5349762465746245
78483719,4630,H,H,0.493803980291755,0.20399747035073965,0.3021985493575055
78483720,4630,A,A,0.2904015025865421,0.3160756688921926,0.3935228285212654
78483721,4675,A,A,0.13409435849609844,0.18709084033256296,0.6788148011713387
78483722,4675,H,A,0.18802520712613782,0.25956425866667576,0.5524105342071864
78483723,4675,D,H,0.5762445844697992,0.27797897635224567,0.14577643917795516
78483724,4675,D,H,0.40598665640449666,0.29295287226976147,0.3010604713257418
78483725,4675,H,H,0.5365337528267702,0.2861621294515822,0.1773041177216475
78483726,4724,H,A,0.26427179479806046,0.3203113306303576,0.4154168745715819
78483727,4634,D,A,0.31116643861437576,0.2363813542452818,0.4524522071403424
78483728,4630,D,H,0.5623583609822296,0.20123852052351152,0.23640311849425885
78483732,4724,H,H,0.3842737062730414,0.26983655534351375,0.34588973838344483
78483733,4634,H,H,0.6678720573652076,0.2294331374725004,0.10269480516229203
78483734,4630,A,A,0.25655752146133576,0.1969940964324817,0.5464483821061825
78483753,4630,H,A,0.3157498105971244,0.2293048843798834,0.45494530502299224
79034384,4724,D,A,0.35831742171762515,0.22743144103827473,0.41425113724410023
79034385,4629,A,A,0.3045229123948201,0.239058096379087,0.456418991226093
79034387,4634,A,A,0.08804238947021881,0.20411306208481747,0.7078445484449638
79034388,4724,H,H,0.526525015575851,0.27664173688083704,0.196833247543312
79034389,4675,D,H,0.4651720716889801,0.2668828223885483,0.26794510592247145
79034390,4630,A,H,0.5205111578357154,0.22062754477860855,0.25886129738567604
79034392,4634,H,A,0.33521069079575494,0.32844418809362463,0.33634512111062037
79034395,4724,H,A,0.3340650837184629,0.3037777634136654,0.3621571528678717
79034396,4724,A,A,0.19669337059807318,0.2899442068085174,0.5133624225934095
79034397,4629,A,H,0.4390028327199448,0.2034674131676751,0.35752975411238014
79034398,4629,D,H,0.43841835769512427,0.3162283148698176,0.24535332743505817
79034399,4629,A,H,0.37309922397268974,0.34352973352217764,0.2833710425051327
79034400,4630,A,H,0.474785409696636,0.18275218727466852,0.3424624030286954
79034404,4634,H,H,0.37320138792621693,0.3258893883395167,0.30090922373426643
79034405,4629,H,H,0.7250643128405513,0.16958046661096524,0.10535522054848352
79034406,4724,D,A,0.2587385379854032,0.33045406590035126,0.4108073961142456
79034419,4629,H,H,0.5273015063367389,0.24227862266918837,0.23041987099407274
79034420,4675,D,H,0.4203810528898511,0.32373207229474316,0.25588687481540573
79034430,4634,H,H,0.6016620435998765,0.23383162272886274,0.16450633367126086
79566591,4634,D,H,0.5204404131520338,0.244417663493754,0.23514192335421216
79566592,4630,H,H,0.3869809897677676,0.3190998063933975,0.29391920383883485
79566593,4724,H,H,0.48119554007909027,0.2410123342223748,0.27779212569853495
79566624,4724,D,A,0.23925464637428837,0.3044405578603796,0.4563047957653321
80501659,4634,H,H,0.4098878865909976,0.248787432968899,0.34132468044010333
80501660,4724,A,A,0.37258730084986086,0.23014541309912107,0.397267286051018
80501661,4675,A,H,0.38445991372818994,0.34332241466916347,0.2722176716026465
80501664,4629,H,H,0.45988138412718343,0.3064013768083744,0.23371723906444222
80798817,4634,H,H,0.8107255945021236,0.13510350663942208,0.05417089885845434
80798819,4675,H,H,0.7311593950248497,0.19123471629716363,0.07760588867798669
80798823,4629,H,A,0.30797957022015765,0.22277186920210562,0.4692485605777366
80798836,4634,D,A,0.2922536841736287,0.32654908168781727,0.3811972341385541
80798837,4630,H,H,0.6062133771918472,0.20817851743164623,0.18560810537650652
80798838,4724,H,H,0.5372252881164957,0.28496077971922246,0.17781393216428187
80798846,4675,H,H,0.7679311088020269,0.16802028640092734,0.06404860479704572
80798847,4630,A,A,0.32615745979764676,0.2792154266227004,0.3946271135796528
80798848,4724,H,H,0.4622080290602468,0.29271881131940014,0.24507315962035311
80798852,4629,H,H,0.6446180430512676,0.19824749750298948,0.15713445944574297
80798859,4634,H,H,0.5572786837111802,0.23401586869636593,0.20870544759245385
80798873,4630,H,H,0.5161239859641462,0.30911190203956046,0.17476411199629333
80798874,4630,H,H,0.647107528579777,0.22682851141043336,0.1260639600097896
80798875,4630,H,H,0.7023456963131394,0.19787047505409322,0.0997838286327674
80798876,4675,H,H,0.5084376179596777,0.2127947653894908,0.27876761665083155
80798877,4675,H,H,0.4512475012747618,0.2556928466660708,0.2930596520591674
80798878,4675,H,H,0.8771610820653429,0.09596047015764446,0.026878447777012534
80798880,4724,D,H,0.4902316922963902,0.3416962160211605,0.1680720916824493
80798886,4634,H,H,0.6721080997501704,0.18394781313362396,0.1439440871162056
81259723,4675,D,H,0.7386360347764326,0.139780744209772,0.12158322101379537
81259725,4634,H,H,0.5401730745809106,0.23178165657259028,0.22804526884649914
81259726,4724,A,H,0.43465827266365137,0.23605926205717498,0.3292824652791737
81259727,4629,H,H,0.4938045597361655,0.19650479347436406,0.30969064678947034
81259728,4675,H,H,0.39192883541527124,0.2576103377991456,0.3504608267855831
81259731,4634,D,H,0.7252553948284168,0.1771556402606779,0.0975889649109053
81259732,4724,A,H,0.3679068378266122,0.26925854720277576,0.36283461497061203
81259735,4630,D,H,0.6051069067373287,0.1835166828307173,0.21137641043195393
81259736,4629,H,H,0.6528231634744379,0.2228890374916186,0.12428779903394348
81259744,4634,D,A,0.31431688996563506,0.3295163647714064,0.35616674526295855
81259746,4675,A,H,0.46128003692031117,0.2894892649559207,0.24923069812376805
81259750,4724,D,H,0.5014960417067088,0.24306433209135644,0.2554396262019347
81259751,4724,H,H,0.6477526569685371,0.20464813230508672,0.14759921072637613
81259752,4629,H,H,0.6719254347027203,0.17174599963959408,0.15632856565768577
81259753,4629,H,H,0.5715788931600537,0.22602309540508198,0.20239801143486427
81259754,4629,D,H,0.5567111518311557,0.2518698607988515,0.19141898736999277
81259756,4630,D,H,0.39402947540992844,0.2660030135834103,0.3399675110066613
81259757,4630,H,H,0.7347465993081432,0.1354387353125124,0.12981466537934425
81259758,4630,H,A,0.31945168548693165,0.2799559338018525,0.40059238071121583
81259759,4630,D,A,0.1839185230367504,0.2563293981387424,0.5597520788245072
81259769,4634,D,H,0.45862448706585646,0.2645718592119545,0.27680365372218907
81259773,4629,A,A,0.12815733245433475,0.21091944993392583,0.6609232176117393
81259775,4724,D,A,0.30007633756247876,0.2904738127095578,0.4094498497279634
81727361,4634,D,H,0.641331542141274,0.2288329430290545,0.12983551482967162
81727362,4724,H,A,0.2406078990756449,0.2860790444915449,0.47331305643281024
83382237,4675,D,H,0.47120900131153304,0.29401275254980436,0.23477824613866272
83382238,4675,D,H,0.4126105606620412,0.2110981449764715,0.37629129436148734
83382239,4675,A,A,0.26761326639232397,0.24633191301848942,0.4860548205891867
83382240,4675,H,H,0.4990955301082311,0.29846153593595676,0.2024429339558121
83382241,4675,H,H,0.37721790807837324,0.3302037817718697,0.29257831014975716
83382242,4675,A,H,0.4197375038984187,0.3307466947904081,0.24951580131117324
83382243,4675,H,A,0.08475147589808407,0.12281940196985199,0.7924291221320638
83382244,4675,H,H,0.4205193054676244,0.3243883581681919,0.25509233636418377
83382245,4675,H,H,0.4588401897843773,0.3357909840617732,0.20536882615384947
83450120,4634,A,H,0.577232807041231,0.21665317887177718,0.20611401408699181
83450121,4724,D,H,0.3861572744978454,0.2806940141947333,0.3331487113074214
83450122,4629,A,A,0.2669096005178562,0.3024098791012313,0.4306805203809124
83450123,4634,D,A,0.2854834176483729,0.3525089276361798,0.3620076547154474
83450124,4724,A,A,0.2298423504762551,0.254565827686372,0.5155918218373728
83450125,4629,H,H,0.481111998362265,0.25659123317484905,0.2622967684628861
83450127,4724,H,H,0.4696306490568315,0.26375597917504195,0.2666133717681266
83450128,4629,A,A,0.1743137615003347,0.2155052872245775,0.6101809512750878
83450129,4629,D,A,0.191959757370616,0.2118483600616309,0.5961918825677531
83450130,4629,H,H,0.37860065772285073,0.3315816659372189,0.28981767633993033
83450131,4634,H,H,0.7044205107280369,0.2236186658352853,0.0719608234366777
83450132,4629,H,H,0.5720800747439493,0.2297722908350793,0.19814763442097139
83450133,4724,D,A,0.29038929743741837,0.3043691846923605,0.405241517870221
83450134,4629,H,H,0.6515650538441643,0.20634161486798974,0.14209333128784593
83450135,4634,H,H,0.37300169852500564,0.27681008182078226,0.3501882196542121
83450136,4724,H,H,0.703602631343759,0.18790212818038005,0.10849524047586095
83450137,4634,A,A,0.214751614141879,0.32147012123227797,0.46377826462584315
83450138,4724,H,H,0.3846083348596953,0.2774132687397772,0.3379783964005275
83450139,4629,A,A,0.28682675026499477,0.18906334680197004,0.5241099029330353
83450140,4634,D,A,0.2990533936398939,0.2574126601271204,0.4435339462329857
83450141,4724,D,A,0.2794967837628195,0.2991500018104066,0.421353214426774
83450142,4634,A,H,0.5971895705578314,0.22011103851954436,0.18269939092262413
83450143,4629,D,A,0.2929072681354932,0.2265696574522164,0.4805230744122904
83450144,4634,H,H,0.5778776335405732,0.21813541190516617,0.20398695455426066
83450145,4724,H,A,0.37803462722627856,0.23197558009776958,0.38998979267595185
83450146,4630,A,H,0.6338438820962341,0.19580460467370528,0.17035151323006062
83450147,4630,H,A,0.32454448669752844,0.20261656731862163,0.4728389459838499
83450148,4630,H,H,0.424363165908385,0.1900706245360121,0.38556620955560283
83450149,4630,H,A,0.2691705189102677,0.15299607083534777,0.5778334102543845
83450150,4630,A,H,0.4123600334720487,0.3533498360538144,0.23429013047413694
83450151,4630,A,A,0.046581698112097905,0.19137474112883243,0.7620435607590698
83450152,4630,H,H,0.3973719687727876,0.2109890310924887,0.39163900013472375
83450153,4630,H,H,0.4333575746676587,0.280184999521654,0.2864574258106873
83450154,4630,A,A,0.11053160381529113,0.16625014297296217,0.7232182532117467
83450155,4630,H,H,0.4005390338608055,0.3365273635316903,0.26293360260750404
83855525,4634,D,H,0.4585798442380843,0.27239141101561454,0.2690287447463013
83855526,4724,H,H,0.3351889884834508,0.33145053015349135,0.3333604813630579
83855528,4724,D,A,0.2376555262342807,0.27679462415968425,0.48554984960603514
84969967,4630,A,A,0.15571606467570032,0.23895515725407146,0.6053287780702282
84970504,4630,D,H,0.5404376481648018,0.3067928203441289,0.1527695314910694
84970510,4630,A,H,0.5781473795516638,0.23499486114331758,0.18685775930501858
84970512,4630,H,A,0.1243937537345506,0.24582803611131251,0.6297782101541369
84970516,4630,D,H,0.5168108857423707,0.24594167990829383,0.23724743434933557
84971007,4630,H,H,0.4195275682935775,0.17641109038348665,0.4040613413229358
85359967,4630,H,H,0.5635116746259135,0.16793553973188172,0.26855278564220486
85359968,4630,H,H,0.43258274028445143,0.2517932159565907,0.3156240437589579
85359969,4630,A,A,0.07978303662642723,0.1328582561855435,0.7873587071880294
85360261,4630,H,A,0.3747128568855379,0.1953229523796944,0.42996419073476766
85402270,4675,H,H,0.6685300743471848,0.21491376995257586,0.1165561557002394
85402271,4675,A,H,0.3925499603046032,0.24022529772741874,0.3672247419679781
85402272,4675,D,A,0.36097875086496234,0.249061901674895,0.3899593474601427
85402273,4675,H,H,0.4993846907208958,0.2665273585386808,0.2340879507404233
85402274,4675,A,H,0.6162701092724489,0.24001298157663775,0.14371690915091334
85402275,4675,D,H,0.48923053620217727,0.2797594408315326,0.23101002296629014
85402278,4675,H,H,0.6793534336974254,0.17013459159781205,0.15051197470476257
85402295,4675,H,H,0.7302087812010711,0.1385503936818047,0.13124082511712415
85402299,4675,H,H,0.4104553680438086,0.3761891928478714,0.21335543910831992
85459650,4629,D,A,0.2464476138146247,0.21168682479544995,0.5418655613899254
85459651,4634,D,H,0.64070799260068,0.22685171656759384,0.13244029083172615
85459652,4634,D,A,0.2007947588968381,0.24346076925138774,0.5557444718517742
85459653,4724,H,H,0.4482041876065143,0.3509225952821519,0.2008732171113338
85459654,4724,H,H,0.7032098391031527,0.17571403029327137,0.12107613060357597
85459655,4629,A,H,0.40216039334506426,0.23179351563850126,0.3660460910164346
85459656,4629,H,H,0.6153495532910949,0.19243925167048442,0.19221119503842063
85459657,4634,A,H,0.6569575254803925,0.21665955908180315,0.1263829154378043
85459658,4629,H,A,0.21492377392839979,0.2325604409861203,0.5525157850854799
85459659,4634,H,H,0.3926314762033571,0.22529031068111255,0.38207821311553036
85459660,4634,H,H,0.8400704326267013,0.11367401710462963,0.04625555026866908
85459661,4724,A,A,0.20085392687625417,0.20958806379847125,0.5895580093252745
85459662,4724,H,H,0.39726069102930156,0.27080153213306746,0.3319377768376309
85459663,4629,H,H,0.5521061777922652,0.2892418770313154,0.15865194517641945
85459664,4634,D,H,0.4740054334005754,0.2912986208386566,0.23469594576076788
85459665,4724,D,A,0.3359764797363342,0.31171729597033493,0.35230622429333086
85459666,4724,H,H,0.6654655558056245,0.19657213375600535,0.13796231043837015
85459667,4629,A,A,0.27749901024942175,0.2507690608581812,0.4717319288923971
85459668,4629,A,D,0.30377622995803266,0.355317153976114,0.3409066160658534
85459669,4629,D,H,0.3892805088891757,0.2580330829219126,0.35268640818891156
85459670,4634,D,H,0.43534868008691563,0.3131547934102968,0.25149652650278753
85459671,4724,H,H,0.4655447297798749,0.26256699360862307,0.2718882766115021
85459672,4724,H,H,0.4118211195140588,0.35529064199567517,0.23288823849026594
85459673,4634,H,H,0.5388940121682216,0.27882967727950175,0.18227631055227655
85459674,4629,A,H,0.6374202448416656,0.21732281637559683,0.1452569387827376
85459675,4634,H,H,0.3602777757549211,0.33565648253829855,0.30406574170678036
85459676,4724,D,A,0.26787726900681175,0.27519256294520356,0.4569301680479848
85823939,4724,H,H,0.6714296487603723,0.20683807448538538,0.12173227675424249
86067470,4634,H,H,0.5078989865149119,0.24773682768958571,0.24436418579550231
86506310,4630,D,H,0.7128975245970616,0.1600096646049843,0.12709281079795412
86506312,4630,H,H,0.38576185118346307,0.34192766355387555,0.27231048526266144
86506313,4630,A,A,0.3560406814861993,0.21395983057151516,0.42999948794228554
86506314,4630,H,H,0.5127339176341164,0.24918257956993228,0.2380835027959513
86506316,4630,H,H,0.4919422243190432,0.25478758796139317,0.2532701877195636
86506317,4630,D,H,0.6689160659915662,0.1947963635803417,0.1362875704280922
86506318,4630,H,H,0.6664647541981341,0.2442093943913344,0.08932585141053151
86506320,4630,A,A,0.17757463871360438,0.22896690177976123,0.5934584595066345
86506322,4630,A,A,0.23930974015916529,0.2794623720248829,0.4812278878159518
86853538,4630,D,A,0.27012587245145836,0.2554690954885438,0.4744050320599978
87198544,4630,D,H,0.5510836059403723,0.15649470162186718,0.2924216924377605
87198545,4630,H,H,0.4300308486571244,0.28986005841944806,0.28010909292342756
87198546,4630,A,D,0.338431468288256,0.34967734844496406,0.31189118326677995
87198547,4630,H,A,0.1662004934111284,0.20307251310996288,0.6307269934789086
87198548,4630,A,H,0.47360569898315796,0.24173579119934377,0.2846585098174982
87198549,4630,H,H,0.3804019210556031,0.28929692190044015,0.33030115704395674
87198550,4630,D,H,0.8185468142850663,0.1413760676402528,0.04007711807468092
87198551,4675,H,D,0.3309337597161118,0.3368183232768548,0.33224791700703343
87198552,4675,H,H,0.7049841308167408,0.20171170754801937,0.09330416163523987
87198553,4675,A,A,0.12752746901299483,0.16894469588902544,0.7035278350979797
87198554,4675,H,H,0.5181042898971451,0.26701115473704784,0.2148845553658071
87198555,4675,H,H,0.7021017751337374,0.20187679158924182,0.09602143327702073
87198556,4675,H,H,0.4739116253480426,0.31853102806706385,0.20755734658489358
87198557,4634,A,A,0.26823131855638244,0.2673258095303771,0.4644428719132405
87198558,4634,D,H,0.5850086966480426,0.26695152518850823,0.14803977816344915
87198559,4675,D,H,0.529981048178726,0.3090701098975613,0.16094884192371262
87198560,4675,D,H,0.49704633941368226,0.27663308000916176,0.22632058057715584
87198561,4634,A,H,0.5382433505091845,0.21741466110596772,0.24434198838484786
87198562,4675,D,A,0.1560055556821268,0.2439991481934461,0.5999952961244271
87198564,4630,H,A,0.37765362726061863,0.20239549514914346,0.419950877590238
87247092,4724,A,A,0.3071689183058997,0.25752863150104405,0.4353024501930563
87247093,4629,H,H,0.7932994091787652,0.14594338815300184,0.06075720266823306
87247094,4724,A,H,0.3744960555506643,0.2992308474255695,0.3262730970237663
87247095,4629,H,A,0.22509851917195656,0.2845741650956537,0.49032731573238975
87247096,4634,H,H,0.7179644241107145,0.21736589921844326,0.06466967667084231
87247097,4724,H,A,0.32343992286824597,0.256372261836012,0.42018781529574206
87247098,4724,H,H,0.6716291352609379,0.18642036718450883,0.14195049755455322
87247099,4724,H,A,0.36289177529277783,0.26964964092508387,0.36745858378213836
87247100,4724,D,H,0.4791252899760669,0.2710432235637267,0.24983148646020648
87247101,4724,H,A,0.36875826105532256,0.23587906014414425,0.3953626788005332
87247102,4724,A,A,0.2283709755510268,0.29990722934784503,0.4717217951011281
87247103,4724,D,A,0.16218852791350552,0.28255195466618,0.5552595174203144
87247104,4724,A,A,0.2272007590401512,0.296353750694826,0.47644549026502286
87247105,4634,A,A,0.22708807201087228,0.25289328035845915,0.5200186476306686
87247106,4634,H,H,0.4815791184707621,0.30473658488645783,0.21368429664278
87247107,4634,D,A,0.2173887482879871,0.3401176972764354,0.4424935544355775
87247108,4634,D,H,0.3883774158108976,0.24849469345957634,0.36312789072952606
87247109,4634,H,A,0.27306241346035154,0.3447958898543663,0.38214169668528214
87247110,4634,H,H,0.6393442509097151,0.19035898834760082,0.170296760742684
87247111,4629,H,H,0.6013640520202301,0.21647762510492072,0.1821583228748491
87247112,4629,D,H,0.4230936318619836,0.22011063717220958,0.3567957309658069
87247113,4629,H,H,0.42511933872837976,0.29790861527895945,0.27697204599266084
87247114,4629,H,H,0.3675531173805764,0.2669706757600172,0.36547620685940646
87247115,4629,H,H,0.45065156612888424,0.2695018412922161,0.27984659257889966
87247116,4629,A,A,0.23076707766304533,0.20104107923977133,0.5681918430971834
87505929,4634,D,A,0.2251024491411312,0.28577347501067324,0.4891240758481955
87546521,4629,A,A,0.29513962760176704,0.24399912755817452,0.46086124484005847
88204418,4630,H,H,0.8247109477428377,0.10659706297543652,0.0686919892817257
88697568,4630,A,H,0.6797522630111312,0.20255408169846648,0.11769365529040242
88697569,4630,H,H,0.3819315177511529,0.2929362379408143,0.3251322443080328
88697570,4630,A,A,0.2753215236294329,0.19240131404381644,0.5322771623267507
88697571,4630,H,H,0.5855972377128545,0.20716843515949407,0.20723432712765147
88697572,4630,A,H,0.5315834364601801,0.22513326748555515,0.24328329605426469
88697573,4630,H,A,0.23180871986949594,0.21234882613646036,0.5558424539940436
88697574,4630,A,A,0.11226714303159702,0.19439596376466756,0.6933368932037353
88697576,4630,A,D,0.3313343544369074,0.3555743109607991,0.3130913346022936
88697577,4630,H,H,0.4802118128028654,0.23233695055554146,0.28745123664159317
88697578,4630,A,H,0.671395388820797,0.1880400144044391,0.14056459677476402
88969409,4724,H,H,0.47034493696289986,0.25919082431779117,0.27046423871930886
88969410,4724,H,H,0.4818998122541785,0.27283793343473445,0.24526225431108697
88969411,4724,A,H,0.570221603107118,0.2523182433612677,0.17746015353161432
88969412,4724,H,A,0.27689461946440647,0.30443014719169414,0.41867523334389933
88969413,4724,D,H,0.509117555762616,0.3214523218329402,0.16943012240444383
88969414,4724,H,H,0.5450047380893758,0.23290101630282087,0.22209424560780336
88969415,4724,H,H,0.47463347809284595,0.30837856050739887,0.21698796139975512
88969416,4724,D,A,0.13706837736036875,0.1984560315538175,0.6644755910858137
88969417,4724,D,H,0.6907751568456,0.1585477086478564,0.15067713450654355
88969418,4724,H,H,0.5340949284243631,0.22016060284765657,0.24574446872798034
89117066,4634,H,H,0.5585622175062618,0.26857338793485963,0.17286439455887864
89117068,4634,D,H,0.5748819917729164,0.22862320169027706,0.1964948065368064
89117069,4634,A,H,0.49179407880883436,0.3164929638409086,0.19171295735025706
89260692,4634,H,H,0.48644294559654827,0.20825248945634198,0.3053045649471098
89260694,4634,H,H,0.7488381914408415,0.1811834801021117,0.06997832845704673
89260695,4634,H,H,0.4784647980033754,0.26281334109346055,0.258721860903164
89260699,4634,H,H,0.41407471443323235,0.3615451067051645,0.2243801788616032
89404832,4634,A,A,0.1890199394445302,0.22963961151252565,0.5813404490429442
89404835,4634,A,H,0.3703459959545809,0.2721326377989003,0.3575213662465187
89404836,4634,H,H,0.4666843526343454,0.395196913130238,0.13811873423541648
89587259,4630,A,A,0.22550395022342282,0.21500086548704767,0.5594951842895296
89587322,4630,H,H,0.6881820723557818,0.18671379697934162,0.12510413066487663
89587323,4630,H,H,0.3664041019923174,0.26765862944124375,0.3659372685664389
89587324,4630,H,H,0.8492149250199954,0.12291628740599989,0.0278687875740048
89587325,4630,H,A,0.34437625442307757,0.27299186842116246,0.3826318771557599
89587614,4630,H,A,0.32531016712914096,0.3227200561071942,0.35196977676366487
89744205,4630,H,A,0.14581001170469093,0.14920564035710523,0.7049843479382039
89744206,4630,H,H,0.4585223281092004,0.3192902595434449,0.22218741234735467
89755839,4724,D,A,0.34397090177985534,0.2824096472249934,0.3736194509951513
89755840,4724,A,A,0.15462887489711033,0.282851569012053,0.5625195560908366
89755842,4724,A,A,0.28739942913111005,0.34037761443031805,0.3722229564385718
89755843,4724,H,A,0.2992913475403241,0.23416545371960631,0.46654319874006966
89755844,4724,A,A,0.24596523040676158,0.25399487009199967,0.5000398995012388
89755846,4724,H,A,0.29947550070452894,0.27868561698698924,0.4218388823084818
89755847,4724,D,H,0.430792086070692,0.28377174755758616,0.2854361663717217
89755848,4724,A,H,0.4426161969425889,0.24720235414742578,0.3101814489099853
89755849,4724,H,H,0.717615614411977,0.18542708033692998,0.09695730525109293
89755850,4724,D,H,0.4123157537968798,0.26736720010207987,0.3203170461010403
89755851,4630,D,A,0.24075459045224742,0.26050772479890644,0.49873768474884617
89755852,4630,H,H,0.7736636197543615,0.09824053363106285,0.12809584661457563
90150696,4629,D,H,0.5244076686649249,0.27805205936148164,0.1975402719735934
90150697,4634,A,H,0.5608990756880845,0.25998575403859603,0.1791151702733195
90150699,4675,H,H,0.8485096139820233,0.11055882293241799,0.04093156308555876
90229724,4675,D,H,0.5622200317943733,0.21780947439518342,0.2199704938104432
90229731,4629,H,A,0.3648711225366747,0.22931449745577764,0.4058143800075476
90229735,4634,H,H,0.5996748112847585,0.23808601429808024,0.16223917441716132
90229746,4675,A,A,0.29732087041905614,0.22816216043583876,0.47451696914510516
90229749,4634,H,H,0.6187403257672112,0.20529620924056513,0.17596346499222376
90229750,4630,A,A,0.15771924676543933,0.1660913335385864,0.6761894196959743
90229752,4629,A,H,0.5874299548340391,0.20650535048747867,0.2060646946784821
90229755,4634,D,H,0.43883757481237967,0.3260317315845826,0.23513069360303776
90229767,4675,A,A,0.10553931150885354,0.16594423474952677,0.7285164537416197
90229768,4675,D,H,0.5751512313787295,0.26998453837235886,0.15486423024891163
90229769,4675,D,H,0.5670844814974221,0.2566129976867989,0.17630252081577905
90229770,4675,A,H,0.7374431699695823,0.15090808398251032,0.11164874604790742
90229779,4634,H,H,0.5377431707104429,0.27720916323483996,0.1850476660547172
90229780,4630,H,H,0.5795308029798878,0.22695470782508445,0.19351448919502776
90352271,4630,D,A,0.37534440478667314,0.2120906810149066,0.4125649141984203
90352273,4724,A,A,0.15259649001047815,0.20780438542452476,0.6395991245649971
90352274,4724,H,H,0.5216370259942806,0.28924491441701855,0.18911805958870073
90352285,4724,D,A,0.292093825474029,0.26734399963099925,0.4405621748949718
90352290,4724,H,H,0.4289781419129427,0.24455397419697378,0.3264678838900835
90352291,4629,A,A,0.3243306296803877,0.22764157236114202,0.4480277979584702
90352296,4724,D,H,0.6075615783493367,0.19708560732787228,0.1953528143227911
90352297,4675,H,A,0.19628515725103496,0.228960693780927,0.5747541489680381
90352298,4629,H,H,0.38919210954859285,0.26594688903993974,0.34486100141146747
90352304,4634,A,A,0.31893050469703776,0.298945129710904,0.3821243655920582
90352305,4675,D,H,0.5752864762560055,0.25886412362111655,0.16584940012287785
90352308,4724,H,H,0.7347855088769044,0.19177312309622846,0.07344136802686717
90352309,4724,H,H,0.3665451806060205,0.2738855444287165,0.3595692749652631
90352310,4629,H,H,0.5632772850627034,0.2074004247943249,0.22932229014297179
90352311,4629,A,A,0.3165824999515972,0.292501126815943,0.3909163732324599
90352312,4629,A,H,0.5426800788429478,0.23088377020046594,0.22643615095658629
90352313,4630,D,A,0.32244205833203876,0.22489326462804676,0.45266467703991453
90352317,4634,D,A,0.2545240431711275,0.2928371111281716,0.45263884570070084
90352318,4629,H,H,0.645866620730255,0.2151069542612075,0.1390264250085375
90352320,4724,H,H,0.4291209535512228,0.25805840919772977,0.31282063725104736
90450275,4724,H,H,0.5780172028882228,0.25412322285922984,0.1678595742525474
90450277,4630,D,H,0.5084765455366972,0.27118430069963223,0.22033915376367064
90559695,4724,H,H,0.5835517667938036,0.2325299835258838,0.18391824968031248
92627898,4675,D,H,0.5503071750810016,0.23410935190903695,0.21558347300996142
92990950,4634,H,H,0.5311562299459814,0.3089285044922677,0.15991526556175095
94360868,4675,A,H,0.4642672263592539,0.17843738430332867,0.35729538933741756
94360869,4630,H,H,0.712265119833717,0.14837595066162754,0.13935892950465553
94360874,4634,A,H,0.3884278619663726,0.26095939719703254,0.35061274083659477
94360880,4634,H,A,0.22464128181809526,0.2987486059190316,0.4766101122628732
94360881,4630,H,H,0.5147772033782284,0.24537130352293357,0.23985149309883796
94360887,4634,A,A,0.2522044070120787,0.2477519318385195,0.5000436611494019
94360889,4675,D,A,0.3450234059519143,0.26294657163181806,0.39203002241626766
94360890,4675,D,H,0.42430134102505807,0.2808546088786782,0.2948440500962638
94360891,4675,H,A,0.2733449913236805,0.2200585607459059,0.5065964479304135
94360892,4675,A,H,0.3878684192993575,0.23646460895879712,0.3756669717418454
94360893,4675,H,H,0.624467609163844,0.2074657323600734,0.16806665847608254
94360897,4634,A,H,0.5860850434588494,0.21777942751713805,0.19613552902401252
94638448,4634,H,H,0.5171024347435429,0.23666838405537363,0.24622918120108347
94638450,4634,A,A,0.31569174838990144,0.22555367071752325,0.4587545808925753
94638453,4675,A,H,0.5203039191598374,0.2678338639410351,0.21186221689912746
94638454,4630,A,A,0.2283190007182458,0.1755533178084496,0.5961276814733046
94638458,4634,H,H,0.7804673655282027,0.17484522138138367,0.04468741309041366
94638462,4675,A,H,0.8815376929388735,0.09694830843037458,0.021513998630751912
94638464,4630,D,A,0.19956676751642144,0.2969826657276347,0.5034505667559439
94638468,4634,H,H,0.410378154429726,0.3348932156633204,0.2547286299069536
94678160,4724,A,A,0.3223706497435707,0.26179698220651304,0.4158323680499162
94678161,4724,A,A,0.22867457689978404,0.3000062614430385,0.4713191616571774
94678162,4724,H,H,0.44111492420440845,0.26125364716950383,0.29763142862608777
94678163,4724,H,A,0.32073154174573654,0.3370566583933824,0.342211799860881
94678164,4724,A,A,0.2605768509927362,0.299824241712441,0.4395989072948228
94678165,4724,H,H,0.5038790707372268,0.2881406005299103,0.20798032873286282
94907114,4634,D,D,0.3520323749080383,0.36526742759248165,0.28270019749948005
94907115,4630,D,H,0.5827645227220412,0.24862086751192505,0.16861460976603374
95530892,4629,A,A,0.34809102970791783,0.2485749532417219,0.4033340170503603
95697293,4629,D,A,0.28627538858031465,0.23273591420791662,0.4809886972117686
95697296,4629,H,H,0.5852914434407435,0.2563815562977652,0.15832700026149127
96032296,4675,D,H,0.8010273248697914,0.13728671652446758,0.06168595860574085
96032297,4675,H,H,0.4386856925188123,0.3087024865846671,0.2526118208965207
96032299,4629,D,H,0.588353897401519,0.22120372210010728,0.19044238049837375
96032302,4675,H,H,0.6155813742984537,0.2362806864479846,0.14813793925356158
96032303,4629,A,A,0.31795392270855205,0.24755228326216605,0.4344937940292819
96032304,4675,H,H,0.4605518638699267,0.3553302386515057,0.18411789747856752
96032305,4629,D,H,0.5183217405622095,0.23697342561364906,0.24470483382414152
96032306,4629,D,A,0.322608784602438,0.2844378902822341,0.392953325115328
96032307,4629,D,A,0.19320481849440124,0.30568389632007675,0.501111285185522
96032309,4629,D,A,0.2227244355290404,0.2144950871086428,0.5627804773623168
96348848,4675,H,H,0.41538971115019313,0.18735413451160451,0.3972561543382025
96348849,4675,A,A,0.055389137930912755,0.141753975449088,0.8028568866199993
96348850,4675,H,H,0.37226621312401276,0.35517232821889827,0.2725614586570889
96348851,4675,D,H,0.511592002774277,0.31880192467716195,0.16960607254856108
96348852,4675,D,H,0.5506885004136709,0.2719488117273558,0.17736268785897333
96387280,4724,H,A,0.34128462363551765,0.31230628151855083,0.34640909484593146
96387281,4634,D,H,0.42169728695905995,0.30635875236107896,0.27194396067986115
96387282,4634,A,H,0.6857191155082937,0.22466292728886125,0.08961795720284513
96387283,4724,A,A,0.312869274375286,0.28074103247867976,0.4063896931460343
96387284,4724,H,H,0.44811663203250673,0.23324072773303153,0.3186426402344618
96387285,4634,A,A,0.34441417325215484,0.2982465951197871,0.3573392316280581
96387286,4724,D,H,0.671166247635933,0.23457761970554103,0.09425613265852595
96387287,4724,H,H,0.5882222596740386,0.22563184309821552,0.18614589722774585
96387288,4634,D,H,0.5850850506363473,0.24502927317828635,0.16988567618536635
96387289,4724,A,A,0.26976149636055047,0.18306439652625026,0.5471741071131994
96387290,4724,D,H,0.4825169310426747,0.2621832828331052,0.25529978612422005
96387291,4724,D,A,0.27035819163278435,0.2784604850339632,0.4511813233332525
96387292,4724,D,H,0.51948856643034,0.263692185244436,0.216819248325224
96545570,4634,H,H,0.5340513912075917,0.2857897802702303,0.180158828522178
96545571,4724,A,A,0.1823580192427521,0.22806970555328868,0.5895722752039593
96545572,4634,D,A,0.16784343700796656,0.29480895455092954,0.537347608441104
96545573,4634,A,A,0.1681912436301036,0.23374688135027274,0.5980618750196236
96545574,4634,H,H,0.5161191439671425,0.28285843600061,0.20102242003224746
96545575,4634,A,H,0.3803428237564128,0.2847106204527653,0.3349465557908219
96545576,4634,A,H,0.39994984882462625,0.27116347475632724,0.32888667641904645
96545577,4630,A,H,0.5600278914407675,0.1645227101997816,0.2754493983594509
96545578,4630,H,H,0.5668260767344204,0.309327020566556,0.12384690269902356
96545580,4630,H,A,0.1590290504903367,0.24102973175003153,0.5999412177596317
96545581,4630,D,H,0.40493488279037,0.23138165595079238,0.3636834612588376
96545582,4630,A,A,0.10671861021692283,0.1474646202480097,0.7458167695350674
96735889,4630,H,H,0.787373496721822,0.12536179088257937,0.08726471239559859
96735891,4630,H,H,0.8171298730104907,0.1324294527919257,0.050440674197583725
96735892,4630,H,H,0.6495608551064116,0.19552388003919724,0.1549152648543911
96910291,4630,A,H,0.4558954126044333,0.29137028571242723,0.25273430168313954
96910292,4630,D,H,0.40210485656704575,0.2638584428344978,0.3340367005984564
97226251,4634,H,H,0.6249494186358943,0.2239572206570497,0.15109336070705598
97226252,4634,H,H,0.5286770447791387,0.2938077852277969,0.1775151699930644
97226253,4634,A,A,0.2290698160909196,0.27025469508114636,0.500675488827934
97569935,4675,H,H,0.7422169857816325,0.15698277355163667,0.10080024066673075
97569937,4675,D,H,0.4927838108977851,0.2254601626393111,0.2817560264629037
97569942,4675,H,H,0.4569135420390857,0.2809164279493129,0.26217003001160144
97569943,4675,D,A,0.27922350049269634,0.2721054871941687,0.4486710123131349
97911321,4724,H,H,0.46125423546612027,0.3188042975798652,0.21994146695401437
97911322,4634,D,H,0.655927105341043,0.23430171903499708,0.10977117562395984
97911323,4724,H,H,0.5412728040099763,0.22905103725907988,0.22967615873094377
97911324,4629,H,A,0.2801227939299834,0.278221315189166,0.4416558908808506
97911326,4634,D,H,0.5227617193481974,0.21314343924612372,0.26409484140567896
97911327,4724,H,H,0.6072528470528851,0.22046058918251538,0.1722865637645996
97911328,4630,H,A,0.3432223639313838,0.16058834917075085,0.4961892868978653
97911329,4629,D,H,0.46417248992786375,0.21263870219436143,0.32318880787777476
97911331,4634,D,H,0.4176830792818404,0.2995304677995283,0.28278645291863136
97911333,4724,H,H,0.5732088211329645,0.23088752372321422,0.19590365514382133
97911334,4629,A,H,0.5475739328814483,0.2490761676964051,0.2033498994221467
97911335,4629,A,H,0.5506385374507023,0.2317437595065186,0.2176177030427791
97911336,4629,H,H,0.6555213239260258,0.1830519456495022,0.16142673042447198
97911337,4630,H,H,0.44651784977829223,0.25067733461072533,0.30280481561098244
97911338,4630,A,H,0.4149413611836862,0.292917554956341,0.29214108385997273
97911339,4630,D,H,0.6681795708625305,0.17416987458730543,0.15765055455016402
97911340,4634,D,H,0.458793949407474,0.3296159866947122,0.21159006389781373
97911341,4629,D,H,0.5960273806126303,0.20646609788394882,0.197506521503421
97911342,4724,D,H,0.534894896553684,0.3008488200912425,0.1642562833550735
97911343,4629,A,A,0.2577911054364717,0.2158561438831169,0.5263527506804114
97911344,4634,D,H,0.4506731342271081,0.2936126390787907,0.25571422669410115
97911345,4724,H,H,0.45050215353461404,0.2776120872911952,0.2718857591741908
97911346,4634,A,A,0.2708604387751875,0.25596389667818575,0.47317566454662674
97911347,4630,A,A,0.07941125491945075,0.16626653445611,0.7543222106244393
97911348,4724,A,A,0.22757959411701437,0.32866337160386955,0.44375703427911606
97911349,4629,H,H,0.5098721516236622,0.30667256756459743,0.18345528081174034
97911350,4634,A,H,0.47680788307412175,0.30817738122100036,0.21501473570487806
97911351,4630,D,H,0.5478187207993225,0.2613265883703134,0.19085469083036408
97911352,4630,D,A,0.3236297051463852,0.24655266755283625,0.42981762730077855
97911353,4630,H,H,0.6576125680465265,0.1776680884501365,0.16471934350333695
97911354,4675,A,A,0.08124457695722466,0.14343958193713044,0.7753158411056449
97911355,4675,D,H,0.619187444092899,0.21071966278206897,0.17009289312503198
97911356,4675,A,H,0.5092124347663066,0.26961523373397855,0.22117233149971477
97911357,4675,A,A,0.27658555263099444,0.26805730439183695,0.4553571429771685
97911358,4675,H,H,0.8592777420476344,0.11519220938584457,0.025530048566521055
97911359,4724,D,H,0.5001178198980144,0.30987647500943494,0.19000570509255066
97911360,4724,D,H,0.37800322245958984,0.27726008946753744,0.3447366880728727
97911361,4634,H,H,0.4682655004425728,0.36438719401433595,0.16734730554309116
97911362,4630,D,A,0.3707269283253719,0.20052196442479092,0.4287511072498372
97911363,4629,A,A,0.2509007928140251,0.23861685245573,0.510482354730245
97911364,4634,H,H,0.7213850569648871,0.17834313707609326,0.1002718059590196
97911365,4724,H,A,0.3046309638533757,0.22824476311868352,0.4671242730279408
97911366,4634,A,H,0.5433269270806964,0.2152475814925868,0.24142549142671682
97911367,4630,A,A,0.12945579204401358,0.17975616873913217,0.6907880392168544
99654835,4634,D,A,0.2561420451722445,0.2698883888196546,0.473969566008101
99654836,4724,A,H,0.5631852218338872,0.2330771499467311,0.2037376282193817
99654837,4634,D,H,0.7887586247748015,0.1472117891985237,0.06402958602667477
99654838,4724,H,H,0.40504598262971797,0.2635090039900322,0.33144501338024995
99654839,4629,A,H,0.425807851163419,0.22557466784061592,0.348617480995965
99654841,4634,H,H,0.3462041267085477,0.32606279120608456,0.32773308208536767
99654842,4724,A,A,0.2188430966878436,0.2336148597371144,0.5475420435750421
99654843,4675,D,H,0.5181930083480688,0.2918983759782973,0.1899086156736338
99654844,4629,A,H,0.3951245775791013,0.3074372761944881,0.2974381462264106
99654845,4634,H,H,0.4076080055130067,0.30201095635611674,0.29038103813087657
99654846,4675,H,H,0.7287362617337163,0.1755962065923449,0.09566753167393867
99654847,4724,D,A,0.3389215403124822,0.2932379661190331,0.3678404935684848
99654848,4724,H,H,0.4524386277085346,0.27394658525485766,0.2736147870366078
99654849,4629,D,A,0.14954921887308145,0.2389640176183417,0.6114867635085769
99654850,4629,H,A,0.19445167758162069,0.28217853717561436,0.523369785242765
99654851,4629,A,H,0.4150729740471084,0.28894697711160755,0.29598004884128404
99654853,4634,H,H,0.5094604687856563,0.26432839594717966,0.22621113526716402
99654854,4629,A,A,0.320400343961765,0.25081685746291316,0.4287827985753218
99654855,4724,H,H,0.5994250671134058,0.22856956466287137,0.17200536822372287
99654857,4629,H,H,0.4609971618717417,0.19772736308873842,0.3412754750395199
99654858,4634,H,H,0.4224132108458228,0.27487254931244237,0.3027142398417349
99654859,4724,D,H,0.36857199067632346,0.27578515545786797,0.3556428538658085
99654860,4675,H,A,0.4042652037228693,0.1489218212027761,0.4468129750743545
99654861,4634,H,H,0.5990883144830486,0.25079844278805496,0.15011324272889653
99654862,4724,A,A,0.2110709229531139,0.2348493355114323,0.5540797415354538
99654863,4629,H,H,0.5606409616172111,0.2317765047677042,0.20758253361508477
99654864,4634,A,H,0.5718058812758814,0.2274985562649213,0.20069556245919734
99654865,4675,D,A,0.17092328936021464,0.19323812609647611,0.6358385845433092
99654866,4675,A,H,0.504301019747158,0.33621346296687943,0.15948551728596258
99654867,4675,D,H,0.5252627547674122,0.2933231885694677,0.18141405666312008
99654868,4675,D,H,0.5344761341419257,0.2838368428724503,0.1816870229856239
99654869,4675,H,H,0.4350878654490504,0.3043545634425248,0.26055757110842476
99654870,4724,A,A,0.34046291201177936,0.3160558959920694,0.3434811919961512
99654871,4634,D,H,0.4900486970754493,0.3224777881748883,0.18747351474966237
99654873,4629,D,H,0.5890210625659204,0.23595976785397718,0.17501916958010255
99654874,4634,A,H,0.3536114206659937,0.29856499398701114,0.34782358534699503
99654875,4724,A,H,0.3418584572518492,0.3349235943139264,0.32321794843422436
99654876,4675,H,H,0.6759943323397675,0.19434689064744276,0.1296587770127898
100477631,4630,A,A,0.2940285762718685,0.2079334394020715,0.49803798432606
100477632,4630,H,H,0.8627385838096677,0.0973897562577268,0.039871659932605406
100477633,4630,H,H,0.7247396803190009,0.15964774198516543,0.11561257769583357
100477634,4630,A,H,0.35390389942002226,0.30606560704102764,0.34003049353895015
100477635,4630,H,H,0.4750994368188334,0.2131353505876793,0.31176521259348733
100477636,4630,A,H,0.576445044105464,0.24759043558027655,0.17596452031425938
100477637,4630,A,A,0.15280004273894188,0.15326235245728115,0.6939376048037771
100477638,4630,A,H,0.504482308494368,0.22633643554929483,0.26918125595633724
100477639,4630,A,H,0.4933491578384536,0.32715508746216176,0.17949575469938445
100477640,4630,H,H,0.4283354490457387,0.23697855228599504,0.33468599866826626
101118597,4630,A,A,0.33487089325893127,0.2922855490282038,0.3728435577128649
101118599,4630,A,A,0.11132668148931975,0.23145515193293076,0.6572181665777496
101118602,4630,D,H,0.7835460636962438,0.13071420259181135,0.08573973371194472
101118607,4630,A,H,0.5934428989674947,0.20040154482970007,0.20615555620280535
101118608,4630,H,H,0.4150333945762652,0.27509853613356894,0.3098680692901659
101118609,4630,D,H,0.4029356617411364,0.253036253672837,0.3440280845860265
101118610,4630,A,A,0.23240413626156164,0.16277153880297082,0.6048243249354675
101118611,4630,A,A,0.04988249074601525,0.1116927308827989,0.8384247783711859
101118613,4630,A,A,0.09677320479010931,0.18830580768324376,0.7149209875266469
101515916,4724,H,A,0.22276884142206188,0.30425826884263685,0.4729728897353013
101515917,4629,H,H,0.46806847171186033,0.19842684530487245,0.33350468298326735
101515918,4724,A,A,0.24316936279393042,0.29581362753432355,0.4610170096717459
101515919,4675,H,A,0.13962808103146448,0.13212679660678311,0.7282451223617525
101515920,4629,D,H,0.39081992257651965,0.2466379061911862,0.3625421712322942
101515921,4675,D,H,0.4417456560071887,0.2956614546834924,0.2625928893093188
101515922,4724,D,H,0.475673076970674,0.2991803035869271,0.22514661944239875
101515923,4724,D,A,0.28184250281197176,0.19365519819844973,0.5245022989895786
101515924,4629,H,H,0.5071991011461977,0.2507467029463615,0.2420541959074408
101515925,4629,A,H,0.592215720745645,0.20587754482217546,0.20190673443217946
101515926,4629,H,H,0.5950642159482128,0.23530285626089956,0.16963292779088762
101515927,4629,A,H,0.6508609723744905,0.22317904748113104,0.12595998014437856
101515928,4724,A,A,0.337092161186064,0.2240732252582898,0.4388346135556462
101515929,4629,A,A,0.20033929060367228,0.2157588507914437,0.5839018586048842
101515930,4724,H,H,0.6833036744441465,0.21153988353588157,0.10515644201997189
101515931,4675,H,H,0.8016762967294482,0.1379397063825617,0.060383996887990087
101515932,4724,D,A,0.2012439086618789,0.23214110919794556,0.5666149821401755
101515933,4629,H,H,0.6641897679848627,0.1741361512593953,0.16167408075574205
101515934,4675,A,A,0.14168416486962976,0.2101617090805836,0.6481541260497865
101515935,4675,A,A,0.10139993561937398,0.15924568796337205,0.7393543764172541
101515936,4675,A,H,0.546087431073275,0.23984128293054288,0.21407128599618216
101515937,4675,H,H,0.6027511914923563,0.23334138050578443,0.1639074280018593
101515938,4675,D,A,0.26039138040539184,0.30234068886827264,0.4372679307263355
101515939,4724,D,H,0.5735270435274096,0.2458986297195771,0.18057432675301324
101515940,4724,H,H,0.7747522347791611,0.17040481518065143,0.05484295004018745
101515941,4629,H,A,0.2972303975476094,0.2561225962173306,0.44664700623506
101515942,4675,A,H,0.43802243017792414,0.32360428165547506,0.2383732881666008
101515943,4724,H,H,0.5034709360071863,0.2529943922260387,0.24353467176677498
101515944,4724,H,A,0.32383386263587205,0.21303079375279513,0.46313534361133285
101515948,4630,D,H,0.5945782579574934,0.20846242275194132,0.19695931929056523
101750691,4634,H,H,0.6027633719422566,0.20751484649592625,0.18972178156181704
101750693,4634,D,H,0.5698004235584534,0.23294339826880758,0.19725617817273897
101750694,4634,A,H,0.3393936300808888,0.3240999568028944,0.3365064131162169
101750695,4634,D,D,0.34629009870603844,0.41747257306532687,0.23623732822863455
101750696,4634,D,A,0.17512940427174675,0.2357336607927909,0.5891369349354624
101750697,4634,A,A,0.30344998945154444,0.2217470371281162,0.4748029734203395
101750698,4634,H,H,0.5773299047536438,0.2840862642140402,0.13858383103231597
101750699,4634,H,H,0.5844892064753578,0.2844975679168272,0.13101322560781498
101750700,4634,D,H,0.38110543258138835,0.2650119937138671,0.3538825737047445
101750712,4634,D,H,0.4126327150708173,0.30879402870278105,0.2785732562264017
102977692,4630,H,H,0.7798973150420667,0.10032527934847807,0.1197774056094552
102977693,4630,A,A,0.08551273043818235,0.11989969331515847,0.7945875762466593
102977694,4630,A,H,0.46793392354585744,0.2561641459817977,0.2759019304723449
102977695,4630,H,H,0.5384960264313801,0.3101355892229284,0.15136838434569158
102977696,4630,D,H,0.6434866496168156,0.1725668826535222,0.18394646772966233
102977697,4630,H,H,0.6041380917546109,0.22635077000435352,0.1695111382410356
102977703,4630,H,H,0.6716625824039091,0.2337244649099237,0.09461295268616733
102977706,4630,H,H,0.8384128875453132,0.10521493645103144,0.05637217600365546
103372503,4634,H,H,0.4989498066261164,0.2811109329930778,0.21993926038080588
103372504,4630,H,A,0.34956921796673573,0.23761486194979844,0.41281592008346574
103372505,4724,H,H,0.389590894227231,0.2777488878192831,0.33266021795348594
103372506,4724,H,H,0.42486696107333766,0.24665462536232818,0.3284784135643342
103372507,4634,H,H,0.7492118993678213,0.1793696753660429,0.07141842526613576
103372508,4724,D,A,0.2722881625985578,0.24873393702660315,0.4789779003748392
103372509,4629,H,H,0.5139086646219677,0.2596459820853127,0.22644535329271964
103372510,4675,H,H,0.36292705281919974,0.30960836340830383,0.32746458377249643
103372511,4634,D,A,0.34187025445066394,0.296963350471353,0.3611663950779831
103372512,4724,A,A,0.11284088791852016,0.1907126972726433,0.6964464148088365
103372513,4675,A,H,0.6956872183686384,0.18288998292993863,0.12142279870142289
103372514,4629,D,H,0.5502596465976966,0.24095800716927276,0.20878234623303066
103372515,4634,H,A,0.3467791164540014,0.22365285043002478,0.4295680331159738
103372516,4675,D,H,0.41152661479848407,0.3216954875408119,0.26677789766070403
103372517,4724,D,A,0.17285291232279182,0.3126623152130305,0.5144847724641777
103372518,4629,A,A,0.2697528918388216,0.24528574066533396,0.4849613674958444
103372519,4629,D,H,0.7153699956601343,0.1769871611678221,0.10764284317204365
103372520,4629,H,A,0.2540715324647497,0.21406798442965802,0.5318604831055923
103372521,4634,D,H,0.3791549652677119,0.3129932750834885,0.3078517596487995
103372522,4629,A,H,0.42811616070266695,0.2187179176182985,0.35316592167903454
103372523,4724,H,H,0.6255957581293479,0.23140601247266054,0.1429982293979916
103372524,4629,A,A,0.23056215160932375,0.2707231919065812,0.4987146564840951
103372525,4634,D,A,0.25065276194531216,0.30699415044130207,0.44235308761338576
103372526,4724,H,A,0.3385746781642317,0.31119636993063904,0.3502289519051292
103372527,4675,H,H,0.6664274057437066,0.15402139970927997,0.17955119454701332
103372528,4634,D,H,0.5882408698595069,0.23498919169829985,0.17676993844219327
103372529,4724,A,A,0.3258651885001391,0.3331889501303311,0.3409458613695297
103372530,4629,A,A,0.3247227985547148,0.3276184111278163,0.347658790317469
103372531,4634,H,H,0.7393937581357175,0.14274731368711432,0.11785892817716821
103372532,4675,D,H,0.7250050353620657,0.19412136403473904,0.0808736006031952
103372533,4675,D,H,0.585103790308195,0.27654190275981455,0.13835430693199036
103372534,4675,H,H,0.434584782387292,0.3226583143685144,0.24275690324419366
103372535,4675,D,H,0.505872536534947,0.30751258503534895,0.186614878429704
103372536,4724,A,D,0.3747377384110351,0.37902750444444905,0.24623475714451581
103372537,4634,A,A,0.23580021422128855,0.3207949562459538,0.4434048295327578
103372538,4629,A,A,0.27404256977058855,0.302757433305236,0.4231999969241753
103372539,4634,A,H,0.5668687781340614,0.2737130896958565,0.15941813217008202
103372540,4724,H,H,0.5157141429878829,0.2440753040273582,0.24021055298475902
103372541,4675,H,H,0.8020936645304759,0.12186232041306275,0.07604401505646129
103372542,4724,A,H,0.41948304929567426,0.26262950037120886,0.31788745033311677
104036583,4630,H,H,0.4791280065187317,0.17672868538430747,0.34414330809696086
104988750,4630,H,H,0.6555923133153669,0.1905344610015486,0.15387322568308448
104988751,4630,H,H,0.8383359656038538,0.10085881160572299,0.060805222790423184
104988752,4630,A,A,0.16805980863070205,0.3042333949389369,0.5277067964303611
104988753,4630,A,A,0.1802228618692417,0.1791906232102206,0.6405865149205378
104988754,4630,A,A,0.07369203852104662,0.12435266886246332,0.8019552926164901
104988755,4630,H,H,0.4026507316747134,0.233992377566678,0.3633568907586086
104988756,4630,H,A,0.28173413523080537,0.21388507380403524,0.5043807909651594
104988757,4630,A,H,0.5370026731758898,0.2530691787453285,0.20992814807878157
104988758,4630,D,A,0.3384159508417899,0.29866146700651003,0.36292258215170003
105462393,4630,A,A,0.049610086437530176,0.16075544301077674,0.7896344705516931
105462394,4724,H,H,0.757848851085153,0.13556601016690656,0.10658513874794047
105462395,4634,D,A,0.37455269887651693,0.24290208004288594,0.38254522108059724
105462396,4724,H,H,0.4331734185203626,0.209692222397339,0.3571343590822984
105462397,4629,A,A,0.3233720344610143,0.291340908070022,0.3852870574689638
105462398,4634,H,A,0.3383731475013789,0.3079245729101152,0.3537022795885058
105462399,4724,A,H,0.4619799625923267,0.21582061834969576,0.32219941905797755
105462400,4675,H,H,0.5245902803139574,0.27452677149361054,0.20088294819243208
105462401,4629,A,H,0.6373846040064968,0.2249636715586235,0.13765172443487966
105462402,4634,H,H,0.5774388563914142,0.26014296456702524,0.16241817904156053
105462403,4675,A,A,0.12151872873720253,0.1797832495843291,0.6986980216784684
105462404,4724,D,H,0.39013724083913975,0.3264592025107878,0.28340355665007233
105462405,4724,A,H,0.4136542338622118,0.27894627350811557,0.30739949262967264
105462406,4629,H,H,0.7108818418085392,0.15530661425398387,0.13381154393747688
105462407,4629,D,H,0.4195220093902997,0.21384907277931087,0.36662891783038937
105462408,4629,A,H,0.5455515394731735,0.2271234757627046,0.22732498476412186
105462409,4634,H,H,0.4520808406104122,0.3331774877213852,0.21474167166820268
105462410,4629,H,A,0.31733461321310596,0.21451651919303574,0.4681488675938584
105462411,4724,H,H,0.49376766072594336,0.26102125979222357,0.2452110794818331
105462415,4629,A,A,0.17845011019133147,0.20643396109776094,0.6151159287109077
105462416,4634,D,A,0.1404691703405235,0.24560291267397824,0.6139279169854982
105462417,4724,D,A,0.34804792299313997,0.21976815230797508,0.43218392469888495
105462418,4675,A,A,0.22308603867507687,0.250133088864276,0.5267808724606472
105462419,4634,D,H,0.4980099009069853,0.29142676531743567,0.21056333377557898
105462420,4724,A,A,0.3259639955043791,0.2542800941113954,0.41975591038422544
105462421,4629,A,A,0.3067991424866744,0.19386337465868964,0.499337482854636
105462422,4634,D,H,0.46145259025894164,0.3301894306872704,0.20835797905378795
105462423,4675,A,H,0.42681994138487406,0.3184254196988748,0.25475463891625116
105462424,4675,A,H,0.397881078141037,0.2651002624829775,0.3370186593759855
105462425,4675,A,A,0.21425176505885124,0.21262312387479904,0.5731251110663497
105462426,4675,D,H,0.5441804675590699,0.27115210870195516,0.18466742373897502
105462427,4675,A,A,0.2477498582850473,0.29081105709697125,0.46143908461798133
105462428,4724,D,H,0.6068942918581756,0.2791234472233346,0.11398226091848984
105462429,4634,H,A,0.3291183945954118,0.32087814541437565,0.35000345999021243
105462432,4629,D,A,0.3151191169660269,0.21843654788073666,0.46644433515323647
105462433,4634,H,H,0.473281614852227,0.3625343593014552,0.16418402584631786
105462434,4724,A,A,0.23999608058920302,0.2735059370670228,0.48649798234377434
105462435,4675,D,A,0.11806409008549063,0.155557603804001,0.7263783061105084
105462438,4724,H,H,0.529508117080281,0.21255075937014067,0.25794112354957843
105462439,4724,A,A,0.1999532154157369,0.25548012838233175,0.5445666562019313
105462443,4634,H,H,0.48639285970852736,0.26372108329157284,0.24988605699989977
106903882,4675,H,H,0.8162380504466172,0.11710176221134258,0.06666018734204025
106903883,4675,H,H,0.40016865159446535,0.3620157992602389,0.23781554914529582
106903884,4630,D,H,0.49957995523068766,0.12893875005042693,0.37148129471888536
106903885,4675,A,H,0.39442796707369104,0.2607795787326047,0.34479245419370425
106903886,4630,D,H,0.5193565499935382,0.29105230914156455,0.18959114086489737
106903887,4630,H,H,0.6660676877966283,0.19966042904869716,0.1342718831546745
106903888,4630,A,H,0.4450786666685402,0.25290874959067516,0.3020125837407847
106903889,4630,H,H,0.8349864368489496,0.08397600122635733,0.08103756192469304
106903890,4630,H,H,0.48138575880978707,0.2756877383757753,0.2429265028144375
106903891,4630,D,H,0.47571835028151427,0.24432824972980535,0.27995339998868046
106903892,4630,D,H,0.728171862634246,0.184538475498993,0.08728966186676086
106903893,4675,H,H,0.5756764256351655,0.2678966085146181,0.1564269658502164
106903894,4675,D,H,0.4986835881304553,0.27192769347928447,0.2293887183902602
106903895,4675,H,H,0.8079823310715488,0.15105792030975002,0.04095974861870114
106903896,4675,H,H,0.8023140523967881,0.12811854995164176,0.06956739765157015
106903897,4630,H,H,0.5397705051293575,0.23859886272321676,0.2216306321474257
106903898,4675,H,H,0.6633862760186255,0.24113345849889053,0.09548026548248391
107396010,4634,D,H,0.42588933569951015,0.3271039409295317,0.24700672337095808
107396011,4634,A,H,0.5047310694647766,0.2845131985660375,0.2107557319691859
107396012,4634,H,H,0.7298201318958939,0.18895087788496542,0.08122899021914075
107396013,4634,A,A,0.22072161756697736,0.2819569402383366,0.49732144219468605
107396014,4629,H,H,0.42379920037839236,0.2648684331019185,0.31133236651968915
107396015,4629,H,H,0.392595629566414,0.27643013461154275,0.33097423582204333
107396016,4634,H,H,0.471950795923883,0.260760450933259,0.267288753142858
107396017,4629,D,H,0.5781664987261197,0.21884285720208554,0.20299064407179468
107396018,4634,H,H,0.5520358224072733,0.26132004103081174,0.18664413656191484
107396019,4675,A,A,0.2556880517951801,0.30713795393020143,0.4371739942746185
107396020,4634,A,A,0.22980298552442663,0.2618977206481164,0.5082992938274569
107396021,4634,H,A,0.1412702593791295,0.253038423355169,0.6056913172657015
107396022,4634,H,H,0.4994962371335949,0.2621261674461319,0.23837759542027306
107396023,4634,H,H,0.7650797892691624,0.15344022427655804,0.08147998645427959
107396024,4630,H,H,0.4442630047511255,0.24313364167658058,0.3126033535722939
107396025,4724,A,A,0.2590722998553856,0.21060977025938749,0.530317929885227
107456180,4629,A,A,0.2695434280747797,0.2790818369108341,0.45137473501438613
107701020,4724,A,H,0.34505224606958373,0.31964246711548017,0.33530528681493604
107701021,4724,D,H,0.39980483575959586,0.2331019612960846,0.3670932029443195
107701022,4724,H,H,0.5765140618370408,0.2830704535106815,0.14041548465227777
107701023,4724,A,H,0.36271869327135636,0.3180145833696284,0.3192667233590153
107701024,4724,D,H,0.6125092409597299,0.19645232776179952,0.1910384312784705
107701025,4724,A,H,0.4441559169549468,0.30982390486429623,0.24602017818075705
107701026,4724,H,H,0.36957763641279806,0.3096138225851959,0.320808541002006
107701027,4724,H,H,0.5391447106794425,0.2988750635059464,0.16198022581461122
107701029,4724,D,H,0.3872004208137026,0.22652494745941915,0.38627463172687826
107991856,4629,D,H,0.46424708553829563,0.2043874845842449,0.33136542987745954
107991857,4629,A,A,0.3219445932002326,0.3231445565102381,0.3549108502895294
107991867,4630,H,H,0.5234681421028845,0.20974489025945844,0.2667869676376571
107991871,4629,H,H,0.6781638989049984,0.19626010083535073,0.1255760002596509
107991872,4629,H,A,0.28316471188649667,0.23772512685147087,0.47911016126203243
107991873,4629,A,H,0.5572315156543866,0.23483883269641723,0.2079296516491962
109292214,4675,H,H,0.6535837199040311,0.19977561949030584,0.1466406606056631
109292215,4675,A,A,0.10880340638572407,0.22312732986532438,0.6680692637489515
109292216,4630,D,A,0.21073342302687065,0.20614468803353725,0.583121888939592
109292218,4675,A,A,0.224594977887761,0.2288374546954327,0.5465675674168063
109292219,4630,H,A,0.33274523693449737,0.2208130897069178,0.4464416733585848
109292220,4630,D,H,0.44622824592174887,0.26049411076541246,0.2932776433128386
109292221,4630,H,A,0.2964691794111073,0.2519752598176188,0.451555560771274
109292223,4675,A,A,0.29688383880688984,0.20294331973131957,0.5001728414617906
109292224,4675,A,A,0.06377241348589008,0.11919915675272548,0.8170284297613845
109292225,4675,D,H,0.41365562078052087,0.32463970394009606,0.26170467527938307
109292226,4675,A,H,0.40360875034157145,0.34144750266551527,0.2549437469929132
109834363,4634,A,H,0.39344878714460185,0.30713426005054517,0.2994169528048531
109834364,4629,A,A,0.25932942496804756,0.22552599216451652,0.5151445828674359
109834365,4634,H,A,0.34429091480272517,0.29372205915961463,0.36198702603766014
109834366,4634,A,H,0.47322308735258367,0.32600282149774995,0.20077409114966638
109834367,4629,H,A,0.3902168115218628,0.21580891518333992,0.39397427329479723
109834368,4634,H,H,0.40946659546302594,0.25523963241939673,0.33529377211757744
109834369,4629,H,H,0.5887536398764509,0.2228904823163097,0.18835587780723936
109834370,4629,H,A,0.3430858365756744,0.2764547197362582,0.3804594436880675
109834371,4629,D,H,0.6559958006739585,0.22888059743454073,0.11512360189150082
109834372,4634,A,H,0.5163837265131078,0.2891386330047747,0.1944776404821175
109834373,4629,D,H,0.5611319039793702,0.16134480168648999,0.2775232943341398
109834374,4634,H,H,0.48735349453671684,0.2996829668831248,0.21296353858015843
109834375,4634,H,A,0.2574221864395421,0.30028196975428084,0.442295843806177
109834376,4724,A,A,0.27204611422860303,0.3135570604691735,0.41439682530222355
109834377,4629,A,H,0.41378894324620685,0.21271574537107157,0.37349531138272163
109834378,4634,A,A,0.15066028182442343,0.23672292658565863,0.612616791589918
109834379,4675,H,H,0.5336214533914221,0.28990496708221886,0.17647357952635906
109834380,4675,H,H,0.4004003677289222,0.30962657938886134,0.2899730528822164
109834381,4634,H,H,0.46626801019819913,0.3362252242616849,0.1975067655401161
109834382,4629,A,H,0.44126135838043307,0.2743932262563367,0.2843454153632303
109834383,4634,H,H,0.5487721979064618,0.3101575631212651,0.14107023897227314
110164295,4724,D,H,0.5064150077955908,0.227167271219687,0.2664177209847222
110164296,4724,H,H,0.5531099957390035,0.2543555216331442,0.19253448262785228
110164297,4724,A,H,0.5071725210442707,0.22830749567862085,0.2645199832771086
110164298,4724,A,A,0.24081786070230776,0.28449334926151976,0.4746887900361726
110164299,4629,A,A,0.3621633479820317,0.19042572077016087,0.44741093124780745
110164300,4724,A,H,0.3582429322699895,0.3013366129547956,0.340420454775215
110164301,4724,A,H,0.4318162312241055,0.22844863996272463,0.3397351288131699
110164302,4724,H,H,0.3785905871698678,0.3572450480615701,0.26416436476856214
110164303,4724,A,A,0.23595132498555121,0.2314610380727862,0.5325876369416626
110164304,4724,D,H,0.5498776985504447,0.22007274930754772,0.23004955214200762
110919358,4630,H,H,0.7928273283613476,0.12174564092023585,0.08542703071841644
110919359,4630,H,A,0.29939928726893217,0.2678827433028397,0.43271796942822816
110919361,4630,H,H,0.6852215625784007,0.20643048552242627,0.108347951899173
110919363,4630,A,A,0.3065322741595054,0.2871606926719743,0.4063070331685202
111217220,4630,A,A,0.17846081129209662,0.15341034469870496,0.6681288440091985
111217228,4630,H,A,0.13112646586814736,0.16401523795556022,0.7048582961762925
113581745,4629,H,H,0.4909390411569715,0.20184894081830346,0.3072120180247251
113581746,4634,H,H,0.42900189948767115,0.3367842638786813,0.2342138366336475
113891820,4630,D,A,0.34977444754996,0.2683014723741288,0.3819240800759112
113891821,4724,A,A,0.30221713637735814,0.25748842635271046,0.44029443726993134
113891822,4675,A,H,0.6055272397777542,0.1939754499846751,0.20049731023757064
113891823,4630,H,H,0.6380296615162311,0.18231607355794718,0.17965426492582168
113891824,4629,A,A,0.14907929340085477,0.23340648286491059,0.6175142237342347
113891825,4630,H,H,0.7304708750740622,0.15732480597574952,0.11220431895018836
113891826,4630,D,A,0.17508841177849463,0.28467249905491854,0.5402390891665867
113891827,4630,D,H,0.3733694874106744,0.2637904679212224,0.36284004466810316
113891828,4630,H,H,0.4915864229944282,0.2339796520556616,0.2744339249499102
113891829,4675,A,H,0.45534997429464685,0.27097906048993237,0.2736709652154207
113891830,4675,D,H,0.4409316118516006,0.3745304394787086,0.18453794866969073
113891831,4675,H,H,0.8803249882792799,0.0786613586521615,0.04101365306855871
113891832,4675,D,H,0.7833329604889925,0.1374134359842022,0.07925360352680529
113891834,4724,D,H,0.5292945032751694,0.23687512470705252,0.23383037201777804
113891835,4630,H,H,0.5324137595679687,0.2344713387230276,0.23311490170900376
113891836,4724,H,H,0.4725648910575472,0.2655000234941751,0.26193508544827765
113891837,4634,D,H,0.45048348921017256,0.3025005675957084,0.24701594319411888
113891838,4724,H,A,0.25025759619475807,0.22641905777773172,0.5233233460275103
113891839,4629,D,H,0.41606987992536154,0.2556210694985243,0.3283090505761142
113891841,4634,H,H,0.7157694053282458,0.1818456166360703,0.10238497803568389
113891847,4634,A,H,0.4148121400704245,0.30843158659957737,0.276756273329998
113891848,4630,D,H,0.6249411972295371,0.22564148718178542,0.14941731558867752
113891849,4675,A,H,0.5140187479555849,0.20010477940007732,0.28587647264433785
113891851,4634,A,H,0.4237157367224091,0.30147885046020045,0.27480541281739046
113891852,4724,A,H,0.48008848075372834,0.18123715037635996,0.33867436886991176
114502448,4634,H,H,0.6810213434622183,0.18868822585977668,0.13029043067800503
114502449,4675,D,H,0.7465798774646343,0.1901776220340357,0.06324250050133005
114502450,4630,D,H,0.46585235593854946,0.1738288480491758,0.3603187960122748
114502451,4629,H,A,0.28547436026874595,0.2603202271503719,0.45420541258088215
114502452,4634,H,H,0.461721839883811,0.27982342492429546,0.2584547351918935
114502453,4675,D,H,0.6585348453497306,0.20294393302498803,0.1385212216252814
114502454,4629,A,H,0.4325439420377957,0.27443272453883666,0.2930233334233676
114502455,4629,A,A,0.3301696830233634,0.28412098580869966,0.38570933116793693
114502456,4630,H,H,0.7582175272098084,0.12422269979875335,0.11755977299143835
114502457,4629,A,A,0.14327283689095893,0.20907225834620516,0.6476549047628359
114502459,4629,A,H,0.6183491449562248,0.2269736255631084,0.1546772294806667
114502460,4675,D,H,0.617599668737829,0.2749831954694153,0.10741713579275575
114502461,4629,A,A,0.29721667138436125,0.19933001014159638,0.5034533184740424
114502464,4634,A,H,0.4171579164447698,0.2591795554539774,0.3236625281012527
114502478,4634,D,H,0.43357921720122256,0.3389973125767534,0.227423470222024
115046296,4634,A,A,0.3135025927599851,0.2749965305102333,0.4115008767297816
115046297,4724,H,H,0.7647963564231768,0.16270632319478506,0.07249732038203824
115046306,4724,D,H,0.35931233651933725,0.2957086487920421,0.34497901468862063
115046308,4724,H,H,0.7674950446203486,0.15686006203918862,0.07564489334046276
115046356,4724,D,H,0.4405787454190055,0.311151604032911,0.24826965054808356
115046359,4724,D,A,0.33533340228322117,0.2687460782545786,0.39592051946220036
115356386,4630,D,A,0.1904344097055998,0.23724034019125706,0.5723252501031431
115356387,4630,D,H,0.4711502650275214,0.2570127920222949,0.2718369429501837
115356388,4630,H,A,0.3408135520057941,0.2763277923951837,0.3828586555990222
115356436,4630,D,A,0.3034265900644144,0.2686846101057348,0.42788879982985084
115356437,4630,H,H,0.45662879016289387,0.26726401957225215,0.276107190264854
115638602,4630,D,A,0.25103511061313233,0.25235422494431287,0.4966106644425547
115638624,4630,H,H,0.755637534399359,0.10983712661707071,0.13452533898357044
115638636,4630,H,H,0.8692317225354352,0.08465448308416368,0.0461137943804012
115881744,4630,H,H,0.49130207982880125,0.24062708958185305,0.2680708305893456
115881745,4630,H,H,0.9470833198231388,0.042155195022272655,0.010761485154588543
116077385,4629,H,H,0.5184811923662446,0.19391300583990392,0.28760580179385153
116077388,4675,D,H,0.4818721035851288,0.31509433562167105,0.2030335607932002
116370399,4629,D,H,0.5485778984367727,0.22942092368576752,0.22200117787745977
116370400,4675,H,H,0.39557420900382206,0.3231658091797953,0.2812599818163826
116370401,4675,H,H,0.6902287056564265,0.21814370236834163,0.09162759197523188
116370402,4675,A,A,0.21415348972271103,0.27712089439853405,0.5087256158787549
116370406,4675,A,H,0.42016354036894493,0.23905970263535503,0.3407767569956999
116370407,4675,A,A,0.09764903806727791,0.14821136426859044,0.7541395976641316
116370409,4675,H,A,0.10059860548477607,0.1394689327880594,0.7599324617271644
116370411,4629,D,H,0.7154923279739469,0.1838173733762614,0.10069029864979165
116370413,4724,H,H,0.4405561613392004,0.25935421112969964,0.3000896275311001
116920493,4629,A,H,0.4071808233625144,0.29893579966271056,0.29388337697477507
116920494,4629,H,H,0.4884520279319758,0.24583966971328328,0.2657083023547409
116920495,4675,H,H,0.3434643395875345,0.32096650563654844,0.3355691547759171
116920496,4629,H,H,0.5697743627019912,0.2625445893904674,0.16768104790754143
116920497,4629,D,A,0.40115007197360364,0.19368457005973405,0.40516535796666237
116920498,4629,D,H,0.47927137718204854,0.23806766363737272,0.28266095918057876
116920509,4675,A,H,0.5464857801628861,0.2841900160181228,0.16932420381899113
116920512,4629,H,H,0.7733647435514501,0.14506547078056728,0.08156978566798254
117383945,4724,A,A,0.12608798210167685,0.1687597199120327,0.7051522979862904
117383946,4724,H,H,0.45798132206415515,0.24768792642492843,0.29433075151091637
117383947,4630,D,A,0.12802081011761507,0.24675343832538088,0.6252257515570041
117383948,4724,A,H,0.41686094876448565,0.2699951648686396,0.3131438863668747
117383949,4724,H,A,0.2763632057074314,0.2150041474121531,0.5086326468804155
117383950,4630,D,A,0.14432661953427373,0.13170435444861633,0.7239690260171099
117383951,4724,A,A,0.22986749195075148,0.24723977734202154,0.522892730707227
117383952,4724,D,A,0.22865567925832916,0.26339229476508724,0.5079520259765835
117383953,4724,H,A,0.33054760341054673,0.26029843708672923,0.409153959502724
117383954,4724,H,H,0.6182257937773417,0.23393542228200928,0.147838783940649
117383955,4724,D,D,0.3202147597322596,0.38242319637975053,0.2973620438879899
117383961,4630,H,H,0.6258166418418053,0.21932966653831126,0.15485369161988355
117383998,4630,A,H,0.502301621844325,0.17207604711685487,0.32562233103882005
117384002,4630,A,H,0.5396453388795884,0.23065370379094696,0.22970095732946463
117384003,4630,H,A,0.271991009491532,0.2637266794211373,0.46428231108733065
117384004,4630,H,H,0.560847212817015,0.2664247522766935,0.17272803490629154
117384007,4630,A,A,0.19572111910811765,0.22071085886958394,0.5835680220222984
117384008,4630,D,H,0.6375551304459456,0.19494213816918138,0.16750273138487304
117384009,4630,A,A,0.11340569098040615,0.17273357234026993,0.7138607366793239
118459767,4634,H,H,0.4972327769124568,0.3065375367812644,0.19622968630627882
118781391,4634,A,A,0.16990077636559697,0.29748189275483705,0.5326173308795659
118781392,4634,A,A,0.1479403497045406,0.2705044948766724,0.581555155418787
118781393,4634,D,H,0.4282681433635925,0.30141871428883266,0.2703131423475748
118781394,4634,H,H,0.43896624643581583,0.33365319043702607,0.22738056312715813
119319770,4634,D,H,0.605649149461999,0.27801291801338335,0.11633793252461772
119319771,4634,H,H,0.3768086946787639,0.31786676919619056,0.30532453612504556
119319772,4634,A,H,0.4690440049448568,0.2731125329955001,0.2578434620596432
119319774,4634,D,H,0.5080260301576907,0.30976124343116157,0.18221272641114775
119746182,4724,D,H,0.6409409711333458,0.20710347323356224,0.15195555563309193
119746186,4724,D,H,0.7750134212107915,0.1605956795927444,0.06439089919646404
119746187,4629,H,A,0.2882231089155799,0.20124651122965165,0.5105303798547685
119746189,4675,H,H,0.8583748626082212,0.09365770389367055,0.04796743349810831
119746190,4675,A,A,0.33641328584621266,0.26770523529665097,0.3958814788571363
119746191,4724,D,A,0.21461629569692448,0.27185960454245334,0.5135240997606223
119746192,4629,D,A,0.2944859358063402,0.2822241008440359,0.42328996334962393
119746193,4724,D,H,0.6818939423646555,0.2030994619101595,0.11500659572518505
119746205,4629,A,H,0.42544451512527015,0.2913257382826193,0.28322974659211053
119746207,4724,D,H,0.6708699506670809,0.1918244633212379,0.13730558601168114
119746208,4675,H,H,0.6766143703586737,0.18159413371191885,0.1417914959294074
119746209,4724,D,A,0.3831888672356773,0.19921261954200684,0.41759851322231595
119746210,4629,H,H,0.4052690012070772,0.2632453849714635,0.3314856138214593
119746211,4675,D,H,0.5348226280896474,0.29151072155395197,0.17366665035640058
119746212,4675,A,A,0.25955103809791896,0.22642998177401322,0.5140189801280679
119746213,4675,H,H,0.623936094646059,0.1859652703469164,0.1900986350070246
119746214,4675,H,H,0.7643305597796292,0.14913750690289754,0.0865319333174733
119746215,4675,H,H,0.8330721315067431,0.1166181530147625,0.05030971547849444
119746216,4724,H,H,0.5256524944050075,0.25929762057824607,0.21504988501674643
119746222,4629,H,A,0.1721487694072366,0.2542774378378663,0.5735737927548972
119746223,4724,H,H,0.5860028302803054,0.28103062061132883,0.13296654910836572
119746224,4675,H,H,0.6401029760831228,0.21902069484822279,0.1408763290686544
119746228,4634,A,A,0.3443332981759729,0.30380441556412213,0.35186228625990495
119746229,4724,D,H,0.5182849124880559,0.23409886852916395,0.24761621898278025
120119553,4629,A,H,0.44778370725602495,0.26512924151238965,0.28708705123158534
120971825,4634,D,H,0.5984512824472402,0.25804113062451134,0.14350758692824855
120971827,4630,H,H,0.48738602305393774,0.24855990050513418,0.264054076440928
120971828,4630,A,H,0.7805004829804133,0.09906035137646849,0.12043916564311817
120971829,4630,A,A,0.27822309994781086,0.2529489190828327,0.46882798096935646
120971830,4630,A,H,0.8776429738886354,0.07420224817050296,0.048154777940861565
120971831,4630,D,H,0.5275154141334712,0.2273129775102061,0.2451716083563226
120971832,4630,D,H,0.43298200833876077,0.24401195164671055,0.3230060400145287
120971833,4630,H,H,0.885204068691209,0.07960871736578674,0.035187213943004274
120971834,4630,D,A,0.22274409895701933,0.21622260331620352,0.5610332977267772
120971835,4630,H,H,0.6765910584862469,0.2080846737803986,0.11532426773335452
120971836,4630,H,A,0.3421492667476285,0.24121063937067305,0.4166400938816984
121312075,4634,H,H,0.5712255119943355,0.28298104298099996,0.1457934450246646
121312076,4634,A,H,0.4146077048162801,0.2815407994414053,0.30385149574231457
121312078,4634,H,H,0.4572535577697907,0.28049111810591737,0.262255324124292
121312079,4634,H,H,0.4989082839476568,0.26063365432007934,0.2404580617322637
121409099,4630,A,A,0.32777202074145395,0.301011315538363,0.371216663720183
121409100,4630,A,A,0.11883484151852605,0.15772311797755953,0.7234420405039144
121409101,4630,A,A,0.24209455991827947,0.376684569910542,0.38122087017117856
121959719,4634,H,H,0.5696702267659034,0.256693259177756,0.1736365140563406
121959721,4634,A,D,0.36483611343608935,0.37124685029715904,0.26391703626675167
121959722,4634,D,A,0.32164106967992895,0.25320502176563336,0.42515390855443763
121959723,4634,H,A,0.2941548580443841,0.2761983955699246,0.42964674638569117
121959725,4675,D,A,0.25405198791464123,0.21140508868752184,0.5345429233978369
121959726,4630,A,A,0.17132911240539106,0.13630805498006565,0.6923628326145433
121959728,4630,H,H,0.4522621187537269,0.2913986895995504,0.2563391916467227
121959729,4630,H,H,0.49274615124047644,0.24154410733872184,0.2657097414208018
121959730,4630,H,H,0.4343219515659762,0.3128762060685453,0.2528018423654785
122547982,4634,H,H,0.46578266314779015,0.296123081264749,0.23809425558746086
122547983,4629,H,H,0.5183270277859544,0.27840489007483693,0.20326808213920863
122547984,4724,A,A,0.2671212284370069,0.2293867879067171,0.5034919836562759
122547985,4675,D,H,0.40869968220808967,0.3099664181122801,0.28133389967963024
122547986,4629,D,A,0.350877834414953,0.21472752737831938,0.43439463820672775
122547987,4724,A,A,0.11853760147778263,0.2338357320615124,0.647626666460705
122547988,4629,A,H,0.42202412809544493,0.21762345848960105,0.36035241341495405
122547989,4675,H,A,0.15848611125160808,0.26394918225189395,0.5775647064964979
122547990,4724,D,H,0.5456852540779528,0.23737061800831913,0.21694412791372808
122547991,4629,A,H,0.49842910881616825,0.26545180238579164,0.23611908879804008
122547992,4629,A,H,0.4562945475573316,0.24178082011646915,0.3019246323261992
122547993,4629,H,H,0.6042188125351248,0.2153324810049756,0.1804487064598996
122547994,4724,A,A,0.3129569474398203,0.3039975458440905,0.3830455067160893
122547995,4629,H,H,0.7065609382747264,0.18974551630015293,0.10369354542512065
122547996,4724,H,H,0.4352109011222614,0.2811819740393679,0.2836071248383707
122547997,4675,A,A,0.13337563832511154,0.16466743578636675,0.7019569258885217
122547998,4724,H,A,0.17334636721048916,0.21277718111984428,0.6138764516696666
122547999,4629,A,A,0.2995188520619553,0.2862435043821297,0.4142376435559151
122548000,4675,A,A,0.11831237026072296,0.2367215850757669,0.6449660446635102
122548001,4675,H,H,0.4186491857783762,0.32174690097912667,0.25960391324249715
122548002,4675,A,H,0.5510239524617855,0.28173028289772367,0.1672457646404908
122548003,4675,H,H,0.4958578523618772,0.29962974966923606,0.2045123979688867
122548004,4629,H,H,0.6540880643128565,0.20065850333983548,0.14525343234730803
122548005,4724,D,A,0.26944235497425834,0.2968180898642899,0.4337395551614517
122548006,4675,H,H,0.43988942132548275,0.3304443324575474,0.22966624621696996
122548007,4724,A,H,0.36487576823283857,0.2719134102251447,0.3632108215420167
122548008,4724,A,A,0.2668014896172552,0.21094679835293317,0.5222517120298116
122548009,4724,A,A,0.24803497356646276,0.27991017312381516,0.4720548533097221
125353401,4629,H,H,0.44793986067965325,0.21723146971002774,0.3348286696103191
125353402,4634,D,H,0.45581620385444016,0.3339009568163366,0.21028283932922326
125353403,4675,A,H,0.415237005939277,0.30959107208429293,0.2751719219764301
125353404,4629,H,A,0.24219734084087216,0.22660890104482137,0.5311937581143065
125353405,4634,H,H,0.5046651519518783,0.28242295657108313,0.21291189147703846
125353406,4675,D,H,0.718436871176083,0.17066135522847872,0.11090177359543835
125353407,4629,A,A,0.3334582841381611,0.1750163392084114,0.49152537665342766
125353409,4634,H,H,0.42593150568403426,0.27949230208286346,0.2945761922331024
125353410,4675,D,H,0.5995028077761219,0.2084645616620211,0.192032630561857
125353411,4629,H,A,0.3062002748178599,0.2517952590193555,0.4420044661627846
125353412,4629,A,A,0.2538972440555123,0.29026057741734823,0.45584217852713943
125353413,4629,A,A,0.34241534853235994,0.22470103601099806,0.4328836154566421
125353416,4634,D,H,0.4250571906582651,0.29190708053520736,0.2830357288065276
125353417,4629,A,A,0.18307469908604382,0.20219091278873652,0.6147343881252196
125353425,4629,D,H,0.6841478070803663,0.16868150230478973,0.1471706906148439
125353426,4634,A,A,0.27166034020522906,0.22782053182688491,0.500519127967886
125353427,4675,D,H,0.6533271670613102,0.1663658936471966,0.1803069392914932
125353428,4634,H,H,0.5246854346856257,0.2498816567498331,0.22543290856454123
125353429,4634,H,H,0.427511902401538,0.29601141031967426,0.27647668727878766
125353430,4675,A,H,0.6307715938184995,0.19955685678543478,0.1696715493960658
125353431,4675,A,H,0.46129902723074273,0.30056226937127084,0.23813870339798657
125353432,4675,H,H,0.6477041692225664,0.18170118836585714,0.1705946424115764
125353433,4675,H,H,0.7743530392927657,0.12269091505059565,0.10295604565663859
125353434,4634,H,H,0.6380474026336697,0.2189500663581516,0.14300253100817872
125353437,4629,D,H,0.5621654516256537,0.2319042025359304,0.20593034583841602
125353438,4634,A,D,0.3338016625905772,0.3551101664420355,0.31108817096738717
125353439,4675,H,H,0.6353396853776577,0.1841348310086428,0.18052548361369952
125353442,4629,D,H,0.45823376364164653,0.2235430247712077,0.3182232115871458
125353445,4629,H,H,0.45838283470406005,0.19489605248741618,0.3467211128085238
125353446,4629,A,A,0.12255762155765028,0.15627176072862922,0.7211706177137205
125353449,4634,A,H,0.3578721092226884,0.31917920794923427,0.32294868282807737
126918030,4630,D,A,0.08093802078420112,0.12343988596730035,0.7956220932484985
126918577,4630,D,H,0.5783451338846375,0.2032321479980299,0.2184227181173326
126918579,4630,H,H,0.721718872315761,0.20191823391825803,0.07636289376598102
126918589,4630,H,H,0.5958883360449256,0.24953847342378616,0.15457319053128818
126919011,4630,D,H,0.5075443334883911,0.2154229060420433,0.2770327604695656
126919603,4630,H,H,0.494447654090529,0.2902896380092248,0.21526270790024632
126919771,4630,D,H,0.44734967638061657,0.21887477207858988,0.33377555154079347
126982275,4630,A,A,0.0903808065086135,0.1482793856042936,0.761339807887093
126982279,4630,A,A,0.1776822617775434,0.20228871911723578,0.6200290191052209
126982285,4630,H,H,0.5057135732714572,0.17426985880588766,0.3200165679226552
127483019,4724,H,H,0.5680727031198666,0.2859671011010398,0.1459601957790936
127483023,4724,H,H,0.6842402335169694,0.18831498272500485,0.12744478375802576
127483024,4724,D,H,0.49049707981283147,0.2778035973949445,0.23169932279222405
127483196,4724,D,A,0.36536750257562833,0.21488553781750488,0.4197469596068669
127483197,4724,H,H,0.4881977439539761,0.26554938099947006,0.24625287504655385
127591072,4724,D,H,0.6626428484473136,0.19718144210687774,0.14017570944580882
127591808,4724,H,H,0.6385590797393816,0.22297167866232334,0.138469241598295
127591809,4724,D,H,0.6301924227677573,0.1860988908277142,0.1837086864045285
127591901,4724,H,H,0.615792411301439,0.23650791833525575,0.14769967036330528
127663287,4724,H,H,0.43775934556315205,0.2845419339056936,0.2776987205311543
128293508,4634,H,H,0.525425356640851,0.30902194328473365,0.1655527000744154
128293509,4634,A,H,0.5142086418321231,0.3381195013277824,0.14767185684009448
128293510,4675,D,A,0.3164262825272479,0.3331113660364804,0.35046235143627175
128293511,4634,A,H,0.4235061390221153,0.3177756996439065,0.2587181613339781
128293512,4675,A,A,0.16049878172547138,0.20827387149103568,0.6312273467834929
128293513,4634,H,H,0.42984079212875453,0.3274742468079986,0.242684961063247
128293514,4675,A,H,0.3953698593090379,0.3260255289169887,0.27860461177397333
128293515,4634,A,A,0.3170804764721835,0.31182226623560494,0.37109725729221155
128293516,4634,A,A,0.31110754585246947,0.28073031034384344,0.40816214380368704
128293517,4675,D,H,0.4822647879270827,0.30524744486685396,0.21248776720606327
128293518,4634,H,A,0.31350841135498636,0.29603321934985444,0.39045836929515926
128293519,4634,H,H,0.7914196914966012,0.15803537317502525,0.050544935328373494
128293520,4675,H,A,0.30652814689052205,0.19269568293971426,0.5007761701697636
128293521,4675,D,H,0.46344828216480916,0.3088424662509014,0.22770925158428948
128293522,4675,H,H,0.5865782163859206,0.30323174852453944,0.11019003508954006
128293523,4675,H,H,0.609703004738462,0.22225816260216766,0.16803883265937045
128293524,4634,H,H,0.6884836586069445,0.16731669661556292,0.14419964477749248
128293525,4634,A,H,0.3710275061071445,0.2653635320708874,0.36360896182196806
128293526,4675,D,A,0.10951997603010248,0.2309515901973471,0.6595284337725503
128991725,4724,D,H,0.3753631650787448,0.28866960389978086,0.33596723102147436
128991727,4724,H,A,0.07642751644737761,0.18262807031498604,0.7409444132376364
129366678,4724,D,H,0.6041457290920762,0.24541079834186802,0.15044347256605572
129366679,4724,D,D,0.3052943801653265,0.38505550864707444,0.3096501111875991
129366680,4724,D,D,0.2623908906519131,0.3979813517611332,0.3396277575869537
129366683,4724,H,A,0.25539216272166493,0.22978613928259417,0.5148216979957408
129366684,4724,A,A,0.14692489130467876,0.26579595656696786,0.5872791521283534
129366685,4724,D,A,0.27892744740615566,0.2208926035750444,0.5001799490188
129529400,4724,A,A,0.31270908712537965,0.24967544925150548,0.43761546362311493
129540182,4629,A,H,0.448553842067603,0.27732502404154374,0.2741211338908533
129540348,4630,D,A,0.2871676813343361,0.33023917645139883,0.38259314221426516
129540352,4629,H,H,0.6696468156609028,0.19992591407932658,0.13042727025977058
129583808,4629,A,H,0.5894089547048557,0.22416616909802306,0.18642487619712134
129583809,4630,H,H,0.4107048497363248,0.2848672997439091,0.30442785051976595
129583810,4724,D,A,0.1847162252791253,0.1960937408916566,0.619190033829218
129583816,4630,H,H,0.7766721718332171,0.09690160448853809,0.1264262236782447
129583818,4630,H,H,0.7476106377362425,0.1295763914211872,0.12281297084257031
129583819,4630,H,H,0.4657457770511215,0.18181141874312554,0.3524428042057528
129583820,4629,D,H,0.5483729581669028,0.24205408223505911,0.20957295959803812
129583821,4629,A,A,0.22127877194966147,0.2084046861286604,0.5703165419216781
129583823,4630,H,H,0.8295159204790838,0.09934101960643278,0.07114305991448336
129583824,4629,H,H,0.7434922980623963,0.1565668681175435,0.09994083382006029
129583826,4630,A,A,0.22005889465098746,0.32739581902699116,0.4525452863220213
129583827,4630,A,A,0.27392431604336526,0.22469728010954415,0.5013784038470904
129583828,4630,D,H,0.4479218646776683,0.2030447943604541,0.3490333409618775
129583829,4629,H,H,0.3672719793856361,0.30167312982698824,0.3310548907873756
129583830,4630,H,H,0.7152697070704219,0.14664526894041308,0.13808502398916497
130052640,4724,D,A,0.37105906903361174,0.2446435537729803,0.384297377193408
131508731,4630,D,A,0.13370623528284642,0.13631507168110957,0.7299786930360441
131508732,4629,A,A,0.3017445537846191,0.24214023464738801,0.45611521156799295
131508733,4629,A,A,0.25561751176910963,0.22871898841591878,0.5156634998149716
131508734,4629,A,A,0.28664394710410834,0.2476215925957508,0.4657344603001408
131508735,4629,D,A,0.33608160571293455,0.229242688813718,0.4346757054733474
131508736,4629,H,H,0.5270862279855245,0.2727642377840256,0.2001495342304499
131508737,4629,A,H,0.6210794229933431,0.21880511486594587,0.16011546214071098
131508738,4634,H,H,0.5657979183864772,0.3159451116304972,0.1182569699830256
131508739,4675,A,A,0.16527724916391726,0.1633054059073967,0.671417344928686
131508740,4675,H,H,0.7932412762415559,0.13673824179099536,0.07002048196744874
131508741,4630,A,A,0.1387298670229716,0.16263613586725345,0.698633997109775
131508742,4675,A,H,0.4420120085310601,0.3262916681372894,0.2316963233316506
131508747,4675,H,H,0.39673987833144353,0.21827176952007749,0.38498835214847904
131508748,4630,A,A,0.278754627197865,0.24500308187308345,0.47624229092905146
131508749,4630,A,A,0.25614086099231503,0.35215168496110477,0.3917074540465802
131508750,4630,H,H,0.48591561188601,0.3166021574637006,0.19748223065028933
131508751,4630,H,H,0.5784199609587527,0.23230730515870993,0.18927273388253738
131508752,4630,D,H,0.550173156134968,0.19037701456539427,0.2594498292996377
131508753,4630,H,H,0.7280866991998788,0.1920489726810024,0.07986432811911882
131508754,4630,A,H,0.559332717982732,0.24886616190262922,0.19180112011463882
131508755,4675,H,H,0.5501269412908406,0.24863027888607653,0.20124277982308295
131508756,4675,D,H,0.447435735095067,0.19776304382680743,0.3548012210781255
131508757,4675,D,H,0.46299392466758493,0.30097415531998084,0.23603192001243423
131508758,4675,D,H,0.822626803150952,0.11654921906007973,0.0608239777889682
131508759,4630,A,A,0.1685589470015501,0.1492734700970836,0.6821675829013663
131508760,4629,D,H,0.5007022986075927,0.22230245125713943,0.27699525013526777
131508761,4629,H,H,0.6112847848434237,0.20443744636754482,0.18427776878903143
131508762,4675,A,A,0.26746869183449357,0.20348102169498178,0.5290502864705245
131508763,4634,H,H,0.630855657309119,0.24242721239983028,0.1267171302910508
131508764,4629,H,H,0.6393108340739472,0.2213587255602385,0.13933044036581418
131577481,4634,D,H,0.4166959221198178,0.29738621334201476,0.2859178645381675
131577521,4634,H,H,0.4982544452291638,0.25174914803540815,0.249996406735428
131577522,4634,H,H,0.3508910679144099,0.3196840368057297,0.32942489527986035
131577523,4634,D,H,0.5316971831523064,0.2612290881455632,0.20707372870213037
131577524,4634,A,A,0.1200974018333667,0.1903988376748731,0.6895037604917602
131577525,4634,H,H,0.4723778551551408,0.29321248207953676,0.23440966276532246
131577526,4634,H,H,0.553281121520429,0.22225365235189873,0.22446522612767242
131577527,4634,D,H,0.3809153908258914,0.2910417767391026,0.32804283243500604
131856554,4724,H,H,0.6382428520998437,0.22053868232625454,0.14121846557390186
131856555,4724,D,H,0.7364051178533674,0.189325060546612,0.07426982160002064
131856556,4724,A,A,0.3519339301860149,0.2704040887127985,0.37766198110118676
131856557,4724,H,H,0.6274833474486401,0.24279662957349477,0.12972002297786514
131856558,4724,A,H,0.4888763971827816,0.20286606701138593,0.3082575358058326
131856559,4724,A,A,0.14731464567505717,0.1800812407377394,0.6726041135872034
131856560,4724,H,H,0.5091651986972807,0.27238225053216736,0.21845255077055187
131924021,4724,H,H,0.6340967359301022,0.1819215549354431,0.18398170913445464
132162271,4724,A,H,0.5601535765248324,0.2410395692842927,0.1988068541908749
132162272,4724,H,H,0.40883439309609143,0.2720038269367362,0.3191617799671725
134704448,4634,H,H,0.6299794506038727,0.19725104263177107,0.17276950676435623
134704449,4634,A,A,0.15086868558841524,0.29481453610407565,0.554316778307509
134704450,4634,D,A,0.3391271675848791,0.30777423488982336,0.3530985975252976
134704453,4634,A,A,0.3102241518686574,0.2331712495820987,0.4566045985492439
134704454,4634,H,H,0.3731455619846628,0.27148548025154723,0.35536895776379007
134704455,4629,H,A,0.3242495575079397,0.21035274677662463,0.46539769571543566
134704456,4629,A,A,0.3890024768672235,0.1938209704723197,0.4171765526604567
134704457,4630,H,A,0.3045334372541167,0.2565058506526493,0.4389607120932341
134704458,4630,A,A,0.3549140323753692,0.23654229089991713,0.40854367672471376
134704459,4634,H,H,0.5862068142280299,0.28452182803407194,0.12927135773789816
134704460,4634,A,H,0.5274379047769341,0.26256883285696775,0.20999326236609822
134704461,4634,A,H,0.5232783831675724,0.2892076917603514,0.18751392507207623
134704462,4634,H,H,0.7657497609761265,0.1812241229758701,0.053026116048003606
134704463,4630,A,A,0.11412832506716353,0.17132361349920697,0.7145480614336296
134704464,4634,D,H,0.34835839531725793,0.34687456630277985,0.30476703837996216
136824980,4724,D,A,0.3981168933082875,0.20226041426090963,0.39962269243080295
136868005,4675,D,A,0.2522704713875263,0.24410744442732055,0.5036220841851532
136868007,4675,A,H,0.3893799305598071,0.33486377926309907,0.27575629017709385
136868010,4675,H,A,0.13635198480490993,0.17984182827428308,0.683806186920807
136868012,4675,H,H,0.4713133449252257,0.30574302314132873,0.22294363193344563
136868014,4675,H,H,0.7239045723058655,0.18171375112578694,0.0943816765683477
136868016,4675,H,H,0.43887350467978514,0.3391524221720444,0.22197407314817036
136868081,4675,H,H,0.7582104099696791,0.18941241308183848,0.052377176948482373
136868083,4675,H,H,0.37715235128909674,0.3439136409187852,0.2789340077921181
136868084,4675,H,H,0.8915069209412426,0.06259361861657699,0.04589946044218043
136868842,4724,A,H,0.3808972370554172,0.2401941325175269,0.3789086304270558
136869072,4724,H,A,0.23858032862888015,0.20076833294810464,0.5606513384230152
136924774,4724,H,H,0.5157888815102641,0.26440824834556553,0.2198028701441703
136924775,4724,D,H,0.6419848655915374,0.20589109724552251,0.15212403716294007
137015131,4724,D,H,0.5297824658132564,0.27251602940036374,0.19770150478637985
137015132,4724,A,H,0.3640815370457631,0.3507023843372158,0.28521607861702103
137015133,4724,A,D,0.3294131376711141,0.3414153478423344,0.3291715144865516
137425983,4630,H,H,0.7526557961890238,0.15447663767911174,0.0928675661318645
137425984,4630,A,A,0.3210408076355714,0.21638501470916052,0.4625741776552682
137425985,4630,A,H,0.4876704547803631,0.2780472063501428,0.2342823388694942
137425986,4630,A,A,0.34422099562777847,0.24720531058922587,0.40857369378299563
137425987,4630,H,H,0.6507001498161104,0.15028023552990577,0.19901961465398388
137425988,4630,H,H,0.4540157227547846,0.21219975929600865,0.33378451794920666
137425989,4630,H,H,0.8616487751406915,0.07966460449177375,0.05868662036753481
137425991,4630,A,A,0.22933471724462381,0.30371692545395657,0.46694835730141965
137425992,4630,H,H,0.9005239082601032,0.06352661221040418,0.03594947952949265
137425993,4630,A,A,0.16373155791542848,0.22473186995683558,0.6115365721277358
137426233,4634,H,H,0.4733827829234835,0.27802574777149663,0.2485914693050199
137426234,4634,A,H,0.6997049531423207,0.19137526291282608,0.10891978394485306
137426235,4634,H,H,0.5277305891639447,0.2898115476768417,0.18245786315921364
137426236,4634,A,H,0.3467315915923838,0.3208612277094166,0.3324071806981995
137426237,4634,D,H,0.4513305026754704,0.27942950818610934,0.2692399891384202
137426238,4634,H,H,0.38828218572760653,0.3555037490318026,0.2562140652405909
137426239,4634,D,H,0.4880774671330529,0.31445141552773126,0.19747111733921596
137426240,4634,A,A,0.28386703901197563,0.3188029838902644,0.39732997709776
137426241,4634,A,A,0.2744319382073719,0.27418434235133454,0.4513837194412936
137426242,4634,D,A,0.13726517323981144,0.15908464430136574,0.7036501824588228
137426298,4629,A,A,0.3340929452683081,0.20430204123373777,0.46160501349795413
137426299,4629,H,H,0.40197438549442244,0.2926154427093259,0.3054101717962517
137426301,4629,H,H,0.7136511579914588,0.16828576362445175,0.11806307838408947
137426302,4629,D,H,0.4974656081618771,0.2302221052995651,0.27231228653855766
137426303,4629,H,H,0.5081850981860792,0.2588035286627223,0.23301137315119858
137426304,4629,H,A,0.32808090307099447,0.25603379384623637,0.41588530308276916
137426305,4629,D,H,0.57994968899485,0.2262448262236552,0.19380548478149484
137426306,4629,A,A,0.28160152845165276,0.2070723131622283,0.5113261583861188
137426307,4629,A,A,0.18545085862045768,0.16569122878862746,0.6488579125909149
137483653,4724,D,H,0.45002920131065444,0.21460594847492478,0.33536485021442075
137483654,4724,A,A,0.2591397715717124,0.32112727322448226,0.41973295520380527
139241035,4634,H,H,0.37356424760984286,0.3679479248574366,0.25848782753272054
139241036,4634,D,H,0.5425302089418721,0.20718688632336837,0.25028290473475956
139241037,4634,A,H,0.4227190921555256,0.3206158167875795,0.2566650910568948
139241038,4634,H,H,0.6475328753500648,0.25410794156173,0.09835918308820517
139241039,4634,D,H,0.3617618168023577,0.3518734298247865,0.28636475337285583
139241041,4634,A,H,0.4224903240406251,0.24134418920967943,0.33616548674969554
139241042,4634,A,H,0.43893769161450263,0.3011965601603502,0.25986574822514713
139241043,4634,A,A,0.21692177015891076,0.2716246459787445,0.5114535838623447
139241045,4634,D,H,0.7525608838352692,0.15198234527364093,0.09545677089108982
139241046,4634,D,H,0.3556496891161747,0.34444285664306085,0.2999074542407645
139737616,4724,H,H,0.5669636700696269,0.2380029622594655,0.19503336767090762
139737617,4724,A,A,0.21356497714094058,0.30097495065981256,0.4854600721992469
139737618,4724,H,A,0.18984986019065825,0.25045520962078,0.5596949301885618
139737620,4724,A,H,0.45011558179071687,0.3296493667826396,0.22023505142664357
139737621,4724,H,A,0.2689379745151965,0.22747757829899762,0.5035844471858058
139737622,4724,D,A,0.17345767650769847,0.16000192267942334,0.666540400812878
139737624,4724,H,H,0.5596478877910325,0.25953917963218387,0.18081293257678357
139737625,4724,D,H,0.6297396940902623,0.21922711865454672,0.15103318725519096
139737626,4724,D,H,0.7825264341031696,0.1455691246040482,0.0719044412927822
139737627,4724,D,H,0.639928174984588,0.20092265217200306,0.15914917284340888
