fixture_id,season_id,y_true,y_pred,p_home,p_draw,p_away
45213654,4629,H,H,0.5544398854812752,0.1977407068742076,0.24781940764451713
45213655,4630,D,A,0.2856537799404277,0.2661406558961854,0.4482055641633869
45213667,4634,A,H,0.4839279471715099,0.2849057594713256,0.2311662933571644
45213671,4629,H,H,0.4034193449238092,0.24240469563181738,0.3541759594443734
45213674,4634,D,H,0.3960298858630044,0.300188774626714,0.3037813395102815
45213685,4634,H,H,0.49019063075070896,0.2773636430992213,0.23244572615006975
45213692,4630,H,H,0.5396174013915437,0.1892975220612047,0.2710850765472516
45213693,4634,H,H,0.5392176063983074,0.246283084315484,0.21449930928620856
45213703,4629,H,H,0.37394387652899524,0.32189122967547756,0.30416489379552725
45213709,4630,D,H,0.4755486230645102,0.20456308952411992,0.3198882874113698
45213715,4629,A,H,0.4721882088325548,0.2256791110959898,0.3021326800714555
45213716,4629,A,H,0.3447435630721015,0.32749667395619814,0.32775976297170034
45213717,4629,D,H,0.40852337781074777,0.25458933594715827,0.33688728624209396
45213731,4634,A,H,0.39218330820043035,0.3177131650560401,0.2901035267435295
45213739,4634,D,H,0.4060384818203925,0.282259552654023,0.3117019655255845
45213743,4629,H,H,0.48821332225084624,0.2342128158753624,0.27757386187379135
45213757,4630,H,H,0.46771889609218026,0.22919127491266614,0.3030898289951536
45213771,4634,D,H,0.4622691272407087,0.21595209362418946,0.3217787791351019
45213780,4629,D,H,0.482800671092239,0.24057685810449608,0.27662247080326496
45213781,4634,A,H,0.3669450358498365,0.33794467081832447,0.29511029333183897
45213786,4630,H,H,0.5509210661926209,0.21132222814027288,0.23775670566710616
45213801,4630,D,H,0.4144740814560494,0.23347910922238918,0.3520468093215615
45213802,4630,H,H,0.4720463541106354,0.2349223355728524,0.29303131031651236
45213803,4630,A,H,0.3756012929857652,0.2609101750349316,0.36348853197930314
45213804,4630,A,A,0.32697963424621895,0.29703917412745473,0.37598119162632626
45213851,4634,A,H,0.46842134741949204,0.2511791888696422,0.2803994637108657
45213868,4630,A,A,0.33140553143523943,0.27779956588346144,0.39079490268129913
45213869,4629,D,A,0.33826802027134356,0.3156101633890312,0.3461218163396252
45213871,4634,A,H,0.4494677579198022,0.2932396849845985,0.25729255709559923
45346864,4634,H,H,0.49027764485589775,0.26696331946725055,0.24275903567685173
45346865,4630,H,H,0.4438294745886753,0.25380572887239355,0.30236479653893117
45346866,4634,A,H,0.4345492179530204,0.32094837961668005,0.24450240243029953
45346869,4675,A,H,0.45851228184570214,0.2773606668493831,0.2641270513049147
45566305,4630,H,H,0.38942871065251694,0.26028214591382415,0.3502891434336588
45566306,4724,A,A,0.38235953092479763,0.21773284443306848,0.399907624642134
45566307,4634,D,H,0.5606177199356914,0.27794834277499375,0.1614339372893149
45566308,4630,A,A,0.28235739796080767,0.2650126817707348,0.45262992026845755
45566309,4630,H,H,0.5168106686684676,0.18875388374501528,0.29443544758651724
45566310,4630,A,H,0.4333707992629476,0.2903210130787617,0.2763081876582907
45566311,4675,H,H,0.46870915693171433,0.25423000055061806,0.2770608425176675
45566312,4675,D,H,0.44696904246949326,0.2614698479559834,0.2915611095745233
45566313,4675,A,H,0.45503099222918064,0.22870994580010115,0.3162590619707182
45566314,4675,H,H,0.42579320035838747,0.2675247798857943,0.3066820197558182
45566315,4675,H,H,0.43822723518175194,0.2756590059026951,0.286113758915553
45566316,4675,H,H,0.5848118378739814,0.18064264050483725,0.23454552162118147
45566317,4724,A,H,0.381950598834511,0.24587551453263565,0.37217388663285345
45566319,4634,A,A,0.3298873014966398,0.3073585821536301,0.36275411634973015
45566377,4724,A,H,0.3530092516782902,0.3111677199799919,0.335823028341718
45566378,4724,H,H,0.4767415928258497,0.2362376179511211,0.2870207892230291
45566379,4630,H,H,0.44572739527359595,0.19136270919187742,0.3629098955345265
45566381,4634,A,H,0.5877103130213394,0.2611340691305074,0.15115561784815312
45952291,4634,D,H,0.3698429111760705,0.3027616764643429,0.3273954123595866
45952295,4630,H,A,0.3608778128272871,0.22039815677502875,0.41872403039768413
45952296,4630,H,H,0.508269321509834,0.21927500161224583,0.2724556768779202
45952297,4634,H,H,0.4560215402905154,0.2963316515294211,0.24764680818006352
45952299,4724,D,H,0.4204410322007331,0.2532675741220573,0.32629139367720966
45952302,4634,H,H,0.48012485420915685,0.28880257048165586,0.23107257530918726
45952303,4724,H,A,0.34819851624639764,0.3005393971343771,0.35126208661922514
45952304,4724,A,H,0.42279033938685023,0.2852957520143125,0.29191390859883726
45952306,4724,A,A,0.30281388815137633,0.272938459148518,0.4242476527001058
46247431,4634,A,A,0.3724162213081234,0.2518366886191766,0.37574709007269996
46247432,4630,A,H,0.5009417879424629,0.210957263204776,0.2881009488527611
46247433,4724,A,H,0.3896819861046239,0.296126327528226,0.31419168636715
46247434,4634,H,D,0.3562592641237224,0.36509831317972535,0.2786424226965522
46247435,4724,D,H,0.44875180756992544,0.24088088894711346,0.31036730348296104
46860489,4629,D,A,0.3202304186754459,0.24249878862576227,0.4372707926987918
46860494,4629,A,H,0.4136631780764559,0.2642971484583952,0.32203967346514883
47011584,4629,D,A,0.18239086539638993,0.2562858411941287,0.5613232934094814
47011640,4630,A,H,0.4949776383007357,0.2699517940124357,0.23507056768682863
47035890,4675,H,A,0.24554968111868758,0.20954608564529983,0.5449042332360127
47035914,4629,D,A,0.25188062763136315,0.25300210643145266,0.4951172659371842
47035918,4629,D,H,0.37827014505580386,0.31582946052733774,0.30590039441685846
47035919,4629,H,D,0.3018505886582182,0.3630534423370672,0.3350959690047146
47035920,4629,H,A,0.3507468252623033,0.24481072923820277,0.40444244549949393
47035921,4629,A,A,0.36126848851049953,0.20373439837355492,0.4349971131159455
47035922,4629,H,H,0.48612619317818684,0.25175229605134275,0.2621215107704704
47262759,4675,A,H,0.41842625692184665,0.2133714958702564,0.3682022472078969
47262760,4675,H,H,0.6356958837430827,0.21915050010292952,0.14515361615398786
47262761,4675,A,H,0.4420852949203072,0.21886258300023734,0.33905212207945545
47262762,4675,D,A,0.22106547339374072,0.2698942339548364,0.5090402926514229
47262763,4675,A,A,0.3470841730911804,0.20120051439497752,0.45171531251384217
47262764,4675,A,A,0.34170882476158343,0.21958098656407476,0.4387101886743418
47262765,4724,H,A,0.25082484764572505,0.15793019608644548,0.5912449562678296
47262766,4724,H,H,0.3861117009069371,0.29822752855929463,0.31566077053376823
47262767,4724,H,H,0.40077255821132374,0.3296869458217372,0.26954049596693913
47262768,4724,H,H,0.47060284782121403,0.2556507193635794,0.2737464328152065
47652443,4675,H,H,0.519588629327531,0.18992824065018793,0.290483130022281
47652730,4675,H,H,0.40604080817638477,0.2816989548082906,0.3122602370153246
47702745,4724,H,H,0.5444176688478312,0.20952205898328044,0.24606027216888834
47702746,4724,A,H,0.5053430857131106,0.29567737953273626,0.19897953475415306
47702747,4724,D,H,0.5475602943307097,0.2481343163182281,0.20430538935106213
47702748,4724,D,H,0.5539346161522083,0.20718129842703184,0.23888408542075987
47702749,4675,H,H,0.690625609005049,0.16955646648521983,0.13981792450973124
47702752,4675,D,A,0.3308198391059987,0.24679652906314217,0.422383631830859
47751291,4634,H,H,0.41126123025467726,0.3018594836085454,0.2868792861367774
47751292,4634,A,H,0.514005980938591,0.2750250616006046,0.21096895746080457
47751293,4634,A,H,0.5284950649407818,0.23725275712975188,0.23425217792946634
47751294,4630,A,H,0.4912885970509568,0.22904141987777046,0.2796699830712729
47751295,4629,A,H,0.5814519547731438,0.25907887861246315,0.15946916661439306
47751296,4629,H,H,0.35617418931703987,0.28983128903455796,0.3539945216484021
47751297,4630,H,A,0.39683064492544895,0.19884538708793076,0.40432396798662035
47751298,4634,A,D,0.3082584108001645,0.3578757210461486,0.33386586815368696
47751299,4629,H,A,0.373744268721634,0.19969364610355408,0.426562085174812
47751300,4630,A,H,0.598512464061055,0.2613478264609693,0.14013970947797563
47751301,4634,D,H,0.45550849836468116,0.25015449348741053,0.29433700814790836
47751302,4630,A,H,0.42550273947699924,0.20919072732815353,0.3653065331948472
47751303,4630,D,H,0.5535919037092446,0.2772033103198715,0.16920478597088387
47751304,4630,D,H,0.6178490184901895,0.2002004870106314,0.1819504944991792
47751305,4630,A,A,0.35715968360466727,0.21061312889686293,0.43222718749846983
47751306,4634,A,A,0.2699469382973899,0.26933679622642376,0.4607162654761863
48065885,4629,D,H,0.3912561742468087,0.2282798770741052,0.3804639486790862
48065886,4629,H,A,0.33786683389781796,0.23480391294426312,0.427329253157919
48065887,4629,H,H,0.3673642993346135,0.2883638357138587,0.34427186495152784
48065888,4629,D,A,0.173783263707889,0.1797320259242498,0.6464847103678613
48065889,4634,A,H,0.4431501906846755,0.3017410304886419,0.25510877882668265
48065890,4724,A,A,0.2657403369140158,0.3089797958749601,0.4252798672110242
48065891,4724,D,H,0.5430181760082204,0.2471094882262272,0.20987233576555245
48065901,4630,A,A,0.21303400127587674,0.22939420428869134,0.5575717944354319
48065902,4630,A,A,0.24629597560259514,0.24577765919562042,0.5079263652017845
48065913,4630,H,H,0.4234027280203502,0.32236562456454465,0.254231647415105
48065915,4634,H,H,0.45932695984778077,0.3092375000491619,0.23143554010305734
48065916,4634,D,A,0.3902387719620757,0.19119004755675587,0.4185711804811686
48320126,4634,H,A,0.31666855509225045,0.22370691884427657,0.45962452606347304
48585558,4629,D,H,0.5959681293003362,0.2444228349684093,0.1596090357312545
48585559,4629,A,H,0.413288359371983,0.26979609732352855,0.3169155433044884
50341982,4634,A,H,0.4639512270400425,0.29280965035510537,0.24323912260485206
50341983,4629,D,A,0.22658085828325908,0.28884477099895894,0.48457437071778187
50341984,4630,A,A,0.2203051485543224,0.15893382743745912,0.6207610240082184
50341985,4724,A,A,0.2069805136338612,0.31045162678654653,0.4825678595795922
50341986,4675,D,H,0.6357411896393212,0.17270770716668915,0.19155110319398966
50341987,4634,H,A,0.34883456141683394,0.25368440605681597,0.39748103252635
50341988,4724,H,A,0.277147594831566,0.2510602478042107,0.4717921573642234
50595133,4629,H,D,0.38799559707971876,0.39477246861251797,0.21723193430776333
50595134,4634,H,H,0.48029924962226234,0.29240208375870314,0.22729866661903453
50595135,4724,A,H,0.5723941340141201,0.28224308031708006,0.14536278566879982
50595136,4724,H,H,0.4805253590476631,0.24445175227832466,0.27502288867401226
50595137,4724,D,A,0.3044511852769326,0.25264624683056475,0.44290256789250254
50595138,4724,H,H,0.458735815809799,0.2602530043983007,0.2810111797919002
50595139,4675,A,A,0.1791680585050084,0.34247357024823494,0.4783583712467567
50595140,4634,H,H,0.374947101274109,0.3233336064609237,0.3017192922649672
50595141,4630,H,H,0.4306951842096864,0.28643066796148,0.2828741478288335
50595142,4634,H,H,0.6123622952403073,0.26941037779133686,0.11822732696835597
50595153,4630,A,H,0.40782047186898024,0.25055217770809074,0.3416273504229291
50595154,4630,A,A,0.24307508985341184,0.21587354224283972,0.5410513679037485
50595155,4630,D,H,0.6150811226678421,0.2039595077663076,0.1809593695658503
50595156,4675,H,H,0.48626087445992355,0.3530464894311464,0.16069263610893011
50595157,4675,D,H,0.4425802950430157,0.4011938917067714,0.15622581325021292
50595158,4675,H,H,0.43570979186843695,0.2004438051769375,0.3638464029546256
50595159,4675,H,H,0.42547187436576805,0.2930819163340588,0.28144620930017317
50595160,4675,H,H,0.5746211511827308,0.29929665034769026,0.12608219846957888
50595161,4634,H,H,0.4996324709008812,0.21637948487576072,0.28398804422335816
50595163,4630,D,H,0.47861663803543775,0.2423021857748804,0.2790811761896818
50595165,4629,D,A,0.2471346531502025,0.2878002295988769,0.46506511725092053
50595211,4630,H,H,0.6481664136423987,0.18094702106721475,0.17088656529038657
50846751,4634,A,A,0.3483114368406983,0.29372773168341154,0.35796083147589003
50846752,4724,H,H,0.3935609806815793,0.306525765724374,0.29991325359404664
50846753,4724,A,A,0.2643782202091649,0.20879989791195214,0.5268218818788829
50846754,4629,A,A,0.29437594160620967,0.24843500433502175,0.4571890540587686
50846756,4724,H,H,0.4261010468077394,0.24062253506025888,0.3332764181320016
50846757,4724,H,H,0.5053631683462434,0.20752678076920417,0.2871100508845525
50846758,4634,H,H,0.6213094260557752,0.21619715046154817,0.1624934234826766
50846759,4675,A,H,0.38003781024860933,0.36354834942556785,0.2564138403258228
50846760,4629,H,A,0.35604243291393556,0.23399391697224103,0.40996365011382346
50846762,4634,D,A,0.3312441098500144,0.2785903513991468,0.3901655387508387
50846764,4675,D,H,0.4950405852865083,0.2355713187452218,0.26938809596826985
50846765,4629,H,A,0.21489441238257567,0.29844615788518997,0.4866594297322342
50846766,4629,H,A,0.2859932125176375,0.24533282817101673,0.46867395931134564
50846767,4630,H,H,0.4158838848382118,0.2386860116580787,0.34543010350370956
50846768,4630,H,H,0.5363045022481954,0.18005112180039623,0.28364437595140835
50846769,4634,H,H,0.5578314394218844,0.26986380863599246,0.1723047519421232
50846771,4629,D,H,0.4019854455524955,0.2795866022567557,0.3184279521907489
50846808,4630,H,H,0.49742456328181456,0.25556458284610384,0.2470108538720817
51054878,4629,D,A,0.2979126031285041,0.298061649507638,0.40402574736385793
53333849,4675,D,H,0.49500311770761196,0.2344585456787299,0.27053833661365806
53333850,4634,H,H,0.36029179912966014,0.32505703968209787,0.314651161188242
53608635,4724,D,A,0.2264883677567364,0.271050942307797,0.5024606899354666
53608640,4675,D,H,0.35102800438704285,0.3220307981964547,0.3269411974165025
53608641,4634,A,H,0.3986036137641315,0.31952047957372215,0.2818759066621463
53608642,4724,H,H,0.5727414221420192,0.22319783036473018,0.20406074749325062
53608645,4634,H,H,0.46669354803787594,0.29112165956468644,0.24218479239743776
53608650,4630,A,A,0.2414254228211401,0.19813244571685845,0.5604421314620014
53608651,4630,H,H,0.4194643944860453,0.2667101378365534,0.31382546767740127
53608652,4630,H,H,0.36735893569792316,0.3031866504421617,0.3294544138599152
53608653,4675,A,A,0.11768908005866643,0.22608281153703116,0.6562281084043023
53608654,4675,A,A,0.3494327390052429,0.28728689611500713,0.36328036487975
53608655,4724,H,H,0.5854186250194555,0.23672976159374481,0.1778516133867997
53608657,4634,H,H,0.4271791174202194,0.30907567314603995,0.2637452094337406
53608658,4630,A,A,0.15888277886297233,0.2370952003589245,0.6040220207781032
53608661,4634,H,H,0.5249001124981667,0.2893991527053199,0.18570073479651336
53608662,4675,A,A,0.38217218021332555,0.21102105294853343,0.4068067668381409
53608664,4675,H,H,0.611538648505676,0.23372263067897717,0.15473872081534687
53608667,4675,H,H,0.41148554954080585,0.2527027691342815,0.3358116813249126
53608668,4630,H,H,0.6421005868714983,0.22412706079382222,0.13377235233467952
53608676,4630,A,A,0.24531706365215725,0.24066766902184036,0.5140152673260024
53608692,4630,A,A,0.29895400704567043,0.24726279871522983,0.4537831942390998
54121595,4724,H,H,0.4581539486017921,0.29478998947627144,0.24705606192193652
54121597,4634,H,H,0.3959972149037523,0.3413106969921436,0.26269208810410405
54121598,4724,H,A,0.3471735098132815,0.30025127221455944,0.352575217972159
54121599,4675,D,A,0.24524963144164746,0.3105743701712568,0.44417599838709576
54121600,4630,H,A,0.32462057844016096,0.25897963486998377,0.41639978668985517
54121602,4634,H,H,0.4815824074378185,0.2960018541764233,0.2224157383857582
54121603,4675,H,A,0.31563731389731015,0.30322102707109705,0.3811416590315928
54121604,4724,D,A,0.2931509306291699,0.26007456141845675,0.44677450795237345
54121605,4724,H,H,0.39589352531700833,0.264394554752715,0.3397119199302766
54121606,4629,A,H,0.3712374743991084,0.29509017635372153,0.33367234924717
54121607,4630,D,A,0.3365843669597828,0.240686541185574,0.42272909185464314
54121610,4724,D,H,0.4123198664519902,0.2520877671213796,0.33559236642663015
54121612,4634,H,A,0.2050862820419898,0.21776845861559746,0.5771452593424127
54121618,4634,H,H,0.37947073686518484,0.27650692839583074,0.3440223347389844
54121624,4629,A,H,0.3993129478606248,0.30064965301373675,0.30003739912563837
54121625,4629,D,A,0.33759737774841625,0.25021678822243504,0.41218583402914866
54585703,4634,A,A,0.2897976648496575,0.34311927261975445,0.3670830625305881
54585704,4630,D,H,0.5787836898545897,0.2207524280364381,0.20046388210897217
54585707,4724,A,H,0.40590800432370266,0.3012796530023069,0.2928123426739904
54585734,4724,D,H,0.40300591506038347,0.3077151697074085,0.2892789152322081
54638919,4629,D,H,0.5149993660573383,0.2634003904814257,0.221600243461236
54638920,4629,D,A,0.23925515641159406,0.21562316619998112,0.5451216773884249
54638921,4629,A,H,0.38391175763081714,0.2630311120657803,0.3530571303034025
54638922,4629,D,H,0.5678873823145432,0.2256813028235014,0.20643131486195535
54638923,4629,A,H,0.5140650299787485,0.24878018087436143,0.23715478914689012
54856821,4629,D,A,0.23915169226693173,0.27073476787645867,0.49011353985660966
55517686,4629,A,H,0.4384344799256608,0.30842195832286323,0.25314356175147584
55517687,4724,H,H,0.5010432306657541,0.2732975248110304,0.22565924452321542
55517688,4675,H,H,0.682259676869676,0.2340525969249196,0.08368772620540448
55517714,4724,D,A,0.3070442706957767,0.28552790471749606,0.40742782458672705
55517716,4634,A,A,0.3241859777172637,0.29265667361284947,0.3831573486698868
55781141,4629,H,H,0.5356894447688677,0.2529671105985855,0.21134344463254684
55781143,4630,A,A,0.2617895059701596,0.30799325579834075,0.4302172382314996
55781148,4675,H,H,0.4648068382365951,0.279916197165523,0.25527696459788185
55781149,4630,A,H,0.606318769898092,0.19883913758665195,0.1948420925152562
55781154,4629,H,A,0.3015280357804567,0.2868645821062563,0.41160738211328685
55781161,4630,D,A,0.35636508203814066,0.24352629899547007,0.4001086189663892
55781162,4630,D,H,0.5414942861667927,0.23003950660125086,0.2284662072319564
55781163,4675,A,A,0.15561804005078833,0.28372464484679877,0.560657315102413
55781164,4675,A,H,0.40692574078999355,0.28528740109370726,0.30778685811629913
55781165,4675,H,H,0.6081630041043319,0.19460570921774184,0.1972312866779263
55781166,4675,H,H,0.7163890055978172,0.19752085942325648,0.08609013497892642
55781172,4675,H,H,0.47331252621987074,0.32698945322686906,0.19969802055326025
55781174,4634,D,A,0.28953285547793106,0.30305193097168254,0.40741521355038635
55781175,4724,D,H,0.46880093090278535,0.25562162769244295,0.27557744140477164
55781177,4634,H,H,0.6993264912831969,0.21065352295718273,0.09001998575962043
55781178,4724,H,A,0.18655471212702382,0.3036502324701857,0.5097950554027906
55781180,4634,D,H,0.44780463315752933,0.2776015154792174,0.2745938513632533
55781181,4630,H,H,0.6554517077587724,0.18960282225645378,0.1549454699847739
55781183,4724,H,H,0.514143116831307,0.2993274384234254,0.18652944474526761
55781184,4634,H,H,0.5822728875956794,0.26917918904639154,0.1485479233579291
56297591,4629,H,H,0.5224998649933011,0.24240179903804396,0.2350983359686549
56297594,4675,D,H,0.5610228851006309,0.23200199436634475,0.2069751205330244
56297595,4630,A,A,0.2799457327602615,0.23324320365433215,0.48681106358540643
56297596,4629,D,A,0.30772050213169305,0.274155583723705,0.4181239141446018
56297603,4675,H,H,0.5599555682497975,0.28016588247607255,0.15987854927412987
56297604,4629,H,H,0.5455076417813779,0.23405908330626632,0.22043327491235584
56297610,4629,A,H,0.37468829945193527,0.31881603708453743,0.30649566346352736
56297613,4629,H,A,0.3568054022160167,0.27319412012172506,0.3700004776622582
56297614,4630,H,H,0.5739018162719877,0.21311355625234682,0.2129846274756655
56297615,4630,H,H,0.6776656084151735,0.21287580391695532,0.10945858766787107
56297622,4724,D,A,0.3448095079474354,0.21778481523016602,0.43740567682239845
56297623,4724,D,A,0.3376837325562417,0.24525368213835297,0.41706258530540535
56297624,4724,A,A,0.27100804504738907,0.22582946155561512,0.5031624933969958
56297625,4724,H,H,0.5827112536174366,0.261341618890946,0.15594712749161735
56297629,4724,A,A,0.06185628225047157,0.16560328438216645,0.7725404333673619
56297630,4634,H,H,0.49717849532355174,0.26964106002718724,0.2331804446492611
56297631,4634,H,H,0.411150497846484,0.2429353822453511,0.34591411990816495
56297633,4634,D,H,0.3762174696294442,0.3411160253938065,0.28266650497674944
56297641,4634,D,H,0.3729033913494415,0.32218480726856286,0.30491180138199564
56297643,4630,A,H,0.3928509534662452,0.22088670521931295,0.38626234131444187
56297644,4630,D,H,0.40250377998066134,0.2149090599203749,0.3825871600989637
56297646,4634,H,H,0.49665817997325695,0.28911466184759915,0.2142271581791439
57052120,4629,A,A,0.3615357389859076,0.2621749934048281,0.37628926760926434
58704532,4634,H,H,0.47880475661972877,0.2817307921935284,0.23946445118674278
58704533,4634,D,A,0.21841059735668175,0.27531249008931535,0.5062769125540029
58704534,4724,H,H,0.44254694531384603,0.28502928225700225,0.27242377242915167
58792046,4629,H,H,0.5674415376184797,0.20577344237168393,0.22678502000983639
58792047,4675,H,H,0.3969644334220142,0.2986427499911588,0.30439281658682693
58792048,4629,A,A,0.29820981813590713,0.2975904350109205,0.40419974685317245
58792049,4629,D,H,0.4460527444458673,0.2559402294296075,0.2980070261245253
58792050,4630,D,H,0.3869425302541304,0.24842453189134928,0.3646329378545204
58792051,4629,H,H,0.572537637531239,0.26680085390819847,0.16066150856056255
58792052,4629,H,H,0.5263993122345002,0.2696459461365579,0.20395474162894192
58792053,4675,D,A,0.3491355054423324,0.22654637514189013,0.42431811941577735
58792054,4630,H,H,0.4107809719071889,0.23065821375236026,0.35856081434045084
58792055,4629,D,A,0.18430477167447862,0.21498125709339735,0.600713971232124
58792056,4630,H,A,0.10970133693411782,0.20588995520228465,0.6844087078635975
58792057,4630,A,H,0.42586607779487945,0.2430922359942091,0.3310416862109115
58792058,4630,A,A,0.1846507664163147,0.24327568839257338,0.5720735451911119
58792059,4675,H,H,0.3637480297240626,0.31742226331178525,0.31882970696415214
58792060,4675,A,A,0.26652725186050474,0.3247842796052596,0.4086884685342357
58792061,4675,A,A,0.173270687313928,0.19368940475154725,0.6330399079345247
58792062,4675,A,A,0.10807918122774349,0.23521572926612175,0.6567050895061348
58792063,4675,H,H,0.4676787860821019,0.2805687823372836,0.25175243158061456
58792064,4630,H,A,0.2909528727414618,0.2292753584653034,0.47977176879323463
58792065,4629,A,H,0.4474315205292303,0.2771790850341774,0.2753893944365923
58792066,4675,A,H,0.4976562560038606,0.26240900059383804,0.2399347434023013
58792067,4634,A,A,0.2410510651210502,0.2508243714616464,0.5081245634173034
58792068,4724,D,H,0.3840223238198295,0.2746442418587864,0.34133343432138413
58792069,4634,A,H,0.4114707321762157,0.275017582071089,0.3135116857526953
58792070,4634,D,H,0.4334857115782091,0.2869296229342882,0.27958466548750277
58792071,4724,H,H,0.610989314800353,0.23851240722454403,0.15049827797510287
58792072,4724,H,A,0.3501255163785086,0.28355302230594265,0.3663214613155487
58792073,4724,A,H,0.7500852315970884,0.156247910115804,0.09366685828710762
58792074,4634,A,A,0.28849482579573155,0.2937834446095002,0.4177217295947683
58792075,4634,D,H,0.5833018449175917,0.24803655595121635,0.16866159913119186
58792076,4724,A,A,0.30054550405759023,0.24249923650024588,0.4569552594421639
58792077,4724,H,A,0.2711843585695821,0.30037702301255426,0.4284386184178636
59262828,4675,H,D,0.2933681721369921,0.361708863987155,0.3449229638758529
59262848,4630,H,H,0.6135591498892846,0.24358026604415298,0.14286058406656238
59262849,4630,H,H,0.781398554193242,0.14204730966076415,0.07655413614599385
59262850,4630,A,H,0.5388493531021552,0.22763134660067305,0.23351930029717174
59262856,4724,H,A,0.19181585912617072,0.23315883051480468,0.5750253103590246
59262858,4634,D,H,0.4552268240092915,0.2942710133992466,0.250502162591462
59262859,4634,D,H,0.3773246318252574,0.35776628399203675,0.2649090841827058
59262860,4724,D,A,0.35673695083524426,0.2858712657330142,0.35739178343174166
59262862,4634,H,H,0.6058482081411763,0.2572593275094405,0.13689246434938315
59262863,4724,A,A,0.20725457731604544,0.23849808158327276,0.5542473411006817
59262867,4630,A,H,0.439987760850755,0.2315752059000102,0.32843703324923473
59262872,4629,A,H,0.5081578606452799,0.24398785294649142,0.2478542864082286
59262873,4629,H,H,0.38725911047000267,0.2670999975324685,0.34564089199752884
59902525,4634,H,H,0.5535041760589233,0.26582357336920925,0.18067225057186737
60168268,4634,H,H,0.3764474855005998,0.3092830553904997,0.3142694591089004
60168269,4634,A,H,0.47380496759182317,0.28987025674185524,0.23632477566632157
60168271,4724,H,H,0.5245212446739831,0.270226953918115,0.2052518014079019
60168272,4634,D,H,0.4086542683819268,0.30984190253613786,0.28150382908193533
60168274,4724,A,A,0.3407320224938684,0.2427133861261861,0.41655459137994544
60168275,4634,D,H,0.3819605760989214,0.31415228875849416,0.30388713514258436
60168288,4724,A,A,0.13525272138347705,0.19700176295058403,0.667745515665939
60402446,4724,H,H,0.6847072082250206,0.18871646282833326,0.12657632894664608
60402483,4634,H,H,0.6989735614050929,0.20326277967416786,0.09776365892073924
60442094,4724,D,H,0.46741549187950754,0.23718288555926131,0.29540162256123126
60712489,4724,D,H,0.4626747749314104,0.247858639404653,0.28946658566393657
60712490,4724,A,H,0.43048832292713984,0.33681402729238236,0.23269764978047783
60712496,4634,H,A,0.30090934165676836,0.29810039493756746,0.4009902634056642
61217225,4634,D,D,0.3355790009018385,0.36694462621008017,0.2974763728880814
61217671,4724,D,A,0.252962081209488,0.2930812174762527,0.45395670131425925
61218070,4634,A,H,0.4161658624562642,0.2949043072152288,0.2889298303285071
61218338,4724,H,H,0.418216207731735,0.2919079374276183,0.28987585484064665
61282012,4675,A,A,0.2797703968990497,0.3065026971881206,0.4137269059128297
61282017,4675,H,H,0.6916842608627212,0.19273563222651005,0.11558010691076873
61282018,4675,A,H,0.4705154291066072,0.30064737203080644,0.22883719886258644
61282019,4675,D,H,0.8011542601922191,0.1527309371792959,0.04611480262848495
61282021,4634,H,H,0.4247805632312512,0.27164930901211265,0.30357012775663617
61282022,4675,H,H,0.5005368632929482,0.22361059462376334,0.27585254208328835
61282023,4675,H,H,0.7814404228636035,0.15331904714763814,0.06524052998875836
61282025,4675,H,H,0.7690828343116116,0.16793970972156308,0.06297745596682529
61282027,4675,H,H,0.6757739795987208,0.17503238084263165,0.14919363955864764
61282028,4675,D,H,0.6768239708535285,0.22295387823165833,0.10022215091481303
61374399,4629,A,H,0.4490535065261019,0.20787020065741668,0.34307629281648144
61374400,4629,D,A,0.3701773201147257,0.2565769022756222,0.37324577760965205
61374401,4629,D,H,0.4568377608175588,0.23797972806569845,0.3051825111167428
61374403,4629,D,A,0.3696737630855533,0.257281025188522,0.3730452117259247
61374404,4630,D,A,0.17773237873094228,0.24615551305878802,0.5761121082102697
61374405,4630,D,A,0.2848225133590609,0.22203769675400917,0.4931397898869298
61374406,4630,D,H,0.38747974325022055,0.24701360162845418,0.3655066551213252
61374407,4630,D,H,0.4547846227212415,0.2306098961919034,0.3146054810868551
61374408,4630,H,A,0.32536603312414875,0.23953465063247012,0.43509931624338116
61374409,4630,H,H,0.5159122126398435,0.268697927632063,0.21538985972809346
61374410,4630,H,H,0.48917019334012535,0.2630053821448144,0.24782442451506026
61374411,4630,A,A,0.27120491921587575,0.274189993128124,0.4546050876560004
61374412,4630,A,A,0.16786760302616552,0.2166234986125349,0.6155088983612995
61786513,4724,H,H,0.6408715236276975,0.22902739847979509,0.1301010778925074
61842258,4630,H,A,0.3658250804522259,0.21172405521197474,0.42245086433579937
61842311,4629,A,A,0.3367543976165348,0.2530287466316531,0.41021685575181194
61842313,4629,A,H,0.4003204232785756,0.283253336936171,0.3164262397852534
62188597,4629,H,A,0.3479584179671758,0.28446614410922805,0.3675754379235961
62188603,4629,A,A,0.2885715838306484,0.3000033936312419,0.41142502253810964
62523129,4634,H,H,0.6262089238550436,0.235347642597277,0.1384434335476795
62831832,4724,A,H,0.5101376533022467,0.21999182701929956,0.26987051967845377
62831833,4724,H,A,0.27228310874308503,0.25632947516197124,0.47138741609494383
62831834,4724,H,H,0.552106890308862,0.24001102459200593,0.20788208509913217
62831835,4634,D,H,0.47153244981970777,0.2903182347576257,0.2381493154226665
62831836,4634,D,H,0.39050544192372183,0.29590648122984203,0.3135880768464361
62831838,4724,H,H,0.5238595259700964,0.2699246622746341,0.2062158117552695
62831840,4724,D,H,0.6565007766550707,0.19991115484973776,0.14358806849519148
62831841,4634,A,A,0.27789485854728163,0.27541918784186664,0.44668595361085167
62831843,4724,D,H,0.4591191374639434,0.27427208814651216,0.26660877438954456
62831845,4724,D,A,0.3088670188772432,0.3455516377290884,0.3455813433936683
62831859,4634,H,H,0.6126005400252537,0.23100998152264254,0.15638947845210383
63079737,4634,D,A,0.13816428284624682,0.2883792627584209,0.5734564543953322
63079738,4634,D,H,0.3579191567153067,0.31553129320110357,0.32654955008358977
63079739,4634,D,H,0.3532431616986528,0.3087636470958585,0.3379931912054887
63079741,4634,H,H,0.5792484134458515,0.23880352890486362,0.1819480576492848
63079744,4634,A,H,0.5076539048114654,0.2839398420968124,0.20840625309172212
63325784,4724,A,A,0.22468945803424423,0.2604837446806441,0.5148267972851116
63902125,4724,H,H,0.4348418122602344,0.2639752783589575,0.30118290938080805
63902699,4724,A,A,0.16518739770846813,0.23705835198061623,0.5977542503109158
66611649,4634,H,H,0.4981145733758597,0.2589713616233325,0.2429140650008078
66611650,4724,A,H,0.459921036566523,0.25361056660079295,0.286468396832684
66611651,4629,A,A,0.3260707626172504,0.31342402448766365,0.3605052128950861
66611654,4634,D,H,0.4964453853206636,0.28782558827043075,0.21572902640890546
66611656,4724,H,H,0.5751373222938063,0.23107413581822864,0.19378854188796507
66611657,4675,A,H,0.487086919478051,0.2958687389407249,0.2170443415812241
66611658,4629,H,H,0.6752244778324586,0.20982111305815687,0.11495440910938445
66611660,4634,H,H,0.6876926787540886,0.22292552289902995,0.0893817983468814
66611661,4675,H,A,0.3242582001794896,0.2697784366016415,0.405963363218869
66611664,4724,D,H,0.43603913665136823,0.31871357917617926,0.24524728417245256
66611665,4724,H,H,0.46665618084249433,0.24322023618881594,0.2901235829686898
66611666,4629,H,A,0.322957716987317,0.29025044260582306,0.3867918404068598
66611667,4629,H,H,0.3970919207959571,0.27750970994791774,0.32539836925612514
66611668,4629,D,H,0.38583707092612785,0.23901957975068544,0.37514334932318666
66611669,4634,A,H,0.39093471762855236,0.313410172508888,0.29565510986255966
66611670,4629,H,A,0.21459611839505818,0.2823283365663443,0.5030755450385974
66611671,4724,H,H,0.5257348371150521,0.26609088904949924,0.20817427383544868
66611674,4629,H,H,0.524694506475532,0.22431819771164016,0.25098729581282786
66611675,4634,A,A,0.20071769833016356,0.23724562118007209,0.5620366804897643
66611676,4630,A,A,0.17609533122101628,0.28308163485579885,0.5408230339231849
66611677,4724,A,H,0.3775825448937345,0.3083360507477371,0.3140814043585284
66611685,4675,A,A,0.0597196686000218,0.18224662713847414,0.758033704261504
66611686,4634,D,A,0.2594719106702631,0.25841844097576677,0.4821096483539702
66611687,4630,D,A,0.3421620607329914,0.21976894932192478,0.4380689899450839
66611689,4724,A,A,0.13257789788480814,0.17579097662641405,0.6916311254887779
66611694,4629,H,H,0.6231759848073475,0.20989752961055944,0.16692648558209316
66611696,4634,D,H,0.35198188099000566,0.31883212944973455,0.3291859895602598
66611737,4630,D,H,0.5577646617353555,0.23507983828700096,0.20715549997764351
66611738,4630,H,H,0.6411638457696979,0.1894510684883382,0.16938508574196395
66611739,4630,H,H,0.5015812187808055,0.20231035477829287,0.29610842644090163
66611740,4630,H,H,0.6238082940732806,0.21900518063335522,0.1571865252933641
66611741,4630,A,A,0.2662642055815424,0.28544324562916207,0.4482925487892954
66611742,4675,A,A,0.1602117991505157,0.2957954568376878,0.5439927440117964
66611743,4675,A,H,0.5552108763285641,0.2563673518033331,0.18842177186810288
66611744,4675,A,A,0.18864747079749883,0.2067222784436783,0.6046302507588229
66611745,4675,H,H,0.5196140220688948,0.30112438651991025,0.1792615914111949
66611746,4675,A,A,0.21809598964085228,0.2379793485172191,0.5439246618419287
66611749,4724,A,A,0.23740358585128532,0.21988675780767922,0.5427096563410354
66611753,4634,H,H,0.5696338594436446,0.26234717539198155,0.16801896516437387
66611755,4630,H,H,0.6451843653068834,0.2064324170667466,0.14838321762636997
66611770,4629,D,H,0.4690867262605855,0.28422708775792876,0.24668618598148584
66611771,4634,H,H,0.4205139363716617,0.31803290561879616,0.26145315800954216
66611774,4675,H,H,0.6956084080778975,0.19968250236229465,0.10470908955980783
66611806,4630,H,H,0.5173445208130829,0.21733239786634817,0.265323081320569
67104531,4629,D,H,0.6138399367930393,0.2210959767814191,0.1650640864255416
67169860,4634,H,H,0.46495241017224115,0.27183430627436583,0.263213283553393
67169861,4630,H,H,0.6991855262996418,0.1823215596971085,0.11849291400324966
67169862,4724,A,H,0.7748823551867097,0.17426909972685506,0.0508485450864353
67169869,4724,D,A,0.27539668261376243,0.27634523690128293,0.4482580804849546
68958085,4634,H,H,0.741053683506957,0.18557173775744043,0.07337457873560252
68958086,4724,D,H,0.45894873625231564,0.24649005144554603,0.2945612123021384
68958088,4634,D,H,0.5202202333639928,0.25221850120254824,0.227561265433459
68958089,4724,H,H,0.612923272572873,0.18897490763305388,0.19810181979407301
68958090,4675,H,H,0.7744601091896711,0.16166790806554746,0.06387198274478136
68958092,4629,D,H,0.5658366600595949,0.23911035647315781,0.19505298346724728
68958094,4675,D,H,0.38923592271332624,0.23713644753619853,0.3736276297504752
68958095,4629,H,H,0.4254006199455233,0.25185198642812306,0.3227473936263535
68958096,4629,D,H,0.36083748191622145,0.2920056294021353,0.34715688868164324
68958097,4629,H,A,0.2667736181037836,0.2281110917988702,0.5051152900973462
68958098,4630,H,H,0.6541730286494134,0.18964484434696682,0.1561821270036198
68958099,4630,D,H,0.5996918926893735,0.24383496952708975,0.1564731377835368
68958102,4630,A,H,0.4969945399999427,0.26238300485685984,0.2406224551431975
68958104,4724,H,A,0.19572889073646937,0.2913393159357257,0.512931793327805
68958111,4629,H,H,0.36218983167423663,0.282905507932194,0.3549046603935693
68958113,4634,D,A,0.319436187363923,0.30380592521920025,0.3767578874168768
68958114,4724,H,H,0.632074265627581,0.20523168952863888,0.16269404484378008
68958120,4675,H,H,0.8232504825204437,0.12442170278202291,0.052327814697533295
68958122,4634,D,H,0.34552143679716146,0.31254934415633046,0.34192921904650797
68958123,4630,D,A,0.15110591249279817,0.2251138244753924,0.6237802630318094
68958125,4724,A,H,0.5192569707337316,0.258506745692585,0.22223628357368344
68958132,4634,A,H,0.4050050412816926,0.2522560139245033,0.34273894479380396
68958144,4630,H,H,0.8213561616201117,0.12201680843276301,0.056627029947125276
68958145,4630,H,H,0.43944122619266046,0.3030683577246483,0.25749041608269124
68958146,4675,A,H,0.7273580060740574,0.1652934267757274,0.10734856715021511
68958147,4675,H,H,0.4171593514964489,0.30951345226149707,0.2733271962420541
68958148,4675,H,H,0.4106513319246302,0.2841050686554655,0.3052435994199044
68958149,4675,H,H,0.530729801674861,0.27599563208880135,0.1932745662363377
68958150,4675,H,H,0.8035192873956141,0.14310060679118325,0.053380105813202613
68958151,4724,D,A,0.313253075511715,0.3015356974563323,0.3852112270319527
68958153,4634,A,D,0.2755578935370311,0.3920473946762125,0.3323947117867564
68958154,4630,A,H,0.4570069773179839,0.20429168886121632,0.3387013338207999
68958160,4629,A,A,0.3030363603990912,0.26593592514082254,0.43102771446008636
68958161,4634,H,H,0.6826647577643183,0.21922323577923927,0.09811200645644232
68958162,4630,A,A,0.19418079623016132,0.2063188212383862,0.5995003825314525
68958163,4724,H,H,0.5379818714769061,0.2700547472444852,0.1919633812786087
68958166,4675,D,H,0.4535278243067788,0.3176630073009932,0.228809168392228
68958211,4629,H,H,0.5024947391710475,0.25140379461670265,0.2461014662122499
68958214,4724,D,H,0.5654674689623184,0.24664509612273755,0.18788743491494406
68958217,4629,A,A,0.24728144647394723,0.21581042184363158,0.5369081316824212
68958221,4634,H,H,0.4471180508770995,0.3002724002219918,0.2526095489009087
68958225,4629,H,H,0.5836141753704266,0.2427789472324235,0.1736068773971499
68958236,4630,A,A,0.2461376162055218,0.2170027599210252,0.5368596238734531
68958237,4634,D,A,0.34632397619967237,0.2879425701770007,0.3657334536233269
68958241,4630,H,H,0.7130940100611372,0.18858383061423215,0.0983221593246307
69438797,4634,A,H,0.3480756512535211,0.3400347630197186,0.31188958572676034
69438798,4724,H,A,0.30634859852839164,0.27354950758104596,0.4201018938905624
69438799,4724,A,A,0.15239307664864135,0.26494751596375743,0.5826594073876012
70476178,4724,H,H,0.43627014662046165,0.2748856209313651,0.2888442324481733
71292545,4630,H,A,0.1701778269298747,0.21311169248805428,0.616710480582071
71292546,4630,H,A,0.3746262419727339,0.19185911991563692,0.43351463811162916
71292547,4630,H,A,0.17158589802217433,0.34411582732531093,0.4842982746525147
71292548,4630,H,H,0.8320734536517984,0.11117328552295214,0.05675326082524937
71292549,4630,D,A,0.27200211379337,0.2246264794286644,0.5033714067779655
71292550,4630,A,A,0.2744880738787812,0.3079400608886689,0.4175718652325499
71292551,4630,H,H,0.5070354432932023,0.20882265979494594,0.28414189691185177
71292552,4630,A,H,0.4048183077599133,0.2778555099450171,0.31732618229506954
71292591,4630,D,A,0.11591548517121315,0.18644470180409983,0.6976398130246869
71859274,4630,A,H,0.6519886199587949,0.18346457128707092,0.16454680875413422
71859275,4724,H,H,0.3810151438292693,0.2920533956995141,0.3269314604712167
71859276,4724,H,H,0.5928747903705021,0.2825195265501535,0.1246056830793444
71859277,4634,D,H,0.6363091291830868,0.22352001004731098,0.1401708607696023
71859278,4724,A,H,0.38708514568353725,0.2622286826993039,0.35068617161715887
71859279,4629,H,H,0.5201654705386258,0.2146212485266989,0.2652132809346753
71859280,4634,A,A,0.31683850835322586,0.27282573627843254,0.4103357553683416
71859281,4724,H,H,0.5951314650084195,0.2146488148004528,0.1902197201911278
71859282,4675,H,A,0.14719951874113976,0.23837283684670754,0.6144276444121527
71859283,4629,H,H,0.592430357614514,0.22424479875469372,0.18332484363079224
71859284,4634,H,H,0.5249148080726223,0.2869756237687589,0.18810956815861885
71859285,4675,D,H,0.502120549351514,0.26584841437833706,0.232031036270149
71859286,4724,H,A,0.24007670375641435,0.3382910723742033,0.42163222386938237
71859287,4629,A,A,0.3143542368949607,0.30633220970173214,0.3793135534033071
71859288,4629,D,H,0.43946963127668004,0.29504995928890154,0.2654804094344185
71859289,4724,A,A,0.3294708951287335,0.2797048545935108,0.39082425027775586
71859291,4629,D,A,0.35495639757379804,0.26657362345773594,0.3784699789684661
71859292,4634,A,H,0.3952517839670239,0.25341280020521373,0.3513354158277623
71859293,4724,A,H,0.650855799684818,0.22084056639009725,0.1283036339250848
71859294,4675,A,A,0.17454646461752724,0.1928061354443703,0.6326473999381025
71859295,4634,D,A,0.294152042730604,0.30786041474773573,0.39798754252166024
71859296,4724,A,A,0.27606494395070147,0.20139552782865086,0.5225395282206476
71859297,4629,D,H,0.34595649624802377,0.3334608896771482,0.32058261407482797
71859298,4634,H,H,0.4525047979089218,0.30506264173231923,0.24243256035875901
71859299,4675,A,A,0.26204163913403,0.24650956349154782,0.4914487973744223
71859300,4675,D,A,0.2697312237303997,0.33304179494363617,0.3972269813259642
71859301,4675,H,A,0.07670616779888222,0.1951133165843956,0.7281805156167221
71859302,4675,D,H,0.4087932868600249,0.30235939575929016,0.2888473173806849
71859303,4675,A,A,0.32425008252846327,0.27882517070069057,0.3969247467708461
71859304,4724,A,A,0.1301655987318694,0.2394294175638193,0.6304049837043113
71859305,4634,A,A,0.21786157183826058,0.274805907290377,0.5073325208713624
71859306,4629,H,H,0.5850452921795328,0.21386809526731385,0.2010866125531533
71859307,4634,H,A,0.1902525422184203,0.25587346779648457,0.5538739899850952
71859308,4675,A,D,0.38109110090378134,0.3939124334786636,0.2249964656175551
71859327,4634,H,H,0.4903215685498131,0.27145196406830074,0.2382264673818862
72188901,4629,A,H,0.43137543890463753,0.2584454558603678,0.31017910523499453
72188905,4634,H,H,0.5441130052731126,0.27373476425314053,0.18215223047374696
72188906,4629,D,A,0.3426161092705664,0.2898480666156049,0.3675358241138288
73953296,4630,D,A,0.19140766272468734,0.16931433182600467,0.6392780054493081
73953297,4630,H,H,0.44300545669454616,0.26103971599746095,0.29595482730799283
73953298,4630,H,H,0.5968965647786343,0.18661413277452701,0.2164893024468387
73953299,4630,D,H,0.7228719284998262,0.1895323781421499,0.08759569335802399
73953300,4630,H,H,0.6971352811036784,0.1709798436355749,0.13188487526074663
73953303,4630,H,A,0.08703146385750375,0.21608058940366515,0.6968879467388311
73953310,4630,A,H,0.4508540814681775,0.25929828956407425,0.2898476289677483
73953311,4630,H,A,0.24118369905484258,0.23496477355052703,0.5238515273946305
73953369,4630,H,H,0.5095118208708938,0.26870605922758206,0.2217821199015242
73953370,4630,H,H,0.8166203284250464,0.12826891836861612,0.0551107532063375
74415076,4634,H,H,0.6851920981439209,0.20530511225125597,0.10950278960482311
74415077,4724,H,H,0.7175323995994194,0.1618447947596134,0.1206228056409672
74415078,4629,H,H,0.4165652489080495,0.2394463244579977,0.34398842663395274
74415079,4675,H,H,0.7507645550507435,0.15926546213172094,0.0899699828175357
74415080,4634,D,H,0.44507099053942106,0.2856539394997369,0.269275069960842
74415081,4724,D,A,0.33526151585416497,0.27780494127660293,0.38693354286923204
74415082,4675,D,A,0.35005271526114984,0.27088798975157274,0.3790592949872774
74415083,4629,A,H,0.5532994193722515,0.25980024011396496,0.18690034051378362
74415084,4634,H,H,0.7176082587859032,0.1967226508696604,0.08566909034443644
74415085,4675,H,H,0.8566589005361396,0.1069658370655877,0.03637526239827282
74415086,4724,D,A,0.20862056148007757,0.24060763529733348,0.5507718032225889
74415087,4724,H,H,0.4480272530755854,0.26690614219310127,0.2850666047313134
74415088,4629,H,A,0.36556035078665616,0.263827357340364,0.3706122918729799
74415089,4629,H,H,0.37716757310567717,0.26773989045930907,0.3550925364350137
74415090,4629,D,H,0.5561710864976391,0.23208931167172164,0.21173960183063922
74415091,4634,D,H,0.5382260274682887,0.2561009652797625,0.20567300725194873
74415092,4629,D,H,0.5197702744388555,0.2518491503813312,0.22838057517981336
74415093,4724,A,H,0.7431164724240034,0.1862569417790094,0.07062658579698732
74415097,4629,D,A,0.28437752081022766,0.243710449393286,0.4719120297964862
74415098,4634,H,H,0.626190890900948,0.21845558255448622,0.1553535265445658
74415099,4724,D,H,0.5236667319336906,0.24995869152213435,0.22637457654417495
74415100,4675,D,H,0.48880540079369916,0.32038634376026787,0.19080825544603303
74415101,4634,D,H,0.3983043173916375,0.3370425574306988,0.2646531251776637
74415102,4634,D,A,0.3133280818516263,0.34118004788357303,0.34549187026480066
74415103,4724,H,H,0.7279266526743677,0.18585531469742556,0.08621803262820678
74415104,4629,A,A,0.28513149020339146,0.23034256108303575,0.4845259487135729
74415105,4634,A,A,0.18533797589774212,0.3069041316662523,0.5077578924360056
74415106,4675,D,D,0.35006466324695285,0.40747639187746637,0.24245894487558084
74415107,4675,H,H,0.6524331585285036,0.18766980474134495,0.1598970367301515
74415108,4675,D,H,0.3789956433355725,0.2720948253926803,0.34890953127174723
74415109,4675,H,H,0.8922838359418093,0.07990585720643605,0.027810306851754753
74415110,4724,D,A,0.26026550850733765,0.253364420249775,0.4863700712428874
74415111,4634,A,A,0.20656550716912425,0.261519038567271,0.5319154542636048
74415118,4629,D,A,0.34248367315662437,0.2629490193704963,0.39456730747287927
74415119,4634,H,H,0.6483162806172895,0.22455972691027176,0.1271239924724387
74415120,4724,H,H,0.5067763182061409,0.25204758810756717,0.24117609368629206
74415121,4675,H,H,0.40813094187674925,0.2942622621257523,0.29760679599749856
74415122,4724,D,H,0.6170576770925328,0.23703077009556606,0.1459115528119012
78218351,4629,H,H,0.5986643401524733,0.18811816347989008,0.21321749636763665
78218352,4634,H,H,0.4387037444105203,0.31208690125866423,0.24920935433081545
78218353,4675,A,A,0.036939356670472295,0.12670823244160484,0.8363524108879229
78483704,4629,D,A,0.3418183925219751,0.2614932797123348,0.39668832776569013
78483708,4675,A,A,0.30309962194781503,0.22492270150679436,0.47197767654539063
78483709,4634,H,H,0.6611101469950176,0.2248047706647897,0.11408508234019284
78483710,4724,A,H,0.4038337223538269,0.21583760513251066,0.38032867251366254
78483711,4629,A,A,0.3223887761784415,0.3024562244072614,0.37515499941429703
78483716,4634,D,H,0.49545878452888703,0.2943503687411749,0.210190846729938
78483717,4630,A,H,0.3732768397347701,0.33866782492760394,0.28805533533762595
78483718,4630,A,A,0.2762770214390664,0.23773708408021274,0.48598589448072094
78483719,4630,H,H,0.5541921602912614,0.19745428200796805,0.24835355770077058
78483720,4630,A,A,0.19152443307742298,0.2540906585746441,0.554384908347933
78483721,4675,A,A,0.15355351593109307,0.1989734247184717,0.6474730593504352
78483722,4675,H,A,0.1409316244793517,0.218529659855363,0.6405387156652852
78483723,4675,D,H,0.5266905188291915,0.2998387507790342,0.1734707303917742
78483724,4675,D,A,0.23942025663362312,0.3571693456496897,0.40341039771668713
78483725,4675,H,H,0.48776764408439394,0.2800878064532956,0.23214454946231045
78483726,4724,H,A,0.20119618681441723,0.32087348144271405,0.4779303317428687
78483727,4634,D,A,0.26099268984892365,0.2559120815343403,0.4830952286167361
78483728,4630,D,H,0.44597739470036085,0.1930637012372478,0.36095890406239134
78483732,4724,H,H,0.42598076110825644,0.2495550218033013,0.32446421708844214
78483733,4634,H,H,0.7412590786883696,0.17498118766802792,0.08375973364360248
78483734,4630,A,A,0.24902729822477312,0.21069058856075806,0.5402821132144688
78483753,4630,H,A,0.34680587996910334,0.2355931003985191,0.41760101963237767
79034384,4724,D,A,0.31295413430852925,0.22584301205619764,0.46120285363527314
79034385,4629,A,A,0.2264068899491771,0.2881459540690831,0.4854471559817398
79034387,4634,A,A,0.15371474883064346,0.23177156355983167,0.6145136876095249
79034388,4724,H,H,0.6485766936245374,0.22201182486406412,0.12941148151139842
79034389,4675,D,H,0.6244851779581877,0.26143862652282884,0.11407619551898343
79034390,4630,A,H,0.46992874490654657,0.25880447174679433,0.2712667833466592
79034392,4634,H,H,0.5323251814317049,0.2622778913509163,0.2053969272173788
79034395,4724,H,H,0.43032246698128584,0.28826147204236896,0.28141606097634525
79034396,4724,A,A,0.23909654464652552,0.3168978032025765,0.44400565215089793
79034397,4629,A,H,0.43004590450670277,0.25604058308125366,0.3139135124120436
79034398,4629,D,H,0.40604727753803865,0.2933614668795624,0.3005912555823989
79034399,4629,A,H,0.413814082742013,0.3040718608853901,0.2821140563725968
79034400,4630,A,H,0.38895294832899324,0.22734142650730765,0.3837056251636991
79034404,4634,H,H,0.4385268669860568,0.3017322847171767,0.2597408482967665
79034405,4629,H,H,0.5987693163680479,0.21088866266509707,0.190342020966855
79034406,4724,D,A,0.2281499843330086,0.312768074990369,0.45908194067662245
79034419,4629,H,H,0.3885436660883857,0.2554085627045633,0.35604777120705094
79034420,4675,D,H,0.48832591062655256,0.3271483420271873,0.18452574734626018
79034430,4634,H,H,0.48238470921632826,0.29187414824612595,0.22574114253754596
79566591,4634,D,H,0.5550291107685719,0.2487893092735564,0.19618157995787178
79566592,4630,H,A,0.3264231600769593,0.2836063852893112,0.3899704546337293
79566593,4724,H,H,0.5031839479946787,0.25528807630890343,0.2415279756964179
79566624,4724,D,A,0.2849494521734653,0.2875414841609188,0.427509063665616
80501659,4634,H,H,0.41821151065197465,0.29605317873650694,0.2857353106115184
80501660,4724,A,A,0.3230594532049967,0.24285465757098443,0.434085889224019
80501661,4675,A,H,0.45034658471093625,0.3478666920697739,0.20178672321928998
80501664,4629,H,H,0.4795719220447167,0.2800057865722276,0.24042229138305576
80798817,4634,H,H,0.7823252634456404,0.15353012828025345,0.0641446082741062
80798819,4675,H,H,0.7300095923694361,0.1714039868886509,0.09858642074191311
80798823,4629,H,A,0.2756238173675907,0.2726798549900451,0.45169632764236417
80798836,4634,D,A,0.24240147630342654,0.3081572449582233,0.4494412787383503
80798837,4630,H,H,0.6849975562178252,0.17666723116983538,0.13833521261233936
80798838,4724,H,H,0.4997654445986037,0.24307482381774403,0.25715973158365224
80798846,4675,H,H,0.7271507933690047,0.17908051415045173,0.09376869248054355
80798847,4630,A,H,0.39774252566919815,0.2710426327965095,0.3312148415342925
80798848,4724,H,H,0.5569196861879449,0.26808813750305693,0.1749921763089983
80798852,4629,H,H,0.5989463336121487,0.24156958841890197,0.15948407796894945
80798859,4634,H,H,0.5339681813602655,0.26574333607391976,0.2002884825658148
80798873,4630,H,H,0.42556342286384885,0.31467055565413954,0.2597660214820115
80798874,4630,H,H,0.5477758943274363,0.25940513396827797,0.19281897170428575
80798875,4630,H,H,0.7004218657383037,0.16300541222031673,0.13657272204137974
80798876,4675,H,H,0.3694745868277249,0.2918030738077156,0.33872233936455953
80798877,4675,H,H,0.3713299102708236,0.2751239915826493,0.3535460981465271
80798878,4675,H,H,0.857877631404752,0.11109058574145851,0.031031782853789328
80798880,4724,D,H,0.5825289705259454,0.2633767797036708,0.15409424977038375
80798886,4634,H,H,0.6568298988467979,0.222490662376511,0.12067943877669111
81259723,4675,D,H,0.751713952818592,0.13948650134973165,0.1087995458316763
81259725,4634,H,H,0.42961401188656234,0.24198769220300098,0.3283982959104366
81259726,4724,A,A,0.3399824752974209,0.2190714869069,0.440946037795679
81259727,4629,H,H,0.4074321323320053,0.237041765509548,0.3555261021584467
81259728,4675,H,H,0.3642549594554809,0.27318215669655804,0.3625628838479611
81259731,4634,D,H,0.4739908829787821,0.2790571325122088,0.24695198450900918
81259732,4724,A,A,0.25269685467519093,0.27320876719170695,0.474094378133102
81259735,4630,D,H,0.5608564834205738,0.16991387059426946,0.26922964598515675
81259736,4629,H,H,0.5529939447143121,0.25269967909392743,0.19430637619176047
81259744,4634,D,A,0.2362440908527174,0.3480410509423572,0.4157148582049253
81259746,4675,A,H,0.3971622633917431,0.3079600118222524,0.29487772478600455
81259750,4724,D,H,0.4449931383251331,0.2790429456436769,0.27596391603119
81259751,4724,H,H,0.6517593519167724,0.2255741863124374,0.12266646177079028
81259752,4629,H,H,0.4925052300461913,0.27809499008331734,0.22939977987049137
81259753,4629,H,H,0.5497249434966135,0.23571225672283141,0.2145627997805551
81259754,4629,D,H,0.4616641239912789,0.2555118981169763,0.28282397789174496
81259756,4630,D,H,0.49979303525130564,0.23381994806111658,0.26638701668757775
81259757,4630,H,H,0.7474030468841508,0.1482850881302803,0.10431186498556892
81259758,4630,H,A,0.29618303316685146,0.2379323791762872,0.46588458765686136
81259759,4630,D,A,0.14853354445035716,0.24363567040298914,0.6078307851466536
81259769,4634,D,H,0.4925139455113081,0.28310917018743165,0.2243768843012604
81259773,4629,A,A,0.1567203306849364,0.19462287570410072,0.6486567936109628
81259775,4724,D,A,0.3063816797138509,0.2736138879383362,0.4200044323478128
81727361,4634,D,H,0.4729666922232443,0.29197256742509586,0.23506074035165989
81727362,4724,H,A,0.2608769405234674,0.2639518409657564,0.47517121851077626
83382237,4675,D,H,0.4000174840831211,0.36546525571097627,0.23451726020590252
83382238,4675,D,A,0.3651518000113011,0.21128245340991336,0.42356574657878554
83382239,4675,A,A,0.31946749426741666,0.22929964588904367,0.45123285984353967
83382240,4675,H,H,0.5361895679346362,0.29092329604646733,0.17288713601889646
83382241,4675,H,H,0.34481135007058417,0.33877112761478534,0.31641752231463055
83382242,4675,A,H,0.4041311193133995,0.31335284904197147,0.2825160316446289
83382243,4675,H,A,0.11046066427970905,0.15101712912933196,0.7385222065909589
83382244,4675,H,A,0.2197188418530421,0.3502400717433947,0.4300410864035631
83382245,4675,H,H,0.5730499819986603,0.2817543233390544,0.14519569466228524
83450120,4634,A,H,0.4134967421479397,0.2665958528269539,0.3199074050251064
83450121,4724,D,H,0.46420238086846377,0.25242429264901833,0.28337332648251795
83450122,4629,A,A,0.3527810987714196,0.2781925378998178,0.36902636332876265
83450123,4634,D,H,0.3785517343994329,0.3083313870538118,0.3131168785467552
83450124,4724,A,A,0.1970371942566057,0.28384662048944603,0.5191161852539484
83450125,4629,H,A,0.30661545075500585,0.2823697093060364,0.41101483993895765
83450127,4724,H,H,0.45755752660254634,0.2686930155564602,0.27374945784099347
83450128,4629,A,A,0.2785649560913484,0.2731888604373289,0.4482461834713227
83450129,4629,D,A,0.2148068907053712,0.2748950313221312,0.5102980779724976
83450130,4629,H,H,0.3649619185536303,0.28657804705536544,0.3484600343910042
83450131,4634,H,H,0.7781176504301598,0.16615547730606017,0.055726872263780036
83450132,4629,H,H,0.5389083676259621,0.22825170983295862,0.23283992254107924
83450133,4724,D,H,0.40509996653449587,0.31701205191148035,0.2778879815540238
83450134,4629,H,H,0.7262573249107778,0.1648007815889576,0.10894189350026452
83450135,4634,H,H,0.3982105382311844,0.2882005220372763,0.3135889397315393
83450136,4724,H,H,0.7734788360537602,0.1536483415650099,0.07287282238122991
83450137,4634,A,A,0.26914695190277016,0.30142648844613396,0.42942655965109583
83450138,4724,H,A,0.3223273416387703,0.25959876323223446,0.4180738951289952
83450139,4629,A,A,0.307637214339541,0.24496877574797474,0.44739400991248435
83450140,4634,D,A,0.2672447343302622,0.24448220987793096,0.48827305579180685
83450141,4724,D,A,0.2578410702800419,0.2925845411191404,0.4495743886008176
83450142,4634,A,H,0.38427411926485866,0.3102060322172386,0.30551984851790265
83450143,4629,D,A,0.3067818465493808,0.30554118288727045,0.3876769705633487
83450144,4634,H,H,0.523772847098347,0.2626793283810915,0.2135478245205615
83450145,4724,H,H,0.4461030324281794,0.24438266221189853,0.3095143053599222
83450146,4630,A,H,0.49044190472041627,0.23428028685025964,0.27527780842932403
83450147,4630,H,A,0.19975764732237222,0.20574052668774198,0.5945018259898858
83450148,4630,H,H,0.4080841069114041,0.22485639097526983,0.36705950211332605
83450149,4630,H,A,0.37926955679329133,0.1917494186579412,0.4289810245487675
83450150,4630,A,H,0.4869538152082326,0.2830200078064092,0.23002617698535824
83450151,4630,A,A,0.06115543630224295,0.20138131413757596,0.737463249560181
83450152,4630,H,H,0.3919898859269973,0.2438984474159067,0.3641116666570961
83450153,4630,H,H,0.4712418952629306,0.2433813144099619,0.2853767903271076
83450154,4630,A,A,0.14952603372452658,0.193490495632781,0.6569834706426925
83450155,4630,H,H,0.5053341263006417,0.27404801909176507,0.22061785460759328
83855525,4634,D,H,0.46503463068018686,0.3017574332551778,0.23320793606463536
83855526,4724,H,A,0.29691456782520054,0.3247371567962944,0.3783482753785052
83855528,4724,D,A,0.26408949496208955,0.28477008604153525,0.4511404189963752
84969967,4630,A,A,0.1527265937785486,0.19196135008604887,0.6553120561354026
84970504,4630,D,H,0.6014851213017726,0.25198031645921143,0.14653456223901604
84970510,4630,A,H,0.5628574980725831,0.2503732588726797,0.18676924305473713
84970512,4630,H,A,0.14997880735510918,0.2788469418854945,0.5711742507593964
84970516,4630,D,H,0.5727096976031261,0.2149386643564949,0.21235163804037901
84971007,4630,H,H,0.4527612304297132,0.1863399774396919,0.3608987921305949
85359967,4630,H,H,0.41687483366413297,0.22393081398686748,0.3591943523489995
85359968,4630,H,A,0.36287838626274743,0.25704049212289115,0.38008112161436136
85359969,4630,A,A,0.13574616043237128,0.17858287253854593,0.6856709670290828
85360261,4630,H,A,0.3068317056250814,0.2083792610427175,0.484789033332201
85402270,4675,H,H,0.605241091964842,0.21105529440750562,0.18370361362765236
85402271,4675,A,H,0.3946583477013143,0.30220580182507933,0.30313585047360647
85402272,4675,D,H,0.3842830518191413,0.2375413007837494,0.37817564739710935
85402273,4675,H,H,0.49358802618429526,0.30950700976498374,0.19690496405072086
85402274,4675,A,H,0.44023603523900023,0.3024472660412839,0.25731669871971596
85402275,4675,D,H,0.47601485456913983,0.29295989586986,0.23102524956100023
85402278,4675,H,H,0.6650337058957795,0.16486153427743785,0.17010475982678266
85402295,4675,H,H,0.6836134696127019,0.1615170666907175,0.15486946369658053
85402299,4675,H,H,0.5025903711286505,0.31001468583033753,0.18739494304101192
85459650,4629,D,A,0.21763212178218813,0.2020951964123455,0.5802726818054663
85459651,4634,D,H,0.5800247809581281,0.257576646797726,0.16239857224414586
85459652,4634,D,A,0.3009871506396478,0.2879183528157509,0.4110944965446012
85459653,4724,H,H,0.4583051631965932,0.3197958010485865,0.22189903575482026
85459654,4724,H,H,0.6563669134765284,0.21602663501938577,0.12760645150408587
85459655,4629,A,H,0.37075693648016195,0.27780168613187683,0.3514413773879612
85459656,4629,H,H,0.510353136764656,0.2237287327274458,0.2659181305078982
85459657,4634,A,H,0.5153423142210943,0.266236197491122,0.21842148828778363
85459658,4629,H,A,0.2507678999938058,0.26020790630840374,0.4890241936977906
85459659,4634,H,A,0.34220420850898364,0.2548935833710643,0.4029022081199519
85459660,4634,H,H,0.7587373107292583,0.15503269398574873,0.08622999528499292
85459661,4724,A,A,0.16461161784753858,0.18412120054924044,0.651267181603221
85459662,4724,H,H,0.38489912011813965,0.2629854326553758,0.3521154472264846
85459663,4629,H,H,0.5989188416225638,0.24324829931095077,0.15783285906648534
85459664,4634,D,H,0.5172289661960784,0.2679435569691766,0.21482747683474504
85459665,4724,D,A,0.3274033528355206,0.31581727831708295,0.3567793688473964
85459666,4724,H,H,0.5978564243781885,0.22806521921143655,0.1740783564103749
85459667,4629,A,A,0.3367679170765077,0.2807021625378653,0.38252992038562705
85459668,4629,A,H,0.38232325322413874,0.3103302526834843,0.30734649409237697
85459669,4629,D,H,0.3773175255530635,0.2529011117106373,0.36978136273629914
85459670,4634,D,H,0.34270095462352357,0.339025561380004,0.3182734839964724
85459671,4724,H,H,0.4688761374635636,0.2583336696107442,0.2727901929256922
85459672,4724,H,H,0.37323662455957285,0.29628257921335815,0.33048079622706905
85459673,4634,H,H,0.4544477509528833,0.31925911445271277,0.22629313459440376
85459674,4629,A,H,0.6371336121401459,0.2353998022439004,0.12746658561595384
85459675,4634,H,H,0.3862715603337774,0.30376035707669585,0.3099680825895268
85459676,4724,D,A,0.2531951687865543,0.2553227658229068,0.4914820653905389
85823939,4724,H,H,0.6348663543461712,0.24045548798123337,0.12467815767259537
86067470,4634,H,H,0.6536346215558151,0.23326786828162235,0.11309751016256252
86506310,4630,D,H,0.6507896540738565,0.19833914613028983,0.15087119979585364
86506312,4630,H,H,0.40365513833261224,0.29157468789912405,0.30477017376826376
86506313,4630,A,A,0.30267818606153807,0.2268760268708,0.47044578706766205
86506314,4630,H,H,0.6206836267927265,0.18346168969494248,0.19585468351233096
86506316,4630,H,H,0.5222113665163488,0.23588272767399313,0.24190590580965804
86506317,4630,D,H,0.6782017839034925,0.1693053080179854,0.152492908078522
86506318,4630,H,H,0.666931052247239,0.2303803658569279,0.10268858189583314
86506320,4630,A,A,0.18924295939096708,0.21153733353495008,0.5992197070740828
86506322,4630,A,A,0.2724139761523953,0.27419598253660016,0.45339004131100463
86853538,4630,D,A,0.3282149933271089,0.2463865787119864,0.4253984279609047
87198544,4630,D,H,0.475003866314156,0.191472514399565,0.3335236192862791
87198545,4630,H,H,0.46375289639210054,0.24917748152193459,0.2870696220859649
87198546,4630,A,A,0.3306643881373809,0.332688044483608,0.3366475673790111
87198547,4630,H,A,0.19595423407729126,0.20808833093832554,0.5959574349843831
87198548,4630,A,H,0.5512790896299121,0.2611447272438176,0.18757618312627025
87198549,4630,H,H,0.4192011286211485,0.28022176063091164,0.3005771107479398
87198550,4630,D,H,0.80342278093765,0.1484714821783251,0.048105736884024926
87198551,4675,H,H,0.3962651240287643,0.32191232369967915,0.28182255227155656
87198552,4675,H,H,0.6025691897190806,0.24682792769540254,0.15060288258551688
87198553,4675,A,A,0.12155535950366453,0.1797667106606746,0.6986779298356609
87198554,4675,H,H,0.5126360748967378,0.24938710784856868,0.2379768172546935
87198555,4675,H,H,0.7892596030246993,0.15217216811383377,0.05856822886146694
87198556,4675,H,D,0.36594662482586465,0.3776051333539551,0.25644824182018033
87198557,4634,A,H,0.37688178618613366,0.2947270728953717,0.32839114091849453
87198558,4634,D,H,0.6017580828759064,0.24591424988903773,0.1523276672350559
87198559,4675,D,H,0.5961461059762105,0.27727954497678503,0.12657434904700435
87198560,4675,D,H,0.6175794372811179,0.25268811951306674,0.12973244320581548
87198561,4634,A,H,0.4437648441087767,0.27156271936579385,0.28467243652542945
87198562,4675,D,A,0.2272937573350998,0.23441439831922498,0.5382918443456752
87198564,4630,H,A,0.3706563299441379,0.220397634410998,0.4089460356448642
87247092,4724,A,A,0.3415793090059188,0.28226390591203726,0.376156785082044
87247093,4629,H,H,0.7671729027459141,0.15371148270319243,0.07911561455089353
87247094,4724,A,H,0.3565215520993798,0.3111574521143163,0.33232099578630403
87247095,4629,H,A,0.24625951786318853,0.281417447128505,0.47232303500830647
87247096,4634,H,H,0.6428706284211109,0.2599758275375316,0.09715354404135748
87247097,4724,H,H,0.4342811215459423,0.22601162817266654,0.33970725028139115
87247098,4724,H,H,0.76695670013631,0.14584083340814277,0.08720246645554722
87247099,4724,H,H,0.3728461827385336,0.2994787297108227,0.3276750875506438
87247100,4724,D,H,0.5074101986601095,0.2596919925502621,0.23289780878962835
87247101,4724,H,H,0.46687432016199953,0.2233720409967088,0.30975363884129176
87247102,4724,A,A,0.24454933369727488,0.26830852039917397,0.4871421459035511
87247103,4724,D,A,0.1316460975301004,0.2798047058742019,0.5885491965956977
87247104,4724,A,A,0.2573138974196745,0.2945048744717982,0.44818122810852734
87247105,4634,A,A,0.14090062914248858,0.22703540283970158,0.6320639680178097
87247106,4634,H,H,0.4301010571222889,0.3079240914346412,0.2619748514430698
87247107,4634,D,A,0.2285901014351292,0.3074459194029695,0.4639639791619012
87247108,4634,D,A,0.28229647492502596,0.24845299521075304,0.46925052986422083
87247109,4634,H,H,0.4145890834098713,0.3433957935414173,0.24201512304871134
87247110,4634,H,H,0.5297195643630702,0.2598496781960189,0.21043075744091086
87247111,4629,H,H,0.5613250457233534,0.2374193674858833,0.20125558679076333
87247112,4629,D,A,0.33781831352038444,0.28433756274744243,0.3778441237321731
87247113,4629,H,H,0.39545011351448406,0.28491466419071243,0.3196352222948036
87247114,4629,H,H,0.38790530603311907,0.2771493144547839,0.334945379512097
87247115,4629,H,H,0.3908226925784864,0.300846866767838,0.30833044065367565
87247116,4629,A,A,0.24288418313898563,0.24204180229203473,0.5150740145689797
87505929,4634,D,A,0.19757811823718688,0.28221844098604704,0.5202034407767662
87546521,4629,A,A,0.31080781506419003,0.27667561663115237,0.4125165683046576
88204418,4630,H,H,0.7310453223326074,0.15725500209276486,0.11169967557462784
88697568,4630,A,H,0.6138321889981992,0.2008030121868084,0.18536479881499246
88697569,4630,H,A,0.330172044117746,0.2345639885960259,0.43526396728622824
88697570,4630,A,A,0.27904952010817174,0.19166216431276312,0.5292883155790651
88697571,4630,H,H,0.5708178811062734,0.22242449363855568,0.20675762525517094
88697572,4630,A,H,0.5072642953310127,0.2337531836148285,0.25898252105415887
88697573,4630,H,A,0.2286922039074008,0.2318316016654525,0.5394761944271467
88697574,4630,A,A,0.15060226996775894,0.1929240414540399,0.6564736885782012
88697576,4630,A,A,0.3158926623797682,0.3242128455747263,0.3598944920455055
88697577,4630,H,H,0.4114656954917033,0.2632388059754186,0.3252954985328781
88697578,4630,A,H,0.7065591978420378,0.16763182269382207,0.1258089794641402
88969409,4724,H,H,0.42002666525107996,0.2583439974366252,0.321629337312295
88969410,4724,H,H,0.5641623792067129,0.24075055190849037,0.19508706888479674
88969411,4724,A,H,0.5088236579567061,0.2923588008766137,0.19881754116668016
88969412,4724,H,A,0.20971512852378116,0.2776420403676856,0.5126428311085333
88969413,4724,D,H,0.473294248639315,0.30642672089281514,0.22027903046786984
88969414,4724,H,H,0.5449288400079962,0.24694048122298654,0.20813067876901725
88969415,4724,H,H,0.46930928208612194,0.26147411902251255,0.2692165988913654
88969416,4724,D,A,0.1012667132662407,0.17218601954855467,0.7265472671852047
88969417,4724,D,H,0.5060839461730742,0.25091804891253866,0.24299800491438708
88969418,4724,H,H,0.4971897522819047,0.263508226423693,0.23930202129440237
89117066,4634,H,H,0.5213003587824483,0.27773353869968637,0.2009661025178653
89117068,4634,D,H,0.6317135244980396,0.22918302884327732,0.13910344665868304
89117069,4634,A,H,0.5491888518457343,0.25846365192779414,0.19234749622647154
89260692,4634,H,H,0.5138958127941897,0.21977929253629813,0.26632489466951215
89260694,4634,H,H,0.7490996748268932,0.17825377862474565,0.07264654654836118
89260695,4634,H,A,0.34276329376954584,0.3129315910288575,0.3443051152015966
89260699,4634,H,D,0.34316696150527376,0.36382887644772854,0.29300416204699764
89404832,4634,A,A,0.36783761856548486,0.2560485829041988,0.3761137985303163
89404835,4634,A,A,0.2820867935824796,0.2817247505787397,0.4361884558387806
89404836,4634,H,H,0.5056477533584168,0.3377934809921773,0.1565587656494058
89587259,4630,A,A,0.3139298902067905,0.24042847421910027,0.44564163557410924
89587322,4630,H,H,0.6864982058262572,0.20979899539520927,0.10370279877853356
89587323,4630,H,A,0.3707399863708333,0.23454858049730123,0.3947114331318655
89587324,4630,H,H,0.8098896140953201,0.1422496506451616,0.04786073525951835
89587325,4630,H,H,0.4042795361744496,0.2634742390368616,0.33224622478868876
89587614,4630,H,A,0.3369890044751958,0.28538080045799374,0.37763019506681045
89744205,4630,H,A,0.24919339662817142,0.20002605337285478,0.5507805499989737
89744206,4630,H,H,0.4713889128868685,0.2890387566324896,0.2395723304806418
89755839,4724,D,H,0.42851272126015305,0.24608385229909216,0.3254034264407549
89755840,4724,A,A,0.15501406757923666,0.2585476835443951,0.5864382488763682
89755842,4724,A,A,0.29664538679488056,0.30957961334735373,0.3937749998577658
89755843,4724,H,A,0.3514505444514627,0.24404354436238493,0.40450591118615237
89755844,4724,A,A,0.21019658173995504,0.24695263508847584,0.5428507831715692
89755846,4724,H,A,0.3055318648058601,0.30566078667688035,0.38880734851725957
89755847,4724,D,H,0.47473617975168814,0.2874473201365547,0.23781650011175717
89755848,4724,A,H,0.39625183100565325,0.26375006941272344,0.33999809958162325
89755849,4724,H,H,0.7772967191298104,0.14569833357373108,0.0770049472964586
89755850,4724,D,H,0.4891050169489619,0.2810133909106092,0.22988159214042908
89755851,4630,D,H,0.43172218033521864,0.25348949798798964,0.31478832167679177
89755852,4630,H,H,0.6115142003330089,0.15405749803489677,0.23442830163209433
90150696,4629,D,H,0.5411029532243851,0.24669597400291732,0.21220107277269762
90150697,4634,A,H,0.5009661433238739,0.28286951052837384,0.21616434614775223
90150699,4675,H,H,0.7909799262166874,0.13297084097322734,0.07604923281008506
90229724,4675,D,H,0.4794078248576009,0.25618347764416427,0.26440869749823487
90229731,4629,H,A,0.3109662686083808,0.252601809305576,0.43643192208604326
90229735,4634,H,H,0.5850804177357075,0.27216143754202604,0.1427581447222664
90229746,4675,A,A,0.2133155767012661,0.2777228630102156,0.5089615602885182
90229749,4634,H,H,0.5166070625113237,0.25212763990646675,0.2312652975822096
90229750,4630,A,A,0.24937737306446564,0.1977535345465125,0.5528690923890217
90229752,4629,A,H,0.5244188053749508,0.24584933975787945,0.22973185486716977
90229755,4634,D,H,0.44486167664792053,0.3232399783004125,0.23189834505166684
90229767,4675,A,A,0.1273495496522234,0.18806196671090228,0.6845884836368743
90229768,4675,D,H,0.368436850929597,0.3420132426405281,0.2895499064298749
90229769,4675,D,H,0.59701931244001,0.26808251662550847,0.1348981709344814
90229770,4675,A,H,0.6215358406321402,0.18448222923194604,0.19398193013591378
90229779,4634,H,H,0.5343113774508805,0.26036887139202897,0.20531975115709053
90229780,4630,H,H,0.5738472120443917,0.22340119662512314,0.20275159133048523
90352271,4630,D,A,0.3127065426320831,0.23023382196581696,0.45705963540209993
90352273,4724,A,A,0.16342678931180302,0.20556659900925792,0.631006611678939
90352274,4724,H,H,0.5386160962434005,0.2761001061492105,0.18528379760738914
90352285,4724,D,A,0.3391593872431555,0.2887857656380789,0.37205484711876563
90352290,4724,H,H,0.4622539092867535,0.23511523999156517,0.3026308507216814
90352291,4629,A,A,0.19478793675654335,0.1966138282293678,0.6085982350140888
90352296,4724,D,H,0.5621015583447126,0.24276362915951294,0.19513481249577436
90352297,4675,H,A,0.29115087890372193,0.2577677046918494,0.4510814164044287
90352298,4629,H,H,0.447165285056116,0.2936754509735598,0.2591592639703242
90352304,4634,A,A,0.3277021797310796,0.30663104124422175,0.3656667790246987
90352305,4675,D,H,0.40825038272434316,0.3034566672842018,0.28829294999145505
90352308,4724,H,H,0.5708088726594184,0.27783715168735307,0.15135397565322853
90352309,4724,H,A,0.3103873638659626,0.26660405577070634,0.4230085803633311
90352310,4629,H,H,0.5800637393216719,0.2199004156780129,0.20003584500031513
90352311,4629,A,H,0.4205117558484609,0.26748233909322233,0.3120059050583169
90352312,4629,A,H,0.47773404273412484,0.2707474228080468,0.25151853445782835
90352313,4630,D,A,0.2874395498203513,0.2299440466160749,0.48261640356357394
90352317,4634,D,A,0.11925048021926428,0.23314744949907068,0.647602070281665
90352318,4629,H,H,0.612759027314842,0.2154957875492826,0.17174518513587547
90352320,4724,H,H,0.4845339974194474,0.2618077166708073,0.2536582859097454
90450275,4724,H,H,0.5508825455480798,0.24067285953946368,0.2084445949124565
90450277,4630,D,H,0.40230327061376353,0.27059407863102086,0.3271026507552155
90559695,4724,H,H,0.6020681875850361,0.2328492805900388,0.16508253182492505
92627898,4675,D,H,0.4427638618505946,0.30720249657761933,0.250033641571786
92990950,4634,H,H,0.5062518071158126,0.28710676367982524,0.2066414292043621
94360868,4675,A,A,0.3148869215739832,0.20390016702442448,0.4812129114015923
94360869,4630,H,H,0.621078564568389,0.19696077867136208,0.18196065676024903
94360874,4634,A,A,0.3031029559155096,0.28873051970559727,0.40816652437889317
94360880,4634,H,A,0.3137001280199581,0.27863610836903585,0.40766376361100615
94360881,4630,H,H,0.45389307734542605,0.267060694752989,0.279046227901585
94360887,4634,A,A,0.20735269944042212,0.25922798356721266,0.5334193169923652
94360889,4675,D,A,0.20115139355567482,0.2722400511943357,0.5266085552499895
94360890,4675,D,H,0.49626350237118044,0.2759169818190492,0.22781951580977033
94360891,4675,H,A,0.2294773705220866,0.24686612506948494,0.5236565044084284
94360892,4675,A,A,0.24934191578578546,0.27084011738514746,0.4798179668290671
94360893,4675,H,H,0.5072076319480667,0.24287454971484937,0.24991781833708387
94360897,4634,A,H,0.3688567912634593,0.29129186044733885,0.33985134828920177
94638448,4634,H,H,0.6859163832309864,0.19454191899290837,0.11954169777610521
94638450,4634,A,A,0.35433632719744423,0.2612284068429952,0.3844352659595606
94638453,4675,A,H,0.5420466401114326,0.2580037413777451,0.19994961851082238
94638454,4630,A,A,0.25031812882427756,0.20252374367668574,0.5471581274990367
94638458,4634,H,H,0.7860560489088327,0.17013339478199804,0.04381055630916912
94638462,4675,A,H,0.8428548441474809,0.11612147102370027,0.041023684828818914
94638464,4630,D,A,0.1699389699915851,0.2667346459494357,0.5633263840589792
94638468,4634,H,H,0.4079205252947693,0.30058679564836194,0.2914926790568688
94678160,4724,A,A,0.24339624778016963,0.24620706618383784,0.5103966860359925
94678161,4724,A,A,0.26692325254696647,0.33382890319755537,0.39924784425547816
94678162,4724,H,A,0.3390221609257791,0.26229757614968857,0.3986802629245323
94678163,4724,H,D,0.32264975184986683,0.355456840908854,0.32189340724127913
94678164,4724,A,A,0.21025043470146199,0.26475050213186724,0.5249990631666708
94678165,4724,H,H,0.5690820747516602,0.2359256190325018,0.19499230621583807
94907114,4634,D,H,0.3852969752155547,0.3610333868385345,0.2536696379459107
94907115,4630,D,H,0.46303777957994824,0.2547358056651141,0.2822264147549378
95530892,4629,A,A,0.31875427049516214,0.28938487058270673,0.3918608589221311
95697293,4629,D,H,0.38041585793407173,0.25295402523003424,0.36663011683589397
95697296,4629,H,H,0.5578168223545114,0.23130973673593966,0.21087344090954901
96032296,4675,D,H,0.7542855093272997,0.1531314235664674,0.09258306710623282
96032297,4675,H,H,0.6372525913555565,0.24217990851746926,0.12056750012697433
96032299,4629,D,H,0.6421012226182787,0.18942784057174103,0.16847093680998024
96032302,4675,H,H,0.655626536440988,0.22460950762122417,0.11976395593778773
96032303,4629,A,A,0.30275244230594733,0.28404311680602334,0.41320444088802927
96032304,4675,H,H,0.4769755627042291,0.3331671998738635,0.18985723742190738
96032305,4629,D,H,0.497196932608659,0.2800087412703778,0.22279432612096317
96032306,4629,D,A,0.3169703771355833,0.3182724760544626,0.3647571468099542
96032307,4629,D,A,0.2507450577406488,0.29233377388206266,0.4569211683772885
96032309,4629,D,A,0.25650084202853707,0.26739131830923013,0.47610783966223263
96348848,4675,H,H,0.3953337436423013,0.22909678386345075,0.37556947249424794
96348849,4675,A,A,0.14214429850567945,0.19200639717392945,0.6658493043203911
96348850,4675,H,H,0.456204328735076,0.29176720953293744,0.2520284617319866
96348851,4675,D,H,0.44382388546387785,0.3350790998053849,0.2210970147307373
96348852,4675,D,H,0.6071748377466785,0.25405182373186835,0.13877333852145307
96387280,4724,H,H,0.3864213175511121,0.3178936544908206,0.29568502795806734
96387281,4634,D,H,0.3879496239246895,0.3390810979469732,0.2729692781283373
96387282,4634,A,H,0.6286642219631579,0.24213132366884613,0.12920445436799607
96387283,4724,A,A,0.28451393353388654,0.2992040835899501,0.4162819828761633
96387284,4724,H,H,0.4816208537257066,0.2442110977913148,0.2741680484829787
96387285,4634,A,H,0.366989321511427,0.2896285654922376,0.34338211299633536
96387286,4724,D,H,0.7231595714728426,0.19249337264818348,0.0843470558789739
96387287,4724,H,H,0.615830587759677,0.21830448672981814,0.1658649255105048
96387288,4634,D,H,0.6288162439527709,0.22140717047753777,0.14977658556969137
96387289,4724,A,A,0.18453092184988765,0.194867772468847,0.6206013056812655
96387290,4724,D,H,0.566639294920002,0.21406485572848666,0.21929584935151122
96387291,4724,D,H,0.4331944002070049,0.27101206804801414,0.295793531744981
96387292,4724,D,H,0.49981721655721123,0.2582022923506681,0.24198049109212066
96545570,4634,H,H,0.5361335304158675,0.305298854087041,0.15856761549709145
96545571,4724,A,A,0.21898932706127872,0.2671171388528628,0.5138935340858585
96545572,4634,D,A,0.19105462099079715,0.27718074518003044,0.5317646338291725
96545573,4634,A,A,0.25105821374508513,0.22766491995594085,0.521276866298974
96545574,4634,H,H,0.499232410696442,0.2959365123202807,0.20483107698327735
96545575,4634,A,A,0.17633983674375336,0.2473437809700551,0.5763163822861914
96545576,4634,A,A,0.3139117644474287,0.32530404072154323,0.3607841948310281
96545577,4630,A,H,0.5027664694359901,0.1906503706374087,0.30658315992660123
96545578,4630,H,H,0.5056549138464395,0.3101860377827048,0.18415904837085584
96545580,4630,H,A,0.2850008502938352,0.2590096596723017,0.4559894900338631
96545581,4630,D,H,0.47477415000348544,0.2264634248372903,0.2987624251592242
96545582,4630,A,A,0.16907966611073122,0.20338338104637954,0.6275369528428892
96735889,4630,H,H,0.6776753981331778,0.1646762422552888,0.15764835961153342
96735891,4630,H,H,0.7698345061236002,0.16142892641319617,0.06873656746320374
96735892,4630,H,H,0.6048256313857757,0.19418218202042584,0.2009921865937985
96910291,4630,A,H,0.46956219148089823,0.24153989378540375,0.2888979147336979
96910292,4630,D,H,0.533484201582573,0.2431223302496515,0.2233934681677754
97226251,4634,H,H,0.5532137720570204,0.2817395072157712,0.1650467207272085
97226252,4634,H,H,0.6228164149074653,0.23964791202989577,0.13753567306263892
97226253,4634,A,A,0.21997222899193958,0.24123048899828411,0.5387972820097763
97569935,4675,H,H,0.6378889244344543,0.24709703080256798,0.11501404476297755
97569937,4675,D,H,0.42980295604475655,0.26453946648174026,0.3056575774735031
97569942,4675,H,A,0.23488235112129754,0.27516675160018883,0.48995089727851354
97569943,4675,D,A,0.3074098552900663,0.2749014908277988,0.41768865388213483
97911321,4724,H,H,0.5762461363940358,0.26805011064684175,0.15570375295912256
97911322,4634,D,H,0.6416446049324934,0.1972089091778258,0.16114648588968075
97911323,4724,H,H,0.5787389395146519,0.1871187213656016,0.23414233911974647
97911324,4629,H,A,0.2547982170815013,0.2829460906897136,0.46225569222878515
97911326,4634,D,H,0.4300409970661268,0.28181897335523937,0.2881400295786338
97911327,4724,H,H,0.5568144103771643,0.24222299672030845,0.20096259290252727
97911328,4630,H,A,0.3201809172215445,0.18768807683793845,0.49213100594051695
97911329,4629,D,H,0.5315596286695481,0.2069417985829998,0.2614985727474521
97911331,4634,D,A,0.2749133208992261,0.29647880903509005,0.4286078700656838
97911333,4724,H,H,0.47225926434968934,0.27319768506215913,0.25454305058815146
97911334,4629,A,H,0.5128291835125436,0.25484901928797854,0.23232179719947785
97911335,4629,A,H,0.5318091567800192,0.25184797882938437,0.2163428643905965
97911336,4629,H,H,0.6185349146608867,0.22045040431346447,0.16101468102564873
97911337,4630,H,A,0.2919969469575676,0.28361937130430886,0.4243836817381234
97911338,4630,A,H,0.4153668452071039,0.2888814897864479,0.29575166500644834
97911339,4630,D,H,0.5225858202035403,0.23450275599762802,0.24291142379883168
97911340,4634,D,H,0.4672303062533822,0.31622761192377796,0.21654208182283988
97911341,4629,D,H,0.464492201980677,0.26617951824867203,0.2693282797706511
97911342,4724,D,H,0.5914926187584901,0.24868578281300835,0.15982159842850147
97911343,4629,A,A,0.23675976929322268,0.27241528754519895,0.4908249431615783
97911344,4634,D,H,0.5673562733589075,0.22551751013704976,0.20712621650404278
97911345,4724,H,H,0.5337806985424318,0.24970101013281815,0.21651829132475003
97911346,4634,A,A,0.33123029737219495,0.2706428145911591,0.3981268880366459
97911347,4630,A,A,0.10436415338885187,0.19450214554720796,0.7011337010639404
97911348,4724,A,A,0.16791636485118094,0.27133779255108526,0.5607458425977339
97911349,4629,H,H,0.469568651070092,0.27948025072877897,0.250951098201129
97911350,4634,A,H,0.4714217104392801,0.2969270615682068,0.2316512279925131
97911351,4630,D,H,0.5174386379404504,0.26781107753761574,0.2147502845219339
97911352,4630,D,A,0.32831993218685396,0.25246322135046334,0.41921684646268276
97911353,4630,H,H,0.553051989222566,0.23123244431567233,0.2157155664617616
97911354,4675,A,A,0.07762826988651457,0.16904862749186028,0.753323102621625
97911355,4675,D,H,0.4260382608413634,0.29660676131640507,0.27735497784223145
97911356,4675,A,H,0.3631655541545995,0.298034234445763,0.3388002113996375
97911357,4675,A,A,0.29190231595112687,0.2362472955695361,0.47185038847933697
97911358,4675,H,H,0.7404470622266633,0.1720714863718606,0.08748145140147609
97911359,4724,D,H,0.44355092903281845,0.27718990488399026,0.2792591660831913
97911360,4724,D,A,0.3040037707168731,0.30768466082541795,0.388311568457709
97911361,4634,H,H,0.6065343059539173,0.2849981045646737,0.10846758948140897
97911362,4630,D,A,0.2966562517772211,0.21720227208884732,0.48614147613393155
97911363,4629,A,A,0.14987320683847757,0.1997370427292502,0.6503897504322722
97911364,4634,H,H,0.6772802853202134,0.2064144531189862,0.1163052615608004
97911365,4724,H,A,0.28834804977057193,0.2769475645722065,0.4347043856572216
97911366,4634,A,H,0.4589961415263118,0.28202812109791126,0.25897573737577706
97911367,4630,A,A,0.17104391564389385,0.20227899268024677,0.6266770916758594
99654835,4634,D,A,0.13468007985709565,0.2554864028776438,0.6098335172652605
99654836,4724,A,H,0.6658040687794676,0.1902073772829924,0.14398855393754004
99654837,4634,D,H,0.651636324831944,0.2614573937435264,0.08690628142452965
99654838,4724,H,H,0.5565780635663018,0.23310501592340144,0.21031692051029668
99654839,4629,A,H,0.3796890725955224,0.24434500798099876,0.37596591942347884
99654841,4634,H,A,0.22948756889857086,0.28624696033726904,0.4842654707641601
99654842,4724,A,A,0.27336006991265077,0.2691208357750546,0.45751909431229465
99654843,4675,D,H,0.5448248619449265,0.2915589407978159,0.1636161972572575
99654844,4629,A,H,0.4073264540019953,0.32648146713917037,0.2661920788588342
99654845,4634,H,H,0.45418801461995634,0.2975198516970471,0.24829213368299652
99654846,4675,H,H,0.6912924190220241,0.2156575179251722,0.09305006305280374
99654847,4724,D,H,0.38074506358179755,0.3170447246559454,0.30221021176225704
99654848,4724,H,H,0.5294611848242005,0.2452043879781665,0.22533442719763297
99654849,4629,D,A,0.1435893617205882,0.27360400234431875,0.582806635935093
99654850,4629,H,A,0.2660743454273439,0.31100741458959963,0.42291823998305644
99654851,4629,A,H,0.42675697373398214,0.29831181379856686,0.27493121246745095
99654853,4634,H,H,0.47740410850276954,0.3013992697533021,0.22119662174392846
99654854,4629,A,A,0.3453409379083886,0.29772199307283653,0.3569370690187749
99654855,4724,H,H,0.5644413243669035,0.23834678077217028,0.19721189486092622
99654857,4629,H,H,0.5812858780136452,0.1913694435111429,0.22734467847521198
99654858,4634,H,H,0.4499511974235377,0.2887987630367417,0.26125003953972065
99654859,4724,D,A,0.3289052853483706,0.30267574081005283,0.3684189738415766
99654860,4675,H,H,0.4923680927521605,0.1752414499728518,0.33239045727498784
99654861,4634,H,H,0.4824156557790085,0.2358190651925589,0.28176527902843257
99654862,4724,A,A,0.200893835581746,0.2016454243050251,0.5974607401132289
99654863,4629,H,H,0.5202651348030398,0.25300435610181315,0.2267305090951471
99654864,4634,A,H,0.5911502910787723,0.24794783933690148,0.16090186958432626
99654865,4675,D,A,0.25088883480033614,0.22508131096999168,0.5240298542296722
99654866,4675,A,H,0.4655637378018017,0.30901586622482513,0.22542039597337313
99654867,4675,D,H,0.628266197165564,0.259908229092131,0.11182557374230502
99654868,4675,D,H,0.6233365045085977,0.24950158081881085,0.12716191467259141
99654869,4675,H,H,0.3923755316673665,0.30340971130813393,0.30421475702449957
99654870,4724,A,A,0.23844307593574157,0.30946311354006534,0.4520938105241931
99654871,4634,D,H,0.4355996068531826,0.3154779358275129,0.24892245731930446
99654873,4629,D,H,0.5893406805954541,0.2164027276577097,0.19425659174683624
99654874,4634,A,H,0.35777022886825327,0.2935102276892134,0.34871954344253325
99654875,4724,A,H,0.3826392793425717,0.3332423056426128,0.2841184150148155
99654876,4675,H,H,0.6580373676823563,0.19877608594067872,0.14318654637696498
100477631,4630,A,A,0.2695107119175137,0.22110193397168673,0.5093873541107996
100477632,4630,H,H,0.740962597340924,0.16854395579166437,0.0904934468674117
100477633,4630,H,H,0.6458542029898414,0.19404308966891853,0.1601027073412401
100477634,4630,A,A,0.32993017165654276,0.29013980887166096,0.3799300194717962
100477635,4630,H,H,0.5061856658492174,0.23184967772592735,0.2619646564248552
100477636,4630,A,H,0.560428309022521,0.2143484033225861,0.2252232876548928
100477637,4630,A,A,0.254259268117856,0.1946619922483964,0.5510787396337476
100477638,4630,A,H,0.5303385178118962,0.21248857032990517,0.25717291185819857
100477639,4630,A,H,0.618817361549536,0.242671587587533,0.13851105086293095
100477640,4630,H,H,0.4505814792544588,0.2527068742766801,0.2967116464688612
101118597,4630,A,A,0.34670549863696815,0.25025869558794694,0.403035805775085
101118599,4630,A,A,0.16568414417202645,0.25763882551005374,0.5766770303179197
101118602,4630,D,H,0.6823720629329048,0.17824392148691187,0.13938401558018337
101118607,4630,A,H,0.5121234104376005,0.2331201394653298,0.2547564500970697
101118608,4630,H,A,0.35018157388526316,0.2622432235012804,0.38757520261345646
101118609,4630,D,H,0.46560560066580425,0.26556936240599854,0.2688250369281973
101118610,4630,A,A,0.29329473948043044,0.21154280935618228,0.4951624511633872
101118611,4630,A,A,0.09098168276113092,0.1668153085449424,0.7422030086939267
101118613,4630,A,A,0.16806761585583088,0.19711834496232877,0.6348140391818403
101515916,4724,H,A,0.2059711915115253,0.270800796725101,0.5232280117633736
101515917,4629,H,H,0.4513648801299897,0.21379327306962326,0.334841846800387
101515918,4724,A,A,0.21662905636350216,0.28855194719071353,0.4948189964457844
101515919,4675,H,A,0.15178838597600422,0.18583612660708532,0.6623754874169104
101515920,4629,D,A,0.3033786223183624,0.2770148077534974,0.41960656992814027
101515921,4675,D,A,0.33911031708648026,0.2843474271321472,0.3765422557813725
101515922,4724,D,H,0.5211000163420358,0.27325099603261577,0.20564898762534833
101515923,4724,D,A,0.2306775597662703,0.2495312704621614,0.5197911697715683
101515924,4629,H,H,0.41698970947982206,0.28154322719419045,0.3014670633259874
101515925,4629,A,H,0.5467306708501689,0.2539065155861953,0.1993628135636358
101515926,4629,H,H,0.6068314695461223,0.24562462935523452,0.14754390109864313
101515927,4629,A,H,0.4960777620999998,0.2792930309204333,0.22462920697956693
101515928,4724,A,A,0.34635093348794693,0.2542009210092304,0.39944814550282276
101515929,4629,A,A,0.12072954673118548,0.18647250417953912,0.6927979490892754
101515930,4724,H,H,0.6895837568206075,0.19438281113254466,0.1160334320468479
101515931,4675,H,H,0.5848657942288348,0.24857470673840423,0.16655949903276107
101515932,4724,D,A,0.1909436558750084,0.21735777002851728,0.5916985740964743
101515933,4629,H,H,0.5395956909810912,0.22072865682172724,0.23967565219718162
101515934,4675,A,A,0.15438676158970174,0.22377140535964965,0.6218418330506487
101515935,4675,A,A,0.16935045185385839,0.1938347218457294,0.6368148263004122
101515936,4675,A,H,0.5081793518719306,0.3024796405705458,0.1893410075575236
101515937,4675,H,H,0.35117385341796553,0.3047812411488642,0.34404490543317023
101515938,4675,D,A,0.23447778181341714,0.2677118328256292,0.4978103853609537
101515939,4724,D,H,0.4352687359793152,0.2987304098830966,0.2660008541375883
101515940,4724,H,H,0.8245967378912182,0.12923199253004763,0.04617126957873414
101515941,4629,H,A,0.3182923846767405,0.2577298878095559,0.42397772751370355
101515942,4675,A,A,0.2969745244550498,0.3367683004971288,0.36625717504782146
101515943,4724,H,H,0.5785097718297367,0.2184466599087013,0.20304356826156192
101515944,4724,H,A,0.35968294261266803,0.23800000509920996,0.4023170522881219
101515948,4630,D,H,0.5785473520158412,0.20786413336509296,0.2135885146190659
101750691,4634,H,H,0.4369850128328788,0.22087887444289592,0.3421361127242254
101750693,4634,D,H,0.5147001125417802,0.29861561593284963,0.18668427152537012
101750694,4634,A,A,0.30946153428528494,0.2899494321490661,0.4005890335656489
101750695,4634,D,H,0.42476155013592204,0.3642784320517321,0.2109600178123459
101750696,4634,D,A,0.12727466657116035,0.2160834005758124,0.6566419328530272
101750697,4634,A,A,0.2856191464636444,0.24707705115817147,0.4673038023781843
101750698,4634,H,H,0.5343023587700447,0.28117767492883655,0.18451996630111864
101750699,4634,H,H,0.5460665857843533,0.2610278977464293,0.19290551646921736
101750700,4634,D,H,0.35118384275692255,0.31817798222921523,0.3306381750138622
101750712,4634,D,H,0.5262884694535815,0.2818173808659271,0.19189414968049134
102977692,4630,H,H,0.6090438038471285,0.1624244493298976,0.22853174682297386
102977693,4630,A,A,0.15841352041701853,0.18992844129209033,0.6516580382908911
102977694,4630,A,H,0.436355573803089,0.2772202588865099,0.2864241673104011
102977695,4630,H,H,0.4968956866124243,0.2943543731880791,0.20874994019949664
102977696,4630,D,H,0.5060942552945297,0.23403048599386486,0.25987525871160555
102977697,4630,H,H,0.6111312152763085,0.20273632880272263,0.1861324559209688
102977703,4630,H,H,0.6884676635914662,0.21556710639291043,0.09596523001562332
102977706,4630,H,H,0.7007090016221518,0.1715161706658824,0.12777482771196572
103372503,4634,H,H,0.6676210093339839,0.21567261624312764,0.11670637442288843
103372504,4630,H,H,0.41130572736700566,0.26270382209648674,0.32599045053650755
103372505,4724,H,A,0.36918422710515186,0.25359261283388673,0.3772231600609614
103372506,4724,H,H,0.4822931121107723,0.26428230013940657,0.25342458774982124
103372507,4634,H,H,0.729356531797941,0.1846478184200111,0.08599564978204777
103372508,4724,D,A,0.32584946880145904,0.2620283776351263,0.4121221535634147
103372509,4629,H,H,0.5301690949443102,0.21946957935589625,0.2503613256997936
103372510,4675,H,H,0.4240700717169242,0.2896087539961561,0.2863211742869197
103372511,4634,D,H,0.44120701732727446,0.3129300745270327,0.2458629081456929
103372512,4724,A,A,0.06934725060205477,0.17307470824773985,0.7575780411502054
103372513,4675,A,H,0.6375137731139793,0.20091775519464586,0.16156847169137487
103372514,4629,D,H,0.6385169227973899,0.2068147010187489,0.15466837618386112
103372515,4634,H,A,0.2752706322025665,0.2769426976888957,0.44778667010853773
103372516,4675,D,H,0.5349079161963455,0.2681738886759255,0.19691819512772907
103372517,4724,D,A,0.22961699327411708,0.30894171413442334,0.46144129259145966
103372518,4629,A,A,0.3486412117989258,0.28243034408835443,0.3689284441127197
103372519,4629,D,H,0.6197137296325474,0.23166254096013517,0.14862372940731736
103372520,4629,H,A,0.2271828284764108,0.26933413975581416,0.5034830317677751
103372521,4634,D,H,0.3538827825993368,0.3165782519017648,0.32953896549889833
103372522,4629,A,H,0.42173533054953166,0.23175601035983673,0.34650865909063155
103372523,4724,H,H,0.7054724878098271,0.18389239166472832,0.11063512052544455
103372524,4629,A,A,0.22364819455749912,0.25659839297128034,0.5197534124712205
103372525,4634,D,A,0.13857515550192803,0.2455438422335493,0.6158810022645226
103372526,4724,H,H,0.4518462015171176,0.2933865357360351,0.25476726274684736
103372527,4675,H,H,0.5418404410649715,0.2110046956419986,0.24715486329302983
103372528,4634,D,H,0.4796517861105209,0.28289918300077066,0.23744903088870842
103372529,4724,A,A,0.2764883372767756,0.3099061935690394,0.41360546915418506
103372530,4629,A,H,0.416825993830979,0.3248074425453572,0.2583665636236638
103372531,4634,H,H,0.5581040859422433,0.2659078285732612,0.17598808548449563
103372532,4675,D,H,0.7231781297328321,0.19886437038475058,0.07795749988241733
103372533,4675,D,H,0.6338092177653274,0.261896054047839,0.10429472818683352
103372534,4675,H,H,0.49188629163041203,0.2975735388320299,0.21054016953755822
103372535,4675,D,H,0.38336803451885093,0.3183720246819122,0.29825994079923684
103372536,4724,A,D,0.35033201695398725,0.3764284243658985,0.27323955868011435
103372537,4634,A,A,0.24257853567472404,0.3294487821880963,0.4279726821371797
103372538,4629,A,A,0.3205523184317559,0.32147998336589484,0.3579676982023492
103372539,4634,A,H,0.5504276144124396,0.28379118918261526,0.16578119640494515
103372540,4724,H,H,0.5479598692259922,0.255723458922074,0.19631667185193385
103372541,4675,H,H,0.8257371759084139,0.13079974569260122,0.0434630783989849
103372542,4724,A,H,0.4173502398753382,0.24867023446572467,0.3339795256589371
104036583,4630,H,H,0.3888694223194459,0.22526633402902593,0.38586424365152816
104988750,4630,H,H,0.6357072458583864,0.19400600632352466,0.1702867478180889
104988751,4630,H,H,0.6994154650364232,0.16830633950914614,0.13227819545443073
104988752,4630,A,A,0.22875036586881628,0.3160304491165751,0.4552191850146087
104988753,4630,A,A,0.2033284457783047,0.20523526501243855,0.5914362892092568
104988754,4630,A,A,0.14324363758390438,0.1678980848458183,0.6888582775702773
104988755,4630,H,H,0.413710518877698,0.26183563367413754,0.3244538474481646
104988756,4630,H,A,0.29035945016105386,0.2577003437522967,0.4519402060866494
104988757,4630,A,H,0.39974095551934763,0.24326421994230812,0.35699482453834414
104988758,4630,D,A,0.33072666748756163,0.2734893126686956,0.3957840198437428
105462393,4630,A,A,0.054812603886018024,0.1687691304824997,0.7764182656314824
105462394,4724,H,H,0.7754495713644107,0.13823722242163802,0.08631320621395126
105462395,4634,D,H,0.3763714611580986,0.2547070450371355,0.3689214938047659
105462396,4724,H,A,0.27350996076960193,0.2163691506364295,0.5101208885939685
105462397,4629,A,A,0.33286166776388837,0.2821210602100449,0.3850172720260666
105462398,4634,H,A,0.22586818816814144,0.25698687253799274,0.5171449392938658
105462399,4724,A,H,0.4558260120527191,0.2397123405506476,0.3044616473966333
105462400,4675,H,H,0.4424618397542664,0.30282103048105247,0.2547171297646812
105462401,4629,A,H,0.5424702934850136,0.2807022775547574,0.17682742896022902
105462402,4634,H,H,0.5802254977128444,0.23931249393619222,0.18046200835096338
105462403,4675,A,A,0.09613702871510184,0.18143806971760001,0.7224249015672981
105462404,4724,D,H,0.4351735438265408,0.30458968352507165,0.2602367726483876
105462405,4724,A,H,0.4546705290390311,0.2925738737858717,0.25275559717509727
105462406,4629,H,H,0.6192752827006305,0.18834511498487244,0.19237960231449713
105462407,4629,D,H,0.4081161591280411,0.2574714071887301,0.33441243368322887
105462408,4629,A,H,0.48486531553059853,0.28282054792204586,0.2323141365473557
105462409,4634,H,H,0.472340340598191,0.3423248244097624,0.1853348349920465
105462410,4629,H,A,0.33789018762288536,0.2590127773940442,0.4030970349830704
105462411,4724,H,H,0.4995354247847627,0.26671719248309333,0.23374738273214402
105462415,4629,A,A,0.187091896287081,0.25026892231157705,0.5626391814013421
105462416,4634,D,A,0.2167476520634308,0.23410863123425904,0.5491437167023102
105462417,4724,D,A,0.36217406997957263,0.25174876256204215,0.3860771674583852
105462418,4675,A,A,0.24433533741181013,0.25277084062573624,0.5028938219624536
105462419,4634,D,H,0.4510036898607065,0.2736757133945563,0.2753205967447373
105462420,4724,A,A,0.3015957146538366,0.2792262164317417,0.41917806891442166
105462421,4629,A,A,0.30845718841623154,0.23844595759578815,0.4530968539879802
105462422,4634,D,H,0.4369460648099814,0.32259084364392787,0.24046309154609072
105462423,4675,A,H,0.36036314134818614,0.31100807446506523,0.32862878418674857
105462424,4675,A,H,0.39101134870232485,0.24952262715561646,0.35946602414205864
105462425,4675,A,A,0.22371642670867842,0.2470542851211402,0.5292292881701814
105462426,4675,D,A,0.33416103580375905,0.3108489173269689,0.354990046869272
105462427,4675,A,A,0.2374359385340598,0.2662104065679037,0.4963536548980365
105462428,4724,D,H,0.5719281726804208,0.2680831759917872,0.15998865132779191
105462429,4634,H,H,0.3864317825170821,0.28348629980104517,0.3300819176818726
105462432,4629,D,A,0.20013632408954857,0.21166123768028783,0.5882024382301636
105462433,4634,H,H,0.5242316370386366,0.3141466266472166,0.16162173631414667
105462434,4724,A,A,0.31528781825107965,0.23116998420848398,0.4535421975404364
105462435,4675,D,A,0.15687171506304487,0.1996117355278409,0.6435165494091142
105462438,4724,H,H,0.5948354393649625,0.1944307588589723,0.21073380177606515
105462439,4724,A,A,0.23491731200034743,0.2943894573130279,0.47069323068662466
105462443,4634,H,H,0.4512284000232265,0.2997015413142523,0.2490700586625212
106903882,4675,H,H,0.7943115708992837,0.13831416051994685,0.0673742685807694
106903883,4675,H,H,0.48024695274945944,0.27794990583883095,0.24180314141170953
106903884,4630,D,H,0.4723442319199169,0.1852617290400935,0.3423940390399896
106903885,4675,A,H,0.3710124624032943,0.3029420325029279,0.3260455050937778
106903886,4630,D,H,0.6035921710129332,0.24527867851210466,0.15112915047496206
106903887,4630,H,H,0.5221924883029343,0.2345453356220533,0.24326217607501238
106903888,4630,A,H,0.4408482618731684,0.2196706619876682,0.33948107613916345
106903889,4630,H,H,0.8067960392191335,0.10561040376017931,0.08759355702068723
106903890,4630,H,H,0.47930822370743476,0.2623025766079306,0.25838919968463464
106903891,4630,D,H,0.4172249235866709,0.25904473924091576,0.3237303371724133
106903892,4630,D,H,0.696547217981131,0.20651971936451072,0.09693306265435833
106903893,4675,H,H,0.4676180647239054,0.2744261016703833,0.2579558336057112
106903894,4675,D,H,0.5814771233677982,0.26460275848061254,0.15392011815158915
106903895,4675,H,H,0.7695893920521819,0.17712041764303882,0.05329019030477926
106903896,4675,H,H,0.7392097121087289,0.18831568807693133,0.07247459981433975
106903897,4630,H,H,0.5628016542666134,0.2172024454446963,0.2199959002886903
106903898,4675,H,H,0.6631273088149182,0.24000584042504258,0.09686685076003923
107396010,4634,D,D,0.3285666443245705,0.33906489285143165,0.3323684628239979
107396011,4634,A,H,0.42981760950681075,0.3226896486053989,0.2474927418877903
107396012,4634,H,H,0.6839931200821883,0.20441089310425514,0.11159598681355654
107396013,4634,A,A,0.2810721205159059,0.28578402939979936,0.4331438500842947
107396014,4629,H,H,0.4466049687746815,0.28596487667885534,0.2674301545464631
107396015,4629,H,H,0.4439620118302437,0.27912251560373574,0.27691547256602056
107396016,4634,H,H,0.5145701197484022,0.26613785330162454,0.21929202694997335
107396017,4629,D,H,0.6767264691607543,0.18320509931911438,0.14006843152013124
107396018,4634,H,H,0.6060982461552468,0.2495499693034827,0.14435178454127046
107396019,4675,A,A,0.31891665203911634,0.2589539483985472,0.42212939956233647
107396020,4634,A,A,0.22081664884029292,0.2831096815121195,0.49607366964758753
107396021,4634,H,A,0.14215975509418807,0.2556924432368561,0.6021478016689559
107396022,4634,H,H,0.5226916619392915,0.25505518496570156,0.2222531530950069
107396023,4634,H,H,0.6995428469793905,0.19375462863163068,0.1067025243889788
107396024,4630,H,A,0.35699321688746755,0.22785930990780381,0.4151474732047285
107396025,4724,A,A,0.20916494848713915,0.1917006884987694,0.5991343630140915
107456180,4629,A,A,0.2585218318529395,0.2719670454368676,0.46951112271019285
107701020,4724,A,H,0.519952128697828,0.2760187779176145,0.20402909338455744
107701021,4724,D,A,0.3213669504338119,0.255446509318119,0.4231865402480691
107701022,4724,H,H,0.6295346040499665,0.24501025217844793,0.1254551437715856
107701023,4724,A,D,0.30474870481873867,0.3498306360072127,0.3454206591740486
107701024,4724,D,H,0.46450043686202647,0.24487022205279446,0.2906293410851792
107701025,4724,A,H,0.4228324290767469,0.2764896791871006,0.3006778917361526
107701026,4724,H,H,0.3488488984734351,0.31402112999952353,0.33712997152704144
107701027,4724,H,H,0.453409102598795,0.3382282944923302,0.20836260290887473
107701029,4724,D,H,0.39523019940349285,0.22144843537900888,0.3833213652174983
107991856,4629,D,H,0.43308110021588836,0.2549951959632277,0.31192370382088386
107991857,4629,A,H,0.41676339559011044,0.34343738680103864,0.23979921760885087
107991867,4630,H,H,0.44486602289208893,0.2394087591805868,0.3157252179273242
107991871,4629,H,H,0.6630243676308153,0.20523491223669058,0.1317407201324941
107991872,4629,H,A,0.30374235064813704,0.2577157831479072,0.43854186620395563
107991873,4629,A,H,0.48428672591486294,0.24270351402426701,0.27300976006087
109292214,4675,H,H,0.5562672894850078,0.21494080145606487,0.22879190905892732
109292215,4675,A,A,0.12894074945843786,0.20740735356283574,0.6636518969787264
109292216,4630,D,A,0.2863364316269472,0.2363352921453649,0.47732827622768786
109292218,4675,A,A,0.19285643305054143,0.2451849957555695,0.561958571193889
109292219,4630,H,A,0.25504604144839804,0.22289441461078108,0.5220595439408209
109292220,4630,D,H,0.43186087454488314,0.2553150446138979,0.312824080841219
109292221,4630,H,A,0.2821228053125392,0.27833426331874755,0.43954293136871325
109292223,4675,A,A,0.2840878949152808,0.2750291238631015,0.4408829812216176
109292224,4675,A,A,0.06887585536955658,0.16228913777469664,0.7688350068557468
109292225,4675,D,H,0.411079587878733,0.30334026070939385,0.2855801514118731
109292226,4675,A,H,0.36642149255797046,0.3143541867194321,0.3192243207225975
109834363,4634,A,H,0.3973452586843179,0.25714354966915165,0.34551119164653044
109834364,4629,A,A,0.15156729250257936,0.2024165698460167,0.646016137651404
109834365,4634,H,A,0.3136553119954584,0.2940020157764147,0.392342672228127
109834366,4634,A,H,0.5188975417377675,0.33961443950609255,0.14148801875614003
109834367,4629,H,H,0.38674742234878684,0.23893459176103332,0.3743179858901797
109834368,4634,H,H,0.39608107713881713,0.3013612850360817,0.3025576378251011
109834369,4629,H,H,0.5039498981924221,0.28621145434156986,0.20983864746600814
109834370,4629,H,A,0.29270065056950656,0.27903103729091017,0.42826831213958344
109834371,4629,D,H,0.535645042731312,0.28430180380403075,0.18005315346465722
109834372,4634,A,H,0.48480667625908713,0.2969040699219279,0.2182892538189848
109834373,4629,D,H,0.5163502891565286,0.1933735047267659,0.2902762061167055
109834374,4634,H,H,0.5624159529080485,0.2560537816893492,0.18153026540260236
109834375,4634,H,A,0.2307580457916551,0.25740605985337045,0.5118358943549746
109834376,4724,A,A,0.3387577728470669,0.3078829332286715,0.3533592939242617
109834377,4629,A,H,0.379008671666694,0.27714320086378735,0.3438481274695187
109834378,4634,A,A,0.17244643369392937,0.23097524420203194,0.5965783221040387
109834379,4675,H,H,0.39776009347153995,0.33391699578167683,0.2683229107467832
109834380,4675,H,A,0.33233338334247015,0.3057563300607598,0.36191028659677
109834381,4634,H,H,0.49092366494923645,0.3343173333174184,0.17475900173334497
109834382,4629,A,H,0.41836998849116547,0.3203396357862379,0.26129037572259667
109834383,4634,H,H,0.560960870052499,0.2802832854485195,0.15875584449898159
110164295,4724,D,H,0.7088460739857428,0.16225294337791202,0.12890098263634509
110164296,4724,H,H,0.6853706721110523,0.19876561645329302,0.11586371143565473
110164297,4724,A,H,0.5708740974744498,0.2145274217257796,0.21459848079977062
110164298,4724,A,A,0.24523273395932502,0.2518696984661817,0.5028975675744933
110164299,4629,A,H,0.4758237523633428,0.20544067138849156,0.3187355762481657
110164300,4724,A,A,0.26306386411615057,0.27728966975439884,0.45964646612945065
110164301,4724,A,A,0.34777841502223633,0.2742359119513566,0.37798567302640707
110164302,4724,H,H,0.45753491515263806,0.32867550450109806,0.21378958034626389
110164303,4724,A,A,0.24799545543665089,0.2527076509091546,0.4992968936541946
110164304,4724,D,H,0.5575255934817118,0.21713941037832032,0.2253349961399679
110919358,4630,H,H,0.7603051114907052,0.11867576920138605,0.12101911930790876
110919359,4630,H,A,0.2708772249360652,0.22836615480979036,0.5007566202541444
110919361,4630,H,H,0.6619101774508516,0.22372107809505895,0.11436874445408948
110919363,4630,A,H,0.38132572273626597,0.27624674312899083,0.3424275341347432
111217220,4630,A,A,0.2055759721285405,0.19079910757476706,0.6036249202966925
111217228,4630,H,A,0.13844707574466072,0.1953307619269185,0.6662221623284208
113581745,4629,H,H,0.46238795561486074,0.22943831457113367,0.3081737298140057
113581746,4634,H,H,0.4306887070329355,0.35016660368028096,0.2191446892867836
113891820,4630,D,A,0.337883141512331,0.2453869630594455,0.4167298954282235
113891821,4724,A,A,0.3254525609198197,0.23847547856126,0.43607196051892033
113891822,4675,A,H,0.5190103761031292,0.2205585598774642,0.2604310640194067
113891823,4630,H,H,0.5268063741937485,0.23656669056683002,0.2366269352394215
113891824,4629,A,A,0.24060325348110845,0.2678442734967787,0.49155247302211286
113891825,4630,H,H,0.6684841464441506,0.18566941063068876,0.14584644292516075
113891826,4630,D,A,0.15159633410078407,0.30748271566882873,0.5409209502303872
113891827,4630,D,H,0.44047580886502563,0.2517710343362434,0.3077531567987311
113891828,4630,H,H,0.455579773357229,0.24304608195901245,0.30137414468375856
113891829,4675,A,H,0.5428141099973746,0.23750366871448428,0.21968222128814124
113891830,4675,D,H,0.5450052067482135,0.2865708434275459,0.16842394982424058
113891831,4675,H,H,0.7853935328116455,0.14611768036920306,0.06848878681915144
113891832,4675,D,H,0.7836860962503157,0.1575224291556842,0.05879147459399994
113891834,4724,D,H,0.5137660359034464,0.2599347124559883,0.22629925164056533
113891835,4630,H,H,0.5438389774700627,0.23424689108400185,0.2219141314459354
113891836,4724,H,H,0.4720146820034485,0.261354291182954,0.2666310268135974
113891837,4634,D,H,0.5444506912665269,0.2620401310959481,0.193509177637525
113891838,4724,H,A,0.33219743881044866,0.23193454746419492,0.43586801372535633
113891839,4629,D,H,0.37145973516813396,0.30201440490633347,0.3265258599255326
113891841,4634,H,H,0.7182372899840077,0.16220829278286328,0.11955441723312903
113891847,4634,A,A,0.3254206220503659,0.33266403543028583,0.3419153425193483
113891848,4630,D,H,0.6426691843547008,0.22053072491625722,0.1368000907290421
113891849,4675,A,H,0.47843694932167297,0.2703220665825627,0.25124098409576423
113891851,4634,A,H,0.4338451644932104,0.30448912527580346,0.26166571023098617
113891852,4724,A,A,0.32426992394161724,0.2185566249775592,0.4571734510808236
114502448,4634,H,H,0.5994511714028957,0.20257455656687873,0.19797427203022547
114502449,4675,D,H,0.71169971150403,0.18071286940406792,0.10758741909190214
114502450,4630,D,A,0.317712349771983,0.18973651720374266,0.49255113302427445
114502451,4629,H,A,0.22516829912438538,0.27149952782903325,0.5033321730465814
114502452,4634,H,H,0.5635236982793513,0.22426418552741134,0.21221211619323735
114502453,4675,D,H,0.6897335066967416,0.19659430177531678,0.11367219152794171
114502454,4629,A,H,0.49027308017232074,0.2559105082865636,0.25381641154111567
114502455,4629,A,A,0.2973181902758007,0.32455544826342386,0.3781263614607755
114502456,4630,H,H,0.6725015343971079,0.16401251590335517,0.16348594969953703
114502457,4629,A,A,0.2549674510698772,0.260882410768384,0.48415013816173874
114502459,4629,A,H,0.575240838922676,0.2407737766593395,0.18398538441798454
114502460,4675,D,H,0.5332626284287748,0.3142337267586621,0.15250364481256307
114502461,4629,A,A,0.2250369466233497,0.19529163123659257,0.5796714221400577
114502464,4634,A,H,0.4226374340709293,0.26264880341467717,0.3147137625143935
114502478,4634,D,H,0.4659231223581903,0.3119880241450472,0.2220888534967625
115046296,4634,A,A,0.34835581354306466,0.2664004494321379,0.3852437370247974
115046297,4724,H,H,0.8194804453468346,0.12488184883444907,0.05563770581871639
115046306,4724,D,D,0.3305601581306563,0.3451043004384231,0.3243355414309206
115046308,4724,H,H,0.7738124677174117,0.16425749094181197,0.061930041340776315
115046356,4724,D,H,0.3956421736469913,0.3075497734590725,0.29680805289393625
115046359,4724,D,A,0.1731606813359944,0.2837667293645399,0.5430725892994658
115356386,4630,D,A,0.23499012271766057,0.23930205299258556,0.5257078242897538
115356387,4630,D,H,0.6331964028920497,0.1942440805534732,0.1725595165544771
115356388,4630,H,A,0.33610181081491725,0.27070997805049546,0.3931882111345873
115356436,4630,D,A,0.2753627947226962,0.29784703312722344,0.4267901721500803
115356437,4630,H,H,0.43224487293551134,0.2792272085699167,0.28852791849457193
115638602,4630,D,A,0.29171561223046955,0.264793416714386,0.4434909710551445
115638624,4630,H,H,0.5824598633200972,0.1827438301953916,0.2347963064845112
115638636,4630,H,H,0.8336142592857105,0.09731350613553726,0.06907223457875229
115881744,4630,H,H,0.41894473265608495,0.23948156418071617,0.3415737031631988
115881745,4630,H,H,0.8763128428633702,0.09514842258315286,0.02853873455347694
116077385,4629,H,H,0.4998794436086153,0.22401392515251625,0.27610663123886825
116077388,4675,D,H,0.515073339570795,0.26062152413635903,0.224305136292846
116370399,4629,D,H,0.5424987024390737,0.22389841196075932,0.23360288560016693
116370400,4675,H,H,0.4041384659339794,0.30708430211964355,0.288777231946377
116370401,4675,H,H,0.5057312120495254,0.33005174347358296,0.1642170444768916
116370402,4675,A,A,0.25663786077352496,0.24919762402783513,0.49416451519863985
116370406,4675,A,H,0.437087159804168,0.2225994295682108,0.34031341062762116
116370407,4675,A,A,0.1226202915251861,0.18830639918917738,0.6890733092856366
116370409,4675,H,A,0.14057809720008638,0.1811293289219053,0.6782925738780082
116370411,4629,D,H,0.7950580997728041,0.1378955872271756,0.06704631300002038
116370413,4724,H,H,0.5823151624866669,0.20329002103530489,0.21439481647802827
116920493,4629,A,A,0.3236096372595564,0.3317237020878854,0.3446666606525583
116920494,4629,H,H,0.4056300089131151,0.25207192726126,0.3422980638256249
116920495,4675,H,H,0.3522835920490412,0.3428258323636819,0.30489057558727695
116920496,4629,H,H,0.35906511506036576,0.3275162713326122,0.313418613607022
116920497,4629,D,H,0.42025949642434796,0.23380405002248353,0.3459364535531685
116920498,4629,D,H,0.49774962628166963,0.2563356100972983,0.24591476362103198
116920509,4675,A,H,0.4241797171637329,0.3097926969511955,0.2660275858850716
116920512,4629,H,H,0.6695227226112619,0.20899383008090772,0.12148344730783041
117383945,4724,A,A,0.08024261590431758,0.15972475059637398,0.7600326334993084
117383946,4724,H,H,0.4652310379328677,0.2421124331898317,0.29265652887730065
117383947,4630,D,A,0.14156676807677726,0.2706814036988873,0.5877518282243355
117383948,4724,A,H,0.3713564569906131,0.28680472682612934,0.3418388161832575
117383949,4724,H,A,0.17377564459820655,0.2287996436522887,0.5974247117495048
117383950,4630,D,A,0.21880807521187626,0.1853927644362996,0.5957991603518241
117383951,4724,A,A,0.34896541341352255,0.28423370601724784,0.3668008805692297
117383952,4724,D,A,0.1789264052677429,0.2467691441946867,0.5743044505375705
117383953,4724,H,A,0.3306195237171359,0.26468955871077393,0.40469091757209025
117383954,4724,H,H,0.692667013317496,0.2048222440890322,0.1025107425934717
117383955,4724,D,D,0.32457818694808466,0.34723299449643097,0.32818881855548443
117383961,4630,H,H,0.6107591325127031,0.2205283759055944,0.1687124915817025
117383998,4630,A,A,0.3629100202527918,0.20346727813232254,0.43362270161488575
117384002,4630,A,H,0.4500068801319468,0.2540507170157544,0.29594240285229884
117384003,4630,H,H,0.3729295073705779,0.30692234859068246,0.3201481440387396
117384004,4630,H,H,0.4977215222834226,0.28925815889167744,0.21302031882489994
117384007,4630,A,A,0.15964067094406678,0.1753245831493231,0.6650347459066102
117384008,4630,D,H,0.5867076430347076,0.22968144640534774,0.18361091055994472
117384009,4630,A,A,0.14872394655723922,0.20464602051073175,0.646630032932029
118459767,4634,H,H,0.49373392599088317,0.30541855161267917,0.20084752239643772
118781391,4634,A,A,0.16604142310068923,0.2847636460975814,0.5491949308017293
118781392,4634,A,A,0.17287936058050016,0.23022529076834933,0.5968953486511506
118781393,4634,D,H,0.41564062720602385,0.2879081483152273,0.2964512244787489
118781394,4634,H,H,0.4115120305581856,0.2612794222834556,0.32720854715835895
119319770,4634,D,H,0.6009971675687307,0.28645525033345776,0.11254758209781147
119319771,4634,H,A,0.3289993446378791,0.3236187682546464,0.3473818871074745
119319772,4634,A,H,0.4241924699459281,0.304219359745355,0.27158817030871696
119319774,4634,D,H,0.5355171020320008,0.28153486933570177,0.1829480286322974
119746182,4724,D,H,0.6467250290156511,0.20890506439125475,0.14436990659309407
119746186,4724,D,H,0.8223617130436441,0.13147581840603167,0.04616246855032412
119746187,4629,H,A,0.3067681532368987,0.24411789765293332,0.44911394911016794
119746189,4675,H,H,0.7550151773743995,0.15788938046523504,0.08709544216036554
119746190,4675,A,A,0.23182498647981897,0.3576775671864261,0.4104974463337548
119746191,4724,D,A,0.19634837254491952,0.2740629914826338,0.5295886359724467
119746192,4629,D,A,0.27974242287859324,0.3268781794456745,0.39337939767573227
119746193,4724,D,H,0.5878918437489369,0.25574524870416115,0.15636290754690202
119746205,4629,A,H,0.4611780785944894,0.2541991107315505,0.28462281067396006
119746207,4724,D,H,0.6565683944328018,0.1827370637199656,0.16069454184723259
119746208,4675,H,H,0.677443045557912,0.17915474047451482,0.1434022139675731
119746209,4724,D,A,0.36515804772853294,0.2259624634193577,0.4088794888521094
119746210,4629,H,H,0.3675888399014494,0.2878039978424895,0.34460716225606103
119746211,4675,D,H,0.3574176618387301,0.3127064288266406,0.32987590933462924
119746212,4675,A,A,0.28070689025638773,0.27266294482977443,0.4466301649138378
119746213,4675,H,H,0.36810553942913365,0.30589158480982,0.32600287576104636
119746214,4675,H,H,0.7642803277096614,0.14587182945326463,0.08984784283707387
119746215,4675,H,H,0.7853494717378428,0.15061200253040133,0.06403852573175604
119746216,4724,H,H,0.3832056872301266,0.31817344185916735,0.29862087091070605
119746222,4629,H,A,0.2267075788798054,0.27180734901733666,0.5014850721028579
119746223,4724,H,H,0.6433237120996216,0.2422324111193086,0.11444387678106983
119746224,4675,H,H,0.5884115850862605,0.24216761428524378,0.1694208006284958
119746228,4634,A,H,0.3766990727240646,0.31790697727244815,0.3053939500034872
119746229,4724,D,H,0.47525934147975313,0.24858846917836086,0.27615218934188596
120119553,4629,A,H,0.4809731835984362,0.27645101285702334,0.24257580354454042
120971825,4634,D,H,0.6902273024722066,0.2138289129085763,0.09594378461921695
120971827,4630,H,H,0.5208737059184192,0.22880338711971185,0.25032290696186893
120971828,4630,A,H,0.7431284809374051,0.10763558360780028,0.1492359354547947
120971829,4630,A,A,0.36284650194763135,0.25847386935207295,0.3786796287002956
120971830,4630,A,H,0.7708865009106819,0.13621508841353225,0.09289841067578584
120971831,4630,D,A,0.34553378403970436,0.24486465477465985,0.40960156118563573
120971832,4630,D,H,0.38336945935643724,0.2395793151488833,0.3770512254946794
120971833,4630,H,H,0.7313162224155633,0.1611715404766655,0.10751223710777125
120971834,4630,D,A,0.24953739267479075,0.2604292712907643,0.49003333603444493
120971835,4630,H,H,0.6022095970174989,0.2544596168363279,0.14333078614617326
120971836,4630,H,H,0.422512388775574,0.22636554102347517,0.3511220702009509
121312075,4634,H,H,0.6340689644454534,0.24997419754967204,0.11595683800487457
121312076,4634,A,H,0.47183950555126053,0.25574802079829073,0.2724124736504487
121312078,4634,H,H,0.42018948337829315,0.3058554225214076,0.27395509410029917
121312079,4634,H,H,0.4852312095198896,0.25254456057922875,0.2622242299008817
121409099,4630,A,H,0.36167598364381254,0.30209585013807533,0.3362281662181121
121409100,4630,A,A,0.13448472745100004,0.1669843995866551,0.698530872962345
121409101,4630,A,D,0.270070893238216,0.3741805515144042,0.3557485552473797
121959719,4634,H,H,0.5113614385738948,0.24437922502824394,0.2442593363978613
121959721,4634,A,A,0.2538890256889496,0.3559276868527958,0.39018328745825465
121959722,4634,D,H,0.3717714950669288,0.29084531883219544,0.33738318610087575
121959723,4634,H,A,0.3181954684504729,0.2614618052981552,0.42034272625137187
121959725,4675,D,A,0.2781814333298497,0.20879484879693797,0.5130237178732124
121959726,4630,A,A,0.22939299395251456,0.17227396670935377,0.5983330393381316
121959728,4630,H,A,0.3735125506155463,0.25296500193234683,0.37352244745210694
121959729,4630,H,H,0.5579433351831817,0.24463189070091437,0.19742477411590387
121959730,4630,H,H,0.37944214655961583,0.32009582999605574,0.3004620234443284
122547982,4634,H,H,0.48107043232210567,0.2997790851782677,0.21915048249962663
122547983,4629,H,H,0.6118152145458156,0.22970976351177635,0.15847502194240803
122547984,4724,A,A,0.27023291560132046,0.2350828334435597,0.4946842509551198
122547985,4675,D,H,0.5080651331418148,0.2999782669564424,0.19195659990174277
122547986,4629,D,H,0.4432219662647763,0.22241496961790655,0.33436306411731725
122547987,4724,A,A,0.1532433180560009,0.2688836726380265,0.5778730093059726
122547988,4629,A,A,0.36521095141531273,0.2620764258000391,0.37271262278464823
122547989,4675,H,A,0.1521093766277529,0.24746160674166195,0.6004290166305851
122547990,4724,D,H,0.5347131896432691,0.27540927670049115,0.18987753365623972
122547991,4629,A,H,0.44691844674081993,0.28650538825088656,0.26657616500829345
122547992,4629,A,H,0.4126845733532473,0.2810923321463321,0.30622309450042046
122547993,4629,H,H,0.5780779803929545,0.24321774395588147,0.17870427565116395
122547994,4724,A,H,0.39279524124608434,0.3275796460320902,0.2796251127218255
122547995,4629,H,H,0.6301803934092339,0.226909421474285,0.1429101851164811
122547996,4724,H,H,0.4052162492382711,0.3140303880234783,0.2807533627382505
122547997,4675,A,A,0.14453521589376217,0.18524445522111638,0.6702203288851215
122547998,4724,H,A,0.28319203448235886,0.2523762031742426,0.46443176234339856
122547999,4629,A,A,0.25166659016817,0.27395817729463895,0.47437523253719094
122548000,4675,A,A,0.1888321140125643,0.24976812364123505,0.5613997623462006
122548001,4675,H,H,0.4244223075863226,0.3004073751922241,0.27517031722145324
122548002,4675,A,H,0.52304034437423,0.31535030650106777,0.16160934912470226
122548003,4675,H,H,0.4949933188622907,0.295333724030379,0.20967295710733042
122548004,4629,H,H,0.4617859533988919,0.2843512659442682,0.25386278065684004
122548005,4724,D,A,0.2488673973160191,0.2513599389323631,0.49977266375161794
122548006,4675,H,H,0.4449117618992914,0.2987030362447313,0.25638520185597713
122548007,4724,A,A,0.35564708318154997,0.274850689392688,0.369502227425762
122548008,4724,A,A,0.2294170473310023,0.18805762616681074,0.5825253265021869
122548009,4724,A,H,0.4404254885781404,0.2330626213223842,0.32651189009947545
125353401,4629,H,H,0.4294367894731997,0.21910217829771758,0.3514610322290827
125353402,4634,D,H,0.42147014103092617,0.3242131129058198,0.25431674606325416
125353403,4675,A,A,0.2458589861208877,0.3524853061449379,0.40165570773417436
125353404,4629,H,A,0.22856879760710166,0.2879025064698957,0.48352869592300274
125353405,4634,H,H,0.5504132940964095,0.27414139635924956,0.1754453095443409
125353406,4675,D,H,0.6109080520073787,0.24268847186815073,0.1464034761244705
125353407,4629,A,H,0.4205585288909218,0.21747010487863477,0.3619713662304434
125353409,4634,H,H,0.39793504091941134,0.29282435707110976,0.30924060200947884
125353410,4675,D,H,0.5668429537404978,0.2615360926687787,0.1716209535907235
125353411,4629,H,A,0.28919329292162516,0.2985803184174592,0.41222638866091565
125353412,4629,A,A,0.24927232900502405,0.2991394696868231,0.45158820130815275
125353413,4629,A,H,0.37647459752109735,0.25805930000779403,0.36546610247110867
125353416,4634,D,H,0.38568425297945885,0.3242961315845713,0.29001961543596977
125353417,4629,A,A,0.23187186712226623,0.2581417021630122,0.5099864307147216
125353425,4629,D,H,0.7478305837679204,0.15124036913895597,0.10092904709312361
125353426,4634,A,A,0.25950867688056234,0.24436954644899145,0.4961217766704461
125353427,4675,D,H,0.5602153420655637,0.19437037066850787,0.24541428726592848
125353428,4634,H,H,0.448211526331759,0.25766860609995995,0.294119867568281
125353429,4634,H,H,0.43256741186828535,0.31100847550171334,0.2564241126300013
125353430,4675,A,H,0.6102831175155149,0.21894982106822103,0.17076706141626405
125353431,4675,A,H,0.5543659804895356,0.2607348068560496,0.18489921265441484
125353432,4675,H,H,0.5683001779409513,0.19930982328923602,0.23238999876981267
125353433,4675,H,H,0.7333333580348387,0.14592686864457569,0.12073977332058562
125353434,4634,H,H,0.6464405828258808,0.2120633076257286,0.14149610954839073
125353437,4629,D,H,0.5408339450565457,0.2704122647817831,0.18875379016167126
125353438,4634,A,A,0.30357881704210327,0.3174822867390262,0.37893889621887056
125353439,4675,H,H,0.38663536708193846,0.2936266925589196,0.31973794035914194
125353442,4629,D,H,0.46527184686455325,0.22565969972089586,0.30906845341455086
125353445,4629,H,H,0.4289488067506997,0.23885666617142584,0.33219452707787456
125353446,4629,A,A,0.10910231600551018,0.1735775787310658,0.7173201052634239
125353449,4634,A,A,0.29232154852520376,0.2874279915372066,0.4202504599375896
126918030,4630,D,A,0.19029181665726447,0.18185455073424803,0.6278536326084874
126918577,4630,D,H,0.5108016633639668,0.2787645942962712,0.21043374233976198
126918579,4630,H,H,0.7794992285082204,0.1584326172467531,0.06206815424502653
126918589,4630,H,H,0.5487496942667237,0.22925522199567974,0.22199508373759655
126919011,4630,D,H,0.46677458321590737,0.25064231138297755,0.28258310540111503
126919603,4630,H,H,0.3666526219654329,0.3210785684221785,0.3122688096123885
126919771,4630,D,H,0.4989640885237429,0.2218513776019142,0.2791845338743429
126982275,4630,A,A,0.10915272996586788,0.17410916600783152,0.7167381040263006
126982279,4630,A,A,0.2084232374060223,0.18510081404400594,0.6064759485499718
126982285,4630,H,H,0.44974735003203214,0.23109454548699657,0.31915810448097126
127483019,4724,H,H,0.5166641893741706,0.29260680382130777,0.1907290068045216
127483023,4724,H,H,0.7428741742514657,0.15212631666605445,0.10499950908247978
127483024,4724,D,A,0.3367244682274813,0.29935594737408117,0.36391958439843747
127483196,4724,D,H,0.3812062208863075,0.24625697369556662,0.372536805418126
127483197,4724,H,H,0.5135453000746557,0.264540495932709,0.22191420399263528
127591072,4724,D,H,0.6380082550535869,0.20648400622439242,0.1555077387220207
127591808,4724,H,H,0.619482157488171,0.2337958733758772,0.1467219691359518
127591809,4724,D,H,0.37864473099005647,0.24305555689060931,0.37829971211933416
127591901,4724,H,H,0.5895302132207225,0.24548023272766895,0.1649895540516085
127663287,4724,H,H,0.4517609542294787,0.30191687723199157,0.24632216853852984
128293508,4634,H,H,0.5315353348352334,0.30706527408329143,0.16139939108147516
128293509,4634,A,H,0.5205838906739919,0.31924628088483903,0.16016982844116903
128293510,4675,D,H,0.4230561509108087,0.3268905314391256,0.25005331765006567
128293511,4634,A,H,0.45674968628969925,0.29853932183468973,0.244710991875611
128293512,4675,A,A,0.20962399909838958,0.19904108619034605,0.5913349147112644
128293513,4634,H,D,0.3203195738201244,0.35192165640980577,0.32775876977006985
128293514,4675,A,H,0.4291982540637225,0.3240444403859681,0.2467573055503094
128293515,4634,A,H,0.3652307395437235,0.28624738320951076,0.3485218772467658
128293516,4634,A,A,0.3096519747384035,0.26099098349404576,0.42935704176755063
128293517,4675,D,H,0.369002341278515,0.3216123164913638,0.3093853422301212
128293518,4634,H,H,0.3937343618104385,0.2692075878838865,0.33705805030567487
128293519,4634,H,H,0.8067210203501128,0.14118060902871854,0.05209837062116862
128293520,4675,H,A,0.3560034062322607,0.18287531305529386,0.46112128071244535
128293521,4675,D,H,0.4240577437193558,0.2898425044280958,0.2860997518525484
128293522,4675,H,H,0.5969048736682492,0.29233489176099403,0.11076023457075684
128293523,4675,H,H,0.5664937520538846,0.2381003658455554,0.19540588210055995
128293524,4634,H,H,0.6360745164310689,0.19853884135977887,0.16538664220915208
128293525,4634,A,H,0.38150577209235415,0.25645813346911944,0.36203609443852647
128293526,4675,D,A,0.1626534092299643,0.2584290909442354,0.5789174998258004
128991725,4724,D,H,0.36614159658626805,0.2826947434426515,0.35116365997108046
128991727,4724,H,A,0.05890759906037362,0.15810032408008634,0.7829920768595401
129366678,4724,D,H,0.5311424854959051,0.24826523849790888,0.22059227600618606
129366679,4724,D,D,0.34977734433354174,0.370587044562102,0.27963561110435614
129366680,4724,D,H,0.38430312836828295,0.32806087301304027,0.2876359986186767
129366683,4724,H,A,0.2837396928233155,0.2605841586304427,0.4556761485462417
129366684,4724,A,A,0.11494365778891937,0.2558807130779489,0.6291756291331317
129366685,4724,D,A,0.26307224287595476,0.26931851228276904,0.46760924484127614
129529400,4724,A,A,0.20314466334874212,0.2508180230754138,0.5460373135758441
129540182,4629,A,H,0.43725777846809505,0.27420720420097294,0.28853501733093195
129540348,4630,D,H,0.3811526390059791,0.30501175798398417,0.3138356030100366
129540352,4629,H,H,0.5842854870685326,0.2339270958140953,0.18178741711737223
129583808,4629,A,H,0.5422583222018452,0.25627303919703676,0.20146863860111797
129583809,4630,H,A,0.3719940229622562,0.23853101330885942,0.38947496372888446
129583810,4724,D,A,0.2703542921090667,0.24098010512116827,0.4886656027697651
129583816,4630,H,H,0.5624438042345294,0.1810546493663048,0.2565015463991657
129583818,4630,H,H,0.5417234428244927,0.21337442817915797,0.24490212899634936
129583819,4630,H,A,0.26088391519216025,0.22719869753279204,0.5119173872750478
129583820,4629,D,H,0.5668032036883585,0.2671840225360493,0.1660127737755922
129583821,4629,A,A,0.2613950265243337,0.2489029950668806,0.48970197840878554
129583823,4630,H,H,0.7069268089136205,0.15644066639493195,0.13663252469144757
129583824,4629,H,H,0.63237991949044,0.23131406333566001,0.13630601717389992
129583826,4630,A,A,0.24370473514337324,0.32204713685992364,0.43424812799670326
129583827,4630,A,A,0.1986648142809341,0.23137709597847847,0.5699580897405875
129583828,4630,D,H,0.4172093582693174,0.23285801051144836,0.3499326312192343
129583829,4629,H,H,0.357522640884462,0.29883464108886765,0.3436427180266703
129583830,4630,H,H,0.7275410154946311,0.15020253596923352,0.12225644853613532
130052640,4724,D,H,0.489794597035394,0.20727956783033302,0.3029258351342729
131508731,4630,D,A,0.298482568903416,0.18586265378665756,0.5156547773099264
131508732,4629,A,A,0.3054473223317456,0.2766872122219951,0.41786546544625913
131508733,4629,A,A,0.23253606059386514,0.2440328168477661,0.5234311225583689
131508734,4629,A,A,0.274570041851698,0.30430508965809494,0.421124868490207
131508735,4629,D,H,0.40290157460142517,0.25114331656855693,0.34595510883001795
131508736,4629,H,H,0.44698905455654697,0.2830045602925407,0.27000638515091224
131508737,4629,A,H,0.6599310480686545,0.19217663838221438,0.14789231354913113
131508738,4634,H,H,0.5978669739220165,0.2759571832646421,0.12617584281334154
131508739,4675,A,A,0.09228004817236495,0.17798342343450127,0.7297365283931337
131508740,4675,H,H,0.798041510326037,0.13749201015345605,0.06446647952050692
131508741,4630,A,A,0.13029759475231095,0.1695770647593653,0.7001253404883238
131508742,4675,A,A,0.27791963855485385,0.3431284020551892,0.3789519593899569
131508747,4675,H,A,0.2621843535845309,0.23883870894021603,0.49897693747525307
131508748,4630,A,A,0.23157943955091975,0.23882417440068965,0.5295963860483907
131508749,4630,A,A,0.3319479468167936,0.32795921058218636,0.3400928426010199
131508750,4630,H,H,0.5262539583756947,0.26868744674998296,0.20505859487432246
131508751,4630,H,H,0.5663289740449654,0.26142982459201214,0.17224120136302246
131508752,4630,D,H,0.6798089659770474,0.1647894888047604,0.15540154521819222
131508753,4630,H,H,0.6668067215945559,0.22590942003947725,0.10728385836596692
131508754,4630,A,H,0.42793282148014106,0.2768864045555121,0.2951807739643469
131508755,4675,H,H,0.4988046940961944,0.27819998470693214,0.22299532119687362
131508756,4675,D,H,0.4926135490870545,0.22539599833962531,0.2819904525733202
131508757,4675,D,H,0.483984246955375,0.27922804234869286,0.23678771069593213
131508758,4675,D,H,0.7623033268395174,0.15438253666312715,0.0833141364973554
131508759,4630,A,A,0.17351647494389566,0.17627030684154238,0.650213218214562
131508760,4629,D,H,0.4831129399428801,0.24609838162838063,0.2707886784287393
131508761,4629,H,H,0.5152058856860875,0.25122238895804694,0.2335717253558656
131508762,4675,A,A,0.2549555028206163,0.240434713821899,0.5046097833574847
131508763,4634,H,H,0.6212790340498983,0.2414125934473897,0.13730837250271208
131508764,4629,H,H,0.6293066049992179,0.21831008533171287,0.15238330966906924
131577481,4634,D,H,0.4988398116184172,0.2970045820048984,0.20415560637668448
131577521,4634,H,H,0.5035858123131931,0.24397354115482087,0.252440646531986
131577522,4634,H,H,0.3446664484373313,0.33086174132187324,0.3244718102407954
131577523,4634,D,H,0.5977702663282545,0.24016478783969125,0.1620649458320543
131577524,4634,A,A,0.1340871016716796,0.21922325618776034,0.64668964214056
131577525,4634,H,H,0.486192928592055,0.28886561980053455,0.2249414516074106
131577526,4634,H,H,0.5335821572865185,0.22290218213911536,0.24351566057436627
131577527,4634,D,A,0.27905029263334186,0.2801821456703515,0.4407675616963067
131856554,4724,H,H,0.5741913860055928,0.24965879475912134,0.1761498192352858
131856555,4724,D,H,0.7164894523987734,0.20109737761073818,0.0824131699904885
131856556,4724,A,A,0.35424189445065957,0.26723129057818273,0.37852681497115775
131856557,4724,H,H,0.5703798913179964,0.270504452625055,0.1591156560569487
131856558,4724,A,A,0.3273857659701504,0.25313959300341843,0.4194746410264311
131856559,4724,A,A,0.12237430914810403,0.15485924422925335,0.7227664466226427
131856560,4724,H,H,0.5604166189166663,0.2637043778259856,0.1758790032573481
131924021,4724,H,H,0.5074663843444276,0.2359965550166216,0.2565370606389508
132162271,4724,A,H,0.397152035295039,0.3016979742861662,0.3011499904187947
132162272,4724,H,H,0.42240841046293204,0.24863077934412417,0.3289608101929437
134704448,4634,H,H,0.5263575062970233,0.2504167210801945,0.22322577262278226
134704449,4634,A,A,0.16069033654837855,0.2603079037143027,0.5790017597373187
134704450,4634,D,D,0.32913472312384884,0.3359999459973031,0.3348653308788481
134704453,4634,A,A,0.29605534949086265,0.2873077274266561,0.41663692308248124
134704454,4634,H,A,0.2901918782135656,0.27861204002387924,0.4311960817625551
134704455,4629,H,A,0.28868072261903743,0.2575052311493211,0.45381404623164134
134704456,4629,A,A,0.25989937591754037,0.18816448727455168,0.551936136807908
134704457,4630,H,A,0.24886666994194243,0.2539545161147238,0.4971788139433338
134704458,4630,A,A,0.2425765633880812,0.26109362341859893,0.4963298131933198
134704459,4634,H,H,0.4952832285967742,0.33733226476928946,0.16738450663393623
134704460,4634,A,H,0.5872436585780042,0.2500523085510851,0.16270403287091068
134704461,4634,A,H,0.4925274664417898,0.28477633192527835,0.2226962016329319
134704462,4634,H,H,0.7641989551096986,0.1652955157800318,0.07050552911026954
134704463,4630,A,A,0.15196644809600104,0.18809458341831042,0.6599389684856884
134704464,4634,D,H,0.4118109886891162,0.31008673678325904,0.27810227452762476
136824980,4724,D,H,0.44809134096583475,0.23157460881151803,0.32033405022264727
136868005,4675,D,A,0.20849781549519783,0.2572789183083333,0.5342232661964689
136868007,4675,A,H,0.4148112330045205,0.3272306669951785,0.257958100000301
136868010,4675,H,A,0.19720272108759188,0.20866958983261513,0.5941276890797931
136868012,4675,H,H,0.5380740842640511,0.2977955610374476,0.16413035469850124
136868014,4675,H,H,0.6854534023701235,0.18601374447611022,0.12853285315376625
136868016,4675,H,H,0.589215523768541,0.24922709052969982,0.1615573857017592
136868081,4675,H,H,0.7683743338744482,0.17586494939686037,0.055760716728691505
136868083,4675,H,A,0.28208259272026404,0.3493601507073474,0.3685572565723885
136868084,4675,H,H,0.7971814530241667,0.12136230753254817,0.08145623944328526
136868842,4724,A,A,0.23620826515248072,0.26040069829394724,0.5033910365535722
136869072,4724,H,A,0.23571757714294006,0.2335016610761081,0.5307807617809518
136924774,4724,H,H,0.4827458958929117,0.25438682993872475,0.26286727416836364
136924775,4724,D,H,0.6428127204098444,0.2043839179381565,0.1528033616519991
137015131,4724,D,H,0.4775852282361658,0.2948695584575041,0.22754521330633018
137015132,4724,A,H,0.45622105057204543,0.32187205632603644,0.22190689310191825
137015133,4724,A,A,0.3280854410818295,0.3317336858292556,0.34018087308891487
137425983,4630,H,H,0.7314770069377932,0.16835959118017693,0.10016340188202989
137425984,4630,A,A,0.29942900487422475,0.22103108687700637,0.4795399082487689
137425985,4630,A,H,0.37709523010426044,0.2570688219429982,0.3658359479527414
137425986,4630,A,H,0.38433865382997345,0.2643287532230786,0.351332592946948
137425987,4630,H,H,0.6174672938457981,0.19933681655395752,0.18319588960024433
137425988,4630,H,A,0.3514370797091611,0.21554028673821937,0.4330226335526195
137425989,4630,H,H,0.6858247705320708,0.169431544525611,0.1447436849423182
137425991,4630,A,A,0.3033086421565806,0.2904192044321106,0.40627215341130873
137425992,4630,H,H,0.8402644885740538,0.09040822257310245,0.0693272888528437
137425993,4630,A,A,0.16876860972387395,0.22635898629200277,0.6048724039841233
137426233,4634,H,H,0.4639132407970752,0.2830914685651119,0.2529952906378128
137426234,4634,A,H,0.6428665560546765,0.225932134923143,0.13120130902218058
137426235,4634,H,H,0.624499972121372,0.23724512400734538,0.1382549038712827
137426236,4634,A,H,0.40762618835194,0.27979110355969344,0.3125827080883666
137426237,4634,D,H,0.4600044944624422,0.28218183235563155,0.25781367318192633
137426238,4634,H,H,0.4076410410472059,0.3222319948300854,0.27012696412270876
137426239,4634,D,H,0.5128497174680696,0.30372954079098186,0.18342074174094844
137426240,4634,A,A,0.31463521029650704,0.3411426333774405,0.3442221563260524
137426241,4634,A,A,0.2463074797026769,0.27482059361165745,0.47887192668566575
137426242,4634,D,A,0.20031985219697013,0.21521766058568684,0.5844624872173431
137426298,4629,A,A,0.3512451176272947,0.2201903638277165,0.4285645185449888
137426299,4629,H,H,0.3530070053775437,0.33436551972681117,0.3126274748956452
137426301,4629,H,H,0.6716226680612594,0.20470367166509254,0.12367366027364812
137426302,4629,D,H,0.49658410676055914,0.23366259314629415,0.26975330009314663
137426303,4629,H,H,0.43966849693845145,0.28938688026792825,0.2709446227936203
137426304,4629,H,A,0.33235435488729775,0.26652675569892237,0.40111888941378004
137426305,4629,D,H,0.4620651368717316,0.25889658146494793,0.27903828166332056
137426306,4629,A,A,0.28827623022038457,0.261138622700051,0.4505851470795644
137426307,4629,A,A,0.16059581932149744,0.18450902277503395,0.6548951579034686
137483653,4724,D,H,0.4478859122518354,0.22357399500582492,0.3285400927423396
137483654,4724,A,A,0.24719240676565593,0.3368838326810898,0.41592376055325414
139241035,4634,H,H,0.37253914802350646,0.3650037713396662,0.26245708063682727
139241036,4634,D,H,0.454242461478072,0.28345265100368827,0.2623048875182397
139241037,4634,A,H,0.4026947296998269,0.3286113179322399,0.26869395236793314
139241038,4634,H,H,0.7169286476989702,0.20464510024938806,0.07842625205164168
139241039,4634,D,A,0.31881800421873124,0.3340730342267712,0.34710896155449744
139241041,4634,A,A,0.26448081900589626,0.2716552907006263,0.4638638902934775
139241042,4634,A,H,0.46878329727681883,0.260037564681877,0.27117913804130417
139241043,4634,A,A,0.25491289532986205,0.2659161907296098,0.479170913940528
139241045,4634,D,H,0.751369572878486,0.14858136220788773,0.10004906491362628
139241046,4634,D,H,0.36534382557849093,0.34631947332343743,0.28833670109807163
139737616,4724,H,H,0.5827628186604851,0.22700280526890204,0.19023437607061294
139737617,4724,A,A,0.2790802505109326,0.2833646516665138,0.43755509782255364
139737618,4724,H,A,0.21434677099800484,0.2665290024958775,0.5191242265061176
139737620,4724,A,H,0.3784446357850274,0.32559655374964225,0.29595881046533035
139737621,4724,H,A,0.3138344440003645,0.25448141520848555,0.43168414079115
139737622,4724,D,A,0.13793347012485824,0.17759666825089687,0.684469861624245
139737624,4724,H,H,0.4787242451537573,0.2493756225029976,0.27190013234324506
139737625,4724,D,H,0.6531879928169482,0.21815102561554559,0.12866098156750627
139737626,4724,D,H,0.7448958260080413,0.17701722964721384,0.07808694434474488
139737627,4724,D,H,0.5040084601244386,0.2881859956939294,0.20780554418163197
