fixture_id,season_id,y_true,y_pred,p_home,p_draw,p_away
45213654,4629,H,H,0.5536960089709726,0.19579505702826125,0.2505089340007661
45213655,4630,D,A,0.2867270973891728,0.26532482200849394,0.4479480806023333
45213667,4634,A,H,0.4857914922531007,0.28124689718177903,0.23296161056512021
45213671,4629,H,H,0.4033405181021263,0.2366624760969701,0.35999700580090366
45213674,4634,D,H,0.39704934046242324,0.29453973589679694,0.3084109236407799
45213685,4634,H,H,0.49226088286341796,0.2723137140458435,0.2354254030907385
45213692,4630,H,H,0.5379127499198759,0.18640961924342342,0.2756776308367007
45213693,4634,H,H,0.5429595357995471,0.24389095512247452,0.2131495090779783
45213703,4629,H,H,0.3769208994517141,0.3170952903071014,0.30598381024118454
45213709,4630,D,H,0.4775030109267922,0.20219691989687258,0.3203000691763351
45213715,4629,A,H,0.47394090608517164,0.22398718186962394,0.30207191204520445
45213716,4629,A,H,0.3460206187595628,0.3191130172655349,0.3348663639749022
45213717,4629,D,H,0.4068050241073508,0.252839649663994,0.3403553262286552
45213731,4634,A,H,0.39252794393101814,0.3127672732365585,0.2947047828324234
45213739,4634,D,H,0.40645920624575227,0.27838286066345386,0.31515793309079393
45213743,4629,H,H,0.4892350097124419,0.23172398960820156,0.27904100067935667
45213757,4630,H,H,0.46895362823593495,0.22500405138293358,0.3060423203811315
45213771,4634,D,H,0.43911727832071323,0.26111881330507314,0.2997639083742136
45213780,4629,D,H,0.4824500427994631,0.23889370119624562,0.2786562560042914
45213781,4634,A,H,0.36834212008011347,0.33343865879701157,0.29821922112287497
45213786,4630,H,H,0.5528733602947151,0.20729686152254395,0.23982977818274095
45213801,4630,D,H,0.4127824056046138,0.23076310826915278,0.3564544861262333
45213802,4630,H,H,0.47246187337101475,0.23140076856257197,0.2961373580664133
45213803,4630,A,H,0.3747279429536664,0.257346070875539,0.36792598617079464
45213804,4630,A,A,0.32756216938152993,0.29051123905255366,0.3819265915659165
45213851,4634,A,H,0.46874428478427344,0.24695890254520503,0.2842968126705215
45213868,4630,A,A,0.3313950568275895,0.2741824397884233,0.39442250338398716
45213869,4629,D,A,0.33829782976802053,0.31105782739738197,0.3506443428345975
45213871,4634,A,H,0.4503100270819631,0.28951786756743847,0.2601721053505983
45346864,4634,H,H,0.4915833402038641,0.26324521657087235,0.24517144322526355
45346865,4630,H,H,0.4443629573105116,0.25077955995327894,0.3048574827362094
45346866,4634,A,H,0.4370184350213409,0.31625069038130077,0.2467308745973583
45346869,4675,A,H,0.46137249521386103,0.2723926258018931,0.26623487898424597
45566305,4630,H,H,0.38933816796092086,0.2559539809967398,0.3547078510423394
45566306,4724,A,A,0.3635054613427473,0.2634208020017929,0.3730737366554597
45566307,4634,D,H,0.562681164738505,0.27341196794573414,0.1639068673157608
45566308,4630,A,A,0.2838971485659779,0.2588841501024072,0.45721870133161496
45566309,4630,H,H,0.517864533402185,0.18575918849004008,0.2963762781077749
45566310,4630,A,H,0.4322919340515329,0.285081485929712,0.2826265800187551
45566311,4675,H,H,0.46843234934380357,0.25080578887943894,0.2807618617767575
45566312,4675,D,H,0.4451586292586669,0.25604423719585356,0.29879713354547954
45566313,4675,A,H,0.4479225975608683,0.22431243952528032,0.3277649629138513
45566314,4675,H,H,0.42235906786552657,0.261639214031675,0.3160017181027985
45566315,4675,H,H,0.4362426885511557,0.27019775486724706,0.29355955658159716
45566316,4675,H,H,0.5832904632876443,0.1788584063150569,0.2378511303972987
45566317,4724,A,H,0.38022572627299817,0.24167078720417912,0.37810348652282266
45566319,4634,A,A,0.33323743105328035,0.3028967024152654,0.36386586653145436
45566377,4724,A,H,0.3546968951276413,0.30757774753882156,0.3377253573335371
45566378,4724,H,H,0.4774046166541173,0.23233805162264673,0.290257331723236
45566379,4630,H,H,0.4459380619901427,0.18653222362723687,0.3675297143826204
45566381,4634,A,H,0.5885499873981053,0.2568214593920735,0.15462855320982125
45952291,4634,D,H,0.3719603205098819,0.2975778390422474,0.3304618404478707
45952295,4630,H,A,0.3637463996423489,0.22179458119849654,0.41445901915915473
45952296,4630,H,H,0.5105964211517159,0.21458423502886237,0.2748193438194218
45952297,4634,H,H,0.4575754866164208,0.292755868475059,0.24966864490852014
45952299,4724,D,H,0.421011531278525,0.25116509731242687,0.32782337140904816
45952302,4634,H,H,0.48197694237804856,0.2837903370787925,0.23423272054315902
45952303,4724,H,A,0.34834153499760556,0.29500157664692583,0.3566568883554685
45952304,4724,A,H,0.4225990688404575,0.2793094639617781,0.29809146719776447
45952306,4724,A,A,0.3019920834684208,0.27044867066055633,0.42755924587102284
46247431,4634,A,H,0.3757017921153495,0.24948571795035054,0.3748124899342999
46247432,4630,A,H,0.5033023174807592,0.20776492698584026,0.2889327555334006
46247433,4724,A,H,0.3897492524686605,0.2941684729570559,0.31608227457428356
46247434,4634,H,H,0.35863841288608506,0.3574649911425711,0.2838965959713439
46247435,4724,D,H,0.44909834928421566,0.23690429634403998,0.3139973543717444
46860489,4629,D,A,0.32044489491835554,0.23976328373557468,0.43979182134606987
46860494,4629,A,H,0.41366841449324226,0.2598677591901633,0.3264638263165945
47011584,4629,D,A,0.18297133225767007,0.25489944356258376,0.5621292241797462
47011640,4630,A,H,0.49300614394827796,0.26858187652427556,0.23841197952744642
47035890,4675,H,A,0.24610536682248865,0.2080688749942902,0.5458257581832212
47035914,4629,D,A,0.2515811590194781,0.24926335477518047,0.4991554862053414
47035918,4629,D,H,0.37870286312267143,0.3084527940523621,0.31284434282496637
47035919,4629,H,D,0.30006273283054047,0.35590206941419833,0.3440351977552611
47035920,4629,H,A,0.34868131377868067,0.24097712901733823,0.41034155720398113
47035921,4629,A,A,0.3429986049542668,0.24618184749166377,0.4108195475540694
47035922,4629,H,H,0.4856864039814339,0.24808465265993054,0.2662289433586357
47262759,4675,A,H,0.39768440812998174,0.25759083025913093,0.3447247616108872
47262760,4675,H,H,0.6336733018008187,0.21670490810773066,0.14962179009145077
47262761,4675,A,H,0.44126695856541476,0.2168758801551968,0.34185716127938837
47262762,4675,D,A,0.22488008529886033,0.27153431903423764,0.503585595666902
47262763,4675,A,A,0.3312538267250208,0.24251722850640434,0.42622894476857476
47262764,4675,A,A,0.338735443058454,0.21964543561827402,0.4416191213232721
47262765,4724,H,A,0.24689866505661662,0.1977737693201978,0.5553275656231856
47262766,4724,H,H,0.3886621638664263,0.29458604122368287,0.3167517949098908
47262767,4724,H,H,0.4016306648791366,0.32408874140206395,0.2742805937187995
47262768,4724,H,H,0.47098582743362105,0.2530928569434561,0.27592131562292277
47652443,4675,H,H,0.5174758691232686,0.1882753346180935,0.2942487962586378
47652730,4675,H,H,0.4039007458208597,0.2771439651220392,0.31895528905710113
47702745,4724,H,H,0.5431511512551191,0.2084086928510448,0.248440155893836
47702746,4724,A,H,0.5058879350999624,0.28956945813547363,0.204542606764564
47702747,4724,D,H,0.547255694371131,0.24540377844329955,0.20734052718556956
47702748,4724,D,H,0.5542723197894078,0.2035437014108438,0.24218397879974837
47702749,4675,H,H,0.6874150000617972,0.16793957139953733,0.1446454285386654
47702752,4675,D,A,0.3326571003085345,0.24776769513588362,0.4195752045555818
47751291,4634,H,H,0.4108013407412433,0.29883674475570815,0.2903619145030485
47751292,4634,A,H,0.5145070513187058,0.273139564731269,0.21235338395002523
47751293,4634,A,H,0.5296561295355589,0.23496549508244965,0.23537837538199155
47751294,4630,A,H,0.4944591679468893,0.22723770042330887,0.2783031316298019
47751295,4629,A,H,0.5822350730440459,0.25617292973273276,0.16159199722322137
47751296,4629,H,A,0.35240400211128275,0.28690870580148703,0.36068729208723016
47751297,4630,H,A,0.3964233467477055,0.20020202017206098,0.4033746330802335
47751298,4634,A,D,0.30609177825561557,0.35545809759134056,0.3384501241530439
47751299,4629,H,A,0.3735721942830002,0.20042383086393717,0.42600397485306263
47751300,4630,A,H,0.6015754602538371,0.25827852109966437,0.14014601864649853
47751301,4634,D,H,0.45621931549089967,0.2495993478853987,0.2941813366237018
47751302,4630,A,H,0.4232526055378728,0.20653499138357254,0.3702124030785547
47751303,4630,D,H,0.5558753237948542,0.27395851667151916,0.17016615953362674
47751304,4630,D,H,0.6199331852503146,0.19831890690314327,0.18174790784654205
47751305,4630,A,A,0.3566147303644479,0.21011245379163015,0.43327281584392185
47751306,4634,A,A,0.2679466903819946,0.26853644977417196,0.46351685984383345
48065885,4629,D,H,0.3906204452806172,0.23062088198791122,0.3787586727314717
48065886,4629,H,A,0.33618787523236116,0.23467191654330002,0.4291402082243388
48065887,4629,H,H,0.3639235435009019,0.2855542526987167,0.3505222038003814
48065888,4629,D,A,0.17079064464941426,0.17892044290461112,0.6502889124459746
48065889,4634,A,H,0.4452833903668254,0.3005340788273127,0.2541825308058618
48065890,4724,A,A,0.2668022916178713,0.30321553240776766,0.4299821759743611
48065891,4724,D,H,0.543626111807483,0.2437221960061451,0.212651692186372
48065901,4630,A,A,0.21014678987253435,0.2260914288219951,0.5637617813054706
48065902,4630,A,A,0.2440759990419918,0.2465602327291835,0.5093637682288247
48065913,4630,H,H,0.4224348367951048,0.3161999853834735,0.26136517782142177
48065915,4634,H,H,0.4602763090583481,0.3033848144679183,0.2363388764737335
48065916,4634,D,A,0.37269837814526746,0.23706438507261676,0.39023723678211586
48320126,4634,H,A,0.3133551907480952,0.22324023863027118,0.4634045706216335
48585558,4629,D,H,0.5964907408694456,0.24301748654898966,0.16049177258156458
48585559,4629,A,H,0.4068498012237902,0.2705208243731689,0.32262937440304096
50341982,4634,A,H,0.46220523055782026,0.2912716234688645,0.2465231459733153
50341983,4629,D,A,0.2243027262715529,0.28638792657313733,0.4893093471553097
50341984,4630,A,A,0.21043536331208862,0.19711269138154347,0.5924519453063679
50341985,4724,A,A,0.20484615417384072,0.3098881548387643,0.4852656909873951
50341986,4675,D,H,0.6356164849903513,0.1733022182281773,0.19108129678147148
50341987,4634,H,A,0.3471450533185862,0.25339418228048605,0.3994607644009277
50341988,4724,H,A,0.2749481397633816,0.24959679067497637,0.475455069561642
50595133,4629,H,D,0.38794984404651256,0.39186571472889586,0.2201844412245916
50595134,4634,H,H,0.4776707363839931,0.2923103297841987,0.23001893383180824
50595135,4724,A,H,0.5742614769476677,0.2808567968882544,0.14488172616407796
50595136,4724,H,H,0.4793365721312978,0.2449792335747784,0.2756841942939237
50595137,4724,D,A,0.30159643249277546,0.2519185795588089,0.4464849879484156
50595138,4724,H,H,0.4587306243347142,0.26030799526186454,0.28096138040342133
50595139,4675,A,A,0.17540632925471628,0.3382840420305138,0.4863096287147699
50595140,4634,H,H,0.3721320420303853,0.32034673000102526,0.30752122796858944
50595141,4630,H,H,0.4299471556714041,0.2855427256309579,0.284510118697638
50595142,4634,H,H,0.6136678451222665,0.2660472070358166,0.12028494784191697
50595153,4630,A,H,0.407539362183709,0.2518654898249506,0.3405951479913404
50595154,4630,A,A,0.24067146602774944,0.2151222758176158,0.5442062581546347
50595155,4630,D,H,0.6152612028919214,0.20355333782337343,0.18118545928470517
50595156,4675,H,H,0.4868752027053201,0.3475139006634364,0.16561089663124345
50595157,4675,D,H,0.44242035111241923,0.3981328916761353,0.1594467572114454
50595158,4675,H,H,0.4325318252497449,0.19993963618380087,0.36752853856645423
50595159,4675,H,H,0.4231762457221672,0.29142407159416717,0.2853996826836656
50595160,4675,H,H,0.5760807862369015,0.29727282275076156,0.12664639101233696
50595161,4634,H,H,0.497362690016763,0.21831504171669733,0.2843222682665398
50595163,4630,D,H,0.47662254330550197,0.24204264748177193,0.2813348092127262
50595165,4629,D,A,0.24493202092311517,0.2876916665799095,0.46737631249697537
50595211,4630,H,H,0.6488440255020738,0.1801294721386609,0.17102650235926536
50846751,4634,A,A,0.34698106858185723,0.2924177984129317,0.36060113300521107
50846752,4724,H,H,0.3944352298013898,0.30594182612092247,0.29962294407768764
50846753,4724,A,A,0.2612088936330963,0.20775065329333453,0.5310404530735691
50846754,4629,A,A,0.2937164749805202,0.24657306406799903,0.45971046095148066
50846756,4724,H,H,0.422380947386582,0.24007142161167935,0.3375476310017387
50846757,4724,H,H,0.5081047808928013,0.2083801338729473,0.28351508523425145
50846758,4634,H,H,0.6198174217619111,0.21626615235032545,0.16391642588776342
50846759,4675,A,H,0.37878826494619,0.3632286220826541,0.2579831129711559
50846760,4629,H,A,0.3539887034426056,0.23529779629080874,0.4107135002665857
50846762,4634,D,A,0.32797042252076086,0.2783225895685411,0.3937069879106981
50846764,4675,D,H,0.4952897347409227,0.23495760913442393,0.2697526561246534
50846765,4629,H,A,0.2567346387532734,0.2752872172068487,0.46797814403987786
50846766,4629,H,A,0.2846509303669636,0.24707848163364782,0.4682705879993886
50846767,4630,H,H,0.4122755618939893,0.23996639945989734,0.3477580386461134
50846768,4630,H,H,0.5360229461657499,0.18022739951085015,0.2837496543234
50846769,4634,H,H,0.5607464100997782,0.26699524879385284,0.17225834110636887
50846771,4629,D,H,0.4002193269679403,0.2801247500864127,0.319655922945647
50846808,4630,H,H,0.4958450941857733,0.25265805076006526,0.2514968550541613
51054878,4629,D,A,0.29599430696320544,0.2950567584369709,0.4089489345998237
53333849,4675,D,H,0.49320077631227394,0.23401093305211534,0.27278829063561066
53333850,4634,H,H,0.35963165113356066,0.321043330712231,0.3193250181542084
53608635,4724,D,A,0.22455097815469807,0.26864287983891816,0.5068061420063837
53608640,4675,D,H,0.34980666594619536,0.3199946657080558,0.3301986683457488
53608641,4634,A,H,0.39847165986791505,0.31658648491681485,0.2849418552152701
53608642,4724,H,H,0.574991583908054,0.2212712673531259,0.20373714873881996
53608645,4634,H,H,0.4662410637198761,0.2898981852966636,0.24386075098346022
53608650,4630,A,A,0.23981981604704186,0.1984257240530869,0.5617544598998712
53608651,4630,H,H,0.4156167713470793,0.2647374526706823,0.3196457759822385
53608652,4630,H,H,0.3656581933615534,0.30250729096353546,0.331834515674911
53608653,4675,A,A,0.1154520898487391,0.22608629491308888,0.6584616152381719
53608654,4675,A,A,0.34872739867994806,0.2866330176829405,0.3646395836371115
53608655,4724,H,H,0.5875158165540543,0.23444328940071524,0.17804089404523044
53608657,4634,H,H,0.42670272601215153,0.30664949038742406,0.2666477836004245
53608658,4630,A,A,0.1573617492609694,0.23575143122155534,0.6068868195174754
53608661,4634,H,H,0.5249108104225161,0.28659223885509555,0.18849695072238834
53608662,4675,A,A,0.379294439624298,0.21123623992825205,0.40946932044745005
53608664,4675,H,H,0.6075252244334907,0.2363360778326588,0.15613869773385056
53608667,4675,H,H,0.40816272066254344,0.2510705042237011,0.34076677511375547
53608668,4630,H,H,0.6424220422280498,0.22209220201814958,0.13548575575380065
53608676,4630,A,A,0.24449494267032224,0.23789441359751876,0.517610643732159
53608692,4630,A,A,0.29701921657926694,0.24523173778708568,0.45774904563364743
54121595,4724,H,H,0.4580531083701077,0.2937738859367418,0.24817300569315057
54121597,4634,H,H,0.39563076758403,0.3388687140214448,0.26550051839452526
54121598,4724,H,A,0.3476366401857575,0.29754579110649515,0.3548175687077474
54121599,4675,D,A,0.28935012800344484,0.2835950771360227,0.42705479486053244
54121600,4630,H,A,0.32263120167165293,0.25750389134461404,0.4198649069837329
54121602,4634,H,H,0.47920046632143654,0.2951960429135184,0.22560349076504507
54121603,4675,H,H,0.3675066069668607,0.2727932618277564,0.35970013120538286
54121604,4724,D,A,0.2907119819595193,0.2593857565308181,0.4499022615096626
54121605,4724,H,H,0.45715008541147184,0.23169678433447696,0.31115313025405106
54121606,4629,A,H,0.36788813861184094,0.2947320828824001,0.3373797785057589
54121607,4630,D,A,0.3354673975998333,0.24060663256468434,0.42392596983548225
54121610,4724,D,H,0.4111979802356579,0.25065706287781186,0.3381449568865302
54121612,4634,H,A,0.20453306025656603,0.2194013883812171,0.5760655513622168
54121618,4634,H,H,0.37715438209475705,0.2749238202917726,0.3479217976134704
54121624,4629,A,H,0.39827973430026226,0.29876608405427507,0.3029541816454626
54121625,4629,D,A,0.3369007874396009,0.2511382648956465,0.41196094766475266
54585703,4634,A,A,0.28797445344091277,0.3412327537130403,0.3707927928460469
54585704,4630,D,H,0.5769809237651428,0.21966572126702666,0.2033533549678305
54585707,4724,A,H,0.4055761209680502,0.29934028491110914,0.29508359412084056
54585734,4724,D,H,0.4022149146668052,0.3072321721785662,0.2905529131546286
54638919,4629,D,H,0.5137118244937501,0.262081772734898,0.22420640277135195
54638920,4629,D,A,0.2380079344715047,0.21539377887878192,0.5465982866497133
54638921,4629,A,H,0.37967276385595156,0.26293804197254794,0.35738919417150056
54638922,4629,D,H,0.5683841525741904,0.22406299177281533,0.20755285565299433
54638923,4629,A,H,0.5157818618835437,0.24707885121121498,0.23713928690524128
54856821,4629,D,A,0.23700583503876185,0.2666242806071449,0.49636988435409335
55517686,4629,A,H,0.4381251941348712,0.30859507306535755,0.2532797327997712
55517687,4724,H,H,0.5005403422901502,0.27237310850013285,0.22708654920971696
55517688,4675,H,H,0.6802323171836492,0.23366128828817867,0.08610639452817213
55517714,4724,D,A,0.30547919244745086,0.28282330709242887,0.4116975004601204
55517716,4634,A,A,0.3226812865585555,0.29004294893342636,0.3872757645080181
55781141,4629,H,H,0.5361812934103611,0.2522578155319659,0.21156089105767287
55781143,4630,A,A,0.2579088261074716,0.30554571056931923,0.4365454633232092
55781148,4675,H,H,0.4638120777919382,0.27766019798906033,0.2585277242190014
55781149,4630,A,H,0.6050042838947118,0.2001272333383138,0.1948684827669743
55781154,4629,H,A,0.3006240752204271,0.28707965393308726,0.4122962708464856
55781161,4630,D,H,0.41236798451581635,0.21566079115055295,0.3719712243336308
55781162,4630,D,H,0.5407622323372856,0.22958562990092252,0.2296521377617918
55781163,4675,A,A,0.15325518033454733,0.27992021488290003,0.5668246047825528
55781164,4675,A,H,0.40486420042321014,0.283861377997146,0.31127442157964386
55781165,4675,H,H,0.6097963409686377,0.19327879278448484,0.19692486624687755
55781166,4675,H,H,0.7176979272347538,0.19619774780219487,0.0861043249630513
55781172,4675,H,H,0.4713687806298243,0.32694036747159094,0.2016908518985848
55781174,4634,D,A,0.287313074138872,0.3012909775465832,0.4113959483145449
55781175,4724,D,H,0.4672541120431591,0.2541717581640155,0.2785741297928255
55781177,4634,H,H,0.6999510601617387,0.20888731292613347,0.0911616269121279
55781178,4724,H,A,0.18559037134013295,0.2997213840820562,0.5146882445778109
55781180,4634,D,H,0.444506375914475,0.2767292125643813,0.27876441152114356
55781181,4630,H,H,0.6551882176841723,0.18993184775512675,0.15487993456070093
55781183,4724,H,H,0.5146543596194028,0.2971134607438568,0.1882321796367404
55781184,4634,H,H,0.5841997160170278,0.2658159411980232,0.14998434278494896
56297591,4629,H,H,0.5233189208389055,0.24124817264628692,0.23543290651480756
56297594,4675,D,H,0.5596965646698931,0.23101804275865198,0.20928539257145481
56297595,4630,A,A,0.27674837222509213,0.234361828957204,0.48888979881770406
56297596,4629,D,A,0.30768527933180245,0.27325149681308536,0.41906322385511224
56297603,4675,H,H,0.558305677072979,0.2790939247222353,0.16260039820478567
56297604,4629,H,H,0.5454960822522392,0.23409183030484818,0.22041208744291266
56297610,4629,A,H,0.3729105317487548,0.31743584279137743,0.3096536254598678
56297613,4629,H,A,0.35440827665934493,0.2722679331258225,0.37332379021483264
56297614,4630,H,H,0.5736346866836475,0.2121784449910228,0.21418686832532968
56297615,4630,H,H,0.6777115357446015,0.21192003733884926,0.11036842691654926
56297622,4724,D,A,0.34412560495418276,0.21833591269006644,0.43753848235575077
56297623,4724,D,A,0.33815073651170424,0.244989462493914,0.4168598009943817
56297624,4724,A,A,0.2699343785328477,0.22639525445630576,0.5036703670108467
56297625,4724,H,H,0.5832727753071277,0.2596513760806236,0.15707584861224863
56297629,4724,A,A,0.061278056341042116,0.16417048611425444,0.7745514575447034
56297630,4634,H,H,0.4963521012934162,0.2679490519498011,0.23569884675678274
56297631,4634,H,H,0.40673584807127683,0.24379288445819536,0.34947126747052787
56297633,4634,D,H,0.3741167894551168,0.3383696257094682,0.28751358483541506
56297641,4634,D,H,0.3709093585253705,0.3195952666923776,0.3094953747822519
56297643,4630,A,H,0.39035072160639417,0.21994165582270725,0.38970762257089847
56297644,4630,D,H,0.4031010471994868,0.2143043414065658,0.38259461139394735
56297646,4634,H,H,0.49410247313562033,0.28855367832363654,0.217343848540743
57052120,4629,A,A,0.3608416512980414,0.26257908242418965,0.37657926627776894
58704532,4634,H,H,0.4762237114264791,0.28184135661177506,0.2419349319617457
58704533,4634,D,A,0.215710358710484,0.2741686843761231,0.510120956913393
58704534,4724,H,H,0.4415803137966579,0.2847724505594966,0.2736472356438456
58792046,4629,H,H,0.567994084401284,0.20459078382244872,0.22741513177626735
58792047,4675,H,H,0.3946144301894616,0.2971070221247316,0.3082785476858068
58792048,4629,A,A,0.29676296905143384,0.3005101700283212,0.40272686092024496
58792049,4629,D,H,0.4469157280188853,0.253966705936705,0.2991175660444097
58792050,4630,D,H,0.38599453591080923,0.2467594667690193,0.3672459973201714
58792051,4629,H,H,0.5728895377271721,0.26531885909495756,0.1617916031778703
58792052,4629,H,H,0.5261315410855054,0.26887372416877936,0.20499473474571528
58792053,4675,D,A,0.3473256973815952,0.226430022746183,0.42624427987222185
58792054,4630,H,H,0.4101663130913036,0.23095009154108917,0.35888359536760717
58792055,4629,D,A,0.18329728906436454,0.2141219887156404,0.602580722219995
58792056,4630,H,A,0.10801957463756334,0.2046000605101267,0.68738036485231
58792057,4630,A,H,0.4238337879308016,0.24269415482705714,0.33347205724214124
58792058,4630,A,A,0.18342408501510918,0.24278031788298585,0.573795597101905
58792059,4675,H,H,0.3614460247035417,0.31524012824030323,0.323313847056155
58792060,4675,A,A,0.26469647634878885,0.3248621197955052,0.4104414038557059
58792061,4675,A,A,0.1713599182921876,0.19325721013787686,0.6353828715699356
58792062,4675,A,A,0.10651493034057857,0.23339992225602463,0.6600851474033967
58792063,4675,H,H,0.4686460851427869,0.2785651864411822,0.25278872841603084
58792064,4630,H,A,0.288938925507844,0.22872343056399247,0.4823376439281636
58792065,4629,A,H,0.44701045777644155,0.27595913892715973,0.27703040329639866
58792066,4675,A,H,0.4974170867519452,0.2624574116619819,0.240125501586073
58792067,4634,A,A,0.2392438174930886,0.2507320614764616,0.5100241210304497
58792068,4724,D,H,0.3853159149895305,0.2746682409798861,0.3400158440305834
58792069,4634,A,H,0.40931378722539247,0.27393023245875936,0.3167559803158482
58792070,4634,D,H,0.43088803191473507,0.28663554756498777,0.28247642052027705
58792071,4724,H,H,0.6118488268377323,0.2370633342655136,0.15108783889675403
58792072,4724,H,A,0.3488918033514315,0.2823624750761929,0.36874572157237556
58792073,4724,A,H,0.7501938961096285,0.15603582206359376,0.09377028182677768
58792074,4634,A,A,0.28578336674112703,0.2927465646104438,0.4214700686484291
58792075,4634,D,H,0.5805849403700236,0.24766417415366293,0.1717508854763135
58792076,4724,A,A,0.3010246780478176,0.2410796065901976,0.4578957153619848
58792077,4724,H,A,0.27079296120867596,0.2984118489682034,0.43079518982312065
59262828,4675,H,D,0.29021439574896507,0.35864459645781954,0.3511410077932152
59262848,4630,H,H,0.6107355242489186,0.24287548331255013,0.1463889924385312
59262849,4630,H,H,0.7807542262558533,0.1418616030916602,0.07738417065248653
59262850,4630,A,H,0.5373652301311133,0.22749718091417548,0.23513758895471118
59262856,4724,H,A,0.1906802025399554,0.23319689428153959,0.576122903178505
59262858,4634,D,H,0.45313763873633534,0.2930150793741655,0.2538472818894992
59262859,4634,D,H,0.3739691788724241,0.35643615534685585,0.26959466578072006
59262860,4724,D,A,0.35553147856372175,0.28486021046978216,0.3596083109664961
59262862,4634,H,H,0.6053929885908644,0.2555242930035651,0.1390827184055705
59262863,4724,A,A,0.2063513353918213,0.23732188644720345,0.5563267781609753
59262867,4630,A,H,0.44049003181390367,0.231430159514237,0.3280798086718593
59262872,4629,A,H,0.5078814770989195,0.24349069524213737,0.24862782765894303
59262873,4629,H,H,0.3881408772416774,0.2684647666794897,0.34339435607883284
59902525,4634,H,H,0.5503103630162082,0.26724022064730735,0.18244941633648454
60168268,4634,H,H,0.37448499953508163,0.3086839007356756,0.3168310997292427
60168269,4634,A,H,0.4729472489709903,0.2883191931197384,0.23873355790927134
60168271,4724,H,H,0.5250116816798464,0.2685358022514656,0.206452516068688
60168272,4634,D,H,0.40713849695649745,0.3077639894467823,0.28509751359672014
60168274,4724,A,A,0.3415750308777372,0.24220409520279804,0.41622087391946466
60168275,4634,D,H,0.37798299288708537,0.31553270371759257,0.306484303395322
60168288,4724,A,A,0.13558352108595628,0.19616685466310368,0.66824962425094
60402446,4724,H,H,0.6854085331647743,0.18757558394242085,0.12701588289280474
60402483,4634,H,H,0.6996763811362068,0.20147438382561295,0.0988492350381802
60442094,4724,D,H,0.46748496004271795,0.23440269790011012,0.29811234205717196
60712489,4724,D,H,0.4635950531681603,0.24761140372114515,0.2887935431106945
60712490,4724,A,H,0.4318996297494755,0.334096118675609,0.2340042515749156
60712496,4634,H,A,0.29944278804053354,0.2980842323313377,0.40247297962812867
61217225,4634,D,D,0.3319184109417357,0.3661368365210484,0.3019447525372159
61217671,4724,D,A,0.25252499921620675,0.29089619384098,0.4565788069428133
61218070,4634,A,H,0.41523363711849975,0.2909878564566134,0.2937785064248869
61218338,4724,H,H,0.41754480099225577,0.2930610435756727,0.28939415543207153
61282012,4675,A,A,0.27722709138344037,0.3060661883474223,0.41670672026913735
61282017,4675,H,H,0.6930924483322061,0.1908456115010342,0.11606194016675976
61282018,4675,A,H,0.46897624274791894,0.29928906768125796,0.23173468957082316
61282019,4675,D,H,0.8009870675363574,0.15229313455255325,0.046719797911089385
61282021,4634,H,H,0.4231916262488897,0.2702456787658984,0.30656269498521194
61282022,4675,H,H,0.49995231880201335,0.22361670532456815,0.2764309758734184
61282023,4675,H,H,0.7812839669822259,0.15288990345288528,0.06582612956488884
61282025,4675,H,H,0.7686871343826407,0.1678875984216401,0.06342526719571927
61282027,4675,H,H,0.6764453533585754,0.17399677395893584,0.14955787268248882
61282028,4675,D,H,0.6771278049334238,0.2218008347138869,0.10107136035268921
61374399,4629,A,H,0.4505062064987445,0.2080373614656573,0.34145643203559817
61374400,4629,D,A,0.37007258813056176,0.2540930539829364,0.37583435788650177
61374401,4629,D,H,0.4573224905026708,0.235899152332514,0.3067783571648153
61374403,4629,D,A,0.3684987677345344,0.2552283370219594,0.3762728952435062
61374404,4630,D,A,0.17627911082563352,0.24491540104940582,0.5788054881249606
61374405,4630,D,A,0.2832636044947903,0.22151292296340644,0.49522347254180327
61374406,4630,D,H,0.3871488306434471,0.24734022422613244,0.36551094513042054
61374407,4630,D,H,0.4543202725254266,0.23096069901429794,0.3147190284602755
61374408,4630,H,A,0.3235904863462571,0.2391106209964986,0.4372988926572444
61374409,4630,H,H,0.5130498271790016,0.26734237796235066,0.2196077948586477
61374410,4630,H,H,0.4857945561232368,0.2631621702942617,0.2510432735825015
61374411,4630,A,A,0.2707171915747507,0.27396314627191953,0.45531966215332964
61374412,4630,A,A,0.16672089793533695,0.21585511455090667,0.6174239875137563
61786513,4724,H,H,0.6411848898675693,0.22821574454591706,0.1305993655865137
61842258,4630,H,A,0.36365173451827754,0.21126095320111513,0.4250873122806073
61842311,4629,A,A,0.33599393223730667,0.2522970350556451,0.4117090327070481
61842313,4629,A,H,0.39943851356176097,0.28108187493136944,0.3194796115068695
62188597,4629,H,A,0.3478521771782212,0.2842988934370894,0.36784892938468927
62188603,4629,A,A,0.28889587628261937,0.29756752894460536,0.41353659477277516
62523129,4634,H,H,0.6243613650786792,0.23562415112453206,0.1400144837967887
62831832,4724,A,H,0.5093894954896943,0.220666039345488,0.26994446516481774
62831833,4724,H,A,0.27283026605549177,0.25630210988881186,0.47086762405569643
62831834,4724,H,H,0.5525258505714697,0.23962027788178344,0.20785387154674692
62831835,4634,D,H,0.47313975060571367,0.2867865847970398,0.24007366459724658
62831836,4634,D,H,0.3890981513240981,0.2961794440786208,0.314722404597281
62831838,4724,H,H,0.5245403024941829,0.2687333462405688,0.2067263512652483
62831840,4724,D,H,0.6570505133354192,0.20036722664015968,0.1425822600244212
62831841,4634,A,A,0.2749884747443234,0.2755483805020476,0.44946314475362903
62831843,4724,D,H,0.45929730248751,0.27251994166802285,0.2681827558444672
62831845,4724,D,A,0.3089299873564884,0.34328591279140586,0.34778409985210573
62831859,4634,H,H,0.611871664797457,0.22955710501079776,0.15857123019174518
63079737,4634,D,A,0.13639814448266227,0.288794509542063,0.5748073459752748
63079738,4634,D,H,0.3571050091913812,0.31287078443897426,0.3300242063696446
63079739,4634,D,H,0.35040683145033175,0.30841044569836645,0.3411827228513018
63079741,4634,H,H,0.5771136457852918,0.2391182719591522,0.183768082255556
63079744,4634,A,H,0.5070210947522965,0.28171022215943836,0.21126868308826519
63325784,4724,A,A,0.2228963656593159,0.2600821169998839,0.5170215173408002
63902125,4724,H,H,0.43626911928188444,0.26303304667980537,0.3006978340383102
63902699,4724,A,A,0.16496117692194534,0.23827512067015416,0.5967637024079004
66611649,4634,H,H,0.4959956978274669,0.25932502354090703,0.2446792786316261
66611650,4724,A,H,0.45977802324441935,0.2506912972170047,0.289530679538576
66611651,4629,A,A,0.32621373333821835,0.3126155623381467,0.36117070432363496
66611654,4634,D,H,0.4961168627393501,0.2849069408872254,0.2189761963734245
66611656,4724,H,H,0.5767071135542591,0.2280858600288967,0.19520702641684423
66611657,4675,A,H,0.4858757530570728,0.2953679281963057,0.21875631874662163
66611658,4629,H,H,0.6766606246906147,0.20787657857468936,0.11546279673469581
66611660,4634,H,H,0.6854725263338326,0.22410248887252227,0.09042498479364515
66611661,4675,H,A,0.3241914333354296,0.2703025524797585,0.40550601418481186
66611664,4724,D,H,0.43544097848304986,0.31691817217283363,0.2476408493441164
66611665,4724,H,H,0.4676895525965376,0.24226707660285587,0.2900433708006065
66611666,4629,H,A,0.32333167731556495,0.29080993442399006,0.38585838826044505
66611667,4629,H,H,0.39812568190517456,0.2763198830791885,0.325554435015637
66611668,4629,D,H,0.3851451129676284,0.23931723555327064,0.375537651479101
66611669,4634,A,H,0.391517505921688,0.3112504289697127,0.29723206510859923
66611670,4629,H,A,0.21380317718378153,0.28531483658415335,0.5008819862320651
66611671,4724,H,H,0.5262692461521364,0.26580438499239073,0.20792636885547292
66611674,4629,H,H,0.5253835715232666,0.22271220527542127,0.25190422320131206
66611675,4634,A,A,0.19849166749670272,0.23799941738755265,0.5635089151157446
66611676,4630,A,A,0.17480222813325302,0.282830921359387,0.54236685050736
66611677,4724,A,H,0.376883344601717,0.30676904875501876,0.31634760664326417
66611685,4675,A,A,0.05938390280850132,0.18180870666875795,0.7588073905227407
66611686,4634,D,A,0.2586385700697529,0.25521640680181196,0.4861450231284351
66611687,4630,D,A,0.3418348111864548,0.21830287164621753,0.43986231716732765
66611689,4724,A,A,0.13254112150416436,0.17503988546261537,0.6924189930332203
66611694,4629,H,H,0.6224960065522556,0.21011390256924892,0.16739009087849555
66611696,4634,D,H,0.34930021518246995,0.3215232240776054,0.32917656073992463
66611737,4630,D,H,0.5583496734341252,0.2334789452719068,0.20817138129396806
66611738,4630,H,H,0.6402124507761341,0.1905276163618094,0.16925993286205646
66611739,4630,H,H,0.498168804278053,0.20334129798434242,0.2984898977376045
66611740,4630,H,H,0.6225904199434704,0.2194590893880338,0.1579504906684958
66611741,4630,A,A,0.2657651494651214,0.28551369027985246,0.4487211602550261
66611742,4675,A,A,0.1596640616536853,0.295999301404619,0.5443366369416958
66611743,4675,A,H,0.5563274041027291,0.2546163849534631,0.1890562109438078
66611744,4675,A,A,0.18783959502881326,0.20628895829937144,0.6058714466718154
66611745,4675,H,H,0.5185723726600611,0.3005894422863194,0.18083818505361962
66611746,4675,A,A,0.2171036247607137,0.2360601416073067,0.5468362336319795
66611749,4724,A,A,0.23731377184155816,0.21830962952139013,0.5443765986370517
66611753,4634,H,H,0.5679636844869627,0.26213519644333017,0.16990111906970717
66611755,4630,H,H,0.6449830199975078,0.20544284174630148,0.1495741382561907
66611770,4629,D,H,0.46970309503676533,0.2822966071327943,0.24800029783044034
66611771,4634,H,H,0.41843303168623225,0.31701942203130906,0.2645475462824587
66611774,4675,H,H,0.694315061944657,0.199525864713845,0.10615907334149807
66611806,4630,H,H,0.516024147638481,0.2168391955279303,0.2671366568335886
67104531,4629,D,H,0.6155526026305337,0.21901928200668733,0.16542811536277904
67169860,4634,H,H,0.4630856017013107,0.27201222647407086,0.26490217182461845
67169861,4630,H,H,0.6989997371124902,0.1820087477075244,0.11899151517998545
67169862,4724,A,H,0.7754885010841689,0.17282884359372047,0.0516826553221106
67169869,4724,D,A,0.27576757779629746,0.2763644879323541,0.4478679342713485
68958085,4634,H,H,0.7422965304845928,0.1834585078101423,0.07424496170526496
68958086,4724,D,H,0.4589693421618272,0.24574156710843337,0.2952890907297394
68958088,4634,D,H,0.5191391315422009,0.2505845143988651,0.230276354058934
68958089,4724,H,H,0.6121431309956804,0.18888026424274598,0.19897660476157358
68958090,4675,H,H,0.7753566976306298,0.15989313625859147,0.06475016611077865
68958092,4629,D,H,0.5660234145109191,0.23815192255107073,0.19582466293801015
68958094,4675,D,H,0.3886460256962905,0.23722543578730682,0.3741285385164026
68958095,4629,H,H,0.4268707668253813,0.2510847921571389,0.32204444101747987
68958096,4629,D,H,0.3605176849476091,0.29002259776305117,0.3494597172893396
68958097,4629,H,A,0.26603996916750533,0.2286361428677698,0.505323887964725
68958098,4630,H,H,0.6547265204244821,0.18885268738888136,0.15642079218663654
68958099,4630,D,H,0.5998251763329365,0.24281994683384697,0.15735487683321647
68958102,4630,A,H,0.4956606500960659,0.2616181337284467,0.2427212161754873
68958104,4724,H,A,0.195409107627701,0.2933203417971477,0.5112705505751514
68958111,4629,H,H,0.36193807908453934,0.2801770078324707,0.35788491308299003
68958113,4634,D,A,0.31825387101405833,0.30288022988761276,0.37886589909832896
68958114,4724,H,H,0.63343236396096,0.2032181449989349,0.16334949104010518
68958120,4675,H,H,0.8240135048531759,0.12297924108278042,0.05300725406404361
68958122,4634,D,H,0.34378707557952365,0.31437313006597906,0.34183979435449724
68958123,4630,D,A,0.15047276756351285,0.22434141492120593,0.6251858175152812
68958125,4724,A,H,0.5204851015671497,0.2560598899669598,0.22345500846589048
68958132,4634,A,H,0.4050705570137925,0.24963743554959636,0.34529200743661115
68958144,4630,H,H,0.8204151647138034,0.12193224401779142,0.05765259126840513
68958145,4630,H,H,0.43805805828168715,0.3025297312907689,0.25941221042754403
68958146,4675,A,H,0.72808085788832,0.16356576693232483,0.10835337517935514
68958147,4675,H,H,0.41655603151591225,0.3062199864558637,0.277223982028224
68958148,4675,H,H,0.40787540295268676,0.28429984643472905,0.30782475061258424
68958149,4675,H,H,0.5287894265675741,0.27616762256237853,0.19504295087004736
68958150,4675,H,H,0.8022965883247899,0.14377884397576762,0.053924567699442476
68958151,4724,D,A,0.31425505504171874,0.29991748938635143,0.3858274555719298
68958153,4634,A,D,0.27318938726341396,0.3923550960093885,0.3344555167271976
68958154,4630,A,H,0.4562684895997894,0.20500585569459834,0.3387256547056123
68958160,4629,A,A,0.30342004744569545,0.264649452614383,0.43193049993992155
68958161,4634,H,H,0.6810675668016167,0.21925213111768604,0.09968030208069727
68958162,4630,A,A,0.19422369199812825,0.20634569452459708,0.5994306134772747
68958163,4724,H,H,0.5368103271699656,0.26996200412767324,0.19322766870236116
68958166,4675,D,H,0.4529434136416463,0.31769531401821083,0.22936127234014275
68958211,4629,H,H,0.5016115069193422,0.25035373755823787,0.24803475552241988
68958214,4724,D,H,0.566085750482252,0.2448763383093025,0.18903791120844554
68958217,4629,A,A,0.2478044438991653,0.21539065031986537,0.5368049057809693
68958221,4634,H,H,0.44529913792321696,0.2995258086879109,0.25517505338887203
68958225,4629,H,H,0.5840693799018131,0.24124735728295232,0.17468326281523452
68958236,4630,A,A,0.2444450833820501,0.21446941665893007,0.5410854999590198
68958237,4634,D,A,0.34428368362796846,0.2882985976972004,0.36741771867483114
68958241,4630,H,H,0.7123323247899409,0.18823412575481258,0.0994335494552465
69438797,4634,A,H,0.347767518183387,0.3376452224172913,0.31458725939932164
69438798,4724,H,A,0.3066063998572928,0.27272381105232374,0.4206697890903835
69438799,4724,A,A,0.15223636612827163,0.2627855881219029,0.5849780457498254
70476178,4724,H,H,0.43572557348936575,0.2752686724168018,0.2890057540938324
71292545,4630,H,A,0.17024201205008002,0.21281922801450875,0.6169387599354113
71292546,4630,H,A,0.3733704434935437,0.19330372104291416,0.4333258354635421
71292547,4630,H,A,0.17145329735858975,0.343075719367754,0.4854709832736561
71292548,4630,H,H,0.8314940467750576,0.11087015737376711,0.057635795851175294
71292549,4630,D,A,0.27027958091339405,0.22413833056653934,0.5055820885200665
71292550,4630,A,A,0.27382385661297004,0.3061488880315581,0.4200272553554718
71292551,4630,H,H,0.5063328957349666,0.20860175894590802,0.2850653453191253
71292552,4630,A,H,0.4036484511205723,0.27609012426876406,0.3202614246106637
71292591,4630,D,A,0.11545096502518701,0.1863863664071291,0.6981626685676838
71859274,4630,A,H,0.6522955491670193,0.18202672021102057,0.16567773062196012
71859275,4724,H,H,0.38196744752945194,0.2899702853311918,0.32806226713935627
71859276,4724,H,H,0.5932056249338816,0.28110402858426253,0.1256903464818558
71859277,4634,D,H,0.6358235267040013,0.22261385541311846,0.1415626178828802
71859278,4724,A,H,0.3876626302598954,0.2601682023195465,0.3521691674205581
71859279,4629,H,H,0.5216128849478263,0.21364334175996177,0.26474377329221194
71859280,4634,A,A,0.31549236243144996,0.2713780308896154,0.4131296066789347
71859281,4724,H,H,0.5971489217470647,0.21220890472253925,0.1906421735303961
71859282,4675,H,A,0.14634549112868636,0.23661471040261003,0.6170397984687035
71859283,4629,H,H,0.5945600884793929,0.22131505657856798,0.18412485494203912
71859284,4634,H,H,0.5239705929687191,0.2861830598032445,0.18984634722803648
71859285,4675,D,H,0.49957569060320484,0.26462057665201694,0.2358037327447781
71859286,4724,H,A,0.23898838974925002,0.33995679633421283,0.4210548139165371
71859287,4629,A,A,0.313423950336657,0.3062644972355654,0.3803115524277775
71859288,4629,D,H,0.43944208227860176,0.2935483836889058,0.26700953403249233
71859289,4724,A,A,0.32957733241827875,0.2792382503138988,0.39118441726782255
71859291,4629,D,A,0.35497171376353814,0.26629589933973513,0.3787323868967266
71859292,4634,A,H,0.395492675893186,0.25106390859747507,0.35344341550933883
71859293,4724,A,H,0.6514799380716675,0.21947949562930436,0.12904056629902821
71859294,4675,A,A,0.17484350135167126,0.1925030556639062,0.6326534429844226
71859295,4634,D,A,0.29319165626083854,0.30702994178623105,0.39977840195293046
71859296,4724,A,A,0.27611218776464536,0.1995171634751973,0.5243706487601575
71859297,4629,D,H,0.345604813081557,0.33420804508050583,0.3201871418379371
71859298,4634,H,H,0.45175243998797426,0.30483024936033015,0.24341731065169556
71859299,4675,A,A,0.261221362366377,0.24553744295535745,0.49324119467826566
71859300,4675,D,A,0.2683392893145485,0.33234565499417396,0.3993150556912776
71859301,4675,H,A,0.07656592356739655,0.1957877373127975,0.727646339119806
71859302,4675,D,H,0.4075014389777385,0.3008245471671096,0.29167401385515196
71859303,4675,A,A,0.3236880604993396,0.2770551577343706,0.3992567817662898
71859304,4724,A,A,0.1301280695152676,0.23912357439155593,0.6307483560931766
71859305,4634,A,A,0.21662886933897357,0.2720991790579404,0.5112719516030861
71859306,4629,H,H,0.5852822163710247,0.21390679896582723,0.20081098466314798
71859307,4634,H,A,0.18860029304164017,0.25494922829157535,0.5564504786667845
71859308,4675,A,D,0.37948767097067904,0.3930955203426661,0.22741680868665493
71859327,4634,H,H,0.48996347336231727,0.27085744452911764,0.239179082108565
72188901,4629,A,H,0.43081079134576417,0.2599329290231115,0.3092562796311244
72188905,4634,H,H,0.5407720517125097,0.27464381236911684,0.18458413591837342
72188906,4629,D,A,0.34238083308028183,0.2892449338396048,0.3683742330801133
73953296,4630,D,A,0.1906492972147097,0.16987914584391944,0.6394715569413709
73953297,4630,H,H,0.4421884842497876,0.26030308027292987,0.29750843547728256
73953298,4630,H,H,0.5958069290580209,0.18648646626049778,0.21770660468148126
73953299,4630,D,H,0.7222952806019668,0.18939833111542528,0.08830638828260799
73953300,4630,H,H,0.6956353185522095,0.17187268390552146,0.132491997542269
73953303,4630,H,A,0.08664761731985617,0.21577904609585688,0.6975733365842869
73953310,4630,A,H,0.4511599664842646,0.257834639921479,0.2910053935942564
73953311,4630,H,A,0.24010382644065448,0.2343623172263314,0.5255338563330141
73953369,4630,H,H,0.5090798837925187,0.26608038113034826,0.22483973507713306
73953370,4630,H,H,0.8152370688818036,0.1287986165596214,0.05596431455857499
74415076,4634,H,H,0.6851090992208564,0.20434243919857314,0.11054846158057048
74415077,4724,H,H,0.7171537961017979,0.1612847983141542,0.12156140558404802
74415078,4629,H,H,0.41640283627965463,0.23906030584200566,0.3445368578783396
74415079,4675,H,H,0.7507193078819185,0.1585422346919778,0.09073845742610362
74415080,4634,D,H,0.44558642280954786,0.2853597197607239,0.2690538574297282
74415081,4724,D,A,0.3346319652637016,0.2763001743620034,0.3890678603742951
74415082,4675,D,A,0.3485465667740098,0.27088703316595014,0.3805664000600401
74415083,4629,A,H,0.5530943277465095,0.26021615093484546,0.18668952131864508
74415084,4634,H,H,0.7194103348632226,0.19327295204647954,0.08731671309029788
74415085,4675,H,H,0.8572667698808848,0.10572644572143917,0.03700678439767605
74415086,4724,D,A,0.20915624572400235,0.240809693196961,0.5500340610790367
74415087,4724,H,H,0.4482667912154119,0.2652812874832264,0.2864519213013617
74415088,4629,H,A,0.36475412780347355,0.2639428999992718,0.37130297219725467
74415089,4629,H,H,0.37806770367732234,0.2679200805683173,0.35401221575436037
74415090,4629,D,H,0.5567787057905313,0.23077528950574736,0.21244600470372121
74415091,4634,D,H,0.5384360968564917,0.254331973036815,0.2072319301066933
74415092,4629,D,H,0.5181932460520324,0.2527485658658729,0.2290581880820947
74415093,4724,A,H,0.7436446358834048,0.18525120446396207,0.07110415965263318
74415097,4629,D,A,0.2841043233298937,0.24256485895068067,0.47333081771942564
74415098,4634,H,H,0.6242424116557116,0.21833568997643646,0.15742189836785203
74415099,4724,D,H,0.5238732687338904,0.2492214288172967,0.22690530244881285
74415100,4675,D,H,0.4869082729540986,0.319520778121917,0.19357094892398435
74415101,4634,D,H,0.3965892242894075,0.33493052873849183,0.26848024697210066
74415102,4634,D,A,0.3131002092366642,0.34122212299227933,0.34567766777105646
74415103,4724,H,H,0.7295858811788551,0.182965413036718,0.08744870578442679
74415104,4629,A,A,0.28580060166227594,0.22912913660998052,0.4850702617277436
74415105,4634,A,A,0.1847620378984419,0.30654530312286443,0.5086926589786936
74415106,4675,D,D,0.34945402844227136,0.40566107597320405,0.24488489558452461
74415107,4675,H,H,0.6524975806130876,0.18571825055306396,0.16178416883384852
74415108,4675,D,H,0.37701041728807366,0.27041357794050347,0.35257600477142287
74415109,4675,H,H,0.8917225966776771,0.08018337393945353,0.028094029382869375
74415110,4724,D,A,0.2609275630647152,0.25307687396376155,0.4859955629715232
74415111,4634,A,A,0.20555942081965098,0.26123301603084115,0.5332075631495078
74415118,4629,D,A,0.3431114065656992,0.2619475693870407,0.39494102404726017
74415119,4634,H,H,0.6474440694764535,0.22418372463165537,0.12837220589189105
74415120,4724,H,H,0.5067362654673194,0.25059721701123006,0.24266651752145063
74415121,4675,H,H,0.4074058065796185,0.29277228686400847,0.29982190655637303
74415122,4724,D,H,0.6170053599513675,0.23523723794300885,0.14775740210562363
78218351,4629,H,H,0.5982990054391097,0.18787993486863577,0.21382105969225448
78218352,4634,H,H,0.4364541860819557,0.31300366970675353,0.25054214421129073
78218353,4675,A,A,0.037054652094476545,0.12770710157891532,0.8352382463266081
78483704,4629,D,A,0.34176540657604976,0.26143967659185724,0.39679491683209306
78483708,4675,A,A,0.3018998521272241,0.22647556138445543,0.4716245864883204
78483709,4634,H,H,0.6608159179211701,0.2242333152599904,0.11495076681883942
78483710,4724,A,H,0.40266199971063155,0.21670133763116817,0.3806366626582004
78483711,4629,A,A,0.3238834774844838,0.3001167978434925,0.3759997246720237
78483716,4634,D,H,0.49428731315238794,0.294124574941925,0.2115881119056871
78483717,4630,A,H,0.37155691740098074,0.33750503391599596,0.2909380486830233
78483718,4630,A,A,0.2764955846895758,0.23827328447754115,0.4852311308328831
78483719,4630,H,H,0.5533276796525003,0.1962696355265107,0.250402684820989
78483720,4630,A,A,0.19027646491163827,0.25294063263889116,0.5567829024494705
78483721,4675,A,A,0.1527348035241972,0.19853671106695558,0.6487284854088473
78483722,4675,H,A,0.13993543220720717,0.2189811755521126,0.6410833922406802
78483723,4675,D,H,0.5242184439303975,0.30116161040174294,0.17461994566785946
78483724,4675,D,A,0.23853641236278925,0.35470922825726053,0.4067543593799502
78483725,4675,H,H,0.4864130988425466,0.27963349401496845,0.2339534071424849
78483726,4724,H,A,0.2009485529154845,0.3205086600775106,0.47854278700700487
78483727,4634,D,A,0.2602702484783571,0.2562833971963753,0.4834463543252677
78483728,4630,D,H,0.44473786274713173,0.19346339541875338,0.36179874183411487
78483732,4724,H,H,0.4251106214950741,0.24783135291795141,0.32705802558697444
78483733,4634,H,H,0.7417613126597672,0.17382243288993435,0.08441625445029832
78483734,4630,A,A,0.24912161740794356,0.21118064910419465,0.5396977334878618
78483753,4630,H,A,0.346185099131205,0.23609053203925046,0.4177243688295446
79034384,4724,D,A,0.3133651273233,0.22301282215186527,0.4636220505248346
79034385,4629,A,A,0.22682240648901078,0.28914135736428503,0.4840362361467041
79034387,4634,A,A,0.15342845891832832,0.23124404414710903,0.6153274969345627
79034388,4724,H,H,0.6511553551744828,0.21946091744230597,0.12938372738321122
79034389,4675,D,H,0.623923703171606,0.26096307278922526,0.11511322403916868
79034390,4630,A,H,0.46958512123783885,0.25726409648374304,0.2731507822784181
79034392,4634,H,H,0.5318494417072677,0.25983478824296613,0.2083157700497662
79034395,4724,H,H,0.4291871622004413,0.2887063738280745,0.28210646397148437
79034396,4724,A,A,0.2389832491030493,0.3148255284276844,0.4461912224692662
79034397,4629,A,H,0.430633558235613,0.2542661041849389,0.31510033757944816
79034398,4629,D,H,0.40701513312166776,0.291052745126967,0.3019321217513652
79034399,4629,A,H,0.41453048655052044,0.30059295471961295,0.2848765587298666
79034400,4630,A,H,0.38800601288451303,0.22479105724019502,0.38720292987529187
79034404,4634,H,H,0.43559598301717,0.3023968381101923,0.2620071788726377
79034405,4629,H,H,0.5994588784342201,0.20954943121427597,0.190991690351504
79034406,4724,D,A,0.22787005572714733,0.31455938399770317,0.45757056027514953
79034419,4629,H,H,0.3884556297922254,0.25498044308031514,0.35656392712745943
79034420,4675,D,H,0.48802300788300357,0.3267157008850727,0.18526129123192378
79034430,4634,H,H,0.4818588264487736,0.2901400930834733,0.22800108046775316
79566591,4634,D,H,0.5534226288744776,0.2471191332152728,0.19945823791024955
79566592,4630,H,A,0.32532115888922347,0.28309938407525476,0.39157945703552166
79566593,4724,H,H,0.5024188676141612,0.2556003236608682,0.24198080872497055
79566624,4724,D,A,0.2845863887284748,0.28710707043823375,0.42830654083329156
80501659,4634,H,H,0.41738844121276975,0.296500322903135,0.2861112358840953
80501660,4724,A,A,0.3236423139422714,0.24330998097586096,0.4330477050818676
80501661,4675,A,H,0.45097123384370075,0.34546051316192555,0.20356825299437373
80501664,4629,H,H,0.48053625703384806,0.27727963776200115,0.2421841052041507
80798817,4634,H,H,0.7807850766066056,0.15394864640761288,0.06526627698578152
80798819,4675,H,H,0.7281972068061112,0.17215394583510377,0.09964884735878504
80798823,4629,H,A,0.2764076323994306,0.27007099522538414,0.45352137237518525
80798836,4634,D,A,0.24065520808351173,0.30714604245314564,0.4521987494633426
80798837,4630,H,H,0.6850142878855714,0.17525625961477942,0.13972945249964921
80798838,4724,H,H,0.4985578265681716,0.24240350858504342,0.259038664846785
80798846,4675,H,H,0.7275161251068201,0.17782765821391613,0.09465621667926372
80798847,4630,A,H,0.39509894376244453,0.2732973968478085,0.33160365938974695
80798848,4724,H,H,0.558360296250143,0.2652472402305796,0.1763924635192774
80798852,4629,H,H,0.5979797062944032,0.24092099950364812,0.16109929420194866
80798859,4634,H,H,0.5321651819152499,0.26710849316211255,0.20072632492263767
80798873,4630,H,H,0.4241008357679392,0.3146387174761941,0.26126044675586674
80798874,4630,H,H,0.5469057546225113,0.25787311839743704,0.19522112698005167
80798875,4630,H,H,0.699001560383433,0.1634759056154677,0.13752253400109937
80798876,4675,H,H,0.36867063501487835,0.29059825497485076,0.34073111001027084
80798877,4675,H,H,0.370094726641042,0.27521564831589135,0.3546896250430667
80798878,4675,H,H,0.859468619835334,0.10916207758281105,0.03136930258185499
80798880,4724,D,H,0.5845773956493251,0.25992437150228587,0.15549823284838904
80798886,4634,H,H,0.6555484269878158,0.22224914587954522,0.12220242713263907
81259723,4675,D,H,0.7521744178261516,0.13840340395967188,0.1094221782141765
81259725,4634,H,H,0.43003802653495005,0.23802282267486605,0.3319391507901839
81259726,4724,A,A,0.34087314612964564,0.21814894113423972,0.4409779127361146
81259727,4629,H,H,0.4068984175337676,0.2364795654457277,0.3566220170205047
81259728,4675,H,H,0.3633400624797225,0.2745324583567956,0.362127479163482
81259731,4634,D,H,0.4717615799063003,0.2794373682654891,0.24880105182821066
81259732,4724,A,A,0.2522052665377505,0.2737139614878958,0.47408077197435383
81259735,4630,D,H,0.5588775830416122,0.17116618530395558,0.2699562316544324
81259736,4629,H,H,0.5537112779381509,0.2503473321398909,0.19594138992195823
81259744,4634,D,A,0.23561601553211328,0.3473562699900355,0.4170277144778512
81259746,4675,A,H,0.3973843461904821,0.3067329279200141,0.29588272588950376
81259750,4724,D,H,0.4444243347538377,0.27872635753977854,0.2768493077063838
81259751,4724,H,H,0.6533060972854098,0.22270689330195864,0.12398700941263158
81259752,4629,H,H,0.4899474684096552,0.27976217965618555,0.23029035193415928
81259753,4629,H,H,0.5488999182592034,0.2346581778595728,0.21644190388122383
81259754,4629,D,H,0.4627387981702695,0.2561504445958786,0.2811107572338519
81259756,4630,D,H,0.49829563086419043,0.23349437731492645,0.26820999182088306
81259757,4630,H,H,0.7474834903442383,0.14728112149943476,0.10523538815632696
81259758,4630,H,A,0.2951279535799628,0.24106419340563306,0.4638078530144041
81259759,4630,D,A,0.1473713649858108,0.24270960682457993,0.6099190281896093
81259769,4634,D,H,0.4931160196065084,0.28023159482786897,0.22665238556562267
81259773,4629,A,A,0.15715810392142798,0.19411038573376582,0.6487315103448061
81259775,4724,D,A,0.3055265960802582,0.27558119788058816,0.41889220603915384
81727361,4634,D,H,0.4722189206162543,0.291506926306535,0.2362741530772106
81727362,4724,H,A,0.26136433354617256,0.26278022200329976,0.4758554444505278
83382237,4675,D,H,0.40080644672778704,0.3632586646113836,0.23593488866082937
83382238,4675,D,A,0.36419742375190606,0.20938602403491452,0.42641655221317937
83382239,4675,A,A,0.3177260145815686,0.22939688037927305,0.45287710503915835
83382240,4675,H,H,0.5349258285038757,0.2899432590190928,0.17513091247703155
83382241,4675,H,H,0.3446377478935158,0.335903504951612,0.31945874715487216
83382242,4675,A,H,0.4028316871108448,0.31324230590014646,0.2839260069890088
83382243,4675,H,A,0.11032331704039149,0.1533263130449351,0.7363503699146734
83382244,4675,H,A,0.21884324869486146,0.34795632529331305,0.4332004260118254
83382245,4675,H,H,0.5727827070070479,0.2812178817736608,0.1459994112192913
83450120,4634,A,H,0.41338255929658896,0.2636975945457274,0.32291984615768365
83450121,4724,D,H,0.4635708299783149,0.2497043614357293,0.2867248085859558
83450122,4629,A,A,0.3540146374626413,0.2756385864383305,0.37034677609902816
83450123,4634,D,H,0.37738761318945685,0.30754679950073405,0.3150655873098091
83450124,4724,A,A,0.1974755935882459,0.2840648695237552,0.5184595368879991
83450125,4629,H,A,0.30635232363543946,0.2827367821109868,0.41091089425357363
83450127,4724,H,H,0.45650132728260834,0.26955317241123605,0.27394550030615566
83450128,4629,A,A,0.2777292717473071,0.272941540865934,0.449329187386759
83450129,4629,D,A,0.2155788489130803,0.2740522621533304,0.5103688889335892
83450130,4629,H,H,0.365121076405556,0.28633229330709276,0.3485466302873513
83450131,4634,H,H,0.778292716361712,0.16520347642516273,0.05650380721312524
83450132,4629,H,H,0.537990315507929,0.22641474759485114,0.23559493689721997
83450133,4724,D,H,0.40457086117710656,0.31674406368280744,0.2786850751400861
83450134,4629,H,H,0.7255711752453358,0.16438163007928522,0.11004719467537902
83450135,4634,H,H,0.3989551106942435,0.2862341251059137,0.3148107641998428
83450136,4724,H,H,0.7747632089213178,0.15232005621405986,0.07291673486462232
83450137,4634,A,A,0.26792422644977054,0.30156137656308196,0.43051439698714755
83450138,4724,H,A,0.321072247624079,0.2578501523155463,0.4210776000603747
83450139,4629,A,A,0.3072389977903265,0.24317628416745057,0.4495847180422229
83450140,4634,D,A,0.2677435666386424,0.24312158069583337,0.4891348526655242
83450141,4724,D,A,0.25732138515712294,0.2931876526056018,0.4494909622372753
83450142,4634,A,H,0.3842439358695401,0.3082118375885452,0.30754422654191466
83450143,4629,D,A,0.30664451109711394,0.3038384479436776,0.38951704095920847
83450144,4634,H,H,0.5249756050171431,0.26037162937931485,0.21465276560354202
83450145,4724,H,H,0.4456322564952093,0.2426786276323843,0.31168911587240633
83450146,4630,A,H,0.4882092465758036,0.2353929440061047,0.2763978094180917
83450147,4630,H,A,0.19903870806941992,0.20487923962237453,0.5960820523082057
83450148,4630,H,H,0.4060795723346912,0.2234057631968932,0.37051466446841563
83450149,4630,H,A,0.379303965090985,0.19053018445672362,0.4301658504522912
83450150,4630,A,H,0.48424688616145856,0.28373537166143775,0.23201774217710372
83450151,4630,A,A,0.06111774354376656,0.20106595633647914,0.7378163001197543
83450152,4630,H,H,0.38892344110352695,0.24656805563447526,0.3645085032619978
83450153,4630,H,H,0.46961571057612783,0.24266387761267372,0.28772041181119834
83450154,4630,A,A,0.14943168138831708,0.19379480102791727,0.6567735175837657
83450155,4630,H,H,0.5029936275417247,0.2738455592805156,0.22316081317775965
83855525,4634,D,H,0.4646374399486229,0.302860032917974,0.23250252713340322
83855526,4724,H,A,0.29619618491378885,0.32303948121899556,0.3807643338672157
83855528,4724,D,A,0.26354855643431524,0.2861980336499299,0.45025340991575485
84969967,4630,A,A,0.15218188638508864,0.1929224424231942,0.6548956711917171
84970504,4630,D,H,0.6010337006627805,0.25061569753568386,0.14835060180153567
84970510,4630,A,H,0.562377631907574,0.2483194750411494,0.1893028930512767
84970512,4630,H,A,0.1488723613508994,0.2767236513378883,0.5744039873112122
84970516,4630,D,H,0.5708731929238847,0.21533505194758132,0.21379175512853402
84971007,4630,H,H,0.45247603121206686,0.18567211846168136,0.3618518503262518
85359967,4630,H,H,0.41566068833187364,0.2235364887097685,0.36080282295835797
85359968,4630,H,A,0.3600782294340384,0.2590021826002414,0.3809195879657203
85359969,4630,A,A,0.13539102249331422,0.17855486469451334,0.6860541128121725
85360261,4630,H,A,0.3041666592341189,0.21068093562533738,0.48515240514054364
85402270,4675,H,H,0.605611629160353,0.2094915669532568,0.18489680388639015
85402271,4675,A,H,0.39320438705282035,0.2997332997909553,0.30706231315622423
85402272,4675,D,H,0.38413327045354945,0.23593331835105685,0.3799334111953937
85402273,4675,H,H,0.49278099879654896,0.3076974389692379,0.1995215622342132
85402274,4675,A,H,0.441294496283886,0.29884870721226436,0.2598567965038495
85402275,4675,D,H,0.4736640787179606,0.29368148981731923,0.23265443146472
85402278,4675,H,H,0.6636937881201934,0.16460549641699468,0.1717007154628119
85402295,4675,H,H,0.6833131594562525,0.1614389301371713,0.15524791040657626
85402299,4675,H,H,0.5032124615835585,0.30915683367433877,0.1876307047421028
85459650,4629,D,A,0.21760505920671466,0.2010948290699753,0.58130011172331
85459651,4634,D,H,0.5793084141770102,0.2565055202989088,0.164186065524081
85459652,4634,D,A,0.2998452565184537,0.28586483217408776,0.41428991130745857
85459653,4724,H,H,0.4579384677391283,0.3181727258497308,0.223888806411141
85459654,4724,H,H,0.6592105846262549,0.21294085919789113,0.12784855617585392
85459655,4629,A,H,0.37065822705486456,0.2749479901754664,0.35439378276966904
85459656,4629,H,H,0.5097460124421023,0.22249402062077497,0.2677599669371227
85459657,4634,A,H,0.5146875049184325,0.2661567091981308,0.2191557858834367
85459658,4629,H,A,0.2507971075772793,0.2584044888080596,0.4907984036146612
85459659,4634,H,A,0.3404440555979018,0.2541914497707816,0.4053644946313166
85459660,4634,H,H,0.7572334168946198,0.15513798213000185,0.0876286009753784
85459661,4724,A,A,0.16470056985615908,0.1832613163290818,0.6520381138147592
85459662,4724,H,H,0.38541762590846096,0.26054361029535605,0.35403876379618304
85459663,4629,H,H,0.5977422658117474,0.24301927944771662,0.15923845474053594
85459664,4634,D,H,0.5158851655869718,0.26778501867887483,0.21632981573415336
85459665,4724,D,A,0.3267525062792713,0.3155546850706133,0.3576928086501154
85459666,4724,H,H,0.5980964687239023,0.2267774807429921,0.17512605053310568
85459667,4629,A,A,0.3350420693339929,0.28087760889287094,0.3840803217731361
85459668,4629,A,H,0.38247587487274337,0.3087388464472505,0.30878527868000605
85459669,4629,D,H,0.3767139530564918,0.2525568135461927,0.37072923339731556
85459670,4634,D,H,0.34196796371984417,0.3372113986992093,0.3208206375809466
85459671,4724,H,H,0.4681343472561486,0.2579163946565793,0.2739492580872721
85459672,4724,H,H,0.37223484710566607,0.29774850798623814,0.3300166449080958
85459673,4634,H,H,0.45250865354480196,0.3201546845747787,0.22733666188041926
85459674,4629,A,H,0.6362091932070439,0.23474004254986203,0.12905076424309414
85459675,4634,H,H,0.3842544818646076,0.30594255400108206,0.3098029641343103
85459676,4724,D,A,0.25271490425970244,0.25232132082725545,0.494963774913042
85823939,4724,H,H,0.634091606940292,0.2401069921116757,0.12580140094803235
86067470,4634,H,H,0.6513411305855634,0.23419830690422386,0.11446056251021282
86506310,4630,D,H,0.6502679714390079,0.1971216052273394,0.15261042333365263
86506312,4630,H,H,0.40324807033417154,0.29060306553050386,0.30614886413532466
86506313,4630,A,A,0.3013790415298905,0.2256977633947998,0.47292319507530983
86506314,4630,H,H,0.6203350403399533,0.18297160384594496,0.19669335581410163
86506316,4630,H,H,0.5216504389018668,0.23431399743694173,0.24403556366119142
86506317,4630,D,H,0.6773408847159417,0.16954063754751947,0.15311847773653886
86506318,4630,H,H,0.6653944878508464,0.23054143529246235,0.10406407685669124
86506320,4630,A,A,0.18863103349713817,0.21154769636263523,0.5998212701402266
86506322,4630,A,A,0.27027010614778035,0.2737181017686176,0.4560117920836021
86853538,4630,D,A,0.3258296244086181,0.2470560453746876,0.4271143302166944
87198544,4630,D,H,0.47427789805922926,0.19093175365042536,0.33479034829034543
87198545,4630,H,H,0.4609945819607904,0.24959316807667145,0.2894122499625383
87198546,4630,A,A,0.33140887438546646,0.3312704060114433,0.3373207196030902
87198547,4630,H,A,0.1949336078611191,0.20859862946665067,0.5964677626722302
87198548,4630,A,H,0.5481149179458072,0.26317973852336085,0.18870534353083201
87198549,4630,H,H,0.4197271601550049,0.2770534251101935,0.3032194147348016
87198550,4630,D,H,0.8038442217738692,0.14709416297039712,0.049061615255733736
87198551,4675,H,H,0.39553593162993245,0.3206785164694633,0.2837855519006043
87198552,4675,H,H,0.6029005107135622,0.24473862470954083,0.152360864576897
87198553,4675,A,A,0.12116349585197446,0.17877290701407594,0.7000635971339495
87198554,4675,H,H,0.5107928354479854,0.24995002834891228,0.23925713620310238
87198555,4675,H,H,0.7885231013586537,0.15198215595964348,0.05949474268170289
87198556,4675,H,D,0.36645100395587654,0.3759824027744402,0.2575665932696833
87198557,4634,A,H,0.3762053609636464,0.29447084005966245,0.3293237989766912
87198558,4634,D,H,0.6009028508865538,0.24384221610675133,0.15525493300669488
87198559,4675,D,H,0.5970830968934923,0.2748984769701827,0.12801842613632503
87198560,4675,D,H,0.6168630517405292,0.2527797601877934,0.13035718807167732
87198561,4634,A,H,0.44386619581169745,0.270758950715458,0.2853748534728446
87198562,4675,D,A,0.22680232341306314,0.23401431355191094,0.539183363035026
87198564,4630,H,A,0.37059561377397116,0.2216977541330198,0.407706632093009
87247092,4724,A,A,0.34103734412285713,0.28000367497998285,0.37895898089716
87247093,4629,H,H,0.7661767168444968,0.15369828424143628,0.08012499891406676
87247094,4724,A,H,0.3552372832168268,0.31287585478970503,0.3318868619934682
87247095,4629,H,A,0.24637734614920856,0.28143138585750993,0.47219126799328154
87247096,4634,H,H,0.6413334205796376,0.260069096818329,0.09859748260203345
87247097,4724,H,H,0.4334074528138565,0.2252123405973666,0.3413802065887768
87247098,4724,H,H,0.7673518329349445,0.14521024421890572,0.08743792284614976
87247099,4724,H,H,0.37343313387778876,0.300479443989557,0.32608742213265424
87247100,4724,D,H,0.5067375719405243,0.2598536179892181,0.23340881007025763
87247101,4724,H,H,0.46649051964001115,0.2223363723489577,0.3111731080110312
87247102,4724,A,A,0.24444528217134,0.26474549344558906,0.490809224383071
87247103,4724,D,A,0.13104056761503213,0.27863077165785793,0.5903286607271099
87247104,4724,A,A,0.25705602628437635,0.2938361361285944,0.44910783758702927
87247105,4634,A,A,0.140512117151417,0.22644679533701695,0.6330410875115661
87247106,4634,H,H,0.43113327934557816,0.3056208486938197,0.2632458719606022
87247107,4634,D,A,0.22815025360999702,0.3061862487844059,0.4656634976055972
87247108,4634,D,A,0.2822696654953077,0.24599563534865868,0.47173469915603355
87247109,4634,H,H,0.41378117129100805,0.3433943655019433,0.24282446320704865
87247110,4634,H,H,0.5295170821339584,0.25910681557450593,0.21137610229153564
87247111,4629,H,H,0.5604146686528043,0.23673134839299817,0.20285398295419746
87247112,4629,D,A,0.33802247999470936,0.2818296490571038,0.3801478709481869
87247113,4629,H,H,0.39451668518413974,0.2843208486467491,0.32116246616911115
87247114,4629,H,H,0.38636317404917686,0.2764158359296879,0.33722099002113526
87247115,4629,H,H,0.39030251489883677,0.29859416456882193,0.31110332053234135
87247116,4629,A,A,0.2430023831703111,0.2402113467119208,0.5167862701177681
87505929,4634,D,A,0.19705855537163372,0.2812912937000117,0.5216501509283545
87546521,4629,A,A,0.31099023656693114,0.27652479074156655,0.41248497269150225
88204418,4630,H,H,0.7295025436860878,0.1572465747664131,0.11325088154749907
88697568,4630,A,H,0.6133867191170164,0.19957869159775263,0.18703458928523098
88697569,4630,H,A,0.3298947455152543,0.23391736420838047,0.4361878902763652
88697570,4630,A,A,0.2784914305711755,0.19162071442797352,0.529887855000851
88697571,4630,H,H,0.5721874835749247,0.22063918167301427,0.20717333475206112
88697572,4630,A,H,0.5057480667195949,0.23282738095868707,0.26142455232171796
88697573,4630,H,A,0.22760204625110728,0.2297343819367022,0.5426635718121906
88697574,4630,A,A,0.1498502386941442,0.19268015229799787,0.6574696090078579
88697576,4630,A,A,0.31492508642988915,0.32245579722315465,0.3626191163469561
88697577,4630,H,H,0.40966684387663954,0.26311479452352365,0.3272183615998368
88697578,4630,A,H,0.7063979710740375,0.16681855309494653,0.12678347583101612
88969409,4724,H,H,0.41840725683962887,0.2566045820092417,0.32498816115112933
88969410,4724,H,H,0.5623322516260667,0.24151120655330577,0.19615654182062753
88969411,4724,A,H,0.5075336430460318,0.29291881717725704,0.1995475397767113
88969412,4724,H,A,0.21049812990910197,0.28191418221698106,0.5075876878739171
88969413,4724,D,H,0.4742497491561363,0.303070732228799,0.22267951861506458
88969414,4724,H,H,0.5446465290304983,0.24693311393922499,0.20842035703027675
88969415,4724,H,H,0.46906148623895266,0.26012224378606685,0.2708162699749806
88969416,4724,D,A,0.1013503463410261,0.17212184865502225,0.7265278050039515
88969417,4724,D,H,0.506626221041908,0.2490537605093067,0.2443200184487853
88969418,4724,H,H,0.4984276209627467,0.2609264102753948,0.2406459687618586
89117066,4634,H,H,0.520607121749272,0.2759869149721728,0.2034059632785551
89117068,4634,D,H,0.6312267317555701,0.22816548562670935,0.14060778261772067
89117069,4634,A,H,0.5476373676716936,0.25945965293150824,0.19290297939679824
89260692,4634,H,H,0.5114901932543905,0.21850165056366683,0.2700081561819426
89260694,4634,H,H,0.7489459912052043,0.17717407950853917,0.0738799292862566
89260695,4634,H,A,0.34350031988611984,0.3114980052991267,0.3450016748147535
89260699,4634,H,D,0.34360117675707746,0.36229226324542413,0.2941065599974985
89404832,4634,A,A,0.36661613704726564,0.2531797033876837,0.3802041595650506
89404835,4634,A,A,0.2826215978933641,0.2805959508761124,0.4367824512305235
89404836,4634,H,H,0.5048520938465157,0.33598487871968685,0.1591630274337974
89587259,4630,A,A,0.3137830869500036,0.2422405285237054,0.443976384526291
89587322,4630,H,H,0.6860203499226172,0.2083296606610816,0.10564998941630124
89587323,4630,H,A,0.36960294764171797,0.23372221540767335,0.3966748369506086
89587324,4630,H,H,0.8104353920266892,0.14124557289919884,0.04831903507411189
89587325,4630,H,H,0.40460362632274816,0.26114931935813795,0.33424705431911383
89587614,4630,H,A,0.33571458743305177,0.28364056596540177,0.38064484660154646
89744205,4630,H,A,0.24802834497642628,0.19945323465843937,0.5525184203651343
89744206,4630,H,H,0.4709998025647714,0.2871426561999495,0.24185754123527917
89755839,4724,D,H,0.42735160961097196,0.24480367837175213,0.327844712017276
89755840,4724,A,A,0.15535251006700299,0.25760226862554164,0.5870452213074554
89755842,4724,A,A,0.29580380909325565,0.3105459322379285,0.3936502586688159
89755843,4724,H,A,0.3507312753280252,0.24239230996257452,0.40687641470940034
89755844,4724,A,A,0.21049473375681113,0.24566886760014678,0.5438363986430421
89755846,4724,H,A,0.30476111397680256,0.30273046307939694,0.39250842294380034
89755847,4724,D,H,0.4760156351294088,0.2863484514019277,0.23763591346866345
89755848,4724,A,H,0.395993245017583,0.26362280388453974,0.3403839510978773
89755849,4724,H,H,0.777003356788253,0.14557215093043435,0.07742449228131254
89755850,4724,D,H,0.48986730521312133,0.27823283144163996,0.23189986334523865
89755851,4630,D,H,0.4302537532791716,0.2523783018753765,0.31736794484545194
89755852,4630,H,H,0.6107664317106725,0.15240804958146706,0.2368255187078606
90150696,4629,D,H,0.5398290922955014,0.24788173849284081,0.2122891692116578
90150697,4634,A,H,0.5010242772522178,0.2809809252038967,0.21799479754388548
90150699,4675,H,H,0.7923041700266847,0.13125269384801555,0.07644313612529977
90229724,4675,D,H,0.480366989469517,0.25536801112916624,0.26426499940131676
90229731,4629,H,A,0.31059566865653143,0.25092028579706466,0.4384840455464039
90229735,4634,H,H,0.5831715476340363,0.2714821419911541,0.14534631037480955
90229746,4675,A,A,0.2131317194134671,0.2786482337082294,0.5082200468783035
90229749,4634,H,H,0.5169758476559799,0.2494276581715609,0.23359649417245917
90229750,4630,A,A,0.24845148347876306,0.20023949056748816,0.5513090259537488
90229752,4629,A,H,0.523077615116252,0.24471366092669605,0.23220872395705194
90229755,4634,D,H,0.4442666130400977,0.3220760672353321,0.23365731972457035
90229767,4675,A,A,0.12794083072393844,0.1866304379727021,0.6854287313033595
90229768,4675,D,H,0.3689111749848382,0.33790196806962974,0.29318685694553215
90229769,4675,D,H,0.5979291441721384,0.2650047498810219,0.1370661059468397
90229770,4675,A,H,0.6217499667695896,0.18439843857310892,0.19385159465730148
90229779,4634,H,H,0.5327973439136239,0.2593810694127571,0.20782158667361902
90229780,4630,H,H,0.5740850550733934,0.22129277931189154,0.20462216561471508
90352271,4630,D,A,0.31165308812608883,0.23055407217181662,0.4577928397020945
90352273,4724,A,A,0.16415556642124993,0.20361323164314485,0.6322312019356051
90352274,4724,H,H,0.539910654312674,0.27409561528435594,0.18599373040297
90352285,4724,D,A,0.3397847157715234,0.2882057865084444,0.37200949772003217
90352290,4724,H,H,0.46128907476019143,0.23414571321772268,0.30456521202208575
90352291,4629,A,A,0.1949630503704494,0.19670193361173102,0.6083350160178196
90352296,4724,D,H,0.5632203214874089,0.24114349112958905,0.195636187383002
90352297,4675,H,A,0.29054261825913175,0.25653958717039616,0.45291779457047215
90352298,4629,H,H,0.44593516527749394,0.29387903584552805,0.260185798876978
90352304,4634,A,A,0.32781431700556113,0.3059413459471776,0.3662443370472612
90352305,4675,D,H,0.40711988367837804,0.30376940700659977,0.2891107093150222
90352308,4724,H,H,0.5713353946253114,0.2751564074102673,0.1535081979644214
90352309,4724,H,A,0.31114970427480865,0.2656425616777024,0.42320773404748896
90352310,4629,H,H,0.5795454690645269,0.21902003942604198,0.20143449150943118
90352311,4629,A,H,0.42024055525540555,0.2680190448127418,0.31174039993185265
90352312,4629,A,H,0.476758661745213,0.268557561898823,0.254683776355964
90352313,4630,D,A,0.28575646488130607,0.22811122103476048,0.4861323140839335
90352317,4634,D,A,0.11890284776633071,0.23119972541077025,0.6498974268228991
90352318,4629,H,H,0.6109888441072199,0.21551269709922904,0.17349845879355114
90352320,4724,H,H,0.48363097375706027,0.26288689899380796,0.2534821272491317
90450275,4724,H,H,0.5511349023503931,0.23919886831145376,0.20966622933815315
90450277,4630,D,H,0.4013671206447255,0.26948473331314654,0.32914814604212794
90559695,4724,H,H,0.6018347520932823,0.23173794821449947,0.1664272996922183
92627898,4675,D,H,0.4426913637287493,0.30651043952983975,0.2507981967414111
92990950,4634,H,H,0.5052523850913548,0.2872425242464335,0.20750509066221168
94360868,4675,A,A,0.31527166550078417,0.20163076114132655,0.48309757335788917
94360869,4630,H,H,0.6205156525402943,0.19598453722277648,0.1834998102369292
94360874,4634,A,A,0.3034422454017931,0.28816179846066214,0.40839595613754465
94360880,4634,H,A,0.313179232605644,0.2785515715070612,0.4082691958872948
94360881,4630,H,H,0.45250307277325863,0.26650961629601727,0.2809873109307242
94360887,4634,A,A,0.20621688857519943,0.2557365832933577,0.5380465281314429
94360889,4675,D,A,0.20101535173876653,0.2740890775302922,0.5248955707309412
94360890,4675,D,H,0.496562412357703,0.2749443324921259,0.2284932551501711
94360891,4675,H,A,0.22887416278544845,0.2464757535515067,0.5246500836630448
94360892,4675,A,A,0.2505813786753584,0.26950522571818886,0.4799133956064528
94360893,4675,H,H,0.5075180578103233,0.24076419464993873,0.2517177475397379
94360897,4634,A,H,0.36932750442627904,0.28937719819569685,0.3412952973780241
94638448,4634,H,H,0.6828186163945562,0.1957318082692369,0.12144957533620684
94638450,4634,A,A,0.3525917559218431,0.25955496314270604,0.3878532809354509
94638453,4675,A,H,0.5410728982292562,0.2576228133663695,0.20130428840437423
94638454,4630,A,A,0.24978854626327568,0.202641759696747,0.5475696940399772
94638458,4634,H,H,0.7862900275280523,0.16863108034788116,0.04507889212406637
94638462,4675,A,H,0.8442565120571265,0.1141988839154425,0.04154460402743103
94638464,4630,D,A,0.16943837723608227,0.26574173765976056,0.5648198851041573
94638468,4634,H,H,0.4071443474042299,0.29842039921102964,0.29443525338474047
94678160,4724,A,A,0.2449931365442764,0.2439840806996079,0.5110227827561157
94678161,4724,A,A,0.2669311439344152,0.3334829611830934,0.3995858948824913
94678162,4724,H,A,0.3398822562596865,0.2613437602138161,0.3987739835264973
94678163,4724,H,D,0.32094986203159853,0.35522761763728444,0.323822520331117
94678164,4724,A,A,0.21034955335154712,0.2654249873904296,0.5242254592580233
94678165,4724,H,H,0.5690219008818119,0.2360621895851179,0.1949159095330701
94907114,4634,D,H,0.3841827721500657,0.35940660020516896,0.2564106276447654
94907115,4630,D,H,0.4625313946614085,0.2534565216538286,0.28401208368476283
95530892,4629,A,A,0.31847440091039,0.28728442321173575,0.39424117587787433
95697293,4629,D,H,0.3786253498307111,0.25330622343720754,0.3680684267320814
95697296,4629,H,H,0.5556548204691507,0.2316123886488181,0.21273279088203118
96032296,4675,D,H,0.7536592107631742,0.15245717677152745,0.09388361246529849
96032297,4675,H,H,0.6375684920534741,0.2412112198157242,0.12122028813080175
96032299,4629,D,H,0.643429601088299,0.18712918242784096,0.16944121648385999
96032302,4675,H,H,0.6543751441689987,0.22455387932192525,0.12107097650907607
96032303,4629,A,A,0.3023287694687293,0.2825369491962152,0.4151342813350555
96032304,4675,H,H,0.47623777179157245,0.33098472386343014,0.1927775043449973
96032305,4629,D,H,0.4954958995943806,0.2782678471063635,0.22623625329925576
96032306,4629,D,A,0.3161034723624815,0.3190711262328572,0.3648254014046613
96032307,4629,D,A,0.2494553083486785,0.2931953847216958,0.4573493069296258
96032309,4629,D,A,0.2568367285189446,0.2652454823005267,0.4779177891805288
96348848,4675,H,H,0.39395205034942093,0.22764337619736957,0.3784045734532095
96348849,4675,A,A,0.1421716980258845,0.19127721466166578,0.6665510873124498
96348850,4675,H,H,0.45637954627436444,0.29120522187311765,0.2524152318525178
96348851,4675,D,H,0.4420257827245833,0.334982990974976,0.22299122630044063
96348852,4675,D,H,0.608071868657764,0.25184950514882726,0.1400786261934089
96387280,4724,H,H,0.38601322959607925,0.3174083269150528,0.296578443488868
96387281,4634,D,H,0.38621666502560215,0.33957265995174296,0.27421067502265495
96387282,4634,A,H,0.625240835470281,0.2438486692589143,0.13091049527080464
96387283,4724,A,A,0.28546169170405244,0.2988052160027892,0.41573309229315836
96387284,4724,H,H,0.4820285298038031,0.24522219944641244,0.2727492707497844
96387285,4634,A,H,0.3653728666275903,0.2900013880750859,0.34462574529732376
96387286,4724,D,H,0.7227996029722171,0.1918620946555333,0.08533830237224961
96387287,4724,H,H,0.6161375293385262,0.21862229712881026,0.1652401735326636
96387288,4634,D,H,0.6287889176339718,0.22034038049932445,0.1508707018667038
96387289,4724,A,A,0.1848864302619011,0.19313854951440074,0.6219750202236982
96387290,4724,D,H,0.566879112932659,0.21307873537751654,0.2200421516898245
96387291,4724,D,H,0.43231433325592294,0.2684315762725748,0.29925409047150237
96387292,4724,D,H,0.4993228062259343,0.2561839686585188,0.24449322511554702
96545570,4634,H,H,0.5320170897157497,0.3062845366368321,0.16169837364741824
96545571,4724,A,A,0.21847312516895867,0.2659432613123136,0.5155836135187277
96545572,4634,D,A,0.19098625928009702,0.2772587648484698,0.5317549758714333
96545573,4634,A,A,0.24945300565802148,0.2267769554094887,0.5237700389324897
96545574,4634,H,H,0.49762904834515076,0.2949977942407103,0.20737315741413875
96545575,4634,A,A,0.17665248492678995,0.2467350657284338,0.5766124493447763
96545576,4634,A,A,0.3123554239805518,0.3244404752369548,0.36320410078249343
96545577,4630,A,H,0.5009027204830555,0.19028309447811273,0.3088141850388318
96545578,4630,H,H,0.5047882772227094,0.3094555254632821,0.18575619731400855
96545580,4630,H,A,0.2843654377621474,0.25878465891063385,0.45684990332721875
96545581,4630,D,H,0.47647032653009624,0.2225542509247323,0.30097542254517134
96545582,4630,A,A,0.16895369005335678,0.20288860133428974,0.6281577086123534
96735889,4630,H,H,0.6771290709089379,0.1647031911622266,0.15816773792883554
96735891,4630,H,H,0.7700249522469782,0.16029104511581302,0.06968400263720889
96735892,4630,H,H,0.6040291980100542,0.19333746916932984,0.20263333282061602
96910291,4630,A,H,0.46871107767267095,0.24036900219321916,0.29091992013410994
96910292,4630,D,H,0.5322766561918961,0.24210247373331178,0.2256208700747921
97226251,4634,H,H,0.5497734948142823,0.28429739791448944,0.16592910727122825
97226252,4634,H,H,0.6203489765548932,0.24026064951380494,0.13939037393130185
97226253,4634,A,A,0.21768545859129765,0.24223493145452382,0.5400796099541785
97569935,4675,H,H,0.636824025946614,0.24653990013227361,0.11663607392111232
97569937,4675,D,H,0.428720558151705,0.2637781769490104,0.3075012648992846
97569942,4675,H,A,0.23503716592358498,0.2770157896221789,0.4879470444542361
97569943,4675,D,A,0.3084883869765316,0.27447743207247444,0.417034180950994
97911321,4724,H,H,0.5758090485396525,0.2664166088888622,0.1577743425714853
97911322,4634,D,H,0.6419891317890295,0.19397172812561864,0.16403914008535186
97911323,4724,H,H,0.579487236779201,0.18600548309339612,0.2345072801274028
97911324,4629,H,A,0.2541280902653274,0.28220008052615764,0.46367182920851513
97911326,4634,D,H,0.42851932045465485,0.2814510034927218,0.2900296760526233
97911327,4724,H,H,0.5570410238626633,0.24011194432975913,0.2028470318075776
97911328,4630,H,A,0.3189872437747566,0.18760980234577387,0.4934029538794695
97911329,4629,D,H,0.5315029567694644,0.20539931231361114,0.26309773091692457
97911331,4634,D,A,0.2745024646494058,0.29467141050574897,0.4308261248448453
97911333,4724,H,H,0.4725170273703794,0.27246228054826066,0.25502069208136
97911334,4629,A,H,0.5105475546669176,0.2533823040025528,0.23607014133052967
97911335,4629,A,H,0.530532061098615,0.25121978280218255,0.21824815609920248
97911336,4629,H,H,0.6182965275785652,0.21976479940048266,0.16193867302095202
97911337,4630,H,A,0.29078823737278164,0.28453103008563974,0.4246807325415786
97911338,4630,A,H,0.414457029206299,0.28703870144856314,0.29850426934513785
97911339,4630,D,H,0.5216995000890876,0.23479716477171897,0.24350333513919345
97911340,4634,D,H,0.46492303051276157,0.31812146913803485,0.21695550034920372
97911341,4629,D,H,0.4632877173172062,0.26564625810047515,0.2710660245823186
97911342,4724,D,H,0.5914606090940693,0.24786783648703842,0.1606715544188923
97911343,4629,A,A,0.23590734693805493,0.2713281719818398,0.4927644810801052
97911344,4634,D,H,0.5658309797083279,0.22526706287090142,0.20890195742077067
97911345,4724,H,H,0.5330847135494253,0.24972844376984435,0.21718684268073044
97911346,4634,A,A,0.3298412630365487,0.2693231449022579,0.40083559206119335
97911347,4630,A,A,0.10354613485389727,0.19498851527924524,0.7014653498668575
97911348,4724,A,A,0.1678667247468447,0.2720625808047236,0.5600706944484317
97911349,4629,H,H,0.4691240077073462,0.27883715815510446,0.2520388341375493
97911350,4634,A,H,0.4696647202877617,0.29715644538786473,0.23317883432437356
97911351,4630,D,H,0.5153167435106872,0.2676656780500811,0.21701757843923167
97911352,4630,D,A,0.3279674557414892,0.2536240199338435,0.4184085243246672
97911353,4630,H,H,0.5523739452876826,0.23119889942847482,0.21642715528384254
97911354,4675,A,A,0.0778351135921424,0.1705729236867519,0.7515919627211057
97911355,4675,D,H,0.42448779222535626,0.2958721636803417,0.279640044094302
97911356,4675,A,H,0.3637024003310663,0.2976692303967943,0.3386283692721394
97911357,4675,A,A,0.2904789378021148,0.23501974689181604,0.4745013153060691
97911358,4675,H,H,0.7408990056930633,0.17021470385050602,0.0888862904564306
97911359,4724,D,H,0.44335624181670236,0.27665190627705855,0.2799918519062391
97911360,4724,D,A,0.30491450494628836,0.3072571176148006,0.387828377438911
97911361,4634,H,H,0.6050202141290909,0.2836479736036398,0.11133181226726932
97911362,4630,D,A,0.295535949221867,0.21696072634009556,0.48750332443803746
97911363,4629,A,A,0.15075100313642026,0.20052307917349876,0.6487259176900809
97911364,4634,H,H,0.6779257695619869,0.20391333411296347,0.11816089632504961
97911365,4724,H,A,0.2881478470613756,0.27469653854640375,0.4371556143922207
97911366,4634,A,H,0.45725637140065395,0.28027705120534036,0.26246657739400564
97911367,4630,A,A,0.17065482841113927,0.20454620927042177,0.624798962318439
99654835,4634,D,A,0.13406358173635838,0.2546376197377764,0.6112987985258652
99654836,4724,A,H,0.6650478628683827,0.19094106124628668,0.14401107588533058
99654837,4634,D,H,0.6497766612015675,0.26123021093930265,0.0889931278591298
99654838,4724,H,H,0.555979176389732,0.23218145321353187,0.21183937039673606
99654839,4629,A,A,0.3787266512037067,0.24252635048244525,0.37874699831384806
99654841,4634,H,A,0.22822395129567516,0.2855216583779865,0.4862543903263384
99654842,4724,A,A,0.2749381470379065,0.2679542964805145,0.4571075564815789
99654843,4675,D,H,0.5428324901351992,0.2925617299724305,0.1646057798923703
99654844,4629,A,H,0.4068677456948469,0.3241260975103876,0.2690061567947655
99654845,4634,H,H,0.45290782887864023,0.2971136559384109,0.24997851518294886
99654846,4675,H,H,0.6886300300124284,0.21662973825410625,0.0947402317334653
99654847,4724,D,H,0.38041238269212524,0.31688466988871106,0.30270294741916376
99654848,4724,H,H,0.5274132948537814,0.24640579619637526,0.22618090894984333
99654849,4629,D,A,0.14365544313351333,0.2748416991709379,0.5815028576955488
99654850,4629,H,A,0.26616334376235096,0.31034873404699104,0.42348792219065806
99654851,4629,A,H,0.4259419926098556,0.29607286498926355,0.27798514240088074
99654853,4634,H,H,0.4755983300256654,0.3002571672225307,0.2241445027518038
99654854,4629,A,A,0.3438248899890629,0.2982608937975549,0.3579142162133822
99654855,4724,H,H,0.5626248728604941,0.23816505410115416,0.19921007303835173
99654857,4629,H,H,0.5813549355293121,0.1906854759461591,0.22795958852452894
99654858,4634,H,H,0.4470772309946283,0.28846757063742384,0.26445519836794784
99654859,4724,D,A,0.3301667660193545,0.2998322622695459,0.37000097171109964
99654860,4675,H,H,0.49221100941973334,0.17299461353494516,0.33479437704532145
99654861,4634,H,H,0.48132907584269746,0.23406931087887275,0.2846016132784298
99654862,4724,A,A,0.20029855089666074,0.20155016903960118,0.5981512800637381
99654863,4629,H,H,0.5201411924058762,0.2519912070454853,0.22786760054863853
99654864,4634,A,H,0.5904344805965653,0.2471205534051169,0.16244496599831768
99654865,4675,D,A,0.25079827344250516,0.22487423541590362,0.5243274911415912
99654866,4675,A,H,0.46646959602012816,0.3065702321768372,0.22696017180303468
99654867,4675,D,H,0.6271511742248773,0.25847457343309127,0.11437425234203147
99654868,4675,D,H,0.6243682918206348,0.24666307077899077,0.12896863740037445
99654869,4675,H,H,0.39366815127997895,0.30016774775784105,0.30616410096217994
99654870,4724,A,A,0.23822805556755453,0.30940138427750824,0.4523705601549371
99654871,4634,D,H,0.43411664149493456,0.31505183550041316,0.25083152300465217
99654873,4629,D,H,0.5890462636769286,0.21596601725942585,0.19498771906364548
99654874,4634,A,H,0.35721870735069794,0.2931516104449091,0.34962968220439294
99654875,4724,A,H,0.3816277387836795,0.3325893252302292,0.2857829359860912
99654876,4675,H,H,0.6576721632665694,0.19745437985651093,0.14487345687691972
100477631,4630,A,A,0.2679922999308104,0.2203446267801716,0.5116630732890181
100477632,4630,H,H,0.7379962948248782,0.16971490256825822,0.09228880260686362
100477633,4630,H,H,0.6448405384352219,0.19335164131487542,0.1618078202499027
100477634,4630,A,A,0.3284101413601031,0.2896868772169566,0.3819029814229403
100477635,4630,H,H,0.5039193686244644,0.23269303552003,0.2633875958555056
100477636,4630,A,H,0.5577794327900828,0.21546301525896436,0.22675755195095285
100477637,4630,A,A,0.25418967094570116,0.19437309366531583,0.551437235388983
100477638,4630,A,H,0.5259798748786229,0.21411786772892585,0.2599022573924513
100477639,4630,A,H,0.6153973985764747,0.24429032864925673,0.14031227277426858
100477640,4630,H,H,0.4511765177252892,0.2502370404506132,0.29858644182409766
101118597,4630,A,A,0.3457060323623932,0.25188190483631095,0.40241206280129577
101118599,4630,A,A,0.1646778593395816,0.2588670556663898,0.5764550849940286
101118602,4630,D,H,0.6810021860981237,0.17695934965568216,0.1420384642461942
101118607,4630,A,H,0.5107134761071951,0.23274162892415806,0.2565448949686468
101118608,4630,H,A,0.3483542220732001,0.2614778304608839,0.39016794746591593
101118609,4630,D,H,0.4614454431292564,0.2678374790464839,0.2707170778242596
101118610,4630,A,A,0.2926847053352092,0.20949019905402877,0.49782509561076205
101118611,4630,A,A,0.09114831829562282,0.1690429319500966,0.7398087497542806
101118613,4630,A,A,0.16708304833675325,0.1964487512156859,0.6364682004475609
101515916,4724,H,A,0.20610669748225174,0.2693968446407765,0.5244964578769717
101515917,4629,H,H,0.45188309661893983,0.2145523268343549,0.33356457654670524
101515918,4724,A,A,0.21600552692695324,0.28842516193437956,0.49556931113866715
101515919,4675,H,A,0.151292117076737,0.18425113021572354,0.6644567527075396
101515920,4629,D,A,0.3026105416922036,0.2747648491011305,0.4226246092066659
101515921,4675,D,A,0.33897461610634794,0.28468258927139983,0.3763427946222522
101515922,4724,D,H,0.5204798695826784,0.2719934275595134,0.20752670285780814
101515923,4724,D,A,0.2301277363043847,0.24892254646075807,0.5209497172348573
101515924,4629,H,H,0.415955782728735,0.2811629549129903,0.30288126235827456
101515925,4629,A,H,0.5447102766611354,0.25482106860717624,0.20046865473168848
101515926,4629,H,H,0.6067222183795925,0.24457410810157645,0.14870367351883101
101515927,4629,A,H,0.4945705901903146,0.2794833866828161,0.2259460231268694
101515928,4724,A,A,0.3474028582051094,0.2528427545046608,0.3997543872902298
101515929,4629,A,A,0.12062480785376972,0.185712845510634,0.6936623466355963
101515930,4724,H,H,0.6869376927661851,0.19504231103537886,0.11801999619843612
101515931,4675,H,H,0.5833873818632113,0.24835497272284573,0.16825764541394295
101515932,4724,D,A,0.19182358860411186,0.21715456588348533,0.5910218455124028
101515933,4629,H,H,0.5383970123028722,0.2216404144765087,0.23996257322061917
101515934,4675,A,A,0.1544735632971513,0.2221023851297356,0.6234240515731131
101515935,4675,A,A,0.16912754761347196,0.19372847098260623,0.6371439814039218
101515936,4675,A,H,0.5075301487996147,0.3016753858470829,0.19079446535330247
101515937,4675,H,H,0.35043671509724084,0.30457209986621814,0.34499118503654097
101515938,4675,D,A,0.23448809197763498,0.2690223569953337,0.49648955102703146
101515939,4724,D,H,0.434870952248399,0.29754590745041937,0.26758314030118163
101515940,4724,H,H,0.8245000812895912,0.1286916862966382,0.0468082324137706
101515941,4629,H,A,0.31868497513269123,0.2566568262440241,0.4246581986232847
101515942,4675,A,A,0.295907966049023,0.3369974582709519,0.3670945756800252
101515943,4724,H,H,0.5777657949153371,0.21818220140891045,0.20405200367575244
101515944,4724,H,A,0.3576750796262347,0.23848768031075168,0.40383724006301364
101515948,4630,D,H,0.577663308214509,0.20769568769462757,0.21464100409086337
101750691,4634,H,H,0.43590207534359576,0.21964265345067463,0.34445527120572955
101750693,4634,D,H,0.513942001290115,0.2976406447570329,0.18841735395285208
101750694,4634,A,A,0.30780198876606696,0.29044725105561847,0.40175076017831457
101750695,4634,D,H,0.42146641149181024,0.3639550633399978,0.214578525168192
101750696,4634,D,A,0.1265331286808704,0.2148596789346615,0.6586071923844681
101750697,4634,A,A,0.2846646430189392,0.24670211574687909,0.4686332412341817
101750698,4634,H,H,0.5329194413350298,0.28136275773072333,0.1857178009342468
101750699,4634,H,H,0.5469176158680669,0.2576595435007819,0.19542284063115123
101750700,4634,D,H,0.3501886038482356,0.3174270277759507,0.3323843683758137
101750712,4634,D,H,0.5247488340142985,0.27970632174135784,0.1955448442443437
102977692,4630,H,H,0.6056412025970981,0.16441765814457784,0.22994113925832405
102977693,4630,A,A,0.15854456712312628,0.190300541562224,0.6511548913146497
102977694,4630,A,H,0.43471457075123376,0.277228498730352,0.28805693051841424
102977695,4630,H,H,0.4955179007467384,0.29417736895503016,0.21030473029823138
102977696,4630,D,H,0.5052075814798899,0.23477072992682016,0.2600216885932899
102977697,4630,H,H,0.6092766231189254,0.20273937021607255,0.1879840066650021
102977703,4630,H,H,0.6862188232909229,0.21583351449491558,0.09794766221416154
102977706,4630,H,H,0.6984943686578802,0.17282837100050738,0.12867726034161242
103372503,4634,H,H,0.6666921012937046,0.21461679461579,0.1186911040905053
103372504,4630,H,H,0.41009395954386824,0.2628017720221177,0.327104268434014
103372505,4724,H,A,0.3678082618926736,0.2538666129287493,0.37832512517857714
103372506,4724,H,H,0.4808428732906623,0.2646773625658602,0.2544797641434776
103372507,4634,H,H,0.7282027975053225,0.1841364018817822,0.08766080061289541
103372508,4724,D,A,0.3259564028504363,0.2616653253545945,0.4123782717949692
103372509,4629,H,H,0.5300563037549906,0.21873379407836963,0.25120990216663985
103372510,4675,H,H,0.4217155967169973,0.2893011782860964,0.28898322499690615
103372511,4634,D,H,0.4401309745364417,0.31123858144620475,0.24863044401735354
103372512,4724,A,A,0.06944399268870491,0.1729669989983042,0.7575890083129909
103372513,4675,A,H,0.6374488181681276,0.2006535532539101,0.16189762857796233
103372514,4629,D,H,0.6381541230554595,0.20531854278324102,0.1565273341612995
103372515,4634,H,A,0.27448822829317066,0.2750230847252959,0.4504886869815335
103372516,4675,D,H,0.5345539723357611,0.26749434711139375,0.1979516805528452
103372517,4724,D,A,0.22918964623509844,0.3085490328323094,0.4622613209325923
103372518,4629,A,A,0.34820555229316374,0.2823972401876188,0.36939720751921745
103372519,4629,D,H,0.6196873293009557,0.23044079451454166,0.14987187618450265
103372520,4629,H,A,0.2274078041689358,0.26900999885624005,0.5035821969748241
103372521,4634,D,H,0.3535243529123725,0.3139885168133768,0.33248713027425075
103372522,4629,A,H,0.42162061564142156,0.22988673052057632,0.34849265383800215
103372523,4724,H,H,0.7048052217019003,0.18343763671397753,0.11175714158412209
103372524,4629,A,A,0.22350438541252876,0.2572394282670776,0.5192561863203936
103372525,4634,D,A,0.1386465915377955,0.24628194328623063,0.6150714651759739
103372526,4724,H,H,0.452011322516594,0.29432501035310227,0.2536636671303038
103372527,4675,H,H,0.5405177001666915,0.20960964757996645,0.24987265225334201
103372528,4634,D,H,0.47849992346861697,0.28177101479915145,0.23972906173223157
103372529,4724,A,A,0.27774823868659837,0.3095937889556487,0.4126579723577528
103372530,4629,A,H,0.4157113109025163,0.32258051667663257,0.2617081724208512
103372531,4634,H,H,0.5569426821606716,0.26570065138003657,0.17735666645929185
103372532,4675,D,H,0.7218897204383885,0.1989129772104736,0.07919730235113785
103372533,4675,D,H,0.6343045930330157,0.2597236121489409,0.10597179481804345
103372534,4675,H,H,0.492607498370664,0.2952792046114957,0.21211329701784035
103372535,4675,D,H,0.3840558169429194,0.3153282808138009,0.30061590224327966
103372536,4724,A,D,0.3504872411119206,0.3749863533957384,0.274526405492341
103372537,4634,A,A,0.24234367058289316,0.328784819520476,0.42887150989663075
103372538,4629,A,A,0.3198398435377512,0.3186201402681439,0.36154001619410486
103372539,4634,A,H,0.5522510987097948,0.2807095257206479,0.1670393755695573
103372540,4724,H,H,0.5464561476552217,0.25593328708619334,0.197610565258585
103372541,4675,H,H,0.8253618718288025,0.13037122330062043,0.044266904870577065
103372542,4724,A,H,0.4182866545435819,0.24773920954074857,0.3339741359156696
104036583,4630,H,H,0.38673371684149643,0.22667932425048423,0.38658695890801936
104988750,4630,H,H,0.6349505779684501,0.19468176138011017,0.17036766065143966
104988751,4630,H,H,0.6996757434413955,0.16674957055976752,0.13357468599883698
104988752,4630,A,A,0.22839866875625398,0.31649833563929347,0.4551029956044525
104988753,4630,A,A,0.20234757378874127,0.2072128385310384,0.5904395876802203
104988754,4630,A,A,0.1428786797092017,0.16830029649953593,0.6888210237912624
104988755,4630,H,H,0.41140852881100776,0.2627815572572323,0.32580991393176
104988756,4630,H,A,0.2879687532815148,0.2573620210746341,0.45466922564385126
104988757,4630,A,H,0.39723556573584956,0.2428925862565264,0.359871848007624
104988758,4630,D,A,0.32935627648731275,0.27084975232601777,0.39979397118666954
105462393,4630,A,A,0.05506518136898902,0.16973964960888668,0.7751951690221243
105462394,4724,H,H,0.7739493792536418,0.1388494378578065,0.08720118288855176
105462395,4634,D,H,0.37513495826857884,0.2549766914865133,0.36988835024490785
105462396,4724,H,A,0.273329823939466,0.21729570044231,0.5093744756182241
105462397,4629,A,A,0.33268507166484607,0.2805280737625532,0.3867868545726007
105462398,4634,H,A,0.22476211805767432,0.25637771565310474,0.5188601662892209
105462399,4724,A,H,0.4560255696394905,0.24030505784187198,0.30366937251863757
105462400,4675,H,H,0.4419998053714052,0.30139103786253957,0.25660915676605517
105462401,4629,A,H,0.5422840787308862,0.27970615553752265,0.17800976573159102
105462402,4634,H,H,0.5788956201317286,0.2393334457285417,0.18177093413972958
105462403,4675,A,A,0.09613923355245059,0.18133480267125549,0.7225259637762941
105462404,4724,D,H,0.4334995871920457,0.30396382793305815,0.2625365848748961
105462405,4724,A,H,0.45392548973044305,0.29271837161698294,0.2533561386525741
105462406,4629,H,H,0.6194360891253319,0.18802104727465105,0.19254286360001716
105462407,4629,D,H,0.4067736846185357,0.2586133445313358,0.33461297085012853
105462408,4629,A,H,0.4844449928781303,0.28001634005520015,0.23553866706666957
105462409,4634,H,H,0.47022186496961904,0.34128436092479514,0.1884937741055857
105462410,4629,H,A,0.3383909862306013,0.2597184950107248,0.40189051875867376
105462411,4724,H,H,0.49782571090920946,0.2651490526074532,0.2370252364833375
105462415,4629,A,A,0.18799782047620867,0.2516857489645855,0.5603164305592059
105462416,4634,D,A,0.21719512585420714,0.2310452635148557,0.5517596106309373
105462417,4724,D,A,0.36190377394387857,0.2505951562934793,0.38750106976264215
105462418,4675,A,A,0.24395644007313327,0.25351287011252055,0.5025306898143461
105462419,4634,D,H,0.4510813324145487,0.2727987271769419,0.2761199404085094
105462420,4724,A,A,0.30154505516450403,0.27624579490043283,0.42220914993506314
105462421,4629,A,A,0.30811352222237887,0.23848183623501526,0.4534046415426059
105462422,4634,D,H,0.43495958147178065,0.3234994980817679,0.24154092044645137
105462423,4675,A,H,0.3608890527492716,0.30777026649753236,0.331340680753196
105462424,4675,A,H,0.39184217668742183,0.24996994317868787,0.35818788013389036
105462425,4675,A,A,0.22322388069800914,0.24849076122276129,0.5282853580792296
105462426,4675,D,A,0.3331946227824606,0.31021891639019245,0.356586460827347
105462427,4675,A,A,0.23692861978284058,0.26645486568113386,0.4966165145360257
105462428,4724,D,H,0.5731846367675818,0.26512740067632257,0.16168796255609563
105462429,4634,H,H,0.3857322502425142,0.28038676933291506,0.33388098042457076
105462432,4629,D,A,0.19928817874878846,0.2119252274417605,0.5887865938094511
105462433,4634,H,H,0.5207417987621187,0.3149927513431481,0.1642654498947333
105462434,4724,A,A,0.31439710639350527,0.2312945288565095,0.45430836474998515
105462435,4675,D,A,0.1551826755399873,0.19847146871369295,0.6463458557463196
105462438,4724,H,H,0.5937437691604965,0.19338797119033033,0.2128682596491731
105462439,4724,A,A,0.2346475526655425,0.2942300038014298,0.47112244353302785
105462443,4634,H,H,0.45174046663425055,0.29733649252750055,0.250923040838249
106903882,4675,H,H,0.7940910720366818,0.13765007818639446,0.06825884977692366
106903883,4675,H,H,0.4784592885820046,0.2794233798529952,0.24211733156500018
106903884,4630,D,H,0.47102249401077173,0.18397857533910908,0.3449989306501193
106903885,4675,A,H,0.36989603877213173,0.3046086917067243,0.32549526952114405
106903886,4630,D,H,0.6011647012944038,0.2462737322221482,0.15256156648344796
106903887,4630,H,H,0.5199017157641438,0.23609334861048162,0.2440049356253746
106903888,4630,A,H,0.4387126335401259,0.22016612275348402,0.34112124370639
106903889,4630,H,H,0.804245723091901,0.10747555927536159,0.08827871763273734
106903890,4630,H,H,0.47905618157355334,0.25951911555156926,0.26142470287487746
106903891,4630,D,H,0.415291638070564,0.259013600493153,0.3256947614362831
106903892,4630,D,H,0.694229608574484,0.20720173959041857,0.09856865183509747
106903893,4675,H,H,0.46539075121690604,0.2752700370188454,0.2593392117642486
106903894,4675,D,H,0.5813273724469702,0.2647445031915581,0.15392812436147166
106903895,4675,H,H,0.7687545733084041,0.1768199832326439,0.05442544345895198
106903896,4675,H,H,0.7373677469465908,0.1888816371526258,0.07375061590078347
106903897,4630,H,H,0.5626028856421879,0.2163838500337051,0.22101326432410698
106903898,4675,H,H,0.662744771472235,0.23829543965636807,0.09895978887139693
107396010,4634,D,D,0.32804844192084937,0.33825087070145676,0.3337006873776939
107396011,4634,A,H,0.4295432036665841,0.3212480724629554,0.24920872387046059
107396012,4634,H,H,0.6818136102261214,0.2047549912558735,0.11343139851800511
107396013,4634,A,A,0.2799279908215895,0.2843853037096725,0.43568670546873794
107396014,4629,H,H,0.4453045010155221,0.28658923913295054,0.2681062598515273
107396015,4629,H,H,0.4445025218748464,0.2761805923571482,0.2793168857680053
107396016,4634,H,H,0.5134240656083031,0.2652751648456563,0.22130076954604058
107396017,4629,D,H,0.6764471441031477,0.1818003083411626,0.1417525475556897
107396018,4634,H,H,0.6052845846365509,0.2481074015374373,0.1466080138260118
107396019,4675,A,A,0.31871339817307703,0.2577519346535205,0.4235346671734025
107396020,4634,A,A,0.2190616287975184,0.28494499767414183,0.49599337352833983
107396021,4634,H,A,0.14196639543765288,0.2544981501841299,0.6035354543782172
107396022,4634,H,H,0.5223654135147925,0.2545732627418464,0.22306132374336107
107396023,4634,H,H,0.6980832201971189,0.19382650852205136,0.1080902712808298
107396024,4630,H,A,0.35543709789053285,0.22941064505717457,0.4151522570522926
107396025,4724,A,A,0.20988888273398093,0.18978097001428254,0.6003301472517365
107456180,4629,A,A,0.2577031332156298,0.27226004253755487,0.47003682424681537
107701020,4724,A,H,0.5191095766714146,0.2755904096790917,0.2053000136494937
107701021,4724,D,A,0.3213232669438647,0.2542319982816346,0.4244447347745007
107701022,4724,H,H,0.6298071689397184,0.24365651239990277,0.12653631866037876
107701023,4724,A,D,0.30483174376405875,0.3493640597769945,0.3458041964589468
107701024,4724,D,H,0.4630148192267203,0.2462211773439691,0.2907640034293106
107701025,4724,A,H,0.424226772152688,0.2763403917424072,0.2994328361049049
107701026,4724,H,H,0.3479461211432973,0.3145339589962835,0.3375199198604191
107701027,4724,H,H,0.45302526550267863,0.33665871181817336,0.210316022679148
107701029,4724,D,H,0.394032980647109,0.2207134248115772,0.38525359454131375
107991856,4629,D,H,0.4320204481430642,0.2549085897886528,0.313070962068283
107991857,4629,A,H,0.4169604345249257,0.3391982824210347,0.24384128305403965
107991867,4630,H,H,0.44376597586549904,0.24118773172575306,0.3150462924087479
107991871,4629,H,H,0.6613412481157452,0.20498578542031556,0.13367296646393928
107991872,4629,H,A,0.30292868944807905,0.2580989185978982,0.4389723919540227
107991873,4629,A,H,0.48258657534981103,0.24181874091895686,0.275594683731232
109292214,4675,H,H,0.5565580312701562,0.214091956052335,0.2293500126775088
109292215,4675,A,A,0.12864474947286897,0.20679823318237034,0.6645570173447607
109292216,4630,D,A,0.2849748590759488,0.23798860083046236,0.4770365400935889
109292218,4675,A,A,0.19301320560328453,0.24604219746899428,0.5609445969277211
109292219,4630,H,A,0.25452950528071644,0.22343105956241796,0.5220394351568657
109292220,4630,D,H,0.43085184740239646,0.2558537170934182,0.3132944355041853
109292221,4630,H,A,0.282378971676748,0.2782153463932279,0.43940568193002405
109292223,4675,A,A,0.2843478650685436,0.27294002617732394,0.4427121087541324
109292224,4675,A,A,0.06897706837825278,0.1611644889556291,0.769858442666118
109292225,4675,D,H,0.40977722965231794,0.3027040475779622,0.28751872276971985
109292226,4675,A,H,0.36639161528112346,0.3136121023913197,0.3199962823275568
109834363,4634,A,H,0.3962925940762165,0.25614293390167614,0.34756447202210744
109834364,4629,A,A,0.15167608116022316,0.2042242952483408,0.644099623591436
109834365,4634,H,A,0.3134388483529481,0.29337950759886805,0.3931816440481838
109834366,4634,A,H,0.5179847444933577,0.33853089430973554,0.1434843611969067
109834367,4629,H,H,0.3866075699562083,0.23963666942511014,0.37375576061868154
109834368,4634,H,H,0.3946945155851647,0.30136739248351524,0.30393809193131993
109834369,4629,H,H,0.5028875170152515,0.28508966237951494,0.21202282060523367
109834370,4629,H,A,0.29291710840808133,0.2796822259821232,0.4274006656097954
109834371,4629,D,H,0.535637707958301,0.2825951791164748,0.18176711292522413
109834372,4634,A,H,0.4837263692469328,0.2946523251366526,0.22162130561641452
109834373,4629,D,H,0.5168767166330177,0.19254197019950828,0.2905813131674741
109834374,4634,H,H,0.5622661634203793,0.25514169827078015,0.18259213830884058
109834375,4634,H,A,0.22906049398141526,0.2569892657403214,0.5139502402782634
109834376,4724,A,A,0.3384706953204221,0.3084089596081924,0.3531203450713855
109834377,4629,A,H,0.37883945542214625,0.27625505104369036,0.34490549353416344
109834378,4634,A,A,0.17263282237326394,0.22865390314484282,0.5987132744818932
109834379,4675,H,H,0.39703172607454973,0.33453413569362056,0.26843413823182966
109834380,4675,H,A,0.33142559647411557,0.3041888475563502,0.36438555596953426
109834381,4634,H,H,0.4900250131232272,0.33145950543224856,0.17851548144452425
109834382,4629,A,H,0.41717542302317856,0.3180526324196609,0.2647719445571605
109834383,4634,H,H,0.5586361791086606,0.2813345882063209,0.1600292326850185
110164295,4724,D,H,0.7082878509472041,0.1612221688140839,0.130489980238712
110164296,4724,H,H,0.6828770976323001,0.19954679780445575,0.1175761045632441
110164297,4724,A,H,0.571480831926245,0.2128242549366821,0.2156949131370729
110164298,4724,A,A,0.2464316448375726,0.25016409401461065,0.5034042611478168
110164299,4629,A,H,0.47516452211987686,0.20609560629631654,0.3187398715838066
110164300,4724,A,A,0.26353813497580303,0.2760360461400076,0.46042581888418943
110164301,4724,A,A,0.3492928278186913,0.2736066139483751,0.37710055823293365
110164302,4724,H,H,0.45707986632376996,0.32808696880279503,0.21483316487343498
110164303,4724,A,A,0.24888216038247724,0.2542853553858326,0.49683248423169024
110164304,4724,D,H,0.5563865439398339,0.21771408666622546,0.22589936939394065
110919358,4630,H,H,0.7623143227950244,0.11670981505497875,0.12097586214999685
110919359,4630,H,A,0.2712014805201223,0.22987043969613163,0.4989280797837459
110919361,4630,H,H,0.6600775066996438,0.2247693547384159,0.11515313856194019
110919363,4630,A,H,0.37885540970033765,0.27671797840877277,0.3444266118908895
111217220,4630,A,A,0.2057665625067116,0.18816108303035592,0.6060723544629325
111217228,4630,H,A,0.13856774089373883,0.19487585179289832,0.6665564073133629
113581745,4629,H,H,0.4627820641443703,0.22813512053351717,0.3090828153221125
113581746,4634,H,H,0.42828031354799456,0.34896191472936783,0.22275777172263764
113891820,4630,D,A,0.3374780805299388,0.2460060985231865,0.41651582094687467
113891821,4724,A,A,0.32709500134760455,0.2368927200407373,0.43601227861165814
113891822,4675,A,H,0.5136090513817296,0.22317340024687027,0.26321754837140016
113891823,4630,H,H,0.5253172747134099,0.23662362340770784,0.23805910187888218
113891824,4629,A,A,0.24081452985067212,0.2670425397261865,0.4921429304231414
113891825,4630,H,H,0.6675944377072811,0.18554044762305405,0.14686511466966484
113891826,4630,D,A,0.1513516168939639,0.3065695485406615,0.5420788345653748
113891827,4630,D,H,0.44192267556246756,0.25069538915822953,0.30738193527930285
113891828,4630,H,H,0.45440009738798237,0.2448249224141814,0.30077498019783616
113891829,4675,A,H,0.5411036591470197,0.23846662097900728,0.22042971987397306
113891830,4675,D,H,0.5422245648472878,0.28751565292363873,0.17025978222907354
113891831,4675,H,H,0.7841326000088789,0.14599570019364438,0.06987169979747672
113891832,4675,D,H,0.7825193022240624,0.15764128319627901,0.05983941457965857
113891834,4724,D,H,0.5134176333137749,0.2598966974408398,0.2266856692453853
113891835,4630,H,H,0.5436354906001607,0.23382069244228335,0.22254381695755596
113891836,4724,H,H,0.47220040281545556,0.2611998256634234,0.26659977152112113
113891837,4634,D,H,0.5444097311872841,0.2603197011011697,0.19527056771154616
113891838,4724,H,A,0.3320419015124145,0.23162715933378691,0.43633093915379867
113891839,4629,D,H,0.3710400872334297,0.29992079989551684,0.3290391128710535
113891841,4634,H,H,0.7184832661252287,0.16065269225289674,0.12086404162187452
113891847,4634,A,A,0.32452319963581727,0.33217194652060983,0.3433048538435729
113891848,4630,D,H,0.6395306622538569,0.22264548136091347,0.13782385638522962
113891849,4675,A,H,0.4773562298175597,0.2723372680788681,0.25030650210357214
113891851,4634,A,H,0.4339483790497848,0.3031553931079714,0.2628962278422439
113891852,4724,A,A,0.32359689308691403,0.22066962844446691,0.45573347846861906
114502448,4634,H,H,0.596807005876772,0.20241074844914658,0.2007822456740814
114502449,4675,D,H,0.7111084334713058,0.17982735026598318,0.10906421626271104
114502450,4630,D,A,0.3181267024148603,0.18787924252723512,0.49399405505790456
114502451,4629,H,A,0.2255458153220921,0.2708072103035271,0.5036469743743809
114502452,4634,H,H,0.5619088421881446,0.22354238158942563,0.21454877622242963
114502453,4675,D,H,0.6889956475374127,0.19688315535021544,0.1141211971123719
114502454,4629,A,H,0.49010216343729307,0.2545214402060442,0.2553763963566627
114502455,4629,A,A,0.2975073342512894,0.32296263785825524,0.3795300278904554
114502456,4630,H,H,0.6711989690530891,0.16327509851238373,0.16552593243452712
114502457,4629,A,A,0.2547386108835051,0.26127658987273383,0.4839847992437612
114502459,4629,A,H,0.5729696889928869,0.2398124290905429,0.1872178819165702
114502460,4675,D,H,0.5300671934438642,0.3154342334601574,0.15449857309597836
114502461,4629,A,A,0.22551613566093073,0.19589562339456965,0.5785882409444997
114502464,4634,A,H,0.42163579138252133,0.25970029203757633,0.3186639165799023
114502478,4634,D,H,0.46540227609895957,0.3110717978282007,0.22352592607283966
115046296,4634,A,A,0.3464228574237576,0.265431425351323,0.38814571722491936
115046297,4724,H,H,0.8191817315999944,0.12434369399946975,0.05647457440053586
115046306,4724,D,D,0.3302202714653316,0.34374265895370204,0.32603706958096623
115046308,4724,H,H,0.7750365024493165,0.16189739462886474,0.0630661029218186
115046356,4724,D,H,0.3954107151194931,0.30644192975327,0.29814735512723695
115046359,4724,D,A,0.1738628722914992,0.2811251798388863,0.5450119478696145
115356386,4630,D,A,0.23360500616475735,0.24138402081762467,0.525010973017618
115356387,4630,D,H,0.6321263745524788,0.19466685587704685,0.17320676957047437
115356388,4630,H,A,0.3354343188503148,0.26971876480209794,0.3948469163475872
115356436,4630,D,A,0.2744826233101643,0.29759957551312577,0.42791780117670986
115356437,4630,H,H,0.4335494157367114,0.27945781523792596,0.2869927690253626
115638602,4630,D,A,0.2896485775201367,0.2646096068344255,0.44574181564543786
115638624,4630,H,H,0.5813660113282696,0.18080518086001376,0.23782880781171667
115638636,4630,H,H,0.8327582573397007,0.09778753966211816,0.0694542029981811
115881744,4630,H,H,0.4181091361574592,0.24088841813027798,0.34100244571226285
115881745,4630,H,H,0.8762864964776097,0.09464380398851868,0.02906969953387163
116077385,4629,H,H,0.49989121855696816,0.22373006203363133,0.27637871940940045
116077388,4675,D,H,0.514536119948725,0.25872550995239907,0.22673837009887596
116370399,4629,D,H,0.5411255735104039,0.22483297105737618,0.23404145543221994
116370400,4675,H,H,0.4026289092121404,0.3087786113888891,0.2885924793989706
116370401,4675,H,H,0.5033510648800951,0.33029492073138383,0.16635401438852104
116370402,4675,A,A,0.2569966390186129,0.24901408720545795,0.49398927377592894
116370406,4675,A,H,0.43693144244727455,0.22142575061504513,0.34164280693768023
116370407,4675,A,A,0.12224959704528286,0.1879219671172196,0.6898284358374975
116370409,4675,H,A,0.14098455729494647,0.1823195804221634,0.6766958622828901
116370411,4629,D,H,0.7938903527601585,0.13864228888079558,0.06746735835904584
116370413,4724,H,H,0.5823492807847475,0.20236235325234586,0.21528836596290665
116920493,4629,A,A,0.3234756110879912,0.32922532853650366,0.3472990603755052
116920494,4629,H,H,0.40589996246614957,0.25103077272737734,0.34306926480647304
116920495,4675,H,H,0.35219363405505166,0.3419762211339157,0.30583014481103266
116920496,4629,H,H,0.35776011165678395,0.3278487766137463,0.3143911117294698
116920497,4629,D,H,0.42116701579818344,0.23375425599839467,0.34507872820342184
116920498,4629,D,H,0.49627265874762894,0.2569276048674032,0.24679973638496802
116920509,4675,A,H,0.42263893359902854,0.30957789773425376,0.2677831686667178
116920512,4629,H,H,0.669202896188033,0.2076487610269926,0.12314834278497447
117383945,4724,A,A,0.08062408739289273,0.15963972620958733,0.7597361863975198
117383946,4724,H,H,0.46591128782803076,0.24224898609631074,0.2918397260756585
117383947,4630,D,A,0.14204542765588934,0.2719335466424201,0.5860210257016905
117383948,4724,A,H,0.37350599382217237,0.28531017740894493,0.34118382876888265
117383949,4724,H,A,0.17408661554806987,0.22832284169696132,0.5975905427549688
117383950,4630,D,A,0.21861990660019273,0.18582651804490902,0.5955535753548983
117383951,4724,A,A,0.3485421893574408,0.2834961723349902,0.367961638307569
117383952,4724,D,A,0.17956311071964423,0.24774739497138132,0.5726894943089744
117383953,4724,H,A,0.33202015347437686,0.2641778552790341,0.403801991246589
117383954,4724,H,H,0.6947357094356184,0.20187950335091878,0.1033847872134629
117383955,4724,D,D,0.32394414542364597,0.34624177084876967,0.32981408372758436
117383961,4630,H,H,0.6099491283479916,0.22007854763052306,0.16997232402148532
117383998,4630,A,A,0.3623968333724359,0.20588937885505482,0.4317137877725093
117384002,4630,A,H,0.45165469974980976,0.2517403333035238,0.29660496694666644
117384003,4630,H,H,0.3719685713204012,0.306044022116729,0.32198740656286984
117384004,4630,H,H,0.4976492715369123,0.2898838985534082,0.21246682990967955
117384007,4630,A,A,0.16027214846195503,0.17480058959440875,0.6649272619436362
117384008,4630,D,H,0.5870736865844158,0.2279770330125937,0.18494928040299047
117384009,4630,A,A,0.1481701891761774,0.20283021069084173,0.6489996001329807
118459767,4634,H,H,0.49061437447034234,0.30602826073518197,0.20335736479447558
118781391,4634,A,A,0.16603139277604165,0.28484184220278086,0.5491267650211774
118781392,4634,A,A,0.17290912260977942,0.2279331624622194,0.5991577149280012
118781393,4634,D,H,0.41525104361554116,0.286221856501263,0.2985270998831958
118781394,4634,H,H,0.4101212294318619,0.25918041154276705,0.33069835902537104
119319770,4634,D,H,0.5979822804842385,0.2875071855723994,0.11451053394336205
119319771,4634,H,A,0.32798951633653184,0.3230080676756909,0.34900241598777726
119319772,4634,A,H,0.42291136801710455,0.30289221778434816,0.27419641419854734
119319774,4634,D,H,0.533927878223931,0.28043956494345834,0.18563255683261082
119746182,4724,D,H,0.6458655761531706,0.209144498371923,0.14498992547490624
119746186,4724,D,H,0.8237635250425932,0.12949919982614272,0.046737275131264036
119746187,4629,H,A,0.30598486469586306,0.24498887941321362,0.4490262558909233
119746189,4675,H,H,0.7545141951837244,0.1566431755635378,0.0888426292527379
119746190,4675,A,A,0.23185361791119227,0.36078372464306463,0.407362657445743
119746191,4724,D,A,0.19707431571257836,0.2717031173119361,0.5312225669754855
119746192,4629,D,A,0.27983353003018757,0.3268609096056224,0.39330556036419
119746193,4724,D,H,0.5887077244551643,0.25491025233966813,0.15638202320516767
119746205,4629,A,H,0.4611850217056637,0.2531016566786499,0.28571332161568636
119746207,4724,D,H,0.6567907666070774,0.18061065989935216,0.1625985734935705
119746208,4675,H,H,0.6774157036528755,0.1788940126937132,0.14369028365341135
119746209,4724,D,A,0.36651305279396074,0.22592624903369418,0.4075606981723451
119746210,4629,H,H,0.36778424032049795,0.28679629665174533,0.3454194630277568
119746211,4675,D,H,0.3566439199384462,0.31247849004580447,0.33087759001574935
119746212,4675,A,A,0.27981374783335106,0.27357060779355175,0.4466156443730972
119746213,4675,H,H,0.3661833693395964,0.30628612728520566,0.3275305033751979
119746214,4675,H,H,0.7623545448878598,0.14694561119357183,0.09069984391856831
119746215,4675,H,H,0.7819768101678624,0.15305066300432785,0.06497252682780981
119746216,4724,H,H,0.38345662210351167,0.3156972995822587,0.3008460783142297
119746222,4629,H,A,0.2264943343700156,0.27288418589959235,0.5006214797303922
119746223,4724,H,H,0.6440758844821725,0.23968118844222638,0.11624292707560119
119746224,4675,H,H,0.5869696104291143,0.24239393934558084,0.1706364502253048
119746228,4634,A,H,0.37499882999980677,0.3167768899080707,0.30822428009212255
119746229,4724,D,H,0.47657976437299193,0.2471683198827786,0.2762519157442296
120119553,4629,A,H,0.48050605644482997,0.2733226205431113,0.24617132301205874
120971825,4634,D,H,0.6900179735767029,0.21276391591105703,0.09721811051223997
120971827,4630,H,H,0.5183973748668816,0.23192469211555766,0.24967793301756072
120971828,4630,A,H,0.7426523956823828,0.10691537275808194,0.1504322315595353
120971829,4630,A,A,0.36123305249238374,0.2590012477268293,0.37976569978078695
120971830,4630,A,H,0.7714381821740511,0.1351266778513044,0.09343513997464462
120971831,4630,D,A,0.34586334648740313,0.2456752294362313,0.40846142407636554
120971832,4630,D,H,0.3831124831797316,0.23900827172764896,0.3778792450926194
120971833,4630,H,H,0.728704327336581,0.16247615262314555,0.10881952004027337
120971834,4630,D,A,0.2483132204369578,0.260757171560155,0.49092960800288726
120971835,4630,H,H,0.6016236340668623,0.2541414432640625,0.14423492266907526
120971836,4630,H,H,0.4220039337172304,0.22494255036057184,0.35305351592219786
121312075,4634,H,H,0.6324843711956698,0.24950304310794047,0.11801258569638977
121312076,4634,A,H,0.47165538026993176,0.25259355422702146,0.27575106550304673
121312078,4634,H,H,0.41986267063538635,0.3021202730760743,0.27801705628853934
121312079,4634,H,H,0.48667571743538557,0.2510546964965858,0.26226958606802864
121409099,4630,A,H,0.36243016712234116,0.30084468461919783,0.336725148258461
121409100,4630,A,A,0.1340768307286782,0.16803154271454215,0.6978916265567796
121409101,4630,A,D,0.26887832640513903,0.37597839989053505,0.3551432737043259
121959719,4634,H,H,0.5087817328759506,0.24383584644158873,0.24738242068246066
121959721,4634,A,A,0.2530023838130262,0.35587057793522164,0.39112703825175216
121959722,4634,D,H,0.37090471852408835,0.28886881640441714,0.3402264650714944
121959723,4634,H,A,0.3171181039434872,0.2590300355705863,0.42385186048592655
121959725,4675,D,A,0.2777676337117431,0.2062192250282241,0.516013141260033
121959726,4630,A,A,0.22923617507083965,0.17240210498693068,0.5983617199422296
121959728,4630,H,H,0.3743797113879224,0.25227614815645655,0.37334414045562114
121959729,4630,H,H,0.5559391092811699,0.24435652308681655,0.19970436763201355
121959730,4630,H,H,0.3797823246976946,0.31817113222697857,0.30204654307532686
122547982,4634,H,H,0.4795050499639434,0.3002608905734407,0.22023405946261593
122547983,4629,H,H,0.6109801710254973,0.2288235056008132,0.16019632337368955
122547984,4724,A,A,0.27129831129623455,0.23487197406042895,0.49382971464333664
122547985,4675,D,H,0.5084703877230546,0.29863161859376375,0.1928979936831816
122547986,4629,D,H,0.4422716396279934,0.22185877773285617,0.33586958263915045
122547987,4724,A,A,0.15382992139316634,0.27175512723873685,0.5744149513680968
122547988,4629,A,A,0.3639904579673442,0.2636123518795161,0.3723971901531398
122547989,4675,H,A,0.1520102525323725,0.24700774264724473,0.6009820048203828
122547990,4724,D,H,0.5357310067296776,0.27400444410187164,0.19026454916845076
122547991,4629,A,H,0.44640869741556904,0.2849541791788154,0.2686371234056155
122547992,4629,A,H,0.412838870348745,0.2816009139515102,0.30556021569974484
122547993,4629,H,H,0.579099525086844,0.24221697183608157,0.1786835030770743
122547994,4724,A,H,0.39348633056949633,0.3270060788909821,0.2795075905395216
122547995,4629,H,H,0.6306897942224465,0.22626494910300335,0.14304525667455018
122547996,4724,H,H,0.4043223375451452,0.3135534594405987,0.28212420301425606
122547997,4675,A,A,0.14496943052709801,0.18439540433204438,0.6706351651408575
122547998,4724,H,A,0.2837429951078195,0.2521398069646967,0.4641171979274839
122547999,4629,A,A,0.25078137694345415,0.2728858834472819,0.4763327396092641
122548000,4675,A,A,0.1888639925006384,0.25038466470114473,0.5607513427982169
122548001,4675,H,H,0.42271026647464444,0.30019967375487683,0.27709005977047874
122548002,4675,A,H,0.5209142007908334,0.3164096884072705,0.16267611080189612
122548003,4675,H,H,0.49621851525066957,0.29426337925833684,0.20951810549099356
122548004,4629,H,H,0.45963174659058864,0.2839318166949503,0.256436436714461
122548005,4724,D,A,0.24965108668197392,0.2532122806727304,0.4971366326452957
122548006,4675,H,H,0.44447872322377746,0.29740919701143526,0.2581120797647873
122548007,4724,A,A,0.35588186171009006,0.2742516560559598,0.3698664822339502
122548008,4724,A,A,0.22943783985182156,0.18834672508949413,0.5822154350586843
122548009,4724,A,H,0.44167478727759774,0.2302236488501401,0.32810156387226214
125353401,4629,H,H,0.42992875352643345,0.21934285295291484,0.35072839352065177
125353402,4634,D,H,0.4195614247623834,0.32277294320029887,0.2576656320373178
125353403,4675,A,A,0.2452803387811522,0.35321620162869244,0.4015034595901554
125353404,4629,H,A,0.22707020965944963,0.2886250721552391,0.4843047181853112
125353405,4634,H,H,0.5504856997068677,0.27377122034140394,0.17574307995172828
125353406,4675,D,H,0.6094728046185489,0.24337094552477895,0.14715624985667214
125353407,4629,A,H,0.41992072909048483,0.21593651200319444,0.36414275890632075
125353409,4634,H,H,0.3980591353147689,0.288671597402301,0.31326926728293014
125353410,4675,D,H,0.5659147982307505,0.2613593798611811,0.17272582190806834
125353411,4629,H,A,0.28939551783458,0.29815379040901185,0.41245069175640814
125353412,4629,A,A,0.24918492239268572,0.2988861571931934,0.45192892041412097
125353413,4629,A,H,0.37772075520530657,0.25756235149132684,0.36471689330336665
125353416,4634,D,H,0.3860950869436525,0.32233450139824543,0.29157041165810194
125353417,4629,A,A,0.2318820015183723,0.26024182984723715,0.5078761686343906
125353425,4629,D,H,0.7456683769728698,0.15233085618919587,0.10200076683793437
125353426,4634,A,A,0.2589126471114742,0.24404243304615994,0.49704491984236593
125353427,4675,D,H,0.5584903176111085,0.19342418913517184,0.24808549325371973
125353428,4634,H,H,0.4479376297059208,0.2558767455479048,0.29618562474617444
125353429,4634,H,H,0.432422348859174,0.30879771666759154,0.2587799344732344
125353430,4675,A,H,0.6090707854903528,0.21861121219344876,0.1723180023161985
125353431,4675,A,H,0.5535292534837819,0.26037223751779476,0.18609850899842334
125353432,4675,H,H,0.5667941747101108,0.19895861544013427,0.23424720984975497
125353433,4675,H,H,0.7328087271182598,0.1463129448872027,0.12087832799453746
125353434,4634,H,H,0.6466103325097218,0.20986909484063945,0.14352057264963874
125353437,4629,D,H,0.5405479467209012,0.2683578781650364,0.19109417511406232
125353438,4634,A,A,0.30372018913388643,0.3198226000185153,0.3764572108475982
125353439,4675,H,H,0.38571472367725007,0.2910115457544576,0.3232737305682924
125353442,4629,D,H,0.4662483165440042,0.22543696220162943,0.30831472125436643
125353445,4629,H,H,0.4295183902314105,0.23849412690754185,0.33198748286104773
125353446,4629,A,A,0.10918921840485633,0.17341342934087312,0.7173973522542705
125353449,4634,A,A,0.29115092623937616,0.28341500610868126,0.4254340676519425
126918030,4630,D,A,0.19017012422235813,0.18258615026053887,0.627243725517103
126918577,4630,D,H,0.5086620993680379,0.28085809579087484,0.21047980484108736
126918579,4630,H,H,0.7792449073504464,0.1579848109036161,0.06277028174593759
126918589,4630,H,H,0.5455297153347874,0.2304620882122041,0.22400819645300848
126919011,4630,D,H,0.46473535841708175,0.2512891931282176,0.28397544845470063
126919603,4630,H,H,0.3672210733266192,0.3192789747649758,0.31349995190840496
126919771,4630,D,H,0.49794574243229606,0.2223760340939146,0.2796782234737893
126982275,4630,A,A,0.10910418530456316,0.17445665581496958,0.7164391588804672
126982279,4630,A,A,0.208327353102452,0.18456345467947693,0.6071091922180711
126982285,4630,H,H,0.44797496201534964,0.2299060273368863,0.32211901064776405
127483019,4724,H,H,0.5166357661330205,0.29219678556321227,0.19116744830376714
127483023,4724,H,H,0.7434724037101607,0.15132280952437485,0.10520478676546455
127483024,4724,D,A,0.3379113404122786,0.29732910471563034,0.36475955487209116
127483196,4724,D,H,0.3823228998547586,0.24228587811335436,0.3753912220318869
127483197,4724,H,H,0.5137523065832604,0.26253663175305864,0.22371106166368096
127591072,4724,D,H,0.6374962926180255,0.2051402877587276,0.15736341962324682
127591808,4724,H,H,0.6185777579866673,0.23348650764029352,0.1479357343730392
127591809,4724,D,H,0.37965059020405795,0.24339904738186152,0.37695036241408053
127591901,4724,H,H,0.5900560441380502,0.2440547558485753,0.16588920001337448
127663287,4724,H,H,0.4531662591940911,0.29967062612412637,0.24716311468178265
128293508,4634,H,H,0.5308566846797335,0.3063154244271796,0.1628278908930869
128293509,4634,A,H,0.5194031020705848,0.31801090016687333,0.16258599776254187
128293510,4675,D,H,0.42451401267580885,0.326957214067433,0.24852877325675815
128293511,4634,A,H,0.45500851289028027,0.2975886568720582,0.2474028302376615
128293512,4675,A,A,0.21069046771167466,0.19706191052163433,0.5922476217666911
128293513,4634,H,D,0.31892904508130143,0.3498775321987826,0.331193422719916
128293514,4675,A,H,0.4302822508470658,0.32239765880691396,0.2473200903460203
128293515,4634,A,H,0.3628737393372657,0.2871345551808763,0.349991705481858
128293516,4634,A,A,0.30814244884508674,0.2590708531967347,0.43278669795817853
128293517,4675,D,H,0.3698539498392694,0.3208823685770741,0.3092636815836566
128293518,4634,H,H,0.39080000281167365,0.2675044339325844,0.34169556325574196
128293519,4634,H,H,0.8067583358258208,0.1404173153590177,0.052824348815161445
128293520,4675,H,A,0.35512850991119826,0.1839692364962132,0.46090225359258863
128293521,4675,D,H,0.4231358288823514,0.28980673972195026,0.28705743139569845
128293522,4675,H,H,0.5986639605642121,0.28930475849848253,0.11203128093730533
128293523,4675,H,H,0.5653733426786502,0.23608162410274822,0.19854503321860148
128293524,4634,H,H,0.6362855704920677,0.19759764973911428,0.16611677976881808
128293525,4634,A,H,0.3814511815392446,0.25413283947991694,0.36441597898083855
128293526,4675,D,A,0.161510994671848,0.2585503084616566,0.5799386968664954
128991725,4724,D,H,0.3660161464504278,0.28070444869682615,0.35327940485274606
128991727,4724,H,A,0.059090354028361124,0.15973658545158917,0.7811730605200495
129366678,4724,D,H,0.5301894925034698,0.24861043017413662,0.22120007732239363
129366679,4724,D,D,0.3501999991554914,0.36785768776361055,0.281942313080898
129366680,4724,D,H,0.38428957519385876,0.32816108147448736,0.28754934333165383
129366683,4724,H,A,0.28381790525340944,0.2605704506031186,0.45561164414347183
129366684,4724,A,A,0.11543705665813721,0.25677142930483804,0.6277915140370247
129366685,4724,D,A,0.2643477237554737,0.266659334329711,0.4689929419148152
129529400,4724,A,A,0.20355368472141386,0.2514743881452251,0.544971927133361
129540182,4629,A,H,0.43871913540264795,0.2739638900596858,0.2873169745376663
129540348,4630,D,H,0.38094173203486514,0.3048323546659795,0.31422591329915533
129540352,4629,H,H,0.5826561951138933,0.2324771894532071,0.1848666154328996
129583808,4629,A,H,0.5430275666518749,0.25313344979644914,0.20383898355167598
129583809,4630,H,A,0.37194205457096047,0.23972846042854712,0.3883294850004925
129583810,4724,D,A,0.2707340875404845,0.24274641052268345,0.4865195019368319
129583816,4630,H,H,0.5597749636426417,0.18057457405575544,0.2596504623016028
129583818,4630,H,H,0.5406917966433538,0.2151322046993096,0.2441759986573367
129583819,4630,H,A,0.26157697531160057,0.2262888515100781,0.5121341731783213
129583820,4629,D,H,0.563719272060107,0.26869101734864265,0.16758971059125038
129583821,4629,A,A,0.2603318689533674,0.25041675413076675,0.48925137691586584
129583823,4630,H,H,0.7029504873329931,0.15826464225380785,0.13878487041319898
129583824,4629,H,H,0.6319757268754929,0.23093727882235277,0.13708699430215432
129583826,4630,A,A,0.24259956860392068,0.32344544170272466,0.4339549896933546
129583827,4630,A,A,0.19891773234826965,0.23224818885195214,0.5688340787997781
129583828,4630,D,H,0.4162758350230335,0.23313400129743972,0.3505901636795267
129583829,4629,H,H,0.357013047767901,0.29869742954763157,0.3442895226844675
129583830,4630,H,H,0.7262992887261307,0.14973280034162983,0.12396791093223951
130052640,4724,D,H,0.49189489580113244,0.20718274424207253,0.300922359956795
131508731,4630,D,A,0.2971050474426092,0.18600350225001067,0.5168914503073802
131508732,4629,A,A,0.3053421143988215,0.2742008635751128,0.42045702202606555
131508733,4629,A,A,0.23302142787790342,0.24399200052817155,0.522986571593925
131508734,4629,A,A,0.27382972047132326,0.3045880546165648,0.4215822249121118
131508735,4629,D,H,0.4018877367377423,0.2522411292024691,0.3458711340597887
131508736,4629,H,H,0.446625199220863,0.2818273158855683,0.2715474848935687
131508737,4629,A,H,0.6590106250389774,0.19269374352759996,0.14829563143342248
131508738,4634,H,H,0.5961243985577014,0.2754976796436901,0.12837792179860857
131508739,4675,A,A,0.09283127801771655,0.17758195335074073,0.7295867686315427
131508740,4675,H,H,0.7980679781490889,0.13673290228419913,0.06519911956671208
131508741,4630,A,A,0.1301675246438613,0.17017819878712248,0.6996542765690162
131508742,4675,A,A,0.2784278481589252,0.33890381745743187,0.382668334383643
131508747,4675,H,A,0.2617410750720822,0.23906921081686794,0.4991897141110499
131508748,4630,A,A,0.2322114352619598,0.24132733751872856,0.5264612272193117
131508749,4630,A,A,0.3311211647644524,0.32780727011392496,0.3410715651216226
131508750,4630,H,H,0.5248062885896166,0.26888869622381045,0.20630501518657296
131508751,4630,H,H,0.5639593670092841,0.26235129166972426,0.1736893413209917
131508752,4630,D,H,0.6769571717193326,0.1645984756434677,0.15844435263719972
131508753,4630,H,H,0.6660200192787387,0.22583912643873075,0.10814085428253063
131508754,4630,A,H,0.42664046282895607,0.27650179470717406,0.29685774246387
131508755,4675,H,H,0.49991707425608223,0.2763097744611331,0.22377315128278463
131508756,4675,D,H,0.4924474050925081,0.2262742444576056,0.2812783504498862
131508757,4675,D,H,0.4845042148992685,0.27827970586774475,0.2372160792329867
131508758,4675,D,H,0.7613411720972685,0.15448417660244515,0.0841746513002865
131508759,4630,A,A,0.1739078964302666,0.17475861577628263,0.6513334877934508
131508760,4629,D,H,0.48027953966664594,0.24891528656882383,0.2708051737645301
131508761,4629,H,H,0.5145672479104685,0.25064319107690414,0.23478956101262732
131508762,4675,A,A,0.2550330669705055,0.24024149212244666,0.5047254409070479
131508763,4634,H,H,0.6215737422870239,0.23917659562215846,0.13924966209081763
131508764,4629,H,H,0.6273340028728889,0.21776261276434034,0.15490338436277074
131577481,4634,D,H,0.4974944526568171,0.29660915670329613,0.20589639063988677
131577521,4634,H,H,0.5026067198296172,0.244237734875334,0.25315554529504875
131577522,4634,H,H,0.34466406509324504,0.32942254006612376,0.3259133948406312
131577523,4634,D,H,0.5962890439392383,0.23911794208324333,0.16459301397751844
131577524,4634,A,A,0.1340174646936985,0.21864941909034732,0.6473331162159541
131577525,4634,H,H,0.4844756720397713,0.2885073854801789,0.22701694248004986
131577526,4634,H,H,0.5329387430509251,0.22330926045084373,0.24375199649823123
131577527,4634,D,A,0.276902023010069,0.2768519273176788,0.4462460496722522
131856554,4724,H,H,0.5714261112714983,0.251575321157344,0.17699856757115767
131856555,4724,D,H,0.7171320252964833,0.1994886802199727,0.08337929448354398
131856556,4724,A,A,0.3546495526686256,0.2675835401513287,0.3777669071800458
131856557,4724,H,H,0.5702137517708825,0.2683613596777812,0.1614248885513363
131856558,4724,A,A,0.32812066563233205,0.25292773444628824,0.4189515999213797
131856559,4724,A,A,0.12323282229764673,0.15465208962500684,0.7221150880773466
131856560,4724,H,H,0.5595824538172331,0.26308444900119865,0.17733309718156817
131924021,4724,H,H,0.5079177288847612,0.2356519238355104,0.2564303472797284
132162271,4724,A,H,0.39692085821339357,0.30157764562533956,0.3015014961612669
132162272,4724,H,H,0.42234895256549226,0.2474085501536045,0.3302424972809032
134704448,4634,H,H,0.5250096312186541,0.24875039938029012,0.22623996940105584
134704449,4634,A,A,0.15896574767477714,0.2587327981338886,0.5823014541913342
134704450,4634,D,A,0.32955540924826815,0.33413159144814414,0.3363129993035877
134704453,4634,A,A,0.2951829278704691,0.28469944604319525,0.4201176260863357
134704454,4634,H,A,0.2886780057279573,0.27824631976694514,0.4330756745050976
134704455,4629,H,A,0.2889586244722909,0.25796209175231843,0.45307928377539064
134704456,4629,A,A,0.2605516688014497,0.18856667413652942,0.5508816570620207
134704457,4630,H,A,0.24863682906175147,0.25284800707253113,0.49851516386571726
134704458,4630,A,A,0.24229996233162293,0.26192474217189377,0.49577529549648314
134704459,4634,H,H,0.4947960771862574,0.3347628469271012,0.17044107588664137
134704460,4634,A,H,0.5855371837967782,0.2503087477441795,0.16415406845904237
134704461,4634,A,H,0.4891719108302413,0.2850843371913408,0.22574375197841792
134704462,4634,H,H,0.7640511335450684,0.16388207400683974,0.07206679244809183
134704463,4630,A,A,0.15200340288015388,0.18847814427118867,0.6595184528486575
134704464,4634,D,H,0.4103013114139478,0.3084896031238107,0.28120908546224144
136824980,4724,D,H,0.4481669701651255,0.2323884840792137,0.3194445457556609
136868005,4675,D,A,0.20817345672082826,0.2573634130335808,0.534463130245591
136868007,4675,A,H,0.41682022123062246,0.3249199544647923,0.2582598243045851
136868010,4675,H,A,0.19614046450510128,0.21133802665960544,0.5925215088352934
136868012,4675,H,H,0.5372662951256295,0.29754666813499575,0.16518703673937474
136868014,4675,H,H,0.6844466748006766,0.18587780804513504,0.12967551715418846
136868016,4675,H,H,0.5907541437268108,0.248531745622497,0.1607141106506923
136868081,4675,H,H,0.7672674857071313,0.17628995670854025,0.05644255758432841
136868083,4675,H,A,0.28100619159746104,0.3514508551055467,0.3675429532969923
136868084,4675,H,H,0.7933810243553805,0.12348982159635788,0.08312915404826154
136868842,4724,A,A,0.23654184670592962,0.26068121048129567,0.5027769428127747
136869072,4724,H,A,0.23660212032727523,0.2307243885019,0.5326734911708249
136924774,4724,H,H,0.48231288909978315,0.2554441797443219,0.2622429311558949
136924775,4724,D,H,0.6412426003496161,0.20385012469009173,0.15490727496029208
137015131,4724,D,H,0.4772233780334474,0.293204300157663,0.22957232180888962
137015132,4724,A,H,0.45467013700745507,0.3207739557674066,0.22455590722513843
137015133,4724,A,A,0.32736463638103597,0.3326486318638088,0.33998673175515526
137425983,4630,H,H,0.7302000792185585,0.1683678791241275,0.10143204165731398
137425984,4630,A,A,0.2989820342806373,0.22020880693507858,0.48080915878428404
137425985,4630,A,H,0.3764400443700713,0.2582765089683913,0.3652834466615373
137425986,4630,A,H,0.382989855482253,0.2659165706340122,0.3510935738837347
137425987,4630,H,H,0.616690735418757,0.19855464821924698,0.18475461636199605
137425988,4630,H,A,0.3507201582203463,0.21741972779288243,0.43186011398677127
137425989,4630,H,H,0.6827890230121483,0.17102562939373558,0.14618534759411617
137425991,4630,A,A,0.30238797229047765,0.2914073647885894,0.406204662920933
137425992,4630,H,H,0.8387670303414376,0.09104038498357553,0.0701925846749868
137425993,4630,A,A,0.16874855356342724,0.2267068647379899,0.6045445816985828
137426233,4634,H,H,0.4619223884836404,0.2833797253238578,0.2546978861925017
137426234,4634,A,H,0.6420250696397333,0.22390932594323165,0.13406560441703513
137426235,4634,H,H,0.6196843890517291,0.2398451278418459,0.1404704831064251
137426236,4634,A,H,0.4074698881874057,0.27867320145719127,0.3138569103554031
137426237,4634,D,H,0.45930602587043684,0.2817746041250536,0.25891937000450954
137426238,4634,H,H,0.40507900398233193,0.32165224029575423,0.2732687557219138
137426239,4634,D,H,0.5101831648684437,0.30357515072848845,0.18624168440306782
137426240,4634,A,A,0.31339379039697746,0.3398118150293583,0.3467943945736642
137426241,4634,A,A,0.24395530799673013,0.2729539261299491,0.4830907658733208
137426242,4634,D,A,0.2003910197358249,0.21470726695970152,0.5849017133044736
137426298,4629,A,A,0.35175341027522067,0.2207494705595132,0.4274971191652662
137426299,4629,H,H,0.35274300594368996,0.3343742814329862,0.3128827126233238
137426301,4629,H,H,0.6710780029555382,0.20414467403917366,0.12477732300528811
137426302,4629,D,H,0.4970512267536339,0.2333578163555346,0.26959095689083146
137426303,4629,H,H,0.43751689603300054,0.29040464767837654,0.27207845628862287
137426304,4629,H,A,0.33207901545991664,0.26656126101419764,0.4013597235258857
137426305,4629,D,H,0.46272198035112194,0.2577664924258656,0.2795115272230124
137426306,4629,A,A,0.2879382966867479,0.26132365333094537,0.4507380499823067
137426307,4629,A,A,0.16079273107901149,0.18462427792458896,0.6545829909963995
137483653,4724,D,H,0.44869882628535973,0.22341041787968718,0.3278907558349531
137483654,4724,A,A,0.24777035681386672,0.3358767346606603,0.416352908525473
139241035,4634,H,H,0.37187812157348343,0.36394996343633707,0.2641719149901794
139241036,4634,D,H,0.45295618985005304,0.28124420223428204,0.2657996079156649
139241037,4634,A,H,0.40122426466749145,0.32743949899516384,0.27133623633734477
139241038,4634,H,H,0.7145667851628712,0.2043618667410945,0.08107134809603446
139241039,4634,D,A,0.31736422925803986,0.331928654824197,0.3507071159177632
139241041,4634,A,A,0.2637223708679603,0.27056783771383314,0.4657097914182066
139241042,4634,A,H,0.46828244446197154,0.2560013758398188,0.2757161796982096
139241043,4634,A,A,0.25279358611046715,0.26292196727733047,0.4842844466122024
139241045,4634,D,H,0.7496752777627397,0.1493383174378349,0.10098640479942551
139241046,4634,D,H,0.3644183439545473,0.34314803751961365,0.29243361852583905
139737616,4724,H,H,0.584449522833131,0.22482410673265774,0.19072637043421128
139737617,4724,A,A,0.2796344330417578,0.2842252425656722,0.43614032439256994
139737618,4724,H,A,0.2144420485573746,0.26413061067929944,0.5214273407633261
139737620,4724,A,H,0.3800942970284435,0.3236078181876089,0.2962978847839476
139737621,4724,H,A,0.313925082166648,0.25417621760254056,0.4318987002308114
139737622,4724,D,A,0.13860816439559476,0.17638300635728493,0.6850088292471203
139737624,4724,H,H,0.4785041831155975,0.2510122407557453,0.2704835761286573
139737625,4724,D,H,0.6524527323488052,0.21691507674675453,0.13063219090444025
139737626,4724,D,H,0.7434708840194276,0.1778288264245337,0.07870028955603867
139737627,4724,D,H,0.5041928959019568,0.28625200931219724,0.209555094785846
