fixture_id,season_id,y_true,y_pred,p_home,p_draw,p_away
152781768,6435,D,H,0.39374721729474715,0.32065911759447036,0.2855936651107825
152781770,6435,D,H,0.413350766541172,0.3324969142115063,0.2541523192473216
152908782,6435,D,H,0.411998765936796,0.31495217236699335,0.27304906169621057
152908783,6484,H,H,0.48918314236108346,0.21638025987347737,0.29443659776543907
152908785,6435,H,H,0.4910873573336107,0.27649176997221814,0.23242087269417128
153121348,6526,D,H,0.547371754357052,0.23611946773389864,0.21650877790904938
153121349,6526,D,A,0.33891313162851633,0.30632319908232536,0.3547636692891583
153121354,6526,D,A,0.30892327580647094,0.3450687724658212,0.34600795172770793
153121355,6526,D,A,0.23769405296301283,0.308814847435834,0.4534910996011532
153121356,6484,A,H,0.459212428164127,0.2499748275369918,0.29081274429888126
153121359,6484,H,H,0.6718387703412863,0.15340400715140978,0.17475722250730402
153121360,6484,A,H,0.427830288564116,0.26345641919127893,0.30871329224460503
153121361,6484,H,H,0.7092150693655431,0.12292984372940921,0.16785508690504772
153121362,6484,A,A,0.2043969647527459,0.1611001234959634,0.6345029117512907
153121364,6435,D,H,0.44651848373218955,0.3055017440608565,0.24797977220695405
153121365,6484,D,H,0.5131345072141584,0.2186705214300855,0.2681949713557561
153121366,6435,A,A,0.27157926161249785,0.34858502406782055,0.3798357143196817
153121367,6527,H,H,0.6216664268786547,0.1555993845908083,0.222734188530537
153121371,6527,A,A,0.30587951643520217,0.2512854212463156,0.4428350623184822
153121372,6527,A,H,0.4199260173688061,0.23272618523209654,0.3473477973990973
153121383,6527,A,A,0.3218655432770657,0.26435696796824826,0.41377748875468606
153503374,6526,H,H,0.3710907518640222,0.28042043807615236,0.3484888100598254
153503375,6526,D,H,0.5037530670005885,0.29290273208732487,0.2033442009120866
153503376,6484,A,A,0.3329161532720862,0.28375141192113434,0.3833324348067796
153503377,6484,H,H,0.3670663248186617,0.27472686993147954,0.3582068052498587
153503379,6435,D,A,0.2675601065120307,0.3186812660932159,0.41375862739475344
153503380,6526,H,H,0.584328982034289,0.22148910596561316,0.19418191200009777
153503381,6526,D,H,0.36251553651375645,0.30815578932814963,0.3293286741580939
153503382,6527,H,H,0.38317050224307664,0.2576624447785167,0.35916705297840673
153503385,6435,A,D,0.36664699255582156,0.3710314445089965,0.2623215629351819
153503389,6527,A,A,0.2883883723068505,0.3475907864311874,0.36402084126196216
153503390,6527,D,H,0.39370249355592324,0.2724843013263095,0.33381320511776724
153503391,6527,D,H,0.36209149657475975,0.3210168113113578,0.31689169211388246
153503392,6527,H,A,0.3357598755067202,0.3163364896413343,0.3479036348519455
153799321,6435,D,A,0.3367043737467093,0.32397171235312,0.3393239139001708
153799322,6484,D,H,0.3781029185571355,0.2590393239661981,0.36285775747666643
153799323,6526,H,H,0.44295985411222816,0.2775444552692701,0.2794956906185018
153799333,6526,A,A,0.3381081528443755,0.2943331141322145,0.36755873302340986
153799336,6435,H,H,0.4290521546033977,0.2949558624709931,0.2759919829256093
154591797,6597,A,A,0.23067227501524498,0.3185621108034674,0.4507656141812877
154830973,6597,H,H,0.48851599914206256,0.19083091385998616,0.3206530869979512
154830974,6597,D,H,0.5665105412884204,0.21505851699381623,0.21843094171776342
154830975,6597,H,H,0.4508576713655122,0.2741332656702857,0.27500906296420224
154830976,6597,H,H,0.6554241836007232,0.1548775179994558,0.18969829839982105
154830980,6597,D,H,0.4261073362261844,0.31354060503832415,0.2603520587354914
154830984,6597,H,A,0.26797991905311663,0.30347364613129924,0.4285464348155842
155290854,6435,H,H,0.5804406802039772,0.22145381935226752,0.19810550044375524
155290856,6597,A,H,0.38602701646830284,0.2847728438632511,0.3292001396684462
155290863,6435,A,H,0.49979991944250984,0.2700353154692013,0.23016476508828884
155290864,6435,D,H,0.4043736814891537,0.298944446126421,0.29668187238442534
155290865,6435,H,H,0.5837070366615765,0.25895252968325594,0.1573404336551675
155290866,6435,H,H,0.40688937419171867,0.3077394517584973,0.285371174049784
155290867,6435,A,H,0.4285204524679236,0.2962941204486462,0.27518542708343013
155290868,6435,H,H,0.5977159104039919,0.23958374799821472,0.16270034159779334
155658082,6597,A,H,0.3997128429446093,0.2471260013653934,0.3531611556899973
155658106,6435,H,H,0.4233250551502632,0.26174103978828783,0.3149339050614489
155658107,6435,D,A,0.33529645813473113,0.3181239476094429,0.34657959425582596
155658109,6435,H,H,0.43906137342525897,0.22862026263840282,0.33231836393633823
156528090,6527,H,H,0.6146637551046411,0.17212183022728253,0.21321441466807628
156559576,6597,H,H,0.5228559870073333,0.26027002848308106,0.2168739845095857
156783614,6484,H,H,0.5356054482583616,0.21892791330088068,0.2454666384407577
156784040,6484,A,H,0.6360716698861266,0.1627838475497748,0.20114448256409861
156784045,6484,H,H,0.5441732084851012,0.2318207755750412,0.2240060159398576
156784051,6484,H,H,0.8215656193707614,0.10724736200627934,0.07118701862295926
156784053,6484,A,A,0.3442781520618504,0.27076344850198353,0.3849583994361661
156784055,6484,H,H,0.5762446257461707,0.23718073671230108,0.1865746375415282
156784608,6527,A,A,0.28733809313488856,0.2997841125520509,0.41287779431306054
156784989,6484,A,A,0.2165339423397899,0.3065108520471443,0.4769552056130658
156784999,6526,H,A,0.27695926662228565,0.301503090911375,0.4215376424663394
156785000,6526,H,A,0.24905123661180625,0.33089851272391085,0.4200502506642828
156785012,6527,H,H,0.5442723017414378,0.2281573070894544,0.2275703911691077
156785132,6526,H,H,0.5832143706599803,0.20096137028976874,0.21582425905025096
156785133,6526,A,D,0.3366281223072484,0.3541504576275615,0.3092214200651902
156785143,6527,A,H,0.4834079682041229,0.3084993432545985,0.20809268854127855
156833294,6597,A,H,0.6130996680369338,0.16657371827769585,0.22032661368537035
156833297,6597,A,A,0.35470735038299134,0.21302840584748486,0.4322642437695237
156833298,6597,A,H,0.5441167824836892,0.25531518706718803,0.20056803044912278
156833299,6597,D,A,0.31340852867858404,0.2899093806720601,0.3966820906493559
156833300,6597,H,H,0.449418650448629,0.30863410218461584,0.2419472473667551
156833301,6597,D,H,0.49145712026789606,0.2525120228752209,0.256030856856883
156833303,6526,H,A,0.20290416893287597,0.29168035943235715,0.5054154716347669
156833307,6484,H,H,0.6888439853849434,0.16621337335640907,0.1449426412586475
156833310,6484,A,D,0.28904597300126306,0.40480962853423674,0.30614439846450026
156833311,6484,D,H,0.3660336334433438,0.2711649942800051,0.36280137227665105
157282140,6527,H,H,0.5503442462334616,0.26531904671175327,0.18433670705478522
157282604,6527,H,A,0.2909112277655368,0.26362182817236024,0.4454669440621031
157282605,6527,H,H,0.4045840198403896,0.26455125747964425,0.33086472267996625
157282608,6527,D,H,0.3902031786968226,0.2876544298941615,0.3221423914090159
157282771,6526,D,H,0.6862363360578585,0.20153443505747345,0.11222922888466806
157282888,6527,D,H,0.5833382881952148,0.2700672274520212,0.14659448435276404
157282889,6526,H,H,0.45240184544576456,0.25306279409085825,0.2945353604633772
157282890,6526,A,H,0.44117870016116834,0.2971416949479464,0.2616796048908853
157334390,6526,A,H,0.3539138693176861,0.3140939030786639,0.33199222760364994
157334392,6597,H,H,0.5814670768639338,0.21610459916733596,0.2024283239687302
157334395,6597,H,H,0.6024443562451898,0.20250693432575115,0.19504870942905908
157706664,6526,D,H,0.5066167573767213,0.31458910708938725,0.17879413553389142
157706724,6435,H,H,0.42615973844956406,0.23495936731164352,0.33888089423879236
157750800,6526,D,H,0.4616848867855567,0.3110466635098468,0.2272684497045966
157750801,6527,A,A,0.2300372439983073,0.18746568215837917,0.5824970738433136
157750802,6526,A,H,0.4256794229677016,0.2677644793702069,0.3065560976620915
157750803,6526,D,H,0.7193091016178499,0.14712925804947877,0.1335616403326713
157750804,6527,H,A,0.14649072397695265,0.22284933828602263,0.6306599377370247
157750805,6484,A,A,0.2674914674441611,0.21900450812894046,0.5135040244268985
157750806,6527,D,H,0.5783883934048313,0.17585387598316088,0.24575773061200792
157750807,6484,H,A,0.3304073598176332,0.20000052551197278,0.469592114670394
157750808,6484,D,H,0.47039850054200033,0.29599693235547775,0.2336045671025219
157750809,6526,H,H,0.6952731822087227,0.18485233028897502,0.11987448750230224
157750810,6526,D,A,0.27404759581936633,0.32585146767326123,0.40010093650737244
157750811,6526,H,H,0.4188841249706939,0.32741670299989994,0.2536991720294063
157750812,6526,D,H,0.49658426697171704,0.30758504052427105,0.19583069250401194
157750813,6484,A,A,0.20442124309823387,0.2862228740331773,0.5093558828685889
157750814,6484,D,H,0.7258318062563287,0.16326530277807919,0.11090289096559218
157750815,6484,D,A,0.2130866888003767,0.2032678777146646,0.5836454334849587
157750816,6484,A,A,0.30009678444637083,0.2365399079894611,0.46336330756416805
157750817,6484,H,H,0.5033590715382826,0.2327227458999579,0.2639181825617596
157750818,6484,D,H,0.673504171355721,0.10271522852736115,0.2237806001169178
157750819,6527,H,A,0.31976039666285927,0.250653075153685,0.4295865281834557
157750820,6435,D,A,0.17150674389123122,0.2731342520131815,0.5553590040955874
157750821,6435,H,H,0.40905504086225336,0.31656076810973627,0.2743841910280103
157750822,6435,A,H,0.4645605219483376,0.27863684502776015,0.2568026330239023
157750823,6435,H,H,0.48706607407185426,0.2894869894108929,0.22344693651725286
157750824,6435,A,A,0.31282283265719013,0.24261785356651477,0.444559313776295
157750825,6435,D,A,0.29401182238689844,0.3039255184527108,0.4020626591603907
157750826,6526,H,A,0.3008609588613354,0.24581358460738567,0.45332545653127904
158001286,6526,H,H,0.3698631665738268,0.32143682920529176,0.30870000422088134
158001287,6526,A,A,0.30404401396778724,0.30258022250219213,0.39337576353002063
158001288,6435,D,H,0.5340600199006258,0.25360684954026685,0.21233313055910738
158001289,6435,D,H,0.48582885860502023,0.2533290401888929,0.2608421012060868
158001310,6484,A,H,0.4977642436204955,0.1847085691299619,0.31752718724954254
158222940,6435,H,H,0.5633165299422493,0.24048896996470673,0.19619450009304398
158946180,6435,H,H,0.8126143255228598,0.13729806839790012,0.05008760607924003
158946197,6527,H,H,0.3863268484696146,0.2732581532546734,0.340414998275712
158946598,6435,A,A,0.2998383501541663,0.2723133123919288,0.4278483374539049
158946602,6527,A,A,0.20135767105652852,0.32051255774227555,0.4781297712011959
158946634,6435,H,H,0.5977526303565218,0.1959113976589251,0.20633597198455303
158946773,6527,A,A,0.23599273234766543,0.2075084024543432,0.5564988651979913
158946782,6435,D,A,0.21465719921961834,0.2754425954167942,0.5099002053635875
158946783,6435,A,H,0.4603468617610323,0.24255044648567803,0.2971026917532897
159468224,6435,H,H,0.6227576920974766,0.21082380156954547,0.16641850633297806
159468225,6435,H,A,0.32830578947245503,0.30578302319737205,0.36591118733017286
159468234,6527,A,A,0.2839410169115497,0.2899988305608282,0.426060152527622
159468238,6527,H,A,0.27227560395487116,0.26147821332280297,0.466246182722326
159468407,6435,A,H,0.3811116841157361,0.27819435850931046,0.3406939573749534
159468437,6435,D,H,0.5774360177883492,0.19716083711352708,0.2254031450981237
159468531,6435,H,H,0.6222838939724433,0.20766483869885988,0.17005126732869688
160980090,6597,H,H,0.6057844791598296,0.15084238582952128,0.24337313501064906
161252166,6484,A,A,0.3821222207522689,0.21560361499175668,0.4022741642559744
161252167,6484,H,H,0.4515209195466231,0.35633917006550964,0.1921399103878673
161252168,6484,H,H,0.8243921971410305,0.11565293025130544,0.059954872607664036
161252169,6484,A,H,0.7283904953011288,0.12777149694617476,0.14383800775269662
161252170,6484,D,H,0.572333639311447,0.20417581155784273,0.22349054913071037
161252171,6484,D,H,0.623272757086182,0.1856477374106693,0.1910795055031487
161252172,6484,D,H,0.750703867723279,0.15121224839497446,0.09808388388174658
161252173,6597,A,A,0.2419972459567563,0.3725212643655172,0.3854814896777266
161252174,6484,A,H,0.36721635105972533,0.2968380803084824,0.3359455686317922
161252175,6597,H,H,0.5364848848605224,0.2658495193528023,0.19766559578667534
161252176,6597,A,A,0.23109008584460963,0.16542464626933134,0.603485267886059
161252177,6597,A,A,0.12581120330633347,0.30139208594769223,0.5727967107459743
161252217,6597,A,H,0.48226120950233503,0.19928924246008006,0.31844954803758496
161252218,6597,D,H,0.5826527056704475,0.20096837221046387,0.21637892211908857
161792352,6484,A,H,0.47529140929877334,0.22831842956725082,0.2963901611339759
161792354,6484,A,A,0.29549508615186765,0.3054642884278843,0.39904062542024804
161792356,6597,A,H,0.5572243083374016,0.20137541381692822,0.24140027784567017
161792357,6527,D,H,0.43246447080668127,0.30655753805260066,0.2609779911407181
161792358,6527,H,A,0.33880406613427316,0.27354714592047147,0.3876487879452552
161792359,6527,A,H,0.5951087894476529,0.22834936047107485,0.17654185008127238
161792366,6597,H,H,0.4343552142238417,0.3410620217777181,0.22458276399844018
161792368,6527,H,H,0.6977889011091104,0.19384623275384535,0.10836486613704423
162252209,6435,H,H,0.6836516171394981,0.21025230895171249,0.10609607390878949
162252210,6435,A,H,0.3744196753801704,0.35719342834551804,0.2683868962743116
162252211,6435,A,A,0.20764692992236153,0.18338776673778104,0.6089653033398573
162252216,6435,A,A,0.14937578053402276,0.25708780962164735,0.59353640984433
162252217,6435,H,H,0.4036332884828173,0.26189917283778313,0.33446753867939955
162252218,6435,H,H,0.4889239542688761,0.23094164809778728,0.2801343976333368
162252219,6435,A,H,0.4710276556465919,0.2469233130611894,0.28204903129221887
162252220,6435,H,H,0.5302009144548557,0.25964334995905713,0.21015573558608716
162252258,6435,H,H,0.6051119399096694,0.28709473261938584,0.10779332747094474
162252259,6435,H,H,0.651151921036678,0.21473382071713945,0.13411425824618262
162525188,6526,H,H,0.48369259207580895,0.2577265828716357,0.2585808250525553
162525190,6526,A,H,0.4394563191635377,0.35623327091680845,0.20431040991965382
162525191,6527,D,H,0.6029572328538779,0.20134450104804086,0.19569826609808116
162525206,6526,D,A,0.34538916011583914,0.3085848304422342,0.3460260094419265
162525209,6526,H,H,0.7637985737154838,0.16325477899858698,0.07294664728592924
162525213,6527,A,A,0.145286853406789,0.3056478459994673,0.5490653005937437
162525214,6526,D,A,0.22167950684480042,0.2529403134886557,0.5253801796665439
162525216,6527,H,H,0.5476869930919163,0.23471865729684974,0.217594349611234
162525223,6526,D,A,0.289008418672669,0.28513176692675546,0.4258598144005754
162525238,6527,H,A,0.16732537584266596,0.25899158499121927,0.5736830391661147
162525249,6527,H,H,0.6408262056459737,0.21341417190463857,0.14575962244938764
162525261,6526,D,A,0.17902395001175267,0.23731600198211722,0.58366004800613
162525282,6526,A,A,0.3104118178180282,0.288471758420789,0.40111642376118284
162525284,6526,D,D,0.29878509435884304,0.3642359556859532,0.3369789499552037
162525285,6526,H,A,0.3472189016801203,0.2536995224955353,0.39908157582434434
163194222,6527,H,H,0.5752360891089439,0.23025508403640269,0.1945088268546535
163194227,6597,A,D,0.3595541232715066,0.3632070524687445,0.2772388242597489
163194237,6435,A,H,0.3410191725343772,0.3243153329210083,0.3346654945446145
163194238,6435,H,H,0.5747115756376401,0.23726813762334104,0.18802028673901888
163461421,6527,D,H,0.4362628747730577,0.22974435843725632,0.33399276678968587
163461432,6527,D,A,0.05382439066870876,0.16043066918885593,0.7857449401424352
163461451,6527,D,H,0.49519619381664226,0.24469667749801702,0.26010712868534075
163461452,6597,H,H,0.53412942884433,0.28868979373181997,0.17718077742385002
163461453,6484,D,H,0.473592876478836,0.20599802432904155,0.3204090991921225
163461459,6484,H,H,0.6461530351120386,0.17327265050006505,0.1805743143878964
163461460,6484,D,H,0.4441626587937989,0.24756653309981738,0.30827080810638363
163461461,6484,H,H,0.778763415843846,0.1151869271511691,0.10604965700498488
163461462,6484,D,H,0.4503316434634954,0.2976592905990294,0.2520090659374753
163461463,6484,H,H,0.5424988659404807,0.21572488471178528,0.24177624934773398
163461464,6484,H,H,0.6295052765627168,0.22853846238696687,0.14195626105031625
163461465,6597,D,H,0.5446084688272709,0.268991186125313,0.18640034504741612
163461466,6597,H,H,0.45169165941755457,0.3219550835990839,0.2263532569833616
163461467,6597,A,A,0.21769763434562778,0.1835612872923532,0.5987410783620188
163461468,6597,A,H,0.42145895647151277,0.3267354906289969,0.2518055528994903
163461470,6484,A,A,0.32515583457163855,0.29041559827019836,0.38442856715816304
163976485,6527,H,H,0.7341930785832614,0.15272023560816117,0.11308668580857746
163976493,6526,A,H,0.39765069565050337,0.21946681155753087,0.3828824927919658
163976494,6527,A,A,0.1927141750912992,0.23813002757613216,0.5691557973325685
163976497,6597,D,A,0.3728969935383795,0.23443457215169836,0.3926684343099221
163976499,6597,H,H,0.4260202908345659,0.264087031398001,0.30989267776743307
163976500,6484,D,H,0.6644233267283991,0.17606798857977093,0.15950868469183002
163976501,6527,H,D,0.24823733107619952,0.38428225615424566,0.36748041276955473
163976502,6527,D,A,0.21916423592792958,0.2617082773184584,0.519127486753612
163976503,6527,H,A,0.3372855938757911,0.3009567520700721,0.3617576540541367
163976505,6597,H,H,0.74795471622565,0.16726760888010783,0.08477767489424214
163976509,6484,D,H,0.503802733608383,0.24020127866316304,0.25599598772845383
164451535,6526,H,H,0.5806420875964751,0.2298603590547983,0.18949755334872662
164451536,6526,A,A,0.28747259541232173,0.3073727971065886,0.40515460748108983
164451537,6526,H,H,0.40599065338423074,0.26421263174140547,0.3297967148743639
164451538,6526,D,H,0.5698230910274629,0.26373534139826144,0.1664415675742756
164451539,6526,D,H,0.47537417930407044,0.23149025411240085,0.29313556658352863
164451540,6526,H,A,0.21274892230632203,0.30871429111336884,0.47853678658030907
164451541,6526,A,H,0.5141758675707806,0.25744866036626024,0.2283754720629592
164451542,6526,A,H,0.5082631244288581,0.3110233820843882,0.1807134934867537
164451547,6526,A,H,0.6056539755916482,0.2181445038759123,0.17620152053243945
165444903,6435,H,H,0.5302426411058329,0.27137847701029355,0.19837888188387356
165530213,6435,D,A,0.3749083882040566,0.24897575292323754,0.37611585887270577
165530214,6435,A,A,0.18672989318876482,0.2251203428014589,0.5881497640097763
165530215,6435,H,A,0.344438507122225,0.30616239129204864,0.3493991015857264
165530234,6435,H,A,0.33026958130865014,0.3013517805529993,0.36837863813835053
165744639,6435,D,A,0.32301051717240503,0.3209599814600938,0.3560295013675012
165745866,6435,H,H,0.4313349267426815,0.3368745687180342,0.23179050453928424
165746575,6435,H,H,0.826375265533842,0.11801721633039106,0.05560751813576685
166356394,6435,D,H,0.6659458970462715,0.20532694941006982,0.12872715354365874
166422933,6484,H,H,0.46485514179070925,0.1786324048035657,0.35651245340572507
166422934,6484,D,H,0.4710422085354628,0.2552532484492702,0.273704543015267
166422935,6484,H,H,0.7063183550033011,0.1459399355246646,0.14774170947203435
166422942,6484,A,A,0.2754892528951085,0.19103425005005265,0.5334764970548388
166422943,6484,A,A,0.07131014504701018,0.17114892158258466,0.7575409333704052
166422948,6484,D,A,0.22235041144268078,0.2657307598709576,0.5119188286863616
166422954,6484,A,H,0.4255984139727041,0.22939587906996878,0.34500570695732713
166422955,6484,H,A,0.239417042000587,0.23770780983181092,0.522875148167602
166422956,6484,D,A,0.16247035088820852,0.15535547728345184,0.6821741718283396
166422957,6435,A,H,0.6124769354002287,0.24751142587269764,0.1400116387270736
166997679,6484,H,H,0.6082032827115514,0.19846593505085258,0.193330782237596
166997680,6526,A,D,0.337788030955088,0.3754058091839371,0.286806159860975
166997681,6526,H,H,0.7914041228029799,0.1448194272099622,0.06377644998705793
166997682,6527,H,A,0.19113275665349735,0.24896181292705372,0.559905430419449
166997684,6526,D,A,0.2478521625159867,0.27269446002347875,0.4794533774605345
166997686,6597,A,H,0.5602053366651627,0.29132670158816687,0.14846796174667043
166997687,6527,A,A,0.362894310292466,0.27277705939429964,0.3643286303132344
166997688,6527,D,H,0.640702315106093,0.24153809838021506,0.11775958651369192
166997690,6597,A,A,0.21469232704485916,0.29293298987616107,0.49237468307897986
166997692,6526,H,H,0.6874256373456055,0.20845196651139397,0.10412239614300065
166997693,6526,H,H,0.4631674433699826,0.25916830549110226,0.2776642511389151
166997694,6526,A,A,0.2228824506140657,0.3246828419769836,0.4524347074089508
166997695,6526,D,A,0.32317676977588866,0.30804733124172945,0.36877589898238194
166997696,6527,A,A,0.22615014843940892,0.2686611460884221,0.505188705472169
166997698,6597,D,H,0.4784356206677154,0.27383576271037974,0.24772861662190485
166997700,6526,A,A,0.26612931294996084,0.2692306423254858,0.4646400447245534
166997701,6527,D,H,0.4660368894730854,0.17389881832967208,0.3600642921972425
166997702,6597,H,H,0.4415996720633796,0.31092343971195197,0.2474768882246685
166997703,6597,A,H,0.4568653523270479,0.2820170427502179,0.26111760492273417
166997704,6597,D,A,0.17213453395340253,0.2631577553980306,0.564707710648567
166997705,6597,A,H,0.6266037384986244,0.25308898886632347,0.12030727263505217
166997706,6597,H,H,0.47499625540341217,0.24642964729016142,0.27857409730642646
166997707,6526,A,A,0.24007173477143762,0.2665924732491839,0.4933357919793785
166997708,6527,H,H,0.6119961821815031,0.1838212505883107,0.2041825672301862
166997709,6526,H,H,0.6817872249113202,0.22467910364357116,0.09353367144510868
166997710,6597,H,H,0.5970723152208762,0.2193049833297082,0.1836227014494156
166997711,6527,H,A,0.27061486518155164,0.3204097598802838,0.4089753749381644
166997712,6435,A,A,0.2726440319723264,0.3431516926032384,0.38420427542443514
166997713,6435,D,A,0.2937953984817239,0.3286036175103493,0.3776009840079267
166997714,6435,A,H,0.42793767510387837,0.31016967752507,0.2618926473710516
166997715,6435,H,H,0.7817379552269176,0.14500022438357169,0.07326182038951065
166997716,6435,D,H,0.4286908293473859,0.26380489258702244,0.3075042780655916
166997717,6435,H,H,0.7685566323850807,0.15448029036728345,0.07696307724763601
166997718,6435,D,H,0.41081172252785014,0.30706944887131815,0.28211882860083165
166997719,6435,H,H,0.6645492088387627,0.2288043739729049,0.10664641718833238
167336769,6527,A,H,0.41589939427142286,0.25404130914333306,0.33005929658524413
167336770,6527,H,H,0.8118847430059244,0.1391130246629049,0.049002232331170736
168157236,6435,A,A,0.24160560753337015,0.330377339091864,0.4280170533747657
168240949,6435,D,A,0.3023974967641079,0.27663420898284835,0.4209682942530438
168240950,6435,D,H,0.40920164532025805,0.33201597960085905,0.25878237507888296
168240953,6435,H,A,0.105820831272744,0.2063860904630968,0.6877930782641593
168240955,6435,H,H,0.4630164437844618,0.2926390052593138,0.24434455095622434
168447351,6435,H,H,0.4173525263018532,0.27389065060355244,0.3087568230945944
168448723,6435,D,H,0.6250722367359828,0.23068237303044078,0.1442453902335765
169079955,6435,D,H,0.4264478775921417,0.36684134152292824,0.20671078088493008
169081170,6435,H,H,0.7228447165480686,0.17966538247065783,0.0974899009812735
169150142,6484,D,A,0.2953422988028882,0.238466203478126,0.4661914977189858
169150145,6484,H,H,0.5719558214339027,0.24565651537418315,0.18238766319191416
169150146,6484,H,H,0.7488743317102529,0.15282321225287032,0.09830245603687679
169150147,6484,H,H,0.761744485008182,0.14686954394340074,0.09138597104841725
169150148,6484,H,H,0.46441300119792944,0.26247509003089176,0.2731119087711788
169150149,6484,H,A,0.2341910033314233,0.2874443807195837,0.47836461594899304
169150151,6484,H,A,0.24174853431014914,0.20504650025298715,0.5532049654368636
169150152,6484,D,H,0.5869383806752587,0.20210793028588006,0.21095368903886125
169150153,6484,D,H,0.44789444689990476,0.28106001934522024,0.2710455337548751
169150156,6484,A,A,0.21442358454737648,0.18022463342571762,0.6053517820269059
169703210,6435,H,H,0.5152804558920832,0.310584489487997,0.17413505461991985
169762468,6526,H,A,0.2977859011625856,0.23743666345636968,0.46477743538104477
169762469,6527,D,A,0.14573110364788172,0.1701090621029496,0.6841598342491687
169762470,6597,D,H,0.7146535377782084,0.18248384096346223,0.10286262125832937
169762471,6526,D,A,0.20109147877690467,0.30329041167637527,0.49561810954672
169762472,6597,D,A,0.269979523361671,0.2470901060031509,0.4829303706351781
169762473,6527,H,H,0.4984111752826967,0.3126022374360069,0.18898658728129633
169762474,6527,D,A,0.27707516105425845,0.27598517378448095,0.44693966516126066
169762475,6527,H,H,0.44660785625077687,0.3205825701606968,0.23280957358852636
169762476,6597,A,H,0.48191552766215273,0.25732334053019246,0.26076113180765476
169762477,6526,H,H,0.5744546123622034,0.27691483237512504,0.1486305552626716
169762478,6526,D,H,0.4622028261694584,0.28597005098368744,0.25182712284685416
169762479,6527,H,A,0.28736941850181874,0.25684315597377716,0.4557874255244041
169762482,6526,D,H,0.6562097811228669,0.20302214020812648,0.14076807866900656
169762484,6527,A,A,0.286341147135119,0.23783794929646004,0.475820903568421
169762486,6526,H,H,0.6658490910373406,0.20800051390786942,0.12615039505479006
169762487,6527,H,H,0.5296615769070756,0.2303550793124194,0.23998334378050495
169762488,6597,A,H,0.5167268871111439,0.24067697062256815,0.24259614226628792
169762489,6526,H,H,0.5969999995308527,0.2671798982823505,0.1358201021867968
169762491,6527,H,A,0.22997753386394293,0.33338305784030314,0.43663940829575393
169762492,6597,A,H,0.4435008524586855,0.23525525553201623,0.3212438920092983
169762493,6597,H,H,0.4486434886056573,0.2546653218418663,0.29669118955247636
169762494,6597,A,H,0.363731222914824,0.3338386895803826,0.3024300875047934
169762495,6597,D,H,0.8132564303037759,0.14540052128568667,0.04134304841053739
169762496,6526,H,D,0.3228723681376814,0.4252016526486247,0.2519259792136939
169762497,6526,H,H,0.47532448738847816,0.33342226660547447,0.1912532460060473
169762498,6527,D,H,0.6714916992068202,0.18133200449392958,0.14717629629925022
169762499,6597,H,D,0.3470946171178293,0.366154497449542,0.2867508854326287
169762500,6526,H,H,0.5239751471763522,0.25282776535975154,0.22319708746389633
171009035,6435,D,H,0.4492437881371272,0.31686085901912947,0.23389535284374346
171082432,6435,D,A,0.29941693952650583,0.2647017593516169,0.4358813011218773
171082433,6435,H,H,0.3769015661373172,0.33747193742521636,0.28562649643746646
171082434,6435,A,A,0.1169930432309818,0.22796772915961092,0.6550392276094072
171082435,6435,H,H,0.4386616365651959,0.27302401718129743,0.2883143462535067
171082436,6435,H,H,0.7318048529437675,0.17457187012333142,0.09362327693290105
171082437,6435,A,A,0.19063868691877306,0.31288252276124584,0.4964787903199811
171082438,6435,A,A,0.26472813489495034,0.3073136546597103,0.42795821044533944
171082439,6435,D,H,0.5110373301828994,0.24856365526970595,0.24039901454739457
171082440,6435,H,D,0.30652713588488345,0.3860149187714758,0.3074579453436408
173892549,6597,H,H,0.5850175101446906,0.2362526010052206,0.17872988885008875
173892561,6435,A,H,0.554079785005835,0.3121073424819158,0.13381287251224924
173892565,6527,D,H,0.5570765829108987,0.17137853689112997,0.27154488019797135
174190733,6527,H,H,0.7416015477265014,0.15032397577736292,0.10807447649613561
174190734,6435,A,A,0.22391403370347468,0.3121312563047344,0.46395470999179084
174190735,6526,H,H,0.4899946321524231,0.23850730888127836,0.2714980589662986
174190736,6527,A,A,0.15483517498491325,0.2516414558409431,0.5935233691741436
174190737,6597,H,H,0.5530784851532616,0.2287595323912249,0.2181619824555134
174190738,6435,A,H,0.4967926984533538,0.2994977459556539,0.20370955559099227
174190739,6484,H,A,0.2514534107135723,0.1995697540098901,0.5489768352765376
174190742,6526,H,H,0.73208221457366,0.17495530362942277,0.09296248179691721
174190764,6527,D,A,0.2879130732922984,0.2779455086938109,0.4341414180138906
174190765,6435,A,D,0.29115145467735126,0.3825739143185705,0.32627463100407805
174190766,6484,A,H,0.4329096948908148,0.2805410711391141,0.28654923397007115
174190767,6484,A,A,0.3885214763930222,0.21312645037567893,0.3983520732312988
174190768,6484,H,H,0.4839372190201726,0.21892818626456162,0.29713459471526577
174190769,6484,A,H,0.49933802191885157,0.22615710319006493,0.27450487489108344
174190770,6597,H,H,0.4391944273880218,0.2857729781448342,0.27503259446714406
174190771,6597,A,H,0.3713681312756836,0.27572183267769973,0.3529100360466167
174190772,6597,H,H,0.512600196656896,0.2799767432977633,0.2074230600453407
174190773,6597,H,H,0.7205294721802535,0.17137888437933804,0.10809164344040846
174190774,6526,D,A,0.24162947744127777,0.315472148073106,0.44289837448561636
174190775,6526,D,H,0.48022085899481454,0.26681119943014076,0.25296794157504476
174190776,6435,H,H,0.5950422649240337,0.2540422325773579,0.15091550249860844
174190777,6484,H,H,0.6974901144658495,0.17988876732616046,0.12262111820798997
174190782,6484,A,D,0.323236360387642,0.3542219026667056,0.32254173694565236
174190783,6597,H,H,0.5753647476057712,0.28372327265717984,0.140911979737049
174815179,6435,H,H,0.7415083039476661,0.1756735558757357,0.08281814017659829
174815180,6527,A,A,0.1254181984981796,0.2332928152856669,0.6412889862161536
174815182,6435,D,H,0.4515009706729544,0.32607205513277326,0.22242697419427246
174815183,6526,H,H,0.49632955811521146,0.29805902178497373,0.2056114200998147
174815184,6597,A,H,0.4854198376512279,0.30466811501382,0.20991204733495208
174815186,6527,D,A,0.3323925760113527,0.25272046018914784,0.41488696379949946
174815187,6527,D,H,0.5449133403837285,0.2285015283374131,0.22658513127885835
174815188,6435,H,H,0.6749856558914386,0.20537144705568108,0.1196428970528803
174815189,6597,A,A,0.2277450381598601,0.3507121203643337,0.4215428414758063
174815190,6526,A,A,0.1584517077496646,0.22647977710231468,0.6150685151480206
174815191,6526,A,A,0.25748991196678134,0.2647914830086885,0.47771860502453023
174815192,6527,A,A,0.25187574778960004,0.3024845316324021,0.445639720577998
174815193,6484,A,A,0.04483599628924413,0.13340573013955873,0.821758273571197
174815194,6435,H,H,0.4253954746315197,0.28020057231831647,0.29440395305016376
174815195,6526,A,A,0.24395363855974161,0.26359143985489036,0.49245492158536813
174815239,6527,H,H,0.35033857025835563,0.3179483846814427,0.3317130450602017
174815241,6484,H,H,0.7179056264408843,0.12206426457096715,0.1600301089881486
174815242,6526,A,A,0.39689672399325954,0.20124866007451658,0.4018546159322239
175378050,6435,A,H,0.4100561975533878,0.33307879398568124,0.2568650084609309
175378051,6484,H,H,0.5256237703466454,0.21166982024132194,0.26270640941203255
175378052,6526,A,H,0.5823121036281483,0.25895126816321273,0.15873662820863893
176188618,6484,A,A,0.21822354126335822,0.27522166886852384,0.5065547898681179
176188619,6597,D,H,0.40505943947785134,0.3126665624016057,0.28227399812054293
176188625,6435,A,A,0.24182402977358045,0.32658720181452694,0.4315887684118926
176188626,6526,H,A,0.27679142819784675,0.32361050127620616,0.39959807052594704
176188627,6526,H,H,0.35108443866863903,0.33455970978019167,0.3143558515511693
176455462,6597,D,A,0.18655567091325037,0.27471948548798686,0.5387248435987627
176455467,6484,H,H,0.5253054096282205,0.23841251311589665,0.23628207725588288
176455468,6597,H,A,0.25995034259155353,0.2861681446020543,0.45388151280639216
176455469,6597,H,H,0.4746002892467718,0.2627216546028142,0.26267805615041406
176455470,6597,H,H,0.7968164180017359,0.1405149892190073,0.06266859277925677
176455472,6435,A,A,0.23928301164351698,0.3112071529378,0.44950983541868295
176455474,6526,H,H,0.6522181812558089,0.1999634590520545,0.14781835969213666
176455475,6484,H,H,0.8721950000484278,0.10123260558526101,0.026572394366311366
176455476,6484,D,H,0.44493701045462514,0.2686310092447557,0.28643198030061917
176455482,6435,A,A,0.3721384648668403,0.22165685465196372,0.406204680481196
176455484,6435,H,H,0.40156887774136435,0.33496363077991,0.2634674914787258
176455485,6484,D,A,0.3072635610477326,0.2536582557738569,0.4390781831784105
176455486,6526,H,H,0.4361699117858952,0.26098976125547824,0.3028403269586266
176455492,6435,H,H,0.5035749725164429,0.2732984331486548,0.2231265943349023
176455494,6484,D,H,0.7039927092102315,0.184314261749629,0.11169302904013947
176455495,6597,D,H,0.4042986708715792,0.25393934988948996,0.34176197923893076
176455497,6526,H,H,0.7209728167186519,0.20165471923552136,0.07737246404582675
176981611,6435,A,H,0.42455724149406054,0.27478599262552283,0.3006567658804166
176981612,6526,H,H,0.4825528419549694,0.27405011606775764,0.24339704197727283
176981613,6597,D,H,0.49845945631847854,0.2826319113354516,0.21890863234606994
176981614,6435,H,H,0.45648185786671935,0.2329494929566991,0.31056864917658145
176981615,6526,D,H,0.4861579733688964,0.22588751314759356,0.2879545134835101
176981616,6597,D,H,0.5866419532731866,0.21244245884348237,0.20091558788333105
176981617,6484,D,A,0.32041505171903695,0.21454625555078274,0.46503869273018045
176981620,6435,D,H,0.5978412443862163,0.25306311225809364,0.14909564335569006
176981621,6597,A,A,0.05742663227988245,0.1541769578521235,0.7883964098679942
176981622,6526,D,H,0.4217107357243442,0.3690037430581124,0.2092855212175434
176981623,6526,H,H,0.5900925158575983,0.2849596010862341,0.12494788305616765
176981624,6484,H,A,0.3389420982053243,0.2964661917526862,0.3645917100419894
176981625,6484,H,A,0.16981343372522242,0.17022643530279308,0.6599601309719846
176981626,6484,H,H,0.5680655548786778,0.2101715442849132,0.221762900836409
176981630,6526,D,H,0.47216428723996784,0.2981488731392667,0.22968683962076544
176981641,6435,H,A,0.274332326706061,0.27653427955506865,0.44913339373887035
177491191,6435,D,H,0.4120098211018761,0.28297544918273393,0.3050147297153899
178194477,6527,A,A,0.23080758982461091,0.16755080452408724,0.6016416056513019
178194479,6527,H,A,0.34935505067734546,0.24171205946383803,0.4089328898588165
178194480,6527,A,A,0.14452288394759488,0.3415626158544465,0.5139145001979586
178194481,6527,H,A,0.2459609279379831,0.22935917799880431,0.5246798940632126
178194484,6527,A,H,0.47526468772818714,0.19677326793139774,0.32796204434041515
178194486,6527,A,H,0.3881577097968423,0.2775859340350673,0.33425635616809035
178194487,6527,H,H,0.427287626428778,0.31822677612252726,0.25448559744869487
178194490,6527,H,H,0.6709129705068314,0.19633305606180587,0.1327539734313627
178650201,6527,D,H,0.4734622637482706,0.2601694817622257,0.2663682544895037
179595223,6484,D,A,0.37284349954140555,0.2148706627527906,0.4122858377058038
179595224,6484,H,H,0.6065036438591332,0.17163408521271883,0.2218622709281479
179595225,6484,D,A,0.20275710191816887,0.3313990377971314,0.46584386028469976
179595226,6484,H,H,0.3538388043884692,0.3204826438895748,0.3256785517219559
179595227,6484,H,H,0.6077683003296861,0.23682986128713082,0.15540183838318317
179595228,6484,H,H,0.6488876019266666,0.1526934377634027,0.19841896030993067
179595229,6484,D,H,0.3871594677765312,0.28539442037798746,0.3274461118454814
179595230,6484,H,A,0.15500194243176224,0.14106557424862745,0.7039324833196103
179595231,6484,H,A,0.2855679991815327,0.20190212513481656,0.5125298756836506
180209799,6484,H,H,0.5787474842754552,0.19834675613325334,0.22290575959129139
180209800,6435,D,H,0.35389604424544724,0.32355021375297455,0.3225537420015782
180209801,6527,A,A,0.2865728678036728,0.18917943616632565,0.5242476960300015
180209802,6435,A,H,0.4216640140604778,0.3592630013165387,0.2190729846229834
180209803,6597,H,H,0.4949522444108673,0.2840615627007224,0.2209861928884102
180209804,6527,H,H,0.43770488434068944,0.31178247322919905,0.2505126424301114
180209805,6527,H,A,0.30434911778872553,0.26243497501393803,0.4332159071973363
180209806,6435,H,H,0.9043967746862452,0.07936237064553836,0.01624085466821628
180209807,6597,D,H,0.6556128332760115,0.21967130653500522,0.12471586018898333
180209808,6527,H,H,0.4544279092009505,0.25612076209500745,0.2894513287040421
180209809,6435,H,H,0.6285771398581647,0.23125194977817234,0.14017091036366297
180209810,6527,H,A,0.1796182145237791,0.26562905579324925,0.5547527296829716
180209811,6435,A,A,0.18208522277074762,0.2322723005562556,0.5856424766729967
180209812,6527,A,A,0.32753751200005443,0.2671144684587656,0.40534801954118
180209813,6597,H,H,0.44622394450352315,0.30078881452594436,0.2529872409705323
180209814,6435,D,H,0.5712826646677504,0.23240181771890378,0.19631551761334587
180209815,6527,H,H,0.7389838139514585,0.14513958530785692,0.11587660074068465
180209816,6435,H,H,0.5615196077828124,0.2624224120783879,0.17605798013879972
180209817,6597,H,A,0.25462175509853957,0.30136473299799,0.4440135119034704
180209818,6597,D,H,0.41310679708270354,0.32724788598972887,0.2596453169275676
180209819,6597,A,H,0.49742792099359456,0.2868001866187559,0.21577189238764968
180209820,6597,H,H,0.6860840600432413,0.22791807054109398,0.0859978694156648
180209821,6597,H,H,0.799461565154838,0.13723615633662614,0.06330227850853574
180209822,6435,H,H,0.5542152172464354,0.31004603151122223,0.13573875124234236
180209823,6527,D,H,0.4498474533356458,0.2592568890353959,0.29089565762895825
180209824,6435,H,H,0.3973853528879885,0.34764405104955887,0.25497059606245265
180209825,6597,D,H,0.6630584113944721,0.17302234998938518,0.16391923861614274
180209826,6527,A,H,0.7476180538143836,0.15187881794777677,0.1005031282378396
180209827,6526,H,H,0.5840519216276657,0.23743297682766945,0.17851510154466482
180209828,6526,A,A,0.2965889762281668,0.2528189258493938,0.45059209792243937
180209829,6526,A,A,0.11492944986382521,0.21536404526180677,0.6697065048743681
180209830,6526,D,H,0.583912354758151,0.2543017690807877,0.16178587616106124
180209831,6526,H,H,0.7318470691597154,0.17856246206187634,0.08959046877840823
180209832,6526,H,A,0.28944133536112,0.2787705914672071,0.4317880731716729
180209833,6526,A,A,0.21163048744279045,0.2297279686593742,0.5586415438978354
180209834,6526,A,H,0.4966417621686707,0.2625723179127723,0.240785919918557
180209835,6526,H,H,0.4020741858572656,0.2863702170910008,0.3115555970517335
180209836,6526,A,A,0.3368763739062346,0.3235417518761736,0.33958187421759184
180209839,6435,H,H,0.39805624714231547,0.3523399931142906,0.24960375974339383
181508812,6526,A,A,0.3577843540964502,0.26270555442824284,0.37951009147530684
181723791,6526,H,H,0.5373235173757863,0.3174719197950577,0.1452045628291561
181724598,6526,A,A,0.21210945446193763,0.22347416654097468,0.5644163789970877
181724798,6526,A,A,0.13551943508600658,0.2875258777301007,0.5769546871838926
182340187,6526,A,A,0.16578497641277576,0.23314832855931125,0.601066695027913
182340515,6526,H,A,0.1770643894707086,0.34763416954634513,0.4753014409829464
182340598,6526,H,H,0.6873597514676463,0.21048598161382281,0.10215426691853086
182404256,6484,D,H,0.4569404972681724,0.21973768844782302,0.32332181428400464
182404257,6484,A,H,0.8442065511085391,0.10119380582262294,0.05459964306883792
182404258,6484,A,H,0.6284104253301781,0.21358416611868933,0.15800540855113251
182404259,6484,H,H,0.6905561065405776,0.18305172531819436,0.12639216814122795
182404260,6484,H,H,0.6267564889845342,0.16083932656767194,0.2124041844477939
182404261,6484,H,A,0.21187256693471934,0.19754211916248948,0.5905853139027912
182404280,6484,H,H,0.43053988133924737,0.3276812252181868,0.24177889344256578
182404281,6484,D,H,0.4406557960017673,0.32574626525578,0.23359793874245263
182404282,6484,A,A,0.3727210084563963,0.23656246902048692,0.3907165225231167
182404283,6484,H,A,0.2770348694413701,0.27995491333308453,0.44301021722554534
182911612,6526,H,A,0.28510863107440243,0.313767799716479,0.4011235692091186
182911613,6526,A,H,0.5950164700828718,0.25682246372782996,0.14816106618929822
182911657,6526,H,H,0.6408871311022053,0.2565426782586624,0.10257019063913225
182967017,6435,H,A,0.12093257287042442,0.1837696686035354,0.6952977585260403
182967018,6527,H,H,0.5629020671586151,0.2641178711095754,0.17298006173180955
182967020,6597,A,H,0.5387748596941948,0.2643232463481996,0.19690189395760568
182967022,6435,D,A,0.16375290980662732,0.261780458337931,0.5744666318554417
182967023,6435,H,A,0.2981200659519682,0.3385365760387705,0.3633433580092614
182967024,6597,A,H,0.5352292934549003,0.20978320662932978,0.25498749991576986
182967025,6527,A,H,0.35675720221666585,0.301727330337971,0.3415154674453631
182967026,6527,A,A,0.2672016651791254,0.3037638957654515,0.4290344390554231
182967027,6527,H,A,0.18488873007278422,0.3313121643687124,0.4837991055585034
182967029,6435,A,A,0.35176668329662975,0.24782043039789867,0.4004128863054716
182967031,6597,D,H,0.44360318962187456,0.31880515622788497,0.2375916541502404
182967032,6527,D,H,0.39028147355123133,0.24833176484118882,0.36138676160757977
182967035,6435,D,H,0.5727763758503265,0.240241418819259,0.18698220533041454
182967037,6527,A,A,0.05498614202209907,0.13881595825268817,0.8061978997252127
182967039,6435,A,H,0.5102895300939633,0.254239752101356,0.2354707178046807
182967042,6527,H,H,0.48725494799855057,0.2285284318961917,0.2842166201052576
182967044,6597,D,H,0.5241761185897592,0.24799394718400422,0.22782993422623646
182967045,6435,D,A,0.2951472910810424,0.3364208764770349,0.3684318324419226
182967048,6527,A,A,0.27550419727388265,0.2607912473904618,0.46370455533565563
182967050,6435,H,H,0.5683615147925388,0.22946896384102272,0.2021695213664385
182967052,6597,A,A,0.06386249097718392,0.11913334519515116,0.8170041638276648
182967053,6597,D,A,0.07786000883053734,0.21435268857230927,0.7077873025971535
182967054,6597,H,A,0.2946599544942186,0.2653803870797129,0.43995965842606843
182967055,6597,H,H,0.5546142466548102,0.3062401576554508,0.139145595689739
182967056,6435,H,H,0.7215364085708962,0.1777300338471678,0.10073355758193606
182967058,6435,A,H,0.5504212385113096,0.29208300843001617,0.1574957530586742
182967059,6527,A,H,0.4766412170075931,0.26694169227917103,0.25641709071323576
182967060,6597,D,H,0.3903277433146128,0.26262440014402305,0.34704785654136405
183869746,6526,D,A,0.2291591597166592,0.30860392331716213,0.46223691696617863
184105715,6526,D,H,0.4299767266991364,0.3194410195128669,0.25058225378799664
184206513,6526,D,H,0.484698073570692,0.2789315771396757,0.23637034928963238
184406791,6526,A,H,0.3574392624083077,0.31183752245144347,0.33072321514024894
184407656,6526,D,A,0.19017160785704731,0.27868341874581426,0.5311449733971385
184407902,6526,H,H,0.6278406699615324,0.2320742504245414,0.14008507961392605
185014209,6526,H,H,0.6959733294222071,0.1960577995308187,0.1079688710469741
185015100,6526,H,H,0.7674490060578385,0.15766310715269796,0.07488788678946365
185015104,6526,A,H,0.42333525961963564,0.25816178736719114,0.31850295301317316
185015404,6526,A,A,0.12278512762704413,0.26263726898865725,0.6145776033842986
186813811,6527,H,H,0.7472973683512659,0.16412273194113652,0.08857989970759748
186813812,6435,H,H,0.6836312356790635,0.23478799596369332,0.08158076835724316
186813813,6597,H,H,0.8648255410825497,0.10492565841018851,0.030248800507261857
186813814,6527,H,H,0.6465757785310566,0.20074194092834644,0.15268228054059693
187076929,6435,D,A,0.13175950983887555,0.23519874054404752,0.6330417496170769
187076930,6526,A,A,0.1837831454712998,0.24952555462944598,0.5666912998992542
187076931,6597,H,H,0.5022390116697997,0.2647061138385596,0.23305487449164078
187076932,6435,H,H,0.6195594319645734,0.26723146829818983,0.1132090997372367
187076962,6484,A,H,0.5862284660981657,0.16002328390893572,0.25374824999289863
187076963,6526,D,H,0.43371085870485837,0.23617951317133865,0.33010962812380307
187076967,6527,A,H,0.43395885199802187,0.19667894457662982,0.3693622034253482
187076969,6484,A,H,0.7186058991302151,0.16559760196657786,0.11579649890320708
187076970,6484,D,H,0.49750550187718234,0.2225633135805636,0.27993118454225396
187076971,6484,D,H,0.4566445086930199,0.32037819588047545,0.22297729542650463
187076972,6484,H,H,0.46678774241213716,0.22547476965984148,0.3077374879280212
187076973,6597,H,H,0.4260949242743777,0.2938016455089541,0.2801034302166681
187076974,6597,H,H,0.3684359350839474,0.2927011891552318,0.33886287576082086
187076975,6597,H,H,0.4100233833409977,0.2665954089138516,0.32338120774515067
187076976,6597,H,H,0.7375111543038974,0.2004371186608608,0.06205172703524181
187076977,6597,H,H,0.7069510323954354,0.17142698913891044,0.12162197846565415
187076978,6526,A,A,0.08965961500706603,0.26651424580535704,0.6438261391875768
187076979,6435,H,A,0.1969196870940005,0.2578959715374037,0.5451843413685958
187076980,6484,A,A,0.21607458329326912,0.2110356628290282,0.5728897538777027
187076984,6435,H,H,0.591102271042899,0.25479706014316955,0.15410066881393145
187076985,6527,D,H,0.37853512110494664,0.25221551746013066,0.36924936143492265
187076986,6527,H,H,0.41531304429713517,0.31809529441016254,0.26659166129270223
187076987,6484,A,H,0.4808879675280734,0.18696255514282098,0.33214947732910555
187076988,6435,A,D,0.3451340515397247,0.36975869360606417,0.2851072548542111
187649727,6435,H,H,0.4530191034390316,0.3292712971302733,0.21770959943069498
187649728,6526,H,H,0.5433454173569398,0.26979032097710753,0.18686426166595274
187649729,6527,H,H,0.5600748671131873,0.20176835874850085,0.23815677413831185
187649732,6435,A,A,0.13198118840977,0.2230982774458987,0.6449205341443313
187649733,6526,H,H,0.5160076607053465,0.2603639854389599,0.22362835385569352
187649734,6597,H,H,0.600714796722558,0.2279977962460294,0.1712874070314126
187649735,6484,D,A,0.18791711589515586,0.3086372364772084,0.5034456476276358
187649737,6527,H,H,0.5353847432664626,0.2598978959564806,0.20471736077705688
187649738,6527,A,H,0.5798094317925923,0.2543841429276524,0.16580642527975542
187649739,6435,H,H,0.40544248252818876,0.2856810094548857,0.3088765080169256
187649743,6597,A,D,0.32214262798109017,0.34692967940932407,0.3309276926095857
187649744,6526,D,H,0.47807962394840303,0.2786222085090349,0.24329816754256198
187649745,6526,A,A,0.2660879383642046,0.28714468069884347,0.44676738093695184
187649746,6527,H,H,0.5656326186919158,0.2265612401743351,0.20780614113374912
187649747,6484,A,A,0.09408745251818762,0.15701579332463625,0.7488967541571762
187649750,6435,D,A,0.2680634854581343,0.36031995008320333,0.3716165644586623
187649752,6526,D,D,0.3458112363548268,0.35914990807912156,0.2950388555660516
188203048,6484,A,H,0.5519548797013331,0.24915524237931191,0.19888987791935506
188203049,6526,A,H,0.4055240942038451,0.3382293913206985,0.2562465144754564
188203050,6526,D,A,0.32348327579605596,0.3266225110973816,0.34989421310656244
189091581,6484,D,H,0.7233183178271199,0.19654189966906963,0.08013978250381049
189091582,6526,H,H,0.5959230062501432,0.2383190973047894,0.16575789644506744
189091583,6597,H,H,0.558387864711278,0.28161506593216445,0.1599970693565576
189091587,6435,H,H,0.550977543995199,0.27435055962471144,0.17467189638008945
189091588,6527,A,H,0.45773714168490426,0.2449903918536654,0.2972724664614304
189312708,6527,D,H,0.796667132994321,0.1360128785031882,0.06731998850249091
189312709,6435,A,A,0.17335560275556894,0.2874963592457134,0.5391480379987177
189312710,6526,H,H,0.5047162754175755,0.32698477038981744,0.16829895419260715
189312716,6435,H,A,0.22060554542088748,0.30359523881964756,0.47579921575946504
189312717,6484,A,H,0.3790791750685944,0.24331058746675738,0.37761023746464817
189312722,6435,D,H,0.5384960664662855,0.2823374063426259,0.17916652719108864
189312724,6484,A,A,0.2679881922849099,0.256669356717485,0.4753424509976052
189312725,6484,D,H,0.4457899385382123,0.2547384718518553,0.29947158960993236
189312726,6484,H,H,0.5754583483083425,0.2572239160211128,0.16731773567054473
189312727,6597,A,A,0.22486986331421682,0.2599311161466141,0.515199020539169
189312728,6597,H,H,0.5922239184098859,0.2798880421388368,0.12788803945127733
189312729,6597,H,H,0.409927652614383,0.3064057646903752,0.2836665826952417
189312730,6597,D,A,0.2780602423951078,0.2945381797562594,0.42740157784863275
189312731,6597,A,H,0.5269043182313636,0.26026292295085834,0.212832758817778
189312732,6526,D,H,0.6053779556341592,0.22779502284571856,0.16682702152012227
189312733,6435,A,H,0.7950166730253011,0.1587552089941518,0.046228117980547226
189312742,6484,H,H,0.612090768376913,0.2322811741864422,0.15562805743664482
189312744,6597,D,A,0.09941648486891866,0.2038071761132513,0.6967763390178301
189312746,6527,H,H,0.41523699271460357,0.2502060285920464,0.33455697869334994
189312747,6527,H,H,0.4577490127386869,0.31919546054020576,0.22305552672110746
189312753,6526,H,H,0.6927804313174976,0.2100189035602954,0.09720066512220703
189758516,6435,H,H,0.4402799545453288,0.24691145717130888,0.3128085882833623
189758517,6526,D,A,0.18778511862093075,0.2355355082307324,0.576679373148337
189758518,6527,H,A,0.28844561519096235,0.24909395703866777,0.4624604277703699
189758521,6435,A,H,0.3981375440929019,0.2924537160588255,0.30940873984827266
189758523,6597,A,A,0.331896797032853,0.27611803255085227,0.3919851704162947
189758525,6527,A,H,0.34547605535182385,0.32092055257322,0.33360339207495615
189758527,6484,H,A,0.40015802900530467,0.1988840671739213,0.40095790382077406
189758531,6435,H,H,0.6921956190261088,0.19626950145103386,0.11153487952285734
189758532,6597,H,H,0.5602846267173709,0.2646815588885621,0.17503381439406696
189758533,6526,A,A,0.23693450839140245,0.29672725865064087,0.46633823295795673
189758534,6526,H,A,0.1954350072596629,0.27639290694023516,0.528172085800102
189758535,6527,D,A,0.17332142417492707,0.2504055691773531,0.5762730066477199
189758539,6484,D,H,0.6229315871267732,0.19167612140589324,0.1853922914673336
189758540,6484,H,H,0.5168731361440918,0.272161898041263,0.2109649658146452
189758541,6484,H,H,0.5721903031608876,0.168825286118335,0.25898441072077755
189758542,6526,A,H,0.4900377331271483,0.2984455240075499,0.21151674286530173
189758545,6435,D,H,0.5414764076946893,0.24893076935868236,0.2095928229466283
189758574,6527,H,H,0.3538247170279775,0.3397471556737471,0.3064281272982754
189758577,6527,H,H,0.47661122976759684,0.20317962287808167,0.3202091473543215
190444544,6435,D,H,0.5182420314148976,0.24435488966508065,0.23740307892002172
190444545,6526,A,A,0.2150019169704334,0.21870512510149143,0.5662929579280752
193166609,6484,H,A,0.31702658558192326,0.17874538376220472,0.504228030655872
193166610,6484,H,H,0.4990486499781641,0.20589321742703623,0.2950581325947996
193166611,6484,H,H,0.5117266050888178,0.24412918646837534,0.24414420844280674
193166612,6484,H,H,0.501928171939972,0.18567999715275413,0.3123918309072739
193166616,6484,A,A,0.13817579280253822,0.23961118410728036,0.6222130230901813
193166617,6484,D,A,0.1954495855022198,0.1595538498057763,0.6449965646920038
193166618,6484,H,H,0.6900801831516159,0.17256529662612202,0.13735452022226208
193166619,6484,H,H,0.4867530160782178,0.2636555702109511,0.24959141371083107
193166620,6484,H,A,0.3035002159530372,0.2852116735265205,0.41128811052044234
193166621,6484,A,A,0.26937755658116985,0.2826221412310073,0.4480003021878229
193935346,6526,A,A,0.3136286303032844,0.32843325425247916,0.35793811544423654
193935347,6435,H,H,0.6170660462679075,0.2578176417224765,0.12511631200961593
193935348,6526,A,A,0.33908830221070824,0.2914841153212886,0.3694275824680032
193935349,6527,A,A,0.198263501593405,0.2371103634313682,0.5646261349752267
193935351,6435,D,H,0.4016120490147037,0.3375583962020817,0.2608295547832145
193935353,6526,D,A,0.2511566359614033,0.2762354569367826,0.472607907101814
193935354,6597,D,A,0.3046551672977784,0.29858207175276297,0.3967627609494586
193935356,6527,H,A,0.3382295012175576,0.29306869860418083,0.36870180017826143
193935357,6527,D,A,0.326697081568877,0.28490769180119263,0.3883952266299304
193935359,6435,H,H,0.4455915433634433,0.2945582947167774,0.25985016191977933
193935361,6597,H,H,0.4374666323286847,0.3184331659368047,0.24410020173451058
193935362,6526,A,D,0.3542373307025843,0.36604923464521594,0.27971343465219983
193935363,6527,H,H,0.6233171024955956,0.2540387442257602,0.12264415327864422
193935365,6435,A,A,0.2337260327670015,0.34487016055784175,0.4214038066751568
193935366,6526,H,H,0.6559211901222309,0.22390221485677345,0.12017659502099558
193935369,6527,A,A,0.20035739635776906,0.2547158330511111,0.5449267705911198
193935370,6435,A,A,0.2174455587689729,0.28629298929245967,0.4962614519385675
193935371,6526,H,H,0.5517323756317982,0.28584376655791915,0.16242385781028268
193935372,6527,H,H,0.6717081538147994,0.2382314439591203,0.09006040222608024
193935374,6597,D,H,0.43158913518039405,0.23366352187373546,0.3347473429458705
193935375,6435,A,A,0.346306147838772,0.29155664201766773,0.36213721014356026
193935376,6526,D,H,0.5158787309371567,0.28025939690688073,0.2038618721559625
193935377,6527,H,H,0.4899554580975392,0.2545463484130133,0.2554981934894474
193935379,6435,D,A,0.22988413657694126,0.1871251773146328,0.5829906861084259
193935381,6597,A,A,0.25448567270430733,0.3106146376751666,0.434899689620526
193935382,6597,A,A,0.2460979170659574,0.31819296836361016,0.4357091145704325
193935383,6597,D,H,0.6349783737030993,0.2190243181909873,0.14599730810591338
193935384,6597,H,H,0.9327676989653585,0.052207622912084514,0.01502467812255703
193935385,6597,H,H,0.7420585583003784,0.17947161477123444,0.0784698269283871
193935386,6526,D,H,0.3988347172162222,0.32477560109126113,0.27638968169251676
193935388,6435,H,H,0.5494968241915024,0.33596986778680493,0.11453330802169273
193935392,6527,D,A,0.0853910096890198,0.17919268351943787,0.7354163067915424
193935393,6435,H,H,0.39602262701976665,0.32930064040888424,0.274676732571349
193935394,6526,H,H,0.5619498996236635,0.21865784417582404,0.21939225620051242
193935395,6597,H,H,0.5745605116100845,0.23151826543824114,0.19392122295167435
193935396,6527,H,H,0.4875714907764891,0.25811720544994526,0.25431130377356564
193935397,6526,H,H,0.7355364305479033,0.162224063800866,0.10223950565123065
193935399,6435,H,A,0.3074051913164058,0.267323706050939,0.42527110263265505
193935400,6435,A,A,0.2135962200667205,0.17087064119106896,0.6155331387422106
193935402,6435,H,H,0.724790035627396,0.18588324680025764,0.0893267175723464
195659456,6484,D,H,0.3966777310698151,0.22442025876366237,0.3789020101665226
195659457,6484,A,H,0.5347167539794654,0.20929944472347325,0.25598380129706133
195659458,6484,A,H,0.4413646254589232,0.18940846153876068,0.36922691300231614
195659459,6484,D,A,0.23310835299899824,0.1716054377064768,0.595286209294525
195659460,6484,H,H,0.44884498027061137,0.2636966930346058,0.2874583266947828
195659461,6484,H,H,0.7031662223508481,0.20981880836766992,0.08701496928148193
195840961,6484,D,A,0.09795694852727538,0.13408485958405544,0.7679581918886692
196645413,6484,A,A,0.23540860296268074,0.25735006005489425,0.507241336982425
196645415,6484,D,A,0.21847351225434317,0.23835988087435275,0.543166606871304
196861243,6484,H,H,0.6119172886061488,0.24454033325809615,0.14354237813575504
197601582,6526,A,A,0.29729418910786626,0.26379452540029946,0.43891128549183434
197601583,6435,A,H,0.8432480190543727,0.12714682513471073,0.029605155810916488
197601584,6526,D,H,0.5912173022480501,0.26619234875154313,0.1425903490004067
197601585,6527,H,H,0.7078992628858527,0.16427033763473828,0.12783039947940897
197601586,6597,H,H,0.40749894238296397,0.26260699428431816,0.3298940633327178
197601587,6435,D,H,0.6697494321411758,0.21591995295654287,0.11433061490228126
197601588,6435,A,H,0.43934976310315527,0.263880879564808,0.2967693573320367
197601589,6526,H,H,0.40537494026038806,0.2708608188479489,0.323764240891663
197601590,6597,D,H,0.6012887441807739,0.24578120609538556,0.15293004972384044
197601592,6527,H,H,0.3769731567620613,0.2584232519095591,0.3646035913283795
197601593,6527,A,A,0.2426921225045622,0.24514977327764054,0.5121581042177973
197601594,6527,H,H,0.5680541739033863,0.2526789273833938,0.1792668987132199
197601595,6435,D,A,0.2541919257989725,0.29871969941863485,0.44708837478239266
197601597,6597,A,A,0.22922352375851268,0.3210023199345453,0.449774156306942
197601598,6526,A,H,0.5458008765519653,0.3006781911851803,0.15352093226285443
197601599,6526,H,A,0.3381772905084515,0.30372343198584234,0.358099277505706
197601600,6527,D,A,0.17836106630957146,0.22935843089063926,0.5922805027997893
197601602,6435,H,H,0.5523114477998244,0.27482653272600716,0.17286201947416835
197601603,6526,H,H,0.34986824952657997,0.3091132052517168,0.34101854522170316
197601605,6527,D,A,0.2990058222670173,0.2258429819722959,0.47515119576068676
197601606,6435,D,A,0.20346978434896437,0.3067499668274706,0.4897802488235651
197601607,6526,D,H,0.7010990389335249,0.20790181227802623,0.09099914878844885
197601609,6527,D,A,0.3354757107023265,0.27281778975137216,0.39170649954630116
197601611,6597,A,H,0.46080683195548133,0.22908987098634379,0.3101032970581748
197601612,6435,H,H,0.405373827123159,0.29091969435781057,0.3037064785190305
197601613,6526,A,A,0.24244664323035262,0.25054694219683893,0.5070064145728084
197601614,6527,D,H,0.4310079885315264,0.22585570879253222,0.3431363026759414
197601615,6435,H,H,0.3828898755621878,0.3267062830962947,0.29040384134151753
197601616,6597,A,H,0.6218365492064193,0.25869845960564397,0.11946499118793669
197601617,6597,H,H,0.6463143679065189,0.25439166923674017,0.09929396285674108
197601618,6597,H,A,0.09708729666305421,0.1434709421190458,0.7594417612179
197601619,6597,A,A,0.2063026259306415,0.28788274568293964,0.5058146283864189
197601620,6526,A,A,0.11466090386762873,0.21545599032882903,0.6698831058035423
197601621,6435,D,A,0.29967381960623196,0.2945727364092337,0.4057534439845343
197601626,6435,H,A,0.26778259455192543,0.34082702093444,0.3913903845136346
197601627,6526,A,H,0.41377435087854136,0.32456970822193587,0.2616559408995228
197601628,6527,H,H,0.5869980539469696,0.27851189292901957,0.13449005312401086
197601629,6597,H,H,0.44434173395760407,0.3060155755034969,0.249642690538899
198896599,6484,D,H,0.5307228767804391,0.2368278246461775,0.23244929857338337
198896601,6484,H,H,0.7482646939290553,0.14396904508532496,0.10776626098561974
198896602,6484,A,H,0.587478246042271,0.19760389742866263,0.21491785652906642
198896604,6484,A,H,0.5048907405176188,0.23497597364311493,0.2601332858392662
198896611,6484,H,H,0.43606338941806144,0.25201688381646736,0.3119197267654711
198896612,6484,A,H,0.4595188528044965,0.30664838683016615,0.23383276036533734
198896613,6484,H,H,0.6124988460018281,0.22199386499269044,0.16550728900548148
198896614,6484,D,H,0.6407511719183745,0.1960173761415459,0.16323145194007954
198896615,6484,D,H,0.655836964417616,0.19043514878023377,0.15372788680215027
199259549,6484,A,A,0.10328517186915849,0.1933136482205738,0.7034011799102676
200191796,6484,A,A,0.3425504293885363,0.18329322112432916,0.4741563494871345
200191797,6484,A,H,0.39914728900284785,0.2661730400251789,0.33467967097197326
200191798,6484,D,A,0.1793181350190627,0.23827786227270903,0.5824040027082282
200191799,6484,A,A,0.3342546466649065,0.24281715191714162,0.42292820141795195
200191800,6484,D,H,0.39676150003656885,0.2796980169756422,0.323540482987789
200191801,6484,A,A,0.2564888979574214,0.20906627808327674,0.5344448239593018
200191802,6484,A,H,0.39131671520070255,0.2314647026456981,0.3772185821535993
200191803,6484,H,A,0.28896229625855196,0.21144186465581963,0.4995958390856284
200191805,6484,A,A,0.33417852135647236,0.32135641614014004,0.3444650625033876
200191806,6484,D,H,0.7947547422855661,0.14547835282534335,0.05976690488909052
200713990,6526,H,H,0.7162224381585501,0.18487896565847337,0.09889859618297657
200713993,6435,D,H,0.5582257236467982,0.2272513818203163,0.21452289453288548
200713994,6526,A,A,0.1840262578855131,0.22076087903326955,0.5952128630812175
200713997,6435,H,H,0.49805777904336807,0.32229442046573475,0.17964780049089712
200713998,6435,A,A,0.23129668365884087,0.325919498580274,0.4427838177608852
200713999,6526,H,H,0.776845638541231,0.16031060894497393,0.06284375251379518
200714000,6597,A,H,0.4433328556661978,0.25050535534260393,0.30616178899119834
200714001,6435,H,H,0.642820066770296,0.2498451956945675,0.10733473753513646
200714002,6597,H,H,0.49000222548822364,0.25789816510434804,0.2520996094074283
200714003,6526,H,D,0.33323191625197146,0.3682361927454798,0.29853189100254873
200714005,6435,D,H,0.4611946749743521,0.28680186029462607,0.2520034647310218
200714006,6526,H,H,0.5045415834536051,0.2980299914281582,0.19742842511823674
200714007,6435,A,H,0.5594025462267123,0.2554784908818126,0.18511896289147511
200714008,6526,A,A,0.15370662296660842,0.29475512696199174,0.5515382500713999
200714009,6597,H,H,0.6386553721677891,0.21395475274712256,0.14738987508508825
200714010,6435,A,A,0.2939183347419449,0.27703666169877417,0.4290450035592809
200714012,6526,A,A,0.18618839878424062,0.25939946875995223,0.5544121324558071
200714013,6435,H,A,0.2936666096853367,0.3024529698787711,0.4038804204358922
200714014,6597,H,D,0.33140514973930263,0.3661789728056661,0.30241587745503123
200714015,6597,H,H,0.5332586744266171,0.2554105630978734,0.21133076247550944
200714016,6597,A,H,0.3518094702163839,0.31019699922083566,0.3379935305627804
200714017,6597,A,H,0.4976030414564173,0.3067561793894544,0.19564077915412825
200714018,6597,A,H,0.5701246247878423,0.2576356654315063,0.17223970978065142
200714019,6526,A,A,0.22212291730399583,0.33400783018009766,0.44386925251590653
200714020,6435,A,H,0.6248222559512258,0.22461074712297072,0.15056699692580358
200714021,6435,H,H,0.6416576014724966,0.26768241788728603,0.0906599806402174
200714022,6526,A,A,0.12731923457803673,0.2539439971094298,0.6187367683125337
200714023,6597,H,H,0.856709418536269,0.10221018231816657,0.041080399145564446
200714024,6526,A,H,0.6732401540552444,0.2034615344493368,0.1232983114954187
200714025,6527,A,A,0.15670524341780873,0.18392825878740648,0.6593664977947848
203077629,6484,H,H,0.7235972923497115,0.1868352210402904,0.08956748660999805
203077630,6484,D,H,0.6159822555288578,0.1970170833071617,0.18700066116398054
203077631,6484,H,H,0.8286767682451807,0.12113171109092817,0.050191520663891064
203077632,6484,H,A,0.23824719939888422,0.2689967892061193,0.4927560113949965
203077633,6484,A,A,0.1869444852978011,0.27674990600364774,0.5363056086985512
203077634,6484,H,H,0.41863125852363936,0.19098512749908889,0.3903836139772718
203077635,6484,H,H,0.4855760984537557,0.21752242447914072,0.29690147706710357
203077636,6484,A,H,0.6064262214983845,0.1823351916546879,0.21123858684692756
203077637,6484,D,H,0.5696337817512146,0.2152067993443318,0.21515941890445364
203077638,6484,D,H,0.6382303865961819,0.19410862748001373,0.16766098592380432
203701457,6526,A,H,0.724142256585122,0.17839288733899528,0.09746485607588264
203701458,6526,H,H,0.5473517271034272,0.2891929971050408,0.16345527579153207
203701459,6526,D,H,0.5243148565141637,0.2582922503757602,0.2173928931100761
203701460,6526,D,H,0.4396778095581523,0.24043035249594613,0.31989183794590154
203701461,6526,H,H,0.6249816859584679,0.23929143492157995,0.13572687911995213
203701462,6526,D,H,0.4368766525223028,0.306689425563895,0.25643392191380227
203701464,6526,D,A,0.2500659905895574,0.26866658858537606,0.48126742082506657
203701465,6526,A,A,0.1024502232399037,0.19343675339027774,0.7041130233698186
203701466,6526,H,H,0.4006283386415411,0.3262750172331078,0.27309664412535106
203701468,6526,A,H,0.372927708514228,0.3589760021918848,0.2680962892938871
205020017,6527,H,H,0.4179169309037399,0.290236600291756,0.29184646880450404
205044727,6484,A,A,0.33992623334439637,0.2670741790794467,0.3929995875761569
205044728,6484,H,A,0.09700630102409362,0.18368920104496653,0.7193044979309399
205044729,6484,D,H,0.38343151075531035,0.2580350008254845,0.35853348841920524
205044754,6484,A,A,0.14465510831357475,0.19066411881399226,0.664680772872433
205044755,6484,D,H,0.44917281644916557,0.24251108369045335,0.3083160998603811
205044756,6484,A,A,0.11079059504311252,0.2542984271715048,0.6349109777853826
205344960,6527,H,H,0.6087252842537431,0.2831246307643028,0.1081500849819542
205344961,6527,D,H,0.552246980977455,0.19042805827140358,0.2573249607511415
205344962,6527,H,A,0.20477647883100003,0.2849734287365288,0.5102500924324711
205684762,6484,H,H,0.7560131924366674,0.17655946790351335,0.0674273396598193
205684763,6484,A,A,0.38229867017730124,0.22666744198598077,0.39103388783671794
205684764,6484,D,H,0.55080002809418,0.2635861950891814,0.18561377681663851
205863376,6527,H,H,0.6673531984678706,0.23308725057854895,0.09955955095358057
205863381,6527,H,A,0.37133150507102775,0.25645181009253903,0.3722166848364333
205863382,6527,H,A,0.23507818310014167,0.27703687789681875,0.4878849390030396
205863383,6527,A,H,0.4731870162323572,0.24221288687262169,0.2846000968950212
205863393,6484,A,A,0.1873223005964572,0.24551265121504526,0.5671650481884974
206315767,6526,H,A,0.304566288551495,0.2810530679018984,0.4143806435466067
206315768,6526,D,H,0.38708561545408976,0.3243035968607697,0.28861078768514054
206315769,6526,D,A,0.289579398954233,0.34481239944449077,0.36560820160127616
206315770,6526,A,D,0.3608020989723766,0.37781688619239023,0.26138101483523307
206315771,6526,D,D,0.24927972479184515,0.3838656749442748,0.36685460026388
206315772,6526,A,H,0.4139335765729831,0.24995017841818257,0.33611624500883436
206315773,6526,D,H,0.38578992899749914,0.3224020232851441,0.2918080477173567
207381045,6527,D,A,0.3257020831191563,0.28649190586012846,0.3878060110207152
207381046,6597,A,A,0.2571301012105031,0.28451316347684413,0.45835673531265286
207381053,6527,D,A,0.23626511114539556,0.26202002262705065,0.5017148662275538
207381055,6484,A,A,0.2701889461074386,0.2943546892495334,0.435456364643028
207381056,6484,D,H,0.7786000482399634,0.1248593291992391,0.09654062256079747
207381057,6484,D,H,0.6776884941079961,0.21345914562799706,0.10885236026400674
207381058,6484,D,A,0.29723493665730105,0.22510599732493114,0.4776590660177679
207381059,6484,A,A,0.2935297239075687,0.30124643748193397,0.4052238386104973
207381060,6484,H,H,0.6840753227239136,0.1615872801155022,0.15433739716058428
207381061,6484,D,A,0.28295981501073975,0.2044965895050333,0.5125435954842269
207381062,6484,H,H,0.6805192088222608,0.1962634874841992,0.12321730369353995
207381063,6484,H,H,0.658053173435785,0.19322991903627149,0.14871690752794356
207381064,6484,A,A,0.34352353382700695,0.2856985519778537,0.37077791419513934
207381068,6435,H,H,0.40155887699879517,0.28927785422437124,0.3091632687768335
207626566,6527,A,A,0.2539492187380711,0.24083232459174184,0.505218456670187
207626568,6435,D,H,0.3883296299495363,0.3423542238743302,0.2693161461761334
207626574,6527,A,A,0.34717184906283466,0.21759520918010744,0.435232941757058
207626578,6435,D,H,0.5314793041748456,0.25499969157183744,0.21352100425331705
207626579,6527,H,A,0.2756874684802493,0.2629253136541151,0.46138721786563575
207626583,6435,H,A,0.19107484685461776,0.3375964276425181,0.47132872550286403
207626591,6597,H,H,0.6431895987087471,0.25206925268736047,0.10474114860389247
207626592,6597,H,H,0.5751489868699505,0.2940495832460253,0.1308014298840242
207626593,6597,A,A,0.3455484162720219,0.2963946499334596,0.3580569337945184
207626595,6435,A,A,0.29562565027305876,0.2846007596032278,0.41977359012371346
207626604,6597,A,A,0.10081190545254635,0.13584312885355135,0.7633449656939023
207626607,6597,A,A,0.34839972374299166,0.24530389881925752,0.40629637743775077
207626613,6597,H,A,0.31297294526265546,0.2885775355802077,0.3984495191571369
207932271,6597,A,A,0.23770758561609237,0.3197107174665979,0.4425816969173098
207932275,6435,H,H,0.6914372275927402,0.1890544299504813,0.11950834245677848
207932282,6597,H,H,0.41495619423310665,0.30730348552008857,0.27774032024680473
207932286,6435,A,D,0.3283815114456762,0.34883810173375746,0.32278038682056637
207932295,6527,H,H,0.8856084954735269,0.09131973495467002,0.023071769571803
207932296,6527,A,H,0.5019769267951593,0.24419101479278676,0.2538320584120539
207932298,6527,A,H,0.3558522655491424,0.3044231912020803,0.33972454324877743
207932299,6527,A,A,0.11776929212370621,0.25013596864105164,0.6320947392352421
208235743,6526,H,A,0.19509773994361748,0.22290273565592367,0.5819995244004589
208235749,6526,H,H,0.7089015543325231,0.20715431070340926,0.08394413496406766
208235750,6526,D,H,0.47290627112262706,0.2974643308690429,0.22962939800833002
208235751,6526,A,A,0.06642935136063523,0.1766749205789799,0.7568957280603847
208235752,6526,H,H,0.502064060409244,0.26804800581909227,0.22988793377166372
208235753,6526,D,H,0.5658255612295212,0.29687089442970865,0.13730354434077013
208235754,6526,D,A,0.1937656744935226,0.23086536990190354,0.5753689556045739
208235755,6526,D,A,0.14626769200443787,0.23196943261746142,0.6217628753781006
208235756,6526,A,H,0.4230221357259785,0.3465019758487087,0.2304758884253128
208235757,6526,D,H,0.46422553949335954,0.32964759724122666,0.20612686326541382
208496337,6484,D,A,0.16350000441681564,0.18146404799432192,0.6550359475888624
208496338,6597,H,H,0.5367696541916633,0.24644575199996369,0.21678459380837303
208496339,6597,H,H,0.6130620863661898,0.20142396757618977,0.18551394605762048
208496340,6597,H,H,0.6400717386162875,0.21996341528797292,0.13996484609573964
208496341,6484,D,H,0.5300825346982999,0.21725337710771433,0.2526640881939858
208496342,6484,D,A,0.2390137956491378,0.2355025907051811,0.5254836136456811
208496343,6597,H,A,0.21512309443102395,0.25113003529172645,0.5337468702772495
208496344,6484,H,A,0.3279489451078578,0.25844621510686216,0.41360483978527995
208694031,6484,H,H,0.6546214016555257,0.16078121623366423,0.18459738211081006
208694032,6597,A,H,0.529485134268212,0.30205180716549057,0.16846305856629742
208694033,6597,D,H,0.614676107169489,0.23250719739129264,0.1528166954392184
208694034,6597,H,H,0.8738627433219427,0.09632542315099474,0.02981183352706263
208694035,6597,H,H,0.5734596462686226,0.2219960079164752,0.20454434581490225
208694036,6484,H,H,0.6495571748909689,0.20389997700220688,0.14654284810682439
208694037,6484,A,A,0.1725004191478723,0.3487903366999911,0.4787092441521367
208694038,6597,H,H,0.3665139807736809,0.3597873698883912,0.273698649337928
208694039,6484,A,A,0.35191833960675234,0.22365641680300397,0.4244252435902436
208927587,6484,A,A,0.21359130171956417,0.2485162526557334,0.5378924456247024
208927599,6484,H,H,0.7383244629933002,0.1884194058385004,0.07325613116819937
209140288,6435,H,H,0.552598160140093,0.29455247760755465,0.15284936225235238
209140291,6435,H,H,0.4512344438752334,0.25803915745195305,0.29072639867281347
209378442,6435,D,A,0.24463228933126382,0.20128065089532599,0.5540870597734102
209378446,6435,A,A,0.33652313028677305,0.3184712421185301,0.3450056275946968
209378450,6435,D,H,0.40739545796784093,0.2651181707222997,0.32748637130985947
209378461,6435,H,A,0.12155088761366868,0.2883283755218705,0.5901207368644609
209766256,6435,A,H,0.471084534573231,0.31863146699469747,0.21028399843207143
209766258,6484,A,A,0.15906448293091646,0.22573106846629676,0.6152044486027868
209766262,6435,H,H,0.6645331536368325,0.25852717118166013,0.07693967518150736
209766263,6484,H,H,0.7640226129490264,0.1692804942219061,0.0666968928290674
209766264,6484,A,A,0.3581350408668217,0.2835863644080361,0.3582785947251422
209766265,6484,H,A,0.3611923821179157,0.19484925277562865,0.44395836510645575
209766270,6435,A,H,0.5707636729634301,0.24677622329080784,0.1824601037457621
209766278,6484,D,H,0.6553267688650922,0.18698678313449393,0.1576864480004139
209766279,6484,A,H,0.3425019772677512,0.3309030654189393,0.3265949573133094
209766280,6484,A,A,0.1595705132946663,0.24154328573749267,0.5988862009678411
209766281,6484,A,A,0.09527107518167507,0.16114311504281975,0.743585809775505
209766282,6484,A,H,0.48954006798862,0.21075964410968212,0.29970028790169795
209766285,6435,H,A,0.3175822667793319,0.3079316328018085,0.37448610041885966
210158686,6435,H,H,0.6507101609707721,0.22001852403938688,0.12927131498984099
210158687,6484,H,H,0.7695227537936964,0.152179472952096,0.0782977732542075
210158688,6526,H,H,0.759659848697866,0.16162185767172554,0.07871829363040851
210158689,6527,D,H,0.6324979982814498,0.19515042232198285,0.17235157939656728
210158690,6526,A,A,0.13727842699396683,0.2701904480826065,0.5925311249234265
210158691,6527,H,A,0.35102014537750215,0.22014682342829867,0.4288330311941991
210158692,6527,D,H,0.603086965330993,0.24445478923514485,0.1524582454338622
210158693,6526,D,H,0.4023378745097581,0.3284049449088494,0.2692571805813924
210158694,6526,H,H,0.4454127962255237,0.35056505498217805,0.2040221487922982
210158695,6527,D,A,0.26696080577782544,0.24212169488807023,0.49091749933410445
210158696,6526,D,H,0.5290443778698559,0.25777622804944295,0.2131793940807012
210158697,6527,D,H,0.43799023911710233,0.28968339602055704,0.2723263648623406
210158698,6526,A,H,0.3976402379570017,0.28232166652681995,0.32003809551617846
210158699,6527,A,A,0.3319541732118516,0.3151460747077911,0.3528997520803573
210158700,6526,H,H,0.38085096960066145,0.3067168001618439,0.31243223023749467
210158701,6527,A,A,0.12294047558770099,0.16550180382533672,0.7115577205869623
210158702,6526,H,H,0.6378627735105314,0.23714253224095744,0.12499469424851109
210158703,6527,H,A,0.340437200836681,0.22331702113227558,0.4362457780310435
210158704,6526,H,H,0.4581140449285266,0.3267444816323447,0.21514147343912876
210158705,6527,H,A,0.1383494052664843,0.18668152909745356,0.6749690656360623
210158706,6526,D,H,0.6218210373855843,0.21927869969525374,0.15890026291916198
210158707,6526,D,H,0.46789265680879616,0.24593755815469334,0.2861697850365105
210158708,6526,A,A,0.28273472036208164,0.2691880957564839,0.44807718388143447
210158709,6526,H,H,0.49411497181168024,0.28507574653599316,0.22080928165232674
211165214,6597,H,H,0.6409451147559816,0.18606162559926906,0.17299325964474932
211382237,6597,H,H,0.6594810591601561,0.19373869548633862,0.1467802453535053
211382238,6597,H,H,0.85098504903663,0.09808592281238013,0.05092902815098998
211382239,6597,A,H,0.37017531771827855,0.3332526644651908,0.2965720178165306
211382240,6597,D,A,0.35112489644923,0.28545699277978426,0.3634181107709856
211382241,6597,A,H,0.3538468605762035,0.33686182063144615,0.3092913187923503
211382855,6597,H,H,0.7226562244005195,0.1966387358713527,0.08070503972812788
211940262,6597,H,A,0.31814467461594576,0.28484905723869947,0.39700626814535483
211940439,6597,A,H,0.5339458876062398,0.30687013248909584,0.1591839799046642
212674706,6435,D,H,0.3636219418350104,0.3016230911003373,0.33475496706465235
212674707,6526,D,H,0.41253576091509564,0.36215693835368185,0.22530730073122263
212674709,6435,H,H,0.7412294273415851,0.1817852319975935,0.07698534066082127
212674710,6526,A,H,0.42949850188631994,0.2316630372031357,0.33883846091054437
212674711,6527,H,A,0.3580844569018824,0.2144399722402622,0.42747557085785537
212674715,6435,D,H,0.760266775315337,0.16948975037209107,0.07024347431257187
212674716,6526,A,A,0.07805375172653972,0.1864922280738129,0.7354540201996473
212674717,6527,H,H,0.5383947433595118,0.24784223281209328,0.21376302382839504
212674718,6527,A,H,0.5863877744492331,0.27572551305140686,0.13788671249936005
212674719,6527,D,A,0.2723630150627813,0.2776517178364248,0.4499852671007939
212674720,6435,A,H,0.4351425587688866,0.304917170258649,0.25994027097246447
212674722,6526,A,A,0.26318302548004935,0.34387212073423556,0.39294485378571514
212674723,6527,A,A,0.1439498968107425,0.2600487013309969,0.5960014018582607
212674724,6435,H,H,0.3964194937475367,0.25948366750542085,0.3440968387470425
212674725,6526,H,H,0.6111088129997683,0.2514576454214595,0.13743354157877236
212674731,6527,D,H,0.8567341360770013,0.09902788978721255,0.044237974135786014
212674732,6435,A,A,0.062168370600806024,0.18218272627958762,0.7556489031196064
212674733,6526,D,A,0.1719291117643229,0.29604784282587826,0.5320230454097988
212674735,6527,H,A,0.2346998046622545,0.2828943943281779,0.4824058010095675
212674736,6435,D,H,0.47559152749573463,0.3412876439377097,0.1831208285665555
212674737,6526,H,H,0.41878855136875215,0.2797916242681166,0.30141982436313136
212674738,6527,H,H,0.46444492918850216,0.27689811772055417,0.2586569530909437
212674739,6435,D,H,0.4586594251648207,0.2972575044626139,0.24408307037256535
212674741,6526,A,A,0.2901107360935384,0.2019018416452414,0.5079874222612202
212674742,6435,A,D,0.28773126617920264,0.37879075213854685,0.33347798168225057
212674746,6435,D,H,0.3801827497777512,0.31867786418790545,0.30113938603434337
212674747,6526,H,A,0.3052165447508039,0.32901379381266266,0.36576966143653344
212674748,6527,D,H,0.5123176839759477,0.27396595541304686,0.2137163606110055
212674751,6526,H,H,0.4427146816190207,0.3072211129148552,0.250064205466124
213723591,6484,A,H,0.45488436865639836,0.25100457346226407,0.29411105788133757
213723592,6597,H,H,0.4641467055540675,0.25964985556943726,0.27620343887649523
213723593,6484,D,H,0.6169000546450107,0.20454973003193766,0.1785502153230516
213723594,6597,D,A,0.24205671243827792,0.23880478034773864,0.5191385072139835
213723595,6484,A,H,0.7092522892874821,0.19302555511387737,0.09772215559864066
213723596,6484,A,H,0.6344746752249519,0.1955474323643897,0.16997789241065828
213723598,6597,H,H,0.48302894409024333,0.3569132257158284,0.16005783019392836
213723599,6484,H,A,0.34643319622846747,0.17296998365615635,0.48059682011537613
213723600,6484,A,A,0.1526756552958027,0.2000254293345065,0.6472989153696908
213723601,6484,A,A,0.09320528737694975,0.22484352820023104,0.6819511844228192
213723602,6484,H,H,0.9043438952161694,0.07416361353805373,0.021492491245776752
213723603,6484,A,H,0.670710097375691,0.18611330840515308,0.14317659421915596
213723604,6484,H,H,0.5827108284831849,0.1665404578004704,0.2507487137163447
213723605,6597,H,H,0.3593836407563988,0.3191202842653405,0.32149607497826077
213723606,6597,H,H,0.46763191547612426,0.2930672101477624,0.2393008743761134
213723607,6597,A,A,0.04235866243007583,0.14142347294666582,0.8162178646232582
213723608,6597,D,H,0.5030845335529351,0.26864970827767404,0.22826575816939076
213723609,6597,D,A,0.19542126608266322,0.29737048885831013,0.5072082450590266
213723613,6597,D,H,0.5959528685445434,0.27794491506404306,0.12610221639141359
215022546,6484,H,H,0.7999818399599089,0.12515675943875013,0.07486140060134096
215022547,6484,H,H,0.41087308250905336,0.26678349998883655,0.32234341750211015
215022548,6484,A,H,0.35762184631905647,0.3368140790525633,0.3055640746283803
215022549,6484,A,A,0.332843788015288,0.2211321015703556,0.44602411041435625
215022550,6484,H,A,0.264622134339722,0.24948469234186202,0.4858931733184161
215022551,6484,A,H,0.6127242693022558,0.18039361025713951,0.20688212044060472
215022552,6484,A,H,0.4878049582435516,0.2771008080853785,0.23509423367106977
215022553,6484,H,H,0.519733532163394,0.30043260550996004,0.17983386232664586
215022554,6484,A,A,0.2791888524386953,0.13402978536457927,0.5867813621967255
215022555,6484,H,H,0.3751167365455037,0.26919800155868806,0.3556852618958082
215560087,6435,H,H,0.550499570268663,0.30388898587526575,0.14561144385607122
215560088,6526,A,A,0.24254808267182945,0.26067971048743754,0.4967722068407329
215560090,6435,D,A,0.3132767681101205,0.31320927342817756,0.373513958461702
215560091,6526,D,A,0.2714728833477677,0.2905300779630939,0.4379970386891384
215560092,6527,H,H,0.537953131821383,0.1825051495453671,0.27954171863324984
215560096,6435,H,H,0.36272601393077136,0.2955385548975674,0.3417354311716613
215560097,6526,D,A,0.23097530411369277,0.23380857937090285,0.5352161165154043
215560098,6597,H,H,0.6840348466463613,0.22435891665179591,0.0916062367018428
215560099,6527,H,H,0.39582253908419585,0.3461079419412661,0.25806951897453795
215560100,6527,D,H,0.5392732817955326,0.2512764424771742,0.20945027572729313
215560101,6527,A,H,0.44854078882360887,0.25063844399475127,0.3008207671816398
215560102,6435,H,D,0.2885737976317751,0.35893214219614494,0.35249406017207996
215560104,6597,D,H,0.5797447694610111,0.203501586549173,0.216753643989816
215560105,6526,H,H,0.47694395889391394,0.3265116327980626,0.19654440830802333
215560106,6527,D,A,0.32666780812185997,0.24817474659566138,0.4251574452824786
215560109,6435,H,H,0.7402008949443383,0.1835864572192496,0.07621264783641214
215560110,6526,H,H,0.6786860329199363,0.20400977665558578,0.11730419042447791
215560113,6435,H,A,0.09079615426000835,0.16944775972466855,0.7397560860153232
215560114,6526,H,H,0.4304648499976323,0.33036459070966145,0.23917055929270636
215560116,6527,H,H,0.6091290676436586,0.2209994643509688,0.16987146800537267
215560119,6597,D,H,0.4570972100737838,0.22948691754773984,0.31341587237847635
215560120,6435,H,H,0.7281382657045017,0.19099977185420933,0.08086196244128892
215560121,6526,D,H,0.6338805177496232,0.21790830904593128,0.1482111732044455
215560123,6527,A,A,0.10242417106120276,0.18273144318581977,0.7148443857529775
215560124,6435,H,H,0.7332745636908015,0.21096893788642768,0.055756498422770924
215560125,6597,D,H,0.4847305152311232,0.314989346008969,0.20028013875990783
215560126,6597,A,H,0.3764121885831913,0.2520749762845059,0.37151283513230277
215560127,6597,A,A,0.3164449771891727,0.29738160351158605,0.3861734192992412
215560128,6597,H,H,0.8876682429285001,0.09585259763400485,0.016479159437495058
215560129,6597,A,H,0.6799222693946615,0.1985697197049939,0.1215080109003445
215560130,6526,H,H,0.45232653106645615,0.2975799205993542,0.25009354833418973
215560131,6526,A,H,0.45483209579764183,0.31179214780895337,0.2333757563934049
215560132,6435,D,H,0.4442917480098959,0.30564638617789985,0.2500618658122042
215560133,6526,A,H,0.4638688280432741,0.3181620022266288,0.21796916973009697
215560134,6527,A,A,0.1491780447136573,0.25332085117254055,0.5975011041138022
215560135,6597,H,A,0.32219152845952037,0.24335370380348845,0.43445476773699115
215560151,6527,H,H,0.6430109011333212,0.2329259949042218,0.12406310396245701
215609590,6435,A,A,0.30062558810847007,0.34559658454146386,0.35377782735006597
219132047,6527,A,A,0.13284987547501237,0.24949172945513234,0.6176583950698553
219132049,6435,D,H,0.5454962919307063,0.22977943662677092,0.2247242714425228
219132053,6597,D,A,0.2924110041482122,0.29479459408377473,0.4127944017680131
219132055,6435,H,H,0.5415424492443277,0.25984617287590256,0.19861137787976968
219132057,6597,D,H,0.5449881321008729,0.30575121029673247,0.1492606576023946
219132058,6597,H,H,0.5015406121653551,0.32088147698786007,0.1775779108467849
219132059,6597,A,H,0.4543861994045176,0.30011732482307724,0.24549647577240508
219132060,6597,A,A,0.3171556372076557,0.3332413405881679,0.34960302220417644
219132061,6435,H,H,0.3927501043156434,0.29962168797741223,0.30762820770694427
219132066,6597,H,H,0.8799064673843601,0.09458003420265888,0.025513498412981034
219132074,6435,A,A,0.21780450565907186,0.32418959180278417,0.4580059025381439
219132075,6527,H,H,0.40330167961029817,0.2285706952715741,0.36812762511812774
219132076,6597,D,A,0.269413920230334,0.24266938642039326,0.4879166933492726
219132078,6527,H,H,0.6827163800359919,0.15970015557948974,0.15758346438451834
219132079,6435,H,H,0.6884327920860625,0.23837430747814176,0.07319290043579571
219541609,6526,A,A,0.11750439567847996,0.17864947047617966,0.7038461338453404
219541611,6435,A,H,0.3542576623017404,0.30454314220764017,0.34119919549061944
219541613,6435,A,A,0.19710432669642255,0.22357239190920364,0.5793232813943738
219541614,6435,H,H,0.4943747830300895,0.34230982465048043,0.16331539231943015
219541616,6526,H,H,0.615268523261017,0.2187804747353173,0.16595100200366572
219541617,6527,H,H,0.5493985326183598,0.21728354982425582,0.23331791755738437
219541619,6527,D,A,0.25744954386738844,0.27101827467482337,0.4715321814577882
219541620,6526,A,A,0.17025002822931257,0.3141367097879049,0.5156132619827825
219541621,6526,D,H,0.6627664716319805,0.20758601272192512,0.12964751564609442
219541625,6527,A,A,0.1413539913484949,0.1963018926939829,0.6623441159575221
219541626,6597,D,D,0.3418965470938048,0.4208665075661253,0.23723694534006984
219541627,6527,H,H,0.4303169603468534,0.34861708814881,0.22106595150433664
219541630,6526,D,D,0.3316196184789483,0.3597236072425482,0.30865677427850363
219541634,6526,H,H,0.6503404631379346,0.2489040101177742,0.1007555267442913
219541635,6526,A,A,0.30152973747125567,0.2555255618000798,0.4429447007286645
219541637,6526,A,A,0.17915734682816514,0.3257846754103349,0.4950579777614999
219541638,6597,H,H,0.428951803924379,0.31648293134043565,0.2545652647351853
219541639,6526,D,A,0.1181358956761443,0.2596825651885116,0.6221815391353441
219541640,6435,H,H,0.5359226648277254,0.3112072887599532,0.15287004641232138
219541643,6526,H,H,0.36345459573035815,0.3533317945556936,0.28321360971394816
219890281,6435,D,H,0.43120279813840723,0.32349602522674376,0.24530117663484907
219928208,6527,A,A,0.34221103335638214,0.253862266832693,0.40392669981092477
219928209,6527,A,H,0.7448469045932441,0.18360450005387696,0.07154859535287894
219930818,6597,D,H,0.4073930097854283,0.2408086709537866,0.35179831926078514
219930846,6484,H,A,0.3662571647797213,0.18310510815511036,0.45063772706516825
219930851,6435,A,H,0.41379216350854736,0.3217310839768551,0.26447675251459757
219931447,6484,A,A,0.08594568719033605,0.17519305120224948,0.7388612616074144
219931477,6435,D,D,0.3024240589831951,0.3530497408959551,0.34452620012084983
219931887,6597,A,H,0.5252793251458695,0.22228123252404738,0.2524394423300832
219931888,6597,A,H,0.5274251491555862,0.26114487402707703,0.2114299768173367
219931889,6597,H,A,0.29171126520800633,0.270372858350226,0.4379158764417677
219931890,6597,A,H,0.5396312296111215,0.2172164840479066,0.24315228634097177
219932119,6484,D,H,0.6240195956241191,0.2255651918958534,0.15041521248002745
219932120,6484,H,H,0.40871935214280647,0.2018869245574089,0.38939372329978467
219932122,6484,H,H,0.46138713030995787,0.20570108466172538,0.33291178502831686
219932123,6484,A,A,0.08737220426757038,0.25377647761828254,0.658851318114147
219932124,6484,A,H,0.3790833226794479,0.27645879073847407,0.34445788658207804
219932351,6435,D,A,0.14462601405674685,0.22457188692026409,0.630802099022989
219932567,6597,D,A,0.1528681175686472,0.21004926549865646,0.6370826169326962
219932571,6484,A,H,0.614274197547041,0.23625114191868343,0.14947466053427558
219932584,6435,D,H,0.6364003088310684,0.2172597001776477,0.14633999099128403
219932785,6435,D,H,0.6565959168139466,0.21833182437572926,0.12507225881032416
219933248,6527,A,A,0.09763402506573368,0.13688387746617492,0.7654820974680914
219933251,6527,H,H,0.8030562069946078,0.13808098830783738,0.05886280469755472
219933253,6527,A,A,0.1768173306777969,0.2511648179646973,0.5720178513575057
219933255,6527,A,H,0.5640688672169007,0.2509292810491772,0.185001851733922
219933258,6527,D,H,0.4814366743153611,0.2942868712994498,0.224276454385189
219933260,6527,A,A,0.2782606060964595,0.29801514241442334,0.42372425148911724
219933261,6527,A,H,0.36483267309696377,0.29486209960017495,0.34030522730286134
219933262,6527,A,A,0.11420621284883369,0.23669156217997775,0.6491022249711885
219933263,6527,H,H,0.5754398283953458,0.2511524115245794,0.17340776008007475
219934235,6435,D,A,0.13741124725870152,0.24067116132121805,0.6219175914200804
219934655,6526,D,H,0.6109454084712616,0.23977495783148564,0.14927963369725283
219934656,6526,H,H,0.6451929299909601,0.2089603913885517,0.14584667862048817
219934657,6526,A,H,0.3650146236146277,0.326919181266286,0.30806619511908634
219934658,6526,H,H,0.4668588296649944,0.2972792664175343,0.23586190391747133
219934659,6526,H,A,0.36689691042858996,0.24277728214552405,0.39032580742588596
219934661,6526,D,H,0.38807372930702,0.2644124894614671,0.34751378123151294
219934662,6526,H,H,0.6874348480219316,0.23071946915762714,0.08184568282044137
219934663,6526,D,D,0.35105599861898645,0.35816605766201054,0.290777943719003
219934664,6484,H,H,0.8359131116557496,0.12487167323953122,0.03921521510471932
219934665,6526,A,A,0.25302648149299667,0.30039235449060714,0.4465811640163962
219934666,6526,H,H,0.5067914702771577,0.23377469172232368,0.2594338380005186
219934764,6597,A,H,0.4569203014503899,0.3136714989222469,0.22940819962736309
219934896,6435,A,A,0.1600066832349459,0.3385882124496796,0.5014051043153744
219934960,6597,H,H,0.7841805927661366,0.14480777278110712,0.07101163445275623
219934963,6484,H,H,0.5058754959663799,0.23109986674572938,0.26302463728789066
219934988,6435,H,H,0.38269285542231496,0.34705675892143845,0.27025038565624665
219935017,6597,A,A,0.28856477954717724,0.28242405527344433,0.4290111651793784
219935065,6435,H,H,0.47016492509103924,0.3116662541859945,0.2181688207229662
219935239,6435,H,H,0.7337078874786276,0.18646469243227462,0.07982742008909784
219936004,6597,H,H,0.5184321725358527,0.2731228355304282,0.20844499193371901
219936044,6435,H,H,0.5039535054768259,0.2624028606014182,0.2336436339217558
219936048,6484,A,A,0.25923468395128174,0.3259662285522286,0.4147990874964895
219936784,6484,D,A,0.3526881257938493,0.2597019513986685,0.3876099228074822
219936813,6435,A,H,0.568033114467387,0.29390777409139157,0.13805911144122146
219937207,6597,D,H,0.5288457253252868,0.31178781922162035,0.1593664554530928
219937208,6597,H,H,0.47883307020545574,0.3149676146270233,0.20619931516752105
219937209,6597,A,H,0.4608467401630454,0.3367227918315603,0.20243046800539424
219937210,6597,A,A,0.12139110873860075,0.20605613964370686,0.6725527516176923
219937453,6484,A,H,0.6947231122738433,0.17823554878297634,0.12704133894318045
219937454,6484,A,H,0.7473567770142785,0.1834941370010431,0.06914908598467828
219937455,6484,A,H,0.4967314863632366,0.2579164027129948,0.24535211092376852
219937456,6484,A,A,0.18339426271715592,0.24981052266368026,0.5667952146191638
219937458,6484,A,A,0.1438453063369025,0.26814139698953315,0.5880132966735644
219937668,6435,A,H,0.40547155207138735,0.2917179993128649,0.30281044861574774
219937904,6435,A,A,0.2093150083653333,0.25163389783609735,0.5390510937985694
219937906,6597,H,H,0.44323071202140507,0.30710097618415527,0.2496683117944396
219937907,6484,H,A,0.3191025339922696,0.1969189725201671,0.48397849348756333
219938095,6435,A,A,0.10909698728511738,0.21752971220458683,0.6733733005102958
219938595,6527,H,H,0.51418435777306,0.291704089441053,0.1941115527858869
219938598,6527,A,A,0.15363106678490837,0.2513491993863229,0.5950197338287687
219938600,6527,H,H,0.4061098072996564,0.23275319322257917,0.36113699947776445
219938602,6527,D,A,0.3387625814972637,0.2501751469781572,0.411062271524579
219938604,6527,H,A,0.22220373321430664,0.2796521887268855,0.4981440780588079
219938607,6527,D,A,0.16453700065696739,0.33836170480478595,0.49710129453824664
219938609,6527,H,A,0.0962310057592267,0.1715566563449951,0.7322123378957782
219938610,6527,H,H,0.7300597505768396,0.19141180500617194,0.07852844441698853
219938612,6527,A,A,0.12175669530827234,0.13213936880282057,0.746103935888907
219939554,6435,H,H,0.8066178923207784,0.15594492827577022,0.037437179403451426
219939917,6526,A,A,0.2205674075749255,0.2678267147145289,0.5116058777105457
219939918,6526,H,A,0.3324017980528739,0.2098559712120192,0.45774223073510684
219939919,6526,A,A,0.14865506840135181,0.28483139259936324,0.566513538999285
219939920,6526,H,A,0.24073475244196985,0.30242145437519863,0.45684379318283147
219939921,6526,H,H,0.6642636396655616,0.22481278546897335,0.11092357486546514
219939922,6526,A,A,0.32330790329159476,0.3095581460731396,0.3671339506352657
219939923,6526,H,A,0.18143226000153537,0.2562082640951296,0.562359475903335
219939926,6526,H,H,0.7340718070576888,0.17473858466896494,0.09118960827334628
219939927,6526,H,A,0.19368313406932242,0.24064816155379326,0.5656687043768844
219939928,6526,D,A,0.11287843016139842,0.22910669798636527,0.6580148718522365
219939929,6484,H,H,0.5230371664990275,0.17279158301860006,0.30417125048237237
219940033,6597,D,H,0.5532719208107586,0.276020968574302,0.17070711061493943
219940137,6435,H,H,0.7672343922446364,0.15398287785531817,0.07878272990004541
219940197,6597,H,H,0.7688242308295383,0.15551322054144348,0.07566254862901818
219940201,6484,A,A,0.3278668730198308,0.18108400083176893,0.4910491261484002
219940224,6435,A,H,0.4130057130950449,0.29236265412113865,0.2946316327838164
219940250,6597,D,A,0.26983300085024303,0.30453858533819067,0.42562841381156635
219940273,6435,H,H,0.5857334439975908,0.27671563851111314,0.13755091749129608
219940427,6435,D,H,0.5702145837801691,0.2534414719966818,0.17634394422314906
219940561,6484,H,H,0.4473174077637518,0.24846752082273316,0.30421507141351506
219940562,6484,A,A,0.2620525323774945,0.2511387319423184,0.4868087356801871
219940563,6484,H,H,0.544138026841018,0.21557896104693366,0.2402830121120484
219940615,6484,H,H,0.7951317293458682,0.1505898959557248,0.054278374698407045
219940831,6484,D,H,0.45932796436625556,0.29904132542988593,0.24163071020385843
219940832,6484,D,A,0.2383518145623878,0.21068103742150393,0.5509671480161082
219940833,6484,A,A,0.29160652799037645,0.2745635610253624,0.43382991098426116
219940834,6484,H,H,0.6742148777870133,0.19296497674022278,0.13282014547276394
219940848,6484,H,H,0.7435019648365343,0.12418266036266433,0.13231537480080138
219940958,6484,H,H,0.5523238769615659,0.2598143148227681,0.18786180821566595
219941294,6597,A,A,0.13756114995490032,0.16454258733925717,0.6978962627058425
219942784,6597,A,H,0.46072975842448805,0.31897911627823566,0.22029112529727635
219942785,6597,A,H,0.36155125415840705,0.31321650508278576,0.3252322407588072
219942786,6597,A,D,0.31741839644183023,0.352043296149916,0.3305383074082538
219942787,6597,A,H,0.4199402192669376,0.2878471778807212,0.2922126028523412
219942788,6597,A,A,0.33606492613182853,0.23095586668119028,0.4329792071869811
219943424,6597,A,A,0.36064438869375565,0.182655832756686,0.45669977854955845
219943888,6435,H,H,0.7834944367138394,0.14512130499363016,0.07138425829253038
219943891,6435,H,A,0.21894961369896382,0.2248470783895885,0.5562033079114478
219943894,6435,D,H,0.4919867014227632,0.2813465070693402,0.22666679150789665
219943897,6435,D,H,0.49293728267453657,0.26509127230943763,0.24197144501602574
219943900,6435,H,A,0.32868206367577574,0.2344325523251488,0.4368853839990755
219943902,6435,D,D,0.33624848324457035,0.3467603652851335,0.31699115147029616
219943905,6435,H,A,0.2563276189368459,0.33618288190949513,0.40748949915365895
219943906,6527,H,H,0.6166523669643617,0.21726772082604492,0.16607991220959342
219943908,6435,D,A,0.17198031164565827,0.3807821884170769,0.44723749993726475
219943909,6527,H,H,0.7400413613081782,0.16162691169096757,0.09833172700085413
219943911,6435,D,D,0.34472596978104314,0.34709004648916597,0.3081839837297909
219943912,6527,H,H,0.3871943515684187,0.2664525888850604,0.3463530595465209
219943914,6435,H,H,0.6021034285188992,0.2773721920216634,0.12052437945943738
219943915,6527,A,A,0.18191541887529994,0.24691634554834066,0.5711682355763594
219943917,6527,A,A,0.08844880926173762,0.26160115178027277,0.6499500389579896
219943919,6527,A,H,0.6636384597563273,0.22730715520350953,0.10905438504016317
219943920,6527,A,A,0.3406987680839799,0.31599113786204047,0.34331009405397966
219943921,6527,H,H,0.7359470050505178,0.16827667473682167,0.09577632021266051
219943922,6527,A,A,0.23066434775257263,0.25603966783115184,0.5132959844162756
219945233,6526,D,H,0.7700956327222609,0.16657213562880557,0.06333223164893355
219945234,6526,H,H,0.668928324635809,0.23283836318832646,0.09823331217586453
219945235,6526,H,H,0.5583097421733749,0.28122707584297824,0.16046318198364692
219945236,6526,D,H,0.5997083725969767,0.18922740883532768,0.21106421856769553
219945238,6526,H,H,0.7262200057213943,0.21768097070539327,0.056099023573212475
219945239,6526,A,H,0.45539111228665413,0.23833747583684622,0.30627141187649953
219945240,6526,A,A,0.27818600878221866,0.3577737225646475,0.3640402686531337
219945241,6526,D,A,0.3284046045598201,0.19580104215520114,0.47579435328497877
219945242,6526,H,H,0.5429438955756122,0.2513896054345793,0.20566649898980852
219945243,6526,H,H,0.4427657727280396,0.32656461069895254,0.23066961657300794
219945320,6597,A,H,0.6187557478894565,0.23296347122965158,0.14828078088089183
219945442,6597,D,H,0.37416747992090116,0.33279524207789807,0.2930372780012008
221820325,6526,H,A,0.19199707958670748,0.22826369108091063,0.5797392293323818
222894475,6597,A,H,0.7959203545079315,0.1502459625374734,0.053833682954595063
222894478,6597,A,H,0.8533845453428891,0.12208940912627153,0.02452604553083943
222894481,6597,A,H,0.5266464185390537,0.2692492446431438,0.2041043368178025
222894483,6597,A,H,0.6411618373541266,0.20973096403907313,0.14910719860680027
222894486,6597,D,H,0.5068768419716942,0.2899950153534648,0.20312814267484097
222894491,6597,D,H,0.4193757244192108,0.31027428663307943,0.2703499889477098
222894492,6597,D,H,0.5764073902615098,0.26135593544280594,0.16223667429568428
222894493,6597,A,H,0.39014333588995803,0.34448922934414905,0.2653674347658929
222894494,6597,D,A,0.20574077623380235,0.29722592829947103,0.49703329546672653
222895147,6484,H,A,0.2723775588538363,0.23581862129838657,0.4918038198477771
222896232,6484,H,H,0.46912587654942384,0.24255698348686736,0.28831713996370884
222896236,6484,H,H,0.7284821287070257,0.16632180047109402,0.10519607082188039
222896239,6484,H,H,0.9060264165974024,0.07098888589659584,0.022984697506001746
222896559,6484,A,H,0.45625153768721965,0.22922946861881618,0.3145189936939641
222896746,6484,D,H,0.36110125040569857,0.3012339644182933,0.3376647851760081
223349905,6435,D,H,0.7552504276172827,0.1522906263947933,0.09245894598792408
223349908,6435,H,H,0.8251207669994657,0.12294890228177946,0.05193033071875475
223349911,6435,H,H,0.6094626752779765,0.24275157039581738,0.1477857543262061
223349914,6435,H,H,0.5864696581849795,0.29220517877997076,0.12132516303504969
223349917,6435,A,A,0.3063440555543945,0.3353052750650199,0.3583506693805855
223349920,6435,H,H,0.5934573429865012,0.29131153649285096,0.1152311205206478
223349921,6527,D,H,0.43843004606691804,0.28990803845923535,0.27166191547384655
223349923,6435,H,A,0.30624348930011713,0.2998900298759522,0.3938664808239306
223349924,6527,A,A,0.25771945821129294,0.31608889680855484,0.4261916449801523
223349926,6435,D,H,0.4014001667667534,0.2817984081481169,0.31680142508512965
223349927,6527,A,D,0.2898978146343956,0.37600360500438246,0.3340985803612219
223349929,6435,H,A,0.3515329825926928,0.2335569712460895,0.4149100461612177
223349930,6527,D,A,0.3067714769201751,0.1995831425028551,0.4936453805769698
223349932,6435,H,H,0.7147019189694223,0.19209216919540367,0.09320591183517413
223349933,6527,A,H,0.544243483314624,0.21797082107657273,0.23778569560880328
223349935,6527,H,H,0.5912492330246296,0.1996543609262033,0.20909640604916704
223349936,6527,H,H,0.7148172982958282,0.19669144794918125,0.08849125375499048
223349937,6527,A,A,0.12559507000074865,0.1661534044981332,0.7082515255011181
223349938,6527,A,H,0.6322359169977708,0.1736971545419156,0.1940669284603136
223351463,6526,D,A,0.3154263252854055,0.3108205493763268,0.37375312533826777
223351465,6526,D,H,0.6327900723450606,0.2595885913339792,0.10762133632096021
223351466,6526,A,A,0.15535774822050408,0.3297584739203362,0.5148837778591597
223351468,6526,A,A,0.13555737857835626,0.22205474976419096,0.6423878716574528
223351470,6526,H,H,0.8106501068980196,0.14406031357342303,0.04528957952855741
223351474,6526,A,H,0.46060290649320673,0.25568018063776565,0.2837169128690276
223351477,6526,D,H,0.5559055730224461,0.28070031719676036,0.1633941097807935
223351479,6526,A,A,0.19121182050576518,0.25235732546017664,0.5564308540340582
223351482,6526,H,H,0.5159124712191919,0.23761839488634146,0.24646913389446662
223351483,6526,D,H,0.4103289709137389,0.29628030613392875,0.2933907229523324
223351601,6484,H,H,0.8074928988647012,0.13468337161282198,0.057823729522476684
223351605,6484,D,A,0.36550368584820037,0.2675453866821526,0.3669509274696471
223351891,6484,D,A,0.22738554398499816,0.2158270304996044,0.5567874255153974
223497353,6484,D,A,0.1427011771421791,0.15935416035342356,0.6979446625043974
223733820,6484,A,A,0.285971398181573,0.2293710350697226,0.48465756674870436
226039502,6597,H,H,0.45725518553237865,0.27332435182145814,0.2694204626461633
226508121,6597,A,H,0.40454664934175866,0.32468693784024,0.2707664128180014
226508122,6597,H,H,0.37188072939919115,0.32805714387339724,0.30006212672741156
226508123,6597,D,H,0.48407727271887824,0.2995820584731769,0.21634066880794497
226508124,6597,D,A,0.07099106313845782,0.13776378136440517,0.7912451554971369
226508551,6484,D,H,0.5107336494446136,0.2840970901118267,0.2051692604435597
226508559,6484,A,A,0.21651681102414264,0.2532108993217884,0.530272289654069
226508566,6484,D,H,0.5450951359649209,0.24823125521952105,0.20667360881555816
226508572,6484,H,H,0.4836582944228299,0.22735711375426038,0.28898459182290964
226508578,6484,A,A,0.16788054563505975,0.339332473532548,0.49278698083239236
226508907,6597,H,H,0.40728523585991977,0.26710836236012464,0.32560640177995565
226508915,6484,A,H,0.6569305550148893,0.1911241763296984,0.15194526865541227
226509687,6484,H,H,0.46319186720004196,0.2148511136874954,0.3219570191124627
226509689,6484,H,H,0.4710979529659561,0.24349202686902094,0.285410020165023
226816577,6527,H,H,0.5573395563739043,0.214968361434696,0.2276920821913997
226816580,6527,D,H,0.5289463257105343,0.24988437437177444,0.22116929991769113
226816585,6527,D,H,0.651996120354492,0.20226899185373937,0.14573488779176869
226816587,6527,H,H,0.6119969612296324,0.25018689956364315,0.13781613920672445
226816589,6527,H,H,0.41796180017869033,0.2424494313217637,0.3395887684995459
226816590,6527,H,A,0.28756098090313686,0.28290553973120336,0.4295334793656598
226816591,6527,H,A,0.2017198782909498,0.2840057041026943,0.5142744176063558
226816592,6527,A,A,0.10983883783626959,0.17132027582365214,0.7188408863400783
226816630,6435,A,A,0.25681042369981805,0.2526753831160175,0.4905141931841645
226816632,6435,D,H,0.437627462747627,0.2964900577549899,0.2658824794973832
226816633,6435,D,H,0.6429073463682872,0.20518412062580038,0.1519085330059125
226816634,6435,A,A,0.2866966321453828,0.2568272152787758,0.45647615257584157
226816636,6435,A,A,0.20014991124100306,0.3399270859292004,0.4599230028297965
226816638,6435,A,A,0.15331269513883505,0.342191961791667,0.504495343069498
226816639,6435,A,H,0.34481078295987216,0.32931031024238494,0.32587890679774284
226816640,6435,A,A,0.34766340421616976,0.22257961395684472,0.4297569818269856
226816642,6435,D,D,0.32628562844176495,0.36927563389331236,0.3044387376649227
226816644,6435,H,H,0.47172585938141753,0.3387720525199922,0.18950208809859018
226818015,6526,A,H,0.4716593767554423,0.1878346204772346,0.34050600276732307
226818018,6526,H,H,0.4074067123025701,0.31981578435117486,0.27277750334625506
226818021,6526,H,A,0.2815247262859656,0.28887330967144065,0.42960196404259393
226818025,6526,H,H,0.4456943008876192,0.2869284736234557,0.26737722548892506
226818030,6526,H,H,0.4739358128084229,0.2946653215142179,0.23139886567735907
226818035,6526,D,D,0.1952458303007052,0.40889166728233645,0.39586250241695836
226818038,6526,H,H,0.6699276201878953,0.22201079074771987,0.10806158906438486
226818040,6526,H,H,0.5913429165097072,0.21130097072790321,0.19735611276238957
226818043,6526,A,H,0.5469059207887024,0.3085927540226236,0.144501325188674
226818047,6526,D,A,0.14090534747088135,0.22118050500018882,0.6379141475289297
226818197,6597,A,A,0.34936741854366665,0.24199302524829755,0.40863955620803577
226818386,6597,H,H,0.5458526207549972,0.28402760976820346,0.1701197694767994
226818434,6597,A,A,0.24699248531140033,0.21467354375986106,0.5383339709287386
226818449,6484,A,A,0.19749349611165162,0.27136054646017693,0.5311459574281714
232741773,6597,H,H,0.6474999705726959,0.2664326220066715,0.08606740742063253
233101677,6597,H,H,0.8670034823415793,0.1039247295633591,0.02907178809506155
233101678,6597,D,H,0.4091967050040832,0.3298430652774909,0.26096022971842575
233101679,6597,A,H,0.5907705395143882,0.2528061617379896,0.15642329874762237
233101680,6597,H,H,0.4883523467860713,0.277119985409526,0.23452766780440268
233101681,6597,A,H,0.3643193915725312,0.32203983968426686,0.3136407687432019
233102413,6597,H,H,0.5396604279465335,0.23602642853629896,0.2243131435171675
233404663,6526,D,H,0.6506054733013845,0.21747771069641048,0.13191681600220492
233404664,6526,A,A,0.10078848288134172,0.21710091977760185,0.6821105973410564
233404668,6526,H,H,0.5864273344228509,0.26955241429489984,0.14402025128224918
233404672,6526,A,A,0.15157332764942857,0.2592968494906999,0.5891298228598716
233466963,6527,A,A,0.19763927126911104,0.24117901200656647,0.5611817167243225
233466965,6527,H,H,0.6252562379051902,0.24959346829871812,0.12515029379609172
233466967,6527,H,A,0.33096554642995685,0.2902135091840054,0.3788209443860378
233466969,6527,H,A,0.3344126818217718,0.256842096858279,0.4087452213199492
233466971,6527,A,H,0.4321259726266679,0.24092474032701822,0.3269492870463139
233466975,6527,A,A,0.031045003950292062,0.11143381103474755,0.8575211850149603
233466978,6527,H,A,0.12263027205925114,0.18892043499407568,0.6884492929466733
233466981,6527,H,H,0.5364669669525063,0.20793700648608748,0.2555960265614063
233466984,6527,H,H,0.5497891021405327,0.21033852407395895,0.2398723737855084
233467020,6435,D,H,0.7766430445967231,0.14261142336036514,0.08074553204291177
233467024,6435,H,H,0.8333694162298345,0.11845126612681352,0.0481793176433519
233467028,6435,H,H,0.44350156707004146,0.3395829070374475,0.21691552589251117
233467032,6435,D,H,0.5457014998503419,0.29734811477332257,0.1569503853763355
233467036,6435,A,A,0.33999890068791555,0.2877939087601254,0.37220719055195894
233467039,6435,H,H,0.5799939433422284,0.30824240268681014,0.11176365397096145
233467042,6435,A,A,0.2775232004120458,0.3158647987016849,0.40661200088626925
233467044,6435,D,A,0.24369544342106392,0.24704329016552928,0.5092612664134067
233467045,6435,H,H,0.3910694955703837,0.34137151128797455,0.2675589931416419
233467046,6435,H,H,0.8127263739324221,0.15099999688633217,0.03627362918124575
233467692,6526,H,H,0.5795460319404309,0.24902579183305587,0.1714281762265133
233468178,6526,H,A,0.24643089311665456,0.2542730553954823,0.4992960514878632
233468440,6597,A,H,0.47535465624572054,0.2878216340618245,0.23682370969245506
233468616,6597,H,H,0.5370610548864058,0.2494447068848764,0.21349423822871783
233468624,6526,H,H,0.614712089589131,0.25839480895502354,0.12689310145584537
233468675,6526,H,H,0.4529248151825331,0.26496572040594374,0.2821094644115232
233917285,6526,D,D,0.32175123363993186,0.3501699379077266,0.3280788284523415
233917309,6526,D,H,0.6120035448365575,0.248648879661597,0.13934757550184548
234744846,6484,A,H,0.759422425738677,0.13985805904006163,0.10071951522126134
234744847,6484,H,H,0.5508833752748278,0.23011864667761042,0.21899797804756185
234744848,6484,A,H,0.5354732382253611,0.23260805821423114,0.2319187035604077
234744849,6484,H,H,0.42282930457417994,0.3383757774474919,0.2387949179783282
234744852,6484,H,H,0.46409540292837853,0.2500845785074114,0.28582001856421013
235450239,6484,H,H,0.7995896117889124,0.15047682936206913,0.0499335588490183
235450240,6484,H,H,0.4978501423531649,0.25570633352403416,0.24644352412280082
235450241,6484,D,A,0.09551142582074959,0.24653135102095494,0.6579572231582955
235450245,6484,H,H,0.7314211504576688,0.15801149699354056,0.11056735254879081
235829102,6484,H,H,0.5992493846742716,0.1833889479027673,0.2173616674229611
236552956,6597,H,H,0.510029112780021,0.27437900731838893,0.21559187990159
236552958,6597,A,A,0.17112114329731154,0.23451716064181577,0.5943616960608727
236552961,6597,H,A,0.3294698831356963,0.24506746985491384,0.4254626470093899
236552965,6597,A,A,0.2717532219491729,0.32100728820986796,0.4072394898409591
236552968,6597,A,A,0.08495948071780635,0.14170587998430317,0.7733346392978904
236552971,6597,D,H,0.6391334859141046,0.26080299689786285,0.10006351718803248
236552974,6597,H,H,0.46901338988809366,0.25227534423606973,0.27871126587583656
236552977,6597,A,H,0.429453663511595,0.24215468247370098,0.3283916540147041
236552981,6597,D,H,0.38433123519327533,0.30490996682527893,0.31075879798144573
236553576,6484,D,A,0.26123766321839714,0.17005367488564385,0.5687086618959589
236554184,6484,D,A,0.25038745058128975,0.2323688898846322,0.517243659534078
236554724,6484,H,H,0.39202710658044887,0.25367508800098865,0.3542978054185624
236554725,6484,A,A,0.2641160002357627,0.3488491952040827,0.3870348045601546
236555141,6484,H,H,0.47936903042021867,0.2370678501373561,0.2835631194424252
236946950,6527,H,H,0.6020010243671985,0.21583787624535497,0.1821610993874466
236946952,6527,A,H,0.5845889585613397,0.23936953267100394,0.1760415087676563
236946954,6527,H,A,0.26710099193864073,0.1941271594083269,0.5387718486530324
236946956,6527,A,A,0.26189527970844273,0.35846893040759176,0.3796357898839655
236946958,6527,H,A,0.3625511824678883,0.24854994162526786,0.38889887590684385
236946960,6527,H,H,0.6387447382398541,0.24082112779880918,0.12043413396133673
236946962,6527,H,H,0.8881105362515856,0.08406683055936864,0.027822633189045667
236946965,6527,A,A,0.26794266759331586,0.2869661257927278,0.44509120661395635
236946968,6527,A,H,0.4252892749705846,0.2865973109648059,0.28811341406460944
236947006,6435,D,H,0.7290811449669358,0.17549594797562043,0.09542290705744381
236947009,6435,A,H,0.7601757037923332,0.16800286128745745,0.07182143492020938
236947013,6435,A,H,0.3937691929412687,0.3026501915778564,0.303580615480875
236947016,6435,D,A,0.33105009062831936,0.3190640634345715,0.3498858459371092
236947018,6435,D,H,0.35914115189674106,0.28203477848845654,0.35882406961480234
236947020,6435,A,H,0.46242352247547897,0.2526154807980435,0.28496099672647746
236947021,6435,A,H,0.3762760415274193,0.3049704241405971,0.31875353433198367
236947022,6435,A,A,0.18602814317206265,0.34325544501780975,0.4707164118101277
236947023,6435,A,H,0.363179997411024,0.34615939690951447,0.29066060567946156
236947024,6435,A,H,0.6911441248952397,0.212843386588006,0.0960124885167543
236947926,6484,H,H,0.7388121396685285,0.17167522383548436,0.08951263649598706
236948244,6526,A,H,0.5345564389227114,0.21701754080740265,0.2484260202698859
236948247,6526,D,H,0.456035021984521,0.2717119111805476,0.2722530668349313
236948250,6526,D,D,0.246430483851052,0.38491958907871515,0.36864992707023286
236948253,6526,H,H,0.37498293128882765,0.29160372470646023,0.3334133440047122
236948255,6526,D,H,0.4180584105788954,0.34014344824990267,0.24179814117120194
236948257,6526,D,H,0.5032437734430324,0.24508339731329135,0.25167282924367634
236948260,6526,A,A,0.12809398999183622,0.32412891469717026,0.5477770953109935
236948261,6526,D,A,0.22347990995369124,0.2379323054024937,0.5385877846438152
236948264,6526,D,H,0.4675882509545276,0.2423612321810458,0.29005051686442657
236948266,6526,D,H,0.4539859452940605,0.3495478913300583,0.19646616337588124
236948407,6484,D,A,0.23938688839691868,0.22967603569848455,0.5309370759045968
236948415,6484,H,A,0.23776152913141568,0.1820587644504543,0.5801797064181299
236948774,6484,D,A,0.2907211207222073,0.1965000092530003,0.5127788700247924
237402908,6484,A,A,0.18213321752343858,0.22238883345281296,0.5954779490237485
240012388,6597,A,H,0.49521211759646566,0.2562614050455049,0.24852647735802944
243450198,6527,A,H,0.37824759845513234,0.31915765531776225,0.30259474622710536
244303680,6526,A,A,0.302866634847171,0.25281833414070104,0.4443150310121278
244304317,6484,H,H,0.5308699531573075,0.2520377777484063,0.21709226909428633
244304581,6526,H,H,0.4930907824537077,0.28481426255095543,0.22209495499533696
244304867,6597,D,H,0.6296498125601154,0.26879343777247916,0.10155674966740556
244304868,6597,H,H,0.41633566852067894,0.22471643316809034,0.3589478983112308
244304869,6597,A,H,0.4550546185555955,0.273226711995626,0.2717186694487785
244304870,6597,A,H,0.43549074768202617,0.3160267933783507,0.24848245893962306
244304871,6597,A,A,0.27474957588457477,0.34991152058352176,0.37533890353190347
244304969,6484,D,H,0.728726111837989,0.19996449101915725,0.07130939714285378
244304970,6484,A,H,0.5418053857056891,0.21937715914952013,0.23881745514479072
244304971,6484,A,A,0.17633581651521782,0.2937817884120356,0.5298823950727466
244305744,6526,H,H,0.6675662245138857,0.23411521263874616,0.09831856284736823
244305890,6484,D,H,0.6820555649597569,0.18939062889794522,0.12855380614229786
244305891,6597,D,H,0.7111234746903029,0.20741662532433822,0.08145989998535888
244306058,6526,H,H,0.6153923420826567,0.25782103951365987,0.12678661840368338
244306626,6435,H,H,0.6538635003373675,0.18227535926356658,0.16386114039906596
244306627,6435,H,H,0.7290978639007166,0.21427316797474674,0.056628968124536584
244306628,6435,A,H,0.4590505581750634,0.30146647908672886,0.23948296273820768
244306629,6435,A,H,0.6314625418460692,0.22740436225574323,0.1411330958981876
244306630,6435,A,A,0.20355850413182058,0.2775242505871899,0.5189172452809896
244306631,6435,A,A,0.050160977525293464,0.16174737640091622,0.7880916460737902
244306632,6435,H,H,0.49774119720378074,0.22504044546699997,0.2772183573292193
244306633,6435,A,H,0.4254925733817933,0.3584239782009687,0.2160834484172381
244306634,6435,H,D,0.3547309486660679,0.35838586998431593,0.28688318134961627
244306635,6435,A,H,0.5519936167595066,0.32515739730704923,0.12284898593344398
244306644,6527,A,A,0.36592409887221133,0.22000729940897035,0.41406860171881826
244306645,6527,A,A,0.21894719549481767,0.2774104916758484,0.503642312829334
244306646,6527,A,H,0.3977794716135293,0.2660874691445731,0.3361330592418976
244306647,6527,D,A,0.05269385232442357,0.14648623561708196,0.8008199120584945
244306648,6527,D,A,0.2593956378205293,0.29543340704796867,0.44517095513150207
244306649,6527,D,A,0.13883935794670735,0.2740291222579699,0.5871315197953227
244306650,6527,H,D,0.3447509041725881,0.3691135438372626,0.28613555199014923
244306651,6527,A,H,0.5611548897407644,0.26475676737470455,0.17408834288453098
244306652,6527,H,H,0.4198270963456662,0.19754719719198843,0.3826257064623453
244307407,6526,H,H,0.3939923138175552,0.28323840981090065,0.3227692763715441
244307726,6484,D,H,0.7628502216039205,0.14352592657043783,0.09362385182564166
244307727,6484,H,H,0.7324523263966753,0.19931020075259057,0.06823747285073405
244307728,6484,H,A,0.30651927614366803,0.24748894560876114,0.44599177824757086
244307732,6526,D,H,0.46183387242258145,0.3429571440220367,0.195208983555382
244307733,6526,D,A,0.28011521558604285,0.3402529939031539,0.37963179051080326
244308290,6597,A,H,0.4228542735325178,0.3499404154981672,0.22720531096931507
244308591,6484,H,H,0.4842500859899061,0.263526893198491,0.252223020811603
244308592,6597,H,H,0.6033290412718169,0.2664405340376283,0.13023042469055485
244308604,6526,H,H,0.4765838576674725,0.29882819156630386,0.2245879507662237
244308690,6526,D,H,0.37300254177935477,0.30610782322987284,0.3208896349907723
244308852,6526,H,H,0.6925257134830703,0.22186796943405068,0.085606317082879
244308853,6484,H,H,0.5392468826179904,0.19752996866640857,0.26322314871560115
244576869,6527,H,H,0.5788125772663647,0.21526008448793119,0.20592733824570408
250518519,6435,D,H,0.5134348709922943,0.3110020290043259,0.1755631000033797
250518520,6435,H,H,0.5199117766916462,0.34939234697697386,0.1306958763313798
250518521,6435,H,H,0.42339000278437366,0.2839666293807241,0.29264336783490225
250518522,6435,H,H,0.7860720835900809,0.1685426487887271,0.04538526762119202
250518523,6435,H,H,0.7309046544818922,0.19177021191739463,0.07732513360071304
250518524,6435,A,H,0.39195692311231817,0.3149993565022389,0.2930437203854429
250518525,6435,A,A,0.2764986672339321,0.29035109686984306,0.4331502358962247
250518526,6435,H,H,0.6816939953725666,0.2075279786548504,0.110778025972583
250518527,6435,D,H,0.470619783914004,0.2802399482884279,0.2491402677975681
250518528,6435,H,H,0.48890290171291356,0.26723168503315975,0.24386541325392672
250518529,6435,H,H,0.5696614442467836,0.28075717632639896,0.1495813794268175
250518530,6435,H,H,0.44818214982389804,0.28318554511658534,0.2686323050595166
250518531,6435,H,H,0.3891532036198865,0.2972536160505314,0.31359318032958206
250518532,6435,H,H,0.785499481896878,0.16519843278873306,0.049302085314388795
250518533,6435,A,A,0.27233347488258075,0.2735645693316664,0.45410195578575285
250518534,6435,D,H,0.5260444708833132,0.27390203181405737,0.20005349730262947
250518535,6435,D,H,0.5825554002050497,0.2507154135022749,0.16672918629267544
250518536,6435,A,A,0.24200217653381448,0.3241393370901205,0.4338584863760651
250518537,6435,A,A,0.2568822526562078,0.3452366682923462,0.39788107905144615
250518538,6435,H,A,0.23782997501270023,0.3177595262081939,0.4444104987791059
250518539,6435,H,H,0.6331436067689177,0.2551395738708175,0.11171681936026476
250518540,6435,D,H,0.6691335469416673,0.21545858787830025,0.11540786518003242
250518541,6435,H,H,0.5804502621613952,0.27164260221028397,0.14790713562832092
250518542,6435,A,A,0.1639715114810084,0.2807386019771037,0.5552898865418878
250518543,6435,H,H,0.3973671036749944,0.3002202544434292,0.3024126418815763
250518544,6435,H,H,0.4577399918746621,0.3246073136608331,0.2176526944645048
250518545,6435,A,D,0.32459232683666794,0.4044384422534686,0.27096923090986336
250518546,6435,H,H,0.5074909719798387,0.26940723240536024,0.223101795614801
250518547,6435,D,H,0.40453207355208315,0.2888614810406809,0.30660644540723603
250518548,6435,H,H,0.40594216689502377,0.30415236038680354,0.28990547271817263
250518549,6435,A,A,0.34336980474869316,0.29488503173145886,0.361745163519848
250518550,6435,A,A,0.28714057968159934,0.2979333148244234,0.41492610549397724
250518551,6435,A,A,0.3062754145899851,0.3230903118237861,0.3706342735862289
250518552,6435,D,H,0.37407568614812803,0.2873092640109454,0.3386150498409266
250518553,6435,A,A,0.2477108858361406,0.3535412572991419,0.39874785686471753
250518554,6435,H,H,0.7053812384111993,0.2127115035715646,0.08190725801723614
250518555,6435,H,H,0.5561581698815401,0.2782207740210109,0.16562105609744898
250518556,6435,H,H,0.45800458564772045,0.31320041550518385,0.22879499884709567
250518557,6435,H,H,0.3577029326480883,0.2976356961873966,0.3446613711645152
250518558,6435,A,A,0.22383700407357512,0.23370623331500723,0.5424567626114177
250518559,6435,H,H,0.5333513304602655,0.26683651700903055,0.19981215253070395
250518560,6435,A,A,0.17387600210586254,0.2149314153214503,0.611192582572687
250518561,6435,D,H,0.5418831511511919,0.30174345362895166,0.15637339521985646
250518562,6435,H,H,0.7286497397603205,0.1824869814129614,0.08886327882671802
250518563,6435,A,H,0.525556410448417,0.2699105309342432,0.2045330586173398
250518564,6435,A,H,0.3791913289711754,0.31250100396083264,0.3083076670679919
250518565,6435,D,H,0.6480294419235507,0.21966601820376913,0.13230453987268018
250518566,6435,H,H,0.511098001045605,0.29122469283247676,0.1976773061219182
250518567,6435,D,H,0.38034732510670416,0.26144520208663885,0.35820747280665693
250518568,6435,H,H,0.6008278343422255,0.2802038776521864,0.11896828800558813
250518569,6435,A,A,0.3366635491188707,0.27083328843178667,0.3925031624493426
250518570,6435,D,H,0.6026379230901848,0.2345860241751167,0.16277605273469842
250518571,6435,H,H,0.4200941447853592,0.33034000975516414,0.24956584545947666
250518572,6435,A,A,0.20402428078920987,0.39473465495145255,0.4012410642593376
250518573,6435,A,A,0.06351563964046678,0.15518110340486158,0.7813032569546716
250518574,6435,H,H,0.5510676729554088,0.24255359878567423,0.20637872825891695
250518575,6435,A,A,0.2409035201611409,0.2773990670188331,0.4816974128200262
250518576,6435,H,H,0.736641802385425,0.16813725853995148,0.0952209390746236
250518577,6435,H,A,0.25007245634260344,0.29521230264818993,0.4547152410092065
250518578,6435,D,H,0.4944108100188205,0.30750499790773883,0.19808419207344077
250518579,6435,D,H,0.5788440122183832,0.2557156930760714,0.16544029470554544
250518580,6435,H,H,0.38957864972320916,0.33376792109428577,0.2766534291825052
250518581,6435,H,H,0.5378800344406018,0.2821202568914316,0.1799997086679666
250518582,6435,D,A,0.2615871648026689,0.2913404731191027,0.4470723620782284
250518583,6435,A,H,0.7066449099003292,0.2100627998686688,0.08329229023100196
250518584,6435,A,A,0.034426812163441865,0.15657889643123954,0.8089942914053184
250518585,6435,H,H,0.6685747199584917,0.19129483133820904,0.14013044870329924
250518586,6435,H,H,0.5017803458747623,0.27286502215944064,0.22535463196579705
250518587,6435,H,A,0.2588731520231461,0.3086446088030038,0.43248223917385004
250518588,6435,A,H,0.4197739981523567,0.3211394777701433,0.2590865240775
256864051,6527,D,A,0.14558021067388413,0.26185150148633246,0.5925682878397834
256864052,6527,H,H,0.8415903654654285,0.11591893803043797,0.042490696504133514
256864053,6527,D,A,0.2674805294666205,0.33937666766161567,0.39314280287176384
256864054,6527,A,H,0.5062005155114768,0.2436921991415322,0.250107285346991
256864055,6527,H,H,0.5388341203003026,0.3026749597921745,0.1584909199075229
256864056,6527,H,H,0.41105741656126604,0.2767633351293491,0.3121792483093848
256864057,6527,D,H,0.4326446036524819,0.27967904525368165,0.28767635109383644
256864058,6527,H,H,0.6462975209499193,0.23718539039154565,0.11651708865853512
256864059,6527,H,H,0.6052904529235558,0.26908752463516417,0.12562202244128004
256864060,6527,D,H,0.4799714868982037,0.2858245279395341,0.23420398516226223
256864061,6527,A,H,0.5475809663286197,0.2504395692568616,0.20197946441451867
256864062,6527,H,A,0.3877129031212176,0.20882304184142747,0.40346405503735505
256864063,6527,H,H,0.5037162900342589,0.26029788551070976,0.23598582445503138
256864064,6527,H,H,0.8168689242717144,0.11443100990523798,0.06870006582304752
256864065,6527,H,A,0.24819258345807446,0.28136376950925934,0.4704436470326663
256864066,6527,H,H,0.47498223152742597,0.29872749632278434,0.22629027214978958
256864067,6527,A,H,0.5185093607515537,0.2363865129950435,0.24510412625340278
256864068,6527,H,A,0.06575395164015876,0.17425565265675377,0.7599903957030874
256864069,6527,H,H,0.728303607532893,0.18059375511908116,0.09110263734802593
256864070,6527,D,A,0.2194254776835801,0.26329267090721226,0.5172818514092076
256864071,6527,H,A,0.29096777952447855,0.26446117251101015,0.4445710479645113
256864072,6527,A,H,0.41283202239205535,0.30279289711325214,0.2843750804946924
256864073,6527,H,H,0.569081029177739,0.22765384291088625,0.20326512791137483
256864074,6527,D,H,0.6292399200329164,0.19597087751363326,0.1747892024534504
256864075,6527,H,A,0.1429484937061056,0.23508111260433523,0.6219703936895591
256864076,6527,H,H,0.5719598951471607,0.25055926027185127,0.17748084458098803
256864077,6527,H,H,0.3741547695292709,0.2891220914412688,0.3367231390294604
256864078,6527,A,H,0.4467641862249871,0.309262310806152,0.24397350296886086
256864079,6527,A,H,0.6954588971849166,0.14572155327971745,0.15881954953536584
256864080,6527,A,H,0.4416033241477642,0.2585430160820211,0.2998536597702147
256864081,6527,A,A,0.11002931307400396,0.20951706018809974,0.6804536267378963
256864082,6527,H,A,0.2467289642862999,0.2587743940563296,0.49449664165737045
256864083,6527,A,A,0.12129300100590928,0.21944486442325462,0.659262134570836
256864084,6527,H,H,0.5066284895722767,0.236186717628469,0.2571847927992543
256864085,6527,A,A,0.02819059817854786,0.10366743113922984,0.8681419706822223
256864086,6527,A,H,0.4500387605454928,0.3091112100490298,0.24085002940547737
256864087,6527,D,A,0.34843524506512047,0.2174301580278158,0.4341345969070637
256864088,6527,A,A,0.18486317191517737,0.2389131720400493,0.5762236560447733
256864089,6527,H,H,0.6633926575470657,0.2224238040976165,0.11418353835531786
256864090,6527,H,H,0.5342690482254092,0.18478816565203077,0.2809427861225601
256864091,6527,A,A,0.1641910480955998,0.25281094359687134,0.5829980083075288
256864092,6527,H,H,0.5726295612313148,0.21610137174216362,0.21126906702652157
256864093,6527,H,A,0.23094286842059716,0.2597315345248618,0.509325597054541
256864094,6527,H,H,0.7620156447184113,0.18243383090580184,0.05555052437578691
256864399,6526,D,H,0.364824142906404,0.2801213802373191,0.35505447685627695
256864400,6526,A,A,0.2489699047248012,0.25127559034244273,0.49975450493275586
256864401,6526,H,A,0.18148968328591414,0.22241548897757407,0.5960948277365118
256864402,6526,H,H,0.5726882066009779,0.2640796622393323,0.16323213115968982
256864403,6526,A,A,0.12294655634428764,0.23816664783668332,0.6388867958190292
256864404,6526,D,H,0.6808746134187155,0.22420308124543736,0.09492230533584708
256864405,6526,H,H,0.5553808237804292,0.2645677595864637,0.18005141663310706
256864406,6526,A,H,0.578995430003127,0.2500203782804447,0.17098419171642829
256864407,6526,H,H,0.7260784254453574,0.19547041766408002,0.07845115689056266
256864408,6526,H,H,0.7633239799117055,0.171816464312161,0.06485955577613352
256864409,6526,D,A,0.2105087520872516,0.2524422108639753,0.537049037048773
256864410,6526,A,H,0.5669105681200464,0.28979496647137865,0.14329446540857502
256864411,6526,D,H,0.4615295702226964,0.24570166316223796,0.2927687666150657
256864412,6526,A,A,0.2771031517105555,0.2610579447578972,0.46183890353154744
256864413,6526,A,A,0.23203460880631893,0.26264294382149994,0.5053224473721811
256864414,6526,H,A,0.34457002573412354,0.2480312542837565,0.4073987199821199
256864415,6526,H,H,0.39519148548899635,0.3781398722611066,0.22666864224989697
256864416,6526,A,H,0.48406383755259735,0.22244573545963495,0.29349042698776767
256864417,6526,H,H,0.3981378190001738,0.27445548868251,0.32740669231731623
256864418,6526,A,A,0.36962408920810164,0.23567092583030616,0.39470498496159223
256864419,6526,A,H,0.5691070854904955,0.32589648274878574,0.1049964317607188
256864420,6526,H,H,0.6731475508071314,0.21522658560416236,0.1116258635887062
256864421,6526,A,H,0.3881964031548466,0.2301500037229241,0.38165359312222924
256864422,6526,A,A,0.18741314920467866,0.2742963408115133,0.538290509983808
256864423,6526,D,H,0.6791761110402131,0.21970414019122317,0.10111974876856383
256864424,6526,D,H,0.6103805590723437,0.2917167205083467,0.09790272041930968
256864425,6526,A,A,0.3125168602095669,0.2918972988557761,0.39558584093465715
256864426,6526,H,A,0.2407118698914285,0.25999441046516497,0.4992937196434065
256864427,6526,D,A,0.1826216810255415,0.31341679229281727,0.5039615266816413
256864428,6526,H,H,0.4311072955790497,0.2608810910234221,0.30801161339752814
256864429,6526,A,H,0.5931147778832377,0.2620561683611825,0.14482905375557978
256864430,6526,D,A,0.142945414422044,0.2953004259481244,0.5617541596298317
256864431,6526,A,A,0.18594196200819013,0.2277700731262218,0.5862879648655881
256864432,6526,A,A,0.20494388891978346,0.2124868715300744,0.5825692395501422
256864433,6526,A,A,0.2193496539755088,0.3315528159869139,0.4490975300375773
256864434,6526,H,A,0.3450753991002955,0.2619357649173537,0.39298883598235074
256864435,6526,H,H,0.6466718405925426,0.23901061759248837,0.11431754181496903
256864436,6526,H,H,0.48418953886213023,0.3306052754757842,0.1852051856620856
256864437,6526,A,A,0.18665257675092164,0.24022560360173123,0.5731218196473471
256864438,6526,H,A,0.3446697205153874,0.278755267762757,0.3765750117218556
256864439,6526,D,H,0.36936862870383813,0.2770188621564405,0.3536125091397214
256864440,6526,H,H,0.6109163311233097,0.26314283048973147,0.12594083838695885
256864441,6526,H,H,0.5374501505870005,0.3079840836387571,0.15456576577424236
256864442,6526,H,A,0.31405398723956346,0.24286020846961404,0.4430858042908225
256864443,6526,H,H,0.5020091742324179,0.24075273092383245,0.25723809484374965
256864444,6526,H,A,0.37068294060499374,0.2263766708828923,0.40294038851211395
256864445,6526,D,D,0.3286000691586434,0.379677523448061,0.2917224073932957
256864446,6526,A,A,0.170353518342381,0.25312773669093414,0.5765187449666848
256864447,6526,A,A,0.19047969758779007,0.3149821546893182,0.4945381477228918
256864448,6526,A,A,0.14207420142942118,0.2711500901288004,0.5867757084417784
256864449,6526,H,H,0.6842599549217009,0.22188924724173478,0.09385079783656432
256864450,6526,A,D,0.32304752782953494,0.3740187029459736,0.30293376922449133
256864451,6526,A,H,0.3675124683595611,0.36033588179449627,0.2721516498459426
256864452,6526,D,H,0.45542405863760616,0.32210442540945866,0.22247151595293524
256864453,6526,H,D,0.2911236948195293,0.368755052193654,0.3401212529868167
256864454,6526,A,A,0.11522445937983343,0.29396087192343284,0.5908146686967336
256864455,6526,A,A,0.29331926368433914,0.32683895648636574,0.37984177982929507
256864456,6526,A,D,0.30580394107646075,0.36992041397268577,0.3242756449508534
256864457,6526,D,D,0.32750131392635157,0.3469528154359778,0.32554587063767065
256864458,6526,A,A,0.23244704617026954,0.3195874934909291,0.4479654603388016
262683378,6484,A,A,0.13104152128055122,0.22855173487174427,0.6404067438477045
262683379,6484,D,H,0.38928488541251877,0.2571922796722979,0.3535228349151833
262683380,6484,A,H,0.4474388146376861,0.2711745041612279,0.28138668120108595
262683381,6484,D,A,0.288694686318943,0.2345393094303543,0.47676600425070276
262683382,6484,D,H,0.674907912976648,0.22187099675533106,0.10322109026802097
262683383,6484,H,H,0.5718901191122405,0.2578705404317023,0.17023934045605718
262683384,6484,H,H,0.6987804483842456,0.19502289501939643,0.10619665659635802
262683385,6484,H,H,0.37910170652104025,0.32965049107673783,0.2912478024022218
262683386,6484,A,A,0.06893364683151129,0.14673852949945812,0.7843278236690306
262683387,6484,H,A,0.3070308204606598,0.2044644203953964,0.4885047591439439
262683388,6484,A,A,0.2807044057485105,0.22337052057210693,0.49592507367938254
262683389,6484,D,H,0.7162232487445452,0.1883862835371415,0.0953904677183132
262683390,6484,A,H,0.47909784384428994,0.28555315095488,0.23534900520083005
262683391,6484,A,A,0.2379525000558903,0.27760615161416957,0.48444134832994
262683392,6484,A,H,0.4584131052866826,0.21140751577141337,0.33017937894190413
262683393,6484,H,A,0.20368390350984003,0.21244729880257984,0.5838687976875802
262683394,6484,H,H,0.5763310587376291,0.270245539394042,0.1534234018683289
262683395,6484,H,H,0.586575207088681,0.16974999785525063,0.24367479505606826
262683396,6484,D,H,0.4096512751402331,0.28481149665869904,0.30553722820106793
262683397,6484,A,A,0.23534256543752968,0.2941944632773576,0.4704629712851127
262683398,6484,H,H,0.6190580548013699,0.17880493297360708,0.2021370122250231
262683399,6484,D,H,0.6949971018323833,0.15381897609406345,0.15118392207355325
262683400,6484,H,H,0.4835871730975957,0.21669803230529128,0.29971479459711314
262683401,6484,D,H,0.555666148555508,0.2101834332664758,0.23415041817801618
262683402,6484,H,A,0.3429162766274636,0.24469780239189273,0.4123859209806437
262683403,6484,A,A,0.3380859043725959,0.28780710690446143,0.37410698872294273
262683404,6484,H,H,0.68770671721788,0.15200365146696126,0.1602896313151588
262683405,6484,H,H,0.48209413612650925,0.2756734190511585,0.24223244482233214
262683406,6484,A,A,0.24946563825701165,0.2931755958863431,0.45735876585664514
262683407,6484,H,H,0.6882378769347712,0.19835956964875803,0.11340255341647082
262683408,6484,A,A,0.30934877653783766,0.28687045052839005,0.40378077293377235
262683409,6484,D,H,0.6307672910768516,0.19760686183922235,0.17162584708392611
262683410,6484,H,H,0.42551704062013773,0.3068949912205117,0.26758796815935043
262683411,6484,H,H,0.4987343564933586,0.20198831122935498,0.29927733227728626
262683412,6484,D,H,0.47471374826911483,0.2510511093735122,0.27423514235737295
262683413,6484,H,H,0.3615106933448987,0.36089692438137855,0.2775923822737227
262683414,6484,A,H,0.5749811706143682,0.22711597405017112,0.1979028553354608
262683415,6484,H,A,0.38144489929874315,0.23033558106496552,0.3882195196362913
262683416,6484,H,H,0.6430033014776493,0.25895922237039426,0.09803747615195639
262683417,6484,A,H,0.5720231746753894,0.17965125389125466,0.24832557143335593
262683418,6484,A,A,0.35423646816291005,0.24378552035231082,0.40197801148477913
262683419,6484,A,A,0.28745992999278613,0.2770910584289458,0.435449011578268
262683420,6484,H,H,0.5646410075675075,0.20694370549642377,0.22841528693606883
262683421,6484,A,A,0.31745283641617944,0.21094049281090407,0.47160667077291657
262683422,6484,D,H,0.5227103870246678,0.19269809796355913,0.28459151501177304
262683423,6484,H,H,0.3971839711538489,0.24669507149599032,0.35612095735016075
262683424,6484,D,A,0.3494623115718617,0.26806226201130706,0.3824754264168312
262683425,6484,A,A,0.12165790518186564,0.19600837996496237,0.682333714853172
262683426,6484,A,H,0.514379481096442,0.21754555614538387,0.2680749627581741
262683427,6484,A,A,0.3233908913108518,0.2334608346063943,0.4431482740827539
262683428,6484,A,H,0.4090246950130243,0.2917970633300861,0.2991782416568896
262683429,6484,H,H,0.7402942182264212,0.19148606599081444,0.06821971578276434
262683430,6484,D,A,0.06284690007279058,0.21653945907041927,0.7206136408567901
262683431,6484,A,H,0.47493387503787377,0.24669953499573072,0.27836658996639563
262683432,6484,H,A,0.32562460191052944,0.20784068759832983,0.4665347104911407
262683433,6484,H,H,0.6286609089442097,0.21122164508197952,0.1601174459738108
262683434,6484,A,H,0.6247613843111831,0.1907662946885747,0.18447232100024225
262683435,6484,H,A,0.29114612983892385,0.22232190497933038,0.48653196518174563
262683436,6484,D,H,0.6102669372787966,0.23205290785499103,0.15768015486621245
262683437,6484,A,A,0.06022039714561515,0.16951947460817196,0.7702601282462129
263274543,6597,D,H,0.4775295610948182,0.23914800890403887,0.28332243000114304
263274544,6597,H,H,0.47422085551859083,0.3087786341540742,0.21700051032733494
263274545,6597,H,H,0.4767601808802131,0.32266879144961946,0.20057102767016735
263274546,6597,D,H,0.6608080215344659,0.24013211984180666,0.09905985862372742
263274561,6597,D,H,0.44340243191701345,0.28193906626795606,0.2746585018150305
263274562,6597,A,A,0.06981961935833281,0.1148594505869866,0.8153209300546806
263882437,6597,D,A,0.30194132206478,0.295531353544703,0.40252732439051697
263882445,6597,D,A,0.22774183823908462,0.23237628121802784,0.5398818805428877
263882449,6597,H,H,0.6406045823625373,0.19328131301727836,0.16611410462018442
267675950,6597,A,H,0.5425957026245806,0.295894002831379,0.16151029454404045
268189308,6597,H,A,0.33885319344629067,0.3126338135493754,0.348512993004334
268189312,6597,H,H,0.8240363560788171,0.11189398008657664,0.06406966383460623
268189324,6597,H,H,0.5274393338958304,0.2508413194005637,0.22171934670360585
268189325,6597,A,A,0.28260212766822296,0.28176638770764034,0.43563148462413676
268189326,6597,H,H,0.6926660449575711,0.20142946801517234,0.1059044870272566
268189350,6597,A,H,0.4707650544042361,0.26645923370554,0.262775711890224
268738334,6597,D,H,0.4104850770284874,0.3465641739297255,0.2429507490417872
268738349,6597,D,H,0.4180571840090572,0.32778662708349376,0.25415618890744907
271892656,6597,D,H,0.40680658516841706,0.3246674667238999,0.268525948107683
272454978,6597,H,H,0.6200979651996349,0.19650957888328602,0.1833924559170791
272454979,6597,A,H,0.40742964753948,0.26236495188341397,0.33020540057710607
272454981,6597,D,H,0.4298259662349681,0.36081418838805357,0.20935984537697824
272454985,6597,D,A,0.13282482329735446,0.18425915503852178,0.6829160216641238
272454990,6597,D,D,0.3578933313574552,0.3671455292354479,0.2749611394070968
273017251,6597,A,H,0.47817702498347125,0.3035538769278916,0.2182690980886371
273017264,6597,D,H,0.36434603898018936,0.30482977645647363,0.330824184563337
273017270,6597,D,A,0.27312141740626794,0.2640664410654835,0.4628121415282487
276523514,6597,D,H,0.47374512391758145,0.30722280156738113,0.21903207451503737
277107769,6597,H,H,0.8799950237414934,0.0875453744614293,0.03245960179707741
277107773,6597,A,A,0.29182256928372824,0.328860941628511,0.3793164890877607
277107774,6597,A,H,0.3899966671477775,0.2665174277767927,0.3434859050754299
277107775,6597,A,H,0.5031083821038839,0.3140221646801278,0.18286945321598838
277107776,6597,D,H,0.5116549135028859,0.26016272818470476,0.22818235831240924
277699963,6597,H,H,0.5294367746770748,0.26619460676956724,0.20436861855335803
277699967,6597,D,H,0.5466642906248981,0.25786999509323166,0.19546571428187026
277699970,6597,A,H,0.5282252517040518,0.24487176374304276,0.22690298455290545
281601305,6597,A,A,0.32347539596470026,0.31301600181338585,0.3635086022219139
281601306,6597,A,H,0.35466399928863784,0.3371594530643861,0.308176547646976
281601307,6597,A,H,0.3763459447471083,0.28324756252224925,0.3404064927306425
281601308,6597,H,H,0.6540107025345008,0.23328675439397328,0.11270254307152587
281601309,6597,A,A,0.06688988768599027,0.13419014148548672,0.798919970828523
281601310,6597,A,H,0.5425011831928619,0.2737228261727235,0.18377599063441474
281601311,6597,A,H,0.36530221047741057,0.31280256874206236,0.32189522078052707
281601312,6597,D,A,0.31431743166344905,0.2302293720854345,0.45545319625111635
281601313,6597,A,H,0.4330730301671749,0.2737505447748164,0.2931764250580087
