arm,fold,fixture_id,season_id,y_true,y_pred,p_home,p_draw,p_away
model_b_plus_home_advantage,fold_3,152781768,6435,D,H,0.39796255732969016,0.3142225357519293,0.2878149069183806
model_b_plus_home_advantage,fold_3,152781770,6435,D,H,0.41464730870043004,0.33213430975308283,0.253218381546487
model_b_plus_home_advantage,fold_3,152908782,6435,D,H,0.40885281615891667,0.3205791785726035,0.27056800526847996
model_b_plus_home_advantage,fold_3,152908783,6484,H,H,0.49264715822163013,0.21357386826736993,0.2937789735109999
model_b_plus_home_advantage,fold_3,152908785,6435,H,H,0.4956084948597745,0.27053412295531093,0.23385738218491461
model_b_plus_home_advantage,fold_3,153121348,6526,D,H,0.5554108872099849,0.22779309121563607,0.216796021574379
model_b_plus_home_advantage,fold_3,153121349,6526,D,A,0.34249992887852104,0.30215912390261923,0.3553409472188598
model_b_plus_home_advantage,fold_3,153121354,6526,D,D,0.30997675362259175,0.34576416710733204,0.34425907927007626
model_b_plus_home_advantage,fold_3,153121355,6526,D,A,0.24089861326508588,0.30400391328729703,0.45509747344761714
model_b_plus_home_advantage,fold_3,153121356,6484,A,H,0.4673107364718839,0.24035756384533513,0.2923316996827809
model_b_plus_home_advantage,fold_3,153121359,6484,H,H,0.6854565845227251,0.13980611707886473,0.17473729839841015
model_b_plus_home_advantage,fold_3,153121360,6484,A,H,0.43242328409608577,0.25796989667942644,0.3096068192244878
model_b_plus_home_advantage,fold_3,153121361,6484,H,H,0.7215777574625127,0.11111056573909625,0.16731167679839104
model_b_plus_home_advantage,fold_3,153121362,6484,A,A,0.20512028539118835,0.18642661101249086,0.6084531035963209
model_b_plus_home_advantage,fold_3,153121364,6435,D,H,0.42749140114856904,0.30817943261918945,0.26432916623224156
model_b_plus_home_advantage,fold_3,153121365,6484,D,H,0.5219505775067518,0.20905270991516037,0.26899671257808777
model_b_plus_home_advantage,fold_3,153121366,6435,A,A,0.273203384423891,0.34566591109695255,0.3811307044791564
model_b_plus_home_advantage,fold_3,153121367,6527,H,H,0.669758357352725,0.10535848760408463,0.22488315504319037
model_b_plus_home_advantage,fold_3,153121371,6527,A,A,0.3577180095980434,0.1654616767013365,0.47682031370062
model_b_plus_home_advantage,fold_3,153121372,6527,A,H,0.4734745773271909,0.16069656184544895,0.36582886082736
model_b_plus_home_advantage,fold_3,153121383,6527,A,A,0.32093217084061887,0.26716522952941174,0.4119025996299693
model_b_plus_home_advantage,fold_3,153503374,6526,H,H,0.37674243294443577,0.2737967150740548,0.34946085198150945
model_b_plus_home_advantage,fold_3,153503375,6526,D,H,0.49252732981705954,0.3054906629738522,0.2019820072090884
model_b_plus_home_advantage,fold_3,153503376,6484,A,A,0.3405075024330093,0.2708961858229012,0.3885963117440895
model_b_plus_home_advantage,fold_3,153503377,6484,H,H,0.3753142464128723,0.262749855819149,0.36193589776797863
model_b_plus_home_advantage,fold_3,153503379,6435,D,A,0.27459356777252925,0.3071563392889545,0.41825009293851634
model_b_plus_home_advantage,fold_3,153503380,6526,H,H,0.5773149288179603,0.2294764499645516,0.19320862121748814
model_b_plus_home_advantage,fold_3,153503381,6526,D,H,0.3570643365564553,0.3196526625369284,0.3232830009066162
model_b_plus_home_advantage,fold_3,153503382,6527,H,H,0.4059274929054462,0.2259143575917153,0.3681581495028386
model_b_plus_home_advantage,fold_3,153503385,6435,A,H,0.37512647406484806,0.3586933987158789,0.2661801272192731
model_b_plus_home_advantage,fold_3,153503389,6527,A,A,0.31566504858984346,0.2984375539618232,0.38589739744833346
model_b_plus_home_advantage,fold_3,153503390,6527,D,H,0.422922377149594,0.23265324053551636,0.3444243823148896
model_b_plus_home_advantage,fold_3,153503391,6527,D,H,0.38996240310351893,0.27937923871574566,0.3306583581807353
model_b_plus_home_advantage,fold_3,153503392,6527,H,H,0.3753145683740474,0.2526135152572192,0.37207191636873344
model_b_plus_home_advantage,fold_3,153799321,6435,D,H,0.3434534799711396,0.31487770147695293,0.3416688185519074
model_b_plus_home_advantage,fold_3,153799322,6484,D,H,0.38862441052969876,0.24470634601226005,0.3666692434580412
model_b_plus_home_advantage,fold_3,153799323,6526,H,H,0.42394856471968606,0.27847619170338994,0.29757524357692405
model_b_plus_home_advantage,fold_3,153799333,6526,A,A,0.3322306474493337,0.3049672194064594,0.3628021331442069
model_b_plus_home_advantage,fold_3,153799336,6435,H,H,0.4380803349220818,0.28343700406078554,0.2784826610171327
model_b_plus_home_advantage,fold_3,154591797,6597,A,A,0.23686130264679614,0.30959911159693326,0.4535395857562707
model_b_plus_home_advantage,fold_3,154830973,6597,H,H,0.49015709506890737,0.19121648643854802,0.31862641849254464
model_b_plus_home_advantage,fold_3,154830974,6597,D,H,0.598244671290205,0.17938418487716937,0.22237114383262563
model_b_plus_home_advantage,fold_3,154830975,6597,H,H,0.45257780434284367,0.249715099626875,0.2977070960302814
model_b_plus_home_advantage,fold_3,154830976,6597,H,H,0.6651252035413118,0.1444261785616111,0.1904486178970771
model_b_plus_home_advantage,fold_3,154830980,6597,D,H,0.4327581241065119,0.3068885323483937,0.2603533435450944
model_b_plus_home_advantage,fold_3,154830984,6597,H,A,0.27319891058029716,0.2957475492298418,0.4310535401898609
model_b_plus_home_advantage,fold_3,155290854,6435,H,H,0.5818026800341456,0.2196999086583349,0.1984974113075196
model_b_plus_home_advantage,fold_3,155290856,6597,A,H,0.3801695024215738,0.29276418361899664,0.32706631395942953
model_b_plus_home_advantage,fold_3,155290863,6435,A,H,0.5040601192446496,0.2656526410274661,0.2302872397278844
model_b_plus_home_advantage,fold_3,155290864,6435,D,H,0.41064850836649186,0.291994501604028,0.29735699002948013
model_b_plus_home_advantage,fold_3,155290865,6435,H,H,0.5867755106734667,0.25540892227582707,0.1578155670507063
model_b_plus_home_advantage,fold_3,155290866,6435,H,H,0.40826722239790536,0.30686580449252127,0.2848669731095735
model_b_plus_home_advantage,fold_3,155290867,6435,A,H,0.43056765899070415,0.2925920133598455,0.2768403276494503
model_b_plus_home_advantage,fold_3,155290868,6435,H,H,0.6034490383782792,0.23393364050976567,0.16261732111195515
model_b_plus_home_advantage,fold_3,155658082,6597,A,H,0.40375752371283113,0.25809284331859034,0.33814963296857853
model_b_plus_home_advantage,fold_3,155658106,6435,H,H,0.41938593311702826,0.2667753014661571,0.3138387654168146
model_b_plus_home_advantage,fold_3,155658107,6435,D,A,0.33293402999003935,0.3216239503082548,0.3454420197017058
model_b_plus_home_advantage,fold_3,155658109,6435,H,H,0.4449964294050843,0.23777283481714165,0.31723073577777405
model_b_plus_home_advantage,fold_3,156528090,6527,H,H,0.6278979450068886,0.15907818222249204,0.21302387277061938
model_b_plus_home_advantage,fold_3,156559576,6597,H,H,0.5084405243882839,0.2587197585860338,0.23283971702568224
model_b_plus_home_advantage,fold_3,156783614,6484,H,H,0.5438309451175704,0.2105420849037687,0.24562696997866104
model_b_plus_home_advantage,fold_3,156784040,6484,A,H,0.6414910256833184,0.15594007108821564,0.20256890322846594
model_b_plus_home_advantage,fold_3,156784045,6484,H,H,0.5578410240196376,0.2156152649584867,0.22654371102187573
model_b_plus_home_advantage,fold_3,156784051,6484,H,H,0.8171633051656267,0.10451241659617683,0.07832427823819654
model_b_plus_home_advantage,fold_3,156784053,6484,A,A,0.35201086161326284,0.2614772181418279,0.3865119202449093
model_b_plus_home_advantage,fold_3,156784055,6484,H,H,0.5870988370121052,0.22660506195849967,0.18629610102939512
model_b_plus_home_advantage,fold_3,156784608,6527,A,A,0.29110889688074576,0.29371365002006283,0.4151774530991914
model_b_plus_home_advantage,fold_3,156784989,6484,A,A,0.21905649741584568,0.30347236160855,0.4774711409756043
model_b_plus_home_advantage,fold_3,156784999,6526,H,A,0.27941395632228005,0.3037737294962327,0.4168123141814872
model_b_plus_home_advantage,fold_3,156785000,6526,H,A,0.24792464581452756,0.33581424858424835,0.41626110560122404
model_b_plus_home_advantage,fold_3,156785012,6527,H,H,0.5478994557571364,0.22450625324155518,0.22759429100130843
model_b_plus_home_advantage,fold_3,156785132,6526,H,H,0.5816918332804613,0.20456009930808944,0.21374806741144936
model_b_plus_home_advantage,fold_3,156785133,6526,A,D,0.3348864410185077,0.3589441562791633,0.306169402702329
model_b_plus_home_advantage,fold_3,156785143,6527,A,H,0.4931542195640996,0.29651878970736084,0.2103269907285396
model_b_plus_home_advantage,fold_3,156833294,6597,A,H,0.6169087582811028,0.16234381807972803,0.22074742363916924
model_b_plus_home_advantage,fold_3,156833297,6597,A,A,0.36519949254985024,0.21773416027475215,0.4170663471753976
model_b_plus_home_advantage,fold_3,156833298,6597,A,H,0.5600295740959089,0.23894990145967088,0.20102052444442023
model_b_plus_home_advantage,fold_3,156833299,6597,D,A,0.32252352363038544,0.2778092364755449,0.3996672398940696
model_b_plus_home_advantage,fold_3,156833300,6597,H,H,0.46540644020269084,0.28846485476954575,0.2461287050277633
model_b_plus_home_advantage,fold_3,156833301,6597,D,H,0.49689590884555496,0.24397218572025753,0.25913190543418746
model_b_plus_home_advantage,fold_3,156833303,6526,H,A,0.20188822868173617,0.29840674865907646,0.4997050226591875
model_b_plus_home_advantage,fold_3,156833307,6484,H,H,0.6993714196939614,0.15656170061781166,0.1440668796882269
model_b_plus_home_advantage,fold_3,156833310,6484,A,D,0.2946115722289829,0.3942853700609449,0.31110305771007224
model_b_plus_home_advantage,fold_3,156833311,6484,D,H,0.3730896800464398,0.26046861547526823,0.366441704478292
model_b_plus_home_advantage,fold_3,157282140,6527,H,H,0.5644589773165424,0.2500535770873168,0.1854874455961408
model_b_plus_home_advantage,fold_3,157282604,6527,H,A,0.2947861589831619,0.2590435422888295,0.44617029872800856
model_b_plus_home_advantage,fold_3,157282605,6527,H,H,0.40846233626463146,0.26088802436248987,0.3306496393728788
model_b_plus_home_advantage,fold_3,157282608,6527,D,H,0.38596412420324794,0.2924527201865511,0.3215831556102009
model_b_plus_home_advantage,fold_3,157282771,6526,D,H,0.6816009642145225,0.2063160153019245,0.112083020483553
model_b_plus_home_advantage,fold_3,157282888,6527,D,H,0.5779701584633204,0.2768932328073299,0.14513660872934966
model_b_plus_home_advantage,fold_3,157282889,6526,H,H,0.44591472541894106,0.2608267255945431,0.2932585489865158
model_b_plus_home_advantage,fold_3,157282890,6526,A,H,0.4322592167158453,0.3110004147749707,0.25674036850918397
model_b_plus_home_advantage,fold_3,157334390,6526,A,H,0.3507157349316673,0.32382043053863285,0.3254638345296998
model_b_plus_home_advantage,fold_3,157334392,6597,H,H,0.5885788762458368,0.2100718199808065,0.20134930377335672
model_b_plus_home_advantage,fold_3,157334395,6597,H,H,0.6148829878840028,0.18990685909149088,0.19521015302450628
model_b_plus_home_advantage,fold_3,157706664,6526,D,H,0.48375672035346307,0.3253902672329893,0.19085301241354757
model_b_plus_home_advantage,fold_3,157706724,6435,H,H,0.4214435621698797,0.2446320621869035,0.3339243756432167
model_b_plus_home_advantage,fold_3,157750800,6526,D,H,0.4638163266198816,0.30846388946200115,0.22771978391811734
model_b_plus_home_advantage,fold_3,157750801,6527,A,A,0.22262931789389345,0.1951803203750001,0.5821903617311064
model_b_plus_home_advantage,fold_3,157750802,6526,A,H,0.4217335740414851,0.27498196172614464,0.3032844642323703
model_b_plus_home_advantage,fold_3,157750803,6526,D,H,0.7151683044681859,0.15140708062817027,0.13342461490364382
model_b_plus_home_advantage,fold_3,157750804,6527,H,A,0.14494669011370762,0.2291097625623768,0.6259435473239156
model_b_plus_home_advantage,fold_3,157750805,6484,A,A,0.2717576145221475,0.2085727665913821,0.5196696188864705
model_b_plus_home_advantage,fold_3,157750806,6527,D,H,0.5779418597279741,0.1732064168489267,0.2488517234230993
model_b_plus_home_advantage,fold_3,157750807,6484,H,A,0.3332763704851251,0.19389840393097924,0.47282522558389567
model_b_plus_home_advantage,fold_3,157750808,6484,D,H,0.4848780169908009,0.27988645664569106,0.23523552636350797
model_b_plus_home_advantage,fold_3,157750809,6526,H,H,0.6885865192066186,0.1904920895130065,0.12092139128037481
model_b_plus_home_advantage,fold_3,157750810,6526,D,A,0.2694523668827238,0.33359726662255407,0.3969503664947222
model_b_plus_home_advantage,fold_3,157750811,6526,H,H,0.4179419056644023,0.3285459375848371,0.25351215675076066
model_b_plus_home_advantage,fold_3,157750812,6526,D,H,0.4926086577728424,0.3120222618817226,0.19536908034543501
model_b_plus_home_advantage,fold_3,157750813,6484,A,A,0.20816939519965982,0.2726630627555708,0.5191675420447694
model_b_plus_home_advantage,fold_3,157750814,6484,D,H,0.7231155310506077,0.1662807689857077,0.11060369996368466
model_b_plus_home_advantage,fold_3,157750815,6484,D,A,0.2245381703719164,0.20692745895582693,0.5685343706722567
model_b_plus_home_advantage,fold_3,157750816,6484,A,A,0.3081418555585229,0.22665812133617866,0.46520002310529845
model_b_plus_home_advantage,fold_3,157750817,6484,H,H,0.5152446627872882,0.21837846515134446,0.2663768720613674
model_b_plus_home_advantage,fold_3,157750818,6484,D,H,0.6774882642661,0.09858767324688501,0.223924062487015
model_b_plus_home_advantage,fold_3,157750819,6527,H,A,0.32101329406175694,0.24969953201323708,0.429287173925006
model_b_plus_home_advantage,fold_3,157750820,6435,D,A,0.1692264297570187,0.2803593855040189,0.5504141847389624
model_b_plus_home_advantage,fold_3,157750821,6435,H,H,0.4089057219892315,0.3148954444218643,0.2761988335889042
model_b_plus_home_advantage,fold_3,157750822,6435,A,H,0.4654533996212117,0.2787759174974283,0.25577068288136007
model_b_plus_home_advantage,fold_3,157750823,6435,H,H,0.4816955850399768,0.2992904981508657,0.21901391680915744
model_b_plus_home_advantage,fold_3,157750824,6435,A,A,0.30837247832942644,0.2525784897941966,0.439049031876377
model_b_plus_home_advantage,fold_3,157750825,6435,D,A,0.2858561852241548,0.3184037151379188,0.3957400996379263
model_b_plus_home_advantage,fold_3,157750826,6526,H,A,0.2990999239282168,0.24802395553020049,0.45287612054158266
model_b_plus_home_advantage,fold_3,158001286,6526,H,H,0.351468320405298,0.325111079458772,0.32342060013593005
model_b_plus_home_advantage,fold_3,158001287,6526,A,A,0.29688878620131,0.31597203252118816,0.3871391812775018
model_b_plus_home_advantage,fold_3,158001288,6435,D,H,0.538636394075066,0.2500549312777071,0.21130867464722689
model_b_plus_home_advantage,fold_3,158001289,6435,D,H,0.46291525554750607,0.2602466503027884,0.27683809414970556
model_b_plus_home_advantage,fold_3,158001310,6484,A,H,0.5005484412999852,0.1812458193072254,0.31820573939278946
model_b_plus_home_advantage,fold_3,158222940,6435,H,H,0.563083009094921,0.2407924257618118,0.19612456514326715
model_b_plus_home_advantage,fold_3,158946180,6435,H,H,0.8153853804402763,0.134496710783322,0.05011790877640173
model_b_plus_home_advantage,fold_3,158946197,6527,H,H,0.3875408844523083,0.2756943730126081,0.33676474253508365
model_b_plus_home_advantage,fold_3,158946598,6435,A,A,0.2936300754583214,0.28495508559338384,0.4214148389482946
model_b_plus_home_advantage,fold_3,158946602,6527,A,A,0.20433242388717912,0.3186288028990521,0.4770387732137689
model_b_plus_home_advantage,fold_3,158946634,6435,H,H,0.5946751174696919,0.2007464878403605,0.20457839468994754
model_b_plus_home_advantage,fold_3,158946773,6527,A,A,0.22975262524493176,0.21753772457853865,0.5527096501765296
model_b_plus_home_advantage,fold_3,158946782,6435,D,A,0.2088248860798505,0.29123420748751155,0.49994090643263805
model_b_plus_home_advantage,fold_3,158946783,6435,A,H,0.46674087492308536,0.24468674901022502,0.2885723760666897
model_b_plus_home_advantage,fold_3,159468224,6435,H,H,0.6130289171820602,0.22140260803428516,0.16556847478365458
model_b_plus_home_advantage,fold_3,159468225,6435,H,A,0.31756571753702784,0.3256116792253798,0.3568226032375923
model_b_plus_home_advantage,fold_3,159468234,6527,A,A,0.2826865228339904,0.29755191484652255,0.4197615623194872
model_b_plus_home_advantage,fold_3,159468238,6527,H,A,0.2747098670098559,0.2636726864593143,0.46161744653082987
model_b_plus_home_advantage,fold_3,159468407,6435,A,H,0.37271253489217265,0.29119108525685766,0.33609637985096963
model_b_plus_home_advantage,fold_3,159468437,6435,D,H,0.5709520136137642,0.20708150929208258,0.2219664770941531
model_b_plus_home_advantage,fold_3,159468531,6435,H,H,0.6214376830937373,0.20721715454646228,0.17134516235980055
model_b_plus_home_advantage,fold_3,160980090,6597,H,H,0.602401792398893,0.15269563171842016,0.24490257588268677
model_b_plus_home_advantage,fold_3,161252166,6484,A,A,0.3873718594453292,0.20712305359180916,0.40550508696286164
model_b_plus_home_advantage,fold_3,161252167,6484,H,H,0.46479068754248426,0.3426496610115024,0.1925596514460133
model_b_plus_home_advantage,fold_3,161252168,6484,H,H,0.8339477777165756,0.10520728218843534,0.06084494009498908
model_b_plus_home_advantage,fold_3,161252169,6484,A,H,0.7367246151158243,0.11883640782804945,0.14443897705612624
model_b_plus_home_advantage,fold_3,161252170,6484,D,H,0.5811493498222964,0.195698904203224,0.2231517459744797
model_b_plus_home_advantage,fold_3,161252171,6484,D,H,0.634792192076497,0.1729054937446919,0.19230231417881122
model_b_plus_home_advantage,fold_3,161252172,6484,D,H,0.7451308234155231,0.14800468602927241,0.10686449055520468
model_b_plus_home_advantage,fold_3,161252173,6597,A,A,0.2380917992506069,0.379040000459503,0.3828682002898901
model_b_plus_home_advantage,fold_3,161252174,6484,A,H,0.37723900844777847,0.28468320248885987,0.33807778906336167
model_b_plus_home_advantage,fold_3,161252175,6597,H,H,0.5457535999802088,0.25578998026122857,0.19845641975856262
model_b_plus_home_advantage,fold_3,161252176,6597,A,A,0.23845743520071438,0.172112983672771,0.5894295811265146
model_b_plus_home_advantage,fold_3,161252177,6597,A,A,0.12654361690892646,0.2997128141790785,0.5737435689119951
model_b_plus_home_advantage,fold_3,161252217,6597,A,H,0.48514883300698036,0.19728781189313513,0.31756335509988437
model_b_plus_home_advantage,fold_3,161252218,6597,D,H,0.5914188387846079,0.19127836348262606,0.21730279773276603
model_b_plus_home_advantage,fold_3,161792352,6484,A,H,0.48541516215760727,0.21303637866391575,0.30154845917847695
model_b_plus_home_advantage,fold_3,161792354,6484,A,A,0.3054407945248246,0.2882728130339655,0.40628639244120984
model_b_plus_home_advantage,fold_3,161792356,6597,A,H,0.569347546341678,0.18806550623634055,0.24258694742198147
model_b_plus_home_advantage,fold_3,161792357,6527,D,H,0.4283618439361139,0.31317964111074187,0.2584585149531442
model_b_plus_home_advantage,fold_3,161792358,6527,H,A,0.3363345092199902,0.2776815315124843,0.3859839592675255
model_b_plus_home_advantage,fold_3,161792359,6527,A,H,0.5908283596016278,0.23289588642450862,0.17627575397386352
model_b_plus_home_advantage,fold_3,161792366,6597,H,H,0.43686934467316024,0.32109346772716735,0.24203718759967235
model_b_plus_home_advantage,fold_3,161792368,6527,H,H,0.696898750040967,0.19513544041113165,0.10796580954790143
model_b_plus_home_advantage,fold_3,162252209,6435,H,H,0.6801348809317538,0.21389993421568504,0.10596518485256114
model_b_plus_home_advantage,fold_3,162252210,6435,A,H,0.36933928034647867,0.3646104309380566,0.2660502887154647
model_b_plus_home_advantage,fold_3,162252211,6435,A,A,0.20522964377244737,0.19035393570775289,0.6044164205197997
model_b_plus_home_advantage,fold_3,162252216,6435,A,A,0.14595171522427944,0.2671370814186348,0.5869112033570858
model_b_plus_home_advantage,fold_3,162252217,6435,H,H,0.4040940031181927,0.2647034563116822,0.3312025405701251
model_b_plus_home_advantage,fold_3,162252218,6435,H,H,0.4886654938438725,0.2325208743261307,0.27881363182999674
model_b_plus_home_advantage,fold_3,162252219,6435,A,H,0.45952269510934646,0.2582381411829881,0.2822391637076654
model_b_plus_home_advantage,fold_3,162252220,6435,H,H,0.523382794967696,0.2679276802231031,0.20868952480920086
model_b_plus_home_advantage,fold_3,162252258,6435,H,H,0.6015569966421591,0.2923794156441282,0.10606358771371276
model_b_plus_home_advantage,fold_3,162252259,6435,H,H,0.6304595593428517,0.22293328347690158,0.14660715718024675
model_b_plus_home_advantage,fold_3,162525188,6526,H,H,0.4838633703939936,0.2585118569856535,0.25762477262035305
model_b_plus_home_advantage,fold_3,162525190,6526,A,H,0.4406127386948476,0.35395812491786377,0.20542913638728869
model_b_plus_home_advantage,fold_3,162525191,6527,D,H,0.5997198504840218,0.20475002942850232,0.1955301200874759
model_b_plus_home_advantage,fold_3,162525206,6526,D,H,0.34583164312884457,0.3103000320605884,0.343868324810567
model_b_plus_home_advantage,fold_3,162525209,6526,H,H,0.7658726668465555,0.16125898997806376,0.07286834317538078
model_b_plus_home_advantage,fold_3,162525213,6527,A,A,0.14744743515299216,0.30062914791533496,0.5519234169316729
model_b_plus_home_advantage,fold_3,162525214,6526,D,A,0.2210339333189917,0.2563691516428774,0.5225969150381308
model_b_plus_home_advantage,fold_3,162525216,6527,H,H,0.5516196319913784,0.23097109706553018,0.21740927094309137
model_b_plus_home_advantage,fold_3,162525223,6526,D,A,0.29616449525241384,0.2883724959015541,0.41546300884603193
model_b_plus_home_advantage,fold_3,162525238,6527,H,A,0.167546979217229,0.2579816595908148,0.5744713611919562
model_b_plus_home_advantage,fold_3,162525249,6527,H,H,0.6415371628415897,0.2121588264340314,0.14630401072437896
model_b_plus_home_advantage,fold_3,162525261,6526,D,A,0.17652873690399246,0.24484027626954238,0.5786309868264652
model_b_plus_home_advantage,fold_3,162525282,6526,A,A,0.3066132504979276,0.292651225396661,0.4007355241054114
model_b_plus_home_advantage,fold_3,162525284,6526,D,D,0.2956603384260823,0.3708590606972247,0.33348060087669285
model_b_plus_home_advantage,fold_3,162525285,6526,H,A,0.34536635164798346,0.2543236952576408,0.4003099530943756
model_b_plus_home_advantage,fold_3,163194222,6527,H,H,0.573944197181222,0.2320934899219784,0.19396231289679963
model_b_plus_home_advantage,fold_3,163194227,6597,A,H,0.3699080502850996,0.34747654295267993,0.28261540676222047
model_b_plus_home_advantage,fold_3,163194237,6435,A,H,0.3357431817355924,0.33495275785509326,0.32930406040931437
model_b_plus_home_advantage,fold_3,163194238,6435,H,H,0.5703046963857286,0.2432447360334802,0.18645056758079115
model_b_plus_home_advantage,fold_3,163461421,6527,D,H,0.4288449586119009,0.23907821339304525,0.3320768279950537
model_b_plus_home_advantage,fold_3,163461432,6527,D,A,0.052663875812608237,0.16797810488007114,0.7793580193073206
model_b_plus_home_advantage,fold_3,163461451,6527,D,H,0.4930044422191657,0.24694283151047733,0.26005272627035697
model_b_plus_home_advantage,fold_3,163461452,6597,H,H,0.5491255330818557,0.2695377198735081,0.18133674704463615
model_b_plus_home_advantage,fold_3,163461453,6484,D,H,0.4809608458889411,0.19777453033587142,0.32126462377518755
model_b_plus_home_advantage,fold_3,163461459,6484,H,H,0.656582340202271,0.16124717082829365,0.18217048896943533
model_b_plus_home_advantage,fold_3,163461460,6484,D,H,0.4355545899644939,0.23530170269191786,0.3291437073435881
model_b_plus_home_advantage,fold_3,163461461,6484,H,H,0.7879335468395269,0.10561868661930025,0.10644776654117281
model_b_plus_home_advantage,fold_3,163461462,6484,D,H,0.46117926400940806,0.28661529911722994,0.252205436873362
model_b_plus_home_advantage,fold_3,163461463,6484,H,H,0.5501525994489227,0.20444838924374245,0.24539901130733494
model_b_plus_home_advantage,fold_3,163461464,6484,H,H,0.6381323921442366,0.22086385437267525,0.14100375348308827
model_b_plus_home_advantage,fold_3,163461465,6597,D,H,0.5366041248177372,0.26221945208477965,0.20117642309748313
model_b_plus_home_advantage,fold_3,163461466,6597,H,H,0.45885719986015916,0.3128080445480388,0.22833475559180216
model_b_plus_home_advantage,fold_3,163461467,6597,A,A,0.21911442842376763,0.18074995489975287,0.6001356166764794
model_b_plus_home_advantage,fold_3,163461468,6597,A,H,0.4353330019949104,0.308431789134117,0.2562352088709727
model_b_plus_home_advantage,fold_3,163461470,6484,A,A,0.3367198498661965,0.26922199132477587,0.39405815880902756
model_b_plus_home_advantage,fold_3,163976485,6527,H,H,0.7301415264474034,0.1558015150238163,0.11405695852878033
model_b_plus_home_advantage,fold_3,163976493,6526,A,H,0.39529619666541477,0.2233141724469526,0.38138963088763256
model_b_plus_home_advantage,fold_3,163976494,6527,A,A,0.18902059333540844,0.24489176845046653,0.566087638214125
model_b_plus_home_advantage,fold_3,163976497,6597,D,H,0.39130976512558363,0.21851958137170097,0.39017065350271546
model_b_plus_home_advantage,fold_3,163976499,6597,H,H,0.44035093662302915,0.24391167819315293,0.315737385183818
model_b_plus_home_advantage,fold_3,163976500,6484,D,H,0.6736752952117349,0.16456353358406547,0.16176117120419964
model_b_plus_home_advantage,fold_3,163976501,6527,H,D,0.2444115880307734,0.39524562349431924,0.36034278847490736
model_b_plus_home_advantage,fold_3,163976502,6527,D,A,0.2173196370504108,0.2679308126071235,0.5147495503424656
model_b_plus_home_advantage,fold_3,163976503,6527,H,A,0.3353056845554675,0.3055221458224726,0.35917216962205994
model_b_plus_home_advantage,fold_3,163976505,6597,H,H,0.7649707700179257,0.14923220303857096,0.0857970269435034
model_b_plus_home_advantage,fold_3,163976509,6484,D,H,0.5092036180252563,0.23080224127751425,0.2599941406972295
model_b_plus_home_advantage,fold_3,164451535,6526,H,H,0.5796931895014942,0.2287287276316908,0.19157808286681505
model_b_plus_home_advantage,fold_3,164451536,6526,A,A,0.2865293117570794,0.31243643996717096,0.40103424827574957
model_b_plus_home_advantage,fold_3,164451537,6526,H,H,0.4022635708982676,0.26999481287862476,0.32774161622310766
model_b_plus_home_advantage,fold_3,164451538,6526,D,H,0.5668219821339847,0.26538526938630325,0.167792748479712
model_b_plus_home_advantage,fold_3,164451539,6526,D,H,0.4732992448702889,0.2335357960198902,0.29316495910982093
model_b_plus_home_advantage,fold_3,164451540,6526,H,A,0.21308133237970486,0.3099335691417467,0.4769850984785486
model_b_plus_home_advantage,fold_3,164451541,6526,A,H,0.5146794655294258,0.25751699982270504,0.22780353464786915
model_b_plus_home_advantage,fold_3,164451542,6526,A,H,0.5102748849271144,0.30729888195872335,0.1824262331141623
model_b_plus_home_advantage,fold_3,164451547,6526,A,H,0.5908603265119617,0.21955866124419693,0.18958101224384125
model_b_plus_home_advantage,fold_3,165444903,6435,H,H,0.5240381275262959,0.27838402462466194,0.1975778478490422
model_b_plus_home_advantage,fold_3,165530213,6435,D,A,0.3719167859604769,0.2553189165828826,0.3727642974566405
model_b_plus_home_advantage,fold_3,165530214,6435,A,A,0.184610946128124,0.2329676254024391,0.5824214284694369
model_b_plus_home_advantage,fold_3,165530215,6435,H,A,0.33704087115607606,0.31940967381459084,0.34354945502933304
model_b_plus_home_advantage,fold_3,165530234,6435,H,A,0.32437658530574814,0.31182159273651816,0.3638018219577337
model_b_plus_home_advantage,fold_3,165744639,6435,D,A,0.32040073828858767,0.3313874467356136,0.34821181497579873
model_b_plus_home_advantage,fold_3,165745866,6435,H,H,0.42375937611179104,0.34795866472678627,0.22828195916142272
model_b_plus_home_advantage,fold_3,165746575,6435,H,H,0.8254830187456818,0.1184871583871257,0.056029822867192554
model_b_plus_home_advantage,fold_3,166356394,6435,D,H,0.6590556726995518,0.21331835899858434,0.12762596830186382
model_b_plus_home_advantage,fold_3,166422933,6484,H,H,0.4710841833728656,0.17114534530020487,0.3577704713269295
model_b_plus_home_advantage,fold_3,166422934,6484,D,H,0.4769748968690643,0.24877439083560818,0.2742507122953275
model_b_plus_home_advantage,fold_3,166422935,6484,H,H,0.7130447412368897,0.1388447690805931,0.14811048968251725
model_b_plus_home_advantage,fold_3,166422942,6484,A,A,0.2785456192278898,0.18715078200126986,0.5343035987708404
model_b_plus_home_advantage,fold_3,166422943,6484,A,A,0.07286723566817616,0.16687831923918417,0.7602544450926398
model_b_plus_home_advantage,fold_3,166422948,6484,D,A,0.22322309561238174,0.2640763939124211,0.5127005104751972
model_b_plus_home_advantage,fold_3,166422954,6484,A,H,0.4285197702097516,0.22460746230538617,0.3468727674848621
model_b_plus_home_advantage,fold_3,166422955,6484,H,A,0.24323756177325362,0.23098081217404687,0.5257816260526995
model_b_plus_home_advantage,fold_3,166422956,6484,D,A,0.16430523682536888,0.14926840922392595,0.6864263539507052
model_b_plus_home_advantage,fold_3,166422957,6435,A,H,0.6100229337111942,0.24913499208591916,0.14084207420288655
model_b_plus_home_advantage,fold_3,166997679,6484,H,H,0.615257592083493,0.18988897174287492,0.1948534361736321
model_b_plus_home_advantage,fold_3,166997680,6526,A,D,0.3409705841060255,0.37148087318859674,0.2875485427053777
model_b_plus_home_advantage,fold_3,166997681,6526,H,H,0.7922755382260059,0.14405619325480604,0.06366826851918801
model_b_plus_home_advantage,fold_3,166997682,6527,H,A,0.18845866115195467,0.25742330727839596,0.5541180315696494
model_b_plus_home_advantage,fold_3,166997684,6526,D,A,0.24763321897319163,0.2719421140301435,0.48042466699666486
model_b_plus_home_advantage,fold_3,166997686,6597,A,H,0.5763104105981975,0.2739551187565719,0.14973447064523054
model_b_plus_home_advantage,fold_3,166997687,6527,A,A,0.35855796711227444,0.2805688969873933,0.3608731359003323
model_b_plus_home_advantage,fold_3,166997688,6527,D,H,0.6337325455569542,0.2494455204796864,0.11682193396335926
model_b_plus_home_advantage,fold_3,166997690,6597,A,A,0.2261725721038396,0.2813445696950038,0.4924828582011565
model_b_plus_home_advantage,fold_3,166997692,6526,H,H,0.6913638823760462,0.20421092730031412,0.10442519032363964
model_b_plus_home_advantage,fold_3,166997693,6526,H,H,0.4642240096446189,0.26082595548641263,0.2749500348689685
model_b_plus_home_advantage,fold_3,166997694,6526,A,A,0.22337810634277375,0.3268517253949578,0.44977016826226857
model_b_plus_home_advantage,fold_3,166997695,6526,D,A,0.3221096882605854,0.3107794588875547,0.3671108528518599
model_b_plus_home_advantage,fold_3,166997696,6527,A,A,0.22218755427811973,0.280136917123971,0.4976755285979092
model_b_plus_home_advantage,fold_3,166997698,6597,D,H,0.483346356606505,0.26481481705376286,0.2518388263397321
model_b_plus_home_advantage,fold_3,166997700,6526,A,A,0.26816440950180637,0.2671446669084598,0.46469092358973396
model_b_plus_home_advantage,fold_3,166997701,6527,D,H,0.45895622045197537,0.1820892084216752,0.35895457112634954
model_b_plus_home_advantage,fold_3,166997702,6597,H,H,0.4552510316293277,0.29182826471851087,0.2529207036521615
model_b_plus_home_advantage,fold_3,166997703,6597,A,H,0.4658560131681678,0.27122419362493155,0.26291979320690056
model_b_plus_home_advantage,fold_3,166997704,6597,D,A,0.17541444072934895,0.25486677770261923,0.5697187815680319
model_b_plus_home_advantage,fold_3,166997705,6597,A,H,0.6289400189125941,0.23880473352496226,0.13225524756244356
model_b_plus_home_advantage,fold_3,166997706,6597,H,H,0.4819341988044516,0.23673792706669539,0.281327874128853
model_b_plus_home_advantage,fold_3,166997707,6526,A,A,0.23966495190595635,0.2688537835116422,0.4914812645824015
model_b_plus_home_advantage,fold_3,166997708,6527,H,H,0.6047400201550864,0.191984659670614,0.20327532017429958
model_b_plus_home_advantage,fold_3,166997709,6526,H,H,0.682921831305104,0.22342600799160273,0.09365216070329338
model_b_plus_home_advantage,fold_3,166997710,6597,H,H,0.610620685637541,0.20553496266846075,0.18384435169399824
model_b_plus_home_advantage,fold_3,166997711,6527,H,A,0.26621814248370107,0.33065711471798526,0.40312474279831373
model_b_plus_home_advantage,fold_3,166997712,6435,A,A,0.2696632348260069,0.34999429120420433,0.3803424739697887
model_b_plus_home_advantage,fold_3,166997713,6435,D,A,0.2903529013867152,0.33555214504032066,0.374094953572964
model_b_plus_home_advantage,fold_3,166997714,6435,A,H,0.4235558587732445,0.31369801269238273,0.2627461285343729
model_b_plus_home_advantage,fold_3,166997715,6435,H,H,0.7798870270827669,0.14727492354812316,0.07283804936911004
model_b_plus_home_advantage,fold_3,166997716,6435,D,H,0.42835532250993347,0.26789009541675274,0.3037545820733138
model_b_plus_home_advantage,fold_3,166997717,6435,H,H,0.7670315061330814,0.1558497895691058,0.07711870429781273
model_b_plus_home_advantage,fold_3,166997718,6435,D,H,0.4057197158155695,0.31567479868850357,0.27860548549592695
model_b_plus_home_advantage,fold_3,166997719,6435,H,H,0.6614106673477812,0.23231100175337646,0.10627833089884238
model_b_plus_home_advantage,fold_3,167336769,6527,A,H,0.4108035586473955,0.2626621784243077,0.32653426292829674
model_b_plus_home_advantage,fold_3,167336770,6527,H,H,0.806867713577616,0.14416178221586357,0.048970504206520424
model_b_plus_home_advantage,fold_3,168157236,6435,A,A,0.2398201268276949,0.3349908918147549,0.4251889813575503
model_b_plus_home_advantage,fold_3,168240949,6435,D,A,0.29776259197703775,0.284069916798338,0.4181674912246242
model_b_plus_home_advantage,fold_3,168240950,6435,D,H,0.40392373233432544,0.34110179810716085,0.2549744695585136
model_b_plus_home_advantage,fold_3,168240953,6435,H,A,0.10532180897502982,0.21102590393720896,0.6836522870877612
model_b_plus_home_advantage,fold_3,168240955,6435,H,H,0.4586121811216091,0.29798728867000246,0.24340053020838842
model_b_plus_home_advantage,fold_3,168447351,6435,H,H,0.41524217112569883,0.27902175540771257,0.3057360734665886
model_b_plus_home_advantage,fold_3,168448723,6435,D,H,0.6223262707048585,0.2347305856483099,0.14294314364683175
model_b_plus_home_advantage,fold_3,169079955,6435,D,H,0.42061539894076216,0.37395246652256425,0.2054321345366737
model_b_plus_home_advantage,fold_3,169081170,6435,H,H,0.7201251480018483,0.1818115994173752,0.0980632525807764
model_b_plus_home_advantage,fold_3,169150142,6484,D,A,0.2987802575641255,0.2333079199922942,0.46791182244358026
model_b_plus_home_advantage,fold_3,169150145,6484,H,H,0.5807003440654461,0.23510439319756335,0.18419526273699052
model_b_plus_home_advantage,fold_3,169150146,6484,H,H,0.7528006694435045,0.14761608715712338,0.09958324339937209
model_b_plus_home_advantage,fold_3,169150147,6484,H,H,0.7666152470131223,0.14120918649870973,0.09217556648816803
model_b_plus_home_advantage,fold_3,169150148,6484,H,H,0.4680475124170214,0.2602350964894307,0.27171739109354787
model_b_plus_home_advantage,fold_3,169150149,6484,H,A,0.23640971015221793,0.2815053092240485,0.4820849806237335
model_b_plus_home_advantage,fold_3,169150151,6484,H,A,0.24399881921290936,0.20324469869506961,0.552756482092021
model_b_plus_home_advantage,fold_3,169150152,6484,D,H,0.591257805428303,0.19739364835101728,0.21134854622067967
model_b_plus_home_advantage,fold_3,169150153,6484,D,H,0.45344844459988154,0.27610891889349104,0.2704426365066274
model_b_plus_home_advantage,fold_3,169150156,6484,A,A,0.21699197598107153,0.1732739802797824,0.6097340437391461
model_b_plus_home_advantage,fold_3,169703210,6435,H,H,0.5095973562884262,0.3178086661755207,0.17259397753605318
model_b_plus_home_advantage,fold_3,169762468,6526,H,A,0.2941327712075868,0.23984582724233341,0.4660214015500797
model_b_plus_home_advantage,fold_3,169762469,6527,D,A,0.14353990747178375,0.17669141343580647,0.6797686790924098
model_b_plus_home_advantage,fold_3,169762470,6597,D,H,0.7235095009305369,0.1732421900931715,0.1032483089762917
model_b_plus_home_advantage,fold_3,169762471,6526,D,A,0.20112609564412687,0.30633378326139465,0.4925401210944786
model_b_plus_home_advantage,fold_3,169762472,6597,D,A,0.2765620269967106,0.2330567160282755,0.4903812569750138
model_b_plus_home_advantage,fold_3,169762473,6527,H,H,0.49075135333994,0.3233157554184682,0.18593289124159176
model_b_plus_home_advantage,fold_3,169762474,6527,D,A,0.2744230016384671,0.2832152891955571,0.4423617091659757
model_b_plus_home_advantage,fold_3,169762475,6527,H,H,0.4402979542024479,0.3288835354205546,0.23081851037699758
model_b_plus_home_advantage,fold_3,169762476,6597,A,H,0.49496015183590913,0.24050631393245667,0.2645335342316342
model_b_plus_home_advantage,fold_3,169762477,6526,H,H,0.5726332787631905,0.27872144307137625,0.1486452781654333
model_b_plus_home_advantage,fold_3,169762478,6526,D,H,0.45751178495801165,0.2930068878371432,0.24948132720484525
model_b_plus_home_advantage,fold_3,169762479,6527,H,A,0.2858154727145282,0.26124990114437785,0.45293462614109403
model_b_plus_home_advantage,fold_3,169762482,6526,D,H,0.655021006827194,0.20476551721459355,0.1402134759582125
model_b_plus_home_advantage,fold_3,169762484,6527,A,A,0.28453884788945466,0.23980514080180765,0.4756560113087377
model_b_plus_home_advantage,fold_3,169762486,6526,H,H,0.6626671493120198,0.2108882152630809,0.12644463542489942
model_b_plus_home_advantage,fold_3,169762487,6527,H,H,0.5266624034539811,0.23587210170236578,0.23746549484365312
model_b_plus_home_advantage,fold_3,169762488,6597,A,H,0.524172846798329,0.23132637692581304,0.2445007762758579
model_b_plus_home_advantage,fold_3,169762489,6526,H,H,0.5990006032495907,0.2654479964380634,0.13555140031234603
model_b_plus_home_advantage,fold_3,169762491,6527,H,A,0.22831343488140585,0.3404684887504411,0.4312180763681531
model_b_plus_home_advantage,fold_3,169762492,6597,A,H,0.45486014079634995,0.2222594672672641,0.3228803919363859
model_b_plus_home_advantage,fold_3,169762493,6597,H,H,0.45801090418637835,0.24090267944086324,0.30108641637275835
model_b_plus_home_advantage,fold_3,169762494,6597,A,H,0.3731204388740232,0.3209762049089939,0.3059033562169829
model_b_plus_home_advantage,fold_3,169762495,6597,D,H,0.8216260000415425,0.13688524159142865,0.04148875836702888
model_b_plus_home_advantage,fold_3,169762496,6526,H,D,0.3235973558830759,0.42502282940393293,0.25137981471299115
model_b_plus_home_advantage,fold_3,169762497,6526,H,H,0.47605133777524666,0.334170327098586,0.18977833512616726
model_b_plus_home_advantage,fold_3,169762498,6527,D,H,0.6664186683384665,0.18786025097216338,0.14572108068937017
model_b_plus_home_advantage,fold_3,169762499,6597,H,H,0.3592310310482653,0.3505503807836515,0.29021858816808327
model_b_plus_home_advantage,fold_3,169762500,6526,H,H,0.5244049311893458,0.25269707660795765,0.22289799220269643
model_b_plus_home_advantage,fold_3,171009035,6435,D,H,0.44233815790810255,0.3256153373630761,0.2320465047288215
model_b_plus_home_advantage,fold_3,171082432,6435,D,A,0.29693567800765713,0.26900606345165584,0.43405825854068697
model_b_plus_home_advantage,fold_3,171082433,6435,H,H,0.3737581769508252,0.3414428256600562,0.28479899738911857
model_b_plus_home_advantage,fold_3,171082434,6435,A,A,0.1166913585189881,0.23391012522940421,0.6493985162516076
model_b_plus_home_advantage,fold_3,171082435,6435,H,H,0.4358458259244774,0.2783246673315404,0.2858295067439822
model_b_plus_home_advantage,fold_3,171082436,6435,H,H,0.7279703024667367,0.17770492107086594,0.09432477646239751
model_b_plus_home_advantage,fold_3,171082437,6435,A,A,0.18934766789542917,0.31929670952350386,0.49135562258106696
model_b_plus_home_advantage,fold_3,171082438,6435,A,A,0.2615579188295438,0.31530384864454214,0.42313823252591404
model_b_plus_home_advantage,fold_3,171082439,6435,D,H,0.5074201020268974,0.2535122979677186,0.23906760000538407
model_b_plus_home_advantage,fold_3,171082440,6435,H,D,0.30420742251536775,0.39045327361863186,0.3053393038660005
model_b_plus_home_advantage,fold_3,173892549,6597,H,H,0.5991773664807026,0.2216983637023967,0.17912426981690063
model_b_plus_home_advantage,fold_3,173892561,6435,A,H,0.5519536887679031,0.3156602329323388,0.13238607829975804
model_b_plus_home_advantage,fold_3,173892565,6527,D,H,0.5521068827198317,0.17631404413983867,0.2715790731403297
model_b_plus_home_advantage,fold_3,174190733,6527,H,H,0.7354407217284531,0.1562501323007555,0.10830914597079137
model_b_plus_home_advantage,fold_3,174190734,6435,A,A,0.22240342858808615,0.3159579073471793,0.4616386640647344
model_b_plus_home_advantage,fold_3,174190735,6526,H,H,0.4863798651423117,0.2434426357640673,0.27017749909362104
model_b_plus_home_advantage,fold_3,174190736,6527,A,A,0.15434839633205003,0.2563612212728149,0.589290382395135
model_b_plus_home_advantage,fold_3,174190737,6597,H,H,0.5622622734432069,0.21768419672759692,0.22005352982919618
model_b_plus_home_advantage,fold_3,174190738,6435,A,H,0.49339584989664137,0.30407946795356383,0.20252468214979474
model_b_plus_home_advantage,fold_3,174190739,6484,H,A,0.2537294707994467,0.19425427041480098,0.5520162587857523
model_b_plus_home_advantage,fold_3,174190742,6526,H,H,0.7311722977441816,0.17604805042935034,0.0927796518264681
model_b_plus_home_advantage,fold_3,174190764,6527,D,A,0.28422662891409567,0.28590928452614733,0.42986408655975694
model_b_plus_home_advantage,fold_3,174190765,6435,A,D,0.28714395259962416,0.38946798910549874,0.3233880582948771
model_b_plus_home_advantage,fold_3,174190766,6484,A,H,0.4377257265909091,0.2748437849688958,0.2874304884401951
model_b_plus_home_advantage,fold_3,174190767,6484,A,A,0.390506342056388,0.20911559725529433,0.40037806068831766
model_b_plus_home_advantage,fold_3,174190768,6484,H,H,0.48555619875061506,0.2168219047737692,0.29762189647561577
model_b_plus_home_advantage,fold_3,174190769,6484,A,H,0.5007955306117161,0.22347146236603893,0.27573300702224507
model_b_plus_home_advantage,fold_3,174190770,6597,H,H,0.4514336918083694,0.27025884922319277,0.2783074589684379
model_b_plus_home_advantage,fold_3,174190771,6597,A,H,0.38222004952017513,0.25856358704905735,0.35921636343076757
model_b_plus_home_advantage,fold_3,174190772,6597,H,H,0.5293502507175093,0.2606583333374912,0.2099914159449994
model_b_plus_home_advantage,fold_3,174190773,6597,H,H,0.7294970545889073,0.16073188588577655,0.10977105952531603
model_b_plus_home_advantage,fold_3,174190774,6526,D,A,0.240436709212944,0.3184683992561819,0.441094891530874
model_b_plus_home_advantage,fold_3,174190775,6526,D,H,0.4782846824932996,0.2716975343875589,0.25001778311914163
model_b_plus_home_advantage,fold_3,174190776,6435,H,H,0.592827277285432,0.2567347517026956,0.15043797101187226
model_b_plus_home_advantage,fold_3,174190777,6484,H,H,0.7000864756084807,0.17638340400401256,0.12353012038750667
model_b_plus_home_advantage,fold_3,174190782,6484,A,D,0.3271332950586323,0.34870789741730107,0.3241588075240666
model_b_plus_home_advantage,fold_3,174190783,6597,H,H,0.5878597532807074,0.2696859932072387,0.1424542535120539
model_b_plus_home_advantage,fold_3,174815179,6435,H,H,0.7384039678324085,0.17917141990653992,0.08242461226105155
model_b_plus_home_advantage,fold_3,174815180,6527,A,A,0.12452845837854504,0.23817927526785165,0.6372922663536035
model_b_plus_home_advantage,fold_3,174815182,6435,D,H,0.4478643876506516,0.33059341625731087,0.22154219609203746
model_b_plus_home_advantage,fold_3,174815183,6526,H,H,0.49913506925528894,0.29410752778830257,0.20675740295640857
model_b_plus_home_advantage,fold_3,174815184,6597,A,H,0.4966269775040235,0.29123382923122954,0.212139193264747
model_b_plus_home_advantage,fold_3,174815186,6527,D,A,0.32916283782921746,0.25776585139611835,0.4130713107746643
model_b_plus_home_advantage,fold_3,174815187,6527,D,H,0.5398749973498068,0.23558937123987755,0.22453563141031568
model_b_plus_home_advantage,fold_3,174815188,6435,H,H,0.6717194094913672,0.20902668989100537,0.11925390061762736
model_b_plus_home_advantage,fold_3,174815189,6597,A,A,0.23536549224656728,0.3360649914637734,0.4285695162896593
model_b_plus_home_advantage,fold_3,174815190,6526,A,A,0.15820145068567693,0.23003143670719342,0.6117671126071296
model_b_plus_home_advantage,fold_3,174815191,6526,A,A,0.25778686667760076,0.263915817441903,0.47829731588049634
model_b_plus_home_advantage,fold_3,174815192,6527,A,A,0.249207543166687,0.3095663094726761,0.44122614736063687
model_b_plus_home_advantage,fold_3,174815193,6484,A,A,0.044995279966374556,0.1334143261336345,0.821590393899991
model_b_plus_home_advantage,fold_3,174815194,6435,H,H,0.4231836501529529,0.2827625173762179,0.29405383247082917
model_b_plus_home_advantage,fold_3,174815195,6526,A,A,0.24367949138788453,0.264743333969951,0.4915771746421644
model_b_plus_home_advantage,fold_3,174815239,6527,H,H,0.34819592538224986,0.32208037832992464,0.32972369628782555
model_b_plus_home_advantage,fold_3,174815241,6484,H,H,0.7205017276902155,0.11790559095590923,0.16159268135387522
model_b_plus_home_advantage,fold_3,174815242,6526,A,A,0.39745149133313706,0.2017765089207438,0.40077199974611916
model_b_plus_home_advantage,fold_3,175378050,6435,A,H,0.4058346647847175,0.3406322233686431,0.2535331118466394
model_b_plus_home_advantage,fold_3,175378051,6484,H,H,0.5275124679758947,0.20750069713076985,0.2649868348933354
model_b_plus_home_advantage,fold_3,175378052,6526,A,H,0.5820253134887792,0.26051378666939745,0.15746089984182343
model_b_plus_home_advantage,fold_3,176188618,6484,A,A,0.22071319646835053,0.2697965159231033,0.5094902876085462
model_b_plus_home_advantage,fold_3,176188619,6597,D,H,0.41593716404308756,0.29775716038220273,0.28630567557470976
model_b_plus_home_advantage,fold_3,176188625,6435,A,A,0.24134882888974632,0.331412229658284,0.4272389414519698
model_b_plus_home_advantage,fold_3,176188626,6526,H,A,0.2775645436830023,0.3232741661670494,0.39916129014994833
model_b_plus_home_advantage,fold_3,176188627,6526,H,H,0.3536584066950321,0.3302793679695568,0.31606222533541106
model_b_plus_home_advantage,fold_3,176455462,6597,D,A,0.19040228727642183,0.26426249536930113,0.545335217354277
model_b_plus_home_advantage,fold_3,176455467,6484,H,H,0.528087159017536,0.23502837938782126,0.23688446159464263
model_b_plus_home_advantage,fold_3,176455468,6597,H,A,0.2672026925077739,0.2735835501590334,0.45921375733319264
model_b_plus_home_advantage,fold_3,176455469,6597,H,H,0.48336433374982885,0.2507741102163249,0.26586155603384626
model_b_plus_home_advantage,fold_3,176455470,6597,H,H,0.8019565761288496,0.13525703401908978,0.06278638985206067
model_b_plus_home_advantage,fold_3,176455472,6435,A,A,0.2383133066196835,0.31428246699383405,0.4474042263864824
model_b_plus_home_advantage,fold_3,176455474,6526,H,H,0.6536823183087803,0.1997674613233917,0.14655022036782794
model_b_plus_home_advantage,fold_3,176455475,6484,H,H,0.875180888873725,0.09813746660679482,0.026681644519480213
model_b_plus_home_advantage,fold_3,176455476,6484,D,H,0.44908389363013923,0.2640459383134432,0.2868701680564175
model_b_plus_home_advantage,fold_3,176455482,6435,A,A,0.3696985051236415,0.22463445540110863,0.4056670394752499
model_b_plus_home_advantage,fold_3,176455484,6435,H,H,0.39768848885614194,0.3406219610614935,0.26168955008236444
model_b_plus_home_advantage,fold_3,176455485,6484,D,A,0.30934790710351096,0.2509125230956512,0.4397395698008378
model_b_plus_home_advantage,fold_3,176455486,6526,H,H,0.4393025445979894,0.2576834446574307,0.3030140107445799
model_b_plus_home_advantage,fold_3,176455492,6435,H,H,0.501835720190546,0.27566902243136876,0.22249525737808518
model_b_plus_home_advantage,fold_3,176455494,6484,D,H,0.708326288962672,0.18089639115538542,0.11077731988194249
model_b_plus_home_advantage,fold_3,176455495,6597,D,H,0.410203057102092,0.24704752962650336,0.3427494132714047
model_b_plus_home_advantage,fold_3,176455497,6526,H,H,0.7236579263229963,0.19920901212512923,0.07713306155187445
model_b_plus_home_advantage,fold_3,176981611,6435,A,H,0.42291771192093175,0.2778273030214231,0.2992549850576452
model_b_plus_home_advantage,fold_3,176981612,6526,H,H,0.4814368976635584,0.27411541297554215,0.24444768936089942
model_b_plus_home_advantage,fold_3,176981613,6597,D,H,0.5090861921787134,0.26950393838428804,0.22140986943699845
model_b_plus_home_advantage,fold_3,176981614,6435,H,H,0.45401521969379943,0.23455257237447233,0.3114322079317283
model_b_plus_home_advantage,fold_3,176981615,6526,D,H,0.4839997114223116,0.2282294851406692,0.2877708034370193
model_b_plus_home_advantage,fold_3,176981616,6597,D,H,0.596147056348588,0.2003982972936851,0.203454646357727
model_b_plus_home_advantage,fold_3,176981617,6484,D,A,0.323149149184413,0.20921018560029345,0.46764066521529346
model_b_plus_home_advantage,fold_3,176981620,6435,D,H,0.5933706613978752,0.25815433129620335,0.1484750073059215
model_b_plus_home_advantage,fold_3,176981621,6597,A,A,0.05855821293093829,0.14923090989521445,0.7922108771738474
model_b_plus_home_advantage,fold_3,176981622,6526,D,H,0.42120134803355325,0.3727769016079922,0.2060217503584545
model_b_plus_home_advantage,fold_3,176981623,6526,H,H,0.589719150272989,0.28544527531836533,0.12483557440864569
model_b_plus_home_advantage,fold_3,176981624,6484,H,A,0.3443318013924309,0.2880886487080446,0.3675795498995245
model_b_plus_home_advantage,fold_3,176981625,6484,H,A,0.1707670344837675,0.16644139905199515,0.6627915664642374
model_b_plus_home_advantage,fold_3,176981626,6484,H,H,0.5714227491505468,0.20579534500826357,0.22278190584118962
model_b_plus_home_advantage,fold_3,176981630,6526,D,H,0.47391945019768045,0.29658242528456724,0.2294981245177524
model_b_plus_home_advantage,fold_3,176981641,6435,H,A,0.2727664728843327,0.28184406303159704,0.44538946408407026
model_b_plus_home_advantage,fold_3,177491191,6435,D,H,0.41024323733283946,0.28609996475740657,0.3036567979097539
model_b_plus_home_advantage,fold_3,178194477,6527,A,A,0.22953431151844308,0.17100620014455384,0.599459488337003
model_b_plus_home_advantage,fold_3,178194479,6527,H,A,0.34695657664119733,0.24764715842519597,0.40539626493360653
model_b_plus_home_advantage,fold_3,178194480,6527,A,A,0.14437746923906827,0.3449895968787472,0.5106329338821846
model_b_plus_home_advantage,fold_3,178194481,6527,H,A,0.24580450975605897,0.2312662147563874,0.5229292754875537
model_b_plus_home_advantage,fold_3,178194484,6527,A,H,0.47216231414608506,0.19890835825563005,0.32892932759828486
model_b_plus_home_advantage,fold_3,178194486,6527,A,H,0.38606122331173437,0.2828784075491085,0.33106036913915715
model_b_plus_home_advantage,fold_3,178194487,6527,H,H,0.4234634224522896,0.32371398305420346,0.25282259449350697
model_b_plus_home_advantage,fold_3,178194490,6527,H,H,0.6691561141928033,0.1990480997421292,0.13179578606506742
model_b_plus_home_advantage,fold_3,178650201,6527,D,H,0.4715454414783898,0.2635597182593814,0.2648948402622288
model_b_plus_home_advantage,fold_3,179595223,6484,D,A,0.3735165784958769,0.21174755337932594,0.4147358681247971
model_b_plus_home_advantage,fold_3,179595224,6484,H,H,0.6081417171174323,0.16979946220856088,0.22205882067400692
model_b_plus_home_advantage,fold_3,179595225,6484,D,A,0.20260056724588785,0.3321447075831341,0.46525472517097805
model_b_plus_home_advantage,fold_3,179595226,6484,H,H,0.3556308205998575,0.3167554428486977,0.3276137365514449
model_b_plus_home_advantage,fold_3,179595227,6484,H,H,0.6108676388084626,0.23175072550922685,0.15738163568231053
model_b_plus_home_advantage,fold_3,179595228,6484,H,H,0.6503145643683211,0.15094928638454458,0.19873614924713434
model_b_plus_home_advantage,fold_3,179595229,6484,D,H,0.38819311411787555,0.2840191787988108,0.3277877070833136
model_b_plus_home_advantage,fold_3,179595230,6484,H,A,0.1553813755510784,0.13997392500950218,0.7046446994394193
model_b_plus_home_advantage,fold_3,179595231,6484,H,A,0.2882479774981068,0.1963509632217398,0.5154010592801533
model_b_plus_home_advantage,fold_3,180209799,6484,H,H,0.579388933207188,0.1974062128553118,0.2232048539375002
model_b_plus_home_advantage,fold_3,180209800,6435,D,H,0.3514852829303336,0.32886855181302804,0.3196461652566383
model_b_plus_home_advantage,fold_3,180209801,6527,A,A,0.28516204617094043,0.19338582969681864,0.521452124132241
model_b_plus_home_advantage,fold_3,180209802,6435,A,H,0.41730752507751295,0.36443702936193545,0.21825544556055168
model_b_plus_home_advantage,fold_3,180209803,6597,H,H,0.5032082632048883,0.27288767828811267,0.22390405850699902
model_b_plus_home_advantage,fold_3,180209804,6527,H,H,0.4372279151578305,0.3148748859606773,0.24789719888149214
model_b_plus_home_advantage,fold_3,180209805,6527,H,A,0.3032882620581271,0.26628529282529306,0.4304264451165798
model_b_plus_home_advantage,fold_3,180209806,6435,H,H,0.9032685150039168,0.08057381281699176,0.01615767217909138
model_b_plus_home_advantage,fold_3,180209807,6597,D,H,0.6647516943421404,0.20954431995994618,0.12570398569791338
model_b_plus_home_advantage,fold_3,180209808,6527,H,H,0.4551583164130948,0.2566512712431439,0.2881904123437613
model_b_plus_home_advantage,fold_3,180209809,6435,H,H,0.6255821684019804,0.23474738316318042,0.13967044843483906
model_b_plus_home_advantage,fold_3,180209810,6527,H,A,0.17892148012784137,0.26843446151901196,0.5526440583531466
model_b_plus_home_advantage,fold_3,180209811,6435,A,A,0.18102478817100226,0.23474125104645413,0.5842339607825435
model_b_plus_home_advantage,fold_3,180209812,6527,A,A,0.32569265507704453,0.2681342779007005,0.4061730670222549
model_b_plus_home_advantage,fold_3,180209813,6597,H,H,0.45591083425537554,0.2882597998817369,0.2558293658628877
model_b_plus_home_advantage,fold_3,180209814,6435,D,H,0.569500140456792,0.23465707400253277,0.19584278554067527
model_b_plus_home_advantage,fold_3,180209815,6527,H,H,0.7398836107637273,0.14442850150453534,0.11568788773173729
model_b_plus_home_advantage,fold_3,180209816,6435,H,H,0.5576866959695818,0.2663480159184123,0.17596528811200604
model_b_plus_home_advantage,fold_3,180209817,6597,H,A,0.26062547386758905,0.28963178590626626,0.4497427402261448
model_b_plus_home_advantage,fold_3,180209818,6597,D,H,0.42232110838381726,0.3162576075666015,0.2614212840495812
model_b_plus_home_advantage,fold_3,180209819,6597,A,H,0.5079270261067446,0.27344346206719383,0.21862951182606163
model_b_plus_home_advantage,fold_3,180209820,6597,H,H,0.6990335199120655,0.21458261671574738,0.08638386337218709
model_b_plus_home_advantage,fold_3,180209821,6597,H,H,0.8073926828318713,0.12938598354237746,0.0632213336257514
model_b_plus_home_advantage,fold_3,180209822,6435,H,H,0.5517728919797679,0.3138078938379098,0.13441921418232228
model_b_plus_home_advantage,fold_3,180209823,6527,D,H,0.4496600603142504,0.26115366943557683,0.2891862702501728
model_b_plus_home_advantage,fold_3,180209824,6435,H,H,0.39555896730986817,0.35120962403611866,0.2532314086540132
model_b_plus_home_advantage,fold_3,180209825,6597,D,H,0.6721047427762404,0.1630780088121642,0.1648172484115954
model_b_plus_home_advantage,fold_3,180209826,6527,A,H,0.7460112484417148,0.1535871709307546,0.10040158062753055
model_b_plus_home_advantage,fold_3,180209827,6526,H,H,0.5863181652399156,0.23608231066525825,0.17759952409482604
model_b_plus_home_advantage,fold_3,180209828,6526,A,A,0.2963830960604489,0.25622820975927263,0.4473886941802785
model_b_plus_home_advantage,fold_3,180209829,6526,A,A,0.11489289921757143,0.21756702063809055,0.6675400801443381
model_b_plus_home_advantage,fold_3,180209830,6526,D,H,0.5824894435175718,0.2563292124842891,0.16118134399813905
model_b_plus_home_advantage,fold_3,180209831,6526,H,H,0.730655493301399,0.18022441484970594,0.089120091848895
model_b_plus_home_advantage,fold_3,180209832,6526,H,A,0.29121758700361605,0.27911345325893755,0.4296689597374465
model_b_plus_home_advantage,fold_3,180209833,6526,A,A,0.21127210848564382,0.2308355019351072,0.5578923895792489
model_b_plus_home_advantage,fold_3,180209834,6526,A,H,0.4964116930489981,0.26224104292728523,0.2413472640237166
model_b_plus_home_advantage,fold_3,180209835,6526,H,H,0.4007020390423947,0.2898602089685109,0.30943775198909446
model_b_plus_home_advantage,fold_3,180209836,6526,A,A,0.3354682254406396,0.3247976738957522,0.33973410066360815
model_b_plus_home_advantage,fold_3,180209839,6435,H,H,0.39421012926218874,0.3565631450942491,0.2492267256435621
model_b_plus_home_advantage,fold_3,181508812,6526,A,A,0.3599979691650654,0.261050002733896,0.3789520281010387
model_b_plus_home_advantage,fold_3,181723791,6526,H,H,0.5397310274459117,0.314709353454963,0.1455596190991252
model_b_plus_home_advantage,fold_3,181724598,6526,A,A,0.21216462236333378,0.22442037841511359,0.5634149992215527
model_b_plus_home_advantage,fold_3,181724798,6526,A,A,0.1351850990077553,0.29111464976209717,0.5737002512301477
model_b_plus_home_advantage,fold_3,182340187,6526,A,A,0.1672445643075244,0.23219545120914856,0.6005599844833271
model_b_plus_home_advantage,fold_3,182340515,6526,H,A,0.17906959708064038,0.344532385125585,0.4763980177937746
model_b_plus_home_advantage,fold_3,182340598,6526,H,H,0.6883600813892214,0.21077813416816937,0.10086178444260917
model_b_plus_home_advantage,fold_3,182404256,6484,D,H,0.4587009457283575,0.21916750372974875,0.3221315505418937
model_b_plus_home_advantage,fold_3,182404257,6484,A,H,0.8444496992668566,0.1008492129754211,0.054701087757722325
model_b_plus_home_advantage,fold_3,182404258,6484,A,H,0.6313801108847859,0.20980288449009563,0.15881700462511847
model_b_plus_home_advantage,fold_3,182404259,6484,H,H,0.6908013992078175,0.1816005301434983,0.1275980706486842
model_b_plus_home_advantage,fold_3,182404260,6484,H,H,0.6272823184782977,0.16057212532349402,0.21214555619820818
model_b_plus_home_advantage,fold_3,182404261,6484,H,A,0.21255194738215394,0.1959891663024454,0.5914588863154007
model_b_plus_home_advantage,fold_3,182404280,6484,H,H,0.4305252751957172,0.32887802794792936,0.24059669685635332
model_b_plus_home_advantage,fold_3,182404281,6484,D,H,0.44222681558255783,0.3236789314803414,0.2340942529371008
model_b_plus_home_advantage,fold_3,182404282,6484,A,A,0.37408207363057683,0.2340531834304315,0.39186474293899176
model_b_plus_home_advantage,fold_3,182404283,6484,H,A,0.2781970230196267,0.2803684359698979,0.44143454101047536
model_b_plus_home_advantage,fold_3,182911612,6526,H,A,0.28722357161795575,0.3115903238354245,0.4011861045466196
model_b_plus_home_advantage,fold_3,182911613,6526,A,H,0.5974955396180052,0.2541757541813503,0.1483287062006446
model_b_plus_home_advantage,fold_3,182911657,6526,H,H,0.6442423127817443,0.2529857081093942,0.10277197910886156
model_b_plus_home_advantage,fold_3,182967017,6435,H,A,0.12038822152165511,0.18710313032467824,0.6925086481536665
model_b_plus_home_advantage,fold_3,182967018,6527,H,H,0.5661827712007742,0.26158442828880746,0.17223280051041834
model_b_plus_home_advantage,fold_3,182967020,6597,A,H,0.5454042515210707,0.25555219357554176,0.1990435549033875
model_b_plus_home_advantage,fold_3,182967022,6435,D,A,0.16310336931384115,0.26567613727478884,0.57122049341137
model_b_plus_home_advantage,fold_3,182967023,6435,H,A,0.2964655547919697,0.34431637358321726,0.3592180716248131
model_b_plus_home_advantage,fold_3,182967024,6597,A,H,0.5408794838490728,0.2012512709537988,0.2578692451971284
model_b_plus_home_advantage,fold_3,182967025,6527,A,H,0.3570037728044887,0.3024439379828691,0.3405522892126422
model_b_plus_home_advantage,fold_3,182967026,6527,A,A,0.269094404017546,0.3016338854456468,0.4292717105368072
model_b_plus_home_advantage,fold_3,182967027,6527,H,A,0.18546397001169693,0.33046333217981444,0.48407269780848855
model_b_plus_home_advantage,fold_3,182967029,6435,A,A,0.35055512001126654,0.24983347511825324,0.3996114048704802
model_b_plus_home_advantage,fold_3,182967031,6597,D,H,0.450153982404027,0.3103563529458271,0.2394896646501458
model_b_plus_home_advantage,fold_3,182967032,6527,D,H,0.3897709738966193,0.24967178217592265,0.3605572439274581
model_b_plus_home_advantage,fold_3,182967035,6435,D,H,0.5695383195422704,0.24358748248137665,0.18687419797635293
model_b_plus_home_advantage,fold_3,182967037,6527,A,A,0.054644601768609385,0.14109995080210874,0.8042554474292819
model_b_plus_home_advantage,fold_3,182967039,6435,A,H,0.5067124991394563,0.2594757334586438,0.2338117674019
model_b_plus_home_advantage,fold_3,182967042,6527,H,H,0.4863853291951484,0.22930314192602197,0.28431152887882977
model_b_plus_home_advantage,fold_3,182967044,6597,D,H,0.5319550094417755,0.23977760843532933,0.22826738212289513
model_b_plus_home_advantage,fold_3,182967045,6435,D,A,0.2942141763390523,0.34134724697934865,0.364438576681599
model_b_plus_home_advantage,fold_3,182967048,6527,A,A,0.27441814164596784,0.2630081538488968,0.46257370450513524
model_b_plus_home_advantage,fold_3,182967050,6435,H,H,0.5660601055935102,0.23213847471810825,0.20180141968838164
model_b_plus_home_advantage,fold_3,182967052,6597,A,A,0.06414330753424823,0.11690045851376528,0.8189562339519865
model_b_plus_home_advantage,fold_3,182967053,6597,D,A,0.07969298927012855,0.20690424416335573,0.7134027665665158
model_b_plus_home_advantage,fold_3,182967054,6597,H,A,0.29980493526566737,0.25587576212837626,0.44431930260595637
model_b_plus_home_advantage,fold_3,182967055,6597,H,H,0.5631386437192475,0.29693036512646925,0.13993099115428323
model_b_plus_home_advantage,fold_3,182967056,6435,H,H,0.7194430836641783,0.17930309597413752,0.10125382036168419
model_b_plus_home_advantage,fold_3,182967058,6435,A,H,0.5477846657090091,0.29544701352079833,0.15676832077019262
model_b_plus_home_advantage,fold_3,182967059,6527,A,H,0.47515844585053213,0.2697414815387003,0.25510007261076756
model_b_plus_home_advantage,fold_3,182967060,6597,D,H,0.3971768774864678,0.2522869275009397,0.3505361950125925
model_b_plus_home_advantage,fold_3,183869746,6526,D,A,0.23150736314995068,0.3066107567137485,0.4618818801363007
model_b_plus_home_advantage,fold_3,184105715,6526,D,H,0.43376137597724485,0.313773767335457,0.2524648566872982
model_b_plus_home_advantage,fold_3,184206513,6526,D,H,0.48607192604782645,0.2773688300856991,0.2365592438664744
model_b_plus_home_advantage,fold_3,184406791,6526,A,H,0.3584610390758007,0.30889972906226315,0.33263923186193617
model_b_plus_home_advantage,fold_3,184407656,6526,D,A,0.1912446054116646,0.2766391418750369,0.5321162527132984
model_b_plus_home_advantage,fold_3,184407902,6526,H,H,0.6309995304980743,0.23060752711672303,0.13839294238520272
model_b_plus_home_advantage,fold_3,185014209,6526,H,H,0.697668424536996,0.1950553863984117,0.10727618906459238
model_b_plus_home_advantage,fold_3,185015100,6526,H,H,0.7665103903167387,0.15871953132929414,0.07477007835396708
model_b_plus_home_advantage,fold_3,185015104,6526,A,H,0.4245642073118947,0.2569673224852088,0.31846847020289637
model_b_plus_home_advantage,fold_3,185015404,6526,A,A,0.12382044296182165,0.2643344381503662,0.6118451188878121
model_b_plus_home_advantage,fold_3,186813811,6527,H,H,0.7463989195318103,0.1650791201054192,0.08852196036277053
model_b_plus_home_advantage,fold_3,186813812,6435,H,H,0.6812764793659893,0.23744031061765838,0.08128321001635229
model_b_plus_home_advantage,fold_3,186813813,6597,H,H,0.8693518622977072,0.10048430142650848,0.03016383627578445
model_b_plus_home_advantage,fold_3,186813814,6527,H,H,0.6481589523701754,0.19952723259905122,0.15231381503077338
model_b_plus_home_advantage,fold_3,187076929,6435,D,A,0.1299196580023919,0.24088885400981785,0.6291914879877903
model_b_plus_home_advantage,fold_3,187076930,6526,A,A,0.1851178376555568,0.24567863491228353,0.5692035274321596
model_b_plus_home_advantage,fold_3,187076931,6597,H,H,0.5074751523890548,0.2598102991765355,0.2327145484344097
model_b_plus_home_advantage,fold_3,187076932,6435,H,H,0.6160391616296439,0.2711535322713271,0.11280730609902906
model_b_plus_home_advantage,fold_3,187076962,6484,A,H,0.5879542443244723,0.15822107759588297,0.25382467807964465
model_b_plus_home_advantage,fold_3,187076963,6526,D,H,0.43416759306289426,0.23470748830344917,0.3311249186336566
model_b_plus_home_advantage,fold_3,187076967,6527,A,H,0.4355397279908242,0.19551382782029228,0.36894644418888367
model_b_plus_home_advantage,fold_3,187076969,6484,A,H,0.7186502667017365,0.16517174839432375,0.11617798490393971
model_b_plus_home_advantage,fold_3,187076970,6484,D,H,0.4985522018602116,0.22040477966188277,0.2810430184779055
model_b_plus_home_advantage,fold_3,187076971,6484,D,H,0.4575019998879515,0.31821913495176274,0.22427886516028575
model_b_plus_home_advantage,fold_3,187076972,6484,H,H,0.4681241762986319,0.22223679717332961,0.3096390265280385
model_b_plus_home_advantage,fold_3,187076973,6597,H,H,0.4333758392061492,0.2844277244233597,0.2821964363704913
model_b_plus_home_advantage,fold_3,187076974,6597,H,H,0.37367447129224657,0.28360107338755297,0.34272445532020057
model_b_plus_home_advantage,fold_3,187076975,6597,H,H,0.4156374739455934,0.258437745017937,0.3259247810364695
model_b_plus_home_advantage,fold_3,187076976,6597,H,H,0.7418580907588682,0.19563188809000503,0.06251002115112674
model_b_plus_home_advantage,fold_3,187076977,6597,H,H,0.7118819115243158,0.1657483898120708,0.12236969866361351
model_b_plus_home_advantage,fold_3,187076978,6526,A,A,0.09020770743517752,0.2669536752337182,0.6428386173311044
model_b_plus_home_advantage,fold_3,187076979,6435,H,A,0.19566564246896337,0.26321910649490937,0.5411152510361272
model_b_plus_home_advantage,fold_3,187076980,6484,A,A,0.21650641939997034,0.21043948332211795,0.5730540972779118
model_b_plus_home_advantage,fold_3,187076984,6435,H,H,0.5872270149119061,0.2597133350413219,0.15305965004677202
model_b_plus_home_advantage,fold_3,187076985,6527,D,H,0.3792233382471905,0.252248510744116,0.36852815100869346
model_b_plus_home_advantage,fold_3,187076986,6527,H,H,0.4172574252917857,0.3165260004740944,0.2662165742341198
model_b_plus_home_advantage,fold_3,187076987,6484,A,H,0.48019926885408903,0.18614166732214948,0.3336590638237615
model_b_plus_home_advantage,fold_3,187076988,6435,A,D,0.34349563861856486,0.3737106834015444,0.2827936779798908
model_b_plus_home_advantage,fold_3,187649727,6435,H,H,0.44898086439213475,0.33517990866300496,0.21583922694486024
model_b_plus_home_advantage,fold_3,187649728,6526,H,H,0.5453347695502471,0.26688417096644534,0.18778105948330764
model_b_plus_home_advantage,fold_3,187649729,6527,H,H,0.5602682241932938,0.20291530993788734,0.23681646586881885
model_b_plus_home_advantage,fold_3,187649732,6435,A,A,0.13185095617867024,0.2269923255966785,0.6411567182246513
model_b_plus_home_advantage,fold_3,187649733,6526,H,H,0.5216283116245208,0.2547937921816023,0.22357789619387683
model_b_plus_home_advantage,fold_3,187649734,6597,H,H,0.6057013638291816,0.22234547748571165,0.1719531586851068
model_b_plus_home_advantage,fold_3,187649735,6484,D,A,0.1890506930393077,0.30718386480230814,0.5037654421583841
model_b_plus_home_advantage,fold_3,187649737,6527,H,H,0.5338331052259961,0.26246743584792515,0.2036994589260787
model_b_plus_home_advantage,fold_3,187649738,6527,A,H,0.5807523581868776,0.25485342766195573,0.16439421415116665
model_b_plus_home_advantage,fold_3,187649739,6435,H,H,0.4025006743057545,0.2888798252111495,0.30861950048309594
model_b_plus_home_advantage,fold_3,187649743,6597,A,D,0.3254823502929754,0.3406619577465139,0.3338556919605106
model_b_plus_home_advantage,fold_3,187649744,6526,D,H,0.4796255242136077,0.2772484639439728,0.2431260118424195
model_b_plus_home_advantage,fold_3,187649745,6526,A,A,0.26682393790694164,0.284387913464129,0.4487881486289293
model_b_plus_home_advantage,fold_3,187649746,6527,H,H,0.5637762154075399,0.22939881130198653,0.20682497329047367
model_b_plus_home_advantage,fold_3,187649747,6484,A,A,0.09463224140520567,0.15589278195978265,0.7494749766350116
model_b_plus_home_advantage,fold_3,187649750,6435,D,A,0.26704165633315086,0.36341870260879505,0.3695396410580541
model_b_plus_home_advantage,fold_3,187649752,6526,D,D,0.34994883669346716,0.35292352347174466,0.2971276398347882
model_b_plus_home_advantage,fold_3,188203048,6484,A,H,0.5552118016154555,0.24453808050938694,0.20025011787515767
model_b_plus_home_advantage,fold_3,188203049,6526,A,H,0.40986109279326577,0.33330572417188237,0.2568331830348518
model_b_plus_home_advantage,fold_3,188203050,6526,D,A,0.3287142487615733,0.32095948532949764,0.35032626590892907
model_b_plus_home_advantage,fold_3,189091581,6484,D,H,0.7269157633825907,0.19299387600377974,0.08009036061362959
model_b_plus_home_advantage,fold_3,189091582,6526,H,H,0.5999044417754729,0.23365597016080472,0.1664395880637225
model_b_plus_home_advantage,fold_3,189091583,6597,H,H,0.5634171917043639,0.27646491722663313,0.16011789106900295
model_b_plus_home_advantage,fold_3,189091587,6435,H,H,0.5481905819352627,0.27734133719481513,0.17446808086992205
model_b_plus_home_advantage,fold_3,189091588,6527,A,H,0.45865932294671036,0.2446042891394109,0.29673638791387874
model_b_plus_home_advantage,fold_3,189312708,6527,D,H,0.7951957040408272,0.13765301410615383,0.06715128185301887
model_b_plus_home_advantage,fold_3,189312709,6435,A,A,0.17209031221852922,0.2927846393789296,0.5351250484025412
model_b_plus_home_advantage,fold_3,189312710,6526,H,H,0.509216771023806,0.3218510928348188,0.1689321361413752
model_b_plus_home_advantage,fold_3,189312716,6435,H,A,0.2199301158558859,0.3095798026427073,0.47049008150140675
model_b_plus_home_advantage,fold_3,189312717,6484,A,H,0.38390095935588286,0.23586307160275152,0.38023596904136564
model_b_plus_home_advantage,fold_3,189312722,6435,D,H,0.5338777564353484,0.28805243618110193,0.17806980738354958
model_b_plus_home_advantage,fold_3,189312724,6484,A,A,0.26921312360864746,0.25537134377122217,0.4754155326201304
model_b_plus_home_advantage,fold_3,189312725,6484,D,H,0.45010529578034814,0.24889611826784172,0.30099858595181006
model_b_plus_home_advantage,fold_3,189312726,6484,H,H,0.579014768046476,0.25287845546170834,0.1681067764918158
model_b_plus_home_advantage,fold_3,189312727,6597,A,A,0.2267400965681633,0.25333266479692185,0.5199272386349149
model_b_plus_home_advantage,fold_3,189312728,6597,H,H,0.5971604545623551,0.27372394071588635,0.1291156047217586
model_b_plus_home_advantage,fold_3,189312729,6597,H,H,0.4150156268370987,0.2988060172958409,0.2861783558670604
model_b_plus_home_advantage,fold_3,189312730,6597,D,A,0.2799329722519664,0.2913399900551135,0.4287270376929201
model_b_plus_home_advantage,fold_3,189312731,6597,A,H,0.5313291345344627,0.25475943226193987,0.21391143320359737
model_b_plus_home_advantage,fold_3,189312732,6526,D,H,0.6055740758283406,0.22699286523951662,0.16743305893214286
model_b_plus_home_advantage,fold_3,189312733,6435,A,H,0.7903131888538723,0.16352343977416145,0.04616337137196643
model_b_plus_home_advantage,fold_3,189312742,6484,H,H,0.6156117782219025,0.22806755193303152,0.15632066984506598
model_b_plus_home_advantage,fold_3,189312744,6597,D,A,0.09976149892488259,0.2014866867813052,0.6987518142938123
model_b_plus_home_advantage,fold_3,189312746,6527,H,H,0.41566904415619116,0.2513133593803084,0.33301759646350043
model_b_plus_home_advantage,fold_3,189312747,6527,H,H,0.4603523451394171,0.3164042283970258,0.22324342646355708
model_b_plus_home_advantage,fold_3,189312753,6526,H,H,0.6931023453461893,0.20911049094732148,0.09778716370648913
model_b_plus_home_advantage,fold_3,189758516,6435,H,H,0.43956150205561717,0.24865131530919637,0.31178718263518646
model_b_plus_home_advantage,fold_3,189758517,6526,D,A,0.18784365383325893,0.2319583244056088,0.5801980217611322
model_b_plus_home_advantage,fold_3,189758518,6527,H,A,0.2884370234665093,0.2519325676220567,0.45963040891143414
model_b_plus_home_advantage,fold_3,189758521,6435,A,H,0.39740608125035237,0.2933189682886435,0.30927495046100406
model_b_plus_home_advantage,fold_3,189758523,6597,A,A,0.3370262704415193,0.2680778423265145,0.3948958872319662
model_b_plus_home_advantage,fold_3,189758525,6527,A,H,0.34464159250887594,0.3219981494000527,0.33336025809107134
model_b_plus_home_advantage,fold_3,189758527,6484,H,H,0.40323046728125156,0.19619790270166212,0.4005716300170863
model_b_plus_home_advantage,fold_3,189758531,6435,H,H,0.6898902084348078,0.19869858253424524,0.11141120903094696
model_b_plus_home_advantage,fold_3,189758532,6597,H,H,0.5645977955298048,0.2596704866812024,0.17573171778899274
model_b_plus_home_advantage,fold_3,189758533,6526,A,A,0.23751548733031258,0.2951648410233533,0.46731967164633414
model_b_plus_home_advantage,fold_3,189758534,6526,H,A,0.19777710468675325,0.2733377438827486,0.5288851514304982
model_b_plus_home_advantage,fold_3,189758535,6527,D,A,0.17244846896424462,0.2528427622241859,0.5747087688115695
model_b_plus_home_advantage,fold_3,189758539,6484,D,H,0.6261951521854882,0.18804345054204036,0.18576139727247154
model_b_plus_home_advantage,fold_3,189758540,6484,H,H,0.5190232556012608,0.26847859814108394,0.2124981462576553
model_b_plus_home_advantage,fold_3,189758541,6484,H,H,0.5730644367168186,0.16794401339126203,0.2589915498919193
model_b_plus_home_advantage,fold_3,189758542,6526,A,H,0.4913757608035658,0.29812466970310064,0.21049956949333354
model_b_plus_home_advantage,fold_3,189758545,6435,D,H,0.5387981042054433,0.25306877051477394,0.20813312527978278
model_b_plus_home_advantage,fold_3,189758574,6527,H,H,0.3527123568414091,0.3407599954881312,0.3065276476704597
model_b_plus_home_advantage,fold_3,189758577,6527,H,H,0.4724918695926052,0.2057214753943896,0.32178665501300524
model_b_plus_home_advantage,fold_3,190444544,6435,D,H,0.5148847570385181,0.24782094662461376,0.23729429633686816
model_b_plus_home_advantage,fold_3,190444545,6526,A,A,0.21646189039957953,0.2160793570835046,0.5674587525169159
model_b_plus_home_advantage,fold_3,193166609,6484,H,A,0.31693896987954323,0.1801616490177351,0.5028993811027218
model_b_plus_home_advantage,fold_3,193166610,6484,H,H,0.5003027705101258,0.2034341610124488,0.29626306847742545
model_b_plus_home_advantage,fold_3,193166611,6484,H,H,0.5128487921701816,0.2427652371172021,0.2443859707126162
model_b_plus_home_advantage,fold_3,193166612,6484,H,H,0.5042456664913065,0.18488702068187784,0.31086731282681573
model_b_plus_home_advantage,fold_3,193166616,6484,A,A,0.13855331980855734,0.23747702133561766,0.623969658855825
model_b_plus_home_advantage,fold_3,193166617,6484,D,A,0.1971143974574562,0.15819730789574996,0.6446882946467938
model_b_plus_home_advantage,fold_3,193166618,6484,H,H,0.6928299340532779,0.16939021239346283,0.13777985355325936
model_b_plus_home_advantage,fold_3,193166619,6484,H,H,0.4866398019685919,0.2623274809845228,0.25103271704688535
model_b_plus_home_advantage,fold_3,193166620,6484,H,A,0.30611843361907964,0.2818984748574765,0.4119830915234438
model_b_plus_home_advantage,fold_3,193166621,6484,A,A,0.26940652605933185,0.2820596539047876,0.44853382003588055
model_b_plus_home_advantage,fold_3,193935346,6526,A,A,0.3159732206514633,0.32715884933006223,0.35686793001847444
model_b_plus_home_advantage,fold_3,193935347,6435,H,H,0.6159902315618998,0.2593334732419206,0.12467629519617973
model_b_plus_home_advantage,fold_3,193935348,6526,A,A,0.34161952188832534,0.2892242328502132,0.36915624526146146
model_b_plus_home_advantage,fold_3,193935349,6527,A,A,0.19744303833344748,0.23843938296842684,0.5641175786981257
model_b_plus_home_advantage,fold_3,193935351,6435,D,H,0.39770082589217975,0.3435307491915886,0.25876842491623164
model_b_plus_home_advantage,fold_3,193935353,6526,D,A,0.25352063527700147,0.27417591748914766,0.47230344723385087
model_b_plus_home_advantage,fold_3,193935354,6597,D,A,0.3084938224364525,0.29041394122633263,0.4010922363372148
model_b_plus_home_advantage,fold_3,193935356,6527,H,A,0.3365720871364183,0.2974714360354735,0.3659564768281082
model_b_plus_home_advantage,fold_3,193935357,6527,D,A,0.3241698726956372,0.28824262052890426,0.3875875067754585
model_b_plus_home_advantage,fold_3,193935359,6435,H,H,0.4457056275667211,0.29466894240857516,0.25962543002470373
model_b_plus_home_advantage,fold_3,193935361,6597,H,H,0.4426609496903279,0.3116697989978694,0.24566925131180278
model_b_plus_home_advantage,fold_3,193935362,6526,A,D,0.35449502636825625,0.36657281415242726,0.2789321594793165
model_b_plus_home_advantage,fold_3,193935363,6527,H,H,0.6246035377164781,0.2531965624036769,0.12219989987984506
model_b_plus_home_advantage,fold_3,193935365,6435,A,A,0.23347162436143667,0.3495201051949288,0.41700827044363453
model_b_plus_home_advantage,fold_3,193935366,6526,H,H,0.6573021404285,0.2227455571240057,0.11995230244749429
model_b_plus_home_advantage,fold_3,193935369,6527,A,A,0.1989018953122191,0.25862818809962645,0.5424699165881544
model_b_plus_home_advantage,fold_3,193935370,6435,A,A,0.2163186944394528,0.2904994965410529,0.4931818090194944
model_b_plus_home_advantage,fold_3,193935371,6526,H,H,0.5533432573453261,0.2842098472875202,0.16244689536715376
model_b_plus_home_advantage,fold_3,193935372,6527,H,H,0.669415508026552,0.24135918387906116,0.0892253080943868
model_b_plus_home_advantage,fold_3,193935374,6597,D,H,0.43623412378829823,0.22680198468698798,0.3369638915247139
model_b_plus_home_advantage,fold_3,193935375,6435,A,A,0.3439909054907178,0.29654040891666505,0.3594686855926171
model_b_plus_home_advantage,fold_3,193935376,6526,D,H,0.5185332734154178,0.27796254792832115,0.20350417865626108
model_b_plus_home_advantage,fold_3,193935377,6527,H,H,0.48831177700133294,0.25775622156765604,0.25393200143101113
model_b_plus_home_advantage,fold_3,193935379,6435,D,A,0.22883744533048334,0.18879996084788753,0.5823625938216291
model_b_plus_home_advantage,fold_3,193935381,6597,A,A,0.25796658934531785,0.3022874233137346,0.4397459873409475
model_b_plus_home_advantage,fold_3,193935382,6597,A,A,0.2511413754832954,0.30855719531420567,0.44030142920249893
model_b_plus_home_advantage,fold_3,193935383,6597,D,H,0.6415269720253005,0.2125101041189032,0.1459629238557962
model_b_plus_home_advantage,fold_3,193935384,6597,H,H,0.9344297634216117,0.05057089711734282,0.01499933946104542
model_b_plus_home_advantage,fold_3,193935385,6597,H,H,0.7460711848346896,0.1750050469020857,0.07892376826322459
model_b_plus_home_advantage,fold_3,193935386,6526,D,H,0.4005523122808527,0.3221527316000446,0.27729495611910276
model_b_plus_home_advantage,fold_3,193935388,6435,H,H,0.5479411213030806,0.33723766767660696,0.1148212110203124
model_b_plus_home_advantage,fold_3,193935392,6527,D,A,0.08540717419495705,0.1818009630559469,0.7327918627490961
model_b_plus_home_advantage,fold_3,193935393,6435,H,H,0.394565155435249,0.33294330241132186,0.2724915421534291
model_b_plus_home_advantage,fold_3,193935394,6526,H,H,0.5635292950218467,0.21803730537085786,0.2184333996072954
model_b_plus_home_advantage,fold_3,193935395,6597,H,H,0.5775343835605503,0.22781265107603152,0.1946529653634181
model_b_plus_home_advantage,fold_3,193935396,6527,H,H,0.48594857057145463,0.26139895679330893,0.25265247263523655
model_b_plus_home_advantage,fold_3,193935397,6526,H,H,0.7367867864143007,0.1607934844796488,0.10241972910605045
model_b_plus_home_advantage,fold_3,193935399,6435,H,A,0.3064870270148622,0.26887318648409425,0.4246397865010437
model_b_plus_home_advantage,fold_3,193935400,6435,A,A,0.2129287156394747,0.17179255455558137,0.6152787298049439
model_b_plus_home_advantage,fold_3,193935402,6435,H,H,0.7238323898883741,0.18696985252599527,0.08919775758563066
model_b_plus_home_advantage,fold_3,195659456,6484,D,H,0.39756395700094216,0.2230079444265976,0.3794280985724603
model_b_plus_home_advantage,fold_3,195659457,6484,A,H,0.534138829656651,0.20921990273718263,0.2566412676061663
model_b_plus_home_advantage,fold_3,195659458,6484,A,H,0.4418613016586397,0.18942297175470885,0.3687157265866515
model_b_plus_home_advantage,fold_3,195659459,6484,D,A,0.23481742795236557,0.1697570461527141,0.5954255258949204
model_b_plus_home_advantage,fold_3,195659460,6484,H,H,0.44773451258674646,0.2647983184216189,0.28746716899163455
model_b_plus_home_advantage,fold_3,195659461,6484,H,H,0.7030979880063771,0.20951287080045172,0.08738914119317127
model_b_plus_home_advantage,fold_3,195840961,6484,D,A,0.09820532306341698,0.12948355685405943,0.7723111200825236
model_b_plus_home_advantage,fold_3,196645413,6484,A,A,0.23531837010366052,0.2573135840072863,0.5073680458890532
model_b_plus_home_advantage,fold_3,196645415,6484,D,A,0.21947217184085474,0.23780341347537926,0.542724414683766
model_b_plus_home_advantage,fold_3,196861243,6484,H,H,0.613186618762951,0.24241450548395851,0.14439887575309043
model_b_plus_home_advantage,fold_3,197601582,6526,A,A,0.30053015105723946,0.2606106235503542,0.43885922539240646
model_b_plus_home_advantage,fold_3,197601583,6435,A,H,0.8396012480214362,0.13075695449752409,0.029641797481039716
model_b_plus_home_advantage,fold_3,197601584,6526,D,H,0.5917374308112696,0.2653553014070088,0.14290726778172158
model_b_plus_home_advantage,fold_3,197601585,6527,H,H,0.7050999451760478,0.16669626535117055,0.12820378947278163
model_b_plus_home_advantage,fold_3,197601586,6597,H,H,0.41324573888944555,0.25476691704542603,0.33198734406512836
model_b_plus_home_advantage,fold_3,197601587,6435,D,H,0.6686251053920094,0.21694661883830607,0.11442827576968452
model_b_plus_home_advantage,fold_3,197601588,6435,A,H,0.4385680364130739,0.2664121924146245,0.29501977117230155
model_b_plus_home_advantage,fold_3,197601589,6526,H,H,0.40735385012214304,0.26943801802529127,0.3232081318525658
model_b_plus_home_advantage,fold_3,197601590,6597,D,H,0.6061672699022745,0.2405351925994932,0.15329753749823227
model_b_plus_home_advantage,fold_3,197601592,6527,H,H,0.37611663559062614,0.2617310523445556,0.3621523120648183
model_b_plus_home_advantage,fold_3,197601593,6527,A,A,0.242847303182463,0.24919659057948906,0.5079561062380479
model_b_plus_home_advantage,fold_3,197601594,6527,H,H,0.5661675469342015,0.25460642100324704,0.17922603206255158
model_b_plus_home_advantage,fold_3,197601595,6435,D,A,0.2519330440079249,0.30411501346234365,0.44395194252973147
model_b_plus_home_advantage,fold_3,197601597,6597,A,A,0.2327648257415283,0.3154469120373709,0.45178826222110097
model_b_plus_home_advantage,fold_3,197601598,6526,A,H,0.5509828762162722,0.29542536538720254,0.15359175839652522
model_b_plus_home_advantage,fold_3,197601599,6526,H,A,0.3391789358061966,0.30077940346118376,0.3600416607326196
model_b_plus_home_advantage,fold_3,197601600,6527,D,A,0.1770263762367973,0.23113001713383038,0.5918436066293723
model_b_plus_home_advantage,fold_3,197601602,6435,H,H,0.5502726562030581,0.2785858360205331,0.17114150777640874
model_b_plus_home_advantage,fold_3,197601603,6526,H,H,0.3511411348080642,0.30576604731879925,0.3430928178731366
model_b_plus_home_advantage,fold_3,197601605,6527,D,A,0.29904868343106844,0.22754851309532526,0.47340280347360636
model_b_plus_home_advantage,fold_3,197601606,6435,D,A,0.20364326612001185,0.30803733744792555,0.48831939643206274
model_b_plus_home_advantage,fold_3,197601607,6526,D,H,0.7049479040811466,0.20409551863485084,0.09095657728400254
model_b_plus_home_advantage,fold_3,197601609,6527,D,A,0.3339435544947776,0.27497752489207583,0.39107892061314653
model_b_plus_home_advantage,fold_3,197601611,6597,A,H,0.46621303520856866,0.22306616147913066,0.3107208033123006
model_b_plus_home_advantage,fold_3,197601612,6435,H,H,0.4039241245877178,0.2931329176579722,0.30294295775431
model_b_plus_home_advantage,fold_3,197601613,6526,A,A,0.24501627744064242,0.24901390722456693,0.5059698153347907
model_b_plus_home_advantage,fold_3,197601614,6527,D,H,0.42887550261187357,0.23167841477936077,0.3394460826087657
model_b_plus_home_advantage,fold_3,197601615,6435,H,H,0.38278611551763486,0.3277671444750961,0.28944674000726917
model_b_plus_home_advantage,fold_3,197601616,6597,A,H,0.6292525808568531,0.2511490826146906,0.11959833652845626
model_b_plus_home_advantage,fold_3,197601617,6597,H,H,0.6532781894080741,0.24665089635988344,0.10007091423204242
model_b_plus_home_advantage,fold_3,197601618,6597,H,A,0.09748401691305605,0.14213279524415373,0.7603831878427902
model_b_plus_home_advantage,fold_3,197601619,6597,A,A,0.20839316842758213,0.2806816759727195,0.5109251555996984
model_b_plus_home_advantage,fold_3,197601620,6526,A,A,0.11539551366143481,0.21155704693884397,0.6730474393997213
model_b_plus_home_advantage,fold_3,197601621,6435,D,A,0.2978533758755245,0.2997942964040392,0.4023523277204362
model_b_plus_home_advantage,fold_3,197601626,6435,H,A,0.26773631881809484,0.343572654240974,0.38869102694093116
model_b_plus_home_advantage,fold_3,197601627,6526,A,H,0.41688581111296846,0.3217391494013124,0.26137503948571916
model_b_plus_home_advantage,fold_3,197601628,6527,H,H,0.5866250701698092,0.2789444441616889,0.1344304856685019
model_b_plus_home_advantage,fold_3,197601629,6597,H,H,0.44964032280624067,0.29751183655920027,0.2528478406345592
model_b_plus_home_advantage,fold_3,198896599,6484,D,H,0.5334240365067049,0.23347381392244151,0.23310214957085357
model_b_plus_home_advantage,fold_3,198896601,6484,H,H,0.7480024890287659,0.14455953366299756,0.10743797730823666
model_b_plus_home_advantage,fold_3,198896602,6484,A,H,0.5883706432859639,0.19665454112805672,0.21497481558597942
model_b_plus_home_advantage,fold_3,198896604,6484,A,H,0.5056105263628582,0.2345709178798324,0.25981855575730944
model_b_plus_home_advantage,fold_3,198896611,6484,H,H,0.43775743579069326,0.25034428585939067,0.311898278349916
model_b_plus_home_advantage,fold_3,198896612,6484,A,H,0.45673919888587533,0.31000204493570027,0.23325875617842448
model_b_plus_home_advantage,fold_3,198896613,6484,H,H,0.6141057494916704,0.22018590760428833,0.16570834290404116
model_b_plus_home_advantage,fold_3,198896614,6484,D,H,0.640966329935169,0.19557438968979782,0.16345928037503316
model_b_plus_home_advantage,fold_3,198896615,6484,D,H,0.6577238791608621,0.18906340148036357,0.15321271935877437
model_b_plus_home_advantage,fold_3,199259549,6484,A,A,0.1034002105682715,0.19162085114812355,0.7049789382836048
model_b_plus_home_advantage,fold_3,200191796,6484,A,A,0.34583186541212546,0.18118174723584368,0.4729863873520309
model_b_plus_home_advantage,fold_3,200191797,6484,A,H,0.4008389281498231,0.2619113965748926,0.3372496752752843
model_b_plus_home_advantage,fold_3,200191798,6484,D,A,0.18008599915414575,0.23322336419665968,0.5866906366491945
model_b_plus_home_advantage,fold_3,200191799,6484,A,A,0.3337395494325642,0.24028146768581474,0.42597898288162106
model_b_plus_home_advantage,fold_3,200191800,6484,D,H,0.40093331419471073,0.27352242277031213,0.3255442630349772
model_b_plus_home_advantage,fold_3,200191801,6484,A,A,0.2580436444011479,0.20706844394436344,0.5348879116544887
model_b_plus_home_advantage,fold_3,200191802,6484,A,H,0.3922299290587785,0.22998922108221334,0.3777808498590082
model_b_plus_home_advantage,fold_3,200191803,6484,H,A,0.29116622012175125,0.21030297610598564,0.49853080377226316
model_b_plus_home_advantage,fold_3,200191805,6484,A,A,0.3379492495272206,0.31691781621801807,0.34513293425476127
model_b_plus_home_advantage,fold_3,200191806,6484,D,H,0.7970231052635495,0.14279842721133648,0.060178467525114174
model_b_plus_home_advantage,fold_3,200713990,6526,H,H,0.7167325848176707,0.1843890309768956,0.09887838420543368
model_b_plus_home_advantage,fold_3,200713993,6435,D,H,0.5576456918083035,0.22786511339612622,0.21448919479557027
model_b_plus_home_advantage,fold_3,200713994,6526,A,A,0.18566107404214244,0.21844002148702832,0.5958989044708292
model_b_plus_home_advantage,fold_3,200713997,6435,H,H,0.49496429387097324,0.3262977150931172,0.17873799103590954
model_b_plus_home_advantage,fold_3,200713998,6435,A,A,0.23255369516350147,0.32457215307427734,0.4428741517622212
model_b_plus_home_advantage,fold_3,200713999,6526,H,H,0.7778515056959616,0.1594335447760491,0.06271494952798926
model_b_plus_home_advantage,fold_3,200714000,6597,A,H,0.4470086928171545,0.24702279770243965,0.3059685094804059
model_b_plus_home_advantage,fold_3,200714001,6435,H,H,0.6404976964369735,0.2523524198505275,0.10714988371249903
model_b_plus_home_advantage,fold_3,200714002,6597,H,H,0.49421036453231426,0.2511227334591311,0.2546669020085545
model_b_plus_home_advantage,fold_3,200714003,6526,H,D,0.3351583192115975,0.36495012140003963,0.2998915593883628
model_b_plus_home_advantage,fold_3,200714005,6435,D,H,0.4580246137067524,0.291450717164653,0.25052466912859467
model_b_plus_home_advantage,fold_3,200714006,6526,H,H,0.5096246572548865,0.2911306591861246,0.19924468355898892
model_b_plus_home_advantage,fold_3,200714007,6435,A,H,0.5550904754079756,0.2609708620512661,0.18393866254075839
model_b_plus_home_advantage,fold_3,200714008,6526,A,A,0.15508457960105804,0.2885169494483964,0.5563984709505455
model_b_plus_home_advantage,fold_3,200714009,6597,H,H,0.640422286169139,0.2114651948774516,0.14811251895340946
model_b_plus_home_advantage,fold_3,200714010,6435,A,A,0.29021739749267,0.28349703582649777,0.4262855666808321
model_b_plus_home_advantage,fold_3,200714012,6526,A,A,0.18835902908782287,0.2543461081605664,0.5572948627516107
model_b_plus_home_advantage,fold_3,200714013,6435,H,A,0.29172038528770805,0.3081248963509732,0.40015471836131883
model_b_plus_home_advantage,fold_3,200714014,6597,H,D,0.33590893949521894,0.3586692643579342,0.30542179614684684
model_b_plus_home_advantage,fold_3,200714015,6597,H,H,0.5378710026443495,0.25023961968073677,0.21188937767491375
model_b_plus_home_advantage,fold_3,200714016,6597,A,H,0.35474071125865553,0.30386086893200165,0.3413984198093429
model_b_plus_home_advantage,fold_3,200714017,6597,A,H,0.5025484862445292,0.30121841517380793,0.19623309858166288
model_b_plus_home_advantage,fold_3,200714018,6597,A,H,0.5736089663249793,0.2546407407460859,0.17175029292893487
model_b_plus_home_advantage,fold_3,200714019,6526,A,A,0.2245819275804921,0.329476647447794,0.4459414249717139
model_b_plus_home_advantage,fold_3,200714020,6435,A,H,0.6245170734112774,0.22459318139082532,0.15088974519789727
model_b_plus_home_advantage,fold_3,200714021,6435,H,H,0.6395530238065225,0.2699309945317102,0.09051598166176733
model_b_plus_home_advantage,fold_3,200714022,6526,A,A,0.12952247977930206,0.25186608105219344,0.6186114391685045
model_b_plus_home_advantage,fold_3,200714023,6597,H,H,0.8594457426286968,0.09945796025455797,0.04109629711674525
model_b_plus_home_advantage,fold_3,200714024,6526,A,H,0.6757051676523795,0.20154229563503648,0.12275253671258399
model_b_plus_home_advantage,fold_3,200714025,6527,A,A,0.1573918375024273,0.1861020857858286,0.6565060767117441
model_b_plus_home_advantage,fold_3,203077629,6484,H,H,0.7254778183448191,0.18529149172459333,0.08923068993058751
model_b_plus_home_advantage,fold_3,203077630,6484,D,H,0.6189663709066818,0.19389836437057484,0.18713526472274336
model_b_plus_home_advantage,fold_3,203077631,6484,H,H,0.8310009438651763,0.11879360582531454,0.050205450309509216
model_b_plus_home_advantage,fold_3,203077632,6484,H,A,0.23921122393721359,0.26713286858995494,0.49365590747283133
model_b_plus_home_advantage,fold_3,203077633,6484,A,A,0.18963661637854992,0.2690901279569913,0.5412732556644588
model_b_plus_home_advantage,fold_3,203077634,6484,H,H,0.4218033834970524,0.18597629805816035,0.39222031844478744
model_b_plus_home_advantage,fold_3,203077635,6484,H,H,0.48939414652730656,0.21393794251630366,0.2966679109563897
model_b_plus_home_advantage,fold_3,203077636,6484,A,H,0.6083520568703791,0.18102842841484848,0.21061951471477236
model_b_plus_home_advantage,fold_3,203077637,6484,D,H,0.5745997166769872,0.2098593393428756,0.21554094398013726
model_b_plus_home_advantage,fold_3,203077638,6484,D,H,0.6408889891433901,0.1911675133216345,0.16794349753497537
model_b_plus_home_advantage,fold_3,203701457,6526,A,H,0.7279220558466638,0.17492292342810806,0.09715502072522807
model_b_plus_home_advantage,fold_3,203701458,6526,H,H,0.5490779924878955,0.28708916948052077,0.16383283803158372
model_b_plus_home_advantage,fold_3,203701459,6526,D,H,0.5262135290350343,0.25562413688511754,0.21816233407984822
model_b_plus_home_advantage,fold_3,203701460,6526,D,H,0.4427284107139031,0.23819750253978106,0.31907408674631577
model_b_plus_home_advantage,fold_3,203701461,6526,H,H,0.6288949244554293,0.2354237274126097,0.13568134813196098
model_b_plus_home_advantage,fold_3,203701462,6526,D,H,0.4389597022755966,0.30441778477366127,0.2566225129507422
model_b_plus_home_advantage,fold_3,203701464,6526,D,A,0.2519714812067993,0.2665315223971641,0.4814969963960366
model_b_plus_home_advantage,fold_3,203701465,6526,A,A,0.10433428661658951,0.18788021723029424,0.7077854961531163
model_b_plus_home_advantage,fold_3,203701466,6526,H,H,0.40329797687982183,0.32347039374248004,0.27323162937769807
model_b_plus_home_advantage,fold_3,203701468,6526,A,H,0.37811405639876605,0.3533318301826014,0.26855411341863256
model_b_plus_home_advantage,fold_3,205020017,6527,H,H,0.41725805507215175,0.29409297683032937,0.288648968097519
model_b_plus_home_advantage,fold_3,205044727,6484,A,A,0.34386713984344724,0.2602225717962687,0.3959102883602841
model_b_plus_home_advantage,fold_3,205044728,6484,H,A,0.09807873692154861,0.1784997493427926,0.7234215137356587
model_b_plus_home_advantage,fold_3,205044729,6484,D,H,0.3871356278743597,0.25379740367480447,0.35906696845083586
model_b_plus_home_advantage,fold_3,205044754,6484,A,A,0.1464180938465166,0.18366886163848903,0.6699130445149944
model_b_plus_home_advantage,fold_3,205044755,6484,D,H,0.4496537278849898,0.23872729303508192,0.3116189790799282
model_b_plus_home_advantage,fold_3,205044756,6484,A,A,0.11211115849602153,0.25184247427960116,0.6360463672243772
model_b_plus_home_advantage,fold_3,205344960,6527,H,H,0.6072738914588058,0.28466357797000513,0.108062530571189
model_b_plus_home_advantage,fold_3,205344961,6527,D,H,0.5494126657112721,0.1955888106501556,0.2549985236385722
model_b_plus_home_advantage,fold_3,205344962,6527,H,A,0.2035238828147374,0.2853636946931862,0.5111124224920763
model_b_plus_home_advantage,fold_3,205684762,6484,H,H,0.7586852527577916,0.17327271489455495,0.06804203234765338
model_b_plus_home_advantage,fold_3,205684763,6484,A,A,0.3824309740377769,0.22331177419350273,0.3942572517687203
model_b_plus_home_advantage,fold_3,205684764,6484,D,H,0.5553317079238618,0.25953130316385364,0.18513698891228464
model_b_plus_home_advantage,fold_3,205863376,6527,H,H,0.6650708437764832,0.23667929472593355,0.09824986149758329
model_b_plus_home_advantage,fold_3,205863381,6527,H,A,0.366500204905875,0.26280199585602054,0.3706977992381045
model_b_plus_home_advantage,fold_3,205863382,6527,H,A,0.2351832875757908,0.2788767102234973,0.4859400022007119
model_b_plus_home_advantage,fold_3,205863383,6527,A,H,0.4726168406601836,0.24449972232705686,0.28288343701275953
model_b_plus_home_advantage,fold_3,205863393,6484,A,A,0.18735400954604414,0.24216391625728195,0.570482074196674
model_b_plus_home_advantage,fold_3,206315767,6526,H,A,0.3075474345698633,0.27583513660663994,0.41661742882349695
model_b_plus_home_advantage,fold_3,206315768,6526,D,H,0.38877053444103316,0.321271594919136,0.289957870639831
model_b_plus_home_advantage,fold_3,206315769,6526,D,A,0.29399023700016186,0.3373827356501089,0.3686270273497293
model_b_plus_home_advantage,fold_3,206315770,6526,A,D,0.36514192155745184,0.3727790062931508,0.2620790721493974
model_b_plus_home_advantage,fold_3,206315771,6526,D,D,0.25152193078603036,0.3799039810682261,0.3685740881457436
model_b_plus_home_advantage,fold_3,206315772,6526,A,H,0.4179279940038211,0.2458939415714722,0.33617806442470677
model_b_plus_home_advantage,fold_3,206315773,6526,D,H,0.38876239753911584,0.31882512591816115,0.29241247654272295
model_b_plus_home_advantage,fold_3,207381045,6527,D,A,0.3224452373511115,0.290297826080459,0.3872569365684294
model_b_plus_home_advantage,fold_3,207381046,6597,A,A,0.25929728377117117,0.28059118202523264,0.46011153420359624
model_b_plus_home_advantage,fold_3,207381053,6527,D,A,0.23455328399973102,0.26667765080394723,0.4987690651963218
model_b_plus_home_advantage,fold_3,207381055,6484,A,A,0.270271471848808,0.2916676170390538,0.4380609111121382
model_b_plus_home_advantage,fold_3,207381056,6484,D,H,0.7792329921329685,0.12458082621477455,0.09618618165225704
model_b_plus_home_advantage,fold_3,207381057,6484,D,H,0.6816307007994068,0.20871986463611014,0.10964943456448295
model_b_plus_home_advantage,fold_3,207381058,6484,D,A,0.2985497031349086,0.22077929670932248,0.480671000155769
model_b_plus_home_advantage,fold_3,207381059,6484,A,A,0.2965946529800095,0.29400446743535247,0.40940087958463806
model_b_plus_home_advantage,fold_3,207381060,6484,H,H,0.6882065738381894,0.15702338607034272,0.15477004009146783
model_b_plus_home_advantage,fold_3,207381061,6484,D,A,0.2853602327751259,0.19793722944300138,0.5167025377818727
model_b_plus_home_advantage,fold_3,207381062,6484,H,H,0.6859712619466807,0.19078062343023747,0.12324811462308193
model_b_plus_home_advantage,fold_3,207381063,6484,H,H,0.6628124500871574,0.18759778926206389,0.1495897606507787
model_b_plus_home_advantage,fold_3,207381064,6484,A,A,0.348074024663819,0.2797627449971021,0.37216323033907894
model_b_plus_home_advantage,fold_3,207381068,6435,H,H,0.40312943703746645,0.28969897384401677,0.3071715891185167
model_b_plus_home_advantage,fold_3,207626566,6527,A,A,0.2518289796523785,0.24508961586956382,0.5030814044780576
model_b_plus_home_advantage,fold_3,207626568,6435,D,H,0.3859175409817171,0.34644502157186546,0.2676374374464175
model_b_plus_home_advantage,fold_3,207626574,6527,A,A,0.34664801252454086,0.22099086934567957,0.43236111812977956
model_b_plus_home_advantage,fold_3,207626578,6435,D,H,0.5281610212549286,0.2580195951816215,0.21381938356345
model_b_plus_home_advantage,fold_3,207626579,6527,H,A,0.2745372238265629,0.2667972080555865,0.4586655681178505
model_b_plus_home_advantage,fold_3,207626583,6435,H,A,0.19081390561570996,0.33870838237732176,0.47047771200696825
model_b_plus_home_advantage,fold_3,207626591,6597,H,H,0.6501591570399409,0.2454621529907083,0.10437868996935085
model_b_plus_home_advantage,fold_3,207626592,6597,H,H,0.5830279522148029,0.28622015495979153,0.1307518928254056
model_b_plus_home_advantage,fold_3,207626593,6597,A,A,0.3493187615699633,0.2896430861659219,0.36103815226411484
model_b_plus_home_advantage,fold_3,207626595,6435,A,A,0.29463284070806023,0.2888611691440179,0.4165059901479218
model_b_plus_home_advantage,fold_3,207626604,6597,A,A,0.10190091305320881,0.13295142350791192,0.7651476634388793
model_b_plus_home_advantage,fold_3,207626607,6597,A,A,0.35121131726759575,0.24233391038382382,0.40645477234858046
model_b_plus_home_advantage,fold_3,207626613,6597,H,A,0.3183921022001489,0.2850261796095298,0.39658171819032123
model_b_plus_home_advantage,fold_3,207932271,6597,A,A,0.24112259019000296,0.31396920608477386,0.44490820372522316
model_b_plus_home_advantage,fold_3,207932275,6435,H,H,0.6900050906823954,0.1918058604762803,0.1181890488413243
model_b_plus_home_advantage,fold_3,207932282,6597,H,H,0.4217971055530063,0.30040133365551475,0.2778015607914789
model_b_plus_home_advantage,fold_3,207932286,6435,A,D,0.32638807430479017,0.35207522052820256,0.3215367051670073
model_b_plus_home_advantage,fold_3,207932295,6527,H,H,0.884162181851159,0.09270598855729552,0.023131829591545482
model_b_plus_home_advantage,fold_3,207932296,6527,A,H,0.5008376563396377,0.24680292285417244,0.25235942080618984
model_b_plus_home_advantage,fold_3,207932298,6527,A,H,0.3546074930755871,0.30588918997441256,0.33950331695000036
model_b_plus_home_advantage,fold_3,207932299,6527,A,A,0.11727767669288916,0.25324498342101454,0.6294773398860963
model_b_plus_home_advantage,fold_3,208235743,6526,H,A,0.1983029011965606,0.2202545344725949,0.5814425643308445
model_b_plus_home_advantage,fold_3,208235749,6526,H,H,0.7143409271325438,0.2018111279873169,0.08384794488013922
model_b_plus_home_advantage,fold_3,208235750,6526,D,H,0.4761056461734825,0.2923358615991856,0.23155849222733188
model_b_plus_home_advantage,fold_3,208235751,6526,A,A,0.06739577400816116,0.17334816073629344,0.7592560652555455
model_b_plus_home_advantage,fold_3,208235752,6526,H,H,0.5041154970337084,0.2640966495159305,0.2317878534503611
model_b_plus_home_advantage,fold_3,208235753,6526,D,H,0.5704142797581511,0.2914266714989518,0.1381590487428972
model_b_plus_home_advantage,fold_3,208235754,6526,D,A,0.19365116857204312,0.22998349930660836,0.5763653321213486
model_b_plus_home_advantage,fold_3,208235755,6526,D,A,0.14702676420186347,0.22973311071190256,0.6232401250862339
model_b_plus_home_advantage,fold_3,208235756,6526,A,H,0.4297549265135426,0.3390029914790591,0.23124208200739835
model_b_plus_home_advantage,fold_3,208235757,6526,D,H,0.4683936756614705,0.3254234198523673,0.20618290448616236
model_b_plus_home_advantage,fold_3,208496337,6484,D,A,0.1662973579995412,0.17589277074893064,0.6578098712515282
model_b_plus_home_advantage,fold_3,208496338,6597,H,H,0.541034368131753,0.24182791510368826,0.21713771676455876
model_b_plus_home_advantage,fold_3,208496339,6597,H,H,0.6154831227683972,0.19930076459118462,0.18521611264041812
model_b_plus_home_advantage,fold_3,208496340,6597,H,H,0.6418257844454434,0.21788768734453187,0.14028652821002474
model_b_plus_home_advantage,fold_3,208496341,6484,D,H,0.533779955606414,0.2113858834502464,0.25483416094333955
model_b_plus_home_advantage,fold_3,208496342,6484,D,A,0.24093114035280264,0.23166544510141143,0.5274034145457859
model_b_plus_home_advantage,fold_3,208496343,6597,H,A,0.21654076223148908,0.24872197697887083,0.5347372607896401
model_b_plus_home_advantage,fold_3,208496344,6484,H,A,0.33021162069209853,0.2511045835812825,0.41868379572661896
model_b_plus_home_advantage,fold_3,208694031,6484,H,H,0.6571477966235212,0.15798620588269957,0.18486599749377916
model_b_plus_home_advantage,fold_3,208694032,6597,A,H,0.5351376716776716,0.2967236623943787,0.1681386659279498
model_b_plus_home_advantage,fold_3,208694033,6597,D,H,0.6162837010342085,0.2309169846832211,0.15279931428257051
model_b_plus_home_advantage,fold_3,208694034,6597,H,H,0.8755279065197341,0.09485176036925323,0.02962033311101274
model_b_plus_home_advantage,fold_3,208694035,6597,H,H,0.5746372667945371,0.22034683077593933,0.20501590242952356
model_b_plus_home_advantage,fold_3,208694036,6484,H,H,0.6559598649216788,0.19711585992885536,0.14692427514946574
model_b_plus_home_advantage,fold_3,208694037,6484,A,A,0.1738682664991319,0.34266209884896576,0.48346963465190224
model_b_plus_home_advantage,fold_3,208694038,6597,H,H,0.36872632972701563,0.35480220678611474,0.2764714634868697
model_b_plus_home_advantage,fold_3,208694039,6484,A,A,0.3557355993812378,0.21735048626419456,0.4269139143545677
model_b_plus_home_advantage,fold_3,208927587,6484,A,A,0.21581800880260127,0.24250910230718845,0.5416728888902103
model_b_plus_home_advantage,fold_3,208927599,6484,H,H,0.7423200336470764,0.18399592513498345,0.07368404121794009
model_b_plus_home_advantage,fold_3,209140288,6435,H,H,0.5512646449801082,0.2958024608705049,0.15293289414938693
model_b_plus_home_advantage,fold_3,209140291,6435,H,H,0.4526562401883432,0.25553375674863077,0.2918100030630259
model_b_plus_home_advantage,fold_3,209378442,6435,D,A,0.2454876536318876,0.20157479476054752,0.5529375516075649
model_b_plus_home_advantage,fold_3,209378446,6435,A,A,0.33372808693545764,0.3214196637079036,0.3448522493566388
model_b_plus_home_advantage,fold_3,209378450,6435,D,H,0.40366696691064224,0.26988848845777724,0.32644454463158057
model_b_plus_home_advantage,fold_3,209378461,6435,H,A,0.12217684555206189,0.2891526669242918,0.5886704875236463
model_b_plus_home_advantage,fold_3,209766256,6435,A,H,0.4693932480527125,0.3205041956344394,0.21010255631284805
model_b_plus_home_advantage,fold_3,209766258,6484,A,A,0.1604480929364223,0.22027739941328064,0.619274507650297
model_b_plus_home_advantage,fold_3,209766262,6435,H,H,0.6629864250587213,0.2600101347956542,0.07700344014562444
model_b_plus_home_advantage,fold_3,209766263,6484,H,H,0.7693656336107688,0.16380672170144558,0.06682764468778558
model_b_plus_home_advantage,fold_3,209766264,6484,A,H,0.363277972935174,0.27408575193707324,0.36263627512775265
model_b_plus_home_advantage,fold_3,209766265,6484,H,A,0.3637725665328653,0.18986178026994474,0.44636565319718996
model_b_plus_home_advantage,fold_3,209766270,6435,A,H,0.5693551131446282,0.24797101764453972,0.1826738692108321
model_b_plus_home_advantage,fold_3,209766278,6484,D,H,0.6602266653947969,0.1815533967355544,0.15821993786964864
model_b_plus_home_advantage,fold_3,209766279,6484,A,H,0.34716701836624153,0.32093136850968745,0.33190161312407096
model_b_plus_home_advantage,fold_3,209766280,6484,A,A,0.16024485293167978,0.23638877733028277,0.6033663697380374
model_b_plus_home_advantage,fold_3,209766281,6484,A,A,0.09624903014866402,0.157306676280679,0.746444293570657
model_b_plus_home_advantage,fold_3,209766282,6484,A,H,0.4957964762852043,0.2029793600411568,0.3012241636736389
model_b_plus_home_advantage,fold_3,209766285,6435,H,A,0.3167836179481142,0.31012254380969595,0.3730938382421899
model_b_plus_home_advantage,fold_3,210158686,6435,H,H,0.649137106209111,0.22109067621773668,0.12977221757315227
model_b_plus_home_advantage,fold_3,210158687,6484,H,H,0.7739022924568686,0.14727161162677524,0.0788260959163561
model_b_plus_home_advantage,fold_3,210158688,6526,H,H,0.7609894525478209,0.1606074450893346,0.0784031023628445
model_b_plus_home_advantage,fold_3,210158689,6527,D,H,0.6286747087448418,0.20058863390180784,0.1707366573533503
model_b_plus_home_advantage,fold_3,210158690,6526,A,A,0.1387494465032228,0.2670381078199455,0.5942124456768316
model_b_plus_home_advantage,fold_3,210158691,6527,H,A,0.3505691347009318,0.22287441724010656,0.4265564480589616
model_b_plus_home_advantage,fold_3,210158692,6527,D,H,0.6041095681038254,0.24468182704471658,0.1512086048514579
model_b_plus_home_advantage,fold_3,210158693,6526,D,H,0.40458245799749215,0.32635372130675044,0.26906382069575735
model_b_plus_home_advantage,fold_3,210158694,6526,H,H,0.45012023814142504,0.34414926942486346,0.20573049243371141
model_b_plus_home_advantage,fold_3,210158695,6527,D,A,0.2647729914868894,0.2458154270320206,0.48941158148109004
model_b_plus_home_advantage,fold_3,210158696,6526,D,H,0.5282583973197441,0.2589300199666458,0.21281158271361011
model_b_plus_home_advantage,fold_3,210158697,6527,D,H,0.4367074455482566,0.29225552950297634,0.27103702494876714
model_b_plus_home_advantage,fold_3,210158698,6526,A,H,0.3990521605088827,0.2807231079150045,0.3202247315761128
model_b_plus_home_advantage,fold_3,210158699,6527,A,A,0.3290673602620248,0.3204522809409401,0.35048035879703504
model_b_plus_home_advantage,fold_3,210158700,6526,H,H,0.3826218043811884,0.30467243823102325,0.31270575738778833
model_b_plus_home_advantage,fold_3,210158701,6527,A,A,0.12370749724260434,0.1655085722579552,0.7107839304994403
model_b_plus_home_advantage,fold_3,210158702,6526,H,H,0.6414770230960607,0.23370412463866777,0.12481885226527151
model_b_plus_home_advantage,fold_3,210158703,6527,H,A,0.3401288784181947,0.22645377841648934,0.4334173431653159
model_b_plus_home_advantage,fold_3,210158704,6526,H,H,0.4628719436650263,0.3215402106262671,0.21558784570870657
model_b_plus_home_advantage,fold_3,210158705,6527,H,A,0.13760692509902284,0.18910533621593875,0.6732877386850383
model_b_plus_home_advantage,fold_3,210158706,6526,D,H,0.6245964406197432,0.21674231419584927,0.15866124518440752
model_b_plus_home_advantage,fold_3,210158707,6526,D,H,0.4681301853742623,0.24577364584250452,0.2860961687832332
model_b_plus_home_advantage,fold_3,210158708,6526,A,A,0.28369915942625795,0.266446341766633,0.44985449880710904
model_b_plus_home_advantage,fold_3,210158709,6526,H,H,0.49593348484985417,0.2817772821186712,0.22228923303147466
model_b_plus_home_advantage,fold_3,211165214,6597,H,H,0.6424985139334793,0.1848479938760881,0.17265349219043258
model_b_plus_home_advantage,fold_3,211382237,6597,H,H,0.6598164185482089,0.19333570766034752,0.1468478737914434
model_b_plus_home_advantage,fold_3,211382238,6597,H,H,0.8522438083584586,0.09723335650352045,0.050522835138021
model_b_plus_home_advantage,fold_3,211382239,6597,A,H,0.3712978274988838,0.3337307276796286,0.2949714448214877
model_b_plus_home_advantage,fold_3,211382240,6597,D,A,0.35208471409536324,0.28202279257966917,0.36589249332496765
model_b_plus_home_advantage,fold_3,211382241,6597,A,H,0.35560041404702597,0.33530806045529205,0.309091525497682
model_b_plus_home_advantage,fold_3,211382855,6597,H,H,0.7233086004448102,0.19562558662456114,0.08106581293062873
model_b_plus_home_advantage,fold_3,211940262,6597,H,A,0.32221237982280576,0.2803087340309966,0.3974788861461976
model_b_plus_home_advantage,fold_3,211940439,6597,A,H,0.5365637925654714,0.3047691724939465,0.15866703494058215
model_b_plus_home_advantage,fold_3,212674706,6435,D,H,0.3611446458974435,0.3064993802584957,0.3323559738440607
model_b_plus_home_advantage,fold_3,212674707,6526,D,H,0.4169321081776064,0.3561244967603081,0.22694339506208544
model_b_plus_home_advantage,fold_3,212674709,6435,H,H,0.7361244551208587,0.18705024765453226,0.07682529722460917
model_b_plus_home_advantage,fold_3,212674710,6526,A,H,0.4325430712015171,0.22950931937281902,0.337947609425664
model_b_plus_home_advantage,fold_3,212674711,6527,H,A,0.3571617828449607,0.21811843058552505,0.4247197865695144
model_b_plus_home_advantage,fold_3,212674715,6435,D,H,0.7575614826959884,0.17234574607458641,0.07009277122942524
model_b_plus_home_advantage,fold_3,212674716,6526,A,A,0.0781298112875134,0.18272526601195294,0.7391449227005337
model_b_plus_home_advantage,fold_3,212674717,6527,H,H,0.539352915701559,0.2477978151801409,0.21284926911830013
model_b_plus_home_advantage,fold_3,212674718,6527,A,H,0.5868820967770123,0.27530181987035196,0.1378160833526357
model_b_plus_home_advantage,fold_3,212674719,6527,D,A,0.2720081131319941,0.28118083000272664,0.4468110568652793
model_b_plus_home_advantage,fold_3,212674720,6435,A,H,0.43353912507079295,0.3070053037875288,0.25945557114167817
model_b_plus_home_advantage,fold_3,212674722,6526,A,A,0.2637513422901591,0.3410927018501575,0.39515595585968344
model_b_plus_home_advantage,fold_3,212674723,6527,A,A,0.14392247506760925,0.26276203939262904,0.5933154855397618
model_b_plus_home_advantage,fold_3,212674724,6435,H,H,0.3967620255797854,0.2607533433525353,0.34248463106767935
model_b_plus_home_advantage,fold_3,212674725,6526,H,H,0.6131330481608863,0.24914961890988116,0.1377173329292325
model_b_plus_home_advantage,fold_3,212674731,6527,D,H,0.8548884674082512,0.10079279390629577,0.044318738685453045
model_b_plus_home_advantage,fold_3,212674732,6435,A,A,0.06186342479831754,0.18316475761220435,0.7549718175894782
model_b_plus_home_advantage,fold_3,212674733,6526,D,A,0.1747709461483231,0.2919335220293876,0.5332955318222893
model_b_plus_home_advantage,fold_3,212674735,6527,H,A,0.2317698344649591,0.2887284726314385,0.4795016929036024
model_b_plus_home_advantage,fold_3,212674736,6435,D,H,0.47347231007158697,0.3434284515604963,0.1830992383679168
model_b_plus_home_advantage,fold_3,212674737,6526,H,H,0.4199825681004802,0.278722792053399,0.30129463984612076
model_b_plus_home_advantage,fold_3,212674738,6527,H,H,0.46366100101110586,0.2797858261502142,0.25655317283868
model_b_plus_home_advantage,fold_3,212674739,6435,D,H,0.46001651115165143,0.2972261150855769,0.24275737376277176
model_b_plus_home_advantage,fold_3,212674741,6526,A,A,0.29118975872507097,0.20075718042432078,0.5080530608506083
model_b_plus_home_advantage,fold_3,212674742,6435,A,D,0.28699958228372374,0.3802340805669244,0.3327663371493519
model_b_plus_home_advantage,fold_3,212674746,6435,D,H,0.3792057128037977,0.3216431287630321,0.29915115843317025
model_b_plus_home_advantage,fold_3,212674747,6526,H,A,0.30684516047849564,0.3263440878432694,0.366810751678235
model_b_plus_home_advantage,fold_3,212674748,6527,D,H,0.5107510462596822,0.2766563585145174,0.21259259522580037
model_b_plus_home_advantage,fold_3,212674751,6526,H,H,0.44522917300569115,0.30359797630248936,0.2511728506918196
model_b_plus_home_advantage,fold_3,213723591,6484,A,H,0.45856288471402173,0.24538171799790187,0.29605539728807634
model_b_plus_home_advantage,fold_3,213723592,6597,H,H,0.465949746985311,0.2582599950977078,0.27579025791698125
model_b_plus_home_advantage,fold_3,213723593,6484,D,H,0.6216328195334078,0.19857723670032046,0.1797899437662718
model_b_plus_home_advantage,fold_3,213723594,6597,D,A,0.24233306686172143,0.23681382349127142,0.5208531096470072
model_b_plus_home_advantage,fold_3,213723595,6484,A,H,0.7145022932602123,0.18850974886514585,0.09698795787464182
model_b_plus_home_advantage,fold_3,213723596,6484,A,H,0.6393986274498586,0.18881443544074689,0.17178693710939444
model_b_plus_home_advantage,fold_3,213723598,6597,H,H,0.4877131186002582,0.3511991104966734,0.1610877709030683
model_b_plus_home_advantage,fold_3,213723599,6484,H,A,0.3499503762222467,0.16904293622746447,0.48100668755028886
model_b_plus_home_advantage,fold_3,213723600,6484,A,A,0.1529364393855734,0.19735418413146533,0.6497093764829613
model_b_plus_home_advantage,fold_3,213723601,6484,A,A,0.09391192629020423,0.21659758371926605,0.6894904899905296
model_b_plus_home_advantage,fold_3,213723602,6484,H,H,0.9073933318873584,0.0712005863011943,0.02140608181144732
model_b_plus_home_advantage,fold_3,213723603,6484,A,H,0.6736016016751968,0.18243730208577633,0.14396109623902684
model_b_plus_home_advantage,fold_3,213723604,6484,H,H,0.5874015236942155,0.1609855006072772,0.2516129756985073
model_b_plus_home_advantage,fold_3,213723605,6597,H,H,0.36295445063053566,0.3139050138345652,0.3231405355348992
model_b_plus_home_advantage,fold_3,213723606,6597,H,H,0.46874797975874033,0.29192656899679953,0.23932545124446022
model_b_plus_home_advantage,fold_3,213723607,6597,A,A,0.043101525065891474,0.14015203754600286,0.8167464373881057
model_b_plus_home_advantage,fold_3,213723608,6597,D,H,0.5053386692562625,0.267013819907041,0.22764751083669651
model_b_plus_home_advantage,fold_3,213723609,6597,D,A,0.19722591983429527,0.2948922872259278,0.5078817929397769
model_b_plus_home_advantage,fold_3,213723613,6597,D,H,0.6004574022654121,0.27383729442712645,0.12570530330746138
model_b_plus_home_advantage,fold_3,215022546,6484,H,H,0.8031523481026936,0.12171493336215607,0.07513271853515036
model_b_plus_home_advantage,fold_3,215022547,6484,H,H,0.41378476685306437,0.2608825933776822,0.32533263976925336
model_b_plus_home_advantage,fold_3,215022548,6484,A,H,0.36214743703238456,0.3293767893051406,0.3084757736624748
model_b_plus_home_advantage,fold_3,215022549,6484,A,A,0.3353854521898926,0.21876258082619163,0.44585196698391577
model_b_plus_home_advantage,fold_3,215022550,6484,H,A,0.2670429166737151,0.24505617023770823,0.4879009130885766
model_b_plus_home_advantage,fold_3,215022551,6484,A,H,0.6179346027399979,0.17491044842949446,0.20715494883050758
model_b_plus_home_advantage,fold_3,215022552,6484,A,H,0.49355364083722314,0.27088375888585403,0.2355626002769229
model_b_plus_home_advantage,fold_3,215022553,6484,H,H,0.527697867340441,0.29139181669895337,0.1809103159606057
model_b_plus_home_advantage,fold_3,215022554,6484,A,A,0.2811561863284882,0.1298917288951985,0.5889520847763132
model_b_plus_home_advantage,fold_3,215022555,6484,H,H,0.38127277985228697,0.26016077962393597,0.3585664405237772
model_b_plus_home_advantage,fold_3,215560087,6435,H,H,0.5494514482764299,0.30431523337910255,0.14623331834446757
model_b_plus_home_advantage,fold_3,215560088,6526,A,A,0.2455478524254761,0.2559477454881953,0.4985044020863287
model_b_plus_home_advantage,fold_3,215560090,6435,D,A,0.3121304806543034,0.3147883537143846,0.373081165631312
model_b_plus_home_advantage,fold_3,215560091,6526,D,A,0.27365643986967547,0.287117049678325,0.4392265104519994
model_b_plus_home_advantage,fold_3,215560092,6527,H,H,0.5360775702758322,0.18645683799263793,0.27746559173152996
model_b_plus_home_advantage,fold_3,215560096,6435,H,H,0.3581891713921786,0.3016149995200641,0.34019582908775725
model_b_plus_home_advantage,fold_3,215560097,6526,D,A,0.2314408717586242,0.2322992461149567,0.5362598821264192
model_b_plus_home_advantage,fold_3,215560098,6597,H,H,0.6844665482928631,0.2238168440325929,0.09171660767454401
model_b_plus_home_advantage,fold_3,215560099,6527,H,H,0.3936441371679939,0.34938503947302374,0.25697082335898236
model_b_plus_home_advantage,fold_3,215560100,6527,D,H,0.5385963707549899,0.25260875862968984,0.20879487061532023
model_b_plus_home_advantage,fold_3,215560101,6527,A,H,0.4442986330535875,0.2561147014617076,0.2995866654847048
model_b_plus_home_advantage,fold_3,215560102,6435,H,D,0.28745926447263576,0.3630420504842014,0.34949868504316295
model_b_plus_home_advantage,fold_3,215560104,6597,D,H,0.5827824887637266,0.201038644814871,0.2161788664214023
model_b_plus_home_advantage,fold_3,215560105,6526,H,H,0.47781305251394796,0.3254873823343964,0.19669956515165568
model_b_plus_home_advantage,fold_3,215560106,6527,D,A,0.3281439613355617,0.24685608608938603,0.4249999525750522
model_b_plus_home_advantage,fold_3,215560109,6435,H,H,0.7352948789126961,0.1892436201168328,0.07546150097047113
model_b_plus_home_advantage,fold_3,215560110,6526,H,H,0.6793120614096793,0.20316258890766067,0.11752534968266011
model_b_plus_home_advantage,fold_3,215560113,6435,H,A,0.09035715217240997,0.17128434418165417,0.7383585036459358
model_b_plus_home_advantage,fold_3,215560114,6526,H,H,0.43373611177976246,0.326743432759688,0.23952045546054956
model_b_plus_home_advantage,fold_3,215560116,6527,H,H,0.6084560946778372,0.22334155331890193,0.16820235200326095
model_b_plus_home_advantage,fold_3,215560119,6597,D,H,0.46179466598574836,0.2251963865504665,0.31300894746378505
model_b_plus_home_advantage,fold_3,215560120,6435,H,H,0.7268980389837987,0.19202741752176258,0.08107454349443872
model_b_plus_home_advantage,fold_3,215560121,6526,D,H,0.6317730368459229,0.2202863688473148,0.14794059430676224
model_b_plus_home_advantage,fold_3,215560123,6527,A,A,0.10311810027566319,0.18302824701315173,0.7138536527111852
model_b_plus_home_advantage,fold_3,215560124,6435,H,H,0.731821498622051,0.21256813616926967,0.05561036520867937
model_b_plus_home_advantage,fold_3,215560125,6597,D,H,0.4898117969122279,0.30972911375335077,0.20045908933442114
model_b_plus_home_advantage,fold_3,215560126,6597,A,H,0.3787196228397955,0.24937006449799687,0.3719103126622077
model_b_plus_home_advantage,fold_3,215560127,6597,A,A,0.31666088161639355,0.2972884942590986,0.3860506241245078
model_b_plus_home_advantage,fold_3,215560128,6597,H,H,0.8882165533512756,0.09539901723756601,0.016384429411158353
model_b_plus_home_advantage,fold_3,215560129,6597,A,H,0.6803803388363837,0.19733985681855257,0.12227980434506365
model_b_plus_home_advantage,fold_3,215560130,6526,H,H,0.4534843225266633,0.29660185737428296,0.24991382009905358
model_b_plus_home_advantage,fold_3,215560131,6526,A,H,0.46101799348991285,0.30604630051243636,0.23293570599765082
model_b_plus_home_advantage,fold_3,215560132,6435,D,H,0.4431349305011452,0.30675401502892763,0.25011105446992726
model_b_plus_home_advantage,fold_3,215560133,6526,A,H,0.4665328293101504,0.31436207270878963,0.21910509798105998
model_b_plus_home_advantage,fold_3,215560134,6527,A,A,0.1484035482923055,0.25481992844991996,0.5967765232577746
model_b_plus_home_advantage,fold_3,215560135,6597,H,A,0.32347642101407004,0.24281499273903337,0.4337085862468965
model_b_plus_home_advantage,fold_3,215560151,6527,H,H,0.6418763684853689,0.23514969085654988,0.1229739406580812
model_b_plus_home_advantage,fold_3,215609590,6435,A,A,0.2990792064364444,0.3466375347387709,0.35428325882478484
model_b_plus_home_advantage,fold_3,219132047,6527,A,A,0.13161043084236645,0.2534370532236648,0.6149525159339688
model_b_plus_home_advantage,fold_3,219132049,6435,D,H,0.5434140779257353,0.23348180833635857,0.22310411373790626
model_b_plus_home_advantage,fold_3,219132053,6597,D,A,0.2952757063094488,0.28853753280539085,0.41618676088516027
model_b_plus_home_advantage,fold_3,219132055,6435,H,H,0.538825429315531,0.2635295907596368,0.1976449799248322
model_b_plus_home_advantage,fold_3,219132057,6597,D,H,0.5489119192086657,0.3016925267754872,0.1493955540158472
model_b_plus_home_advantage,fold_3,219132058,6597,H,H,0.5030752314118108,0.3190165568887327,0.1779082116994565
model_b_plus_home_advantage,fold_3,219132059,6597,A,H,0.45375969348576206,0.299899137839172,0.24634116867506586
model_b_plus_home_advantage,fold_3,219132060,6597,A,A,0.31963944402755085,0.33104115600907336,0.34931939996337585
model_b_plus_home_advantage,fold_3,219132061,6435,H,H,0.38794339609192824,0.30557420236769833,0.30648240154037343
model_b_plus_home_advantage,fold_3,219132066,6597,H,H,0.8806336823342311,0.09396927095117487,0.02539704671459403
model_b_plus_home_advantage,fold_3,219132074,6435,A,A,0.2181960728944451,0.3234310191727412,0.45837290793281354
model_b_plus_home_advantage,fold_3,219132075,6527,H,H,0.4023758412838975,0.23071639240349553,0.366907766312607
model_b_plus_home_advantage,fold_3,219132076,6597,D,A,0.269351939887468,0.2421104267974257,0.48853763331510625
model_b_plus_home_advantage,fold_3,219132078,6527,H,H,0.6803991563782491,0.16183117076355574,0.1577696728581952
model_b_plus_home_advantage,fold_3,219132079,6435,H,H,0.6888636020829143,0.23809082129335898,0.07304557662372668
model_b_plus_home_advantage,fold_3,219541609,6526,A,A,0.11863413422422041,0.17795493285482178,0.7034109329209578
model_b_plus_home_advantage,fold_3,219541611,6435,A,H,0.3494407315420351,0.31158585391744875,0.33897341454051616
model_b_plus_home_advantage,fold_3,219541613,6435,A,A,0.19607948514983667,0.2265489491554825,0.577371565694681
model_b_plus_home_advantage,fold_3,219541614,6435,H,H,0.4925797585023156,0.3456634873549531,0.1617567541427314
model_b_plus_home_advantage,fold_3,219541616,6526,H,H,0.6169848366518591,0.21813942886662227,0.1648757344815186
model_b_plus_home_advantage,fold_3,219541617,6527,H,H,0.5475977729065532,0.2191153043406236,0.23328692275282314
model_b_plus_home_advantage,fold_3,219541619,6527,D,A,0.2559571565998318,0.2764289877844211,0.467613855615747
model_b_plus_home_advantage,fold_3,219541620,6526,A,A,0.1701968566393329,0.3114066648013321,0.5183964785593349
model_b_plus_home_advantage,fold_3,219541621,6526,D,H,0.6669450984180871,0.20358689552202217,0.12946800605989073
model_b_plus_home_advantage,fold_3,219541625,6527,A,A,0.14135643934903055,0.20007407656070725,0.6585694840902623
model_b_plus_home_advantage,fold_3,219541626,6597,D,D,0.3445561827478877,0.41684486382364894,0.23859895342846332
model_b_plus_home_advantage,fold_3,219541627,6527,H,H,0.42829679018139705,0.35217214426374166,0.21953106555486124
model_b_plus_home_advantage,fold_3,219541630,6526,D,D,0.33287002435342705,0.35749940485991916,0.3096305707866538
model_b_plus_home_advantage,fold_3,219541634,6526,H,H,0.6522163938325659,0.24671310379710698,0.10107050237032714
model_b_plus_home_advantage,fold_3,219541635,6526,A,A,0.30170636442630017,0.2545417197036209,0.44375191587007906
model_b_plus_home_advantage,fold_3,219541637,6526,A,A,0.18179383922790995,0.32035218211458716,0.49785397865750275
model_b_plus_home_advantage,fold_3,219541638,6597,H,H,0.4324246439281609,0.3129361259461235,0.2546392301257156
model_b_plus_home_advantage,fold_3,219541639,6526,D,A,0.11907486581803065,0.25632100894495224,0.6246041252370171
model_b_plus_home_advantage,fold_3,219541640,6435,H,H,0.5363260302589653,0.31029236048032505,0.15338160926070965
model_b_plus_home_advantage,fold_3,219541643,6526,H,H,0.36758462083114424,0.3474739661944975,0.2849414129743582
model_b_plus_home_advantage,fold_3,219890281,6435,D,H,0.4305991673695507,0.32421381593889326,0.24518701669155607
model_b_plus_home_advantage,fold_3,219928208,6527,A,A,0.3395020640340365,0.2596704665062847,0.4008274694596788
model_b_plus_home_advantage,fold_3,219928209,6527,A,H,0.7431388703946148,0.185322027730419,0.07153910187496623
model_b_plus_home_advantage,fold_3,219930818,6597,D,H,0.4082366257397322,0.23858029063186267,0.3531830836284052
model_b_plus_home_advantage,fold_3,219930846,6484,H,A,0.3695338394268613,0.17888544325547215,0.45158071731766647
model_b_plus_home_advantage,fold_3,219930851,6435,A,H,0.41164004865434806,0.3250585850697687,0.26330136627588324
model_b_plus_home_advantage,fold_3,219931447,6484,A,A,0.08614370613744228,0.17227900151345574,0.741577292349102
model_b_plus_home_advantage,fold_3,219931477,6435,D,D,0.300595590125072,0.3569326874443658,0.34247172243056223
model_b_plus_home_advantage,fold_3,219931887,6597,A,H,0.5262896666931215,0.22073516495863071,0.25297516834824785
model_b_plus_home_advantage,fold_3,219931888,6597,A,H,0.5299281185673405,0.2580900793734271,0.21198180205923256
model_b_plus_home_advantage,fold_3,219931889,6597,H,A,0.29322312046697174,0.2667762363895758,0.4400006431434525
model_b_plus_home_advantage,fold_3,219931890,6597,A,H,0.5429639583344567,0.2144072333264885,0.2426288083390548
model_b_plus_home_advantage,fold_3,219932119,6484,D,H,0.6286965117479008,0.22063960841406818,0.15066387983803103
model_b_plus_home_advantage,fold_3,219932120,6484,H,H,0.41132208078240395,0.19746076031235205,0.39121715890524406
model_b_plus_home_advantage,fold_3,219932122,6484,H,H,0.4634970050423201,0.20188688146531747,0.3346161134923626
model_b_plus_home_advantage,fold_3,219932123,6484,A,A,0.08895532120223162,0.24633475702733032,0.6647099217704381
model_b_plus_home_advantage,fold_3,219932124,6484,A,H,0.38477760002988415,0.26822952633526587,0.34699287363484993
model_b_plus_home_advantage,fold_3,219932351,6435,D,A,0.14344776623630684,0.22902097497128007,0.627531258792413
model_b_plus_home_advantage,fold_3,219932567,6597,D,A,0.1531004627239599,0.20881649320893156,0.6380830440671086
model_b_plus_home_advantage,fold_3,219932571,6484,A,H,0.6179797277768115,0.23119303595644913,0.1508272362667394
model_b_plus_home_advantage,fold_3,219932584,6435,D,H,0.6354621834798203,0.2185479727016782,0.14598984381850147
model_b_plus_home_advantage,fold_3,219932785,6435,D,H,0.6528089804345091,0.2220263754029491,0.12516464416254175
model_b_plus_home_advantage,fold_3,219933248,6527,A,A,0.09802280078451045,0.1384281821719982,0.7635490170434914
model_b_plus_home_advantage,fold_3,219933251,6527,H,H,0.8006126920787782,0.14065298060284856,0.05873432731837339
model_b_plus_home_advantage,fold_3,219933253,6527,A,A,0.1759160260545605,0.25312609159621335,0.5709578823492261
model_b_plus_home_advantage,fold_3,219933255,6527,A,H,0.5636899464142662,0.2516921419173609,0.184617911668373
model_b_plus_home_advantage,fold_3,219933258,6527,D,H,0.47944731370387766,0.2976549503408578,0.22289773595526452
model_b_plus_home_advantage,fold_3,219933260,6527,A,A,0.27759178756345154,0.2998921066239204,0.42251610581262805
model_b_plus_home_advantage,fold_3,219933261,6527,A,H,0.3632001584724203,0.2998875630649263,0.3369122784626534
model_b_plus_home_advantage,fold_3,219933262,6527,A,A,0.11477432133676449,0.2360082287821411,0.6492174498810944
model_b_plus_home_advantage,fold_3,219933263,6527,H,H,0.5733392049925692,0.2550186413239072,0.1716421536835235
model_b_plus_home_advantage,fold_3,219934235,6435,D,A,0.13726245407860488,0.24269004390475504,0.62004750201664
model_b_plus_home_advantage,fold_3,219934655,6526,D,H,0.611811623649396,0.2396470650682436,0.1485413112823604
model_b_plus_home_advantage,fold_3,219934656,6526,H,H,0.644892633847614,0.2084983714008707,0.1466089947515153
model_b_plus_home_advantage,fold_3,219934657,6526,A,H,0.3695375628523295,0.32446438482691087,0.3059980523207596
model_b_plus_home_advantage,fold_3,219934658,6526,H,H,0.46822050374427737,0.2958712977176119,0.23590819853811063
model_b_plus_home_advantage,fold_3,219934659,6526,H,A,0.3696708390355753,0.23946713916286078,0.39086202180156404
model_b_plus_home_advantage,fold_3,219934661,6526,D,H,0.3886377293685111,0.26289532022517237,0.34846695040631653
model_b_plus_home_advantage,fold_3,219934662,6526,H,H,0.6918444365643053,0.22648600329856183,0.08166956013713274
model_b_plus_home_advantage,fold_3,219934663,6526,D,D,0.3536726246090878,0.3556922970000208,0.2906350783908915
model_b_plus_home_advantage,fold_3,219934664,6484,H,H,0.8394751977195691,0.12138203691481599,0.03914276536561493
model_b_plus_home_advantage,fold_3,219934665,6526,A,A,0.25342124149406137,0.2982993349376189,0.44827942356831973
model_b_plus_home_advantage,fold_3,219934666,6526,H,H,0.5076173366995379,0.23324782855289414,0.259134834747568
model_b_plus_home_advantage,fold_3,219934764,6597,A,H,0.45816274658319445,0.3117493105564326,0.23008794286037293
model_b_plus_home_advantage,fold_3,219934896,6435,A,A,0.15923592031380412,0.34036921548638555,0.5003948641998103
model_b_plus_home_advantage,fold_3,219934960,6597,H,H,0.7855460181152468,0.1433763730877772,0.07107760879697607
model_b_plus_home_advantage,fold_3,219934963,6484,H,H,0.5099986585893844,0.22659352934887012,0.26340781206174546
model_b_plus_home_advantage,fold_3,219934988,6435,H,H,0.3855638295041877,0.3436154705792941,0.27082069991651825
model_b_plus_home_advantage,fold_3,219935017,6597,A,A,0.29013532974300477,0.2798350244954629,0.43002964576153224
model_b_plus_home_advantage,fold_3,219935065,6435,H,H,0.4662208776308063,0.3160554359108384,0.21772368645835524
model_b_plus_home_advantage,fold_3,219935239,6435,H,H,0.7274597016884542,0.19310114989546434,0.07943914841608155
model_b_plus_home_advantage,fold_3,219936004,6597,H,H,0.521310098980028,0.26835110697256076,0.21033879404741115
model_b_plus_home_advantage,fold_3,219936044,6435,H,H,0.4979905480411599,0.2696388939525109,0.2323705580063292
model_b_plus_home_advantage,fold_3,219936048,6484,A,A,0.26186082174143166,0.32017920123047755,0.4179599770280908
model_b_plus_home_advantage,fold_3,219936784,6484,D,A,0.3568947140094326,0.25468908835828624,0.3884161976322812
model_b_plus_home_advantage,fold_3,219936813,6435,A,H,0.5634869573978079,0.29842304284722077,0.13808999975497144
model_b_plus_home_advantage,fold_3,219937207,6597,D,H,0.5331140429215158,0.3073036298037028,0.1595823272747815
model_b_plus_home_advantage,fold_3,219937208,6597,H,H,0.48154485149505283,0.312362505104422,0.2060926434005251
model_b_plus_home_advantage,fold_3,219937209,6597,A,H,0.4624544415464715,0.3339724019982163,0.2035731564553123
model_b_plus_home_advantage,fold_3,219937210,6597,A,A,0.12178611960184636,0.2050919551234154,0.6731219252747382
model_b_plus_home_advantage,fold_3,219937453,6484,A,H,0.7000453184335361,0.17312281857802678,0.12683186298843716
model_b_plus_home_advantage,fold_3,219937454,6484,A,H,0.7512914020538515,0.17964472737092715,0.06906387057522134
model_b_plus_home_advantage,fold_3,219937455,6484,A,H,0.5031677954136331,0.2501341657435103,0.24669803884285665
model_b_plus_home_advantage,fold_3,219937456,6484,A,A,0.18513014173536121,0.2439945770260056,0.5708752812386332
model_b_plus_home_advantage,fold_3,219937458,6484,A,A,0.14618255641457586,0.26014106333331316,0.5936763802521109
model_b_plus_home_advantage,fold_3,219937668,6435,A,H,0.4064080441360876,0.28926539001447055,0.30432656584944195
model_b_plus_home_advantage,fold_3,219937904,6435,A,A,0.2092927910937702,0.2545758612065503,0.5361313476996795
model_b_plus_home_advantage,fold_3,219937906,6597,H,H,0.4446920296132199,0.3060759084996929,0.24923206188708727
model_b_plus_home_advantage,fold_3,219937907,6484,H,A,0.3225487336388132,0.19240329960928343,0.4850479667519035
model_b_plus_home_advantage,fold_3,219938095,6435,A,A,0.10887408889122792,0.21789626193125322,0.6732296491775189
model_b_plus_home_advantage,fold_3,219938595,6527,H,H,0.5129978913436264,0.29249292508432,0.19450918357205366
model_b_plus_home_advantage,fold_3,219938598,6527,A,A,0.1537579403919548,0.25359931690572707,0.5926427427023182
model_b_plus_home_advantage,fold_3,219938600,6527,H,H,0.40601084955604033,0.23452597499080294,0.35946317545315676
model_b_plus_home_advantage,fold_3,219938602,6527,D,A,0.33669778830595054,0.25505040785095,0.40825180384309945
model_b_plus_home_advantage,fold_3,219938604,6527,H,A,0.22119713203095853,0.2828736587711158,0.4959292091979257
model_b_plus_home_advantage,fold_3,219938607,6527,D,A,0.1642045754692255,0.34040868128577445,0.4953867432450001
model_b_plus_home_advantage,fold_3,219938609,6527,H,A,0.0964777543585213,0.17550554660640635,0.7280166990350723
model_b_plus_home_advantage,fold_3,219938610,6527,H,H,0.7298048795255311,0.19155353870087266,0.07864158177359622
model_b_plus_home_advantage,fold_3,219938612,6527,A,A,0.12237303185118485,0.13432292921092764,0.7433040389378874
model_b_plus_home_advantage,fold_3,219939554,6435,H,H,0.8065391582718991,0.15614063075824786,0.03732021096985287
model_b_plus_home_advantage,fold_3,219939917,6526,A,A,0.22293593108613002,0.2637058725819581,0.5133581963319119
model_b_plus_home_advantage,fold_3,219939918,6526,H,A,0.3322932178748087,0.20857290662018932,0.459133875505002
model_b_plus_home_advantage,fold_3,219939919,6526,A,A,0.15073191301770653,0.28268860629991416,0.5665794806823793
model_b_plus_home_advantage,fold_3,219939920,6526,H,A,0.24145226944600662,0.30041967352835175,0.45812805702564147
model_b_plus_home_advantage,fold_3,219939921,6526,H,H,0.6651502966366306,0.22462691352270303,0.11022278984066633
model_b_plus_home_advantage,fold_3,219939922,6526,A,A,0.3256754165649929,0.30486656158254205,0.36945802185246507
model_b_plus_home_advantage,fold_3,219939923,6526,H,A,0.18246930766064148,0.25476239537827877,0.5627682969610797
model_b_plus_home_advantage,fold_3,219939926,6526,H,H,0.734311865951627,0.1742718464329276,0.09141628761544528
model_b_plus_home_advantage,fold_3,219939927,6526,H,A,0.19573187936356706,0.23844252621208817,0.5658255944243448
model_b_plus_home_advantage,fold_3,219939928,6526,D,A,0.11440307957804384,0.22707678273718937,0.6585201376847667
model_b_plus_home_advantage,fold_3,219939929,6484,H,H,0.5288091357474723,0.16683784431055704,0.3043530199419706
model_b_plus_home_advantage,fold_3,219940033,6597,D,H,0.5543763164152997,0.2753676579272952,0.1702560256574051
model_b_plus_home_advantage,fold_3,219940137,6435,H,H,0.7653989903415928,0.1560044160327318,0.07859659362567555
model_b_plus_home_advantage,fold_3,219940197,6597,H,H,0.7707342298408515,0.15372417681762307,0.07554159334152537
model_b_plus_home_advantage,fold_3,219940201,6484,A,A,0.3307654214512737,0.17637558697801511,0.4928589915707112
model_b_plus_home_advantage,fold_3,219940224,6435,A,H,0.4133334275054647,0.2922192100457972,0.294447362448738
model_b_plus_home_advantage,fold_3,219940250,6597,D,A,0.2727759951433878,0.3010940276772201,0.42612997717939216
model_b_plus_home_advantage,fold_3,219940273,6435,H,H,0.5870259263506893,0.27626425381375874,0.13670981983555197
model_b_plus_home_advantage,fold_3,219940427,6435,D,H,0.5681311790823746,0.25546183121948723,0.17640698969813814
model_b_plus_home_advantage,fold_3,219940561,6484,H,H,0.4526159718635232,0.24156020565706818,0.3058238224794086
model_b_plus_home_advantage,fold_3,219940562,6484,A,A,0.26309735507571375,0.2472669802866499,0.4896356646376363
model_b_plus_home_advantage,fold_3,219940563,6484,H,H,0.5496682492765816,0.20740944417337812,0.2429223065500403
model_b_plus_home_advantage,fold_3,219940615,6484,H,H,0.798372102252586,0.14735104067607424,0.05427685707133974
model_b_plus_home_advantage,fold_3,219940831,6484,D,H,0.4617223075268076,0.2951403151971929,0.24313737727599946
model_b_plus_home_advantage,fold_3,219940832,6484,D,A,0.24127311915679006,0.2061097963467983,0.5526170844964117
model_b_plus_home_advantage,fold_3,219940833,6484,A,A,0.2958706770864141,0.26880341959774934,0.43532590331583654
model_b_plus_home_advantage,fold_3,219940834,6484,H,H,0.6787721114333249,0.18804339657417923,0.13318449199249585
model_b_plus_home_advantage,fold_3,219940848,6484,H,H,0.746404436431458,0.12104996273354353,0.13254560083499847
model_b_plus_home_advantage,fold_3,219940958,6484,H,H,0.5583076837053632,0.25181842607442,0.18987389022021678
model_b_plus_home_advantage,fold_3,219941294,6597,A,A,0.1375300115249666,0.1646745520791433,0.69779543639589
model_b_plus_home_advantage,fold_3,219942784,6597,A,H,0.4620753891425562,0.3171242850637375,0.2208003257937062
model_b_plus_home_advantage,fold_3,219942785,6597,A,H,0.36086425678103756,0.31341938590661167,0.3257163573123509
model_b_plus_home_advantage,fold_3,219942786,6597,A,D,0.318960154986589,0.34886055010844114,0.33217929490496984
model_b_plus_home_advantage,fold_3,219942787,6597,A,H,0.42328325257709576,0.2815744213382104,0.2951423260846938
model_b_plus_home_advantage,fold_3,219942788,6597,A,A,0.33870061566716986,0.2279334305249901,0.43336595380784
model_b_plus_home_advantage,fold_3,219943424,6597,A,A,0.3623935486482753,0.1828432894327338,0.4547631619189908
model_b_plus_home_advantage,fold_3,219943888,6435,H,H,0.7784948086389062,0.15072211199244992,0.07078307936864389
model_b_plus_home_advantage,fold_3,219943891,6435,H,A,0.21889175810397682,0.2267182523472945,0.5543899895487286
model_b_plus_home_advantage,fold_3,219943894,6435,D,H,0.4877688050540155,0.28640040045194154,0.22583079449404295
model_b_plus_home_advantage,fold_3,219943897,6435,D,H,0.49253289151426627,0.265499720122746,0.24196738836298765
model_b_plus_home_advantage,fold_3,219943900,6435,H,A,0.32907092789338754,0.23618533853525298,0.4347437335713594
model_b_plus_home_advantage,fold_3,219943902,6435,D,D,0.3344493156179824,0.35152952746454824,0.3140211569174693
model_b_plus_home_advantage,fold_3,219943905,6435,H,A,0.255744042715245,0.3380448191994524,0.4062111380853027
model_b_plus_home_advantage,fold_3,219943906,6527,H,H,0.6144452386798654,0.22004817974646407,0.16550658157367037
model_b_plus_home_advantage,fold_3,219943908,6435,D,A,0.1732698555787115,0.3814932631647918,0.44523688125649663
model_b_plus_home_advantage,fold_3,219943909,6527,H,H,0.7378428817015572,0.16419242197393671,0.09796469632450604
model_b_plus_home_advantage,fold_3,219943911,6435,D,D,0.3434607105634342,0.34938255377286714,0.30715673566369867
model_b_plus_home_advantage,fold_3,219943912,6527,H,H,0.38512222631791665,0.27232367950611713,0.34255409417596616
model_b_plus_home_advantage,fold_3,219943914,6435,H,H,0.5992846490950634,0.27983939852080914,0.1208759523841275
model_b_plus_home_advantage,fold_3,219943915,6527,A,A,0.18080435215866292,0.25002269924830695,0.56917294859303
model_b_plus_home_advantage,fold_3,219943917,6527,A,A,0.088601842362955,0.2615231727822402,0.6498749848548048
model_b_plus_home_advantage,fold_3,219943919,6527,A,H,0.6638089096120302,0.2271126329519722,0.10907845743599755
model_b_plus_home_advantage,fold_3,219943920,6527,A,A,0.33874063381076397,0.3201823045442645,0.3410770616449715
model_b_plus_home_advantage,fold_3,219943921,6527,H,H,0.7344071972965736,0.1702491396194486,0.09534366308397785
model_b_plus_home_advantage,fold_3,219943922,6527,A,A,0.23070900702796668,0.25833857927960147,0.5109524136924318
model_b_plus_home_advantage,fold_3,219945233,6526,D,H,0.7682319578393231,0.16896045860233788,0.06280758355833908
model_b_plus_home_advantage,fold_3,219945234,6526,H,H,0.6700662671147715,0.2313253250246398,0.0986084078605888
model_b_plus_home_advantage,fold_3,219945235,6526,H,H,0.5579771926525485,0.28213036567098454,0.15989244167646688
model_b_plus_home_advantage,fold_3,219945236,6526,D,H,0.5992302695988191,0.18947568369530554,0.21129404670587543
model_b_plus_home_advantage,fold_3,219945238,6526,H,H,0.7310809956027943,0.21298980836746068,0.05592919602974504
model_b_plus_home_advantage,fold_3,219945239,6526,A,H,0.458678145052362,0.2351947160759275,0.3061271388717106
model_b_plus_home_advantage,fold_3,219945240,6526,A,A,0.27947304571623804,0.3565438740910523,0.36398308019270964
model_b_plus_home_advantage,fold_3,219945241,6526,D,A,0.33133122201250825,0.19382514881524698,0.4748436291722448
model_b_plus_home_advantage,fold_3,219945242,6526,H,H,0.5460916463962742,0.24826138355058908,0.20564697005313679
model_b_plus_home_advantage,fold_3,219945243,6526,H,H,0.4473779796649718,0.3224712252897275,0.23015079504530075
model_b_plus_home_advantage,fold_3,219945320,6597,A,H,0.6241566323203334,0.22684689228530677,0.14899647539435995
model_b_plus_home_advantage,fold_3,219945442,6597,D,H,0.377135978661386,0.3287761800469443,0.29408784129166965
model_b_plus_home_advantage,fold_3,221820325,6526,H,A,0.19203422834929448,0.22780133449357823,0.5801644371571273
model_b_plus_home_advantage,fold_3,222894475,6597,A,H,0.7965630273433886,0.14896636723291296,0.05447060542369849
model_b_plus_home_advantage,fold_3,222894478,6597,A,H,0.8559960633420249,0.11957655367202996,0.02442738298594497
model_b_plus_home_advantage,fold_3,222894481,6597,A,H,0.5301204632612658,0.26600288123906796,0.2038766554996662
model_b_plus_home_advantage,fold_3,222894483,6597,A,H,0.6449289703806075,0.20644219441015388,0.14862883520923859
model_b_plus_home_advantage,fold_3,222894486,6597,D,H,0.5113290686135086,0.2850196974115665,0.20365123397492488
model_b_plus_home_advantage,fold_3,222894491,6597,D,H,0.4202070836401798,0.306883294284539,0.27290962207528124
model_b_plus_home_advantage,fold_3,222894492,6597,D,H,0.5799701191927342,0.2579417615907336,0.16208811921653218
model_b_plus_home_advantage,fold_3,222894493,6597,A,H,0.3925254082591332,0.3413357447566392,0.2661388469842275
model_b_plus_home_advantage,fold_3,222894494,6597,D,A,0.20821128135238698,0.2917905187726177,0.4999981998749954
model_b_plus_home_advantage,fold_3,222895147,6484,H,A,0.27524204743826175,0.23038169739571213,0.4943762551660262
model_b_plus_home_advantage,fold_3,222896232,6484,H,H,0.47161056673850577,0.23907230392060674,0.2893171293408874
model_b_plus_home_advantage,fold_3,222896236,6484,H,H,0.7337482992545842,0.16072683888239803,0.1055248618630178
model_b_plus_home_advantage,fold_3,222896239,6484,H,H,0.9069909158524287,0.0700165754347895,0.022992508712781714
model_b_plus_home_advantage,fold_3,222896559,6484,A,H,0.45925855633600365,0.22474586991273776,0.3159955737512586
model_b_plus_home_advantage,fold_3,222896746,6484,D,H,0.36117360167580664,0.2985863021874566,0.34024009613673684
model_b_plus_home_advantage,fold_3,223349905,6435,D,H,0.7530542580384662,0.15494382392071374,0.09200191804082004
model_b_plus_home_advantage,fold_3,223349908,6435,H,H,0.8216877338219446,0.12674964015181459,0.051562626026240704
model_b_plus_home_advantage,fold_3,223349911,6435,H,H,0.609400285571467,0.24405379810909353,0.14654591631943958
model_b_plus_home_advantage,fold_3,223349914,6435,H,H,0.5847170589220341,0.29473724694671233,0.12054569413125354
model_b_plus_home_advantage,fold_3,223349917,6435,A,A,0.3065077813617455,0.33653720428575834,0.3569550143524961
model_b_plus_home_advantage,fold_3,223349920,6435,H,H,0.5932177610820258,0.29140890207014997,0.11537333684782411
model_b_plus_home_advantage,fold_3,223349921,6527,D,H,0.4376925133428232,0.29035529635846724,0.27195219029870954
model_b_plus_home_advantage,fold_3,223349923,6435,H,A,0.3036667305363546,0.30201182674276267,0.39432144272088276
model_b_plus_home_advantage,fold_3,223349924,6527,A,A,0.2587964941181702,0.31575167961145606,0.4254518262703738
model_b_plus_home_advantage,fold_3,223349926,6435,D,H,0.3979217745491569,0.2859067528038404,0.3161714726470026
model_b_plus_home_advantage,fold_3,223349927,6527,A,D,0.29113300394725894,0.37483600510982445,0.33403099094291666
model_b_plus_home_advantage,fold_3,223349929,6435,H,A,0.35295921627054166,0.23399747960298958,0.4130433041264688
model_b_plus_home_advantage,fold_3,223349930,6527,D,A,0.3085235945943212,0.19932345708043447,0.4921529483252443
model_b_plus_home_advantage,fold_3,223349932,6435,H,H,0.7131329946255915,0.19391013609763771,0.09295686927677069
model_b_plus_home_advantage,fold_3,223349933,6527,A,H,0.5429861905069205,0.2197720477570131,0.2372417617360663
model_b_plus_home_advantage,fold_3,223349935,6527,H,H,0.5889850714956195,0.2012174994820793,0.20979742902230122
model_b_plus_home_advantage,fold_3,223349936,6527,H,H,0.7165200296021621,0.19589683405886446,0.08758313633897342
model_b_plus_home_advantage,fold_3,223349937,6527,A,A,0.12627276892964193,0.16659697946108934,0.7071302516092687
model_b_plus_home_advantage,fold_3,223349938,6527,A,H,0.6307919475141667,0.17647169325358683,0.19273635923224658
model_b_plus_home_advantage,fold_3,223351463,6526,D,A,0.31694841531820805,0.30907803775222015,0.37397354692957185
model_b_plus_home_advantage,fold_3,223351465,6526,D,H,0.6327789219408402,0.25941683569282326,0.1078042423663366
model_b_plus_home_advantage,fold_3,223351466,6526,A,A,0.15765584155016055,0.32657549209978487,0.5157686663500546
model_b_plus_home_advantage,fold_3,223351468,6526,A,A,0.136272581293029,0.2208923209352386,0.6428350977717324
model_b_plus_home_advantage,fold_3,223351470,6526,H,H,0.8102434435833623,0.1445689988573516,0.04518755755928613
model_b_plus_home_advantage,fold_3,223351474,6526,A,H,0.4642821610602908,0.2529569456819144,0.28276089325779485
model_b_plus_home_advantage,fold_3,223351477,6526,D,H,0.5557670523339511,0.2817683302317962,0.16246461743425267
model_b_plus_home_advantage,fold_3,223351479,6526,A,A,0.19278411239443818,0.24934152039438087,0.5578743672111809
model_b_plus_home_advantage,fold_3,223351482,6526,H,H,0.5197022436954104,0.2345859981211038,0.24571175818348573
model_b_plus_home_advantage,fold_3,223351483,6526,D,H,0.41024321791894897,0.29499149801460217,0.29476528406644875
model_b_plus_home_advantage,fold_3,223351601,6484,H,H,0.8103560051284261,0.13190173099891542,0.0577422638726586
model_b_plus_home_advantage,fold_3,223351605,6484,D,H,0.37029797282797045,0.26245549847696437,0.3672465286950652
model_b_plus_home_advantage,fold_3,223351891,6484,D,A,0.22958425133375068,0.21122399973058884,0.5591917489356605
model_b_plus_home_advantage,fold_3,223497353,6484,D,A,0.14332531579994573,0.1552995434753493,0.7013751407247049
model_b_plus_home_advantage,fold_3,223733820,6484,A,A,0.2888331633313677,0.22253366880669084,0.4886331678619415
model_b_plus_home_advantage,fold_3,226039502,6597,H,H,0.4630426718088805,0.266433810060863,0.27052351813025644
model_b_plus_home_advantage,fold_3,226508121,6597,A,H,0.40834124106629716,0.320150229051359,0.2715085298823439
model_b_plus_home_advantage,fold_3,226508122,6597,H,H,0.37400135389253986,0.3208825145368272,0.305116131570633
model_b_plus_home_advantage,fold_3,226508123,6597,D,H,0.48781170143839553,0.2959635666409161,0.2162247319206884
model_b_plus_home_advantage,fold_3,226508124,6597,D,A,0.07254486376835166,0.1338423633977587,0.7936127728338896
model_b_plus_home_advantage,fold_3,226508551,6484,D,H,0.5159765135400707,0.2783555577817217,0.20566792867820757
model_b_plus_home_advantage,fold_3,226508559,6484,A,A,0.21870811863357953,0.24759257440897114,0.5336993069574494
model_b_plus_home_advantage,fold_3,226508566,6484,D,H,0.5488923767353555,0.2421928252263228,0.20891479803832166
model_b_plus_home_advantage,fold_3,226508572,6484,H,H,0.4861513472884919,0.22328569176287247,0.2905629609486357
model_b_plus_home_advantage,fold_3,226508578,6484,A,A,0.17166747200333274,0.3297329887878823,0.49859953920878486
model_b_plus_home_advantage,fold_3,226508907,6597,H,H,0.41172578987052993,0.26203865507735086,0.3262355550521193
model_b_plus_home_advantage,fold_3,226508915,6484,A,H,0.6641948312439883,0.18303886094204042,0.1527663078139713
model_b_plus_home_advantage,fold_3,226509687,6484,H,H,0.46694482288998207,0.2102488524657102,0.3228063246443077
model_b_plus_home_advantage,fold_3,226509689,6484,H,H,0.474409409947665,0.23775896343297387,0.2878316266193611
model_b_plus_home_advantage,fold_3,226816577,6527,H,H,0.5588603474833997,0.2147930164357186,0.2263466360808817
model_b_plus_home_advantage,fold_3,226816580,6527,D,H,0.5292403407693392,0.2502963082655052,0.2204633509651556
model_b_plus_home_advantage,fold_3,226816585,6527,D,H,0.6491525757521276,0.20436053730035902,0.14648688694751344
model_b_plus_home_advantage,fold_3,226816587,6527,H,H,0.6105014360590941,0.2524088894340527,0.13708967450685314
model_b_plus_home_advantage,fold_3,226816589,6527,H,H,0.4188161624366891,0.24363582346678103,0.33754801409652985
model_b_plus_home_advantage,fold_3,226816590,6527,H,A,0.28673072560363966,0.28506145776605013,0.42820781663031027
model_b_plus_home_advantage,fold_3,226816591,6527,H,A,0.2024920279750518,0.2831152610860396,0.5143927109389086
model_b_plus_home_advantage,fold_3,226816592,6527,A,A,0.11082446889388593,0.1722242827547723,0.7169512483513417
model_b_plus_home_advantage,fold_3,226816630,6435,A,A,0.25602685081869614,0.25517313503407413,0.4888000141472296
model_b_plus_home_advantage,fold_3,226816632,6435,D,H,0.43632167157688156,0.29983602560674344,0.263842302816375
model_b_plus_home_advantage,fold_3,226816633,6435,D,H,0.6409272508540652,0.2072845414172946,0.1517882077286402
model_b_plus_home_advantage,fold_3,226816634,6435,A,A,0.2862304078364053,0.2588959210377577,0.4548736711258369
model_b_plus_home_advantage,fold_3,226816636,6435,A,A,0.20011610508575092,0.3415208060670248,0.4583630888472244
model_b_plus_home_advantage,fold_3,226816638,6435,A,A,0.1520590642183417,0.3460070887767394,0.5019338470049189
model_b_plus_home_advantage,fold_3,226816639,6435,A,H,0.3414441221248027,0.3354012455441173,0.32315463233108005
model_b_plus_home_advantage,fold_3,226816640,6435,A,A,0.3464079890590663,0.22545568968477203,0.42813632125616174
model_b_plus_home_advantage,fold_3,226816642,6435,D,D,0.3232463794211069,0.3732849229033832,0.30346869767550994
model_b_plus_home_advantage,fold_3,226816644,6435,H,H,0.4712356909059354,0.33923841403925403,0.18952589505481057
model_b_plus_home_advantage,fold_3,226818015,6526,A,H,0.4713321485930746,0.1893860333865435,0.339281818020382
model_b_plus_home_advantage,fold_3,226818018,6526,H,H,0.4094297575366348,0.31700032139969936,0.2735699210636658
model_b_plus_home_advantage,fold_3,226818021,6526,H,A,0.28351355039654025,0.2872891501548381,0.42919729944862156
model_b_plus_home_advantage,fold_3,226818025,6526,H,H,0.4469124381729302,0.28522862929237564,0.26785893253469417
model_b_plus_home_advantage,fold_3,226818030,6526,H,H,0.4762175689139338,0.2921509836176687,0.23163144746839753
model_b_plus_home_advantage,fold_3,226818035,6526,D,D,0.19891953642959412,0.4042640919137093,0.3968163716566966
model_b_plus_home_advantage,fold_3,226818038,6526,H,H,0.6701230720156746,0.2213684243716239,0.10850850361270149
model_b_plus_home_advantage,fold_3,226818040,6526,H,H,0.5909195710277334,0.21246611454564127,0.19661431442662525
model_b_plus_home_advantage,fold_3,226818043,6526,A,H,0.5529959541435525,0.30212618022275717,0.14487786563369034
model_b_plus_home_advantage,fold_3,226818047,6526,D,A,0.1410376219746461,0.21966806237309824,0.6392943156522557
model_b_plus_home_advantage,fold_3,226818197,6597,A,A,0.353831832446476,0.23401816701045053,0.41215000054307355
model_b_plus_home_advantage,fold_3,226818386,6597,H,H,0.5493642792339458,0.2785353986773477,0.1721003220887065
model_b_plus_home_advantage,fold_3,226818434,6597,A,A,0.24840287583499499,0.21383206481140163,0.5377650593536033
model_b_plus_home_advantage,fold_3,226818449,6484,A,A,0.1983305290329655,0.2670151762236055,0.534654294743429
model_b_plus_home_advantage,fold_3,232741773,6597,H,H,0.6515877545263088,0.26188126400401424,0.08653098146967701
model_b_plus_home_advantage,fold_3,233101677,6597,H,H,0.8673118789493653,0.10359366457962722,0.029094456471007477
model_b_plus_home_advantage,fold_3,233101678,6597,D,H,0.41253146232440785,0.32388268352356125,0.26358585415203095
model_b_plus_home_advantage,fold_3,233101679,6597,A,H,0.5934114166070029,0.24996424494210087,0.15662433845089618
model_b_plus_home_advantage,fold_3,233101680,6597,H,H,0.49082860869583433,0.2735254598230182,0.23564593148114743
model_b_plus_home_advantage,fold_3,233101681,6597,A,H,0.36807378231005844,0.3159615203080733,0.3159646973818683
model_b_plus_home_advantage,fold_3,233102413,6597,H,H,0.5436658630385875,0.2322603733056099,0.22407376365580253
model_b_plus_home_advantage,fold_3,233404663,6526,D,H,0.6486384513638094,0.21940499596771526,0.13195655266847547
model_b_plus_home_advantage,fold_3,233404664,6526,A,A,0.1013877416704734,0.21615851157630608,0.6824537467532206
model_b_plus_home_advantage,fold_3,233404668,6526,H,H,0.5893838630804976,0.26710792306856623,0.1435082138509362
model_b_plus_home_advantage,fold_3,233404672,6526,A,A,0.1527592065781693,0.255483144145215,0.5917576492766157
model_b_plus_home_advantage,fold_3,233466963,6527,A,A,0.19886959198545293,0.2436555528056902,0.5574748552088568
model_b_plus_home_advantage,fold_3,233466965,6527,H,H,0.6252115962015313,0.2496713989693915,0.1251170048290772
model_b_plus_home_advantage,fold_3,233466967,6527,H,A,0.33259878640821083,0.2893647448627729,0.37803646872901625
model_b_plus_home_advantage,fold_3,233466969,6527,H,A,0.3319319505982226,0.26054258983388223,0.4075254595678952
model_b_plus_home_advantage,fold_3,233466971,6527,A,H,0.4359471374197241,0.23906946195882783,0.32498340062144804
model_b_plus_home_advantage,fold_3,233466975,6527,A,A,0.031206449549490128,0.11242883590601355,0.8563647145444965
model_b_plus_home_advantage,fold_3,233466978,6527,H,A,0.12457320934202872,0.18765150176964854,0.6877752888883228
model_b_plus_home_advantage,fold_3,233466981,6527,H,H,0.5377574489499873,0.20790546276887567,0.254337088281137
model_b_plus_home_advantage,fold_3,233466984,6527,H,H,0.5513848381137038,0.20889413802929704,0.23972102385699923
model_b_plus_home_advantage,fold_3,233467020,6435,D,H,0.7759118060046167,0.14358504761164267,0.08050314638374063
model_b_plus_home_advantage,fold_3,233467024,6435,H,H,0.830357038494123,0.1217852244261403,0.04785773707973662
model_b_plus_home_advantage,fold_3,233467028,6435,H,H,0.4431455713148932,0.33991825421089344,0.2169361744742134
model_b_plus_home_advantage,fold_3,233467032,6435,D,H,0.5409609844270764,0.30258450647060287,0.15645450910232064
model_b_plus_home_advantage,fold_3,233467036,6435,A,A,0.3404239532841308,0.2870498185147939,0.3725262282010753
model_b_plus_home_advantage,fold_3,233467039,6435,H,H,0.5822381746806544,0.30612856814291983,0.11163325717642576
model_b_plus_home_advantage,fold_3,233467042,6435,A,A,0.2773215741173857,0.31860010814005024,0.4040783177425641
model_b_plus_home_advantage,fold_3,233467044,6435,D,A,0.24388369906839288,0.24833372123307196,0.5077825796985352
model_b_plus_home_advantage,fold_3,233467045,6435,H,H,0.38886525040463576,0.3439393226121264,0.2671954269832378
model_b_plus_home_advantage,fold_3,233467046,6435,H,H,0.8135934063596135,0.15022851713628235,0.03617807650410417
model_b_plus_home_advantage,fold_3,233467692,6526,H,H,0.5803006440385028,0.2474608070188183,0.17223854894267887
model_b_plus_home_advantage,fold_3,233468178,6526,H,A,0.24817519202119817,0.25457971965416265,0.4972450883246391
model_b_plus_home_advantage,fold_3,233468440,6597,A,H,0.47885125736290934,0.2824085333873026,0.2387402092497881
model_b_plus_home_advantage,fold_3,233468616,6597,H,H,0.5394778761660939,0.2473828135852266,0.2131393102486796
model_b_plus_home_advantage,fold_3,233468624,6526,H,H,0.6146989772310686,0.25929537079598375,0.1260056519729476
model_b_plus_home_advantage,fold_3,233468675,6526,H,H,0.4563788234712772,0.26238814317322345,0.28123303335549943
model_b_plus_home_advantage,fold_3,233917285,6526,D,D,0.3223923141355579,0.34767143075610685,0.3299362551083353
model_b_plus_home_advantage,fold_3,233917309,6526,D,H,0.6116455718838754,0.2494948885055126,0.13885953961061195
model_b_plus_home_advantage,fold_3,234744846,6484,A,H,0.7639710244900689,0.1355468191334946,0.10048215637643651
model_b_plus_home_advantage,fold_3,234744847,6484,H,H,0.553558387016911,0.2258832792462832,0.22055833373680583
model_b_plus_home_advantage,fold_3,234744848,6484,A,H,0.5385088469597092,0.228214242899465,0.2332769101408258
model_b_plus_home_advantage,fold_3,234744849,6484,H,H,0.4252487937402944,0.3332312753883906,0.24151993087131501
model_b_plus_home_advantage,fold_3,234744852,6484,H,H,0.46790522527853073,0.24459714990606532,0.2874976248154039
model_b_plus_home_advantage,fold_3,235450239,6484,H,H,0.8040321801261374,0.14589922954985005,0.05006859032401264
model_b_plus_home_advantage,fold_3,235450240,6484,H,H,0.5056141522439237,0.24649508149090665,0.2478907662651697
model_b_plus_home_advantage,fold_3,235450241,6484,D,A,0.09703457058779519,0.23917194141647138,0.6637934879957335
model_b_plus_home_advantage,fold_3,235450245,6484,H,H,0.732467576796316,0.15649230365689473,0.11104011954678927
model_b_plus_home_advantage,fold_3,235829102,6484,H,H,0.6020653118468733,0.17974745269419085,0.21818723545893587
model_b_plus_home_advantage,fold_3,236552956,6597,H,H,0.5156118478279429,0.26739528795439094,0.2169928642176663
model_b_plus_home_advantage,fold_3,236552958,6597,A,A,0.17200422020942052,0.23207183857796154,0.5959239412126179
model_b_plus_home_advantage,fold_3,236552961,6597,H,A,0.3346067025774609,0.23884969485071136,0.4265436025718278
model_b_plus_home_advantage,fold_3,236552965,6597,A,A,0.2755314864050512,0.3151831793038153,0.4092853342911335
model_b_plus_home_advantage,fold_3,236552968,6597,A,A,0.08588528553611555,0.13834104684186851,0.7757736676220159
model_b_plus_home_advantage,fold_3,236552971,6597,D,H,0.6445393007325921,0.25517804510139097,0.100282654166017
model_b_plus_home_advantage,fold_3,236552974,6597,H,H,0.47659698337498907,0.24318561794598087,0.28021739867903006
model_b_plus_home_advantage,fold_3,236552977,6597,A,H,0.433327526380151,0.23617758402709346,0.3304948895927555
model_b_plus_home_advantage,fold_3,236552981,6597,D,H,0.3905006802098335,0.2966927211580991,0.31280659863206745
model_b_plus_home_advantage,fold_3,236553576,6484,D,A,0.2625178935466711,0.16633475612269605,0.5711473503306328
model_b_plus_home_advantage,fold_3,236554184,6484,D,A,0.2525223152548033,0.22605349843667866,0.5214241863085181
model_b_plus_home_advantage,fold_3,236554724,6484,H,H,0.396556007932276,0.24580679311838843,0.3576371989493355
model_b_plus_home_advantage,fold_3,236554725,6484,A,A,0.2682900706062165,0.3413779664273242,0.3903319629664592
model_b_plus_home_advantage,fold_3,236555141,6484,H,H,0.48065323618089617,0.23445863311125656,0.2848881307078472
model_b_plus_home_advantage,fold_3,236946950,6527,H,H,0.6007142897109928,0.2180096302911437,0.18127607999786344
model_b_plus_home_advantage,fold_3,236946952,6527,A,H,0.586805232805973,0.23844023326099015,0.17475453393303683
model_b_plus_home_advantage,fold_3,236946954,6527,H,A,0.2664428169788697,0.1941255870854076,0.5394315959357227
model_b_plus_home_advantage,fold_3,236946956,6527,A,A,0.2632655887553672,0.3541344825673082,0.38259992867732456
model_b_plus_home_advantage,fold_3,236946958,6527,H,A,0.36332685075664434,0.2501142871066562,0.3865588621366995
model_b_plus_home_advantage,fold_3,236946960,6527,H,H,0.640268399320848,0.2395660533943654,0.12016554728478654
model_b_plus_home_advantage,fold_3,236946962,6527,H,H,0.887054946181354,0.085198598134079,0.027746455684566955
model_b_plus_home_advantage,fold_3,236946965,6527,A,A,0.26933966880957977,0.28427806950310347,0.44638226168731665
model_b_plus_home_advantage,fold_3,236946968,6527,A,H,0.4263200288444721,0.28639587328499116,0.28728409787053677
model_b_plus_home_advantage,fold_3,236947006,6435,D,H,0.7251202943809669,0.17973564093118843,0.09514406468784467
model_b_plus_home_advantage,fold_3,236947009,6435,A,H,0.7595813925515499,0.16897283566794463,0.07144577178050542
model_b_plus_home_advantage,fold_3,236947013,6435,A,H,0.39123930345744284,0.3053409519286732,0.30341974461388393
model_b_plus_home_advantage,fold_3,236947016,6435,D,A,0.3334031452101059,0.317183988034134,0.34941286675576
model_b_plus_home_advantage,fold_3,236947018,6435,D,H,0.35872299229721377,0.2831156031663062,0.35816140453648
model_b_plus_home_advantage,fold_3,236947020,6435,A,H,0.461899486716226,0.2529468691298755,0.2851536441538985
model_b_plus_home_advantage,fold_3,236947021,6435,A,H,0.3738804118755878,0.30822211554636747,0.31789747257804474
model_b_plus_home_advantage,fold_3,236947022,6435,A,A,0.1864685455741508,0.34353424213725525,0.46999721228859404
model_b_plus_home_advantage,fold_3,236947023,6435,A,H,0.3604546213878836,0.3512532499181503,0.28829212869396614
model_b_plus_home_advantage,fold_3,236947024,6435,A,H,0.6909569687641545,0.21282491504967285,0.0962181161861726
model_b_plus_home_advantage,fold_3,236947926,6484,H,H,0.7415380168244621,0.16899744573288175,0.08946453744265624
model_b_plus_home_advantage,fold_3,236948244,6526,A,H,0.5332130624765072,0.21844667216720084,0.2483402653562919
model_b_plus_home_advantage,fold_3,236948247,6526,D,H,0.45509697209701355,0.27268203954272385,0.27222098836026265
model_b_plus_home_advantage,fold_3,236948250,6526,D,D,0.24828797985518875,0.3821598158695917,0.36955220427521956
model_b_plus_home_advantage,fold_3,236948253,6526,H,H,0.37594771722748843,0.2910131193997552,0.33303916337275646
model_b_plus_home_advantage,fold_3,236948255,6526,D,H,0.41773949067157445,0.33876946790449664,0.24349104142392888
model_b_plus_home_advantage,fold_3,236948257,6526,D,H,0.5065218019027758,0.24261734658381728,0.2508608515134069
model_b_plus_home_advantage,fold_3,236948260,6526,A,A,0.12912374902641155,0.32377369621953955,0.5471025547540489
model_b_plus_home_advantage,fold_3,236948261,6526,D,A,0.22401433554561462,0.23617491054432266,0.5398107539100627
model_b_plus_home_advantage,fold_3,236948264,6526,D,H,0.46962193915408174,0.2396969105425868,0.2906811503033315
model_b_plus_home_advantage,fold_3,236948266,6526,D,H,0.4603973839000574,0.3424514100641692,0.19715120603577352
model_b_plus_home_advantage,fold_3,236948407,6484,D,A,0.24173807944492667,0.22501604359003735,0.533245876965036
model_b_plus_home_advantage,fold_3,236948415,6484,H,A,0.23977754829071501,0.1778344500777307,0.5823880016315545
model_b_plus_home_advantage,fold_3,236948774,6484,D,A,0.29252414743040583,0.19341286019099138,0.5140629923786028
model_b_plus_home_advantage,fold_3,237402908,6484,A,A,0.1835365211801707,0.21822068888567467,0.5982427899341547
model_b_plus_home_advantage,fold_3,240012388,6597,A,H,0.49818001951552593,0.25269595643190285,0.24912402405257114
model_b_plus_home_advantage,fold_3,243450198,6527,A,H,0.37817669448532715,0.3173290818496303,0.3044942236650424
model_b_plus_home_advantage,fold_3,244303680,6526,A,A,0.3045205862415421,0.24955022768372181,0.44592918607473625
model_b_plus_home_advantage,fold_3,244304317,6484,H,H,0.5329797320139005,0.24763863675547235,0.21938163123062726
model_b_plus_home_advantage,fold_3,244304581,6526,H,H,0.49542325227242734,0.28246757163574404,0.2221091760918285
model_b_plus_home_advantage,fold_3,244304867,6597,D,H,0.633407358833282,0.26469008375679554,0.10190255740992249
model_b_plus_home_advantage,fold_3,244304868,6597,H,H,0.41919719638006725,0.2194071598410312,0.3613956437789016
model_b_plus_home_advantage,fold_3,244304869,6597,A,H,0.45946454740702497,0.26724852586490444,0.2732869267280707
model_b_plus_home_advantage,fold_3,244304870,6597,A,H,0.4393610039862335,0.31040020636851545,0.2502387896452509
model_b_plus_home_advantage,fold_3,244304871,6597,A,A,0.2751138741964418,0.3470608388597485,0.37782528694380973
model_b_plus_home_advantage,fold_3,244304969,6484,D,H,0.7343156489270088,0.19436369818389024,0.07132065288910082
model_b_plus_home_advantage,fold_3,244304970,6484,A,H,0.5458492470452465,0.2146644688124964,0.23948628414225717
model_b_plus_home_advantage,fold_3,244304971,6484,A,A,0.1774029682950551,0.2871979210769117,0.5353991106280332
model_b_plus_home_advantage,fold_3,244305744,6526,H,H,0.666914997634556,0.2357812765332258,0.09730372583221816
model_b_plus_home_advantage,fold_3,244305890,6484,D,H,0.6887787327611292,0.18278441661101222,0.1284368506278586
model_b_plus_home_advantage,fold_3,244305891,6597,D,H,0.7152416317387482,0.2033744627063063,0.08138390555494551
model_b_plus_home_advantage,fold_3,244306058,6526,H,H,0.6190039619378199,0.2548563207713921,0.1261397172907879
model_b_plus_home_advantage,fold_3,244306626,6435,H,H,0.6547728913032582,0.18207491032196613,0.16315219837477568
model_b_plus_home_advantage,fold_3,244306627,6435,H,H,0.732234843558052,0.21187981779568632,0.05588533864626174
model_b_plus_home_advantage,fold_3,244306628,6435,A,H,0.4603576581173346,0.29843991748271653,0.24120242439994877
model_b_plus_home_advantage,fold_3,244306629,6435,A,H,0.6317971149234898,0.22675124042840084,0.14145164464810947
model_b_plus_home_advantage,fold_3,244306630,6435,A,A,0.20398549461903737,0.2766308861900738,0.5193836191908888
model_b_plus_home_advantage,fold_3,244306631,6435,A,A,0.050755831051829854,0.16082312610130026,0.7884210428468699
model_b_plus_home_advantage,fold_3,244306632,6435,H,H,0.49731856677558,0.22723662905179354,0.2754448041726264
model_b_plus_home_advantage,fold_3,244306633,6435,A,H,0.42673218306785227,0.35716635054265483,0.2161014663894928
model_b_plus_home_advantage,fold_3,244306634,6435,H,D,0.35456373768148747,0.35804817791322696,0.28738808440528557
model_b_plus_home_advantage,fold_3,244306635,6435,A,H,0.5511870215038858,0.32539668128388394,0.12341629721223021
model_b_plus_home_advantage,fold_3,244306644,6527,A,A,0.3686740065595925,0.21965163281690211,0.4116743606235054
model_b_plus_home_advantage,fold_3,244306645,6527,A,A,0.2204185920929768,0.27744723205270094,0.5021341758543223
model_b_plus_home_advantage,fold_3,244306646,6527,A,H,0.39591006418254054,0.2664539735777843,0.3376359622396752
model_b_plus_home_advantage,fold_3,244306647,6527,D,A,0.05304796577540489,0.14607020335493326,0.8008818308696619
model_b_plus_home_advantage,fold_3,244306648,6527,D,A,0.2611299910501733,0.29395333033769455,0.44491667861213235
model_b_plus_home_advantage,fold_3,244306649,6527,D,A,0.1401180306326452,0.2719820459553129,0.5878999234120419
model_b_plus_home_advantage,fold_3,244306650,6527,H,D,0.34761949848268764,0.36677055760023314,0.28560994391707917
model_b_plus_home_advantage,fold_3,244306651,6527,A,H,0.5628840909495201,0.26322256178047887,0.17389334727000105
model_b_plus_home_advantage,fold_3,244306652,6527,H,H,0.4242715688231572,0.19492945223001176,0.380798978946831
model_b_plus_home_advantage,fold_3,244307407,6526,H,H,0.3937223920539198,0.2842884740827531,0.32198913386332706
model_b_plus_home_advantage,fold_3,244307726,6484,D,H,0.7668449022191167,0.1399248476787924,0.09323025010209081
model_b_plus_home_advantage,fold_3,244307727,6484,H,H,0.737084301609616,0.19445503804126202,0.06846066034912199
model_b_plus_home_advantage,fold_3,244307728,6484,H,A,0.30836646980642596,0.24343355725469287,0.4481999729388812
model_b_plus_home_advantage,fold_3,244307732,6526,D,H,0.46282233005923895,0.34148937115932526,0.19568829878143568
model_b_plus_home_advantage,fold_3,244307733,6526,D,A,0.27873657101129146,0.3404254499002687,0.3808379790884398
model_b_plus_home_advantage,fold_3,244308290,6597,A,H,0.42852860590101594,0.34433548937393266,0.22713590472505138
model_b_plus_home_advantage,fold_3,244308591,6484,H,H,0.4865221540471514,0.2604647302133864,0.25301311573946206
model_b_plus_home_advantage,fold_3,244308592,6597,H,H,0.6076476803245305,0.2619846565271104,0.1303676631483591
model_b_plus_home_advantage,fold_3,244308604,6526,H,H,0.47662060097431047,0.2985713091750488,0.22480808985064069
model_b_plus_home_advantage,fold_3,244308690,6526,D,H,0.3746181649849087,0.30375388313102286,0.32162795188406845
model_b_plus_home_advantage,fold_3,244308852,6526,H,H,0.692654858071137,0.222347933064206,0.08499720886465698
model_b_plus_home_advantage,fold_3,244308853,6484,H,H,0.5434394827171433,0.19278609804832994,0.2637744192345268
model_b_plus_home_advantage,fold_3,244576869,6527,H,H,0.582028410019868,0.21329427417821067,0.20467731580192122
model_b_plus_home_advantage,fold_3,250518519,6435,D,H,0.5148285251822429,0.30930614485213004,0.1758653299656271
model_b_plus_home_advantage,fold_3,250518520,6435,H,H,0.5215695325985825,0.3481210563447241,0.13030941105669339
model_b_plus_home_advantage,fold_3,250518521,6435,H,H,0.4248739003526999,0.28472629635755786,0.29039980328974224
model_b_plus_home_advantage,fold_3,250518522,6435,H,H,0.7833136974035658,0.17139586951242933,0.04529043308400485
model_b_plus_home_advantage,fold_3,250518523,6435,H,H,0.7296524114907806,0.192783399475485,0.07756418903373441
model_b_plus_home_advantage,fold_3,250518524,6435,A,H,0.3930309071043516,0.31497908197943897,0.29199001091620946
model_b_plus_home_advantage,fold_3,250518525,6435,A,A,0.2775971402031645,0.2913608879624668,0.43104197183436865
model_b_plus_home_advantage,fold_3,250518526,6435,H,H,0.6791005725952677,0.21047050451574967,0.11042892288898265
model_b_plus_home_advantage,fold_3,250518527,6435,D,H,0.469804190713125,0.2814402254630202,0.24875558382385482
model_b_plus_home_advantage,fold_3,250518528,6435,H,H,0.4901079566105788,0.26883183074365175,0.24106021264576954
model_b_plus_home_advantage,fold_3,250518529,6435,H,H,0.5677575869294083,0.2839433567979407,0.1482990562726511
model_b_plus_home_advantage,fold_3,250518530,6435,H,H,0.4479178903848323,0.2836139982916662,0.26846811132350135
model_b_plus_home_advantage,fold_3,250518531,6435,H,H,0.3891544094783815,0.2963622931233498,0.31448329739826875
model_b_plus_home_advantage,fold_3,250518532,6435,H,H,0.7874193847441142,0.16360235478988652,0.0489782604659992
model_b_plus_home_advantage,fold_3,250518533,6435,A,A,0.2746112848155087,0.27046642269894566,0.45492229248554555
model_b_plus_home_advantage,fold_3,250518534,6435,D,H,0.526439489702993,0.27300243665525914,0.2005580736417478
model_b_plus_home_advantage,fold_3,250518535,6435,D,H,0.5808966261729209,0.2521735885903656,0.16692978523671342
model_b_plus_home_advantage,fold_3,250518536,6435,A,A,0.24227199720231604,0.3241843609411113,0.43354364185657274
model_b_plus_home_advantage,fold_3,250518537,6435,A,A,0.2567989993548792,0.3425393929630061,0.40066160768211473
model_b_plus_home_advantage,fold_3,250518538,6435,H,A,0.23787409084236846,0.31912353204073807,0.4430023771168934
model_b_plus_home_advantage,fold_3,250518539,6435,H,H,0.6359897945362392,0.25202874255181673,0.11198146291194416
model_b_plus_home_advantage,fold_3,250518540,6435,D,H,0.6678445031007533,0.21622311480328474,0.11593238209596204
model_b_plus_home_advantage,fold_3,250518541,6435,H,H,0.5766742048493726,0.2747164012512448,0.1486093938993826
model_b_plus_home_advantage,fold_3,250518542,6435,A,A,0.1651412759227817,0.278400576572368,0.5564581475048505
model_b_plus_home_advantage,fold_3,250518543,6435,H,H,0.3973195470314348,0.30250196527211537,0.30017848769644995
model_b_plus_home_advantage,fold_3,250518544,6435,H,H,0.4569575927227588,0.325976433779447,0.2170659734977943
model_b_plus_home_advantage,fold_3,250518545,6435,A,D,0.3228508213678673,0.404813652672302,0.2723355259598306
model_b_plus_home_advantage,fold_3,250518546,6435,H,H,0.5054437303603458,0.2711874373580678,0.22336883228158633
model_b_plus_home_advantage,fold_3,250518547,6435,D,H,0.4050579509495283,0.28940861027626236,0.30553343877420946
model_b_plus_home_advantage,fold_3,250518548,6435,H,H,0.40572871240720426,0.30572431726172666,0.2885469703310691
model_b_plus_home_advantage,fold_3,250518549,6435,A,A,0.3442523237014515,0.2947528403538669,0.3609948359446816
model_b_plus_home_advantage,fold_3,250518550,6435,A,A,0.2873336058345735,0.29846703604200725,0.41419935812341924
model_b_plus_home_advantage,fold_3,250518551,6435,A,A,0.30503133868443594,0.3258590635015263,0.36910959781403774
model_b_plus_home_advantage,fold_3,250518552,6435,D,H,0.37493387277255863,0.28530401978662095,0.33976210744082047
model_b_plus_home_advantage,fold_3,250518553,6435,A,A,0.24677750377825458,0.35565957884576266,0.39756291737598276
model_b_plus_home_advantage,fold_3,250518554,6435,H,H,0.7031166072529976,0.21508676283285916,0.08179662991414328
model_b_plus_home_advantage,fold_3,250518555,6435,H,H,0.5541774348833428,0.2809039751762705,0.16491858994038663
model_b_plus_home_advantage,fold_3,250518556,6435,H,H,0.45686401422434825,0.3146711007667274,0.2284648850089244
model_b_plus_home_advantage,fold_3,250518557,6435,H,H,0.35631882085704636,0.30076676213616543,0.3429144170067882
model_b_plus_home_advantage,fold_3,250518558,6435,A,A,0.22491544769869096,0.23479845969252705,0.5402860926087821
model_b_plus_home_advantage,fold_3,250518559,6435,H,H,0.530819129164084,0.2702707534858987,0.19891011735001735
model_b_plus_home_advantage,fold_3,250518560,6435,A,A,0.17455621259467569,0.21502840014522226,0.610415387260102
model_b_plus_home_advantage,fold_3,250518561,6435,D,H,0.5430938223957124,0.3015495160205866,0.15535666158370107
model_b_plus_home_advantage,fold_3,250518562,6435,H,H,0.7272001549996197,0.18438195162201976,0.08841789337836056
model_b_plus_home_advantage,fold_3,250518563,6435,A,H,0.5220004681635789,0.27286384805632025,0.20513568378010089
model_b_plus_home_advantage,fold_3,250518564,6435,A,H,0.3818586845246549,0.3099570938943485,0.3081842215809966
model_b_plus_home_advantage,fold_3,250518565,6435,D,H,0.647537414901023,0.21961257769426354,0.13285000740471334
model_b_plus_home_advantage,fold_3,250518566,6435,H,H,0.5090093278592502,0.29460127532454633,0.19638939681620343
model_b_plus_home_advantage,fold_3,250518567,6435,D,H,0.37862631643491323,0.26236326964764056,0.3590104139174462
model_b_plus_home_advantage,fold_3,250518568,6435,H,H,0.6010984430595984,0.2803070659665048,0.11859449097389675
model_b_plus_home_advantage,fold_3,250518569,6435,A,A,0.3355054545189619,0.2739331374214753,0.3905614080595628
model_b_plus_home_advantage,fold_3,250518570,6435,D,H,0.6003246160894519,0.23635614394931354,0.16331923996123457
model_b_plus_home_advantage,fold_3,250518571,6435,H,H,0.4184974981506758,0.3313087799635656,0.25019372188575867
model_b_plus_home_advantage,fold_3,250518572,6435,A,A,0.20489835181718946,0.39398789093216857,0.40111375725064197
model_b_plus_home_advantage,fold_3,250518573,6435,A,A,0.06370886108850365,0.15351723760867594,0.7827739013028205
model_b_plus_home_advantage,fold_3,250518574,6435,H,H,0.5491337908093159,0.2450638862880528,0.20580232290263123
model_b_plus_home_advantage,fold_3,250518575,6435,A,A,0.23936460702770615,0.28075775293573685,0.4798776400365571
model_b_plus_home_advantage,fold_3,250518576,6435,H,H,0.7333832288152091,0.1720207969445087,0.09459597424028215
model_b_plus_home_advantage,fold_3,250518577,6435,H,A,0.2501010729436544,0.2951947944868228,0.45470413256952275
model_b_plus_home_advantage,fold_3,250518578,6435,D,H,0.4944301944497098,0.30733118981422636,0.19823861573606394
model_b_plus_home_advantage,fold_3,250518579,6435,D,H,0.5808866194678737,0.25360193137166964,0.1655114491604567
model_b_plus_home_advantage,fold_3,250518580,6435,H,H,0.3874921321119355,0.3356310225616033,0.2768768453264611
model_b_plus_home_advantage,fold_3,250518581,6435,H,H,0.5397801505190337,0.28180943141737674,0.17841041806358957
model_b_plus_home_advantage,fold_3,250518582,6435,D,A,0.26180113215627066,0.2924527516763648,0.4457461161673646
model_b_plus_home_advantage,fold_3,250518583,6435,A,H,0.7067641191037655,0.21061450608884125,0.08262137480739332
model_b_plus_home_advantage,fold_3,250518584,6435,A,A,0.0345483699639985,0.15466769121604831,0.8107839388199531
model_b_plus_home_advantage,fold_3,250518585,6435,H,H,0.6679437149865182,0.19311702099349382,0.138939264019988
model_b_plus_home_advantage,fold_3,250518586,6435,H,H,0.5005172108062186,0.2755343075930049,0.22394848160077657
model_b_plus_home_advantage,fold_3,250518587,6435,H,A,0.25771639396208756,0.31183016436580224,0.4304534416721103
model_b_plus_home_advantage,fold_3,250518588,6435,A,H,0.4177746864559904,0.32404860494009335,0.2581767086039163
model_b_plus_home_advantage,fold_3,256864051,6527,D,A,0.14517048839634825,0.26127384475114984,0.5935556668525019
model_b_plus_home_advantage,fold_3,256864052,6527,H,H,0.8424279786585385,0.11516284864384865,0.042409172697612955
model_b_plus_home_advantage,fold_3,256864053,6527,D,A,0.26788646219199175,0.33821594246705355,0.39389759534095475
model_b_plus_home_advantage,fold_3,256864054,6527,A,H,0.5090248825504806,0.24113700751519945,0.24983810993431987
model_b_plus_home_advantage,fold_3,256864055,6527,H,H,0.5390967773623535,0.30300221225834345,0.15790101037930304
model_b_plus_home_advantage,fold_3,256864056,6527,H,H,0.4130027567526634,0.27553175287082166,0.311465490376515
model_b_plus_home_advantage,fold_3,256864057,6527,D,H,0.4331383035801103,0.2791405280085861,0.2877211684113036
model_b_plus_home_advantage,fold_3,256864058,6527,H,H,0.647732166972449,0.23588518041443582,0.11638265261311519
model_b_plus_home_advantage,fold_3,256864059,6527,H,H,0.604702824257309,0.2706804621795855,0.12461671356310548
model_b_plus_home_advantage,fold_3,256864060,6527,D,H,0.4803401459230463,0.28515299731005267,0.23450685676690117
model_b_plus_home_advantage,fold_3,256864061,6527,A,H,0.5484085139041871,0.24856563720088823,0.20302584889492464
model_b_plus_home_advantage,fold_3,256864062,6527,H,A,0.3900385004596697,0.2070730926277598,0.40288840691257055
model_b_plus_home_advantage,fold_3,256864063,6527,H,H,0.5051846715220553,0.258681900626987,0.23613342785095784
model_b_plus_home_advantage,fold_3,256864064,6527,H,H,0.8182840736739196,0.11376375028478022,0.06795217604130013
model_b_plus_home_advantage,fold_3,256864065,6527,H,A,0.24997270408441,0.2792538156432094,0.4707734802723806
model_b_plus_home_advantage,fold_3,256864066,6527,H,H,0.47419740530174226,0.30061021366028795,0.22519238103796968
model_b_plus_home_advantage,fold_3,256864067,6527,A,H,0.5186545149538921,0.2369558271300666,0.24438965791604117
model_b_plus_home_advantage,fold_3,256864068,6527,H,A,0.06643749159919746,0.17424971915156026,0.7593127892492424
model_b_plus_home_advantage,fold_3,256864069,6527,H,H,0.7278495186018429,0.18155125614028028,0.09059922525787675
model_b_plus_home_advantage,fold_3,256864070,6527,D,A,0.22000296318895438,0.2648446717049922,0.5151523651060533
model_b_plus_home_advantage,fold_3,256864071,6527,H,A,0.2921184115681285,0.2657311080676602,0.4421504803642113
model_b_plus_home_advantage,fold_3,256864072,6527,A,H,0.41033651849942365,0.3052093954450611,0.28445408605551525
model_b_plus_home_advantage,fold_3,256864073,6527,H,H,0.5690454076282092,0.22772246862154616,0.20323212375024466
model_b_plus_home_advantage,fold_3,256864074,6527,D,H,0.630386282871093,0.1946267801262527,0.17498693700265425
model_b_plus_home_advantage,fold_3,256864075,6527,H,A,0.14270651559943215,0.23593020365502496,0.6213632807455429
model_b_plus_home_advantage,fold_3,256864076,6527,H,H,0.5723140822935778,0.25152081554393974,0.17616510216248243
model_b_plus_home_advantage,fold_3,256864077,6527,H,H,0.37624224966057335,0.2891446467641156,0.3346131035753111
model_b_plus_home_advantage,fold_3,256864078,6527,A,H,0.45093852768734405,0.3042654765771991,0.24479599573545674
model_b_plus_home_advantage,fold_3,256864079,6527,A,H,0.6965261335987639,0.1453969788532668,0.15807688754796928
model_b_plus_home_advantage,fold_3,256864080,6527,A,H,0.441327430144534,0.26071070247560973,0.29796186737985625
model_b_plus_home_advantage,fold_3,256864081,6527,A,A,0.10957253884487882,0.20995957420459993,0.6804678869505213
model_b_plus_home_advantage,fold_3,256864082,6527,H,A,0.246954929672833,0.25998841729909417,0.4930566530280729
model_b_plus_home_advantage,fold_3,256864083,6527,A,A,0.12250560624532254,0.22064002421180898,0.6568543695428685
model_b_plus_home_advantage,fold_3,256864084,6527,H,H,0.5044949232725155,0.24085094533944748,0.2546541313880369
model_b_plus_home_advantage,fold_3,256864085,6527,A,A,0.028223492520659307,0.10286157472355605,0.8689149327557846
model_b_plus_home_advantage,fold_3,256864086,6527,A,H,0.45049769114035854,0.30953808191807203,0.23996422694156946
model_b_plus_home_advantage,fold_3,256864087,6527,D,A,0.34979040198731776,0.21662776774249576,0.43358183027018654
model_b_plus_home_advantage,fold_3,256864088,6527,A,A,0.1835744827840947,0.24210566888589113,0.5743198483300143
model_b_plus_home_advantage,fold_3,256864089,6527,H,H,0.661793408233252,0.22464723961328828,0.11355935215345986
model_b_plus_home_advantage,fold_3,256864090,6527,H,H,0.5358904708950435,0.1846123538582677,0.2794971752466888
model_b_plus_home_advantage,fold_3,256864091,6527,A,A,0.16486112977087478,0.24996943970925997,0.5851694305198653
model_b_plus_home_advantage,fold_3,256864092,6527,H,H,0.5724104898306344,0.21734374283153218,0.21024576733783346
model_b_plus_home_advantage,fold_3,256864093,6527,H,A,0.23202987194020727,0.25993616958874427,0.5080339584710485
model_b_plus_home_advantage,fold_3,256864094,6527,H,H,0.7629226711398868,0.18182712759730496,0.05525020126280839
model_b_plus_home_advantage,fold_3,256864399,6526,D,H,0.36628408859414036,0.2798443065421026,0.35387160486375707
model_b_plus_home_advantage,fold_3,256864400,6526,A,A,0.24968786454257363,0.24996439905392223,0.5003477364035042
model_b_plus_home_advantage,fold_3,256864401,6526,H,A,0.18268710043317551,0.2214205222384625,0.595892377328362
model_b_plus_home_advantage,fold_3,256864402,6526,H,H,0.5710209829787696,0.26692722528664203,0.16205179173458842
model_b_plus_home_advantage,fold_3,256864403,6526,A,A,0.12407654186180923,0.23508468052123407,0.6408387776169566
model_b_plus_home_advantage,fold_3,256864404,6526,D,H,0.6820935251998416,0.22292397980913184,0.0949824949910266
model_b_plus_home_advantage,fold_3,256864405,6526,H,H,0.5568781295043388,0.26376969302321235,0.17935217747244883
model_b_plus_home_advantage,fold_3,256864406,6526,A,H,0.5793578027897128,0.24987702957490626,0.17076516763538088
model_b_plus_home_advantage,fold_3,256864407,6526,H,H,0.7279783923265888,0.1937735734425338,0.07824803423087738
model_b_plus_home_advantage,fold_3,256864408,6526,H,H,0.7656648180894624,0.16987138968762974,0.06446379222290784
model_b_plus_home_advantage,fold_3,256864409,6526,D,A,0.21167224932915724,0.2514668175875624,0.5368609330832804
model_b_plus_home_advantage,fold_3,256864410,6526,A,H,0.5669311294720505,0.2909293563811877,0.1421395141467618
model_b_plus_home_advantage,fold_3,256864411,6526,D,H,0.4643705662595871,0.24467554885059645,0.2909538848898164
model_b_plus_home_advantage,fold_3,256864412,6526,A,A,0.27674609068777833,0.26194585976836915,0.46130804954385246
model_b_plus_home_advantage,fold_3,256864413,6526,A,A,0.2341029622780709,0.2591169534473702,0.5067800842745589
model_b_plus_home_advantage,fold_3,256864414,6526,H,A,0.3462065086064341,0.24740263337810592,0.40639085801545993
model_b_plus_home_advantage,fold_3,256864415,6526,H,H,0.39747211643760944,0.37528864696561703,0.22723923659677353
model_b_plus_home_advantage,fold_3,256864416,6526,A,H,0.48534943688209675,0.22291131891936353,0.2917392441985398
model_b_plus_home_advantage,fold_3,256864417,6526,H,H,0.399637895127567,0.2727172736347805,0.3276448312376524
model_b_plus_home_advantage,fold_3,256864418,6526,A,A,0.37128978406515895,0.2325226572695479,0.3961875586652931
model_b_plus_home_advantage,fold_3,256864419,6526,A,H,0.5674294142893134,0.3266567941750789,0.10591379153560773
model_b_plus_home_advantage,fold_3,256864420,6526,H,H,0.6748121037741479,0.21342713134548127,0.1117607648803707
model_b_plus_home_advantage,fold_3,256864421,6526,A,H,0.3909011324209076,0.22910741763311662,0.37999144994597567
model_b_plus_home_advantage,fold_3,256864422,6526,A,A,0.18800991112611082,0.2709268022627605,0.5410632866111288
model_b_plus_home_advantage,fold_3,256864423,6526,D,H,0.6785435362627414,0.22093694156457086,0.10051952217268778
model_b_plus_home_advantage,fold_3,256864424,6526,D,H,0.610601555801408,0.29069369511897997,0.09870474907961212
model_b_plus_home_advantage,fold_3,256864425,6526,A,A,0.31364745793069826,0.2915152860780797,0.3948372559912221
model_b_plus_home_advantage,fold_3,256864426,6526,H,A,0.24044069890392128,0.26028203428512137,0.49927726681095747
model_b_plus_home_advantage,fold_3,256864427,6526,D,A,0.18408416832034785,0.31005651471594586,0.5058593169637062
model_b_plus_home_advantage,fold_3,256864428,6526,H,H,0.4321909997626396,0.2613144227969838,0.30649457744037667
model_b_plus_home_advantage,fold_3,256864429,6526,A,H,0.5958848198657704,0.25976889325149116,0.14434628688273843
model_b_plus_home_advantage,fold_3,256864430,6526,D,A,0.14267830722443453,0.29515009062627423,0.5621716021492913
model_b_plus_home_advantage,fold_3,256864431,6526,A,A,0.1877280211345284,0.22645436324916643,0.5858176156163052
model_b_plus_home_advantage,fold_3,256864432,6526,A,A,0.20780363319752845,0.208275879718924,0.5839204870835475
model_b_plus_home_advantage,fold_3,256864433,6526,A,A,0.2186648792896111,0.33144730943360157,0.44988781127678734
model_b_plus_home_advantage,fold_3,256864434,6526,H,A,0.3475409876914416,0.2585258926506863,0.39393311965787214
model_b_plus_home_advantage,fold_3,256864435,6526,H,H,0.6498472241011934,0.23564478842820075,0.11450798747060585
model_b_plus_home_advantage,fold_3,256864436,6526,H,H,0.4834790665925088,0.3304728705164478,0.1860480628910435
model_b_plus_home_advantage,fold_3,256864437,6526,A,A,0.1873835140431216,0.23831429600638743,0.574302189950491
model_b_plus_home_advantage,fold_3,256864438,6526,H,A,0.34888039355749717,0.27476660297016176,0.3763530034723411
model_b_plus_home_advantage,fold_3,256864439,6526,D,H,0.37274168704486166,0.27430090639023286,0.3529574065649055
model_b_plus_home_advantage,fold_3,256864440,6526,H,H,0.615727177320933,0.2586596612288331,0.12561316145023385
model_b_plus_home_advantage,fold_3,256864441,6526,H,H,0.537907524654503,0.3068751614567808,0.15521731388871615
model_b_plus_home_advantage,fold_3,256864442,6526,H,A,0.3148081409361174,0.24421230515618975,0.4409795539076929
model_b_plus_home_advantage,fold_3,256864443,6526,H,H,0.5014319665713718,0.24159255432404605,0.25697547910458207
model_b_plus_home_advantage,fold_3,256864444,6526,H,A,0.3728620552762419,0.22449660573672844,0.4026413389870297
model_b_plus_home_advantage,fold_3,256864445,6526,D,D,0.32928438278834754,0.37775853765040246,0.29295707956124994
model_b_plus_home_advantage,fold_3,256864446,6526,A,A,0.1721347092105529,0.2504528600381155,0.5774124307513316
model_b_plus_home_advantage,fold_3,256864447,6526,A,A,0.19117209309854402,0.3129404586315627,0.4958874482698932
model_b_plus_home_advantage,fold_3,256864448,6526,A,A,0.14314575677025473,0.26982769726995004,0.5870265459597953
model_b_plus_home_advantage,fold_3,256864449,6526,H,H,0.6856880330838867,0.22166889921650532,0.09264306769960792
model_b_plus_home_advantage,fold_3,256864450,6526,A,D,0.32439248627803774,0.37187382053856277,0.3037336931833996
model_b_plus_home_advantage,fold_3,256864451,6526,A,H,0.3692836384393898,0.358441088004091,0.27227527355651915
model_b_plus_home_advantage,fold_3,256864452,6526,D,H,0.45758525449196397,0.320725797735659,0.2216889477723769
model_b_plus_home_advantage,fold_3,256864453,6526,H,D,0.2927338042091141,0.3653946564367357,0.34187153935415027
model_b_plus_home_advantage,fold_3,256864454,6526,A,A,0.11562265947688552,0.2927455955758184,0.591631744947296
model_b_plus_home_advantage,fold_3,256864455,6526,A,A,0.295580168857481,0.3250089754935197,0.37941085564899935
model_b_plus_home_advantage,fold_3,256864456,6526,A,D,0.30444497361435496,0.3704422190282221,0.325112807357423
model_b_plus_home_advantage,fold_3,256864457,6526,D,D,0.3256965015436,0.3477040294239198,0.32659946903248016
model_b_plus_home_advantage,fold_3,256864458,6526,A,A,0.23496033874921132,0.3180768537178111,0.4469628075329777
model_b_plus_home_advantage,fold_3,262683378,6484,A,A,0.13184634406401718,0.22382209966756386,0.644331556268419
model_b_plus_home_advantage,fold_3,262683379,6484,D,H,0.3941329628618863,0.24998717462679237,0.3558798625113213
model_b_plus_home_advantage,fold_3,262683380,6484,A,H,0.4512126206173303,0.26612454356858517,0.28266283581408447
model_b_plus_home_advantage,fold_3,262683381,6484,D,A,0.29170548754647757,0.22995001028817952,0.47834450216534286
model_b_plus_home_advantage,fold_3,262683382,6484,D,H,0.680638331281529,0.21612979154339193,0.10323187717507916
model_b_plus_home_advantage,fold_3,262683383,6484,H,H,0.5746486676948698,0.2545982280485392,0.17075310425659096
model_b_plus_home_advantage,fold_3,262683384,6484,H,H,0.7031502262442364,0.19075395417991287,0.10609581957585078
model_b_plus_home_advantage,fold_3,262683385,6484,H,H,0.3819377722979704,0.3241949513946301,0.29386727630739956
model_b_plus_home_advantage,fold_3,262683386,6484,A,A,0.06898591049355378,0.1443894592642381,0.7866246302422082
model_b_plus_home_advantage,fold_3,262683387,6484,H,A,0.3089124547177303,0.20076215060042912,0.49032539468184055
model_b_plus_home_advantage,fold_3,262683388,6484,A,A,0.2829247309518378,0.21858576404835972,0.4984895049998026
model_b_plus_home_advantage,fold_3,262683389,6484,D,H,0.7202323295093713,0.18348219250200423,0.09628547798862444
model_b_plus_home_advantage,fold_3,262683390,6484,A,H,0.48527711920661276,0.2778593402953431,0.2368635404980441
model_b_plus_home_advantage,fold_3,262683391,6484,A,A,0.24157240480086395,0.2724560026731583,0.48597159252597777
model_b_plus_home_advantage,fold_3,262683392,6484,A,H,0.45872724802550124,0.21071304154321688,0.3305597104312819
model_b_plus_home_advantage,fold_3,262683393,6484,H,A,0.2051042547319777,0.20876340353552097,0.5861323417325014
model_b_plus_home_advantage,fold_3,262683394,6484,H,H,0.5815959445400349,0.2633390410530258,0.1550650144069392
model_b_plus_home_advantage,fold_3,262683395,6484,H,H,0.5902876565564814,0.16641712286687663,0.243295220576642
model_b_plus_home_advantage,fold_3,262683396,6484,D,H,0.41167854455412733,0.27945906853500857,0.30886238691086404
model_b_plus_home_advantage,fold_3,262683397,6484,A,A,0.2377982607703643,0.2885271047766456,0.4736746344529901
model_b_plus_home_advantage,fold_3,262683398,6484,H,H,0.6218756564782414,0.17613577518412263,0.20198856833763607
model_b_plus_home_advantage,fold_3,262683399,6484,D,H,0.6963153414036816,0.15228657888738112,0.15139807970893737
model_b_plus_home_advantage,fold_3,262683400,6484,H,H,0.48774567532728313,0.2122859509432678,0.299968373729449
model_b_plus_home_advantage,fold_3,262683401,6484,D,H,0.5582640104939773,0.20763813764052116,0.23409785186550147
model_b_plus_home_advantage,fold_3,262683402,6484,H,A,0.3470181021826853,0.23890279696022723,0.4140791008570874
model_b_plus_home_advantage,fold_3,262683403,6484,A,A,0.3410908524990112,0.2812235090211732,0.37768563847981546
model_b_plus_home_advantage,fold_3,262683404,6484,H,H,0.688456684974118,0.1509551140094149,0.1605882010164671
model_b_plus_home_advantage,fold_3,262683405,6484,H,H,0.4847960709202144,0.27202493190704025,0.2431789971727453
model_b_plus_home_advantage,fold_3,262683406,6484,A,A,0.25099454532473914,0.2871561858927325,0.46184926878252835
model_b_plus_home_advantage,fold_3,262683407,6484,H,H,0.6900751243202597,0.1963494712373107,0.11357540444242951
model_b_plus_home_advantage,fold_3,262683408,6484,A,A,0.31081667135319146,0.283536430603421,0.4056468980433876
model_b_plus_home_advantage,fold_3,262683409,6484,D,H,0.6332637758296856,0.1959903398537464,0.17074588431656795
model_b_plus_home_advantage,fold_3,262683410,6484,H,H,0.4318645714614544,0.2986353334000523,0.2695000951384934
model_b_plus_home_advantage,fold_3,262683411,6484,H,H,0.5018346632906768,0.19891566422111967,0.2992496724882036
model_b_plus_home_advantage,fold_3,262683412,6484,D,H,0.4780850601114955,0.24613632618254477,0.2757786137059598
model_b_plus_home_advantage,fold_3,262683413,6484,H,H,0.3641877852099753,0.3561185470131125,0.27969366777691224
model_b_plus_home_advantage,fold_3,262683414,6484,A,H,0.5783534924738128,0.22214478526462456,0.19950172226156265
model_b_plus_home_advantage,fold_3,262683415,6484,H,A,0.3826410315830505,0.22928386925458796,0.3880750991623615
model_b_plus_home_advantage,fold_3,262683416,6484,H,H,0.6479737121506304,0.25352664700391286,0.09849964084545663
model_b_plus_home_advantage,fold_3,262683417,6484,A,H,0.5732776875437571,0.17876938132356973,0.2479529311326732
model_b_plus_home_advantage,fold_3,262683418,6484,A,A,0.3566777165337311,0.24185582428544933,0.4014664591808197
model_b_plus_home_advantage,fold_3,262683419,6484,A,A,0.2887087325157738,0.2733469625429317,0.43794430494129444
model_b_plus_home_advantage,fold_3,262683420,6484,H,H,0.5647725916832168,0.20513212746397674,0.23009528085280645
model_b_plus_home_advantage,fold_3,262683421,6484,A,A,0.31833539199140726,0.20825815688817456,0.4734064511204182
model_b_plus_home_advantage,fold_3,262683422,6484,D,H,0.5266661619416099,0.19029622219768022,0.2830376158607099
model_b_plus_home_advantage,fold_3,262683423,6484,H,H,0.40097033672405447,0.24080009019920334,0.35822957307674225
model_b_plus_home_advantage,fold_3,262683424,6484,D,A,0.3533146715552287,0.2614405789142475,0.3852447495305238
model_b_plus_home_advantage,fold_3,262683425,6484,A,A,0.12177349666854603,0.1936433232123011,0.684583180119153
model_b_plus_home_advantage,fold_3,262683426,6484,A,H,0.5147127241128782,0.21654038988439764,0.2687468860027243
model_b_plus_home_advantage,fold_3,262683427,6484,A,A,0.32583244548389206,0.2291825104357763,0.4449850440803316
model_b_plus_home_advantage,fold_3,262683428,6484,A,H,0.4134173595272409,0.28552043192604937,0.3010622085467098
model_b_plus_home_advantage,fold_3,262683429,6484,H,H,0.7441941208808555,0.18723987854936833,0.06856600056977612
model_b_plus_home_advantage,fold_3,262683430,6484,D,A,0.06313320697395933,0.21215343340343165,0.724713359622609
model_b_plus_home_advantage,fold_3,262683431,6484,A,H,0.476637862687103,0.24450893322010808,0.27885320409278885
model_b_plus_home_advantage,fold_3,262683432,6484,H,A,0.32714637727777424,0.20473914719728079,0.46811447552494495
model_b_plus_home_advantage,fold_3,262683433,6484,H,H,0.6338587314760684,0.20694570136262924,0.15919556716130234
model_b_plus_home_advantage,fold_3,262683434,6484,A,H,0.6264437439951296,0.18919271443453764,0.18436354157033277
model_b_plus_home_advantage,fold_3,262683435,6484,H,A,0.2944736116982604,0.21946859147114164,0.4860577968305981
model_b_plus_home_advantage,fold_3,262683436,6484,D,H,0.6140970909661038,0.22788883972556867,0.15801406930832754
model_b_plus_home_advantage,fold_3,262683437,6484,A,A,0.06056361952449867,0.16512381770998258,0.7743125627655189
model_b_plus_home_advantage,fold_3,263274543,6597,D,H,0.4835878949313721,0.2321039250528979,0.28430818001572994
model_b_plus_home_advantage,fold_3,263274544,6597,H,H,0.4804561629844851,0.3010334007068956,0.2185104363086193
model_b_plus_home_advantage,fold_3,263274545,6597,H,H,0.48294475631116596,0.31532046635442434,0.20173477733440967
model_b_plus_home_advantage,fold_3,263274546,6597,D,H,0.6672198325340452,0.23369308679319287,0.09908708067276205
model_b_plus_home_advantage,fold_3,263274561,6597,D,H,0.4516157660195274,0.27445945737784705,0.27392477660262565
model_b_plus_home_advantage,fold_3,263274562,6597,A,A,0.07067410460705936,0.11240136292991704,0.8169245324630234
model_b_plus_home_advantage,fold_3,263882437,6597,D,A,0.3071759265051929,0.2873110271370692,0.4055130463577379
model_b_plus_home_advantage,fold_3,263882445,6597,D,A,0.23087423624537962,0.22795336991386322,0.5411723938407571
model_b_plus_home_advantage,fold_3,263882449,6597,H,H,0.6475033595648071,0.1872692257417832,0.1652274146934098
model_b_plus_home_advantage,fold_3,267675950,6597,A,H,0.5477732809371585,0.29043937564747474,0.1617873434153668
model_b_plus_home_advantage,fold_3,268189308,6597,H,A,0.34211547685813654,0.3064113341451099,0.3514731889967536
model_b_plus_home_advantage,fold_3,268189312,6597,H,H,0.8266830857939524,0.1096593944407444,0.06365751976530316
model_b_plus_home_advantage,fold_3,268189324,6597,H,H,0.5315227862107853,0.24536683672048548,0.2231103770687292
model_b_plus_home_advantage,fold_3,268189325,6597,A,A,0.28515505204448954,0.27398441108281235,0.44086053687269816
model_b_plus_home_advantage,fold_3,268189326,6597,H,H,0.693171995605931,0.20105655297882832,0.1057714514152406
model_b_plus_home_advantage,fold_3,268189350,6597,A,H,0.47411533385394417,0.2623949079735951,0.2634897581724607
model_b_plus_home_advantage,fold_3,268738334,6597,D,H,0.416155772249604,0.33596005530507134,0.2478841724453246
model_b_plus_home_advantage,fold_3,268738349,6597,D,H,0.41965001246313505,0.3249881698287115,0.25536181770815336
model_b_plus_home_advantage,fold_3,271892656,6597,D,H,0.41345153782660804,0.3162851442526153,0.27026331792077657
model_b_plus_home_advantage,fold_3,272454978,6597,H,H,0.6266808762728296,0.19213413363524148,0.1811849900919288
model_b_plus_home_advantage,fold_3,272454979,6597,A,H,0.41269389494386116,0.25587335201395206,0.33143275304218683
model_b_plus_home_advantage,fold_3,272454981,6597,D,H,0.4370148356144704,0.3515468452633623,0.21143831912216737
model_b_plus_home_advantage,fold_3,272454985,6597,D,A,0.13463034828975526,0.18137958810908203,0.6839900636011627
model_b_plus_home_advantage,fold_3,272454990,6597,D,H,0.36502092297012323,0.3567835941551732,0.2781954828747036
model_b_plus_home_advantage,fold_3,273017251,6597,A,H,0.48523138502798785,0.2950876600004236,0.21968095497158852
model_b_plus_home_advantage,fold_3,273017264,6597,D,H,0.37038025224180415,0.2977246837226766,0.3318950640355192
model_b_plus_home_advantage,fold_3,273017270,6597,D,A,0.2758190747800033,0.2588106982129111,0.46537022700708564
model_b_plus_home_advantage,fold_3,276523514,6597,D,H,0.47826749307738026,0.30223832741636997,0.2194941795062499
model_b_plus_home_advantage,fold_3,277107769,6597,H,H,0.8829735219759739,0.0847068787737964,0.03231959925022974
model_b_plus_home_advantage,fold_3,277107773,6597,A,A,0.2928349197669185,0.325459707734266,0.3817053724988155
model_b_plus_home_advantage,fold_3,277107774,6597,A,H,0.39381832969120983,0.25805584133649345,0.34812582897229666
model_b_plus_home_advantage,fold_3,277107775,6597,A,H,0.5117940039125837,0.3029439982130025,0.18526199787441386
model_b_plus_home_advantage,fold_3,277107776,6597,D,H,0.5161814910109347,0.2529460168241287,0.2308724921649366
model_b_plus_home_advantage,fold_3,277699963,6597,H,H,0.5341623210986255,0.2612548975232802,0.20458278137809435
model_b_plus_home_advantage,fold_3,277699967,6597,D,H,0.5479878002453714,0.2556951259861986,0.19631707376843002
model_b_plus_home_advantage,fold_3,277699970,6597,A,H,0.5324037332573406,0.23854492725596277,0.22905133948669668
model_b_plus_home_advantage,fold_3,281601305,6597,A,A,0.32828230670824643,0.3035043342477531,0.36821335904400054
model_b_plus_home_advantage,fold_3,281601306,6597,A,H,0.3610358004524473,0.3272205752936065,0.3117436242539462
model_b_plus_home_advantage,fold_3,281601307,6597,A,H,0.381734670602811,0.27700241080538446,0.34126291859180446
model_b_plus_home_advantage,fold_3,281601308,6597,H,H,0.661524439448772,0.22584739253595204,0.11262816801527596
model_b_plus_home_advantage,fold_3,281601309,6597,A,A,0.06773601982356957,0.1314104286723438,0.8008535515040868
model_b_plus_home_advantage,fold_3,281601310,6597,A,H,0.5500504567184933,0.2650647072470316,0.18488483603447503
model_b_plus_home_advantage,fold_3,281601311,6597,A,H,0.370704076526873,0.3046932417933851,0.32460268167974193
model_b_plus_home_advantage,fold_3,281601312,6597,D,A,0.3188406798325164,0.22469090056593485,0.4564684196015487
model_b_plus_home_advantage,fold_3,281601313,6597,A,H,0.44115658980265066,0.2648154217999258,0.2940279883974235
