arm,fold,fixture_id,season_id,y_true,y_pred,p_home,p_draw,p_away
model_b_plus_home_advantage,fold_2,45213654,4629,H,H,0.6456383235578234,0.15499144307778193,0.19937023336439472
model_b_plus_home_advantage,fold_2,45213655,4630,D,A,0.24059594825745667,0.2682075568794963,0.49119649486304684
model_b_plus_home_advantage,fold_2,45213667,4634,A,H,0.6050962372691701,0.2263786911629603,0.1685250715678696
model_b_plus_home_advantage,fold_2,45213671,4629,H,A,0.3539647414831761,0.2768328746135452,0.36920238390327875
model_b_plus_home_advantage,fold_2,45213674,4634,D,A,0.3539147768509731,0.2619838247228771,0.3841013984261499
model_b_plus_home_advantage,fold_2,45213685,4634,H,H,0.5178806710403823,0.25153146372878815,0.23058786523082953
model_b_plus_home_advantage,fold_2,45213692,4630,H,H,0.7839382944431166,0.09309553967449322,0.12296616588239026
model_b_plus_home_advantage,fold_2,45213693,4634,H,H,0.5616250086822231,0.1989247408450396,0.23945025047273724
model_b_plus_home_advantage,fold_2,45213703,4629,H,H,0.3971428806419687,0.2932874270254226,0.30956969233260867
model_b_plus_home_advantage,fold_2,45213709,4630,D,H,0.4457366091978897,0.2669320586942445,0.28733133210786577
model_b_plus_home_advantage,fold_2,45213715,4629,A,A,0.38344288080796696,0.20500410406375666,0.41155301512827636
model_b_plus_home_advantage,fold_2,45213716,4629,A,H,0.39793490877496956,0.30538433453480995,0.2966807566902205
model_b_plus_home_advantage,fold_2,45213717,4629,D,H,0.3962773083389249,0.28000703596381143,0.3237156556972637
model_b_plus_home_advantage,fold_2,45213731,4634,A,H,0.48905665449967894,0.2978185456163053,0.2131247998840159
model_b_plus_home_advantage,fold_2,45213739,4634,D,H,0.46610171889777946,0.2675344628875892,0.2663638182146314
model_b_plus_home_advantage,fold_2,45213743,4629,H,H,0.5142060507222079,0.16905050074452188,0.3167434485332702
model_b_plus_home_advantage,fold_2,45213757,4630,H,H,0.4681268217384283,0.2227072602412824,0.3091659180202893
model_b_plus_home_advantage,fold_2,45213771,4634,D,H,0.5568378946791103,0.21364171882406216,0.22952038649682768
model_b_plus_home_advantage,fold_2,45213780,4629,D,H,0.5542775241578928,0.21634895251750638,0.22937352332460084
model_b_plus_home_advantage,fold_2,45213781,4634,A,H,0.4136122418691726,0.2975707143942887,0.28881704373653866
model_b_plus_home_advantage,fold_2,45213786,4630,H,H,0.6605515246903438,0.17629846812975491,0.1631500071799012
model_b_plus_home_advantage,fold_2,45213801,4630,D,H,0.47580277464301435,0.18721437130293095,0.33698285405405476
model_b_plus_home_advantage,fold_2,45213802,4630,H,H,0.6103634774961236,0.1500101863276377,0.23962633617623863
model_b_plus_home_advantage,fold_2,45213803,4630,A,H,0.47571404260444417,0.21815841116123647,0.3061275462343193
model_b_plus_home_advantage,fold_2,45213804,4630,A,A,0.2374256960008403,0.3265130920999392,0.43606121189922054
model_b_plus_home_advantage,fold_2,45213851,4634,A,H,0.41444523121381005,0.24922091862547383,0.33633385016071615
model_b_plus_home_advantage,fold_2,45213868,4630,A,A,0.29597877906630216,0.2316583215892061,0.4723628993444917
model_b_plus_home_advantage,fold_2,45213869,4629,D,H,0.4331086663010886,0.24894006325553444,0.31795127044337695
model_b_plus_home_advantage,fold_2,45213871,4634,A,H,0.4282593651762066,0.2368822809304884,0.334858353893305
model_b_plus_home_advantage,fold_2,45346864,4634,H,H,0.49842337485267196,0.26889954326224075,0.23267708188508718
model_b_plus_home_advantage,fold_2,45346865,4630,H,H,0.40610898434681025,0.2641580459234406,0.3297329697297491
model_b_plus_home_advantage,fold_2,45346866,4634,A,A,0.3360029042607933,0.31683243817818835,0.34716465756101833
model_b_plus_home_advantage,fold_2,45346869,4675,A,A,0.32084617292037404,0.2862306019076112,0.3929232251720148
model_b_plus_home_advantage,fold_2,45566305,4630,H,A,0.36791942845269954,0.21373794716041522,0.41834262438688513
model_b_plus_home_advantage,fold_2,45566306,4724,A,A,0.2503669540056063,0.22596201965722554,0.5236710263371681
model_b_plus_home_advantage,fold_2,45566307,4634,D,H,0.5190079290948504,0.29561580737547316,0.18537626352967643
model_b_plus_home_advantage,fold_2,45566308,4630,A,A,0.2690122633155822,0.24402894767856387,0.48695878900585393
model_b_plus_home_advantage,fold_2,45566309,4630,H,H,0.531199514479752,0.18836171097588464,0.2804387745443634
model_b_plus_home_advantage,fold_2,45566310,4630,A,A,0.34670906977512905,0.305829655520306,0.34746127470456495
model_b_plus_home_advantage,fold_2,45566311,4675,H,H,0.6200592545044903,0.15935085895472859,0.2205898865407811
model_b_plus_home_advantage,fold_2,45566312,4675,D,A,0.31185728358833126,0.2693642570274313,0.41877845938423747
model_b_plus_home_advantage,fold_2,45566313,4675,A,A,0.3400902985451472,0.22006337166235845,0.43984632979249433
model_b_plus_home_advantage,fold_2,45566314,4675,H,H,0.4218312832154719,0.259632052515136,0.31853666426939214
model_b_plus_home_advantage,fold_2,45566315,4675,H,H,0.4088252178548107,0.2619916343764505,0.32918314776873875
model_b_plus_home_advantage,fold_2,45566316,4675,H,H,0.5547368657150444,0.18576770725241995,0.2594954270325356
model_b_plus_home_advantage,fold_2,45566317,4724,A,A,0.3643405163789427,0.19105854491849006,0.4446009387025671
model_b_plus_home_advantage,fold_2,45566319,4634,A,H,0.39397780194484827,0.2660634930121622,0.3399587050429896
model_b_plus_home_advantage,fold_2,45566377,4724,A,A,0.293682924939492,0.25974964872365336,0.44656742633685464
model_b_plus_home_advantage,fold_2,45566378,4724,H,H,0.6359568122550617,0.1401585448423406,0.22388464290259755
model_b_plus_home_advantage,fold_2,45566379,4630,H,H,0.4475546941658633,0.2038551535242341,0.3485901523099027
model_b_plus_home_advantage,fold_2,45566381,4634,A,H,0.4576056329343216,0.3005256349884919,0.24186873207718645
model_b_plus_home_advantage,fold_2,45952291,4634,D,H,0.38068777362284767,0.26930665674613924,0.35000556963101304
model_b_plus_home_advantage,fold_2,45952295,4630,H,A,0.32742265562545075,0.2569513486026165,0.4156259957719328
model_b_plus_home_advantage,fold_2,45952296,4630,H,H,0.4654444850313675,0.24203339341026056,0.2925221215583719
model_b_plus_home_advantage,fold_2,45952297,4634,H,H,0.49897742099671544,0.27733859506251485,0.22368398394076972
model_b_plus_home_advantage,fold_2,45952299,4724,D,H,0.5149674706410922,0.24571309522700005,0.23931943413190773
model_b_plus_home_advantage,fold_2,45952302,4634,H,H,0.5067775741707728,0.2694902520128653,0.22373217381636182
model_b_plus_home_advantage,fold_2,45952303,4724,H,H,0.3975406313380569,0.22883896569880258,0.37362040296314053
model_b_plus_home_advantage,fold_2,45952304,4724,A,H,0.39491561280342136,0.24796459882468402,0.35711978837189456
model_b_plus_home_advantage,fold_2,45952306,4724,A,A,0.29940711574372797,0.20879643011841195,0.49179645413786
model_b_plus_home_advantage,fold_2,46247431,4634,A,H,0.4465451678549951,0.20726699739765508,0.34618783474734977
model_b_plus_home_advantage,fold_2,46247432,4630,A,H,0.4513682688348904,0.24057617171977322,0.3080555594453365
model_b_plus_home_advantage,fold_2,46247433,4724,A,H,0.42039210980260616,0.2614975928275381,0.3181102973698558
model_b_plus_home_advantage,fold_2,46247434,4634,H,H,0.4003604749311092,0.3651711176546444,0.23446840741424643
model_b_plus_home_advantage,fold_2,46247435,4724,D,H,0.45630493744865164,0.2727428881060718,0.27095217444527653
model_b_plus_home_advantage,fold_2,46860489,4629,D,A,0.35360600815455856,0.23913979834783913,0.40725419349760217
model_b_plus_home_advantage,fold_2,46860494,4629,A,H,0.4039770326096163,0.2665741352526008,0.3294488321377828
model_b_plus_home_advantage,fold_2,47011584,4629,D,A,0.1884782777858704,0.25843371594081893,0.5530880062733107
model_b_plus_home_advantage,fold_2,47011640,4630,A,H,0.5249091903905236,0.23531119265088035,0.23977961695859595
model_b_plus_home_advantage,fold_2,47035890,4675,H,A,0.3284558183320968,0.19842901128324908,0.4731151703846541
model_b_plus_home_advantage,fold_2,47035914,4629,D,A,0.2685597020575412,0.2641524075069997,0.4672878904354591
model_b_plus_home_advantage,fold_2,47035918,4629,D,A,0.25835896414719267,0.2969922932178195,0.4446487426349879
model_b_plus_home_advantage,fold_2,47035919,4629,H,H,0.35785001009642625,0.34377457085265756,0.2983754190509162
model_b_plus_home_advantage,fold_2,47035920,4629,H,H,0.38727208932220664,0.2648233798230145,0.3479045308547789
model_b_plus_home_advantage,fold_2,47035921,4629,A,A,0.32697123822247204,0.257737241177418,0.41529152060011
model_b_plus_home_advantage,fold_2,47035922,4629,H,H,0.5073225316681202,0.2293767837823905,0.26330068454948924
model_b_plus_home_advantage,fold_2,47262759,4675,A,H,0.48139608756598423,0.2463091795402103,0.2722947328938054
model_b_plus_home_advantage,fold_2,47262760,4675,H,H,0.6744333778588311,0.19302571798940327,0.13254090415176564
model_b_plus_home_advantage,fold_2,47262761,4675,A,H,0.500203654984253,0.22794279098441692,0.27185355403133016
model_b_plus_home_advantage,fold_2,47262762,4675,D,A,0.2066097785394945,0.19761080476077136,0.595779416699734
model_b_plus_home_advantage,fold_2,47262763,4675,A,H,0.3974570576981458,0.2636960914377478,0.33884685086410626
model_b_plus_home_advantage,fold_2,47262764,4675,A,A,0.31661479900256173,0.25430334156961903,0.4290818594278193
model_b_plus_home_advantage,fold_2,47262765,4724,H,A,0.26612865432059984,0.1729774249277234,0.5608939207516768
model_b_plus_home_advantage,fold_2,47262766,4724,H,H,0.3921093263088367,0.2859867825337458,0.3219038911574176
model_b_plus_home_advantage,fold_2,47262767,4724,H,H,0.35961753574175126,0.33827557900496374,0.302106885253285
model_b_plus_home_advantage,fold_2,47262768,4724,H,H,0.3995521986177446,0.2510003197144778,0.34944748166777767
model_b_plus_home_advantage,fold_2,47652443,4675,H,H,0.4457016238107768,0.18393920761147603,0.370359168577747
model_b_plus_home_advantage,fold_2,47652730,4675,H,H,0.4478293341612328,0.26802941752042164,0.28414124831834553
model_b_plus_home_advantage,fold_2,47702745,4724,H,H,0.5787172768842253,0.19566534893500917,0.2256173741807656
model_b_plus_home_advantage,fold_2,47702746,4724,A,H,0.5056665268618022,0.2843845354905933,0.20994893764760456
model_b_plus_home_advantage,fold_2,47702747,4724,D,H,0.489941017538109,0.22563687255147424,0.28442210991041667
model_b_plus_home_advantage,fold_2,47702748,4724,D,H,0.5214611895625881,0.19038636030114187,0.28815245013627
model_b_plus_home_advantage,fold_2,47702749,4675,H,H,0.8041195717803676,0.10357497932344938,0.09230544889618297
model_b_plus_home_advantage,fold_2,47702752,4675,D,A,0.32641376168922315,0.25346625955682334,0.42011997875395346
model_b_plus_home_advantage,fold_2,47751291,4634,H,H,0.3889705620724705,0.2577039421025861,0.35332549582494344
model_b_plus_home_advantage,fold_2,47751292,4634,A,H,0.4511931915298426,0.2827748731195827,0.2660319353505747
model_b_plus_home_advantage,fold_2,47751293,4634,A,H,0.5273191988809293,0.22325435745232672,0.249426443666744
model_b_plus_home_advantage,fold_2,47751294,4630,A,A,0.373188693190517,0.206607009926183,0.4202042968833001
model_b_plus_home_advantage,fold_2,47751295,4629,A,H,0.5654496933057384,0.28935490742627623,0.1451953992679854
model_b_plus_home_advantage,fold_2,47751296,4629,H,A,0.2615894034799726,0.2835642860177502,0.4548463105022772
model_b_plus_home_advantage,fold_2,47751297,4630,H,H,0.7007679125542594,0.13079945045636326,0.1684326369893773
model_b_plus_home_advantage,fold_2,47751298,4634,A,H,0.4400730056111685,0.32303282460552696,0.23689416978330458
model_b_plus_home_advantage,fold_2,47751299,4629,H,H,0.669170671255877,0.1556676084324318,0.17516172031169122
model_b_plus_home_advantage,fold_2,47751300,4630,A,H,0.7272917085103234,0.2063349612801489,0.06637333020952758
model_b_plus_home_advantage,fold_2,47751301,4634,D,A,0.3323550106278008,0.2921956409564416,0.37544934841575756
model_b_plus_home_advantage,fold_2,47751302,4630,A,H,0.5503381273177917,0.19028484882564078,0.25937702385656747
model_b_plus_home_advantage,fold_2,47751303,4630,D,D,0.36937300323894817,0.3786944244045162,0.25193257235653554
model_b_plus_home_advantage,fold_2,47751304,4630,D,H,0.7821351409879972,0.15876771405091464,0.05909714496108818
model_b_plus_home_advantage,fold_2,47751305,4630,A,A,0.32519161108025973,0.26782036726631614,0.4069880216534242
model_b_plus_home_advantage,fold_2,47751306,4634,A,H,0.36046472517831013,0.30084931313733443,0.33868596168435544
model_b_plus_home_advantage,fold_2,48065885,4629,D,H,0.44357275087204034,0.1935683358440793,0.36285891328388037
model_b_plus_home_advantage,fold_2,48065886,4629,H,A,0.1210113705293416,0.20985011277264512,0.6691385166980133
model_b_plus_home_advantage,fold_2,48065887,4629,H,H,0.5220254239059974,0.22821175839514804,0.24976281769885467
model_b_plus_home_advantage,fold_2,48065888,4629,D,A,0.24693687678030046,0.1281270730692478,0.6249360501504517
model_b_plus_home_advantage,fold_2,48065889,4634,A,H,0.487879305806636,0.19756101636193393,0.3145596778314301
model_b_plus_home_advantage,fold_2,48065890,4724,A,A,0.30349924684470736,0.24057195606617066,0.4559287970891219
model_b_plus_home_advantage,fold_2,48065891,4724,D,H,0.3959367626761464,0.2721232699807169,0.3319399673431367
model_b_plus_home_advantage,fold_2,48065901,4630,A,A,0.07010130841009185,0.1413921952667243,0.7885064963231839
model_b_plus_home_advantage,fold_2,48065902,4630,A,A,0.2785197882901916,0.2765951708423902,0.44488504086741815
model_b_plus_home_advantage,fold_2,48065913,4630,H,H,0.45238974177068236,0.3503762578022036,0.19723400042711414
model_b_plus_home_advantage,fold_2,48065915,4634,H,H,0.5746821626994477,0.20237295842078895,0.22294487887976333
model_b_plus_home_advantage,fold_2,48065916,4634,D,A,0.3210304701588253,0.19837621680663017,0.48059331303454444
model_b_plus_home_advantage,fold_2,48320126,4634,H,A,0.26028741540560935,0.153814864794291,0.5858977198000996
model_b_plus_home_advantage,fold_2,48585558,4629,D,H,0.6654619232965155,0.21910695791370988,0.11543111878977456
model_b_plus_home_advantage,fold_2,48585559,4629,A,H,0.580005093870339,0.27759398526530826,0.1424009208643527
model_b_plus_home_advantage,fold_2,50341982,4634,A,H,0.3884760992624561,0.3177609488226575,0.2937629519148865
model_b_plus_home_advantage,fold_2,50341983,4629,D,A,0.18972380781115197,0.2534192775311352,0.5568569146577127
model_b_plus_home_advantage,fold_2,50341984,4630,A,A,0.27346766818043394,0.22939205848409838,0.4971402733354678
model_b_plus_home_advantage,fold_2,50341985,4724,A,H,0.3789777581321015,0.33679326410408666,0.2842289777638118
model_b_plus_home_advantage,fold_2,50341986,4675,D,H,0.6639234294461892,0.16576202712767518,0.1703145434261357
model_b_plus_home_advantage,fold_2,50341987,4634,H,A,0.3638210301855487,0.22629960760434395,0.40987936221010746
model_b_plus_home_advantage,fold_2,50341988,4724,H,H,0.3720326246056983,0.27676561375929426,0.3512017616350075
model_b_plus_home_advantage,fold_2,50595133,4629,H,H,0.5129062820986469,0.35024592918628833,0.13684778871506487
model_b_plus_home_advantage,fold_2,50595134,4634,H,H,0.41832493193636716,0.33057113044389225,0.25110393761974065
model_b_plus_home_advantage,fold_2,50595135,4724,A,H,0.770054529199649,0.1815236455505216,0.04842182524982934
model_b_plus_home_advantage,fold_2,50595136,4724,H,H,0.605238015493161,0.22770383878259895,0.16705814572424005
model_b_plus_home_advantage,fold_2,50595137,4724,D,H,0.5249957909961436,0.250622555292096,0.22438165371176041
model_b_plus_home_advantage,fold_2,50595138,4724,H,H,0.5950589142056799,0.1973766235214151,0.20756446227290487
model_b_plus_home_advantage,fold_2,50595139,4675,A,A,0.07890392104415823,0.2745959929952409,0.6465000859606009
model_b_plus_home_advantage,fold_2,50595140,4634,H,H,0.4407269604688099,0.2885968456286918,0.2706761939024983
model_b_plus_home_advantage,fold_2,50595141,4630,H,H,0.5342654535134509,0.23513499710941074,0.23059954937713842
model_b_plus_home_advantage,fold_2,50595142,4634,H,H,0.7003414419150693,0.21668135215102885,0.08297720593390176
model_b_plus_home_advantage,fold_2,50595153,4630,A,H,0.6176912046265192,0.2444480535583226,0.13786074181515814
model_b_plus_home_advantage,fold_2,50595154,4630,A,A,0.20594064992075764,0.21166586229202305,0.5823934877872192
model_b_plus_home_advantage,fold_2,50595155,4630,D,H,0.6190508700616256,0.22283207958591458,0.15811705035245976
model_b_plus_home_advantage,fold_2,50595156,4675,H,D,0.3992615322291392,0.43249604124616947,0.16824242652469143
model_b_plus_home_advantage,fold_2,50595157,4675,D,D,0.33915567299458405,0.5261311633491291,0.13471316365628683
model_b_plus_home_advantage,fold_2,50595158,4675,H,A,0.2221825944052587,0.18100457388158334,0.5968128317131579
model_b_plus_home_advantage,fold_2,50595159,4675,H,A,0.31968583134367895,0.3095415377268659,0.37077263092945517
model_b_plus_home_advantage,fold_2,50595160,4675,H,H,0.512814066242123,0.32038299154922706,0.1668029422086499
model_b_plus_home_advantage,fold_2,50595161,4634,H,H,0.5382159053953964,0.20794936673164727,0.2538347278729563
model_b_plus_home_advantage,fold_2,50595163,4630,D,A,0.13892195484862246,0.24983298292655698,0.6112450622248204
model_b_plus_home_advantage,fold_2,50595165,4629,D,A,0.16522896754670896,0.27837479769109785,0.5563962347621931
model_b_plus_home_advantage,fold_2,50595211,4630,H,H,0.8703246696449097,0.09798385002360063,0.03169148033148965
model_b_plus_home_advantage,fold_2,50846751,4634,A,A,0.20526995413164026,0.31658857251610345,0.47814147335225626
model_b_plus_home_advantage,fold_2,50846752,4724,H,H,0.5784447704916575,0.2592142656962254,0.16234096381211713
model_b_plus_home_advantage,fold_2,50846753,4724,A,A,0.37506908202952943,0.2193123519382171,0.4056185660322534
model_b_plus_home_advantage,fold_2,50846754,4629,A,A,0.27552715795118554,0.22806562135227126,0.4964072206965431
model_b_plus_home_advantage,fold_2,50846756,4724,H,H,0.45634760392855317,0.2194935649092497,0.3241588311621972
model_b_plus_home_advantage,fold_2,50846757,4724,H,H,0.5495085263510782,0.19774885091622493,0.2527426227326969
model_b_plus_home_advantage,fold_2,50846758,4634,H,H,0.5132399282286529,0.22188019191180777,0.26487987985953926
model_b_plus_home_advantage,fold_2,50846759,4675,A,A,0.16318829019937414,0.40755135245228524,0.4292603573483406
model_b_plus_home_advantage,fold_2,50846760,4629,H,H,0.6946312716375929,0.16060992240594948,0.1447588059564577
model_b_plus_home_advantage,fold_2,50846762,4634,D,A,0.34494716738504483,0.2882411591979241,0.366811673417031
model_b_plus_home_advantage,fold_2,50846764,4675,D,A,0.3415128338207735,0.2249261123169789,0.4335610538622475
model_b_plus_home_advantage,fold_2,50846765,4629,H,H,0.4544567402290757,0.29621530825422293,0.24932795151670137
model_b_plus_home_advantage,fold_2,50846766,4629,H,A,0.34442084510724746,0.23212923724209622,0.42344991765065637
model_b_plus_home_advantage,fold_2,50846767,4630,H,A,0.36524961168710646,0.24401417372944578,0.3907362145834478
model_b_plus_home_advantage,fold_2,50846768,4630,H,H,0.7003858502337267,0.1852184487638422,0.11439570100243111
model_b_plus_home_advantage,fold_2,50846769,4634,H,H,0.4349484060043613,0.34462514973095554,0.2204264442646832
model_b_plus_home_advantage,fold_2,50846771,4629,D,A,0.3202710623615799,0.30178153746555114,0.37794740017286893
model_b_plus_home_advantage,fold_2,50846808,4630,H,H,0.5209969931312467,0.26913657864578683,0.20986642822296656
model_b_plus_home_advantage,fold_2,51054878,4629,D,A,0.2565284391259265,0.26241425807138186,0.48105730280269154
model_b_plus_home_advantage,fold_2,53333849,4675,D,H,0.6484959180348224,0.2141258004708939,0.1373782814942836
model_b_plus_home_advantage,fold_2,53333850,4634,H,H,0.48531537039286393,0.21845910141951114,0.29622552818762504
model_b_plus_home_advantage,fold_2,53608635,4724,D,A,0.06587893958279453,0.1401882900075688,0.7939327704096366
model_b_plus_home_advantage,fold_2,53608640,4675,D,H,0.5508329037681174,0.2266777533388206,0.22248934289306202
model_b_plus_home_advantage,fold_2,53608641,4634,A,H,0.5482558921465995,0.29590314035702747,0.1558409674963729
model_b_plus_home_advantage,fold_2,53608642,4724,H,H,0.6520010874396466,0.22455380586131896,0.12344510669903454
model_b_plus_home_advantage,fold_2,53608645,4634,H,H,0.6171105726306958,0.22593888899690498,0.1569505383723992
model_b_plus_home_advantage,fold_2,53608650,4630,A,A,0.28072514109299584,0.17949453168671892,0.5397803272202852
model_b_plus_home_advantage,fold_2,53608651,4630,H,A,0.2938704663619266,0.2040685683918619,0.5020609652462115
model_b_plus_home_advantage,fold_2,53608652,4630,H,A,0.21072777530299727,0.33857342487894604,0.45069879981805683
model_b_plus_home_advantage,fold_2,53608653,4675,A,A,0.1703878276091297,0.30991127168160765,0.5197009007092628
model_b_plus_home_advantage,fold_2,53608654,4675,A,H,0.4605193989973855,0.32629732060876315,0.21318328039385143
model_b_plus_home_advantage,fold_2,53608655,4724,H,H,0.6713812205936854,0.19710049152851922,0.13151828787779532
model_b_plus_home_advantage,fold_2,53608657,4634,H,H,0.5214925262331198,0.19832545897262868,0.28018201479425153
model_b_plus_home_advantage,fold_2,53608658,4630,A,A,0.175216589592916,0.19495418658209002,0.6298292238249941
model_b_plus_home_advantage,fold_2,53608661,4634,H,H,0.7026028994282703,0.20547590406437322,0.0919211965073565
model_b_plus_home_advantage,fold_2,53608662,4675,A,H,0.6262854855844043,0.1896030879930529,0.18411142642254283
model_b_plus_home_advantage,fold_2,53608664,4675,H,H,0.7400924453013236,0.1587273995329181,0.1011801551657584
model_b_plus_home_advantage,fold_2,53608667,4675,H,H,0.5174658612225057,0.3025144402162178,0.1800196985612765
model_b_plus_home_advantage,fold_2,53608668,4630,H,H,0.7621865828707394,0.19051336468499294,0.04730005244426776
model_b_plus_home_advantage,fold_2,53608676,4630,A,A,0.2846536855643089,0.22330138235470598,0.49204493208098515
model_b_plus_home_advantage,fold_2,53608692,4630,A,A,0.17722446841353234,0.23688941502886957,0.5858861165575981
model_b_plus_home_advantage,fold_2,54121595,4724,H,H,0.6197808742366336,0.24986879114187896,0.1303503346214874
model_b_plus_home_advantage,fold_2,54121597,4634,H,H,0.5199480472521686,0.2980401138543223,0.1820118388935092
model_b_plus_home_advantage,fold_2,54121598,4724,H,A,0.20358772688040486,0.2727403700722342,0.523671903047361
model_b_plus_home_advantage,fold_2,54121599,4675,D,H,0.4328920418801554,0.31694041526195477,0.25016754285788995
model_b_plus_home_advantage,fold_2,54121600,4630,H,H,0.422863501615421,0.23077075774628086,0.34636574063829806
model_b_plus_home_advantage,fold_2,54121602,4634,H,H,0.49324808126528186,0.31567991263882833,0.19107200609588976
model_b_plus_home_advantage,fold_2,54121603,4675,H,H,0.4745393146844981,0.3236339078970434,0.20182677741845836
model_b_plus_home_advantage,fold_2,54121604,4724,D,A,0.26907639265095123,0.3025774808462466,0.4283461265028021
model_b_plus_home_advantage,fold_2,54121605,4724,H,H,0.42580256696451124,0.22044468789139687,0.35375274514409183
model_b_plus_home_advantage,fold_2,54121606,4629,A,H,0.5422143441661208,0.258580224930013,0.1992054309038662
model_b_plus_home_advantage,fold_2,54121607,4630,D,A,0.21197865579872485,0.23201077223985628,0.5560105719614188
model_b_plus_home_advantage,fold_2,54121610,4724,D,A,0.29763304709890054,0.2539501771804049,0.4484167757206946
model_b_plus_home_advantage,fold_2,54121612,4634,H,H,0.3906273920186594,0.24603377816764008,0.36333882981370047
model_b_plus_home_advantage,fold_2,54121618,4634,H,A,0.30405855677893695,0.25405610931038036,0.4418853339106826
model_b_plus_home_advantage,fold_2,54121624,4629,A,A,0.30113141346531913,0.3124438588268868,0.386424727707794
model_b_plus_home_advantage,fold_2,54121625,4629,D,A,0.22987352506923678,0.23939242611999703,0.5307340488107662
model_b_plus_home_advantage,fold_2,54585703,4634,A,D,0.34752595061737795,0.34880001119012705,0.3036740381924949
model_b_plus_home_advantage,fold_2,54585704,4630,D,H,0.4365007374315508,0.2620270892738671,0.30147217329458215
model_b_plus_home_advantage,fold_2,54585707,4724,A,A,0.24197889011577584,0.2953382974494487,0.46268281243477544
model_b_plus_home_advantage,fold_2,54585734,4724,D,A,0.18027788636858005,0.27429797823286445,0.5454241353985555
model_b_plus_home_advantage,fold_2,54638919,4629,D,H,0.6705069009571163,0.1886559765205443,0.14083712252233938
model_b_plus_home_advantage,fold_2,54638920,4629,D,A,0.10239751350938965,0.16471314927104014,0.7328893372195703
model_b_plus_home_advantage,fold_2,54638921,4629,A,H,0.48172220369129853,0.25716592308836084,0.26111187322034063
model_b_plus_home_advantage,fold_2,54638922,4629,D,H,0.5172764666735072,0.2502181587690165,0.23250537455747639
model_b_plus_home_advantage,fold_2,54638923,4629,A,H,0.48780932954177864,0.18772209619601568,0.3244685742622058
model_b_plus_home_advantage,fold_2,54856821,4629,D,H,0.39358721964038723,0.2589922399959817,0.34742054036363107
model_b_plus_home_advantage,fold_2,55517686,4629,A,H,0.4086048020347643,0.2886829853142296,0.30271221265100606
model_b_plus_home_advantage,fold_2,55517687,4724,H,H,0.4949089766093394,0.2775244435035798,0.22756657988708076
model_b_plus_home_advantage,fold_2,55517688,4675,H,H,0.583641987731136,0.28517663867309206,0.13118137359577198
model_b_plus_home_advantage,fold_2,55517714,4724,D,A,0.295826253784132,0.29608856150270957,0.40808518471315847
model_b_plus_home_advantage,fold_2,55517716,4634,A,A,0.3367107307698236,0.23354772807627136,0.4297415411539051
model_b_plus_home_advantage,fold_2,55781141,4629,H,H,0.4821509407339953,0.22462422806988666,0.29322483119611803
model_b_plus_home_advantage,fold_2,55781143,4630,A,A,0.20329627313734855,0.26163057091131914,0.5350731559513323
model_b_plus_home_advantage,fold_2,55781148,4675,H,A,0.2947219156502775,0.30923563712977814,0.3960424472199444
model_b_plus_home_advantage,fold_2,55781149,4630,A,H,0.516127894109404,0.22844886656640778,0.2554232393241883
model_b_plus_home_advantage,fold_2,55781154,4629,H,H,0.4108749524334748,0.298366510607422,0.2907585369591032
model_b_plus_home_advantage,fold_2,55781161,4630,D,H,0.4892216186944883,0.22619346287129638,0.2845849184342152
model_b_plus_home_advantage,fold_2,55781162,4630,D,H,0.7001303649371097,0.19486063642881277,0.10500899863407753
model_b_plus_home_advantage,fold_2,55781163,4675,A,A,0.14118051409614973,0.26403619830207464,0.5947832876017756
model_b_plus_home_advantage,fold_2,55781164,4675,A,H,0.47050180951982,0.31540705184400875,0.21409113863617132
model_b_plus_home_advantage,fold_2,55781165,4675,H,H,0.7042562588166917,0.15630711245252799,0.1394366287307803
model_b_plus_home_advantage,fold_2,55781166,4675,H,H,0.7801255015268684,0.16372163792330974,0.05615286054982171
model_b_plus_home_advantage,fold_2,55781172,4675,H,H,0.370984905155539,0.3339176733895256,0.29509742145493534
model_b_plus_home_advantage,fold_2,55781174,4634,D,A,0.3136293889517969,0.28763100245320716,0.39873960859499585
model_b_plus_home_advantage,fold_2,55781175,4724,D,H,0.4795980325361658,0.24416331291684124,0.2762386545469929
model_b_plus_home_advantage,fold_2,55781177,4634,H,H,0.6760890466406804,0.20396927772088316,0.11994167563843652
model_b_plus_home_advantage,fold_2,55781178,4724,H,A,0.24997153390164714,0.32051293777339845,0.42951552832495443
model_b_plus_home_advantage,fold_2,55781180,4634,D,H,0.38913831083516776,0.2925841868502694,0.3182775023145629
model_b_plus_home_advantage,fold_2,55781181,4630,H,H,0.7864139639950893,0.14602664925854195,0.0675593867463686
model_b_plus_home_advantage,fold_2,55781183,4724,H,H,0.5690634817721811,0.29520432752359066,0.1357321907042281
model_b_plus_home_advantage,fold_2,55781184,4634,H,H,0.5150424445117896,0.33031470301898846,0.15464285246922185
model_b_plus_home_advantage,fold_2,56297591,4629,H,H,0.5196216983037264,0.20450254208372687,0.2758757596125467
model_b_plus_home_advantage,fold_2,56297594,4675,D,A,0.3213561630903678,0.2728798832496921,0.4057639536599401
model_b_plus_home_advantage,fold_2,56297595,4630,A,A,0.11208542044440589,0.2015352959084108,0.6863792836471834
model_b_plus_home_advantage,fold_2,56297596,4629,D,A,0.2577826294168616,0.26705297619208723,0.47516439439105107
model_b_plus_home_advantage,fold_2,56297603,4675,H,H,0.5215933478646453,0.30256741317166197,0.17583923896369277
model_b_plus_home_advantage,fold_2,56297604,4629,H,A,0.36818533750190446,0.23859190209077502,0.3932227604073205
model_b_plus_home_advantage,fold_2,56297610,4629,A,A,0.27221909834082325,0.30218731722143677,0.42559358443774
model_b_plus_home_advantage,fold_2,56297613,4629,H,H,0.5218354406865159,0.2368743958629276,0.2412901634505566
model_b_plus_home_advantage,fold_2,56297614,4630,H,H,0.7362939025580892,0.16060164902271587,0.10310444841919489
model_b_plus_home_advantage,fold_2,56297615,4630,H,H,0.7518287439770446,0.18732668085798368,0.06084457516497173
model_b_plus_home_advantage,fold_2,56297622,4724,D,A,0.2481665000754639,0.19402847350567193,0.5578050264188641
model_b_plus_home_advantage,fold_2,56297623,4724,D,A,0.25738446417375094,0.18840670102608453,0.5542088348001646
model_b_plus_home_advantage,fold_2,56297624,4724,A,A,0.3358164127465378,0.2555091414805607,0.40867444577290146
model_b_plus_home_advantage,fold_2,56297625,4724,H,H,0.6224753567002177,0.22636225361453285,0.15116238968524953
model_b_plus_home_advantage,fold_2,56297629,4724,A,A,0.09479183550095435,0.19239020467060067,0.7128179598284451
model_b_plus_home_advantage,fold_2,56297630,4634,H,H,0.36504629215997547,0.300926046844658,0.3340276609953665
model_b_plus_home_advantage,fold_2,56297631,4634,H,H,0.3778922066995972,0.24584551224483037,0.3762622810555724
model_b_plus_home_advantage,fold_2,56297633,4634,D,H,0.423024382769589,0.2995328537082757,0.2774427635221353
model_b_plus_home_advantage,fold_2,56297641,4634,D,H,0.5351421657673733,0.23442676687825295,0.23043106735437374
model_b_plus_home_advantage,fold_2,56297643,4630,A,H,0.5542898931969691,0.1880259329750369,0.2576841738279941
model_b_plus_home_advantage,fold_2,56297644,4630,D,H,0.43246245724295,0.24422256868263376,0.3233149740744162
model_b_plus_home_advantage,fold_2,56297646,4634,H,H,0.6072882316194881,0.23352837522606562,0.15918339315444635
model_b_plus_home_advantage,fold_2,57052120,4629,A,H,0.5166894427640292,0.23063360962092647,0.2526769476150444
model_b_plus_home_advantage,fold_2,58704532,4634,H,H,0.48716569145424987,0.29142672935007474,0.22140757919567552
model_b_plus_home_advantage,fold_2,58704533,4634,D,A,0.1331826370227475,0.271617742736799,0.5951996202404535
model_b_plus_home_advantage,fold_2,58704534,4724,H,H,0.5233712189794195,0.24657687833077718,0.23005190268980324
model_b_plus_home_advantage,fold_2,58792046,4629,H,H,0.7591850828981112,0.13433080921175797,0.10648410789013078
model_b_plus_home_advantage,fold_2,58792047,4675,H,H,0.5600848282567724,0.28569421768865166,0.15422095405457595
model_b_plus_home_advantage,fold_2,58792048,4629,A,A,0.14787755227124724,0.29116652040745833,0.5609559273212944
model_b_plus_home_advantage,fold_2,58792049,4629,D,H,0.5226780933489727,0.20909070591585893,0.2682312007351684
model_b_plus_home_advantage,fold_2,58792050,4630,D,A,0.3037486955488174,0.2809514362836279,0.4152998681675547
model_b_plus_home_advantage,fold_2,58792051,4629,H,H,0.4392059761791138,0.2894511829556795,0.27134284086520677
model_b_plus_home_advantage,fold_2,58792052,4629,H,H,0.5039113268617126,0.24523958598349405,0.2508490871547933
model_b_plus_home_advantage,fold_2,58792053,4675,D,A,0.20665859742834802,0.21544842060152314,0.5778929819701288
model_b_plus_home_advantage,fold_2,58792054,4630,H,H,0.5043981263874083,0.21059148059531205,0.28501039301727954
model_b_plus_home_advantage,fold_2,58792055,4629,D,A,0.2946594800713848,0.1986684968030207,0.5066720231255945
model_b_plus_home_advantage,fold_2,58792056,4630,H,A,0.07330252423802573,0.18042588087057643,0.7462715948913978
model_b_plus_home_advantage,fold_2,58792057,4630,A,H,0.4752892165563124,0.18523937096025322,0.3394714124834345
model_b_plus_home_advantage,fold_2,58792058,4630,A,A,0.1341897071793532,0.22776707293450088,0.6380432198861459
model_b_plus_home_advantage,fold_2,58792059,4675,H,A,0.3311878076407976,0.30890421892084163,0.35990797343836073
model_b_plus_home_advantage,fold_2,58792060,4675,A,H,0.4184964206792666,0.27971860918529434,0.3017849701354389
model_b_plus_home_advantage,fold_2,58792061,4675,A,A,0.2719233071543158,0.2093570874592397,0.5187196053864445
model_b_plus_home_advantage,fold_2,58792062,4675,A,A,0.12141469977683826,0.2827693019108844,0.5958159983122774
model_b_plus_home_advantage,fold_2,58792063,4675,H,H,0.47476833276702657,0.29404255379059213,0.23118911344238124
model_b_plus_home_advantage,fold_2,58792064,4630,H,A,0.2641397005222344,0.2320002298040325,0.5038600696737331
model_b_plus_home_advantage,fold_2,58792065,4629,A,A,0.2673023664234647,0.2779320180096053,0.4547656155669299
model_b_plus_home_advantage,fold_2,58792066,4675,A,A,0.28539401865307884,0.25719446116877875,0.4574115201781424
model_b_plus_home_advantage,fold_2,58792067,4634,A,H,0.3611021500214528,0.2979163846428291,0.340981465335718
model_b_plus_home_advantage,fold_2,58792068,4724,D,H,0.4100068686135472,0.28351037765473214,0.30648275373172074
model_b_plus_home_advantage,fold_2,58792069,4634,A,H,0.4506875430734482,0.24609336873170487,0.30321908819484694
model_b_plus_home_advantage,fold_2,58792070,4634,D,A,0.3029883704942025,0.28448577609766584,0.4125258534081317
model_b_plus_home_advantage,fold_2,58792071,4724,H,H,0.6979865122414869,0.1931044140309542,0.10890907372755891
model_b_plus_home_advantage,fold_2,58792072,4724,H,H,0.4044280864201367,0.24011962286987104,0.3554522907099922
model_b_plus_home_advantage,fold_2,58792073,4724,A,H,0.7632662491755898,0.16497859781122798,0.07175515301318222
model_b_plus_home_advantage,fold_2,58792074,4634,A,H,0.3869093448464601,0.29734879124176616,0.3157418639117736
model_b_plus_home_advantage,fold_2,58792075,4634,D,H,0.6483373616244997,0.20157223645467467,0.1500904019208255
model_b_plus_home_advantage,fold_2,58792076,4724,A,A,0.17684001494544313,0.2331461267963402,0.5900138582582167
model_b_plus_home_advantage,fold_2,58792077,4724,H,A,0.28133365556169637,0.32677317960911256,0.391893164829191
model_b_plus_home_advantage,fold_2,59262828,4675,H,D,0.3335890847799105,0.35078727042574603,0.3156236447943434
model_b_plus_home_advantage,fold_2,59262848,4630,H,H,0.6261261414906333,0.25439982596241545,0.11947403254695137
model_b_plus_home_advantage,fold_2,59262849,4630,H,H,0.8202278025537483,0.1118499753708346,0.06792222207541723
model_b_plus_home_advantage,fold_2,59262850,4630,A,H,0.6750939676233344,0.18001469254512628,0.14489133983153926
model_b_plus_home_advantage,fold_2,59262856,4724,H,A,0.1247947446272315,0.18936992274714798,0.6858353326256205
model_b_plus_home_advantage,fold_2,59262858,4634,D,H,0.5870882586133872,0.25034197829104876,0.162569763095564
model_b_plus_home_advantage,fold_2,59262859,4634,D,D,0.3068210117189721,0.3515835445906425,0.34159544369038536
model_b_plus_home_advantage,fold_2,59262860,4724,D,A,0.2588880120352834,0.27640597303730374,0.46470601492741287
model_b_plus_home_advantage,fold_2,59262862,4634,H,H,0.6803643851069746,0.2273540052228205,0.0922816096702048
model_b_plus_home_advantage,fold_2,59262863,4724,A,A,0.257562897279956,0.22537252249944031,0.5170645802206036
model_b_plus_home_advantage,fold_2,59262867,4630,A,A,0.24379937642809416,0.19507272293378902,0.5611279006381168
model_b_plus_home_advantage,fold_2,59262872,4629,A,A,0.27350368135621467,0.24063693640138947,0.48585938224239583
model_b_plus_home_advantage,fold_2,59262873,4629,H,H,0.508593573915489,0.2823541536525749,0.20905227243193614
model_b_plus_home_advantage,fold_2,59902525,4634,H,H,0.5924483949557834,0.23843042806739867,0.16912117697681794
model_b_plus_home_advantage,fold_2,60168268,4634,H,H,0.36363186152199656,0.28001745957692636,0.3563506789010771
model_b_plus_home_advantage,fold_2,60168269,4634,A,D,0.2740724897969646,0.40375823655768156,0.3221692736453539
model_b_plus_home_advantage,fold_2,60168271,4724,H,H,0.5031978977760879,0.28626445057362593,0.21053765165028626
model_b_plus_home_advantage,fold_2,60168272,4634,D,H,0.589757264321195,0.24423099567570858,0.16601174000309638
model_b_plus_home_advantage,fold_2,60168274,4724,A,A,0.1590959552170893,0.16294973377173336,0.6779543110111772
model_b_plus_home_advantage,fold_2,60168275,4634,D,H,0.34903568674337465,0.3194453208730726,0.33151899238355276
model_b_plus_home_advantage,fold_2,60168288,4724,A,A,0.12702574832185265,0.24488212178093063,0.6280921298972167
model_b_plus_home_advantage,fold_2,60402446,4724,H,H,0.7269653980238805,0.16515432480119954,0.10788027717491996
model_b_plus_home_advantage,fold_2,60402483,4634,H,H,0.6391412522846287,0.23285280600549035,0.12800594170988092
model_b_plus_home_advantage,fold_2,60442094,4724,D,H,0.4454463048048762,0.2446588226435497,0.3098948725515741
model_b_plus_home_advantage,fold_2,60712489,4724,D,H,0.5425526202040489,0.2295495461378871,0.22789783365806388
model_b_plus_home_advantage,fold_2,60712490,4724,A,H,0.43470760736067254,0.35496739093551255,0.21032500170381485
model_b_plus_home_advantage,fold_2,60712496,4634,H,A,0.32306601056973916,0.27268617958459346,0.4042478098456673
model_b_plus_home_advantage,fold_2,61217225,4634,D,H,0.4755552867296208,0.29715164745809,0.22729306581228917
model_b_plus_home_advantage,fold_2,61217671,4724,D,H,0.4790953081196926,0.2745319391999579,0.24637275268034947
model_b_plus_home_advantage,fold_2,61218070,4634,A,H,0.5051778089409007,0.25633091653254253,0.23849127452655683
model_b_plus_home_advantage,fold_2,61218338,4724,H,H,0.6069473202730251,0.2622787960485627,0.1307738836784122
model_b_plus_home_advantage,fold_2,61282012,4675,A,D,0.3617787517124838,0.3728174937524036,0.26540375453511256
model_b_plus_home_advantage,fold_2,61282017,4675,H,H,0.6203045170571487,0.2283289004281092,0.15136658251474208
model_b_plus_home_advantage,fold_2,61282018,4675,A,H,0.5393913322745887,0.26487111785426193,0.19573754987114944
model_b_plus_home_advantage,fold_2,61282019,4675,D,H,0.7288440458631645,0.1929223963314569,0.07823355780537851
model_b_plus_home_advantage,fold_2,61282021,4634,H,A,0.3529223908878179,0.2522709990338537,0.39480661007832835
model_b_plus_home_advantage,fold_2,61282022,4675,H,H,0.5389879612300232,0.22814264104319898,0.23286939772677775
model_b_plus_home_advantage,fold_2,61282023,4675,H,H,0.8241889643100607,0.13043485322278978,0.04537618246714954
model_b_plus_home_advantage,fold_2,61282025,4675,H,H,0.6748432033923675,0.21478682555613415,0.11036997105149826
model_b_plus_home_advantage,fold_2,61282027,4675,H,H,0.7055925124503761,0.13353300800833964,0.1608744795412843
model_b_plus_home_advantage,fold_2,61282028,4675,D,H,0.647908847422158,0.20603316466339205,0.14605798791444993
model_b_plus_home_advantage,fold_2,61374399,4629,A,H,0.4955763909761036,0.19934338541218302,0.30508022361171333
model_b_plus_home_advantage,fold_2,61374400,4629,D,A,0.3607617276843278,0.22461796488875843,0.41462030742691386
model_b_plus_home_advantage,fold_2,61374401,4629,D,H,0.6385255182298233,0.20123641962544342,0.16023806214473332
model_b_plus_home_advantage,fold_2,61374403,4629,D,H,0.7079596541722599,0.17091517425829364,0.12112517156944654
model_b_plus_home_advantage,fold_2,61374404,4630,D,A,0.13935226346480095,0.20109787184373423,0.6595498646914648
model_b_plus_home_advantage,fold_2,61374405,4630,D,A,0.19925870203742332,0.23041908024878,0.5703222177137968
model_b_plus_home_advantage,fold_2,61374406,4630,D,H,0.5581498332178852,0.1955770663324544,0.24627310044966028
model_b_plus_home_advantage,fold_2,61374407,4630,D,H,0.6230684825110454,0.19998116903937896,0.17695034844957555
model_b_plus_home_advantage,fold_2,61374408,4630,H,H,0.4786337545048302,0.18019745827148015,0.3411687872236898
model_b_plus_home_advantage,fold_2,61374409,4630,H,H,0.5583666045404367,0.25733787902966926,0.18429551642989403
model_b_plus_home_advantage,fold_2,61374410,4630,H,H,0.6818881930665117,0.20741618065325212,0.11069562628023608
model_b_plus_home_advantage,fold_2,61374411,4630,A,A,0.17535328091583385,0.24836184931462757,0.5762848697695386
model_b_plus_home_advantage,fold_2,61374412,4630,A,A,0.13561068323228792,0.19976905659704725,0.6646202601706648
model_b_plus_home_advantage,fold_2,61786513,4724,H,H,0.5294936649412098,0.2760649147074488,0.19444142035134135
model_b_plus_home_advantage,fold_2,61842258,4630,H,A,0.2859981266430937,0.2421393825407854,0.47186249081612086
model_b_plus_home_advantage,fold_2,61842311,4629,A,A,0.21169834881405444,0.25347982743481046,0.5348218237511351
model_b_plus_home_advantage,fold_2,61842313,4629,A,H,0.4483589903334005,0.2637381503574646,0.28790285930913495
model_b_plus_home_advantage,fold_2,62188597,4629,H,H,0.607690932302001,0.21778398882191854,0.17452507887608043
model_b_plus_home_advantage,fold_2,62188603,4629,A,A,0.1247478723067747,0.22857404033675666,0.6466780873564687
model_b_plus_home_advantage,fold_2,62523129,4634,H,H,0.572535979753579,0.22070669915496025,0.2067573210914608
model_b_plus_home_advantage,fold_2,62831832,4724,A,H,0.7293684860545477,0.132548171627115,0.1380833423183373
model_b_plus_home_advantage,fold_2,62831833,4724,H,A,0.27735528942676924,0.23978076888616986,0.4828639416870609
model_b_plus_home_advantage,fold_2,62831834,4724,H,H,0.568665701567094,0.23256742675015052,0.19876687168275553
model_b_plus_home_advantage,fold_2,62831835,4634,D,H,0.4051193627884808,0.3496976298405143,0.24518300737100485
model_b_plus_home_advantage,fold_2,62831836,4634,D,A,0.2643038613871269,0.32336783878828046,0.4123282998245926
model_b_plus_home_advantage,fold_2,62831838,4724,H,H,0.5245628590804553,0.25626410259046045,0.2191730383290843
model_b_plus_home_advantage,fold_2,62831840,4724,D,H,0.6012578885436981,0.2278461778707809,0.17089593358552105
model_b_plus_home_advantage,fold_2,62831841,4634,A,A,0.25589725186848666,0.2806206247797304,0.46348212335178296
model_b_plus_home_advantage,fold_2,62831843,4724,D,H,0.38011646707944335,0.32981227798666185,0.29007125493389485
model_b_plus_home_advantage,fold_2,62831845,4724,D,A,0.24635981363926412,0.3137061845973045,0.4399340017634314
model_b_plus_home_advantage,fold_2,62831859,4634,H,H,0.6908245456587371,0.19716431270292945,0.11201114163833334
model_b_plus_home_advantage,fold_2,63079737,4634,D,A,0.13957492565214252,0.2560911138829287,0.6043339604649288
model_b_plus_home_advantage,fold_2,63079738,4634,D,H,0.4010283589032721,0.3217986094596338,0.27717303163709417
model_b_plus_home_advantage,fold_2,63079739,4634,D,H,0.399641270116967,0.31074220104061595,0.2896165288424171
model_b_plus_home_advantage,fold_2,63079741,4634,H,H,0.5437574296646951,0.2764066986951994,0.17983587164010562
model_b_plus_home_advantage,fold_2,63079744,4634,A,H,0.4936314783461695,0.24091618409511326,0.2654523375587174
model_b_plus_home_advantage,fold_2,63325784,4724,A,A,0.18038407227445893,0.2800227390583466,0.5395931886671945
model_b_plus_home_advantage,fold_2,63902125,4724,H,A,0.34695832386254943,0.288287535319116,0.36475414081833457
model_b_plus_home_advantage,fold_2,63902699,4724,A,A,0.167409866823304,0.20202904398636576,0.6305610891903303
model_b_plus_home_advantage,fold_2,66611649,4634,H,H,0.5912682672175107,0.23240170924327677,0.17633002353921257
model_b_plus_home_advantage,fold_2,66611650,4724,A,H,0.3927951931185692,0.3132857956188575,0.29391901126257336
model_b_plus_home_advantage,fold_2,66611651,4629,A,H,0.4511840918453418,0.243310521124423,0.30550538703023516
model_b_plus_home_advantage,fold_2,66611654,4634,D,H,0.3994784900232543,0.29408214889445794,0.30643936108228764
model_b_plus_home_advantage,fold_2,66611656,4724,H,H,0.6838135222287964,0.18857244312812624,0.12761403464307736
model_b_plus_home_advantage,fold_2,66611657,4675,A,H,0.4541258012997889,0.2905876798000557,0.25528651890015536
model_b_plus_home_advantage,fold_2,66611658,4629,H,H,0.7483479965942977,0.18541587458330663,0.06623612882239562
model_b_plus_home_advantage,fold_2,66611660,4634,H,H,0.5836344731429238,0.29591883002891306,0.12044669682816321
model_b_plus_home_advantage,fold_2,66611661,4675,H,H,0.43696965757662104,0.26169887892424626,0.30133146349913265
model_b_plus_home_advantage,fold_2,66611664,4724,D,H,0.40348635550765344,0.35338788447518465,0.2431257600171619
model_b_plus_home_advantage,fold_2,66611665,4724,H,H,0.6657923112436418,0.19871523304682134,0.1354924557095368
model_b_plus_home_advantage,fold_2,66611666,4629,H,A,0.20874973216813728,0.27749154033176304,0.5137587275000995
model_b_plus_home_advantage,fold_2,66611667,4629,H,H,0.44037210478589783,0.23169343792918945,0.32793445728491266
model_b_plus_home_advantage,fold_2,66611668,4629,D,H,0.4064163973418271,0.27775560959711615,0.31582799306105674
model_b_plus_home_advantage,fold_2,66611669,4634,A,H,0.33601791872689285,0.3301838453970155,0.3337982358760917
model_b_plus_home_advantage,fold_2,66611670,4629,H,A,0.08715273113261995,0.24744987131755294,0.6653973975498272
model_b_plus_home_advantage,fold_2,66611671,4724,H,H,0.494234993382202,0.3077483137460346,0.19801669287176335
model_b_plus_home_advantage,fold_2,66611674,4629,H,H,0.6263931497159687,0.18061892781668232,0.19298792246734897
model_b_plus_home_advantage,fold_2,66611675,4634,A,H,0.4207661904983398,0.25766140057119913,0.32157240893046096
model_b_plus_home_advantage,fold_2,66611676,4630,A,A,0.07933665800588587,0.24395076584519712,0.676712576148917
model_b_plus_home_advantage,fold_2,66611677,4724,A,H,0.47354315353307247,0.2998276921286656,0.22662915433826183
model_b_plus_home_advantage,fold_2,66611685,4675,A,A,0.061050351675917915,0.19805959216649457,0.7408900561575874
model_b_plus_home_advantage,fold_2,66611686,4634,D,A,0.27730574654772183,0.2936311203493526,0.42906313310292554
model_b_plus_home_advantage,fold_2,66611687,4630,D,A,0.36965158799641906,0.19127322940567273,0.4390751825979082
model_b_plus_home_advantage,fold_2,66611689,4724,A,A,0.12077890537295242,0.18123976928591426,0.6979813253411333
model_b_plus_home_advantage,fold_2,66611694,4629,H,H,0.7258808190091484,0.16637664186674983,0.10774253912410177
model_b_plus_home_advantage,fold_2,66611696,4634,D,A,0.29251524257290756,0.34706020309906216,0.36042455432803017
model_b_plus_home_advantage,fold_2,66611737,4630,D,H,0.5199224353180497,0.2753287375866503,0.20474882709530007
model_b_plus_home_advantage,fold_2,66611738,4630,H,H,0.6478931634628247,0.17878448618124523,0.17332235035593013
model_b_plus_home_advantage,fold_2,66611739,4630,H,H,0.6145622519714523,0.16576334631895487,0.21967440170959276
model_b_plus_home_advantage,fold_2,66611740,4630,H,H,0.6609594071909157,0.20974157771514218,0.1292990150939421
model_b_plus_home_advantage,fold_2,66611741,4630,A,H,0.413127287284198,0.2866482836968328,0.3002244290189691
model_b_plus_home_advantage,fold_2,66611742,4675,A,A,0.14063478611412578,0.25981318286429256,0.5995520310215816
model_b_plus_home_advantage,fold_2,66611743,4675,A,H,0.46319655443872815,0.2683911966312317,0.2684122489300403
model_b_plus_home_advantage,fold_2,66611744,4675,A,A,0.1949422480972587,0.23181065694081093,0.5732470949619304
model_b_plus_home_advantage,fold_2,66611745,4675,H,H,0.580163957843482,0.2624680942528913,0.15736794790362676
model_b_plus_home_advantage,fold_2,66611746,4675,A,A,0.2760556259581463,0.2809713065043187,0.4429730675375349
model_b_plus_home_advantage,fold_2,66611749,4724,A,A,0.1095703072639903,0.16891804153665738,0.7215116511993522
model_b_plus_home_advantage,fold_2,66611753,4634,H,H,0.505418408690674,0.29608916868821267,0.19849242262111338
model_b_plus_home_advantage,fold_2,66611755,4630,H,H,0.5402415861317352,0.18290118783534387,0.2768572260329209
model_b_plus_home_advantage,fold_2,66611770,4629,D,A,0.2853092164356963,0.2911147317624803,0.4235760518018234
model_b_plus_home_advantage,fold_2,66611771,4634,H,H,0.4899101195345961,0.27972199634429057,0.23036788412111334
model_b_plus_home_advantage,fold_2,66611774,4675,H,H,0.7923451268899866,0.14401620694335823,0.06363866616665523
model_b_plus_home_advantage,fold_2,66611806,4630,H,H,0.6398697081891723,0.21892186390028173,0.14120842791054591
model_b_plus_home_advantage,fold_2,67104531,4629,D,H,0.5577587547432113,0.20769862896620656,0.2345426162905822
model_b_plus_home_advantage,fold_2,67169860,4634,H,H,0.5433685307754549,0.2723271441578343,0.18430432506671088
model_b_plus_home_advantage,fold_2,67169861,4630,H,H,0.7921562430015058,0.14350719362560257,0.06433656337289163
model_b_plus_home_advantage,fold_2,67169862,4724,A,H,0.6535573122663949,0.25063124055363395,0.09581144717997114
model_b_plus_home_advantage,fold_2,67169869,4724,D,H,0.45801819430389984,0.24427138629042583,0.2977104194056742
model_b_plus_home_advantage,fold_2,68958085,4634,H,H,0.4946279030433803,0.339153705132501,0.1662183918241187
model_b_plus_home_advantage,fold_2,68958086,4724,D,H,0.6377894000399712,0.1961401447237793,0.16607045523624947
model_b_plus_home_advantage,fold_2,68958088,4634,D,H,0.4519754866617718,0.22576947986271412,0.32225503347551415
model_b_plus_home_advantage,fold_2,68958089,4724,H,H,0.5961302783416166,0.17940541003378307,0.2244643116246003
model_b_plus_home_advantage,fold_2,68958090,4675,H,H,0.7822650922059473,0.14900186828366024,0.06873303951039245
model_b_plus_home_advantage,fold_2,68958092,4629,D,H,0.715785363759947,0.17841448062615878,0.10580015561389439
model_b_plus_home_advantage,fold_2,68958094,4675,D,A,0.2991028323278771,0.2716662211435279,0.429230946528595
model_b_plus_home_advantage,fold_2,68958095,4629,H,H,0.5801301119423672,0.2217614501909918,0.19810843786664092
model_b_plus_home_advantage,fold_2,68958096,4629,D,A,0.35036741905250524,0.28992033715661236,0.3597122437908824
model_b_plus_home_advantage,fold_2,68958097,4629,H,A,0.31855542756430033,0.1878439138538533,0.4936006585818463
model_b_plus_home_advantage,fold_2,68958098,4630,H,H,0.6909100065285202,0.16805846321413268,0.14103153025734713
model_b_plus_home_advantage,fold_2,68958099,4630,D,H,0.65887276363315,0.21489874040437812,0.12622849596247196
model_b_plus_home_advantage,fold_2,68958102,4630,A,A,0.3114112895274781,0.25222688060772774,0.43636182986479427
model_b_plus_home_advantage,fold_2,68958104,4724,H,H,0.37380669393478855,0.3197666986731714,0.30642660739204
model_b_plus_home_advantage,fold_2,68958111,4629,H,H,0.5556678508914745,0.2559073320853595,0.18842481702316602
model_b_plus_home_advantage,fold_2,68958113,4634,D,A,0.1995761396418606,0.2866194592884282,0.5138044010697113
model_b_plus_home_advantage,fold_2,68958114,4724,H,H,0.6432388442076885,0.21049828398297835,0.14626287180933317
model_b_plus_home_advantage,fold_2,68958120,4675,H,H,0.7603965189528541,0.15483208667534223,0.08477139437180359
model_b_plus_home_advantage,fold_2,68958122,4634,D,D,0.31703236455419503,0.3715005971083436,0.3114670383374613
model_b_plus_home_advantage,fold_2,68958123,4630,D,A,0.1466023014022779,0.21957658062948376,0.6338211179682383
model_b_plus_home_advantage,fold_2,68958125,4724,A,H,0.5242982845991713,0.24695053343587128,0.22875118196495745
model_b_plus_home_advantage,fold_2,68958132,4634,A,H,0.4673017822470202,0.241857402826444,0.29084081492653585
model_b_plus_home_advantage,fold_2,68958144,4630,H,H,0.8796542408942065,0.09461999484129273,0.025725764264500812
model_b_plus_home_advantage,fold_2,68958145,4630,H,H,0.48540065073048644,0.284741406983487,0.22985794228602666
model_b_plus_home_advantage,fold_2,68958146,4675,A,H,0.728994879626325,0.18984222050231364,0.08116289987136122
model_b_plus_home_advantage,fold_2,68958147,4675,H,H,0.3526861444247313,0.2953552967090041,0.35195855886626465
model_b_plus_home_advantage,fold_2,68958148,4675,H,A,0.28555234205498264,0.3145318910420881,0.3999157669029293
model_b_plus_home_advantage,fold_2,68958149,4675,H,H,0.5693109236097822,0.26562085163954,0.16506822475067784
model_b_plus_home_advantage,fold_2,68958150,4675,H,H,0.8721465171672601,0.09838930987976781,0.02946417295297224
model_b_plus_home_advantage,fold_2,68958151,4724,D,A,0.3061408468969807,0.3108962400330406,0.3829629130699788
model_b_plus_home_advantage,fold_2,68958153,4634,A,H,0.3799367849399186,0.3475896637923351,0.27247355126774636
model_b_plus_home_advantage,fold_2,68958154,4630,A,H,0.5124727878208469,0.20022235484486187,0.2873048573342911
model_b_plus_home_advantage,fold_2,68958160,4629,A,A,0.25222586978302514,0.2224317419947188,0.525342388222256
model_b_plus_home_advantage,fold_2,68958161,4634,H,H,0.5404191338598405,0.285579098858328,0.17400176728183148
model_b_plus_home_advantage,fold_2,68958162,4630,A,A,0.26890381778122163,0.22341840532677973,0.5076777768919986
model_b_plus_home_advantage,fold_2,68958163,4724,H,H,0.36277416336365514,0.3324927084994885,0.3047331281368564
model_b_plus_home_advantage,fold_2,68958166,4675,D,H,0.48124044233878976,0.24971355473783702,0.26904600292337333
model_b_plus_home_advantage,fold_2,68958211,4629,H,H,0.5426071517593051,0.29982948560458134,0.15756336263611367
model_b_plus_home_advantage,fold_2,68958214,4724,D,H,0.50860722258161,0.23051018243651544,0.26088259498187455
model_b_plus_home_advantage,fold_2,68958217,4629,A,A,0.3586936710317725,0.20517888074598506,0.4361274482222424
model_b_plus_home_advantage,fold_2,68958221,4634,H,H,0.4856166663262035,0.2622030974269689,0.25218023624682756
model_b_plus_home_advantage,fold_2,68958225,4629,H,H,0.5395030530382184,0.21517061222687048,0.24532633473491106
model_b_plus_home_advantage,fold_2,68958236,4630,A,A,0.26362549763440446,0.18271187203870512,0.5536626303268904
model_b_plus_home_advantage,fold_2,68958237,4634,D,H,0.5477182694384347,0.2335539977189903,0.21872773284257496
model_b_plus_home_advantage,fold_2,68958241,4630,H,H,0.74343353496931,0.18262023455962348,0.0739462304710667
model_b_plus_home_advantage,fold_2,69438797,4634,A,H,0.40141230143869466,0.3325416106901076,0.26604608787119777
model_b_plus_home_advantage,fold_2,69438798,4724,H,A,0.333968774914073,0.2300551033907634,0.4359761216951636
model_b_plus_home_advantage,fold_2,69438799,4724,A,A,0.15610931052459717,0.2605107791330982,0.5833799103423045
model_b_plus_home_advantage,fold_2,70476178,4724,H,H,0.47678023674997544,0.30723746296108706,0.2159823002889376
model_b_plus_home_advantage,fold_2,71292545,4630,H,A,0.14775170582257324,0.21435156156106305,0.6378967326163637
model_b_plus_home_advantage,fold_2,71292546,4630,H,A,0.30695888592821946,0.21273857581849864,0.48030253825328195
model_b_plus_home_advantage,fold_2,71292547,4630,H,A,0.1804512836774068,0.3722611170600379,0.4472875992625553
model_b_plus_home_advantage,fold_2,71292548,4630,H,H,0.8830331633017765,0.08742848494208329,0.02953835175614022
model_b_plus_home_advantage,fold_2,71292549,4630,D,A,0.3935306795487586,0.1923241803806102,0.4141451400706312
model_b_plus_home_advantage,fold_2,71292550,4630,A,A,0.2009586243008966,0.2651986111010734,0.5338427645980299
model_b_plus_home_advantage,fold_2,71292551,4630,H,H,0.6286328120136212,0.2218423191112469,0.1495248688751319
model_b_plus_home_advantage,fold_2,71292552,4630,A,A,0.30050439026156156,0.2764617991856933,0.423033810552745
model_b_plus_home_advantage,fold_2,71292591,4630,D,A,0.13154221640315206,0.19781252122526896,0.670645262371579
model_b_plus_home_advantage,fold_2,71859274,4630,A,H,0.7204210492358585,0.13719147649005642,0.14238747427408505
model_b_plus_home_advantage,fold_2,71859275,4724,H,A,0.2921596560574573,0.3274209431041117,0.38041940083843095
model_b_plus_home_advantage,fold_2,71859276,4724,H,H,0.4542714985211016,0.3316136835410307,0.21411481793786766
model_b_plus_home_advantage,fold_2,71859277,4634,D,H,0.7340890395780995,0.1524539552722671,0.11345700514963342
model_b_plus_home_advantage,fold_2,71859278,4724,A,A,0.28755945012498707,0.32569539573506323,0.3867451541399497
model_b_plus_home_advantage,fold_2,71859279,4629,H,H,0.5432971252479191,0.1800884870935692,0.2766143876585117
model_b_plus_home_advantage,fold_2,71859280,4634,A,A,0.25811287577851805,0.2724874452278343,0.4693996789936477
model_b_plus_home_advantage,fold_2,71859281,4724,H,H,0.5735220250545716,0.2431225001691226,0.1833554747763058
model_b_plus_home_advantage,fold_2,71859282,4675,H,A,0.14519666709491807,0.24379120839269522,0.6110121245123866
model_b_plus_home_advantage,fold_2,71859283,4629,H,H,0.5918229460914162,0.21552922258943602,0.19264783131914787
model_b_plus_home_advantage,fold_2,71859284,4634,H,H,0.5054565443574972,0.27527696539837254,0.2192664902441302
model_b_plus_home_advantage,fold_2,71859285,4675,D,H,0.6517122302061934,0.23999170534069095,0.10829606445311567
model_b_plus_home_advantage,fold_2,71859286,4724,H,D,0.2938427398255395,0.37399375310925076,0.3321635070652098
model_b_plus_home_advantage,fold_2,71859287,4629,A,A,0.29998241023376665,0.34221630626996546,0.35780128349626783
model_b_plus_home_advantage,fold_2,71859288,4629,D,H,0.35898513432208656,0.2883069565444347,0.35270790913347877
model_b_plus_home_advantage,fold_2,71859289,4724,A,A,0.24941663204620304,0.297507016578968,0.45307635137482893
model_b_plus_home_advantage,fold_2,71859291,4629,D,H,0.45832640308401673,0.19056271636845848,0.3511108805475249
model_b_plus_home_advantage,fold_2,71859292,4634,A,A,0.2163557184797446,0.2466126996895098,0.5370315818307456
model_b_plus_home_advantage,fold_2,71859293,4724,A,H,0.5048200413617334,0.2592491806000657,0.2359307780382009
model_b_plus_home_advantage,fold_2,71859294,4675,A,A,0.167786867999391,0.17851475030864924,0.6536983816919597
model_b_plus_home_advantage,fold_2,71859295,4634,D,A,0.33998313740636027,0.29147546162318094,0.3685414009704587
model_b_plus_home_advantage,fold_2,71859296,4724,A,A,0.30420718273360736,0.20452165516753318,0.4912711620988595
model_b_plus_home_advantage,fold_2,71859297,4629,D,A,0.14341321551219877,0.3228037824153588,0.5337830020724424
model_b_plus_home_advantage,fold_2,71859298,4634,H,H,0.47519372617963423,0.2968407321502405,0.2279655416701253
model_b_plus_home_advantage,fold_2,71859299,4675,A,A,0.15227957650846483,0.1986812409288213,0.6490391825627138
model_b_plus_home_advantage,fold_2,71859300,4675,D,H,0.353656700174413,0.3507656708608204,0.2955776289647666
model_b_plus_home_advantage,fold_2,71859301,4675,H,A,0.1370011099646347,0.2302316794798873,0.632767210555478
model_b_plus_home_advantage,fold_2,71859302,4675,D,H,0.5504356616023288,0.2636151545081761,0.18594918388949513
model_b_plus_home_advantage,fold_2,71859303,4675,A,H,0.4062641767327434,0.2972808906923727,0.29645493257488387
model_b_plus_home_advantage,fold_2,71859304,4724,A,A,0.11474590628046602,0.18935119209224002,0.6959029016272938
model_b_plus_home_advantage,fold_2,71859305,4634,A,A,0.24994661345197827,0.28658466452409753,0.46346872202392414
model_b_plus_home_advantage,fold_2,71859306,4629,H,H,0.5578356632342526,0.20334577267018808,0.2388185640955593
model_b_plus_home_advantage,fold_2,71859307,4634,H,A,0.26234355885846344,0.3088049352910364,0.4288515058505
model_b_plus_home_advantage,fold_2,71859308,4675,A,H,0.36332895776233115,0.33316411602075396,0.30350692621691494
model_b_plus_home_advantage,fold_2,71859327,4634,H,H,0.5364878807854048,0.273953893748505,0.18955822546609033
model_b_plus_home_advantage,fold_2,72188901,4629,A,H,0.443385631034676,0.31274490741430266,0.24386946155102132
model_b_plus_home_advantage,fold_2,72188905,4634,H,H,0.6162928252783261,0.2267895615432087,0.15691761317846514
model_b_plus_home_advantage,fold_2,72188906,4629,D,H,0.5997596351039878,0.2562888999265477,0.14395146496946448
model_b_plus_home_advantage,fold_2,73953296,4630,D,A,0.16924708659513762,0.14579157715762298,0.6849613362472395
model_b_plus_home_advantage,fold_2,73953297,4630,H,H,0.40730345129362533,0.2760024862102239,0.31669406249615073
model_b_plus_home_advantage,fold_2,73953298,4630,H,H,0.6595471642687022,0.16939577847149168,0.17105705725980608
model_b_plus_home_advantage,fold_2,73953299,4630,D,H,0.7843120880908804,0.16403996314806416,0.051647948761055495
model_b_plus_home_advantage,fold_2,73953300,4630,H,H,0.7007930679468851,0.1617990460453184,0.13740788600779638
model_b_plus_home_advantage,fold_2,73953303,4630,H,A,0.12258362711320399,0.2500799039732347,0.6273364689135613
model_b_plus_home_advantage,fold_2,73953310,4630,A,H,0.4301720643691822,0.26104606372134076,0.30878187190947703
model_b_plus_home_advantage,fold_2,73953311,4630,H,A,0.18708709502540186,0.23506445127208542,0.5778484537025127
model_b_plus_home_advantage,fold_2,73953369,4630,H,H,0.6673430150344767,0.20427286787755936,0.12838411708796385
model_b_plus_home_advantage,fold_2,73953370,4630,H,H,0.8344837204666911,0.12097374113316137,0.044542538400147484
model_b_plus_home_advantage,fold_2,74415076,4634,H,H,0.6273599736939219,0.26418194932833605,0.10845807697774203
model_b_plus_home_advantage,fold_2,74415077,4724,H,H,0.7913264417817425,0.14481396504434496,0.0638595931739125
model_b_plus_home_advantage,fold_2,74415078,4629,H,H,0.5721419761133086,0.18189089931064276,0.2459671245760486
model_b_plus_home_advantage,fold_2,74415079,4675,H,H,0.6916279760223885,0.2005095845472779,0.10786243943033368
model_b_plus_home_advantage,fold_2,74415080,4634,D,H,0.6311252215902076,0.2226890267429333,0.14618575166685915
model_b_plus_home_advantage,fold_2,74415081,4724,D,A,0.3002713256669474,0.27191146979559644,0.42781720453745614
model_b_plus_home_advantage,fold_2,74415082,4675,D,A,0.35182378606754106,0.29119681948102144,0.35697939445143745
model_b_plus_home_advantage,fold_2,74415083,4629,A,H,0.566157343014535,0.24149463956159017,0.1923480174238747
model_b_plus_home_advantage,fold_2,74415084,4634,H,H,0.6965173369087582,0.2004254796693366,0.10305718342190515
model_b_plus_home_advantage,fold_2,74415085,4675,H,H,0.8182786741619933,0.12186919392308042,0.05985213191492626
model_b_plus_home_advantage,fold_2,74415086,4724,D,A,0.3086508072730599,0.23065987052303272,0.46068932220390724
model_b_plus_home_advantage,fold_2,74415087,4724,H,H,0.4308952023073444,0.2529384286368411,0.31616636905581447
model_b_plus_home_advantage,fold_2,74415088,4629,H,A,0.31877443530039556,0.3165635132348989,0.3646620514647055
model_b_plus_home_advantage,fold_2,74415089,4629,H,H,0.5008097323730576,0.25353368980353636,0.24565657782340605
model_b_plus_home_advantage,fold_2,74415090,4629,D,H,0.6248979691264409,0.2208844275571206,0.15421760331643847
model_b_plus_home_advantage,fold_2,74415091,4634,D,H,0.5897375261630083,0.2596409186330184,0.15062155520397327
model_b_plus_home_advantage,fold_2,74415092,4629,D,H,0.6251575996814815,0.19679224974995024,0.1780501505685682
model_b_plus_home_advantage,fold_2,74415093,4724,A,H,0.8216464322915595,0.13413365995761029,0.044219907750830185
model_b_plus_home_advantage,fold_2,74415097,4629,D,A,0.1697519954396816,0.21601110285635902,0.6142369017039595
model_b_plus_home_advantage,fold_2,74415098,4634,H,H,0.7706472714874267,0.12613036309233414,0.10322236542023899
model_b_plus_home_advantage,fold_2,74415099,4724,D,H,0.5296923529338838,0.22721340827331352,0.24309423879280262
model_b_plus_home_advantage,fold_2,74415100,4675,D,H,0.5244421020171001,0.26238474175648546,0.21317315622641447
model_b_plus_home_advantage,fold_2,74415101,4634,D,H,0.38447499827656706,0.35381993276921847,0.2617050689542144
model_b_plus_home_advantage,fold_2,74415102,4634,D,H,0.3416988019058649,0.33762680002853285,0.32067439806560216
model_b_plus_home_advantage,fold_2,74415103,4724,H,H,0.7066999809580665,0.1990222690303096,0.09427775001162388
model_b_plus_home_advantage,fold_2,74415104,4629,A,A,0.20732737255909184,0.28757281267958096,0.5050998147613273
model_b_plus_home_advantage,fold_2,74415105,4634,A,A,0.3126875727337627,0.29518376232331967,0.3921286649429176
model_b_plus_home_advantage,fold_2,74415106,4675,D,A,0.299506959192652,0.339288736828038,0.36120430397931
model_b_plus_home_advantage,fold_2,74415107,4675,H,H,0.6591079352080413,0.19802609820922282,0.14286596658273593
model_b_plus_home_advantage,fold_2,74415108,4675,D,H,0.44613391657451973,0.31609803386609436,0.2377680495593858
model_b_plus_home_advantage,fold_2,74415109,4675,H,H,0.9229513321204904,0.06120648556908127,0.01584218231042836
model_b_plus_home_advantage,fold_2,74415110,4724,D,A,0.24917257361400244,0.28838853863465613,0.46243888775134145
model_b_plus_home_advantage,fold_2,74415111,4634,A,A,0.33435406154630865,0.2471942636716437,0.4184516747820477
model_b_plus_home_advantage,fold_2,74415118,4629,D,A,0.3367721337174246,0.22280231209871032,0.44042555418386514
model_b_plus_home_advantage,fold_2,74415119,4634,H,H,0.5754136471007538,0.24365058681494547,0.18093576608430076
model_b_plus_home_advantage,fold_2,74415120,4724,H,H,0.3928922622921283,0.33272896716260614,0.27437877054526555
model_b_plus_home_advantage,fold_2,74415121,4675,H,A,0.3278703744038196,0.29670477426131214,0.3754248513348681
model_b_plus_home_advantage,fold_2,74415122,4724,D,H,0.6151126490487907,0.22857524540803778,0.15631210554317151
model_b_plus_home_advantage,fold_2,78218351,4629,H,H,0.5147596278676736,0.189770047621226,0.29547032451110045
model_b_plus_home_advantage,fold_2,78218352,4634,H,H,0.5590233363010204,0.2571382347244045,0.1838384289745751
model_b_plus_home_advantage,fold_2,78218353,4675,A,A,0.05447018330065982,0.14556078941105305,0.7999690272882871
model_b_plus_home_advantage,fold_2,78483704,4629,D,A,0.2569776339873061,0.30593517710081786,0.437087188911876
model_b_plus_home_advantage,fold_2,78483708,4675,A,A,0.221292589630124,0.25395640983554935,0.5247510005343267
model_b_plus_home_advantage,fold_2,78483709,4634,H,H,0.6496839386296813,0.21808264506972988,0.13223341630058877
model_b_plus_home_advantage,fold_2,78483710,4724,A,A,0.26839138217131675,0.199051069154043,0.5325575486746402
model_b_plus_home_advantage,fold_2,78483711,4629,A,A,0.22170149050270813,0.24325184943711228,0.5350466600601795
model_b_plus_home_advantage,fold_2,78483716,4634,D,H,0.43790909702462444,0.31965586325649414,0.24243503971888145
model_b_plus_home_advantage,fold_2,78483717,4630,A,A,0.3119514416353643,0.3324944230741146,0.35555413529052116
model_b_plus_home_advantage,fold_2,78483718,4630,A,A,0.20980150208896559,0.2549289718239224,0.535269526087112
model_b_plus_home_advantage,fold_2,78483719,4630,H,H,0.48766433007609644,0.21093555624319313,0.3014001136807104
model_b_plus_home_advantage,fold_2,78483720,4630,A,A,0.28778618204173323,0.31803614012436554,0.3941776778339012
model_b_plus_home_advantage,fold_2,78483721,4675,A,A,0.13086194474873153,0.19175493306256497,0.6773831221887034
model_b_plus_home_advantage,fold_2,78483722,4675,H,A,0.1839814038374818,0.2686369921988257,0.5473816039636925
model_b_plus_home_advantage,fold_2,78483723,4675,D,H,0.568638498260665,0.285889340785153,0.14547216095418206
model_b_plus_home_advantage,fold_2,78483724,4675,D,H,0.4012942189115803,0.30012299625247385,0.2985827848359458
model_b_plus_home_advantage,fold_2,78483725,4675,H,H,0.5329375980082746,0.2904660042734394,0.1765963977182861
model_b_plus_home_advantage,fold_2,78483726,4724,H,A,0.26386015078427993,0.3227086996906063,0.41343114952511373
model_b_plus_home_advantage,fold_2,78483727,4634,D,A,0.3080346150868151,0.24004204851368668,0.45192333639949805
model_b_plus_home_advantage,fold_2,78483728,4630,D,H,0.5577133454014993,0.20732857056102327,0.23495808403747745
model_b_plus_home_advantage,fold_2,78483732,4724,H,H,0.38149697965604923,0.27253389288892016,0.34596912745503056
model_b_plus_home_advantage,fold_2,78483733,4634,H,H,0.6646765153341883,0.23205193712951397,0.1032715475362978
model_b_plus_home_advantage,fold_2,78483734,4630,A,A,0.2562942228448251,0.19925765709861892,0.544448120056556
model_b_plus_home_advantage,fold_2,78483753,4630,H,A,0.315447077666346,0.23064581728890138,0.4539071050447525
model_b_plus_home_advantage,fold_2,79034384,4724,D,A,0.3590156775937974,0.224266643063848,0.41671767934235465
model_b_plus_home_advantage,fold_2,79034385,4629,A,A,0.3012364479916605,0.24386315639429568,0.45490039561404383
model_b_plus_home_advantage,fold_2,79034387,4634,A,A,0.08731034045341185,0.2066197996358619,0.7060698599107263
model_b_plus_home_advantage,fold_2,79034388,4724,H,H,0.5304789958056685,0.2731817792315438,0.19633922496278772
model_b_plus_home_advantage,fold_2,79034389,4675,D,H,0.45877411836995324,0.27575484754036383,0.265471034089683
model_b_plus_home_advantage,fold_2,79034390,4630,A,H,0.5212375192309724,0.2214583760821893,0.2573041046868383
model_b_plus_home_advantage,fold_2,79034392,4634,H,A,0.33231950150070555,0.3293046668226072,0.3383758316766873
model_b_plus_home_advantage,fold_2,79034395,4724,H,A,0.33350814509826976,0.30652420528036817,0.359967649621362
model_b_plus_home_advantage,fold_2,79034396,4724,A,A,0.19703071327834656,0.28802205421667604,0.5149472325049774
model_b_plus_home_advantage,fold_2,79034397,4629,A,H,0.43777503121095607,0.20538436966389273,0.35684059912515115
model_b_plus_home_advantage,fold_2,79034398,4629,D,H,0.43747468821487046,0.31650128336345457,0.24602402842167503
model_b_plus_home_advantage,fold_2,79034399,4629,A,H,0.37078356418408304,0.3449470078841633,0.2842694279317536
model_b_plus_home_advantage,fold_2,79034400,4630,A,H,0.4726637162509465,0.18449474721638337,0.34284153653267013
model_b_plus_home_advantage,fold_2,79034404,4634,H,H,0.36704097139549346,0.3329087425674491,0.30005028603705736
model_b_plus_home_advantage,fold_2,79034405,4629,H,H,0.7234701908963364,0.171271649611744,0.10525815949191969
model_b_plus_home_advantage,fold_2,79034406,4724,D,A,0.25815098433978334,0.33507872495750607,0.40677029070271065
model_b_plus_home_advantage,fold_2,79034419,4629,H,H,0.5278020054858278,0.24209530464201393,0.23010268987215834
model_b_plus_home_advantage,fold_2,79034420,4675,D,H,0.4174665544590084,0.32804672215415875,0.2544867233868329
model_b_plus_home_advantage,fold_2,79034430,4634,H,H,0.5958292482287789,0.23926265538904123,0.1649080963821798
model_b_plus_home_advantage,fold_2,79566591,4634,D,H,0.5121211635911452,0.2524961946571056,0.23538264175174908
model_b_plus_home_advantage,fold_2,79566592,4630,H,H,0.38305275233749797,0.32400071047997425,0.2929465371825277
model_b_plus_home_advantage,fold_2,79566593,4724,H,H,0.4769114938977705,0.24772254300471092,0.27536596309751865
model_b_plus_home_advantage,fold_2,79566624,4724,D,A,0.23930505258414977,0.3072219013552243,0.453473046060626
model_b_plus_home_advantage,fold_2,80501659,4634,H,H,0.40614739667305966,0.25444687499585994,0.3394057283310804
model_b_plus_home_advantage,fold_2,80501660,4724,A,A,0.3733710375541477,0.23029687337773186,0.3963320890681204
model_b_plus_home_advantage,fold_2,80501661,4675,A,H,0.38382224277079097,0.343480392339598,0.2726973648896111
model_b_plus_home_advantage,fold_2,80501664,4629,H,H,0.4569520644095783,0.30883515145655716,0.23421278413386454
model_b_plus_home_advantage,fold_2,80798817,4634,H,H,0.8070625403502678,0.13871603592358075,0.05422142372615148
model_b_plus_home_advantage,fold_2,80798819,4675,H,H,0.7248581038520807,0.1978146962019295,0.07732719994598981
model_b_plus_home_advantage,fold_2,80798823,4629,H,A,0.30558985098892155,0.22484867410525844,0.4695614749058201
model_b_plus_home_advantage,fold_2,80798836,4634,D,A,0.2877165748371457,0.3324263040503541,0.3798571211125002
model_b_plus_home_advantage,fold_2,80798837,4630,H,H,0.6055775025292478,0.20972338158535692,0.18469911588539525
model_b_plus_home_advantage,fold_2,80798838,4724,H,H,0.5342791126001456,0.2880071925404067,0.17771369485944769
model_b_plus_home_advantage,fold_2,80798846,4675,H,H,0.7666930778559279,0.1691516273497206,0.06415529479435139
model_b_plus_home_advantage,fold_2,80798847,4630,A,A,0.32014000843433005,0.28786294875756374,0.3919970428081062
model_b_plus_home_advantage,fold_2,80798848,4724,H,H,0.4603097675469893,0.29473935384491207,0.24495087860809867
model_b_plus_home_advantage,fold_2,80798852,4629,H,H,0.6404528495854455,0.2031783178181961,0.1563688325963584
model_b_plus_home_advantage,fold_2,80798859,4634,H,H,0.5525362348082355,0.24021075606605233,0.207253009125712
model_b_plus_home_advantage,fold_2,80798873,4630,H,H,0.515063442610059,0.31060293143119133,0.17433362595874974
model_b_plus_home_advantage,fold_2,80798874,4630,H,H,0.6470551381023865,0.22679391486169087,0.12615094703592264
model_b_plus_home_advantage,fold_2,80798875,4630,H,H,0.6981838099613401,0.20253981026268747,0.09927637977597249
model_b_plus_home_advantage,fold_2,80798876,4675,H,H,0.5039925271756331,0.2166718666982279,0.279335606126139
model_b_plus_home_advantage,fold_2,80798877,4675,H,H,0.4472311561146122,0.26064133311082055,0.29212751077456717
model_b_plus_home_advantage,fold_2,80798878,4675,H,H,0.8776545122101913,0.09569967427943543,0.026645813510373303
model_b_plus_home_advantage,fold_2,80798880,4724,D,H,0.49128809786758687,0.34134342671942114,0.16736847541299207
model_b_plus_home_advantage,fold_2,80798886,4634,H,H,0.6633273925462709,0.19187066188351803,0.14480194557021103
model_b_plus_home_advantage,fold_2,81259723,4675,D,H,0.7363657829748755,0.14272646649728032,0.12090775052784412
model_b_plus_home_advantage,fold_2,81259725,4634,H,H,0.5393939275921728,0.2320281030668293,0.22857796934099797
model_b_plus_home_advantage,fold_2,81259726,4724,A,H,0.43896821585120865,0.23197330340704936,0.3290584807417419
model_b_plus_home_advantage,fold_2,81259727,4629,H,H,0.4917499644723602,0.19827264480078585,0.3099773907268539
model_b_plus_home_advantage,fold_2,81259728,4675,H,H,0.3856502943080664,0.26651157686781973,0.3478381288241139
model_b_plus_home_advantage,fold_2,81259731,4634,D,H,0.7209006774526512,0.18109643592402033,0.09800288662332839
model_b_plus_home_advantage,fold_2,81259732,4724,A,H,0.3656191567246261,0.2703046035364858,0.3640762397388881
model_b_plus_home_advantage,fold_2,81259735,4630,D,H,0.601593729045738,0.1881964958128558,0.21020977514140618
model_b_plus_home_advantage,fold_2,81259736,4629,H,H,0.649464630512857,0.22692696985855876,0.12360839962858415
model_b_plus_home_advantage,fold_2,81259744,4634,D,A,0.3123175894240237,0.33121249516038354,0.35646991541559275
model_b_plus_home_advantage,fold_2,81259746,4675,A,H,0.45779232117583474,0.29412039552009256,0.24808728330407268
model_b_plus_home_advantage,fold_2,81259750,4724,D,H,0.5008632521473634,0.2456017403825985,0.2535350074700381
model_b_plus_home_advantage,fold_2,81259751,4724,H,H,0.6482674824557864,0.2046904236825439,0.14704209386166978
model_b_plus_home_advantage,fold_2,81259752,4629,H,H,0.6679581912007594,0.17678711381969592,0.15525469497954475
model_b_plus_home_advantage,fold_2,81259753,4629,H,H,0.5694952808552715,0.22758064244663864,0.20292407669808984
model_b_plus_home_advantage,fold_2,81259754,4629,D,H,0.5570820875560721,0.2517939902790909,0.191123922164837
model_b_plus_home_advantage,fold_2,81259756,4630,D,H,0.3899793005792524,0.27044196043804203,0.3395787389827055
model_b_plus_home_advantage,fold_2,81259757,4630,H,H,0.7344555487579781,0.1364167374951658,0.12912771374685605
model_b_plus_home_advantage,fold_2,81259758,4630,H,A,0.3165047455703179,0.2866420480084512,0.3968532064212309
model_b_plus_home_advantage,fold_2,81259759,4630,D,A,0.1805036796078027,0.2616608488310039,0.5578354715611934
model_b_plus_home_advantage,fold_2,81259769,4634,D,H,0.45691806123545364,0.26413723907192316,0.27894469969262314
model_b_plus_home_advantage,fold_2,81259773,4629,A,A,0.12648030656591072,0.21299139036514625,0.6605283030689431
model_b_plus_home_advantage,fold_2,81259775,4724,D,A,0.29788450532323735,0.2948026698164796,0.4073128248602829
model_b_plus_home_advantage,fold_2,81727361,4634,D,H,0.6404996638400744,0.22914589118804676,0.1303544449718788
model_b_plus_home_advantage,fold_2,81727362,4724,H,A,0.24030093836709998,0.28878593285115395,0.4709131287817461
model_b_plus_home_advantage,fold_2,83382237,4675,D,H,0.4670052124491178,0.29886933984892805,0.23412544770195426
model_b_plus_home_advantage,fold_2,83382238,4675,D,H,0.40722221336281283,0.21706226200521866,0.3757155246319685
model_b_plus_home_advantage,fold_2,83382239,4675,A,A,0.26370035758834864,0.25557495832147975,0.4807246840901716
model_b_plus_home_advantage,fold_2,83382240,4675,H,H,0.4946426602393289,0.3018391261163284,0.20351821364434272
model_b_plus_home_advantage,fold_2,83382241,4675,H,H,0.3733636445981515,0.3329044402071531,0.2937319151946954
model_b_plus_home_advantage,fold_2,83382242,4675,A,H,0.4137847505000201,0.33978851847704067,0.2464267310229392
model_b_plus_home_advantage,fold_2,83382243,4675,H,A,0.08278969259640788,0.12910846856912342,0.7881018388344686
model_b_plus_home_advantage,fold_2,83382244,4675,H,H,0.41626076022420944,0.3296789290556394,0.2540603107201512
model_b_plus_home_advantage,fold_2,83382245,4675,H,H,0.45505130279995576,0.3412078336150406,0.2037408635850037
model_b_plus_home_advantage,fold_2,83450120,4634,A,H,0.5747570641731611,0.2186229868770152,0.20661994894982375
model_b_plus_home_advantage,fold_2,83450121,4724,D,H,0.38505429534923863,0.28329073060782184,0.33165497404293953
model_b_plus_home_advantage,fold_2,83450122,4629,A,A,0.2640910317700544,0.3018279483606271,0.4340810198693186
model_b_plus_home_advantage,fold_2,83450123,4634,D,A,0.28051849189338873,0.35821504627869755,0.3612664618279138
model_b_plus_home_advantage,fold_2,83450124,4724,A,A,0.22876654693176046,0.257554018280957,0.5136794347872826
model_b_plus_home_advantage,fold_2,83450125,4629,H,H,0.47831420637202954,0.25999243628305563,0.261693357344915
model_b_plus_home_advantage,fold_2,83450127,4724,H,H,0.4666795718037818,0.2686344379885186,0.2646859902076997
model_b_plus_home_advantage,fold_2,83450128,4629,A,A,0.17062170727521406,0.22481463407729194,0.604563658647494
model_b_plus_home_advantage,fold_2,83450129,4629,D,A,0.19125747822957448,0.2156480938694803,0.5930944279009451
model_b_plus_home_advantage,fold_2,83450130,4629,H,H,0.3744701781611204,0.33613835115591106,0.2893914706829686
model_b_plus_home_advantage,fold_2,83450131,4634,H,H,0.702753221698774,0.22480884597712164,0.07243793232410432
model_b_plus_home_advantage,fold_2,83450132,4629,H,H,0.5687135920838674,0.23287958042288967,0.19840682749324282
model_b_plus_home_advantage,fold_2,83450133,4724,D,A,0.2886332406475582,0.31045583898129603,0.40091092037114573
model_b_plus_home_advantage,fold_2,83450134,4629,H,H,0.6504626662290055,0.20880839453283598,0.1407289392381585
model_b_plus_home_advantage,fold_2,83450135,4634,H,H,0.37161903902089727,0.2742036850221642,0.35417727595693854
model_b_plus_home_advantage,fold_2,83450136,4724,H,H,0.704381263874768,0.18789033735809052,0.10772839876714141
model_b_plus_home_advantage,fold_2,83450137,4634,A,A,0.21206463193656144,0.32683285278280727,0.4611025152806314
model_b_plus_home_advantage,fold_2,83450138,4724,H,H,0.3812958785716248,0.28178564451174604,0.33691847691662913
model_b_plus_home_advantage,fold_2,83450139,4629,A,A,0.2856580788768048,0.1909165142415303,0.523425406881665
model_b_plus_home_advantage,fold_2,83450140,4634,D,A,0.29774999276796515,0.2579666996518324,0.4442833075802023
model_b_plus_home_advantage,fold_2,83450141,4724,D,A,0.27902826467301045,0.303252423091624,0.41771931223536557
model_b_plus_home_advantage,fold_2,83450142,4634,A,H,0.5924093792306034,0.22526779324248963,0.18232282752690693
model_b_plus_home_advantage,fold_2,83450143,4629,D,A,0.2911746688170874,0.23132622845212153,0.47749910273079105
model_b_plus_home_advantage,fold_2,83450144,4634,H,H,0.571786537133719,0.22242894440970667,0.20578451845657433
model_b_plus_home_advantage,fold_2,83450145,4724,H,A,0.3766232797581442,0.23205615217295422,0.39132056806890164
model_b_plus_home_advantage,fold_2,83450146,4630,A,H,0.6317816832072549,0.19888644933505845,0.1693318674576866
model_b_plus_home_advantage,fold_2,83450147,4630,H,A,0.3228229765948966,0.20496025556604625,0.4722167678390572
model_b_plus_home_advantage,fold_2,83450148,4630,H,H,0.421011653691412,0.1937323535075661,0.3852559928010218
model_b_plus_home_advantage,fold_2,83450149,4630,H,A,0.2659377241456599,0.1582222659951371,0.5758400098592029
model_b_plus_home_advantage,fold_2,83450150,4630,A,H,0.4075858760845297,0.3597775309269272,0.2326365929885431
model_b_plus_home_advantage,fold_2,83450151,4630,A,A,0.045995240601136245,0.19273552091361373,0.7612692384852501
model_b_plus_home_advantage,fold_2,83450152,4630,H,H,0.3929732908108126,0.21955099072106687,0.38747571846812057
model_b_plus_home_advantage,fold_2,83450153,4630,H,H,0.43120900253372346,0.28165566238892475,0.28713533507735167
model_b_plus_home_advantage,fold_2,83450154,4630,A,A,0.1101384515615317,0.1693719645900959,0.7204895838483725
model_b_plus_home_advantage,fold_2,83450155,4630,H,H,0.39614033652727076,0.343034426382157,0.2608252370905722
model_b_plus_home_advantage,fold_2,83855525,4634,D,H,0.4561665185321313,0.27556387535970495,0.2682696061081637
model_b_plus_home_advantage,fold_2,83855526,4724,H,D,0.33322017537038695,0.3345439400917407,0.3322358845378723
model_b_plus_home_advantage,fold_2,83855528,4724,D,A,0.2363084905948221,0.28264219317877204,0.4810493162264058
model_b_plus_home_advantage,fold_2,84969967,4630,A,A,0.1543561429480465,0.2418845250456808,0.6037593320062729
model_b_plus_home_advantage,fold_2,84970504,4630,D,H,0.5387615092235448,0.30954453257373876,0.15169395820271642
model_b_plus_home_advantage,fold_2,84970510,4630,A,H,0.576476597586883,0.23731790148793191,0.18620550092518515
model_b_plus_home_advantage,fold_2,84970512,4630,H,A,0.12231312746238092,0.24750924479440709,0.6301776277432121
model_b_plus_home_advantage,fold_2,84970516,4630,D,H,0.5124559806863286,0.2500219104606706,0.23752210885300082
model_b_plus_home_advantage,fold_2,84971007,4630,H,H,0.4169257007504677,0.18000513435692664,0.4030691648926056
model_b_plus_home_advantage,fold_2,85359967,4630,H,H,0.5585989663286551,0.17382480263544914,0.2675762310358958
model_b_plus_home_advantage,fold_2,85359968,4630,H,H,0.42675510176119275,0.2606245033050691,0.3126203949337383
model_b_plus_home_advantage,fold_2,85359969,4630,A,A,0.07862770887882907,0.13612037866331184,0.7852519124578591
model_b_plus_home_advantage,fold_2,85360261,4630,H,A,0.3719838203941034,0.19913031788127136,0.4288858617246253
model_b_plus_home_advantage,fold_2,85402270,4675,H,H,0.6674830670417882,0.2166204677486362,0.11589646520957556
model_b_plus_home_advantage,fold_2,85402271,4675,A,H,0.38681037911390803,0.24389106766507782,0.3692985532210141
model_b_plus_home_advantage,fold_2,85402272,4675,D,A,0.35896388677242247,0.25043428344633695,0.39060182978124064
model_b_plus_home_advantage,fold_2,85402273,4675,H,H,0.4969133621304051,0.26771738117592137,0.23536925669367345
model_b_plus_home_advantage,fold_2,85402274,4675,A,H,0.6153185133464142,0.23979350311199968,0.14488798354158614
model_b_plus_home_advantage,fold_2,85402275,4675,D,H,0.48319173651126757,0.2863458091833199,0.2304624543054125
model_b_plus_home_advantage,fold_2,85402278,4675,H,H,0.6766560919458906,0.1726465977335995,0.15069731032050993
model_b_plus_home_advantage,fold_2,85402295,4675,H,H,0.7248600554901155,0.14486221173725436,0.13027773277263024
model_b_plus_home_advantage,fold_2,85402299,4675,H,H,0.40852801638477493,0.378739156552318,0.21273282706290708
model_b_plus_home_advantage,fold_2,85459650,4629,D,A,0.24465647930442638,0.21569627337053385,0.5396472473250399
model_b_plus_home_advantage,fold_2,85459651,4634,D,H,0.6368128821948418,0.229892395400522,0.13329472240463627
model_b_plus_home_advantage,fold_2,85459652,4634,D,A,0.1992077587052739,0.24658455905492904,0.5542076822397971
model_b_plus_home_advantage,fold_2,85459653,4724,H,H,0.4434388879546553,0.3570850099967362,0.1994761020486085
model_b_plus_home_advantage,fold_2,85459654,4724,H,H,0.7085333463734641,0.17178933634330973,0.11967731728322613
model_b_plus_home_advantage,fold_2,85459655,4629,A,H,0.3968709342179819,0.23703118886831523,0.36609787691370277
model_b_plus_home_advantage,fold_2,85459656,4629,H,H,0.6119974509196577,0.19631280590533937,0.19168974317500287
model_b_plus_home_advantage,fold_2,85459657,4634,A,H,0.6569344588222321,0.21629684636017255,0.1267686948175953
model_b_plus_home_advantage,fold_2,85459658,4629,H,A,0.21285663105443534,0.23655893138102707,0.5505844375645376
model_b_plus_home_advantage,fold_2,85459659,4634,H,H,0.3893470612451412,0.23069566769758748,0.37995727105727123
model_b_plus_home_advantage,fold_2,85459660,4634,H,H,0.8368777676413988,0.11655587490744171,0.04656635745115943
model_b_plus_home_advantage,fold_2,85459661,4724,A,A,0.19789001579532078,0.21218245145108808,0.5899275327535911
model_b_plus_home_advantage,fold_2,85459662,4724,H,H,0.3936981547362265,0.27427743770498825,0.33202440755878526
model_b_plus_home_advantage,fold_2,85459663,4629,H,H,0.5505525611851801,0.29114047294512935,0.1583069658696906
model_b_plus_home_advantage,fold_2,85459664,4634,D,H,0.46910429745569626,0.2961710950959244,0.23472460744837934
model_b_plus_home_advantage,fold_2,85459665,4724,D,A,0.335789638413142,0.31458499857420863,0.34962536301264935
model_b_plus_home_advantage,fold_2,85459666,4724,H,H,0.6620403272306156,0.20034431747602197,0.1376153552933625
model_b_plus_home_advantage,fold_2,85459667,4629,A,A,0.27195044455956136,0.2568560657554334,0.4711934896850053
model_b_plus_home_advantage,fold_2,85459668,4629,A,D,0.2987213243936386,0.36034703060714185,0.3409316449992195
model_b_plus_home_advantage,fold_2,85459669,4629,D,H,0.38475299584182066,0.26166990561299364,0.35357709854518565
model_b_plus_home_advantage,fold_2,85459670,4634,D,H,0.4366304122224657,0.30901680414894234,0.2543527836285919
model_b_plus_home_advantage,fold_2,85459671,4724,H,H,0.4623113641365516,0.26654608933682783,0.2711425465266205
model_b_plus_home_advantage,fold_2,85459672,4724,H,H,0.4115965793384068,0.35576328633684273,0.2326401343247504
model_b_plus_home_advantage,fold_2,85459673,4634,H,H,0.5355482835772496,0.28155421407725395,0.1828975023454965
model_b_plus_home_advantage,fold_2,85459674,4629,A,H,0.6330352729877843,0.2222450316805486,0.14471969533166706
model_b_plus_home_advantage,fold_2,85459675,4634,H,H,0.3563946603208735,0.34101792272401554,0.3025874169551109
model_b_plus_home_advantage,fold_2,85459676,4724,D,A,0.26557894843797253,0.2758778086062945,0.45854324295573307
model_b_plus_home_advantage,fold_2,85823939,4724,H,H,0.6675081390588425,0.21176082389747508,0.12073103704368236
model_b_plus_home_advantage,fold_2,86067470,4634,H,H,0.5040095042407411,0.2537799606652517,0.24221053509400722
model_b_plus_home_advantage,fold_2,86506310,4630,D,H,0.7116310057507287,0.16193432171849542,0.12643467253077592
model_b_plus_home_advantage,fold_2,86506312,4630,H,H,0.38294239957949694,0.3451971611615531,0.2718604392589499
model_b_plus_home_advantage,fold_2,86506313,4630,A,A,0.3533472206657486,0.21653248948297463,0.43012028985127687
model_b_plus_home_advantage,fold_2,86506314,4630,H,H,0.5102304363071637,0.25327898132076543,0.23649058237207088
model_b_plus_home_advantage,fold_2,86506316,4630,H,H,0.48750508645072577,0.2621889990442285,0.25030591450504586
model_b_plus_home_advantage,fold_2,86506317,4630,D,H,0.6650638574552032,0.20040049612678668,0.1345356464180101
model_b_plus_home_advantage,fold_2,86506318,4630,H,H,0.665171390470861,0.24671517302799234,0.08811343650114661
model_b_plus_home_advantage,fold_2,86506320,4630,A,A,0.1757775423367768,0.2337124723884687,0.5905099852747545
model_b_plus_home_advantage,fold_2,86506322,4630,A,A,0.23388393297484247,0.28808311932412595,0.4780329477010316
model_b_plus_home_advantage,fold_2,86853538,4630,D,A,0.2663304741620563,0.2606605737564421,0.4730089520815016
model_b_plus_home_advantage,fold_2,87198544,4630,D,H,0.5473418676002259,0.16074868951525187,0.2919094428845222
model_b_plus_home_advantage,fold_2,87198545,4630,H,H,0.42531817246908904,0.2969718599885031,0.2777099675424078
model_b_plus_home_advantage,fold_2,87198546,4630,A,D,0.33642163273989795,0.3546111476762578,0.3089672195838444
model_b_plus_home_advantage,fold_2,87198547,4630,H,A,0.1647035004628394,0.20699002257469512,0.6283064769624656
model_b_plus_home_advantage,fold_2,87198548,4630,A,H,0.4666807269889632,0.2537161199816819,0.2796031530293548
model_b_plus_home_advantage,fold_2,87198549,4630,H,H,0.37865430968285646,0.2907512593193538,0.33059443099778973
model_b_plus_home_advantage,fold_2,87198550,4630,D,H,0.8187253787730399,0.1414073158835158,0.03986730534344432
model_b_plus_home_advantage,fold_2,87198551,4675,H,D,0.32757514298903534,0.34204036044754516,0.33038449656341945
model_b_plus_home_advantage,fold_2,87198552,4675,H,H,0.7015452373288978,0.20493395782060284,0.09352080485049935
model_b_plus_home_advantage,fold_2,87198553,4675,A,A,0.12488583832754327,0.17056559489497652,0.7045485667774802
model_b_plus_home_advantage,fold_2,87198554,4675,H,H,0.5098055890708317,0.276552108698103,0.21364230223106523
model_b_plus_home_advantage,fold_2,87198555,4675,H,H,0.695236144689608,0.20940946466263852,0.09535439064775343
model_b_plus_home_advantage,fold_2,87198556,4675,H,H,0.4723407862820137,0.32108728049241797,0.20657193322556833
model_b_plus_home_advantage,fold_2,87198557,4634,A,A,0.26756011981497313,0.26671724575691047,0.4657226344281164
model_b_plus_home_advantage,fold_2,87198558,4634,D,H,0.5793724692855629,0.2720027637479594,0.14862476696647772
model_b_plus_home_advantage,fold_2,87198559,4675,D,H,0.5278950667908542,0.311166931368265,0.16093800184088075
model_b_plus_home_advantage,fold_2,87198560,4675,D,H,0.49451489804177,0.28071167270022845,0.22477342925800156
model_b_plus_home_advantage,fold_2,87198561,4634,A,H,0.5342383720011915,0.22120669305760587,0.24455493494120265
model_b_plus_home_advantage,fold_2,87198562,4675,D,A,0.15294403094337367,0.25008358077554277,0.5969723882810836
model_b_plus_home_advantage,fold_2,87198564,4630,H,A,0.37367389185034244,0.20665865838067585,0.41966744976898185
model_b_plus_home_advantage,fold_2,87247092,4724,A,A,0.30614739373100497,0.26001379324002233,0.43383881302897265
model_b_plus_home_advantage,fold_2,87247093,4629,H,H,0.7904220432178515,0.1490152063163858,0.060562750465762684
model_b_plus_home_advantage,fold_2,87247094,4724,A,H,0.37049077387164814,0.3065397978051037,0.32296942832324815
model_b_plus_home_advantage,fold_2,87247095,4629,H,A,0.2206869087007083,0.2934976747812492,0.4858154165180424
model_b_plus_home_advantage,fold_2,87247096,4634,H,H,0.7161686858710135,0.21900338077885959,0.06482793335012703
model_b_plus_home_advantage,fold_2,87247097,4724,H,A,0.3208601068642447,0.258080458914149,0.42105943422160635
model_b_plus_home_advantage,fold_2,87247098,4724,H,H,0.6718690596628529,0.18750646671235363,0.14062447362479347
model_b_plus_home_advantage,fold_2,87247099,4724,H,A,0.36101473925349997,0.2746769119041848,0.36430834884231517
model_b_plus_home_advantage,fold_2,87247100,4724,D,H,0.47195646817552095,0.2790229787014704,0.24902055312300864
model_b_plus_home_advantage,fold_2,87247101,4724,H,A,0.3642287806739113,0.24203188418850186,0.3937393351375869
model_b_plus_home_advantage,fold_2,87247102,4724,A,A,0.2275163494054683,0.29894093077813977,0.4735427198163919
model_b_plus_home_advantage,fold_2,87247103,4724,D,A,0.16086907888207655,0.28684514243598513,0.5522857786819382
model_b_plus_home_advantage,fold_2,87247104,4724,A,A,0.22551606420237247,0.29959688651132094,0.47488704928630654
model_b_plus_home_advantage,fold_2,87247105,4634,A,A,0.22569981944044154,0.2569086889485755,0.517391491610983
model_b_plus_home_advantage,fold_2,87247106,4634,H,H,0.47947567157016957,0.3047255104847382,0.2157988179450922
model_b_plus_home_advantage,fold_2,87247107,4634,D,A,0.21394138379969588,0.34312275611542875,0.44293586008487534
model_b_plus_home_advantage,fold_2,87247108,4634,D,H,0.3865959886388557,0.24980575188987073,0.3635982594712735
model_b_plus_home_advantage,fold_2,87247109,4634,H,A,0.27210280359778605,0.3468904254613063,0.3810067709409076
model_b_plus_home_advantage,fold_2,87247110,4634,H,H,0.6342065062072356,0.19650981351207084,0.16928368028069352
model_b_plus_home_advantage,fold_2,87247111,4629,H,H,0.5995118925631174,0.220627507849787,0.17986059958709555
model_b_plus_home_advantage,fold_2,87247112,4629,D,H,0.4206623936642477,0.22336005634884112,0.3559775499869113
model_b_plus_home_advantage,fold_2,87247113,4629,H,H,0.42044587480236495,0.30396155946471604,0.27559256573291896
model_b_plus_home_advantage,fold_2,87247114,4629,H,H,0.36377790061411097,0.2731353863946013,0.3630867129912877
model_b_plus_home_advantage,fold_2,87247115,4629,H,H,0.44871384203323156,0.272988459346183,0.2782976986205855
model_b_plus_home_advantage,fold_2,87247116,4629,A,A,0.227223218244785,0.2034304033844554,0.5693463783707596
model_b_plus_home_advantage,fold_2,87505929,4634,D,A,0.22054776953902291,0.2918988742404418,0.4875533562205352
model_b_plus_home_advantage,fold_2,87546521,4629,A,A,0.2938994350111323,0.24709647250916655,0.45900409247970125
model_b_plus_home_advantage,fold_2,88204418,4630,H,H,0.8229514329987699,0.10837461239687987,0.06867395460435023
model_b_plus_home_advantage,fold_2,88697568,4630,A,H,0.6788633193562623,0.20413676388107496,0.11699991676266272
model_b_plus_home_advantage,fold_2,88697569,4630,H,H,0.3811962527778182,0.2929951251673491,0.32580862205483274
model_b_plus_home_advantage,fold_2,88697570,4630,A,A,0.2719671602502917,0.19457046238795658,0.5334623773617517
model_b_plus_home_advantage,fold_2,88697571,4630,H,H,0.5858170123936661,0.20711911985871484,0.207063867747619
model_b_plus_home_advantage,fold_2,88697572,4630,A,H,0.5303455140848319,0.2257273025054461,0.24392718340972197
model_b_plus_home_advantage,fold_2,88697573,4630,H,A,0.23090102170412158,0.2129364293107034,0.556162548985175
model_b_plus_home_advantage,fold_2,88697574,4630,A,A,0.11059010307370241,0.19634504741474806,0.6930648495115496
model_b_plus_home_advantage,fold_2,88697576,4630,A,D,0.3281051205509291,0.35647320963139806,0.31542166981767283
model_b_plus_home_advantage,fold_2,88697577,4630,H,H,0.470359530558773,0.24337915938120822,0.28626131006001865
model_b_plus_home_advantage,fold_2,88697578,4630,A,H,0.6709182372700406,0.1885039091847695,0.14057785354518998
model_b_plus_home_advantage,fold_2,88969409,4724,H,H,0.4643227914797834,0.26540474719548796,0.27027246132472876
model_b_plus_home_advantage,fold_2,88969410,4724,H,H,0.4772980392401797,0.27979062369091107,0.24291133706890927
model_b_plus_home_advantage,fold_2,88969411,4724,A,H,0.5615090306582067,0.2618580477501226,0.17663292159167074
model_b_plus_home_advantage,fold_2,88969412,4724,H,A,0.2754042875303993,0.31245859349775157,0.4121371189718491
model_b_plus_home_advantage,fold_2,88969413,4724,D,H,0.5077055122890529,0.3229631146741738,0.1693313730367733
model_b_plus_home_advantage,fold_2,88969414,4724,H,H,0.5426360637879174,0.2372331018757723,0.22013083433631025
model_b_plus_home_advantage,fold_2,88969415,4724,H,H,0.4739227848142669,0.309224267071543,0.21685294811419004
model_b_plus_home_advantage,fold_2,88969416,4724,D,A,0.13514736267982966,0.20314492461538167,0.6617077127047887
model_b_plus_home_advantage,fold_2,88969417,4724,D,H,0.6940456200381179,0.1563890421714839,0.1495653377903982
model_b_plus_home_advantage,fold_2,88969418,4724,H,H,0.5310012999070656,0.22457356389791555,0.24442513619501888
model_b_plus_home_advantage,fold_2,89117066,4634,H,H,0.5549228440560604,0.2707579041998509,0.1743192517440887
model_b_plus_home_advantage,fold_2,89117068,4634,D,H,0.5707429457564459,0.2321321187203856,0.19712493552316843
model_b_plus_home_advantage,fold_2,89117069,4634,A,H,0.48892147834258426,0.31968665093762044,0.19139187071979522
model_b_plus_home_advantage,fold_2,89260692,4634,H,H,0.4817955701597967,0.21162376640059097,0.3065806634396123
model_b_plus_home_advantage,fold_2,89260694,4634,H,H,0.7481216388953589,0.18192921385055907,0.069949147254082
model_b_plus_home_advantage,fold_2,89260695,4634,H,H,0.4778245762645763,0.26245265584521266,0.25972276789021104
model_b_plus_home_advantage,fold_2,89260699,4634,H,H,0.4134701056809557,0.36060488573909044,0.2259250085799539
model_b_plus_home_advantage,fold_2,89404832,4634,A,A,0.18699214241496687,0.23230097815217693,0.5807068794328563
model_b_plus_home_advantage,fold_2,89404835,4634,A,H,0.3707096629672599,0.2696293554653208,0.3596609815674194
model_b_plus_home_advantage,fold_2,89404836,4634,H,H,0.46591883340610246,0.39483752968277186,0.13924363691112565
model_b_plus_home_advantage,fold_2,89587259,4630,A,A,0.22483671830581517,0.217918374713382,0.5572449069808029
model_b_plus_home_advantage,fold_2,89587322,4630,H,H,0.6873668869888573,0.1872351839751533,0.12539792903598937
model_b_plus_home_advantage,fold_2,89587323,4630,H,H,0.36556867021908174,0.26891438464036405,0.36551694514055433
model_b_plus_home_advantage,fold_2,89587324,4630,H,H,0.849243817845318,0.12327074981516185,0.027485432339520173
model_b_plus_home_advantage,fold_2,89587325,4630,H,A,0.34237251121294504,0.2765267493426974,0.38110073944435763
model_b_plus_home_advantage,fold_2,89587614,4630,H,A,0.3232912603911415,0.32586940667712944,0.3508393329317291
model_b_plus_home_advantage,fold_2,89744205,4630,H,A,0.14339554270783267,0.15514164202936098,0.7014628152628064
model_b_plus_home_advantage,fold_2,89744206,4630,H,H,0.4574962462035752,0.3218592922883643,0.22064446150806058
model_b_plus_home_advantage,fold_2,89755839,4724,D,A,0.3408922267614837,0.2860751166661712,0.3730326565723452
model_b_plus_home_advantage,fold_2,89755840,4724,A,A,0.15458979649517823,0.28469078806474846,0.5607194154400732
model_b_plus_home_advantage,fold_2,89755842,4724,A,A,0.2852187341614732,0.34663749173718317,0.36814377410134363
model_b_plus_home_advantage,fold_2,89755843,4724,H,A,0.2953214220222238,0.23568787498884716,0.46899070298892903
model_b_plus_home_advantage,fold_2,89755844,4724,A,A,0.24355388843303097,0.2561659035233968,0.5002802080435722
model_b_plus_home_advantage,fold_2,89755846,4724,H,A,0.29811575643705146,0.27888230025454935,0.42300194330839913
model_b_plus_home_advantage,fold_2,89755847,4724,D,H,0.4320463965456892,0.2831304083421213,0.28482319511218945
model_b_plus_home_advantage,fold_2,89755848,4724,A,H,0.441109635009362,0.2482688123777944,0.31062155261284347
model_b_plus_home_advantage,fold_2,89755849,4724,H,H,0.7160465135678636,0.18766142567128244,0.09629206076085399
model_b_plus_home_advantage,fold_2,89755850,4724,D,H,0.40748913881615734,0.2746391961484878,0.31787166503535486
model_b_plus_home_advantage,fold_2,89755851,4630,D,A,0.2379978152024146,0.2637636997282653,0.49823848506932006
model_b_plus_home_advantage,fold_2,89755852,4630,H,H,0.7713866131103427,0.09948717466391867,0.12912621222573858
model_b_plus_home_advantage,fold_2,90150696,4629,D,H,0.5185895045643906,0.2858175312888328,0.19559296414677663
model_b_plus_home_advantage,fold_2,90150697,4634,A,H,0.5632408641587286,0.256615681426052,0.18014345441521934
model_b_plus_home_advantage,fold_2,90150699,4675,H,H,0.8490325358073736,0.11028115900264736,0.04068630518997913
model_b_plus_home_advantage,fold_2,90229724,4675,D,H,0.5600385357294417,0.2200223493617918,0.2199391149087665
model_b_plus_home_advantage,fold_2,90229731,4629,H,A,0.3628598026223665,0.23446681426095628,0.4026733831166771
model_b_plus_home_advantage,fold_2,90229735,4634,H,H,0.5969584525548839,0.239181024940183,0.16386052250493316
model_b_plus_home_advantage,fold_2,90229746,4675,A,A,0.29209861913934954,0.23529740060426418,0.4726039802563862
model_b_plus_home_advantage,fold_2,90229749,4634,H,H,0.6148490445417397,0.20740751795458526,0.17774343750367502
model_b_plus_home_advantage,fold_2,90229750,4630,A,A,0.15612587597909158,0.1720773239257489,0.6717968000951596
model_b_plus_home_advantage,fold_2,90229752,4629,A,H,0.5837566148966361,0.21180316400176524,0.20444022110159862
model_b_plus_home_advantage,fold_2,90229755,4634,D,H,0.43455936428595765,0.3300436810353332,0.2353969546787091
model_b_plus_home_advantage,fold_2,90229767,4675,A,A,0.10468920444789992,0.16841647399106632,0.7268943215610338
model_b_plus_home_advantage,fold_2,90229768,4675,D,H,0.5718269583660452,0.2715357953792476,0.15663724625470712
model_b_plus_home_advantage,fold_2,90229769,4675,D,H,0.5613955321538904,0.26115843760644014,0.17744603023966943
model_b_plus_home_advantage,fold_2,90229770,4675,A,H,0.7310872198872236,0.15790978035412317,0.11100299975865323
model_b_plus_home_advantage,fold_2,90229779,4634,H,H,0.5336146223703787,0.2803378016702457,0.18604757595937566
model_b_plus_home_advantage,fold_2,90229780,4630,H,H,0.5755767120982612,0.2299329072647015,0.1944903806370373
model_b_plus_home_advantage,fold_2,90352271,4630,D,A,0.3735505197979374,0.2151062512727731,0.4113432289292895
model_b_plus_home_advantage,fold_2,90352273,4724,A,A,0.1534303519794946,0.20699595918907618,0.6395736888314294
model_b_plus_home_advantage,fold_2,90352274,4724,H,H,0.522693032052271,0.2882442631943484,0.1890627047533806
model_b_plus_home_advantage,fold_2,90352285,4724,D,A,0.28942404189059373,0.27307464191669917,0.4375013161927072
model_b_plus_home_advantage,fold_2,90352290,4724,H,H,0.4261657520612596,0.2470586590123296,0.32677558892641073
model_b_plus_home_advantage,fold_2,90352291,4629,A,A,0.3216391186029913,0.23133536989340284,0.44702551150360587
model_b_plus_home_advantage,fold_2,90352296,4724,D,H,0.6039791306031691,0.2015724673779806,0.19444840201885033
model_b_plus_home_advantage,fold_2,90352297,4675,H,A,0.19465049923369657,0.2302667017430131,0.5750827990232904
model_b_plus_home_advantage,fold_2,90352298,4629,H,H,0.38417155051679086,0.27254937552053105,0.3432790739626781
model_b_plus_home_advantage,fold_2,90352304,4634,A,A,0.3146323748907428,0.3042018483841855,0.3811657767250717
model_b_plus_home_advantage,fold_2,90352305,4675,D,H,0.5730047490082033,0.26087908146321065,0.16611616952858607
model_b_plus_home_advantage,fold_2,90352308,4724,H,H,0.7352841472335432,0.1914230932960284,0.07329275947042843
model_b_plus_home_advantage,fold_2,90352309,4724,H,H,0.3649894155893397,0.2767091745815059,0.35830140982915426
model_b_plus_home_advantage,fold_2,90352310,4629,H,H,0.5596999751355793,0.211926225546532,0.22837379931788862
model_b_plus_home_advantage,fold_2,90352311,4629,A,A,0.31294412656481263,0.29853028822820793,0.3885255852069794
model_b_plus_home_advantage,fold_2,90352312,4629,A,H,0.538360453407048,0.23446951346327244,0.2271700331296797
model_b_plus_home_advantage,fold_2,90352313,4630,D,A,0.3199319456435612,0.22844028111333853,0.4516277732431002
model_b_plus_home_advantage,fold_2,90352317,4634,D,A,0.2512737821954211,0.29491900698448376,0.4538072108200951
model_b_plus_home_advantage,fold_2,90352318,4629,H,H,0.641102181839522,0.22042693534802868,0.13847088281244943
model_b_plus_home_advantage,fold_2,90352320,4724,H,H,0.4256561679291163,0.2632851862595615,0.31105864581132203
model_b_plus_home_advantage,fold_2,90450275,4724,H,H,0.5791910251845622,0.2539385118679897,0.1668704629474481
model_b_plus_home_advantage,fold_2,90450277,4630,D,H,0.505544234153633,0.27416481862884456,0.22029094721752238
model_b_plus_home_advantage,fold_2,90559695,4724,H,H,0.5817671684033706,0.23418962763349246,0.18404320396313684
model_b_plus_home_advantage,fold_2,92627898,4675,D,H,0.5489815248368763,0.23592515261296523,0.21509332255015837
model_b_plus_home_advantage,fold_2,92990950,4634,H,H,0.5313964991262011,0.3092716676279087,0.15933183324589015
model_b_plus_home_advantage,fold_2,94360868,4675,A,H,0.46041894977435627,0.18372468649030985,0.35585636373533397
model_b_plus_home_advantage,fold_2,94360869,4630,H,H,0.7094170515065674,0.15136845226972764,0.13921449622370485
model_b_plus_home_advantage,fold_2,94360874,4634,A,H,0.38969923781673693,0.2597587378014042,0.35054202438185894
model_b_plus_home_advantage,fold_2,94360880,4634,H,A,0.22260529876545426,0.3026983048309499,0.4746963964035959
model_b_plus_home_advantage,fold_2,94360881,4630,H,H,0.5121843350361888,0.2495106321042852,0.2383050328595261
model_b_plus_home_advantage,fold_2,94360887,4634,A,A,0.24945341129640294,0.24888095127264456,0.5016656374309525
model_b_plus_home_advantage,fold_2,94360889,4675,D,A,0.33970995456273656,0.2704968339898725,0.38979321144739093
model_b_plus_home_advantage,fold_2,94360890,4675,D,H,0.4214149964029219,0.2854413753577263,0.2931436282393517
model_b_plus_home_advantage,fold_2,94360891,4675,H,A,0.27222286410832197,0.2225349725193649,0.5052421633723131
model_b_plus_home_advantage,fold_2,94360892,4675,A,H,0.3840623046600461,0.23856323330430193,0.37737446203565195
model_b_plus_home_advantage,fold_2,94360893,4675,H,H,0.6219880987122023,0.20821810194043414,0.16979379934736358
model_b_plus_home_advantage,fold_2,94360897,4634,A,H,0.5826788011305363,0.22110281563274564,0.19621838323671814
model_b_plus_home_advantage,fold_2,94638448,4634,H,H,0.51305213568555,0.24125971234384447,0.2456881519706055
model_b_plus_home_advantage,fold_2,94638450,4634,A,A,0.31211208462519435,0.22961478414844577,0.45827313122636
model_b_plus_home_advantage,fold_2,94638453,4675,A,H,0.516731587730173,0.27047627884570274,0.21279213342412426
model_b_plus_home_advantage,fold_2,94638454,4630,A,A,0.22506108457178886,0.17902408223007182,0.5959148331981394
model_b_plus_home_advantage,fold_2,94638458,4634,H,H,0.7811407265239709,0.17380852079651693,0.04505075267951215
model_b_plus_home_advantage,fold_2,94638462,4675,A,H,0.8827739144718109,0.0958395224939477,0.021386563034241322
model_b_plus_home_advantage,fold_2,94638464,4630,D,A,0.19676049267873033,0.30018422771485265,0.503055279606417
model_b_plus_home_advantage,fold_2,94638468,4634,H,H,0.40696949750081235,0.33883755769496454,0.2541929448042231
model_b_plus_home_advantage,fold_2,94678160,4724,A,A,0.32377821091334785,0.2605497518436019,0.4156720372430502
model_b_plus_home_advantage,fold_2,94678161,4724,A,A,0.22575992871936243,0.3071053684476385,0.46713470283299896
model_b_plus_home_advantage,fold_2,94678162,4724,H,H,0.44031770175022533,0.2607689864519802,0.2989133117977944
model_b_plus_home_advantage,fold_2,94678163,4724,H,D,0.31540472985712814,0.34406942636209464,0.3405258437807772
model_b_plus_home_advantage,fold_2,94678164,4724,A,A,0.25810073191523647,0.3060001455426476,0.4358991225421158
model_b_plus_home_advantage,fold_2,94678165,4724,H,H,0.5028467455650739,0.2904477075389495,0.20670554689597656
model_b_plus_home_advantage,fold_2,94907114,4634,D,D,0.3490442661714515,0.36921423709549317,0.2817414967330553
model_b_plus_home_advantage,fold_2,94907115,4630,D,H,0.5803581370522407,0.2506057288082214,0.16903613413953789
model_b_plus_home_advantage,fold_2,95530892,4629,A,A,0.34540470026751036,0.25363338408899155,0.40096191564349803
model_b_plus_home_advantage,fold_2,95697293,4629,D,A,0.2832286797910102,0.2387083011610709,0.47806301904791887
model_b_plus_home_advantage,fold_2,95697296,4629,H,H,0.5830992168800065,0.2601685086522789,0.15673227446771462
model_b_plus_home_advantage,fold_2,96032296,4675,D,H,0.7985199485248496,0.13999914038383268,0.06148091109131765
model_b_plus_home_advantage,fold_2,96032297,4675,H,H,0.43468715139443603,0.3154228828834371,0.24988996572212685
model_b_plus_home_advantage,fold_2,96032299,4629,D,H,0.5860155143786895,0.22452991696741245,0.18945456865389798
model_b_plus_home_advantage,fold_2,96032302,4675,H,H,0.6126558947083507,0.2391648881565598,0.14817921713508955
model_b_plus_home_advantage,fold_2,96032303,4629,A,A,0.3141352640306241,0.2495235146123654,0.4363412213570104
model_b_plus_home_advantage,fold_2,96032304,4675,H,H,0.4571795039523139,0.3585880493392357,0.18423244670845038
model_b_plus_home_advantage,fold_2,96032305,4629,D,H,0.5124349779327166,0.24407989279359635,0.24348512927368707
model_b_plus_home_advantage,fold_2,96032306,4629,D,A,0.3190304806423531,0.29138314915314756,0.3895863702044994
model_b_plus_home_advantage,fold_2,96032307,4629,D,A,0.19024508265553972,0.31392345404390104,0.4958314633005594
model_b_plus_home_advantage,fold_2,96032309,4629,D,A,0.22199818776141997,0.21788919834915094,0.5601126138894291
model_b_plus_home_advantage,fold_2,96348848,4675,H,H,0.4104189131105083,0.192852616433229,0.39672847045626264
model_b_plus_home_advantage,fold_2,96348849,4675,A,A,0.05519163160230367,0.14103882107313287,0.8037695473245634
model_b_plus_home_advantage,fold_2,96348850,4675,H,H,0.3695397231695513,0.35729739451952763,0.273162882310921
model_b_plus_home_advantage,fold_2,96348851,4675,D,H,0.5062387925193129,0.32484920266334466,0.16891200481734236
model_b_plus_home_advantage,fold_2,96348852,4675,D,H,0.5500155389710448,0.2717749442916727,0.17820951673728244
model_b_plus_home_advantage,fold_2,96387280,4724,H,A,0.3418703492852101,0.31232036507087924,0.3458092856439107
model_b_plus_home_advantage,fold_2,96387281,4634,D,H,0.42304645484843073,0.3068753416972719,0.27007820345429734
model_b_plus_home_advantage,fold_2,96387282,4634,A,H,0.6816202294171823,0.22929109003297532,0.08908868054984236
model_b_plus_home_advantage,fold_2,96387283,4724,A,A,0.3118665568804278,0.2832829263894159,0.4048505167301562
model_b_plus_home_advantage,fold_2,96387284,4724,H,H,0.4450781168902706,0.23795971096206858,0.31696217214766087
model_b_plus_home_advantage,fold_2,96387285,4634,A,A,0.34106681897787633,0.30216208498678954,0.35677109603533413
model_b_plus_home_advantage,fold_2,96387286,4724,D,H,0.6691979076490273,0.2370069344949941,0.09379515785597846
model_b_plus_home_advantage,fold_2,96387287,4724,H,H,0.584299241953371,0.2312674470139497,0.1844333110326793
model_b_plus_home_advantage,fold_2,96387288,4634,D,H,0.5850193269363083,0.24474883550556578,0.1702318375581259
model_b_plus_home_advantage,fold_2,96387289,4724,A,A,0.2681399603882598,0.18605206503652794,0.5458079745752121
model_b_plus_home_advantage,fold_2,96387290,4724,D,H,0.4781851274218208,0.26838170482095103,0.25343316775722824
model_b_plus_home_advantage,fold_2,96387291,4724,D,A,0.2687134319405321,0.2805797612130881,0.45070680684637987
model_b_plus_home_advantage,fold_2,96387292,4724,D,H,0.5170890247888483,0.26552873647605346,0.21738223873509815
model_b_plus_home_advantage,fold_2,96545570,4634,H,H,0.5270299324107085,0.29280720971127594,0.18016285787801561
model_b_plus_home_advantage,fold_2,96545571,4724,A,A,0.18051265333974198,0.23115359150935844,0.5883337551508996
model_b_plus_home_advantage,fold_2,96545572,4634,D,A,0.1666223904527636,0.29489830932248107,0.5384793002247552
model_b_plus_home_advantage,fold_2,96545573,4634,A,A,0.1664209964892761,0.23852683101778485,0.595052172492939
model_b_plus_home_advantage,fold_2,96545574,4634,H,H,0.5090970367958935,0.2915993492511459,0.19930361395296065
model_b_plus_home_advantage,fold_2,96545575,4634,A,H,0.37900793672004174,0.2858184774408968,0.3351735858390614
model_b_plus_home_advantage,fold_2,96545576,4634,A,H,0.3961139232299315,0.27464263670651107,0.3292434400635575
model_b_plus_home_advantage,fold_2,96545577,4630,A,H,0.5548087680106442,0.17041260191713942,0.27477863007221637
model_b_plus_home_advantage,fold_2,96545578,4630,H,H,0.5625000593351347,0.31446314886148546,0.12303679180337988
model_b_plus_home_advantage,fold_2,96545580,4630,H,A,0.15740366703859898,0.24037435233414417,0.6022219806272568
model_b_plus_home_advantage,fold_2,96545581,4630,D,H,0.40577464765347276,0.23088584412634594,0.3633395082201813
model_b_plus_home_advantage,fold_2,96545582,4630,A,A,0.10575083511776323,0.1528281571663146,0.7414210077159221
model_b_plus_home_advantage,fold_2,96735889,4630,H,H,0.7841007023853609,0.1281831089113711,0.08771618870326811
model_b_plus_home_advantage,fold_2,96735891,4630,H,H,0.8156741438488596,0.13387670195488255,0.05044915419625781
model_b_plus_home_advantage,fold_2,96735892,4630,H,H,0.6482718991387093,0.19709969604958016,0.15462840481171047
model_b_plus_home_advantage,fold_2,96910291,4630,A,H,0.45061259338538995,0.29633830266856676,0.25304910394604335
model_b_plus_home_advantage,fold_2,96910292,4630,D,H,0.3972970005592447,0.26933877683938673,0.3333642226013685
model_b_plus_home_advantage,fold_2,97226251,4634,H,H,0.6197059011806525,0.23108379534741147,0.14921030347193603
model_b_plus_home_advantage,fold_2,97226252,4634,H,H,0.5255854767406294,0.2980311161886749,0.17638340707069566
model_b_plus_home_advantage,fold_2,97226253,4634,A,A,0.22398164047654756,0.2800974889439345,0.4959208705795179
model_b_plus_home_advantage,fold_2,97569935,4675,H,H,0.7381600171145583,0.1614358771456345,0.10040410573980725
model_b_plus_home_advantage,fold_2,97569937,4675,D,H,0.48890789121624384,0.22796802267192204,0.28312408611183415
model_b_plus_home_advantage,fold_2,97569942,4675,H,H,0.4515427910950131,0.2853642849644803,0.2630929239405067
model_b_plus_home_advantage,fold_2,97569943,4675,D,A,0.2774510485573417,0.2756721343087283,0.4468768171339301
model_b_plus_home_advantage,fold_2,97911321,4724,H,H,0.4579747677835134,0.32217949512212785,0.21984573709435884
model_b_plus_home_advantage,fold_2,97911322,4634,D,H,0.6578372183587766,0.23218385330780378,0.10997892833341968
model_b_plus_home_advantage,fold_2,97911323,4724,H,H,0.5415984974259885,0.23105693230738492,0.22734457026662655
model_b_plus_home_advantage,fold_2,97911324,4629,H,A,0.27647450283274166,0.2850631135589743,0.438462383608284
model_b_plus_home_advantage,fold_2,97911326,4634,D,H,0.5197508086552957,0.21648136909764348,0.2637678222470608
model_b_plus_home_advantage,fold_2,97911327,4724,H,H,0.6042684458088736,0.22352013118809536,0.1722114230030311
model_b_plus_home_advantage,fold_2,97911328,4630,H,A,0.34123332077864404,0.16613547852449012,0.4926312006968657
model_b_plus_home_advantage,fold_2,97911329,4629,D,H,0.46116170567589054,0.21801508863979818,0.32082320568431116
model_b_plus_home_advantage,fold_2,97911331,4634,D,H,0.41534639854098726,0.3021009395473729,0.2825526619116399
model_b_plus_home_advantage,fold_2,97911333,4724,H,H,0.5748739995810458,0.23061312782181648,0.1945128725971377
model_b_plus_home_advantage,fold_2,97911334,4629,A,H,0.5397975030143651,0.2547227519883762,0.2054797449972587
model_b_plus_home_advantage,fold_2,97911335,4629,A,H,0.5449231165847707,0.23716163203052057,0.21791525138470869
model_b_plus_home_advantage,fold_2,97911336,4629,H,H,0.6521135608177382,0.18766512858453144,0.1602213105977304
model_b_plus_home_advantage,fold_2,97911337,4630,H,H,0.4436428221149583,0.2559565306100896,0.3004006472749522
model_b_plus_home_advantage,fold_2,97911338,4630,A,H,0.41261250173064473,0.29711907934518367,0.2902684189241716
model_b_plus_home_advantage,fold_2,97911339,4630,D,H,0.660436345196498,0.18212334079743886,0.15744031400606306
model_b_plus_home_advantage,fold_2,97911340,4634,D,H,0.4553465507057469,0.3339457989079227,0.21070765038633035
model_b_plus_home_advantage,fold_2,97911341,4629,D,H,0.5920546151369508,0.21213094561452808,0.1958144392485211
model_b_plus_home_advantage,fold_2,97911342,4724,D,H,0.5316577366427858,0.3048774795953312,0.16346478376188292
model_b_plus_home_advantage,fold_2,97911343,4629,A,A,0.2555232665488006,0.218597653003444,0.5258790804477556
model_b_plus_home_advantage,fold_2,97911344,4634,D,H,0.44947936062108773,0.29349220858411795,0.25702843079479426
model_b_plus_home_advantage,fold_2,97911345,4724,H,H,0.4486086306915938,0.2802241157756393,0.27116725353276694
model_b_plus_home_advantage,fold_2,97911346,4634,A,A,0.2683083089129959,0.26124274775745765,0.47044894332954645
model_b_plus_home_advantage,fold_2,97911347,4630,A,A,0.07709776307532573,0.1727529504448281,0.7501492864798461
model_b_plus_home_advantage,fold_2,97911348,4724,A,A,0.2238600281921155,0.33638791790096106,0.43975205390692346
model_b_plus_home_advantage,fold_2,97911349,4629,H,H,0.5091860474260962,0.30786483516219,0.18294911741171388
model_b_plus_home_advantage,fold_2,97911350,4634,A,H,0.47318211570221896,0.3115509546078271,0.21526692968995387
model_b_plus_home_advantage,fold_2,97911351,4630,D,H,0.54484741474642,0.2663226903911075,0.18882989486247254
model_b_plus_home_advantage,fold_2,97911352,4630,D,A,0.3196352144252245,0.25143838756462716,0.4289263980101482
model_b_plus_home_advantage,fold_2,97911353,4630,H,H,0.6524895662850011,0.18223520839360208,0.16527522532139677
model_b_plus_home_advantage,fold_2,97911354,4675,A,A,0.0806708718160418,0.14809117890860327,0.771237949275355
model_b_plus_home_advantage,fold_2,97911355,4675,D,H,0.6145042907354094,0.21478770605241593,0.17070800321217475
model_b_plus_home_advantage,fold_2,97911356,4675,A,H,0.5084907918743657,0.2704551154639438,0.22105409266169052
model_b_plus_home_advantage,fold_2,97911357,4675,A,A,0.2735394247563613,0.2715765025896123,0.4548840726540265
model_b_plus_home_advantage,fold_2,97911358,4675,H,H,0.8602627736990458,0.11417512706245993,0.025562099238494163
model_b_plus_home_advantage,fold_2,97911359,4724,D,H,0.49816957661868233,0.31155248428473126,0.19027793909658652
model_b_plus_home_advantage,fold_2,97911360,4724,D,H,0.3728519282915529,0.28291926143230534,0.3442288102761417
model_b_plus_home_advantage,fold_2,97911361,4634,H,H,0.46362358190923414,0.3685700000982845,0.16780641799248133
model_b_plus_home_advantage,fold_2,97911362,4630,D,A,0.36839835622068023,0.20270488276526746,0.4288967610140523
model_b_plus_home_advantage,fold_2,97911363,4629,A,A,0.24699666919486588,0.241394547619714,0.5116087831854201
model_b_plus_home_advantage,fold_2,97911364,4634,H,H,0.7189368819532733,0.1804449350378309,0.10061818300889577
model_b_plus_home_advantage,fold_2,97911365,4724,H,A,0.30418204720241876,0.22822454384829724,0.4675934089492839
model_b_plus_home_advantage,fold_2,97911366,4634,A,H,0.5394870315426636,0.21708260718029113,0.2434303612770453
model_b_plus_home_advantage,fold_2,97911367,4630,A,A,0.12790214963963484,0.18769761932927254,0.6844002310310927
model_b_plus_home_advantage,fold_2,99654835,4634,D,A,0.25405525492603,0.27027299785458636,0.4756717472193837
model_b_plus_home_advantage,fold_2,99654836,4724,A,H,0.5591397380619662,0.2382312931322542,0.20262896880577966
model_b_plus_home_advantage,fold_2,99654837,4634,D,H,0.7851593667839301,0.15098999566743482,0.06385063754863511
model_b_plus_home_advantage,fold_2,99654838,4724,H,H,0.4014082970126625,0.2687914258086035,0.3298002771787341
model_b_plus_home_advantage,fold_2,99654839,4629,A,H,0.4212478932611352,0.23006093045201897,0.34869117628684576
model_b_plus_home_advantage,fold_2,99654841,4634,H,H,0.34636080851377204,0.32631807245242406,0.3273211190338039
model_b_plus_home_advantage,fold_2,99654842,4724,A,A,0.2178140035846294,0.23824053630340003,0.5439454601119705
model_b_plus_home_advantage,fold_2,99654843,4675,D,H,0.5137647320209379,0.29746631085530995,0.18876895712375225
model_b_plus_home_advantage,fold_2,99654844,4629,A,H,0.3936173240403636,0.3086684322263956,0.2977142437332408
model_b_plus_home_advantage,fold_2,99654845,4634,H,H,0.40735799057706645,0.30314843378511297,0.2894935756378206
model_b_plus_home_advantage,fold_2,99654846,4675,H,H,0.7190874998515441,0.18445378583872685,0.09645871430972906
model_b_plus_home_advantage,fold_2,99654847,4724,D,A,0.3374780884757174,0.299247934410382,0.3632739771139006
model_b_plus_home_advantage,fold_2,99654848,4724,H,H,0.44597313888782436,0.28367571106475814,0.2703511500474175
model_b_plus_home_advantage,fold_2,99654849,4629,D,A,0.14852610955625506,0.24699077985841397,0.604483110585331
model_b_plus_home_advantage,fold_2,99654850,4629,H,A,0.19227704228526352,0.2888695959235705,0.5188533617911659
model_b_plus_home_advantage,fold_2,99654851,4629,A,H,0.4130804706042717,0.290961531073512,0.2959579983222162
model_b_plus_home_advantage,fold_2,99654853,4634,H,H,0.5053465009920148,0.26839373196588523,0.22625976704210002
model_b_plus_home_advantage,fold_2,99654854,4629,A,A,0.31501035389589643,0.26046931276045804,0.4245203333436455
model_b_plus_home_advantage,fold_2,99654855,4724,H,H,0.5954954669958776,0.23267769867941554,0.17182683432470677
model_b_plus_home_advantage,fold_2,99654857,4629,H,H,0.45639690928950755,0.20521143937920466,0.33839165133128773
model_b_plus_home_advantage,fold_2,99654858,4634,H,H,0.41408088421702627,0.28547587280574316,0.3004432429772305
model_b_plus_home_advantage,fold_2,99654859,4724,D,H,0.3687234804070798,0.2764690244762875,0.3548074951166326
model_b_plus_home_advantage,fold_2,99654860,4675,H,A,0.4035307162003135,0.15151393733859747,0.4449553464610891
model_b_plus_home_advantage,fold_2,99654861,4634,H,H,0.5993532119911562,0.2503298094321973,0.15031697857664647
model_b_plus_home_advantage,fold_2,99654862,4724,A,A,0.20880714944622045,0.23882477445307063,0.552368076100709
model_b_plus_home_advantage,fold_2,99654863,4629,H,H,0.5579083048029176,0.23518211909583805,0.20690957610124433
model_b_plus_home_advantage,fold_2,99654864,4634,A,H,0.5689992822052051,0.22888375735742633,0.20211696043736851
model_b_plus_home_advantage,fold_2,99654865,4675,D,A,0.16922068725712922,0.1958077916030078,0.6349715211398631
model_b_plus_home_advantage,fold_2,99654866,4675,A,H,0.5025743138987969,0.33649931552728674,0.1609263705739163
model_b_plus_home_advantage,fold_2,99654867,4675,D,H,0.5223098267273389,0.2951387631690092,0.1825514101036519
model_b_plus_home_advantage,fold_2,99654868,4675,D,H,0.5316056188789776,0.28569836825719874,0.1826960128638237
model_b_plus_home_advantage,fold_2,99654869,4675,H,H,0.4332445804398704,0.3050889565775638,0.2616664629825658
model_b_plus_home_advantage,fold_2,99654870,4724,A,A,0.338277520265971,0.31991371707420024,0.34180876265982885
model_b_plus_home_advantage,fold_2,99654871,4634,D,H,0.4894261820359551,0.3242662914527376,0.1863075265113072
model_b_plus_home_advantage,fold_2,99654873,4629,D,H,0.5903625809105203,0.2361302260304769,0.1735071930590028
model_b_plus_home_advantage,fold_2,99654874,4634,A,H,0.3515880075811394,0.2988293888410543,0.3495826035778063
model_b_plus_home_advantage,fold_2,99654875,4724,A,D,0.33882244233807135,0.3401152609508727,0.32106229671105596
model_b_plus_home_advantage,fold_2,99654876,4675,H,H,0.6721175970687499,0.19751142832929008,0.13037097460196012
model_b_plus_home_advantage,fold_2,100477631,4630,A,A,0.2886090838501467,0.21637065868517086,0.49502025746468237
model_b_plus_home_advantage,fold_2,100477632,4630,H,H,0.8568432659486396,0.10286453151570715,0.040292202535653215
model_b_plus_home_advantage,fold_2,100477633,4630,H,H,0.7212286427056764,0.16311162834806536,0.11565972894625824
model_b_plus_home_advantage,fold_2,100477634,4630,A,H,0.34945810132559685,0.31208777603411725,0.3384541226402859
model_b_plus_home_advantage,fold_2,100477635,4630,H,H,0.47024079149827114,0.21891888015528466,0.31084032834644426
model_b_plus_home_advantage,fold_2,100477636,4630,A,H,0.5698548882535205,0.2556875636180129,0.17445754812846656
model_b_plus_home_advantage,fold_2,100477637,4630,A,A,0.1510131917770952,0.15717341347204755,0.6918133947508573
model_b_plus_home_advantage,fold_2,100477638,4630,A,H,0.4947659392226022,0.2358851584196051,0.26934890235779263
model_b_plus_home_advantage,fold_2,100477639,4630,A,H,0.48456114630398534,0.3368841396290313,0.17855471406698337
model_b_plus_home_advantage,fold_2,100477640,4630,H,H,0.4276584178377261,0.23912461895642606,0.33321696320584776
model_b_plus_home_advantage,fold_2,101118597,4630,A,A,0.3306380393662434,0.29908675254766787,0.3702752080860887
model_b_plus_home_advantage,fold_2,101118599,4630,A,A,0.10988729669005187,0.23529661609883554,0.6548160872111126
model_b_plus_home_advantage,fold_2,101118602,4630,D,H,0.7793701462633249,0.13461745799755817,0.08601239573911686
model_b_plus_home_advantage,fold_2,101118607,4630,A,H,0.5894788742372669,0.20575531109788617,0.20476581466484703
model_b_plus_home_advantage,fold_2,101118608,4630,H,H,0.41126268609779243,0.2777266293952846,0.31101068450692293
model_b_plus_home_advantage,fold_2,101118609,4630,D,H,0.3990453528385631,0.2623330718368248,0.33862157532461207
model_b_plus_home_advantage,fold_2,101118610,4630,A,A,0.23072056338602098,0.16707111643260122,0.6022083201813778
model_b_plus_home_advantage,fold_2,101118611,4630,A,A,0.049641294819987254,0.11776316919692124,0.8325955359830914
model_b_plus_home_advantage,fold_2,101118613,4630,A,A,0.0969394207267273,0.19297680317773794,0.7100837760955347
model_b_plus_home_advantage,fold_2,101515916,4724,H,A,0.2210286919609,0.3078319574564068,0.47113935058269324
model_b_plus_home_advantage,fold_2,101515917,4629,H,H,0.4639447892011729,0.2043168968808539,0.3317383139179732
model_b_plus_home_advantage,fold_2,101515918,4724,A,A,0.23870741046049263,0.30398805360248105,0.45730453593702636
model_b_plus_home_advantage,fold_2,101515919,4675,H,A,0.13881964343483977,0.13259655217984542,0.7285838043853147
model_b_plus_home_advantage,fold_2,101515920,4629,D,H,0.3855538022700667,0.2522963100263157,0.3621498877036176
model_b_plus_home_advantage,fold_2,101515921,4675,D,H,0.4377642046420163,0.3000347148857113,0.2622010804722724
model_b_plus_home_advantage,fold_2,101515922,4724,D,H,0.47185635959132904,0.3023702188265169,0.22577342158215413
model_b_plus_home_advantage,fold_2,101515923,4724,D,A,0.2773404068265473,0.2002522037997282,0.5224073893737246
model_b_plus_home_advantage,fold_2,101515924,4629,H,H,0.5069755660932793,0.252381346926967,0.24064308697975362
model_b_plus_home_advantage,fold_2,101515925,4629,A,H,0.5878688669392114,0.21252590947856653,0.19960522358222205
model_b_plus_home_advantage,fold_2,101515926,4629,H,H,0.5934167307472327,0.23888649019390243,0.16769677905886493
model_b_plus_home_advantage,fold_2,101515927,4629,A,H,0.6429640613371481,0.2298960073355787,0.12713993132727325
model_b_plus_home_advantage,fold_2,101515928,4724,A,A,0.33231716264326805,0.23471072061067627,0.43297211674605557
model_b_plus_home_advantage,fold_2,101515929,4629,A,A,0.1978786515555285,0.21876915887565135,0.5833521895688202
model_b_plus_home_advantage,fold_2,101515930,4724,H,H,0.6765345095103668,0.2175879943877015,0.10587749610193167
model_b_plus_home_advantage,fold_2,101515931,4675,H,H,0.7982150208029279,0.14131994041924584,0.06046503877782623
model_b_plus_home_advantage,fold_2,101515932,4724,D,A,0.20094167297904797,0.2365839254581778,0.5624744015627743
model_b_plus_home_advantage,fold_2,101515933,4629,H,H,0.6588704673067912,0.1802729647331872,0.1608565679600215
model_b_plus_home_advantage,fold_2,101515934,4675,A,A,0.1416090638226361,0.2105064327007702,0.6478845034765937
model_b_plus_home_advantage,fold_2,101515935,4675,A,A,0.10007236306278769,0.16267509027834343,0.7372525466588689
model_b_plus_home_advantage,fold_2,101515936,4675,A,H,0.5426731765690042,0.2434113790817844,0.21391544434921156
model_b_plus_home_advantage,fold_2,101515937,4675,H,H,0.5989358481771333,0.23669456203709371,0.16436958978577307
model_b_plus_home_advantage,fold_2,101515938,4675,D,A,0.25762509883169976,0.30676108060821483,0.43561382056008546
model_b_plus_home_advantage,fold_2,101515939,4724,D,H,0.5706157889278031,0.24940646947445935,0.17997774159773758
model_b_plus_home_advantage,fold_2,101515940,4724,H,H,0.7726834567381722,0.1727809830401405,0.05453556022168732
model_b_plus_home_advantage,fold_2,101515941,4629,H,A,0.2955341318785911,0.2600828067241875,0.44438306139722134
model_b_plus_home_advantage,fold_2,101515942,4675,A,H,0.4329781966252104,0.3290965204439558,0.2379252829308338
model_b_plus_home_advantage,fold_2,101515943,4724,H,H,0.49902471488241734,0.25798598532908495,0.24298929978849765
model_b_plus_home_advantage,fold_2,101515944,4724,H,A,0.31808165456317533,0.22389520554765507,0.4580231398891696
model_b_plus_home_advantage,fold_2,101515948,4630,D,H,0.5928940210980447,0.2094397497099154,0.19766622919203983
model_b_plus_home_advantage,fold_2,101750691,4634,H,H,0.5999598207917689,0.20850688998779784,0.19153328922043322
model_b_plus_home_advantage,fold_2,101750693,4634,D,H,0.5662966784272347,0.23667867437542292,0.1970246471973424
model_b_plus_home_advantage,fold_2,101750694,4634,A,A,0.337483534066682,0.3250307130934434,0.3374857528398746
model_b_plus_home_advantage,fold_2,101750695,4634,D,D,0.3432095667056327,0.4195318496884655,0.2372585836059018
model_b_plus_home_advantage,fold_2,101750696,4634,D,A,0.1734660265695651,0.23996665691870284,0.586567316511732
model_b_plus_home_advantage,fold_2,101750697,4634,A,A,0.2992588747791771,0.22746866378106775,0.4732724614397552
model_b_plus_home_advantage,fold_2,101750698,4634,H,H,0.5759578085582361,0.28505254111802536,0.13898965032373847
model_b_plus_home_advantage,fold_2,101750699,4634,H,H,0.5817243073880398,0.2862547167405104,0.1320209758714498
model_b_plus_home_advantage,fold_2,101750700,4634,D,H,0.3758415099471491,0.27026826143020743,0.3538902286226436
model_b_plus_home_advantage,fold_2,101750712,4634,D,H,0.4075033557694576,0.3133620893353598,0.27913455489518263
model_b_plus_home_advantage,fold_2,102977692,4630,H,H,0.7724340225147386,0.10778154471737074,0.11978443276789062
model_b_plus_home_advantage,fold_2,102977693,4630,A,A,0.08516833974491227,0.12394126962863689,0.7908903906264508
model_b_plus_home_advantage,fold_2,102977694,4630,A,H,0.4652300456904419,0.2601172851521163,0.27465266915744174
model_b_plus_home_advantage,fold_2,102977695,4630,H,H,0.5346608894996436,0.31392156373684843,0.15141754676350794
model_b_plus_home_advantage,fold_2,102977696,4630,D,H,0.6405962254581682,0.1750727957276844,0.18433097881414745
model_b_plus_home_advantage,fold_2,102977697,4630,H,H,0.5998838566455061,0.23133360453596458,0.16878253881852934
model_b_plus_home_advantage,fold_2,102977703,4630,H,H,0.6651763325762227,0.23984997838111638,0.09497368904266101
model_b_plus_home_advantage,fold_2,102977706,4630,H,H,0.8355381705484292,0.10850644754381819,0.055955381907752594
model_b_plus_home_advantage,fold_2,103372503,4634,H,H,0.4971310008350905,0.28299041826877913,0.21987858089613038
model_b_plus_home_advantage,fold_2,103372504,4630,H,A,0.3493625558359098,0.23751284158855893,0.41312460257553124
model_b_plus_home_advantage,fold_2,103372505,4724,H,H,0.38535787029820023,0.2852292296084417,0.32941290009335816
model_b_plus_home_advantage,fold_2,103372506,4724,H,H,0.4198453171831907,0.2564257843108295,0.32372889850597986
model_b_plus_home_advantage,fold_2,103372507,4634,H,H,0.7467889087185001,0.18097778801511394,0.07223330326638591
model_b_plus_home_advantage,fold_2,103372508,4724,D,A,0.2683196553287505,0.26074367960742517,0.4709366650638243
model_b_plus_home_advantage,fold_2,103372509,4629,H,H,0.5145260744422103,0.2591480814294251,0.2263258441283645
model_b_plus_home_advantage,fold_2,103372510,4675,H,H,0.356651412785161,0.3165962820224687,0.32675230519237036
model_b_plus_home_advantage,fold_2,103372511,4634,D,A,0.3381594215704328,0.30196970240046256,0.35987087602910467
model_b_plus_home_advantage,fold_2,103372512,4724,A,A,0.11233778779705836,0.1954151566916885,0.692247055511253
model_b_plus_home_advantage,fold_2,103372513,4675,A,H,0.6937151209653043,0.18455416188295007,0.12173071715174567
model_b_plus_home_advantage,fold_2,103372514,4629,D,H,0.5467109544563791,0.24520456817813535,0.2080844773654855
model_b_plus_home_advantage,fold_2,103372515,4634,H,A,0.34588150217669944,0.22522044850786027,0.42889804931544023
model_b_plus_home_advantage,fold_2,103372516,4675,D,H,0.4057194979539932,0.3287565585051928,0.2655239435408139
model_b_plus_home_advantage,fold_2,103372517,4724,D,A,0.17298344509640742,0.31431619273875044,0.5127003621648422
model_b_plus_home_advantage,fold_2,103372518,4629,A,A,0.2675087252085975,0.2528371246591819,0.4796541501322207
model_b_plus_home_advantage,fold_2,103372519,4629,D,H,0.7132724303788498,0.17943942070122726,0.10728814891992283
model_b_plus_home_advantage,fold_2,103372520,4629,H,A,0.25094756876393765,0.22337549841518195,0.5256769328208803
model_b_plus_home_advantage,fold_2,103372521,4634,D,H,0.37704533559805153,0.3127041138311566,0.3102505505707918
model_b_plus_home_advantage,fold_2,103372522,4629,A,H,0.4242415582887156,0.22308013840261207,0.3526783033086722
model_b_plus_home_advantage,fold_2,103372523,4724,H,H,0.6240605704801911,0.23275194859675863,0.1431874809230503
model_b_plus_home_advantage,fold_2,103372524,4629,A,A,0.22687070043929028,0.27544924330481535,0.4976800562558945
model_b_plus_home_advantage,fold_2,103372525,4634,D,A,0.25044483510327964,0.30658448947350553,0.4429706754232147
model_b_plus_home_advantage,fold_2,103372526,4724,H,A,0.3370737619037341,0.31473641401343155,0.3481898240828343
model_b_plus_home_advantage,fold_2,103372527,4675,H,H,0.6634086299800512,0.157023495956699,0.1795678740632497
model_b_plus_home_advantage,fold_2,103372528,4634,D,H,0.5854995940655038,0.23734825328474368,0.17715215264975256
model_b_plus_home_advantage,fold_2,103372529,4724,A,A,0.325219192568062,0.33465697896981356,0.3401238284621245
model_b_plus_home_advantage,fold_2,103372530,4629,A,A,0.31962299471931993,0.3332222469058198,0.3471547583748603
model_b_plus_home_advantage,fold_2,103372531,4634,H,H,0.7351082974834534,0.14735716943957824,0.11753453307696834
model_b_plus_home_advantage,fold_2,103372532,4675,D,H,0.7206277153675178,0.19877357325974968,0.08059871137273249
model_b_plus_home_advantage,fold_2,103372533,4675,D,H,0.5836437865637332,0.27689113955205397,0.1394650738842129
model_b_plus_home_advantage,fold_2,103372534,4675,H,H,0.43451150155144536,0.3215273359473533,0.24396116250120137
model_b_plus_home_advantage,fold_2,103372535,4675,D,H,0.5040724858747707,0.30856448847116924,0.18736302565406007
model_b_plus_home_advantage,fold_2,103372536,4724,A,D,0.3734897346285028,0.38264441143239586,0.24386585393910132
model_b_plus_home_advantage,fold_2,103372537,4634,A,A,0.23386545002766243,0.3256197672790353,0.44051478269330235
model_b_plus_home_advantage,fold_2,103372538,4629,A,A,0.2703853612442073,0.308089521021704,0.4215251177340888
model_b_plus_home_advantage,fold_2,103372539,4634,A,H,0.5667196802878137,0.2735399366187529,0.15974038309343327
model_b_plus_home_advantage,fold_2,103372540,4724,H,H,0.5085143425037809,0.25410862922680966,0.23737702826940943
model_b_plus_home_advantage,fold_2,103372541,4675,H,H,0.7985501241238953,0.1256111449557162,0.07583873092038856
model_b_plus_home_advantage,fold_2,103372542,4724,A,H,0.4166409040690683,0.26648090273561914,0.3168781931953127
model_b_plus_home_advantage,fold_2,104036583,4630,H,H,0.47392978466428365,0.18341075689871744,0.3426594584369989
model_b_plus_home_advantage,fold_2,104988750,4630,H,H,0.6512128750637095,0.195282084775504,0.1535050401607865
model_b_plus_home_advantage,fold_2,104988751,4630,H,H,0.8367072645019796,0.1025259822901816,0.06076675320783879
model_b_plus_home_advantage,fold_2,104988752,4630,A,A,0.16785036714545473,0.3096427996267742,0.5225068332277709
model_b_plus_home_advantage,fold_2,104988753,4630,A,A,0.17730024005986106,0.18636709830368242,0.6363326616364564
model_b_plus_home_advantage,fold_2,104988754,4630,A,A,0.07336082669969368,0.12831927211488728,0.7983199011854191
model_b_plus_home_advantage,fold_2,104988755,4630,H,H,0.3982078771026111,0.24279053689061236,0.3590015860067766
model_b_plus_home_advantage,fold_2,104988756,4630,H,A,0.2777530282056976,0.221178404281325,0.5010685675129775
model_b_plus_home_advantage,fold_2,104988757,4630,A,H,0.5347958903495103,0.25404448325986917,0.21115962639062055
model_b_plus_home_advantage,fold_2,104988758,4630,D,A,0.337437668434435,0.2980580894570138,0.3645042421085513
model_b_plus_home_advantage,fold_2,105462393,4630,A,A,0.04896156882534149,0.16821903508967628,0.7828193960849823
model_b_plus_home_advantage,fold_2,105462394,4724,H,H,0.7512705828820472,0.14211595417196266,0.10661346294599015
model_b_plus_home_advantage,fold_2,105462395,4634,D,A,0.3684466097107143,0.2511129656754803,0.3804404246138053
model_b_plus_home_advantage,fold_2,105462396,4724,H,H,0.43149858151825055,0.21375926658682326,0.3547421518949263
model_b_plus_home_advantage,fold_2,105462397,4629,A,A,0.3207385021634117,0.2966758981526369,0.3825855996839515
model_b_plus_home_advantage,fold_2,105462398,4634,H,A,0.33659883403407637,0.30753308366714915,0.35586808229877454
model_b_plus_home_advantage,fold_2,105462399,4724,A,H,0.45794011079298363,0.22621768814589097,0.31584220106112537
model_b_plus_home_advantage,fold_2,105462400,4675,H,H,0.5224101177763798,0.2765156035871363,0.20107427863648386
model_b_plus_home_advantage,fold_2,105462401,4629,A,H,0.6343560894827528,0.22946652989693736,0.13617738062030976
model_b_plus_home_advantage,fold_2,105462402,4634,H,H,0.5704941531385893,0.26641769402263027,0.16308815283878042
model_b_plus_home_advantage,fold_2,105462403,4675,A,A,0.11993760227057086,0.18268750218285645,0.6973748955465726
model_b_plus_home_advantage,fold_2,105462404,4724,D,H,0.3863861970022262,0.33111691118772246,0.2824968918100514
model_b_plus_home_advantage,fold_2,105462405,4724,A,H,0.408620098073456,0.28447130708105917,0.30690859484548483
model_b_plus_home_advantage,fold_2,105462406,4629,H,H,0.7081476049099807,0.1581316945254036,0.13372070056461566
model_b_plus_home_advantage,fold_2,105462407,4629,D,H,0.416728575095569,0.21938070635434506,0.36389071855008603
model_b_plus_home_advantage,fold_2,105462408,4629,A,H,0.5438379231769837,0.2287478144653205,0.2274142623576959
model_b_plus_home_advantage,fold_2,105462409,4634,H,H,0.44489309254572795,0.3398730109559486,0.21523389649832342
model_b_plus_home_advantage,fold_2,105462410,4629,H,A,0.31526467990681734,0.21978029950209677,0.4649550205910859
model_b_plus_home_advantage,fold_2,105462411,4724,H,H,0.48879450546260195,0.26506552873351097,0.24613996580388717
model_b_plus_home_advantage,fold_2,105462415,4629,A,A,0.1782942536761717,0.21031639955510648,0.6113893467687218
model_b_plus_home_advantage,fold_2,105462416,4634,D,A,0.14025743695654563,0.24636007525799936,0.613382487785455
model_b_plus_home_advantage,fold_2,105462417,4724,D,A,0.34318009481331807,0.2273062142582311,0.42951369092845076
model_b_plus_home_advantage,fold_2,105462418,4675,A,A,0.2204471719543981,0.25520209484793527,0.5243507331976666
model_b_plus_home_advantage,fold_2,105462419,4634,D,H,0.4953298556439786,0.2946098101182361,0.2100603342377854
model_b_plus_home_advantage,fold_2,105462420,4724,A,A,0.3221496110915557,0.25913486001814484,0.41871552889029945
model_b_plus_home_advantage,fold_2,105462421,4629,A,A,0.30304872934787563,0.2023940305823197,0.49455724006980467
model_b_plus_home_advantage,fold_2,105462422,4634,D,H,0.4588932821957041,0.33427330705992403,0.20683341074437195
model_b_plus_home_advantage,fold_2,105462423,4675,A,H,0.42829197854803486,0.3154307196941577,0.2562773017578075
model_b_plus_home_advantage,fold_2,105462424,4675,A,H,0.3950026505267498,0.2686363330776099,0.33636101639564026
model_b_plus_home_advantage,fold_2,105462425,4675,A,A,0.2130888198846852,0.21603144584764075,0.5708797342676741
model_b_plus_home_advantage,fold_2,105462426,4675,D,H,0.5439034042573937,0.2714748179447526,0.18462177779785374
model_b_plus_home_advantage,fold_2,105462427,4675,A,A,0.2463272444852778,0.2924157933643333,0.46125696215038897
model_b_plus_home_advantage,fold_2,105462428,4724,D,H,0.6085426640838996,0.2761047742254996,0.11535256169060085
model_b_plus_home_advantage,fold_2,105462429,4634,H,A,0.3322317627282078,0.31615558587718695,0.3516126513946053
model_b_plus_home_advantage,fold_2,105462432,4629,D,A,0.3130397569723301,0.22488591457034138,0.4620743284573287
model_b_plus_home_advantage,fold_2,105462433,4634,H,H,0.46924502557326564,0.3667409193179698,0.16401405510876454
model_b_plus_home_advantage,fold_2,105462434,4724,A,A,0.23726470840023678,0.2813065301277189,0.4814287614720444
model_b_plus_home_advantage,fold_2,105462435,4675,D,A,0.11593757720681866,0.15890851906301803,0.7251539037301633
model_b_plus_home_advantage,fold_2,105462438,4724,H,H,0.52354325215465,0.22006574227420905,0.2563910055711409
model_b_plus_home_advantage,fold_2,105462439,4724,A,A,0.19975077798656155,0.257188560971249,0.5430606610421895
model_b_plus_home_advantage,fold_2,105462443,4634,H,H,0.48297469195788084,0.2670210280858066,0.2500042799563126
model_b_plus_home_advantage,fold_2,106903882,4675,H,H,0.8129811110334291,0.12081739584665264,0.06620149311991824
model_b_plus_home_advantage,fold_2,106903883,4675,H,H,0.3957365214245168,0.36722067121681795,0.23704280735866523
model_b_plus_home_advantage,fold_2,106903884,4630,D,H,0.4977187836413249,0.1324998295540721,0.36978138680460293
model_b_plus_home_advantage,fold_2,106903885,4675,A,H,0.3935848289594226,0.26480128873501124,0.3416138823055663
model_b_plus_home_advantage,fold_2,106903886,4630,D,H,0.5164439150415456,0.2936520695339926,0.1899040154244617
model_b_plus_home_advantage,fold_2,106903887,4630,H,H,0.660489377776862,0.20503488789679944,0.13447573432633847
model_b_plus_home_advantage,fold_2,106903888,4630,A,H,0.4419333499617417,0.2587355798119577,0.29933107022630057
model_b_plus_home_advantage,fold_2,106903889,4630,H,H,0.8306379564694697,0.088678945237821,0.08068309829270938
model_b_plus_home_advantage,fold_2,106903890,4630,H,H,0.4777498360463984,0.279688497424484,0.2425616665291176
model_b_plus_home_advantage,fold_2,106903891,4630,D,H,0.47098773097662,0.24985522241406916,0.27915704660931084
model_b_plus_home_advantage,fold_2,106903892,4630,D,H,0.7256677210353447,0.1861466414330908,0.08818563753156454
model_b_plus_home_advantage,fold_2,106903893,4675,H,H,0.5692072783805608,0.27398508828366497,0.15680763333577422
model_b_plus_home_advantage,fold_2,106903894,4675,D,H,0.4992103556199021,0.2728935243309792,0.22789612004911874
model_b_plus_home_advantage,fold_2,106903895,4675,H,H,0.8056902920322756,0.15302073895646442,0.041288969011260016
model_b_plus_home_advantage,fold_2,106903896,4675,H,H,0.7990079954582011,0.13182898179341387,0.06916302274838489
model_b_plus_home_advantage,fold_2,106903897,4630,H,H,0.5403991113107742,0.2378211135525592,0.22177977513666652
model_b_plus_home_advantage,fold_2,106903898,4675,H,H,0.6595729559324727,0.24511304944125692,0.09531399462627045
model_b_plus_home_advantage,fold_2,107396010,4634,D,H,0.4245737200922836,0.32571274342738854,0.24971353648032793
model_b_plus_home_advantage,fold_2,107396011,4634,A,H,0.5013022703325944,0.2886007476326411,0.21009698203476443
model_b_plus_home_advantage,fold_2,107396012,4634,H,H,0.7232364657521961,0.19486060330712565,0.08190293094067816
model_b_plus_home_advantage,fold_2,107396013,4634,A,A,0.2178422698195828,0.288092893408796,0.49406483677162116
model_b_plus_home_advantage,fold_2,107396014,4629,H,H,0.4203191593687509,0.26954371472630084,0.3101371259049482
model_b_plus_home_advantage,fold_2,107396015,4629,H,H,0.3916015063198684,0.2787339169425065,0.3296645767376252
model_b_plus_home_advantage,fold_2,107396016,4634,H,H,0.4705370212652362,0.2629377726590148,0.266525206075749
model_b_plus_home_advantage,fold_2,107396017,4629,D,H,0.5762587153693511,0.2211987891132958,0.202542495517353
model_b_plus_home_advantage,fold_2,107396018,4634,H,H,0.5472592862501587,0.2647933160458646,0.18794739770397673
model_b_plus_home_advantage,fold_2,107396019,4675,A,A,0.2551749268720561,0.30494877322404945,0.4398762999038945
model_b_plus_home_advantage,fold_2,107396020,4634,A,A,0.22673603239881113,0.27058859404854996,0.5026753735526389
model_b_plus_home_advantage,fold_2,107396021,4634,H,A,0.14003731180403536,0.2555289835608962,0.6044337046350685
model_b_plus_home_advantage,fold_2,107396022,4634,H,H,0.4912294403883027,0.2704852151286314,0.2382853444830659
model_b_plus_home_advantage,fold_2,107396023,4634,H,H,0.7608067434510709,0.15760595776669148,0.08158729878223756
model_b_plus_home_advantage,fold_2,107396024,4630,H,H,0.4389065974834562,0.2505588253717127,0.3105345771448311
model_b_plus_home_advantage,fold_2,107396025,4724,A,A,0.2572205918044468,0.21685651141661635,0.5259228967789369
model_b_plus_home_advantage,fold_2,107456180,4629,A,A,0.26613681483754886,0.28500426408350976,0.44885892107894126
model_b_plus_home_advantage,fold_2,107701020,4724,A,H,0.34268599161882446,0.3235908943979974,0.3337231139831782
model_b_plus_home_advantage,fold_2,107701021,4724,D,H,0.39491267369705163,0.24152740847556448,0.36355991782738384
model_b_plus_home_advantage,fold_2,107701022,4724,H,H,0.5719864880973823,0.28856856987978563,0.13944494202283222
model_b_plus_home_advantage,fold_2,107701023,4724,A,H,0.3623692928883151,0.3208521271295818,0.31677857998210307
model_b_plus_home_advantage,fold_2,107701024,4724,D,H,0.6074146299469804,0.2027283186337197,0.1898570514192999
model_b_plus_home_advantage,fold_2,107701025,4724,A,H,0.44323336089594206,0.3118263010828476,0.2449403380212103
model_b_plus_home_advantage,fold_2,107701026,4724,H,H,0.36965670191951155,0.31105291867491863,0.31929037940556976
model_b_plus_home_advantage,fold_2,107701027,4724,H,H,0.5387278659270206,0.29836800855751616,0.16290412551546324
model_b_plus_home_advantage,fold_2,107701029,4724,D,A,0.3834893872670754,0.23103918363550036,0.38547142909742416
model_b_plus_home_advantage,fold_2,107991856,4629,D,H,0.46135409402393185,0.21074325277322536,0.3279026532028429
model_b_plus_home_advantage,fold_2,107991857,4629,A,A,0.31794584185024627,0.3270710894649225,0.3549830686848312
model_b_plus_home_advantage,fold_2,107991867,4630,H,H,0.5223366344322294,0.21166149264836173,0.26600187291940885
model_b_plus_home_advantage,fold_2,107991871,4629,H,H,0.67701981391175,0.19627672578055774,0.12670346030769222
model_b_plus_home_advantage,fold_2,107991872,4629,H,A,0.28204207841477696,0.24162167583335697,0.476336245751866
model_b_plus_home_advantage,fold_2,107991873,4629,A,H,0.5549930969404043,0.23755735886231752,0.20744954419727815
model_b_plus_home_advantage,fold_2,109292214,4675,H,H,0.6500289428259839,0.20351108698000261,0.14645997019401355
model_b_plus_home_advantage,fold_2,109292215,4675,A,A,0.10806222504665537,0.22621700373925532,0.6657207712140893
model_b_plus_home_advantage,fold_2,109292216,4630,D,A,0.20812325634873105,0.2103850220241302,0.5814917216271388
model_b_plus_home_advantage,fold_2,109292218,4675,A,A,0.22213514461627637,0.23228929765721879,0.5455755577265048
model_b_plus_home_advantage,fold_2,109292219,4630,H,A,0.3305146582669592,0.22667331741803629,0.4428120243150046
model_b_plus_home_advantage,fold_2,109292220,4630,D,H,0.44505242565999503,0.2619738183134366,0.2929737560265684
model_b_plus_home_advantage,fold_2,109292221,4630,H,A,0.29649550829342897,0.2518903540890483,0.45161413761752267
model_b_plus_home_advantage,fold_2,109292223,4675,A,A,0.2955519801116515,0.20420199780278236,0.5002460220855661
model_b_plus_home_advantage,fold_2,109292224,4675,A,A,0.06356228595237061,0.12006438008427645,0.816373333963353
model_b_plus_home_advantage,fold_2,109292225,4675,D,H,0.4108797897146035,0.3276353220506767,0.26148488823471977
model_b_plus_home_advantage,fold_2,109292226,4675,A,H,0.4036490680322551,0.3419506341890513,0.25440029777869366
model_b_plus_home_advantage,fold_2,109834363,4634,A,H,0.38609491946150304,0.31397711016004654,0.29992797037845054
model_b_plus_home_advantage,fold_2,109834364,4629,A,A,0.25835251494500155,0.22958102814671838,0.5120664569082801
model_b_plus_home_advantage,fold_2,109834365,4634,H,A,0.34401919134972037,0.29709255958899816,0.3588882490612814
model_b_plus_home_advantage,fold_2,109834366,4634,A,H,0.46828293215605377,0.3317157484766912,0.20000131936725515
model_b_plus_home_advantage,fold_2,109834367,4629,H,A,0.38852539217719184,0.22098410924681322,0.3904904985759948
model_b_plus_home_advantage,fold_2,109834368,4634,H,H,0.40167852231541756,0.26480085250471014,0.3335206251798723
model_b_plus_home_advantage,fold_2,109834369,4629,H,H,0.5857705746585017,0.22713977502381105,0.1870896503176873
model_b_plus_home_advantage,fold_2,109834370,4629,H,A,0.3446327927828047,0.27583077122435257,0.37953643599284276
model_b_plus_home_advantage,fold_2,109834371,4629,D,H,0.6557762973774052,0.23035640413515915,0.11386729848743564
model_b_plus_home_advantage,fold_2,109834372,4634,A,H,0.5148906869259304,0.2891662954120232,0.19594301766204633
model_b_plus_home_advantage,fold_2,109834373,4629,D,H,0.5572149727128634,0.16558704283743136,0.2771979844497053
model_b_plus_home_advantage,fold_2,109834374,4634,H,H,0.48438283633864154,0.3038311700574551,0.2117859936039033
model_b_plus_home_advantage,fold_2,109834375,4634,H,A,0.25563053718691336,0.30288589676065825,0.4414835660524284
model_b_plus_home_advantage,fold_2,109834376,4724,A,A,0.2732779452452891,0.3144516240234506,0.4122704307312603
model_b_plus_home_advantage,fold_2,109834377,4629,A,H,0.4119498101502222,0.2160850021098923,0.3719651877398854
model_b_plus_home_advantage,fold_2,109834378,4634,A,A,0.14987657218147138,0.239000269775754,0.6111231580427746
model_b_plus_home_advantage,fold_2,109834379,4675,H,H,0.533374458475582,0.2918748529147601,0.17475068860965792
model_b_plus_home_advantage,fold_2,109834380,4675,H,H,0.3984533487734336,0.3131897251510884,0.2883569260754781
model_b_plus_home_advantage,fold_2,109834381,4634,H,H,0.45956764258681565,0.34220567286736253,0.1982266845458219
model_b_plus_home_advantage,fold_2,109834382,4629,A,H,0.43651393725419146,0.2803313632764587,0.2831546994693499
model_b_plus_home_advantage,fold_2,109834383,4634,H,H,0.5424586957780911,0.31809508242188034,0.13944622180002858
model_b_plus_home_advantage,fold_2,110164295,4724,D,H,0.5019689829132958,0.23360982780537648,0.26442118928132774
model_b_plus_home_advantage,fold_2,110164296,4724,H,H,0.5499265048801921,0.2592494042607945,0.19082409085901342
model_b_plus_home_advantage,fold_2,110164297,4724,A,H,0.5021827929704678,0.23429115154623184,0.2635260554833004
model_b_plus_home_advantage,fold_2,110164298,4724,A,A,0.24162972425697543,0.28405276461691314,0.4743175111261114
model_b_plus_home_advantage,fold_2,110164299,4629,A,A,0.36193423496259336,0.19588115614621252,0.4421846088911941
model_b_plus_home_advantage,fold_2,110164300,4724,A,H,0.35683253052168495,0.30348025042636523,0.3396872190519499
model_b_plus_home_advantage,fold_2,110164301,4724,A,H,0.42973976749964826,0.23306093311272374,0.33719929938762794
model_b_plus_home_advantage,fold_2,110164302,4724,H,H,0.37567009941221163,0.36136494364372274,0.26296495694406563
model_b_plus_home_advantage,fold_2,110164303,4724,A,A,0.23489584112297907,0.23811981066744742,0.5269843482095735
model_b_plus_home_advantage,fold_2,110164304,4724,D,H,0.5459565807549299,0.22543142463909016,0.22861199460597992
model_b_plus_home_advantage,fold_2,110919358,4630,H,H,0.7920268106977212,0.12283078920834349,0.08514240009393535
model_b_plus_home_advantage,fold_2,110919359,4630,H,A,0.2975408514429538,0.27364600717975773,0.42881314137728854
model_b_plus_home_advantage,fold_2,110919361,4630,H,H,0.6821951479498661,0.2100312415599804,0.10777361049015352
model_b_plus_home_advantage,fold_2,110919363,4630,A,A,0.3027631530836517,0.29089321257676026,0.40634363433958803
model_b_plus_home_advantage,fold_2,111217220,4630,A,A,0.17741748707330887,0.1574462212011722,0.6651362917255189
model_b_plus_home_advantage,fold_2,111217228,4630,H,A,0.13079543648889178,0.16623495786639647,0.7029696056447118
model_b_plus_home_advantage,fold_2,113581745,4629,H,H,0.4892875207124219,0.2068498376576253,0.30386264162995275
model_b_plus_home_advantage,fold_2,113581746,4634,H,H,0.4189590476773922,0.3468167886912535,0.23422416363135426
model_b_plus_home_advantage,fold_2,113891820,4630,D,A,0.35002936418402353,0.2684467256919113,0.3815239101240651
model_b_plus_home_advantage,fold_2,113891821,4724,A,A,0.30435226578737035,0.25814366566864166,0.43750406854398805
model_b_plus_home_advantage,fold_2,113891822,4675,A,H,0.6018318384526005,0.2000079406350646,0.1981602209123349
model_b_plus_home_advantage,fold_2,113891823,4630,H,H,0.6353101567663084,0.1859081261771512,0.17878171705654036
model_b_plus_home_advantage,fold_2,113891824,4629,A,A,0.14874178063482094,0.23655996842877575,0.6146982509364034
model_b_plus_home_advantage,fold_2,113891825,4630,H,H,0.7290943600640849,0.1583148774656109,0.1125907624703042
model_b_plus_home_advantage,fold_2,113891826,4630,D,A,0.17372037724469358,0.2909768984342601,0.5353027243210462
model_b_plus_home_advantage,fold_2,113891827,4630,D,H,0.37316382674892484,0.26484792849969113,0.36198824475138397
model_b_plus_home_advantage,fold_2,113891828,4630,H,H,0.4885567343752854,0.23801551304408763,0.273427752580627
model_b_plus_home_advantage,fold_2,113891829,4675,A,H,0.4519426340273062,0.27445385703951425,0.2736035089331795
model_b_plus_home_advantage,fold_2,113891830,4675,D,H,0.4319815391139758,0.385141055137673,0.1828774057483512
model_b_plus_home_advantage,fold_2,113891831,4675,H,H,0.8785846356308915,0.08044751821692843,0.04096784615218
model_b_plus_home_advantage,fold_2,113891832,4675,D,H,0.7783267448827049,0.14234491189950557,0.07932834321778945
model_b_plus_home_advantage,fold_2,113891834,4724,D,H,0.5268885529964382,0.23924713073055087,0.23386431627301094
model_b_plus_home_advantage,fold_2,113891835,4630,H,H,0.5315074287432981,0.237855100364848,0.2306374708918539
model_b_plus_home_advantage,fold_2,113891836,4724,H,H,0.4706334204103074,0.27070689904725376,0.2586596805424388
model_b_plus_home_advantage,fold_2,113891837,4634,D,H,0.44733669095840106,0.3057860280778076,0.24687728096379138
model_b_plus_home_advantage,fold_2,113891838,4724,H,A,0.2499813032755318,0.23016267591648487,0.5198560208079832
model_b_plus_home_advantage,fold_2,113891839,4629,D,H,0.41244938930461517,0.26112939814833935,0.3264212125470455
model_b_plus_home_advantage,fold_2,113891841,4634,H,H,0.7153671642009468,0.182205064664653,0.1024277711344001
model_b_plus_home_advantage,fold_2,113891847,4634,A,H,0.41149920010992436,0.31203320564882586,0.2764675942412498
model_b_plus_home_advantage,fold_2,113891848,4630,D,H,0.6194684778652393,0.23111444555688346,0.14941707657787726
model_b_plus_home_advantage,fold_2,113891849,4675,A,H,0.509990098701373,0.2058800166998732,0.2841298845987539
model_b_plus_home_advantage,fold_2,113891851,4634,A,H,0.4220353699738524,0.3029618287822902,0.27500280124385745
model_b_plus_home_advantage,fold_2,113891852,4724,A,H,0.4768817248643648,0.1856666060345667,0.3374516691010686
model_b_plus_home_advantage,fold_2,114502448,4634,H,H,0.6756975609670195,0.19381914818514473,0.1304832908478358
model_b_plus_home_advantage,fold_2,114502449,4675,D,H,0.7463326214195891,0.190620688491493,0.06304669008891789
model_b_plus_home_advantage,fold_2,114502450,4630,D,H,0.4619083127239883,0.1816125560982242,0.3564791311777876
model_b_plus_home_advantage,fold_2,114502451,4629,H,A,0.28386113241129757,0.2645708049730496,0.45156806261565285
model_b_plus_home_advantage,fold_2,114502452,4634,H,H,0.4592726352935964,0.2825944696738272,0.2581328950325765
model_b_plus_home_advantage,fold_2,114502453,4675,D,H,0.6543021149516248,0.20741789365593957,0.13827999139243555
model_b_plus_home_advantage,fold_2,114502454,4629,A,H,0.4327217452037875,0.273208991872765,0.2940692629234475
model_b_plus_home_advantage,fold_2,114502455,4629,A,A,0.329676503421738,0.28721825496661035,0.3831052416116517
model_b_plus_home_advantage,fold_2,114502456,4630,H,H,0.7561349239872303,0.12635363758232443,0.11751143843044529
model_b_plus_home_advantage,fold_2,114502457,4629,A,A,0.14265872830507834,0.21169235979916104,0.6456489118957606
model_b_plus_home_advantage,fold_2,114502459,4629,A,H,0.6190836662619003,0.22590982379843702,0.15500650993966272
model_b_plus_home_advantage,fold_2,114502460,4675,D,H,0.6154235869628135,0.2766693309243209,0.10790708211286562
model_b_plus_home_advantage,fold_2,114502461,4629,A,A,0.2975586113651264,0.20171996082687024,0.5007214278080033
model_b_plus_home_advantage,fold_2,114502464,4634,A,H,0.4155365146816454,0.2612060709864041,0.32325741433195054
model_b_plus_home_advantage,fold_2,114502478,4634,D,H,0.4327756176686138,0.34057465653896457,0.2266497257924217
model_b_plus_home_advantage,fold_2,115046296,4634,A,A,0.30921222790324643,0.2808530362757625,0.409934735820991
model_b_plus_home_advantage,fold_2,115046297,4724,H,H,0.7632187544443954,0.164915541661513,0.07186570389409166
model_b_plus_home_advantage,fold_2,115046306,4724,D,H,0.35738557330973336,0.29791348412907287,0.3447009425611937
model_b_plus_home_advantage,fold_2,115046308,4724,H,H,0.7670515300984599,0.1572200923778479,0.07572837752369206
model_b_plus_home_advantage,fold_2,115046356,4724,D,H,0.4383698804809041,0.3126958898785398,0.24893422964055603
model_b_plus_home_advantage,fold_2,115046359,4724,D,A,0.3329150242981579,0.27131259164645316,0.3957723840553889
model_b_plus_home_advantage,fold_2,115356386,4630,D,A,0.18870045385758377,0.2428136578898262,0.5684858882525899
model_b_plus_home_advantage,fold_2,115356387,4630,D,H,0.47003046838389057,0.2599110157298689,0.27005851588624047
model_b_plus_home_advantage,fold_2,115356388,4630,H,A,0.337448916765824,0.2817343066896697,0.3808167765445062
model_b_plus_home_advantage,fold_2,115356436,4630,D,A,0.30154138295603167,0.27016042720334454,0.42829818984062384
model_b_plus_home_advantage,fold_2,115356437,4630,H,H,0.45594963952612144,0.26926226769108386,0.27478809278279476
model_b_plus_home_advantage,fold_2,115638602,4630,D,A,0.24842481988558696,0.25607454850719924,0.49550063160721375
model_b_plus_home_advantage,fold_2,115638624,4630,H,H,0.7526429010651903,0.11144027728622848,0.1359168216485812
model_b_plus_home_advantage,fold_2,115638636,4630,H,H,0.8672569641183162,0.0867898261515792,0.04595320973010464
model_b_plus_home_advantage,fold_2,115881744,4630,H,H,0.48702855351505375,0.24547200917726203,0.26749943730768405
model_b_plus_home_advantage,fold_2,115881745,4630,H,H,0.9463290052718152,0.042801093062057906,0.0108699016661268
model_b_plus_home_advantage,fold_2,116077385,4629,H,H,0.517291153419376,0.19838485797945318,0.2843239886011708
model_b_plus_home_advantage,fold_2,116077388,4675,D,H,0.4801370811699428,0.3169798717060324,0.20288304712402477
model_b_plus_home_advantage,fold_2,116370399,4629,D,H,0.5498815583172553,0.2309035538577028,0.21921488782504192
model_b_plus_home_advantage,fold_2,116370400,4675,H,H,0.3943355213566838,0.3266329688101901,0.27903150983312597
model_b_plus_home_advantage,fold_2,116370401,4675,H,H,0.6872223928185532,0.22037532458811973,0.09240228259332704
model_b_plus_home_advantage,fold_2,116370402,4675,A,A,0.21378247304957482,0.27831391946507544,0.5079036074853497
model_b_plus_home_advantage,fold_2,116370406,4675,A,H,0.4180656689118169,0.24166736706265773,0.34026696402552525
model_b_plus_home_advantage,fold_2,116370407,4675,A,A,0.09674717209143496,0.1525431047097472,0.7507097231988179
model_b_plus_home_advantage,fold_2,116370409,4675,H,A,0.09964394053789531,0.14412848293384414,0.7562275765282603
model_b_plus_home_advantage,fold_2,116370411,4629,D,H,0.7136638170732557,0.18581559183166177,0.10052059109508249
model_b_plus_home_advantage,fold_2,116370413,4724,H,H,0.44014398404017907,0.2624903856089213,0.29736563035089963
model_b_plus_home_advantage,fold_2,116920493,4629,A,H,0.4027367239583629,0.3049800585563047,0.2922832174853324
model_b_plus_home_advantage,fold_2,116920494,4629,H,H,0.4878695296708973,0.24788518508439134,0.2642452852447114
model_b_plus_home_advantage,fold_2,116920495,4675,H,H,0.34565456937761785,0.3223143100166485,0.3320311206057337
model_b_plus_home_advantage,fold_2,116920496,4629,H,H,0.5672084896436714,0.26677841399085783,0.16601309636547085
model_b_plus_home_advantage,fold_2,116920497,4629,D,A,0.40164660858625506,0.19632442951184984,0.4020289619018952
model_b_plus_home_advantage,fold_2,116920498,4629,D,H,0.47419389520363747,0.24461441146281154,0.28119169333355093
model_b_plus_home_advantage,fold_2,116920509,4675,A,H,0.5417898555080329,0.28900091288616797,0.16920923160579907
model_b_plus_home_advantage,fold_2,116920512,4629,H,H,0.7714087456685125,0.14726371530583954,0.08132753902564796
model_b_plus_home_advantage,fold_2,117383945,4724,A,A,0.12620824000330633,0.16937336129557803,0.7044183987011156
model_b_plus_home_advantage,fold_2,117383946,4724,H,H,0.45625319458086416,0.2503737503954804,0.2933730550236554
model_b_plus_home_advantage,fold_2,117383947,4630,D,A,0.12577471851455255,0.2527464069124394,0.6214788745730081
model_b_plus_home_advantage,fold_2,117383948,4724,A,H,0.41641324752637426,0.27151346300642226,0.31207328946720353
model_b_plus_home_advantage,fold_2,117383949,4724,H,A,0.272917376970363,0.21527541473070755,0.5118072082989296
model_b_plus_home_advantage,fold_2,117383950,4630,D,A,0.14479723996360366,0.13421918518074757,0.7209835748556488
model_b_plus_home_advantage,fold_2,117383951,4724,A,A,0.22779115963865354,0.2526371022175453,0.5195717381438012
model_b_plus_home_advantage,fold_2,117383952,4724,D,A,0.22589459674146004,0.27087734201660957,0.5032280612419303
model_b_plus_home_advantage,fold_2,117383953,4724,H,A,0.32922743841761337,0.2635492623313852,0.4072232992510014
model_b_plus_home_advantage,fold_2,117383954,4724,H,H,0.6194587300394813,0.23236674153638467,0.14817452842413406
model_b_plus_home_advantage,fold_2,117383955,4724,D,D,0.3203010756073401,0.3809653124901833,0.2987336119024767
model_b_plus_home_advantage,fold_2,117383961,4630,H,H,0.624688461396374,0.21986864489165295,0.15544289371197306
model_b_plus_home_advantage,fold_2,117383998,4630,A,H,0.496042041896744,0.17983148622848516,0.32412647187477095
model_b_plus_home_advantage,fold_2,117384002,4630,A,H,0.5384276456662596,0.23222959817990932,0.22934275615383115
model_b_plus_home_advantage,fold_2,117384003,4630,H,A,0.27041266187134166,0.2668409704555321,0.46274636767312616
model_b_plus_home_advantage,fold_2,117384004,4630,H,H,0.5605481649485838,0.2674748803091698,0.17197695474224642
model_b_plus_home_advantage,fold_2,117384007,4630,A,A,0.19479220953236134,0.22234335156440754,0.5828644389032311
model_b_plus_home_advantage,fold_2,117384008,4630,D,H,0.6365320363501233,0.19594515420472172,0.1675228094451549
model_b_plus_home_advantage,fold_2,117384009,4630,A,A,0.11105594503035658,0.17528086201208443,0.7136631929575591
model_b_plus_home_advantage,fold_2,118459767,4634,H,H,0.4931088293282866,0.3101661513858736,0.19672501928583994
model_b_plus_home_advantage,fold_2,118781391,4634,A,A,0.16794086653185064,0.30132723905326986,0.5307318944148796
model_b_plus_home_advantage,fold_2,118781392,4634,A,A,0.1469441436613768,0.26989445442986926,0.5831614019087538
model_b_plus_home_advantage,fold_2,118781393,4634,D,H,0.42637420732953374,0.30404820695096535,0.26957758571950086
model_b_plus_home_advantage,fold_2,118781394,4634,H,H,0.43721073733919186,0.3340922740304655,0.22869698863034263
model_b_plus_home_advantage,fold_2,119319770,4634,D,H,0.5997771893044499,0.2838776359379993,0.1163451747575508
model_b_plus_home_advantage,fold_2,119319771,4634,H,H,0.3749340014102318,0.31964759080693395,0.30541840778283424
model_b_plus_home_advantage,fold_2,119319772,4634,A,H,0.4637189422655718,0.277317988930364,0.2589630688040642
model_b_plus_home_advantage,fold_2,119319774,4634,D,H,0.5044734530254383,0.3144935069056871,0.18103304006887463
model_b_plus_home_advantage,fold_2,119746182,4724,D,H,0.6387738731353064,0.21002923833260526,0.15119688853208824
model_b_plus_home_advantage,fold_2,119746186,4724,D,H,0.7757082079407964,0.16009634776996684,0.06419544428923687
model_b_plus_home_advantage,fold_2,119746187,4629,H,A,0.2875656142773943,0.20596784026575723,0.5064665454568484
model_b_plus_home_advantage,fold_2,119746189,4675,H,H,0.856893086206663,0.09541840719862188,0.04768850659471504
model_b_plus_home_advantage,fold_2,119746190,4675,A,A,0.3368336267471122,0.27176772556879275,0.391398647684095
model_b_plus_home_advantage,fold_2,119746191,4724,D,A,0.21573606638861528,0.2697296347378553,0.5145342988735295
model_b_plus_home_advantage,fold_2,119746192,4629,D,A,0.29520696400583635,0.28231653021324943,0.4224765057809141
model_b_plus_home_advantage,fold_2,119746193,4724,D,H,0.6853557861600749,0.20095141882722703,0.11369279501269815
model_b_plus_home_advantage,fold_2,119746205,4629,A,H,0.427463005355682,0.29127124968293333,0.2812657449613846
model_b_plus_home_advantage,fold_2,119746207,4724,D,H,0.6680089689115674,0.19479858803619685,0.1371924430522358
model_b_plus_home_advantage,fold_2,119746208,4675,H,H,0.6744053077399497,0.18462145417850262,0.14097323808154763
model_b_plus_home_advantage,fold_2,119746209,4724,D,A,0.3833536026150411,0.20182811515224386,0.414818282232715
model_b_plus_home_advantage,fold_2,119746210,4629,H,H,0.4026160245266551,0.2657654272619277,0.3316185482114171
model_b_plus_home_advantage,fold_2,119746211,4675,D,H,0.5360260427250527,0.29050125230868046,0.17347270496626685
model_b_plus_home_advantage,fold_2,119746212,4675,A,A,0.25991833229263506,0.22763299266050877,0.5124486750468562
model_b_plus_home_advantage,fold_2,119746213,4675,H,H,0.623068637437933,0.187796274797031,0.1891350877650361
model_b_plus_home_advantage,fold_2,119746214,4675,H,H,0.761018303398477,0.1526751828674481,0.08630651373407489
model_b_plus_home_advantage,fold_2,119746215,4675,H,H,0.8283139451883965,0.12183182356327252,0.04985423124833084
model_b_plus_home_advantage,fold_2,119746216,4724,H,H,0.5270811638331347,0.2576703205349964,0.21524851563186886
model_b_plus_home_advantage,fold_2,119746222,4629,H,A,0.1715080635366567,0.25999557540276863,0.5684963610605747
model_b_plus_home_advantage,fold_2,119746223,4724,H,H,0.5855424539237276,0.2810010910219526,0.1334564550543197
model_b_plus_home_advantage,fold_2,119746224,4675,H,H,0.6354509331458846,0.2238624329722736,0.14068663388184185
model_b_plus_home_advantage,fold_2,119746228,4634,A,A,0.3399709466233202,0.31050793982771924,0.34952111354896065
model_b_plus_home_advantage,fold_2,119746229,4724,D,H,0.5161456222143118,0.23726374591584595,0.2465906318698422
model_b_plus_home_advantage,fold_2,120119553,4629,A,H,0.4493711944654917,0.2620214060427661,0.2886073994917422
model_b_plus_home_advantage,fold_2,120971825,4634,D,H,0.5976110443004253,0.25942866980161045,0.14296028589796422
model_b_plus_home_advantage,fold_2,120971827,4630,H,H,0.48267529935942577,0.2558438593338485,0.26148084130672566
model_b_plus_home_advantage,fold_2,120971828,4630,A,H,0.7777104601549386,0.10091076810945852,0.1213787717356029
model_b_plus_home_advantage,fold_2,120971829,4630,A,A,0.27374460066369916,0.26030288298148396,0.4659525163548169
model_b_plus_home_advantage,fold_2,120971830,4630,A,H,0.8772853399103203,0.07456873639141007,0.04814592369826963
model_b_plus_home_advantage,fold_2,120971831,4630,D,H,0.5220223256494522,0.23175985772659102,0.2462178166239568
model_b_plus_home_advantage,fold_2,120971832,4630,D,H,0.4302398430536315,0.24589898632172044,0.3238611706246482
model_b_plus_home_advantage,fold_2,120971833,4630,H,H,0.8819332200680458,0.08273943752736801,0.035327342404586244
model_b_plus_home_advantage,fold_2,120971834,4630,D,A,0.21961092473664284,0.21901731868019272,0.5613717565831644
model_b_plus_home_advantage,fold_2,120971835,4630,H,H,0.6730144699716791,0.21058402129272577,0.1164015087355952
model_b_plus_home_advantage,fold_2,120971836,4630,H,A,0.34090108562681537,0.24321278665641294,0.4158861277167717
model_b_plus_home_advantage,fold_2,121312075,4634,H,H,0.5675628714857717,0.28673012445602997,0.1457070040581984
model_b_plus_home_advantage,fold_2,121312076,4634,A,H,0.4135086463718253,0.28288967343800664,0.3036016801901681
model_b_plus_home_advantage,fold_2,121312078,4634,H,H,0.4554002616434848,0.28270626509987506,0.2618934732566402
model_b_plus_home_advantage,fold_2,121312079,4634,H,H,0.5021083912003328,0.2585737577335401,0.23931785106612716
model_b_plus_home_advantage,fold_2,121409099,4630,A,A,0.32807916634853446,0.2986735789384319,0.3732472547130337
model_b_plus_home_advantage,fold_2,121409100,4630,A,A,0.11687685830075885,0.15912996957140377,0.7239931721278373
model_b_plus_home_advantage,fold_2,121409101,4630,A,D,0.2384876919874976,0.38288355791872686,0.3786287500937755
model_b_plus_home_advantage,fold_2,121959719,4634,H,H,0.5649809630494916,0.261089452589593,0.1739295843609153
model_b_plus_home_advantage,fold_2,121959721,4634,A,D,0.36215214263820505,0.3740957744751932,0.26375208288660185
model_b_plus_home_advantage,fold_2,121959722,4634,D,A,0.3186664517208996,0.25743197952666286,0.42390156875243756
model_b_plus_home_advantage,fold_2,121959723,4634,H,A,0.2951078796732928,0.2734756903563127,0.43141642997039453
model_b_plus_home_advantage,fold_2,121959725,4675,D,A,0.2528694043459378,0.2145439971768759,0.5325865984771863
model_b_plus_home_advantage,fold_2,121959726,4630,A,A,0.17029398493247655,0.14079183111582244,0.688914183951701
model_b_plus_home_advantage,fold_2,121959728,4630,H,H,0.45181709461536523,0.29182409070160953,0.25635881468302524
model_b_plus_home_advantage,fold_2,121959729,4630,H,H,0.4887404760640324,0.24768694871346073,0.26357257522250677
model_b_plus_home_advantage,fold_2,121959730,4630,H,H,0.4345916480202632,0.31139700345612914,0.2540113485236076
model_b_plus_home_advantage,fold_2,122547982,4634,H,H,0.4659870653024647,0.2972110973858127,0.23680183731172255
model_b_plus_home_advantage,fold_2,122547983,4629,H,H,0.5121548563868852,0.28646246096286504,0.20138268265024983
model_b_plus_home_advantage,fold_2,122547984,4724,A,A,0.26692704198620026,0.23053789179689144,0.5025350662169084
model_b_plus_home_advantage,fold_2,122547985,4675,D,H,0.405275612676783,0.3143493152287605,0.28037507209445645
model_b_plus_home_advantage,fold_2,122547986,4629,D,A,0.34940076683998506,0.21742085189798668,0.4331783812620282
model_b_plus_home_advantage,fold_2,122547987,4724,A,A,0.11847189202195121,0.23882717886409827,0.6427009291139506
model_b_plus_home_advantage,fold_2,122547988,4629,A,H,0.41889610357683355,0.2248970942053662,0.35620680221780027
model_b_plus_home_advantage,fold_2,122547989,4675,H,A,0.15766738740861927,0.26678264985328587,0.5755499627380949
model_b_plus_home_advantage,fold_2,122547990,4724,D,H,0.5454251602456587,0.23880613791978003,0.21576870183456123
model_b_plus_home_advantage,fold_2,122547991,4629,A,H,0.4954174283774669,0.26884870761140134,0.23573386401113183
model_b_plus_home_advantage,fold_2,122547992,4629,A,H,0.45671780920527455,0.24331761312180825,0.29996457767291723
model_b_plus_home_advantage,fold_2,122547993,4629,H,H,0.6029073276314635,0.2185608969682496,0.17853177540028686
model_b_plus_home_advantage,fold_2,122547994,4724,A,A,0.315043403913452,0.3032415337775865,0.38171506230896146
model_b_plus_home_advantage,fold_2,122547995,4629,H,H,0.707369949562343,0.18954591230786821,0.1030841381297888
model_b_plus_home_advantage,fold_2,122547996,4724,H,H,0.4292385534461733,0.2881858212338098,0.28257562532001695
model_b_plus_home_advantage,fold_2,122547997,4675,A,A,0.13282078510757864,0.1679109735976374,0.6992682412947839
model_b_plus_home_advantage,fold_2,122547998,4724,H,A,0.17241694032198102,0.2143609468294168,0.6132221128486021
model_b_plus_home_advantage,fold_2,122547999,4629,A,A,0.29787999016275074,0.290005608681159,0.4121144011560903
model_b_plus_home_advantage,fold_2,122548000,4675,A,A,0.11763734179047226,0.2416222500599451,0.6407404081495827
model_b_plus_home_advantage,fold_2,122548001,4675,H,H,0.41954592427206555,0.322134905824904,0.25831916990303033
model_b_plus_home_advantage,fold_2,122548002,4675,A,H,0.5494567699290722,0.2834680091752486,0.1670752208956791
model_b_plus_home_advantage,fold_2,122548003,4675,H,H,0.4986581585001403,0.29812272453134253,0.20321911696851722
model_b_plus_home_advantage,fold_2,122548004,4629,H,H,0.6517891388247471,0.2039412715489989,0.144269589626254
model_b_plus_home_advantage,fold_2,122548005,4724,D,A,0.2688670754007667,0.29736289951911854,0.4337700250801147
model_b_plus_home_advantage,fold_2,122548006,4675,H,H,0.43610719850468144,0.3329413665231313,0.2309514349721873
model_b_plus_home_advantage,fold_2,122548007,4724,A,H,0.36194912765034715,0.2772960933706925,0.36075477897896024
model_b_plus_home_advantage,fold_2,122548008,4724,A,A,0.2639283978980255,0.2134067430459626,0.5226648590560119
model_b_plus_home_advantage,fold_2,122548009,4724,A,A,0.24880500396221356,0.28103635359786905,0.4701586424399174
model_b_plus_home_advantage,fold_2,125353401,4629,H,H,0.4483612093835756,0.21915104296556032,0.3324877476508641
model_b_plus_home_advantage,fold_2,125353402,4634,D,H,0.45168874768440714,0.33789314899538603,0.21041810332020694
model_b_plus_home_advantage,fold_2,125353403,4675,A,H,0.41441464446400367,0.3108473719950102,0.274737983540986
model_b_plus_home_advantage,fold_2,125353404,4629,H,A,0.2391366651567147,0.23737555661863455,0.5234877782246506
model_b_plus_home_advantage,fold_2,125353405,4634,H,H,0.5016726986085979,0.28562766496284697,0.21269963642855513
model_b_plus_home_advantage,fold_2,125353406,4675,D,H,0.7148986542023636,0.17419319280406945,0.11090815299356696
model_b_plus_home_advantage,fold_2,125353407,4629,A,A,0.3343086502492646,0.1766680782857857,0.48902327146494967
model_b_plus_home_advantage,fold_2,125353409,4634,H,H,0.42426572425264775,0.27986268904020856,0.2958715867071437
model_b_plus_home_advantage,fold_2,125353410,4675,D,H,0.5975255510621369,0.21165335150574277,0.19082109743212045
model_b_plus_home_advantage,fold_2,125353411,4629,H,A,0.3056589030807884,0.25339750894352425,0.44094358797568733
model_b_plus_home_advantage,fold_2,125353412,4629,A,A,0.2513595088874694,0.2967803088236569,0.4518601822888737
model_b_plus_home_advantage,fold_2,125353413,4629,A,A,0.3401768364415199,0.22844082258602239,0.4313823409724577
model_b_plus_home_advantage,fold_2,125353416,4634,D,H,0.42496267739456484,0.29174941319586556,0.2832879094095696
model_b_plus_home_advantage,fold_2,125353417,4629,A,A,0.1823297443549999,0.2090750528226497,0.6085952028223505
model_b_plus_home_advantage,fold_2,125353425,4629,D,H,0.6829858231959762,0.1715075363913085,0.1455066404127152
model_b_plus_home_advantage,fold_2,125353426,4634,A,A,0.2681699390213809,0.23477155896868837,0.4970585020099307
model_b_plus_home_advantage,fold_2,125353427,4675,D,H,0.6487512093318136,0.17236256867682367,0.17888622199136267
model_b_plus_home_advantage,fold_2,125353428,4634,H,H,0.5200898261072553,0.25300770736437933,0.22690246652836546
model_b_plus_home_advantage,fold_2,125353429,4634,H,H,0.4276363112478862,0.29568986524149476,0.27667382351061903
model_b_plus_home_advantage,fold_2,125353430,4675,A,H,0.6292406933603197,0.2007646002105607,0.16999470642911946
model_b_plus_home_advantage,fold_2,125353431,4675,A,H,0.46080489538497876,0.3008401824363184,0.2383549221787028
model_b_plus_home_advantage,fold_2,125353432,4675,H,H,0.6461647075283533,0.18323674531973663,0.1705985471519102
model_b_plus_home_advantage,fold_2,125353433,4675,H,H,0.7751452200679604,0.12341019834349075,0.1014445815885488
model_b_plus_home_advantage,fold_2,125353434,4634,H,H,0.6377764415867717,0.21936100487363439,0.142862553539594
model_b_plus_home_advantage,fold_2,125353437,4629,D,H,0.5628271074946701,0.23233355209324053,0.20483934041208932
model_b_plus_home_advantage,fold_2,125353438,4634,A,D,0.3340581580235641,0.35577187595946813,0.3101699660169678
model_b_plus_home_advantage,fold_2,125353439,4675,H,H,0.6345102095363857,0.18407253294908912,0.18141725751452517
model_b_plus_home_advantage,fold_2,125353442,4629,D,H,0.45839639245112856,0.22611991955547084,0.31548368799340054
model_b_plus_home_advantage,fold_2,125353445,4629,H,H,0.4556133770396939,0.19913139586906412,0.34525522709124196
model_b_plus_home_advantage,fold_2,125353446,4629,A,A,0.12140970669043381,0.16124781964530074,0.7173424736642653
model_b_plus_home_advantage,fold_2,125353449,4634,A,H,0.35739427435320714,0.3171636835535019,0.32544204209329103
model_b_plus_home_advantage,fold_2,126918030,4630,D,A,0.08084014208703427,0.12652108743890458,0.7926387704740611
model_b_plus_home_advantage,fold_2,126918577,4630,D,H,0.573889788134094,0.21043632796448497,0.2156738839014211
model_b_plus_home_advantage,fold_2,126918579,4630,H,H,0.7201531623857451,0.20341474923096753,0.07643208838328731
model_b_plus_home_advantage,fold_2,126918589,4630,H,H,0.5920480130147384,0.2513530259916168,0.15659896099364473
model_b_plus_home_advantage,fold_2,126919011,4630,D,H,0.5008460610602952,0.2241618673865648,0.2749920715531401
model_b_plus_home_advantage,fold_2,126919603,4630,H,H,0.4927301920135232,0.29121752932399986,0.21605227866247695
model_b_plus_home_advantage,fold_2,126919771,4630,D,H,0.4435042704599803,0.22615200228662174,0.33034372725339795
model_b_plus_home_advantage,fold_2,126982275,4630,A,A,0.08874445278715085,0.15597401588977483,0.7552815313230745
model_b_plus_home_advantage,fold_2,126982279,4630,A,A,0.17742875258921634,0.20463770556521646,0.6179335418455671
model_b_plus_home_advantage,fold_2,126982285,4630,H,H,0.500693505073073,0.17673253589563986,0.3225739590312872
model_b_plus_home_advantage,fold_2,127483019,4724,H,H,0.5670207519453451,0.2861729306177479,0.14680631743690703
model_b_plus_home_advantage,fold_2,127483023,4724,H,H,0.6823394278167647,0.1913354846692273,0.1263250875140081
model_b_plus_home_advantage,fold_2,127483024,4724,D,H,0.49285801498935083,0.27525777228788384,0.23188421272276524
model_b_plus_home_advantage,fold_2,127483196,4724,D,A,0.36704866552162574,0.2135629223640826,0.41938841211429156
model_b_plus_home_advantage,fold_2,127483197,4724,H,H,0.4855999035006017,0.2689350112434911,0.24546508525590705
model_b_plus_home_advantage,fold_2,127591072,4724,D,H,0.6575245524076638,0.20219896848475766,0.14027647910757862
model_b_plus_home_advantage,fold_2,127591808,4724,H,H,0.6378761104052056,0.22464985730230702,0.13747403229248728
model_b_plus_home_advantage,fold_2,127591809,4724,D,H,0.6303395191159835,0.18643481110377996,0.18322566978023663
model_b_plus_home_advantage,fold_2,127591901,4724,H,H,0.6139846104943327,0.2386148320459439,0.1474005574597235
model_b_plus_home_advantage,fold_2,127663287,4724,H,H,0.43688076497096723,0.2849583105682369,0.278160924460796
model_b_plus_home_advantage,fold_2,128293508,4634,H,H,0.5234872890197277,0.3109923366153651,0.1655203743649072
model_b_plus_home_advantage,fold_2,128293509,4634,A,H,0.510260372785829,0.341147058526338,0.14859256868783302
model_b_plus_home_advantage,fold_2,128293510,4675,D,A,0.314766120990126,0.3399765306525985,0.3452573483572754
model_b_plus_home_advantage,fold_2,128293511,4634,A,H,0.41906856026447054,0.32257869409499357,0.25835274564053595
model_b_plus_home_advantage,fold_2,128293512,4675,A,A,0.15915661705240755,0.20971887447116402,0.6311245084764285
model_b_plus_home_advantage,fold_2,128293513,4634,H,H,0.4263644399078895,0.3308101524090091,0.24282540768310137
model_b_plus_home_advantage,fold_2,128293514,4675,A,H,0.3963678276722752,0.32627282953151654,0.2773593427962083
model_b_plus_home_advantage,fold_2,128293515,4634,A,A,0.31350139277238914,0.31772618400404895,0.36877242322356185
model_b_plus_home_advantage,fold_2,128293516,4634,A,A,0.3075478416488226,0.28137509832275537,0.4110770600284221
model_b_plus_home_advantage,fold_2,128293517,4675,D,H,0.4818053189037834,0.3050482786831969,0.21314640241301974
model_b_plus_home_advantage,fold_2,128293518,4634,H,A,0.3068972273080275,0.3044022102581684,0.3887005624338042
model_b_plus_home_advantage,fold_2,128293519,4634,H,H,0.7901155091458555,0.15943950977708166,0.05044498107706287
model_b_plus_home_advantage,fold_2,128293520,4675,H,A,0.30426061258382214,0.19672033232551228,0.49901905509066563
model_b_plus_home_advantage,fold_2,128293521,4675,D,H,0.46301385229513475,0.310062481552216,0.22692366615264928
model_b_plus_home_advantage,fold_2,128293522,4675,H,H,0.5921335186771087,0.2972371728455209,0.11062930847737035
model_b_plus_home_advantage,fold_2,128293523,4675,H,H,0.6089703270591744,0.22233209216386104,0.16869758077696467
model_b_plus_home_advantage,fold_2,128293524,4634,H,H,0.68688228027698,0.169235206097567,0.14388251362545307
model_b_plus_home_advantage,fold_2,128293525,4634,A,H,0.3689213674643706,0.2659908665516291,0.36508776598400033
model_b_plus_home_advantage,fold_2,128293526,4675,D,A,0.10928120359156443,0.23696482841683306,0.6537539679916023
model_b_plus_home_advantage,fold_2,128991725,4724,D,H,0.374062849031337,0.29113841642773586,0.3347987345409272
model_b_plus_home_advantage,fold_2,128991727,4724,H,A,0.07640293166760709,0.1859895291292552,0.7376075392031378
model_b_plus_home_advantage,fold_2,129366678,4724,D,H,0.5978319933126018,0.25132514941144407,0.15084285727595417
model_b_plus_home_advantage,fold_2,129366679,4724,D,D,0.30576579006046145,0.38356722134137383,0.3106669885981647
model_b_plus_home_advantage,fold_2,129366680,4724,D,D,0.26250841573383377,0.39910238849582386,0.33838919577034243
model_b_plus_home_advantage,fold_2,129366683,4724,H,A,0.25350612211571777,0.23560756700796368,0.5108863108763186
model_b_plus_home_advantage,fold_2,129366684,4724,A,A,0.14618976411908519,0.26863121157885156,0.5851790243020634
model_b_plus_home_advantage,fold_2,129366685,4724,D,A,0.278023457800696,0.22456384149373823,0.4974127007055658
model_b_plus_home_advantage,fold_2,129529400,4724,A,A,0.3115652770619903,0.25147319926158646,0.4369615236764234
model_b_plus_home_advantage,fold_2,129540182,4629,A,H,0.44840759500150973,0.27950738230087224,0.27208502269761803
model_b_plus_home_advantage,fold_2,129540348,4630,D,A,0.2884739782126979,0.3284435421426482,0.38308247964465386
model_b_plus_home_advantage,fold_2,129540352,4629,H,H,0.6698471423253127,0.19987689198798514,0.1302759656867021
model_b_plus_home_advantage,fold_2,129583808,4629,A,H,0.5845660797859409,0.2307070782045393,0.1847268420095198
model_b_plus_home_advantage,fold_2,129583809,4630,H,H,0.40592121951238264,0.2908574195932216,0.3032213608943958
model_b_plus_home_advantage,fold_2,129583810,4724,D,A,0.18481222920033114,0.1994821290989999,0.615705641700669
model_b_plus_home_advantage,fold_2,129583816,4630,H,H,0.7746547405609745,0.09873357941498243,0.1266116800240431
model_b_plus_home_advantage,fold_2,129583818,4630,H,H,0.742515256612083,0.13432807418598913,0.12315666920192785
model_b_plus_home_advantage,fold_2,129583819,4630,H,H,0.4629774401373591,0.18500428323806034,0.35201827662458046
model_b_plus_home_advantage,fold_2,129583820,4629,D,H,0.545843711739728,0.24809580057798708,0.20606048768228494
model_b_plus_home_advantage,fold_2,129583821,4629,A,A,0.21997171154511863,0.2169071122053974,0.563121176249484
model_b_plus_home_advantage,fold_2,129583823,4630,H,H,0.8238099720939239,0.10525398940400314,0.07093603850207295
model_b_plus_home_advantage,fold_2,129583824,4629,H,H,0.7425038632987456,0.1584574186943186,0.09903871800693571
model_b_plus_home_advantage,fold_2,129583826,4630,A,A,0.21659079784671803,0.33142221708803926,0.45198698506524265
model_b_plus_home_advantage,fold_2,129583827,4630,A,A,0.27070662128477857,0.22893286313751404,0.5003605155777073
model_b_plus_home_advantage,fold_2,129583828,4630,D,H,0.44342701786833066,0.2075461077393035,0.3490268743923658
model_b_plus_home_advantage,fold_2,129583829,4629,H,H,0.3656655135555712,0.304691054179265,0.32964343226516374
model_b_plus_home_advantage,fold_2,129583830,4630,H,H,0.7115539190822805,0.15113421938617141,0.137311861531548
model_b_plus_home_advantage,fold_2,130052640,4724,D,A,0.3723012844423784,0.24436559416209178,0.3833331213955298
model_b_plus_home_advantage,fold_2,131508731,4630,D,A,0.13363067470101228,0.1411358677712061,0.7252334575277816
model_b_plus_home_advantage,fold_2,131508732,4629,A,A,0.2999172658079887,0.24465809025321872,0.4554246439387925
model_b_plus_home_advantage,fold_2,131508733,4629,A,A,0.25507298160374364,0.23188742570382948,0.5130395926924269
model_b_plus_home_advantage,fold_2,131508734,4629,A,A,0.28291489805147335,0.2575271163739295,0.45955798557459715
model_b_plus_home_advantage,fold_2,131508735,4629,D,A,0.33597344688457303,0.2344690803740363,0.4295574727413907
model_b_plus_home_advantage,fold_2,131508736,4629,H,H,0.5235486285835246,0.27647848449614,0.1999728869203354
model_b_plus_home_advantage,fold_2,131508737,4629,A,H,0.6185805697676418,0.22269869790437372,0.1587207323279845
model_b_plus_home_advantage,fold_2,131508738,4634,H,H,0.5603181627891857,0.32116402009605455,0.11851781711475978
model_b_plus_home_advantage,fold_2,131508739,4675,A,A,0.165138512396428,0.16551208641585172,0.6693494011877202
model_b_plus_home_advantage,fold_2,131508740,4675,H,H,0.7956071643174456,0.13557452384190155,0.06881831184065286
model_b_plus_home_advantage,fold_2,131508741,4630,A,A,0.13728985623345613,0.16689503868692965,0.6958151050796141
model_b_plus_home_advantage,fold_2,131508742,4675,A,H,0.44269157251630425,0.323341444547366,0.23396698293632984
model_b_plus_home_advantage,fold_2,131508747,4675,H,H,0.3946364566504541,0.22005167270149686,0.3853118706480491
model_b_plus_home_advantage,fold_2,131508748,4630,A,A,0.2750444907063088,0.25289841181985223,0.4720570974738389
model_b_plus_home_advantage,fold_2,131508749,4630,A,A,0.2530979093821177,0.35938702168268033,0.38751506893520204
model_b_plus_home_advantage,fold_2,131508750,4630,H,H,0.48674586626947064,0.31454104957974055,0.19871308415078895
model_b_plus_home_advantage,fold_2,131508751,4630,H,H,0.5752148305757819,0.23751050894475262,0.18727466047946537
model_b_plus_home_advantage,fold_2,131508752,4630,D,H,0.5448356083701336,0.19447056184690184,0.2606938297829645
model_b_plus_home_advantage,fold_2,131508753,4630,H,H,0.7261953219816918,0.19366806758720453,0.08013661043110369
model_b_plus_home_advantage,fold_2,131508754,4630,A,H,0.5538517580868773,0.25395144437164857,0.19219679754147417
model_b_plus_home_advantage,fold_2,131508755,4675,H,H,0.5509038791182221,0.24706766240115838,0.20202845848061945
model_b_plus_home_advantage,fold_2,131508756,4675,D,H,0.4474944457084508,0.19993097437150759,0.3525745799200416
model_b_plus_home_advantage,fold_2,131508757,4675,D,H,0.46520844416726853,0.29841723243134594,0.23637432340138556
model_b_plus_home_advantage,fold_2,131508758,4675,D,H,0.8200486781929133,0.11910073353250011,0.06085058827458666
model_b_plus_home_advantage,fold_2,131508759,4630,A,A,0.16637759198696175,0.15477339876860513,0.6788490092444333
model_b_plus_home_advantage,fold_2,131508760,4629,D,H,0.4970192053035909,0.23031124732360514,0.2726695473728039
model_b_plus_home_advantage,fold_2,131508761,4629,H,H,0.609821260480401,0.20738280149876642,0.18279593802083258
model_b_plus_home_advantage,fold_2,131508762,4675,A,A,0.26765768165976656,0.2070779060622007,0.5252644122780327
model_b_plus_home_advantage,fold_2,131508763,4634,H,H,0.6234819044946411,0.24936223904184907,0.12715585646350977
model_b_plus_home_advantage,fold_2,131508764,4629,H,H,0.639334418580649,0.22181341851318234,0.13885216290616867
model_b_plus_home_advantage,fold_2,131577481,4634,D,H,0.4128359275673555,0.3028487080019305,0.284315364430714
model_b_plus_home_advantage,fold_2,131577521,4634,H,H,0.4971343286859406,0.25515693496266273,0.24770873635139665
model_b_plus_home_advantage,fold_2,131577522,4634,H,H,0.3478961517515854,0.32361629488551746,0.3284875533628971
model_b_plus_home_advantage,fold_2,131577523,4634,D,H,0.5288147198728338,0.2648299171811697,0.20635536294599643
model_b_plus_home_advantage,fold_2,131577524,4634,A,A,0.11910052070235466,0.19114099634573067,0.6897584829519147
model_b_plus_home_advantage,fold_2,131577525,4634,H,H,0.46757878634449895,0.29866412376440726,0.2337570898910938
model_b_plus_home_advantage,fold_2,131577526,4634,H,H,0.5520543981747791,0.22279751260812847,0.22514808921709248
model_b_plus_home_advantage,fold_2,131577527,4634,D,H,0.3776592086783706,0.29306625557373106,0.3292745357478983
model_b_plus_home_advantage,fold_2,131856554,4724,H,H,0.6289498466915445,0.229360325621508,0.1416898276869474
model_b_plus_home_advantage,fold_2,131856555,4724,D,H,0.7371019363330916,0.1883307452873523,0.07456731837955614
model_b_plus_home_advantage,fold_2,131856556,4724,A,A,0.3505682786440462,0.2736459863335376,0.3757857350224162
model_b_plus_home_advantage,fold_2,131856557,4724,H,H,0.624437769281004,0.24537352688462216,0.13018870383437375
model_b_plus_home_advantage,fold_2,131856558,4724,A,H,0.48874924542981696,0.20509591973215877,0.3061548348380243
model_b_plus_home_advantage,fold_2,131856559,4724,A,A,0.14711887638646914,0.17902446221836943,0.6738566613951614
model_b_plus_home_advantage,fold_2,131856560,4724,H,H,0.5056033177936069,0.27691826968987426,0.21747841251651892
model_b_plus_home_advantage,fold_2,131924021,4724,H,H,0.6322203985053708,0.18513368304098599,0.1826459184536432
model_b_plus_home_advantage,fold_2,132162271,4724,A,H,0.5559317102812886,0.24528705801512368,0.19878123170358764
model_b_plus_home_advantage,fold_2,132162272,4724,H,H,0.4067706030119059,0.2749247259270463,0.31830467106104776
model_b_plus_home_advantage,fold_2,134704448,4634,H,H,0.6227970511611135,0.202609168858423,0.17459377998046346
model_b_plus_home_advantage,fold_2,134704449,4634,A,A,0.148276943448388,0.2997475830006515,0.5519754735509605
model_b_plus_home_advantage,fold_2,134704450,4634,D,A,0.33748764650564567,0.3103072882396349,0.35220506525471945
model_b_plus_home_advantage,fold_2,134704453,4634,A,A,0.30860949920879444,0.23501052612123866,0.45637997466996705
model_b_plus_home_advantage,fold_2,134704454,4634,H,H,0.36812623510602666,0.277433159574191,0.3544406053197822
model_b_plus_home_advantage,fold_2,134704455,4629,H,A,0.32344249500957556,0.21218627084281647,0.46437123414760806
model_b_plus_home_advantage,fold_2,134704456,4629,A,A,0.3877142088086868,0.1976218768977942,0.414663914293519
model_b_plus_home_advantage,fold_2,134704457,4630,H,A,0.3023480543698933,0.2596602517793723,0.4379916938507344
model_b_plus_home_advantage,fold_2,134704458,4630,A,A,0.35161626219578423,0.24078486876254893,0.4075988690416668
model_b_plus_home_advantage,fold_2,134704459,4634,H,H,0.5809248113554463,0.28862711004832703,0.13044807859622667
model_b_plus_home_advantage,fold_2,134704460,4634,A,H,0.5236548815569264,0.26752839946384116,0.2088167189792324
model_b_plus_home_advantage,fold_2,134704461,4634,A,H,0.5108819815035531,0.3025239985687205,0.18659401992772637
model_b_plus_home_advantage,fold_2,134704462,4634,H,H,0.762089752245218,0.18442629877492264,0.05348394897985926
model_b_plus_home_advantage,fold_2,134704463,4630,A,A,0.11407659688340235,0.17866937671200975,0.7072540264045879
model_b_plus_home_advantage,fold_2,134704464,4634,D,H,0.34816261737688176,0.34629710455118284,0.30554027807193535
model_b_plus_home_advantage,fold_2,136824980,4724,D,A,0.39550925848470514,0.20688567418649403,0.3976050673288009
model_b_plus_home_advantage,fold_2,136868005,4675,D,A,0.24854791552842737,0.25053045965541504,0.5009216248161577
model_b_plus_home_advantage,fold_2,136868007,4675,A,H,0.38766051066427354,0.33919256004150455,0.27314692929422196
model_b_plus_home_advantage,fold_2,136868010,4675,H,A,0.13518198563138417,0.18443729134086873,0.680380723027747
model_b_plus_home_advantage,fold_2,136868012,4675,H,H,0.46948913689305727,0.3082110038439751,0.2222998592629677
model_b_plus_home_advantage,fold_2,136868014,4675,H,H,0.7236499395810879,0.18218421304326696,0.09416584737564503
model_b_plus_home_advantage,fold_2,136868016,4675,H,H,0.44149730985616387,0.337388740660716,0.22111394948312016
model_b_plus_home_advantage,fold_2,136868081,4675,H,H,0.7599042859373711,0.18798552499553023,0.052110189067098606
model_b_plus_home_advantage,fold_2,136868083,4675,H,H,0.37423578709928884,0.34896149038590407,0.2768027225148071
model_b_plus_home_advantage,fold_2,136868084,4675,H,H,0.8871076718718631,0.06689209561282104,0.04600023251531585
model_b_plus_home_advantage,fold_2,136868842,4724,A,A,0.37732049755830627,0.24492569720805968,0.377753805233634
model_b_plus_home_advantage,fold_2,136869072,4724,H,A,0.2377257824310553,0.20359399334839257,0.5586802242205521
model_b_plus_home_advantage,fold_2,136924774,4724,H,H,0.511470853924786,0.26983059012720534,0.21869855594800866
model_b_plus_home_advantage,fold_2,136924775,4724,D,H,0.6373500875901434,0.21171410346052053,0.15093580894933592
model_b_plus_home_advantage,fold_2,137015131,4724,D,H,0.5316949031257467,0.2708289932884077,0.1974761035858456
model_b_plus_home_advantage,fold_2,137015132,4724,A,H,0.36150198975877557,0.35171302526185866,0.2867849849793658
model_b_plus_home_advantage,fold_2,137015133,4724,A,D,0.32716374561675354,0.3460523085885839,0.32678394579466263
model_b_plus_home_advantage,fold_2,137425983,4630,H,H,0.7494779366696622,0.15847262600177012,0.09204943732856759
model_b_plus_home_advantage,fold_2,137425984,4630,A,A,0.31739810697592025,0.22144529403224422,0.4611565989918355
model_b_plus_home_advantage,fold_2,137425985,4630,A,H,0.48879473211372054,0.2781197495037936,0.23308551838248592
model_b_plus_home_advantage,fold_2,137425986,4630,A,A,0.34164808280216097,0.25144789001185974,0.40690402718597923
model_b_plus_home_advantage,fold_2,137425987,4630,H,H,0.6465862358360718,0.15457286894329078,0.19884089522063741
model_b_plus_home_advantage,fold_2,137425988,4630,H,H,0.4455017725141706,0.22156267036363045,0.33293555712219897
model_b_plus_home_advantage,fold_2,137425989,4630,H,H,0.8599395406864976,0.08151308354674154,0.0585473757667609
model_b_plus_home_advantage,fold_2,137425991,4630,A,A,0.22942137329156784,0.3037742435626751,0.4668043831457572
model_b_plus_home_advantage,fold_2,137425992,4630,H,H,0.8981133586730401,0.06589030283547175,0.03599633849148822
model_b_plus_home_advantage,fold_2,137425993,4630,A,A,0.16262160831631287,0.2267482241235537,0.6106301675601334
model_b_plus_home_advantage,fold_2,137426233,4634,H,H,0.4686811959343262,0.28536191598899513,0.2459568880766787
model_b_plus_home_advantage,fold_2,137426234,4634,A,H,0.6910309438266201,0.19817259431382378,0.1107964618595562
model_b_plus_home_advantage,fold_2,137426235,4634,H,H,0.5199756383189124,0.3001866602007299,0.1798377014803578
model_b_plus_home_advantage,fold_2,137426236,4634,A,H,0.3471312320756099,0.3205106102652756,0.3323581576591145
model_b_plus_home_advantage,fold_2,137426237,4634,D,H,0.4488521595337132,0.2825819931304301,0.26856584733585664
model_b_plus_home_advantage,fold_2,137426238,4634,H,H,0.3842194052092344,0.3610905688924372,0.25469002589832834
model_b_plus_home_advantage,fold_2,137426239,4634,D,H,0.4815901716119204,0.3205077563698422,0.19790207201823748
model_b_plus_home_advantage,fold_2,137426240,4634,A,A,0.2804790520745566,0.32665641562336134,0.392864532302082
model_b_plus_home_advantage,fold_2,137426241,4634,A,A,0.2709614051984464,0.2800939188740454,0.44894467592750825
model_b_plus_home_advantage,fold_2,137426242,4634,D,A,0.13666584225922004,0.16352179817002543,0.6998123595707544
model_b_plus_home_advantage,fold_2,137426298,4629,A,A,0.3315348461616207,0.21038992090635988,0.45807523293201946
model_b_plus_home_advantage,fold_2,137426299,4629,H,H,0.40165814045532194,0.29570586057381637,0.30263599897086174
model_b_plus_home_advantage,fold_2,137426301,4629,H,H,0.7120706373098973,0.17048049057391462,0.11744887211618821
model_b_plus_home_advantage,fold_2,137426302,4629,D,H,0.4961092083896823,0.23426766415723613,0.26962312745308153
model_b_plus_home_advantage,fold_2,137426303,4629,H,H,0.5032018005885345,0.2669058392262538,0.22989236018521172
model_b_plus_home_advantage,fold_2,137426304,4629,H,A,0.3272916806001366,0.26069962978508937,0.41200868961477405
model_b_plus_home_advantage,fold_2,137426305,4629,D,H,0.580858270769038,0.22651029213219384,0.19263143709876823
model_b_plus_home_advantage,fold_2,137426306,4629,A,A,0.27940118365690214,0.21049795016836897,0.5101008661747289
model_b_plus_home_advantage,fold_2,137426307,4629,A,A,0.18364909885259956,0.17041785527612846,0.645933045871272
model_b_plus_home_advantage,fold_2,137483653,4724,D,H,0.4478419061483666,0.21682889931992644,0.3353291945317068
model_b_plus_home_advantage,fold_2,137483654,4724,A,A,0.2597650217804117,0.3221627030483536,0.41807227517123474
model_b_plus_home_advantage,fold_2,139241035,4634,H,H,0.373376605992604,0.3682544467764788,0.25836894723091725
model_b_plus_home_advantage,fold_2,139241036,4634,D,H,0.5375270435084629,0.211632075394689,0.25084088109684805
model_b_plus_home_advantage,fold_2,139241037,4634,A,H,0.418763662614153,0.3242702415011413,0.2569660958847057
model_b_plus_home_advantage,fold_2,139241038,4634,H,H,0.6381045179043152,0.2629480896861105,0.09894739240957426
model_b_plus_home_advantage,fold_2,139241039,4634,D,D,0.3543979229066886,0.3621742559431227,0.2834278211501887
model_b_plus_home_advantage,fold_2,139241041,4634,A,H,0.4182648930245974,0.2461561988630335,0.3355789081123691
model_b_plus_home_advantage,fold_2,139241042,4634,A,H,0.4379172269535609,0.3013534355165373,0.2607293375299018
model_b_plus_home_advantage,fold_2,139241043,4634,A,A,0.21426973733249247,0.27795788377784797,0.5077723788896596
model_b_plus_home_advantage,fold_2,139241045,4634,D,H,0.7468568035918856,0.15775033489702847,0.0953928615110859
model_b_plus_home_advantage,fold_2,139241046,4634,D,H,0.35083500352356756,0.34822712251273163,0.30093787396370086
model_b_plus_home_advantage,fold_2,139737616,4724,H,H,0.5663166136551854,0.2396003112773873,0.1940830750674273
model_b_plus_home_advantage,fold_2,139737617,4724,A,A,0.21218917998439782,0.3067586351142846,0.4810521849013175
model_b_plus_home_advantage,fold_2,139737618,4724,H,A,0.18908184723319954,0.25066212050454695,0.5602560322622535
model_b_plus_home_advantage,fold_2,139737620,4724,A,H,0.44800530191113,0.3313658799372999,0.22062881815156993
model_b_plus_home_advantage,fold_2,139737621,4724,H,A,0.26718221124568137,0.2319311344007116,0.500886654353607
model_b_plus_home_advantage,fold_2,139737622,4724,D,A,0.1735696915397694,0.16155242323072191,0.6648778852295087
model_b_plus_home_advantage,fold_2,139737624,4724,H,H,0.5594673610449535,0.26143281118260614,0.17909982777244032
model_b_plus_home_advantage,fold_2,139737625,4724,D,H,0.627762622658428,0.22047292673228533,0.1517644506092866
model_b_plus_home_advantage,fold_2,139737626,4724,D,H,0.7796051859227578,0.14843509986456516,0.07195971421267688
model_b_plus_home_advantage,fold_2,139737627,4724,D,H,0.6408146141857327,0.20027336565611084,0.15891202015815645
