fixture_id,y_true,frequency_P_H,frequency_P_D,frequency_P_A,majority_P_H,majority_P_D,majority_P_A,logreg_P_H,logreg_P_D,logreg_P_A,hgb_P_H,hgb_P_D,hgb_P_A
9922008,A,0.4131982475355969,0.2568455640744797,0.32995618838992335,1.0,0.0,0.0,0.46311497130605994,0.2464473820013564,0.29043764669258354,0.26409629597266054,0.5125728434794417,0.22333086054789775
9922032,A,0.4131982475355969,0.2568455640744797,0.32995618838992335,1.0,0.0,0.0,0.4141381384298837,0.2444247486722976,0.3414371128978187,0.4148521533769771,0.2212903035767171,0.36385754304630585
9922033,H,0.4131982475355969,0.2568455640744797,0.32995618838992335,1.0,0.0,0.0,0.37174193818900636,0.2831577990947234,0.34510026271627026,0.13734809828777073,0.7005128427002603,0.16213905901196904
9971689,D,0.4131982475355969,0.2568455640744797,0.32995618838992335,1.0,0.0,0.0,0.43297628577941344,0.2331521694349908,0.3338715447855958,0.24775237061887148,0.22770115336815316,0.5245464760129754
9971877,H,0.4131982475355969,0.2568455640744797,0.32995618838992335,1.0,0.0,0.0,0.5042419664618639,0.07760679972510777,0.41815123381302827,0.7896094724596731,0.1396409180001629,0.07074960954016393
9971878,H,0.4131982475355969,0.2568455640744797,0.32995618838992335,1.0,0.0,0.0,0.4504254692832622,0.12758311175211293,0.4219914189646249,0.7936661135812433,0.12102417383418583,0.08530971258457097
9971879,D,0.4131982475355969,0.2568455640744797,0.32995618838992335,1.0,0.0,0.0,0.45107280302390224,0.17159754071683211,0.3773296562592657,0.7600523005648019,0.17699894975544814,0.06294874967974991
9971880,A,0.4131982475355969,0.2568455640744797,0.32995618838992335,1.0,0.0,0.0,0.45066510536094573,0.19667809680781012,0.35265679783124415,0.6059745761848518,0.16463294184857363,0.22939248196657452
9971881,A,0.4131982475355969,0.2568455640744797,0.32995618838992335,1.0,0.0,0.0,0.4939602666725573,0.17026444567397828,0.3357752876534644,0.6861135656899293,0.15052063807004298,0.1633657962400277
9972251,A,0.4131982475355969,0.2568455640744797,0.32995618838992335,1.0,0.0,0.0,0.4028640854900822,0.2795787564618197,0.3175571580480982,0.5879351013228807,0.07977683298749855,0.3322880656896207
9972432,A,0.4131982475355969,0.2568455640744797,0.32995618838992335,1.0,0.0,0.0,0.37624739184519385,0.2568203311489628,0.3669322770058433,0.7619740107511559,0.1968283043459664,0.04119768490287776
9972438,H,0.4131982475355969,0.2568455640744797,0.32995618838992335,1.0,0.0,0.0,0.44178930813185374,0.19717976776260202,0.3610309241055441,0.4896991611170434,0.419213455823763,0.09108738305919344
9972548,A,0.4131982475355969,0.2568455640744797,0.32995618838992335,1.0,0.0,0.0,0.4190056255566443,0.22349838790234355,0.3574959865410122,0.6114493035029734,0.1464960671982538,0.24205462929877267
9974057,H,0.4131982475355969,0.2568455640744797,0.32995618838992335,1.0,0.0,0.0,0.4323262642053436,0.18795199941035873,0.3797217363842976,0.5703409962056449,0.09090872143103991,0.3387502823633151
9974058,H,0.4131982475355969,0.2568455640744797,0.32995618838992335,1.0,0.0,0.0,0.41085831998260325,0.21733134060476086,0.37181033941263597,0.07123635986333318,0.8080920039641232,0.12067163617254366
9974059,H,0.4131982475355969,0.2568455640744797,0.32995618838992335,1.0,0.0,0.0,0.4092760572232081,0.2421130281624427,0.3486109146143492,0.7151232366522607,0.12247322571920194,0.16240353762853724
9974060,H,0.4131982475355969,0.2568455640744797,0.32995618838992335,1.0,0.0,0.0,0.39493353439285755,0.2354470592732628,0.36961940633387974,0.6924526297684109,0.23679300308274104,0.07075436714884811
10138577,D,0.4131982475355969,0.2568455640744797,0.32995618838992335,1.0,0.0,0.0,0.43477967705324305,0.20662281493040316,0.3585975080163537,0.22255230489235225,0.0613078875735816,0.7161398075340663
10138725,D,0.4131982475355969,0.2568455640744797,0.32995618838992335,1.0,0.0,0.0,0.35967702580548927,0.2651213972311668,0.37520157696334405,0.6972598223060413,0.19153730111428263,0.11120287657967604
10138726,A,0.4131982475355969,0.2568455640744797,0.32995618838992335,1.0,0.0,0.0,0.3943711576177093,0.23967900252740737,0.36594983985488344,0.3928754881546892,0.3697435639189315,0.23738094792637923
10138727,H,0.4131982475355969,0.2568455640744797,0.32995618838992335,1.0,0.0,0.0,0.4253735990353296,0.21660144767314346,0.3580249532915269,0.3525259476078521,0.08660958685078862,0.5608644655413594
10138728,D,0.4131982475355969,0.2568455640744797,0.32995618838992335,1.0,0.0,0.0,0.413124054603518,0.20770455547662287,0.37917138991985916,0.574093010567883,0.17561583719090804,0.2502911522412089
10138729,H,0.4131982475355969,0.2568455640744797,0.32995618838992335,1.0,0.0,0.0,0.3923950560726556,0.2355482756449013,0.37205666828244305,0.20649969988389885,0.6815965735117157,0.11190372660438554
10138730,H,0.4131982475355969,0.2568455640744797,0.32995618838992335,1.0,0.0,0.0,0.3984923566718689,0.23988451897189042,0.36162312435624067,0.3777873273669992,0.1786007791936714,0.44361189343932933
10138848,D,0.4131982475355969,0.2568455640744797,0.32995618838992335,1.0,0.0,0.0,0.4918446161081478,0.19577602160860724,0.312379362283245,0.8367289862309844,0.10280548154880778,0.06046553222020795
10138967,A,0.4131982475355969,0.2568455640744797,0.32995618838992335,1.0,0.0,0.0,0.3816169526818696,0.24106627925218438,0.37731676806594594,0.7884245502754899,0.1800524816253518,0.03152296809915833
10138975,A,0.4131982475355969,0.2568455640744797,0.32995618838992335,1.0,0.0,0.0,0.39003559966696366,0.21862689039447994,0.3913375099385565,0.4017218490297664,0.18123584456340275,0.4170423064068309
10138976,H,0.4131982475355969,0.2568455640744797,0.32995618838992335,1.0,0.0,0.0,0.4739178872432432,0.19432712041276426,0.3317549923439926,0.5498669160916684,0.22388994203691157,0.22624314187142003
10139097,H,0.4131982475355969,0.2568455640744797,0.32995618838992335,1.0,0.0,0.0,0.41186814357080215,0.239814047854984,0.3483178085742139,0.3638651725508079,0.22050691788804797,0.4156279095611442
10378209,A,0.4131982475355969,0.2568455640744797,0.32995618838992335,1.0,0.0,0.0,0.5814410350652468,0.1643076530405795,0.25425131189417366,0.817412825325321,0.0837741381166855,0.09881303655799346
10378240,D,0.4131982475355969,0.2568455640744797,0.32995618838992335,1.0,0.0,0.0,0.2670909518189609,0.2674883120481097,0.4654207361329294,0.2662418106899613,0.6320700168053698,0.10168817250466897
10378242,H,0.4131982475355969,0.2568455640744797,0.32995618838992335,1.0,0.0,0.0,0.4056655127030872,0.32623787450603664,0.26809661279087627,0.5131644790027063,0.395422047428483,0.0914134735688106
10439662,H,0.4131982475355969,0.2568455640744797,0.32995618838992335,1.0,0.0,0.0,0.3542165043197477,0.24217900487396485,0.4036044908062874,0.20719197742469428,0.6304478970620734,0.16236012551323234
10439949,A,0.4131982475355969,0.2568455640744797,0.32995618838992335,1.0,0.0,0.0,0.5465418928889205,0.2632045491773448,0.1902535579337346,0.7495175211120273,0.10520822079626603,0.14527425809170672
10439950,D,0.4131982475355969,0.2568455640744797,0.32995618838992335,1.0,0.0,0.0,0.37706093732724144,0.22393549876663374,0.39900356390612474,0.5036207164327166,0.18195305137313084,0.3144262321941526
10439951,H,0.4131982475355969,0.2568455640744797,0.32995618838992335,1.0,0.0,0.0,0.4004202605420786,0.21492063836543007,0.38465910109249146,0.4523072113347221,0.2469696513754484,0.3007231372898294
10439952,D,0.4131982475355969,0.2568455640744797,0.32995618838992335,1.0,0.0,0.0,0.5526749678543992,0.23393726124725936,0.21338777089834143,0.623731500854239,0.12143931799202154,0.25482918115373937
10439953,D,0.4131982475355969,0.2568455640744797,0.32995618838992335,1.0,0.0,0.0,0.4721029633480888,0.2027065664989412,0.32519047015297,0.4344253777941415,0.15743476111581156,0.4081398610900471
10440255,H,0.4131982475355969,0.2568455640744797,0.32995618838992335,1.0,0.0,0.0,0.47533856125890284,0.22509335630840857,0.2995680824326886,0.6984359246484414,0.07475799061488396,0.22680608473667455
10440259,D,0.4131982475355969,0.2568455640744797,0.32995618838992335,1.0,0.0,0.0,0.35166727433507927,0.23653135303883935,0.41180137262608146,0.7775928073393296,0.06536189669509293,0.1570452959655775
10440260,H,0.4131982475355969,0.2568455640744797,0.32995618838992335,1.0,0.0,0.0,0.36612939685191115,0.23544941142326034,0.3984211917248284,0.7952270977779095,0.07444509026020983,0.1303278119618807
10440263,D,0.4131982475355969,0.2568455640744797,0.32995618838992335,1.0,0.0,0.0,0.238061000590726,0.22849987707967917,0.5334391223295949,0.06638601205325867,0.18027456232654518,0.7533394256201962
10440264,D,0.4131982475355969,0.2568455640744797,0.32995618838992335,1.0,0.0,0.0,0.32585287631625837,0.2423737282078116,0.4317733954759301,0.45931755123558854,0.3786225735557434,0.16205987520866807
10440616,D,0.4131982475355969,0.2568455640744797,0.32995618838992335,1.0,0.0,0.0,0.39856300945093254,0.31905785898345057,0.28237913156561695,0.46300321495851693,0.4957238293115807,0.04127295572990245
10440620,D,0.4131982475355969,0.2568455640744797,0.32995618838992335,1.0,0.0,0.0,0.4917952036260343,0.23315873689796973,0.2750460594759959,0.3133547006993607,0.5265174955220394,0.16012780377859995
10440768,H,0.4131982475355969,0.2568455640744797,0.32995618838992335,1.0,0.0,0.0,0.42265432161979366,0.23391526207345256,0.3434304163067538,0.7552500462612048,0.16612676331063228,0.07862319042816296
10440771,D,0.4131982475355969,0.2568455640744797,0.32995618838992335,1.0,0.0,0.0,0.30344918518991787,0.20460679221734301,0.49194402259273917,0.14632594870844517,0.013786595107202192,0.8398874561843526
10440772,H,0.4131982475355969,0.2568455640744797,0.32995618838992335,1.0,0.0,0.0,0.4385232335413609,0.24115260157315402,0.320324164885485,0.4330144155899951,0.3112237495687373,0.2557618348412677
10440773,A,0.4131982475355969,0.2568455640744797,0.32995618838992335,1.0,0.0,0.0,0.3667636832782219,0.18818245614392703,0.445053860577851,0.1911834614392102,0.40876860722630326,0.4000479313344864
10440800,A,0.4131982475355969,0.2568455640744797,0.32995618838992335,1.0,0.0,0.0,0.41558914664359725,0.2685331145537901,0.3158777388026126,0.26036200083427413,0.23985904184749265,0.49977895731823324
10440868,A,0.4131982475355969,0.2568455640744797,0.32995618838992335,1.0,0.0,0.0,0.4165149474608958,0.21754899872372016,0.3659360538153841,0.5145896135169024,0.060630624130553805,0.42477976235254383
10440869,A,0.4131982475355969,0.2568455640744797,0.32995618838992335,1.0,0.0,0.0,0.421252163186684,0.2161774720475549,0.36257036476576104,0.2735875837774964,0.04113749737907516,0.6852749188434284
10440882,D,0.4131982475355969,0.2568455640744797,0.32995618838992335,1.0,0.0,0.0,0.4631830042324385,0.23777585538513035,0.2990411403824312,0.6277879795690263,0.13635021154134347,0.23586180888963018
10440883,H,0.4131982475355969,0.2568455640744797,0.32995618838992335,1.0,0.0,0.0,0.5048512588783135,0.20161159928032654,0.29353714184136,0.5996460546914617,0.2692742658702888,0.1310796794382494
10634172,H,0.4131982475355969,0.2568455640744797,0.32995618838992335,1.0,0.0,0.0,0.21084366068855262,0.222073640050964,0.5670826992604834,0.24250896372863506,0.06274441875322145,0.6947466175181435
10634400,H,0.4131982475355969,0.2568455640744797,0.32995618838992335,1.0,0.0,0.0,0.40149287223815394,0.2541504858530099,0.3443566419088361,0.5225261269582715,0.08905044097130747,0.388423432070421
10634449,D,0.4131982475355969,0.2568455640744797,0.32995618838992335,1.0,0.0,0.0,0.43825925194728654,0.22085999002164633,0.34088075803106715,0.34625681991477975,0.2550257137298192,0.398717466355401
10634600,D,0.4131982475355969,0.2568455640744797,0.32995618838992335,1.0,0.0,0.0,0.42469756745269016,0.2694177410270523,0.3058846915202575,0.5356805832792754,0.2246769730631951,0.23964244365752946
10634611,D,0.4131982475355969,0.2568455640744797,0.32995618838992335,1.0,0.0,0.0,0.30887256069688396,0.2735611059279277,0.41756633337518834,0.3427096834740672,0.1341949843952312,0.5230953321307015
10634612,H,0.4131982475355969,0.2568455640744797,0.32995618838992335,1.0,0.0,0.0,0.6561339823437913,0.14155907604918844,0.20230694160702034,0.8764616236265349,0.04424884600141483,0.07928953037205026
10634617,A,0.4131982475355969,0.2568455640744797,0.32995618838992335,1.0,0.0,0.0,0.44953063293287093,0.28529476669431725,0.26517460037281176,0.7349741688560739,0.1017552668039706,0.16327056433995552
10634684,H,0.4131982475355969,0.2568455640744797,0.32995618838992335,1.0,0.0,0.0,0.42317547681550693,0.22168184610473904,0.35514267707975405,0.8197402223975145,0.05115150722560642,0.12910827037687903
10634685,H,0.4131982475355969,0.2568455640744797,0.32995618838992335,1.0,0.0,0.0,0.37986365301668007,0.2278162322639146,0.39232011471940526,0.6876484564474165,0.1252419410380238,0.18710960251455985
10634711,H,0.4131982475355969,0.2568455640744797,0.32995618838992335,1.0,0.0,0.0,0.44886989729470833,0.29703850154698386,0.2540916011583078,0.7100395284085886,0.13594676262720543,0.15401370896420585
10634749,D,0.4131982475355969,0.2568455640744797,0.32995618838992335,1.0,0.0,0.0,0.23759698434448984,0.20862365605058064,0.5537793596049295,0.05653703526062682,0.17574546647715156,0.7677174982622215
10634750,A,0.4131982475355969,0.2568455640744797,0.32995618838992335,1.0,0.0,0.0,0.4117069823425883,0.22729648180454204,0.36099653585286967,0.7277630481139828,0.17255385736553877,0.09968309452047847
10634751,H,0.4131982475355969,0.2568455640744797,0.32995618838992335,1.0,0.0,0.0,0.3822840234584193,0.23782896342080373,0.37988701312077705,0.3926300566543067,0.16275233580369283,0.44461760754200047
10634791,A,0.4131982475355969,0.2568455640744797,0.32995618838992335,1.0,0.0,0.0,0.44724635254611134,0.29701808992745904,0.2557355575264297,0.5058733350913999,0.282769683309955,0.21135698159864513
10642678,D,0.4131982475355969,0.2568455640744797,0.32995618838992335,1.0,0.0,0.0,0.31955428702729227,0.2661644595862119,0.41428125338649585,0.11604869004770323,0.15995153502657108,0.7239997749257258
10642679,D,0.4131982475355969,0.2568455640744797,0.32995618838992335,1.0,0.0,0.0,0.3191916229604333,0.2352364394793568,0.44557193756020985,0.08856316303713027,0.2713766500859477,0.6400601868769221
10642680,A,0.4131982475355969,0.2568455640744797,0.32995618838992335,1.0,0.0,0.0,0.4429312527318491,0.28631198154720267,0.27075676572094826,0.6150637519914156,0.34815871543906546,0.03677753256951888
10642681,A,0.4131982475355969,0.2568455640744797,0.32995618838992335,1.0,0.0,0.0,0.35346800414175905,0.2264825867693761,0.42004940908886484,0.5302794427471234,0.16922696264075138,0.3004935946121252
10764549,D,0.4131982475355969,0.2568455640744797,0.32995618838992335,1.0,0.0,0.0,0.45025974483551356,0.3028140578313976,0.24692619733308876,0.5619823432212405,0.14335976832684277,0.2946578884519167
10764579,A,0.4131982475355969,0.2568455640744797,0.32995618838992335,1.0,0.0,0.0,0.40897240100880533,0.24115807321892382,0.3498695257722709,0.7923425916536836,0.0952300421229852,0.1124273662233312
10764605,A,0.4131982475355969,0.2568455640744797,0.32995618838992335,1.0,0.0,0.0,0.42707007516669176,0.3427134963014184,0.2302164285318898,0.1406627329176317,0.5896292281344347,0.26970803894793355
10764622,H,0.4131982475355969,0.2568455640744797,0.32995618838992335,1.0,0.0,0.0,0.4165955718250476,0.21701665286238872,0.3663877753125638,0.7686783885384079,0.07288807608740473,0.15843353537418736
10764641,D,0.4131982475355969,0.2568455640744797,0.32995618838992335,1.0,0.0,0.0,0.4723009752507714,0.2483323156090346,0.2793667091401939,0.5236974187329223,0.28345129306327205,0.19285128820380565
10764647,H,0.4131982475355969,0.2568455640744797,0.32995618838992335,1.0,0.0,0.0,0.44647109014191844,0.3018400646220667,0.2516888452360148,0.3092474181408098,0.5398182824982203,0.15093429936096991
10918319,A,0.4131982475355969,0.2568455640744797,0.32995618838992335,1.0,0.0,0.0,0.46281161070672105,0.2537759333970545,0.2834124558962245,0.25016446986758606,0.7077759553415072,0.04205957479090668
10918351,H,0.4131982475355969,0.2568455640744797,0.32995618838992335,1.0,0.0,0.0,0.5574045414976766,0.2624794715808532,0.1801159869214702,0.48548597555622447,0.3721723636334206,0.14234166081035493
10918384,H,0.4131982475355969,0.2568455640744797,0.32995618838992335,1.0,0.0,0.0,0.5326878519962058,0.24165614337845695,0.22565600462533714,0.6488202278373854,0.19053280050142368,0.16064697166119096
10918398,D,0.4131982475355969,0.2568455640744797,0.32995618838992335,1.0,0.0,0.0,0.5138007692543121,0.28951518400779813,0.19668404673788983,0.500258738899943,0.4791734946721996,0.02056776642785745
10986778,H,0.4131982475355969,0.2568455640744797,0.32995618838992335,1.0,0.0,0.0,0.5182538352296308,0.28222826786654553,0.19951789690382374,0.5211223618704318,0.40634590797691705,0.0725317301526511
10987115,A,0.4131982475355969,0.2568455640744797,0.32995618838992335,1.0,0.0,0.0,0.522344647301469,0.2152928828318769,0.262362469866654,0.4617438000270125,0.19211901861717268,0.3461371813558148
10987116,A,0.4131982475355969,0.2568455640744797,0.32995618838992335,1.0,0.0,0.0,0.40921926534007885,0.20837928425336413,0.38240145040655693,0.32091959548503257,0.55950170683672,0.11957869767824751
10987117,D,0.4131982475355969,0.2568455640744797,0.32995618838992335,1.0,0.0,0.0,0.4563928736951287,0.25651134114308255,0.2870957851617888,0.6048636925921312,0.32427342720367996,0.07086288020418889
10987118,A,0.4131982475355969,0.2568455640744797,0.32995618838992335,1.0,0.0,0.0,0.403038512886545,0.27559627963627586,0.3213652074771791,0.6807534903969132,0.10647333995454769,0.21277316964853898
10987119,A,0.4131982475355969,0.2568455640744797,0.32995618838992335,1.0,0.0,0.0,0.3927803604046498,0.22930403554671888,0.3779156040486313,0.26169672960341434,0.35629288103367,0.38201038936291554
10987292,H,0.4131982475355969,0.2568455640744797,0.32995618838992335,1.0,0.0,0.0,0.3658045028592722,0.22671792932525905,0.4074775678154688,0.667497610149617,0.16297162619611247,0.16953076365427053
10987294,D,0.4131982475355969,0.2568455640744797,0.32995618838992335,1.0,0.0,0.0,0.363125956961137,0.22441179353462312,0.41246224950424004,0.4487265956527657,0.1638517931135135,0.38742161123372093
10987296,H,0.4131982475355969,0.2568455640744797,0.32995618838992335,1.0,0.0,0.0,0.24383692936040316,0.1877395757998793,0.5684234948397175,0.12525544351263135,0.04476852952071392,0.8299760269666546
10987303,A,0.4131982475355969,0.2568455640744797,0.32995618838992335,1.0,0.0,0.0,0.3404461026075598,0.40353308813467775,0.2560208092577625,0.26856305119389023,0.42309368833584543,0.30834326047026434
10987773,A,0.4131982475355969,0.2568455640744797,0.32995618838992335,1.0,0.0,0.0,0.39720103871533635,0.24298164422730142,0.35981731705736225,0.3730305830717419,0.1451332485327422,0.48183616839551585
10987824,H,0.4131982475355969,0.2568455640744797,0.32995618838992335,1.0,0.0,0.0,0.5194258836044597,0.28069353685860166,0.1998805795369386,0.377674987589186,0.4770867856270966,0.14523822678371734
10987928,A,0.4131982475355969,0.2568455640744797,0.32995618838992335,1.0,0.0,0.0,0.22040074333679774,0.23175320804235172,0.5478460486208505,0.3264097425994029,0.3766369437447569,0.29695331365584027
10987937,H,0.4131982475355969,0.2568455640744797,0.32995618838992335,1.0,0.0,0.0,0.5257236722936932,0.19016074733496463,0.28411558037134216,0.5404859966465141,0.09055224658478281,0.3689617567687031
10987938,D,0.4131982475355969,0.2568455640744797,0.32995618838992335,1.0,0.0,0.0,0.43643279537500795,0.21995044720884482,0.34361675741614717,0.4603727272522301,0.16825811816541952,0.37136915458235026
10987939,D,0.4131982475355969,0.2568455640744797,0.32995618838992335,1.0,0.0,0.0,0.35813672751651376,0.2256319860953263,0.4162312863881598,0.22421301058933513,0.735634845964801,0.040152143445863896
10987982,A,0.4131982475355969,0.2568455640744797,0.32995618838992335,1.0,0.0,0.0,0.3134699219767014,0.3570878841166959,0.3294421939066027,0.17215785341727413,0.5807316656614241,0.2471104809213017
10988041,H,0.4131982475355969,0.2568455640744797,0.32995618838992335,1.0,0.0,0.0,0.4309692678512054,0.2248277270326844,0.3442030051161103,0.5842183134225386,0.2502678579581376,0.1655138286193239
10988042,H,0.4131982475355969,0.2568455640744797,0.32995618838992335,1.0,0.0,0.0,0.3235721307762826,0.29039688804901687,0.38603098117470047,0.2549378492125453,0.18851093672277203,0.5565512140646828
10988056,H,0.4131982475355969,0.2568455640744797,0.32995618838992335,1.0,0.0,0.0,0.51797692472382,0.23884571817422276,0.24317735710195726,0.5812179850523614,0.29099180306611805,0.12779021188152048
10988068,A,0.4131982475355969,0.2568455640744797,0.32995618838992335,1.0,0.0,0.0,0.3993791243573573,0.2896886983519144,0.3109321772907283,0.4208935094605434,0.28836990045443506,0.29073659008502156
11220685,D,0.4131982475355969,0.2568455640744797,0.32995618838992335,1.0,0.0,0.0,0.47460297538705465,0.27014603885350397,0.2552509857594414,0.2895177837344587,0.18375946537525614,0.5267227508902852
11220885,H,0.4131982475355969,0.2568455640744797,0.32995618838992335,1.0,0.0,0.0,0.40173932482056807,0.28213251936797895,0.3161281558114531,0.6431599811813186,0.16628999352360982,0.19055002529507165
11220887,A,0.4131982475355969,0.2568455640744797,0.32995618838992335,1.0,0.0,0.0,0.2801962785654894,0.19157240495491562,0.5282313164795949,0.4034827568951678,0.3426385170610446,0.2538787260437876
11221051,A,0.4131982475355969,0.2568455640744797,0.32995618838992335,1.0,0.0,0.0,0.4167003229435127,0.2018257911321579,0.3814738859243293,0.335138674570651,0.16054051106145686,0.5043208143678921
11221052,H,0.4131982475355969,0.2568455640744797,0.32995618838992335,1.0,0.0,0.0,0.35065399486000054,0.3727319421286505,0.2766140630113489,0.4742452657734214,0.13159583228484345,0.3941589019417353
11221053,A,0.4131982475355969,0.2568455640744797,0.32995618838992335,1.0,0.0,0.0,0.34675776247718243,0.47290066816769055,0.180341569355127,0.16568423173223729,0.35563468842163704,0.47868107984612573
11221054,D,0.4131982475355969,0.2568455640744797,0.32995618838992335,1.0,0.0,0.0,0.45573877888502345,0.22249056399183476,0.32177065712314185,0.39792249130375357,0.14728465969117344,0.454792849005073
11221105,D,0.4131982475355969,0.2568455640744797,0.32995618838992335,1.0,0.0,0.0,0.2698404472286872,0.3281580632155943,0.40200148955571846,0.05189960731056232,0.3757348961219733,0.5723654965674644
11221287,H,0.4131982475355969,0.2568455640744797,0.32995618838992335,1.0,0.0,0.0,0.4192496276511852,0.1953666356504554,0.38538373669835946,0.5918669604358219,0.16424059810796887,0.24389244145620928
11221310,D,0.4131982475355969,0.2568455640744797,0.32995618838992335,1.0,0.0,0.0,0.26565380691005813,0.12975999524477785,0.604586197845164,0.059487551026933094,0.07464074513369603,0.8658717038393708
11221325,H,0.4131982475355969,0.2568455640744797,0.32995618838992335,1.0,0.0,0.0,0.3939905430739559,0.3436122463101719,0.2623972106158721,0.3100341120338151,0.4370756300103789,0.25289025795580583
11221327,A,0.4131982475355969,0.2568455640744797,0.32995618838992335,1.0,0.0,0.0,0.19405892598570448,0.23729468546535112,0.5686463885489444,0.5012709739356976,0.03336589607808616,0.46536312998621615
11221363,D,0.4131982475355969,0.2568455640744797,0.32995618838992335,1.0,0.0,0.0,0.29882586661731814,0.3237798265242361,0.3773943068584457,0.20799623083086913,0.5234220218972444,0.26858174727188633
11221364,H,0.4131982475355969,0.2568455640744797,0.32995618838992335,1.0,0.0,0.0,0.5609372804108538,0.20226599238993226,0.23679672719921402,0.6694324779570764,0.2265668606699306,0.10400066137299308
11221390,A,0.4131982475355969,0.2568455640744797,0.32995618838992335,1.0,0.0,0.0,0.4715789873974118,0.2537834914774161,0.27463752112517215,0.4358895815448424,0.36618370461263533,0.19792671384252233
11221428,A,0.4131982475355969,0.2568455640744797,0.32995618838992335,1.0,0.0,0.0,0.2013911159967298,0.2051585906196132,0.5934502933836571,0.20507477689000636,0.029561712003804936,0.7653635111061887
11221429,D,0.4131982475355969,0.2568455640744797,0.32995618838992335,1.0,0.0,0.0,0.37720633314995383,0.3091187881667528,0.3136748786832933,0.24572955372704666,0.31141058904555635,0.442859857227397
11221430,D,0.4131982475355969,0.2568455640744797,0.32995618838992335,1.0,0.0,0.0,0.4365517970171902,0.3006946731193728,0.26275352986343703,0.5428859268368715,0.24083810903721203,0.21627596412591635
11221461,A,0.4131982475355969,0.2568455640744797,0.32995618838992335,1.0,0.0,0.0,0.4690708191588352,0.30961656101214846,0.22131261982901645,0.4004488792496338,0.27925066759907513,0.320300453151291
11365130,H,0.4131982475355969,0.2568455640744797,0.32995618838992335,1.0,0.0,0.0,0.4580034266401876,0.30724860153845934,0.234747971821353,0.7230107871660469,0.07381217989093343,0.20317703294301956
11365158,D,0.4131982475355969,0.2568455640744797,0.32995618838992335,1.0,0.0,0.0,0.3607757647744849,0.3233496220825876,0.3158746131429274,0.2906018221802627,0.3384070980363115,0.3709910797834258
11365171,D,0.4131982475355969,0.2568455640744797,0.32995618838992335,1.0,0.0,0.0,0.23593876778529452,0.2752661155957373,0.48879511661896824,0.14259179680504547,0.1222140778730493,0.7351941253219052
11365180,H,0.4131982475355969,0.2568455640744797,0.32995618838992335,1.0,0.0,0.0,0.2626979363580141,0.30558700942772327,0.4317150542142626,0.16067995055829515,0.32091614285077524,0.5184039065909297
11365187,H,0.4131982475355969,0.2568455640744797,0.32995618838992335,1.0,0.0,0.0,0.4763264019072578,0.3336640111396906,0.19000958695305153,0.3669277458153445,0.47665939056014145,0.15641286362451406
11554760,A,0.4131982475355969,0.2568455640744797,0.32995618838992335,1.0,0.0,0.0,0.3378083243258805,0.3337318828979869,0.32845979277613263,0.19599051953442845,0.0844601403331757,0.7195493401323958
11554915,A,0.4131982475355969,0.2568455640744797,0.32995618838992335,1.0,0.0,0.0,0.49620560331379265,0.30254868378743655,0.20124571289877086,0.6639852329007109,0.06870378538989655,0.2673109817093925
11554953,H,0.4131982475355969,0.2568455640744797,0.32995618838992335,1.0,0.0,0.0,0.6798680910617186,0.22254207877079432,0.09758983016748708,0.652956760380689,0.18568226072541757,0.1613609788938935
11554972,H,0.4131982475355969,0.2568455640744797,0.32995618838992335,1.0,0.0,0.0,0.29903940297183057,0.20590985169907744,0.49505074532909193,0.17162050222081593,0.2091387940153626,0.6192407037638213
11554979,A,0.4131982475355969,0.2568455640744797,0.32995618838992335,1.0,0.0,0.0,0.36089859263643503,0.26242721406576525,0.37667419329779966,0.18602584618398207,0.36095263251910675,0.4530215212969111
11554984,H,0.4131982475355969,0.2568455640744797,0.32995618838992335,1.0,0.0,0.0,0.47214945346098164,0.2762157872458751,0.25163475929314333,0.31993043904214186,0.10119031024283617,0.578879250715022
11621757,A,0.4131982475355969,0.2568455640744797,0.32995618838992335,1.0,0.0,0.0,0.40958200815850215,0.33206619375176655,0.25835179808973124,0.6237928452270822,0.22779604181905352,0.1484111129538643
11622089,H,0.4131982475355969,0.2568455640744797,0.32995618838992335,1.0,0.0,0.0,0.5047577529168698,0.24797791784703196,0.24726432923609837,0.49730022743610236,0.1610412940647577,0.3416584784991399
11622091,A,0.4131982475355969,0.2568455640744797,0.32995618838992335,1.0,0.0,0.0,0.6720254979454953,0.18057919034836342,0.14739531170614123,0.6112031017318162,0.16369959163823028,0.22509730662995348
11622092,H,0.4131982475355969,0.2568455640744797,0.32995618838992335,1.0,0.0,0.0,0.572358464403567,0.2813025721187868,0.1463389634776463,0.8027619885930588,0.09139173073625637,0.10584628067068488
11622093,A,0.4131982475355969,0.2568455640744797,0.32995618838992335,1.0,0.0,0.0,0.3143527972779921,0.24636129780470986,0.439285904917298,0.13446907285302132,0.2017660306459694,0.6637648965010093
11622094,A,0.4131982475355969,0.2568455640744797,0.32995618838992335,1.0,0.0,0.0,0.3492350209820244,0.23795714562611722,0.4128078333918585,0.22064463542803325,0.5261194734234945,0.2532358911484722
11622254,D,0.4131982475355969,0.2568455640744797,0.32995618838992335,1.0,0.0,0.0,0.5235559476397116,0.265629702580478,0.2108143497798104,0.7485318976271865,0.11960705189113435,0.13186105048167915
11622257,H,0.4131982475355969,0.2568455640744797,0.32995618838992335,1.0,0.0,0.0,0.34523279820292263,0.19711162770364665,0.4576555740934306,0.2644062630676469,0.3522971095530011,0.3832966273793521
11622259,H,0.4131982475355969,0.2568455640744797,0.32995618838992335,1.0,0.0,0.0,0.397920257472029,0.2649072703003661,0.3371724722276048,0.31777485961951757,0.6251693913055282,0.057055749074954365
11622262,H,0.4131982475355969,0.2568455640744797,0.32995618838992335,1.0,0.0,0.0,0.4687528078014024,0.29505639415464285,0.2361907980439547,0.6356328188752531,0.15299217246244287,0.21137500866230408
11622265,H,0.4131982475355969,0.2568455640744797,0.32995618838992335,1.0,0.0,0.0,0.5243648721841713,0.2628147077291087,0.21282042008671995,0.7220836680457916,0.12333854372824359,0.15457778822596488
11622825,H,0.4131982475355969,0.2568455640744797,0.32995618838992335,1.0,0.0,0.0,0.38990946510856195,0.3024470458879343,0.30764348900350375,0.8092585862306715,0.11206733452560429,0.07867407924372426
11622880,A,0.4131982475355969,0.2568455640744797,0.32995618838992335,1.0,0.0,0.0,0.395891088760316,0.32789680466231935,0.2762121065773648,0.751988212416187,0.14891743494925255,0.09909435263456037
11623041,H,0.4131982475355969,0.2568455640744797,0.32995618838992335,1.0,0.0,0.0,0.5182616782116414,0.24888332078169073,0.23285500100666792,0.3983014797494757,0.319795685202917,0.2819028350476073
11623048,D,0.4131982475355969,0.2568455640744797,0.32995618838992335,1.0,0.0,0.0,0.6897310375739206,0.20824106444632953,0.10202789797974982,0.8872747072833255,0.05142557823610535,0.06129971448056917
11623050,A,0.4131982475355969,0.2568455640744797,0.32995618838992335,1.0,0.0,0.0,0.3459521292214103,0.30134835240916014,0.3526995183694297,0.5059337952017066,0.20191981832072994,0.2921463864775636
11623051,D,0.4131982475355969,0.2568455640744797,0.32995618838992335,1.0,0.0,0.0,0.4457026675423204,0.20439691174688054,0.34990042071079897,0.2463639620917428,0.6377439308216382,0.11589210708661908
11623119,A,0.4131982475355969,0.2568455640744797,0.32995618838992335,1.0,0.0,0.0,0.5221456404592479,0.21834835193228294,0.2595060076084691,0.7880300094792262,0.028625416790624768,0.18334457373014898
11623198,H,0.4131982475355969,0.2568455640744797,0.32995618838992335,1.0,0.0,0.0,0.4907380895661831,0.3017341544426518,0.20752775599116527,0.5773111004201387,0.1671523438517739,0.2555365557280874
11623199,D,0.4131982475355969,0.2568455640744797,0.32995618838992335,1.0,0.0,0.0,0.4183090461030199,0.2679752145855697,0.31371573931141034,0.5730790262008701,0.20667770545847336,0.2202432683406565
11623217,H,0.4131982475355969,0.2568455640744797,0.32995618838992335,1.0,0.0,0.0,0.5227707202188052,0.23729175625157697,0.23993752352961784,0.8771158618578574,0.04995391618605091,0.07293022195609179
11623237,H,0.4131982475355969,0.2568455640744797,0.32995618838992335,1.0,0.0,0.0,0.43647238687481743,0.30449942965137733,0.25902818347380513,0.4280687169517967,0.2717180996087297,0.3002131834394735
11865684,H,0.4131982475355969,0.2568455640744797,0.32995618838992335,1.0,0.0,0.0,0.2755998879860028,0.18749658653006476,0.5369035254839323,0.14380128516500154,0.2386326319081114,0.6175660829268871
11865919,A,0.4131982475355969,0.2568455640744797,0.32995618838992335,1.0,0.0,0.0,0.466132972113702,0.256995037416531,0.276871990469767,0.5498211754352113,0.1724322776209831,0.27774654694380563
11865927,D,0.4131982475355969,0.2568455640744797,0.32995618838992335,1.0,0.0,0.0,0.26626139175829217,0.1999516109013803,0.5337869973403274,0.10415780012753642,0.1121655005067855,0.7836766993656781
11866105,H,0.4131982475355969,0.2568455640744797,0.32995618838992335,1.0,0.0,0.0,0.4592323496434719,0.25296805236845615,0.287799597988072,0.4335323364739192,0.34886994375545005,0.21759771977063078
11866108,A,0.4131982475355969,0.2568455640744797,0.32995618838992335,1.0,0.0,0.0,0.2473330514179815,0.1902366981059274,0.5624302504760911,0.4136007469623949,0.24642181751652079,0.33997743552108434
11866110,A,0.4131982475355969,0.2568455640744797,0.32995618838992335,1.0,0.0,0.0,0.41132106633467846,0.3188101620701064,0.2698687715952153,0.14011950073917318,0.30008237391236653,0.5597981253484604
11866111,H,0.4131982475355969,0.2568455640744797,0.32995618838992335,1.0,0.0,0.0,0.2873368436389651,0.3390492427923678,0.3736139135686671,0.0993085779095447,0.17626142263911634,0.7244299994513391
11866172,D,0.4131982475355969,0.2568455640744797,0.32995618838992335,1.0,0.0,0.0,0.5645593792682064,0.2253874364632469,0.21005318426854666,0.6593365662297972,0.09655386169075189,0.2441095720794509
11866416,D,0.4131982475355969,0.2568455640744797,0.32995618838992335,1.0,0.0,0.0,0.17616320043985575,0.2864041168063633,0.5374326827537809,0.26201864879992826,0.06479874684277975,0.673182604357292
11866432,A,0.4131982475355969,0.2568455640744797,0.32995618838992335,1.0,0.0,0.0,0.2573653783591757,0.19655050044954,0.5460841211912842,0.1975367564204987,0.4673647760393649,0.3350984675401365
11866446,D,0.4131982475355969,0.2568455640744797,0.32995618838992335,1.0,0.0,0.0,0.20401368125026373,0.29653625188326765,0.4994500668664687,0.017114892096089452,0.08460740265831099,0.8982777052455995
11866448,A,0.4131982475355969,0.2568455640744797,0.32995618838992335,1.0,0.0,0.0,0.5737544230126979,0.2868156280298273,0.13942994895747474,0.7658780804221443,0.20655192711035203,0.027569992467503485
11866493,A,0.4131982475355969,0.2568455640744797,0.32995618838992335,1.0,0.0,0.0,0.269655714050764,0.361432989909643,0.36891129603959305,0.09777798929635957,0.222677256564338,0.6795447541393024
11866495,H,0.4131982475355969,0.2568455640744797,0.32995618838992335,1.0,0.0,0.0,0.46794161936631273,0.17646793302146188,0.35559044761222525,0.5339161003090155,0.13478593248712925,0.3312979672038553
11866536,H,0.4131982475355969,0.2568455640744797,0.32995618838992335,1.0,0.0,0.0,0.6044106620052657,0.2423700431010098,0.15321929489372443,0.8603411280162669,0.09217166771300163,0.04748720427073141
11866579,D,0.4131982475355969,0.2568455640744797,0.32995618838992335,1.0,0.0,0.0,0.6781744196971751,0.25732179127826044,0.06450378902456455,0.6947323779125318,0.030466893478303895,0.27480072860916427
11866580,D,0.4131982475355969,0.2568455640744797,0.32995618838992335,1.0,0.0,0.0,0.19765725606537657,0.23355207985214382,0.5687906640824796,0.0890749092616375,0.07007258065251282,0.8408525100858496
11866581,D,0.4131982475355969,0.2568455640744797,0.32995618838992335,1.0,0.0,0.0,0.4303508552209494,0.23663332983171398,0.3330158149473366,0.17061959017090833,0.34963654861640026,0.47974386121269147
11866617,A,0.4131982475355969,0.2568455640744797,0.32995618838992335,1.0,0.0,0.0,0.2529729173413413,0.30147184395866955,0.44555523869998903,0.4962454440029644,0.17340235354319827,0.3303522024538374
12040442,A,0.4131982475355969,0.2568455640744797,0.32995618838992335,1.0,0.0,0.0,0.3761298464372828,0.2425715180440874,0.38129863551862975,0.280879107935957,0.4597925521150427,0.2593283399490002
12040459,A,0.4131982475355969,0.2568455640744797,0.32995618838992335,1.0,0.0,0.0,0.4161423547328992,0.22452546966776926,0.35933217559933156,0.6409645543354805,0.08802218771899319,0.2710132579455263
12067050,D,0.4131982475355969,0.2568455640744797,0.32995618838992335,1.0,0.0,0.0,0.25043044972768663,0.27682168901471094,0.4727478612576024,0.17014567438091716,0.537852641169577,0.29200168444950597
12067114,H,0.4131982475355969,0.2568455640744797,0.32995618838992335,1.0,0.0,0.0,0.3250475079771691,0.24620011807221023,0.4287523739506206,0.3800805539855339,0.40096175729711614,0.2189576887173498
12067115,D,0.4131982475355969,0.2568455640744797,0.32995618838992335,1.0,0.0,0.0,0.27325835169901813,0.2507135470787519,0.4760281012222301,0.19660658166971606,0.28695048203382767,0.5164429362964563
12067131,H,0.4131982475355969,0.2568455640744797,0.32995618838992335,1.0,0.0,0.0,0.527328299637112,0.26796000327019315,0.20471169709269482,0.7028032341743382,0.1375415562015658,0.159655209624096
12067134,H,0.4131982475355969,0.2568455640744797,0.32995618838992335,1.0,0.0,0.0,0.6004917394730892,0.21240987297597375,0.187098387550937,0.9385572764172966,0.052482535907734044,0.008960187674969509
12067167,H,0.4131982475355969,0.2568455640744797,0.32995618838992335,1.0,0.0,0.0,0.33305960774104854,0.3043461266034306,0.3625942656555208,0.24134841975806778,0.5694875375222158,0.18916404271971637
12067206,D,0.4131982475355969,0.2568455640744797,0.32995618838992335,1.0,0.0,0.0,0.5395902179993872,0.208947615144401,0.2514621668562118,0.4391688137889196,0.26674176630286994,0.2940894199082104
12111770,D,0.4131982475355969,0.2568455640744797,0.32995618838992335,1.0,0.0,0.0,0.472061549144069,0.22214416377978652,0.30579428707614453,0.6875039059026347,0.11738625053061649,0.1951098435667488
12111771,D,0.4131982475355969,0.2568455640744797,0.32995618838992335,1.0,0.0,0.0,0.20543496916744672,0.22829349106192043,0.5662715397706327,0.10004321192748132,0.6969301975296074,0.20302659054291122
12111772,H,0.4131982475355969,0.2568455640744797,0.32995618838992335,1.0,0.0,0.0,0.35718802037843395,0.29219830938912117,0.3506136702324449,0.2859014774174566,0.39857947755354484,0.3155190450289987
12111804,A,0.4131982475355969,0.2568455640744797,0.32995618838992335,1.0,0.0,0.0,0.4286829410110656,0.2926925724898745,0.2786244864990598,0.3316167669303164,0.6274268196240731,0.04095641344561066
12111805,A,0.4131982475355969,0.2568455640744797,0.32995618838992335,1.0,0.0,0.0,0.40940930587653984,0.2745877871324832,0.31600290699097705,0.7728955096344674,0.20886896184923726,0.018235528516295355
12111806,H,0.4131982475355969,0.2568455640744797,0.32995618838992335,1.0,0.0,0.0,0.5753495221122211,0.27522134631300244,0.1494291315747765,0.565972646384065,0.42759910570008564,0.006428247915849372
12111807,H,0.4131982475355969,0.2568455640744797,0.32995618838992335,1.0,0.0,0.0,0.5181481681508808,0.2570642220571257,0.22478760979199358,0.6588017271910233,0.12472022155205573,0.21647805125692104
12111808,D,0.4131982475355969,0.2568455640744797,0.32995618838992335,1.0,0.0,0.0,0.3381909147020888,0.21052725284752583,0.4512818324503854,0.25523197849838475,0.37871036005586084,0.36605766144575436
12111897,D,0.4131982475355969,0.2568455640744797,0.32995618838992335,1.0,0.0,0.0,0.21908294972230383,0.315582402492391,0.4653346477853051,0.2242963856423572,0.16625265623850127,0.6094509581191414
12111899,H,0.4131982475355969,0.2568455640744797,0.32995618838992335,1.0,0.0,0.0,0.6610258812596658,0.2030205594292735,0.1359535593110608,0.307389597024498,0.5376688647790624,0.15494153819643963
12111900,H,0.4131982475355969,0.2568455640744797,0.32995618838992335,1.0,0.0,0.0,0.6402965669567587,0.23559697101809188,0.12410646202514952,0.6539365544014756,0.3163360033493831,0.029727442249141263
12111908,H,0.4131982475355969,0.2568455640744797,0.32995618838992335,1.0,0.0,0.0,0.5144208248789385,0.2378255291938814,0.2477536459271802,0.7662192765159886,0.15349487502510495,0.0802858484589064
12111909,D,0.4131982475355969,0.2568455640744797,0.32995618838992335,1.0,0.0,0.0,0.6234680241243455,0.23776873450642536,0.13876324136922902,0.2434374025460203,0.7006526221294244,0.055909975324555335
12111923,D,0.4131982475355969,0.2568455640744797,0.32995618838992335,1.0,0.0,0.0,0.17306307742520066,0.17368372728733247,0.6532531952874668,0.09586655205230257,0.31032575166067206,0.5938076962870255
12111950,H,0.4131982475355969,0.2568455640744797,0.32995618838992335,1.0,0.0,0.0,0.4944250445123606,0.27175181095077766,0.23382314453686182,0.7836032560595837,0.10967497816912992,0.1067217657712864
12111953,A,0.4131982475355969,0.2568455640744797,0.32995618838992335,1.0,0.0,0.0,0.4934220285287453,0.30190584732148684,0.20467212414976801,0.6071541454137299,0.08097659861583374,0.31186925597043635
12111954,H,0.4131982475355969,0.2568455640744797,0.32995618838992335,1.0,0.0,0.0,0.5933541595041308,0.2357594921293694,0.17088634836649969,0.8066026320747228,0.0534683276774658,0.13992904024781133
12111955,H,0.4131982475355969,0.2568455640744797,0.32995618838992335,1.0,0.0,0.0,0.46483405729362387,0.2511477909754662,0.28401815173091,0.3867037557948943,0.10045593561274445,0.5128403085923613
12111956,H,0.4131982475355969,0.2568455640744797,0.32995618838992335,1.0,0.0,0.0,0.4607632645468574,0.26647169440026003,0.2727650410528826,0.2802159998228823,0.13899304311529032,0.5807909570618274
12111957,A,0.4131982475355969,0.2568455640744797,0.32995618838992335,1.0,0.0,0.0,0.11043507893733973,0.1491982603250868,0.7403666607375735,0.1008535684903937,0.026663326001000187,0.8724831055086062
12167538,H,0.4131982475355969,0.2568455640744797,0.32995618838992335,1.0,0.0,0.0,0.43913902882576017,0.23818860543931797,0.3226723657349219,0.3584110362787671,0.31143685525495085,0.3301521084662821
12167539,D,0.4131982475355969,0.2568455640744797,0.32995618838992335,1.0,0.0,0.0,0.27973797877041384,0.23776095177742418,0.4825010694521621,0.14908715715503007,0.16470984770621133,0.6862029951387585
12167544,A,0.4131982475355969,0.2568455640744797,0.32995618838992335,1.0,0.0,0.0,0.3344841279530388,0.34529894890559076,0.3202169231413704,0.21809204890605904,0.38137415443018235,0.4005337966637585
12192935,H,0.4131982475355969,0.2568455640744797,0.32995618838992335,1.0,0.0,0.0,0.4800397485133732,0.224280209648944,0.29568004183768276,0.5414275088636371,0.16824873125178147,0.2903237598845814
12192970,H,0.4131982475355969,0.2568455640744797,0.32995618838992335,1.0,0.0,0.0,0.5480922536632435,0.3244455225078963,0.1274622238288602,0.8828957261204261,0.044615519430745716,0.0724887544488281
12269095,D,0.4131982475355969,0.2568455640744797,0.32995618838992335,1.0,0.0,0.0,0.14999610046284456,0.16188413156075313,0.6881197679764024,0.026941066952434044,0.01317035613039393,0.9598885769171721
12269227,D,0.4131982475355969,0.2568455640744797,0.32995618838992335,1.0,0.0,0.0,0.48778154758993675,0.23562115969721587,0.2765972927128474,0.5207648727817706,0.10428372429123045,0.3749514029269989
12269282,D,0.4131982475355969,0.2568455640744797,0.32995618838992335,1.0,0.0,0.0,0.3096063921865094,0.2117309877479986,0.47866262006549204,0.12435663720115686,0.2869487186445028,0.5886946441543404
12269475,A,0.4131982475355969,0.2568455640744797,0.32995618838992335,1.0,0.0,0.0,0.3421703764850636,0.22527789245644095,0.43255173105849537,0.5080715248338753,0.24530444814472804,0.2466240270213966
12269476,D,0.4131982475355969,0.2568455640744797,0.32995618838992335,1.0,0.0,0.0,0.29364615905895813,0.17948806453529345,0.5268657764057485,0.1675491943100414,0.08781442185171016,0.7446363838382485
12269478,A,0.4131982475355969,0.2568455640744797,0.32995618838992335,1.0,0.0,0.0,0.33451321995911387,0.21083242246098535,0.45465435757990086,0.7694621561569626,0.07507657625022929,0.15546126759280815
12269479,A,0.4131982475355969,0.2568455640744797,0.32995618838992335,1.0,0.0,0.0,0.21440047380225974,0.30816488424742405,0.47743464195031626,0.07062248170603516,0.6618720113726742,0.2675055069212906
12269480,D,0.4131982475355969,0.2568455640744797,0.32995618838992335,1.0,0.0,0.0,0.5818472512171008,0.22135248000125907,0.19680026878164006,0.60147807897774,0.30495720864253967,0.09356471237972032
12269927,H,0.4131982475355969,0.2568455640744797,0.32995618838992335,1.0,0.0,0.0,0.37814856366188127,0.25182308708107665,0.37002834925704203,0.5197915023846862,0.27498509019635126,0.2052234074189626
12269931,D,0.4131982475355969,0.2568455640744797,0.32995618838992335,1.0,0.0,0.0,0.4310681222566495,0.250389224415205,0.3185426533281456,0.5657693521058612,0.15325071807020427,0.2809799298239345
12269934,A,0.4131982475355969,0.2568455640744797,0.32995618838992335,1.0,0.0,0.0,0.4448441622961857,0.3551503036303794,0.20000553407343488,0.5708871670769888,0.3552332214360966,0.0738796114869145
12269938,H,0.4131982475355969,0.2568455640744797,0.32995618838992335,1.0,0.0,0.0,0.48964155768100986,0.23252798272983644,0.2778304595891537,0.46643296735401873,0.15038865605014393,0.3831783765958373
12269942,H,0.4131982475355969,0.2568455640744797,0.32995618838992335,1.0,0.0,0.0,0.357047650373087,0.23249319478650288,0.41045915484041007,0.7790011189304954,0.0993664788231679,0.12163240224633676
12270120,H,0.4131982475355969,0.2568455640744797,0.32995618838992335,1.0,0.0,0.0,0.4587970215207129,0.3203014333433914,0.2209015451358958,0.12400539901651131,0.7802813194070588,0.09571328157642991
12270326,A,0.4131982475355969,0.2568455640744797,0.32995618838992335,1.0,0.0,0.0,0.21825978641510252,0.23436921338085898,0.5473710002040384,0.22507212745971492,0.15820040254088294,0.6167274699994022
12270378,H,0.4131982475355969,0.2568455640744797,0.32995618838992335,1.0,0.0,0.0,0.37468002376821735,0.26808914918699245,0.3572308270447903,0.19168513937969336,0.1846837137796452,0.6236311468406615
12270541,D,0.4131982475355969,0.2568455640744797,0.32995618838992335,1.0,0.0,0.0,0.07247604504883973,0.14134623046895528,0.7861777244822049,0.1283312112052409,0.046358296642294156,0.825310492152465
12270551,D,0.4131982475355969,0.2568455640744797,0.32995618838992335,1.0,0.0,0.0,0.38415443764349644,0.28644658200673473,0.3293989803497689,0.369824574498937,0.22907217021936754,0.4011032552816955
12270553,H,0.4131982475355969,0.2568455640744797,0.32995618838992335,1.0,0.0,0.0,0.3699776205281565,0.303519050883988,0.3265033285878554,0.4188529658123543,0.1518343193015172,0.4293127148861284
12270557,H,0.4131982475355969,0.2568455640744797,0.32995618838992335,1.0,0.0,0.0,0.6327479548019953,0.21755942210283685,0.14969262309516781,0.6939148868214238,0.26296844894745786,0.04311666423111833
12270735,A,0.4131982475355969,0.2568455640744797,0.32995618838992335,1.0,0.0,0.0,0.2899694954829143,0.226112527501935,0.4839179770151507,0.11353952937311995,0.1576736852407395,0.7287867853861406
12270743,A,0.4131982475355969,0.2568455640744797,0.32995618838992335,1.0,0.0,0.0,0.09325522719569622,0.12144225073012256,0.7853025220741813,0.07205297945157936,0.022556120928875954,0.9053908996195447
12270760,A,0.4131982475355969,0.2568455640744797,0.32995618838992335,1.0,0.0,0.0,0.21900991999008787,0.2569584108357682,0.524031669174144,0.29936388911725736,0.18045637552413052,0.5201797353586121
12535907,D,0.4131982475355969,0.2568455640744797,0.32995618838992335,1.0,0.0,0.0,0.3272183601354558,0.3272936090774914,0.3454880307870528,0.2560468709713274,0.4301895232737359,0.3137636057549368
12535918,A,0.4131982475355969,0.2568455640744797,0.32995618838992335,1.0,0.0,0.0,0.49850761442708585,0.3050562630413989,0.1964361225315153,0.6167701433229857,0.2744401760480138,0.10878968062900049
12536056,H,0.4131982475355969,0.2568455640744797,0.32995618838992335,1.0,0.0,0.0,0.5377945787235848,0.21746236154240192,0.24474305973401325,0.6755731069355546,0.14622276232314071,0.17820413074130464
12536097,D,0.4131982475355969,0.2568455640744797,0.32995618838992335,1.0,0.0,0.0,0.32039795694611234,0.30351599346708874,0.37608604958679903,0.13336954311423072,0.24340639792544627,0.623224058960323
12536102,D,0.4131982475355969,0.2568455640744797,0.32995618838992335,1.0,0.0,0.0,0.1787315918823541,0.2689086463191867,0.5523597617984591,0.4571982183002035,0.010553477309767606,0.5322483043900289
12536115,D,0.4131982475355969,0.2568455640744797,0.32995618838992335,1.0,0.0,0.0,0.39247451630270563,0.29560062350659555,0.31192486019069876,0.49642794372084653,0.12858436634273795,0.3749876899364155
12536343,H,0.4131982475355969,0.2568455640744797,0.32995618838992335,1.0,0.0,0.0,0.5580885327887104,0.20404360669194177,0.23786786051934786,0.41639090798790745,0.22873306297800264,0.35487602903409
12536345,H,0.4131982475355969,0.2568455640744797,0.32995618838992335,1.0,0.0,0.0,0.47030071193303685,0.25253717476009535,0.2771621133068678,0.1261099940610824,0.4495779948853935,0.42431201105352395
12536524,A,0.4131982475355969,0.2568455640744797,0.32995618838992335,1.0,0.0,0.0,0.26713268653364336,0.27899642713043354,0.45387088633592304,0.336259145517479,0.13142448618525726,0.5323163682972638
12536527,H,0.4131982475355969,0.2568455640744797,0.32995618838992335,1.0,0.0,0.0,0.36249944131532696,0.2796770550452432,0.35782350363942983,0.4911969074068091,0.3716517972913394,0.13715129530185152
12536594,A,0.4131982475355969,0.2568455640744797,0.32995618838992335,1.0,0.0,0.0,0.4919370819557263,0.2366275487031294,0.2714353693411444,0.6534066208985354,0.18096691612827465,0.1656264629731901
12536757,A,0.4131982475355969,0.2568455640744797,0.32995618838992335,1.0,0.0,0.0,0.6389701806176515,0.2180159279448106,0.14301389143753782,0.73476048840589,0.21184089236159842,0.053398619232511456
12536823,D,0.4131982475355969,0.2568455640744797,0.32995618838992335,1.0,0.0,0.0,0.33204054326131593,0.3105994938044225,0.3573599629342616,0.38845339032385223,0.09098376374864643,0.5205628459275013
12536838,H,0.4131982475355969,0.2568455640744797,0.32995618838992335,1.0,0.0,0.0,0.18311530499858258,0.21604802101233242,0.6008366739890849,0.10599297340071705,0.27101233926739576,0.6229946873318872
12536846,A,0.4131982475355969,0.2568455640744797,0.32995618838992335,1.0,0.0,0.0,0.5702059072424117,0.22135657941055162,0.20843751334703667,0.694003106787391,0.07651601088398607,0.22948088232862293
12536850,H,0.4131982475355969,0.2568455640744797,0.32995618838992335,1.0,0.0,0.0,0.4349571479107805,0.3181128019085632,0.24693005018065628,0.26783954693968787,0.45940129581568545,0.2727591572446266
12536899,H,0.4131982475355969,0.2568455640744797,0.32995618838992335,1.0,0.0,0.0,0.6691854177963297,0.1982834540685809,0.1325311281350894,0.8216771924672294,0.16412170564499495,0.01420110188777579
12536989,A,0.4131982475355969,0.2568455640744797,0.32995618838992335,1.0,0.0,0.0,0.40126065034590985,0.26509910636630346,0.3336402432877867,0.2240742030989443,0.67376996516966,0.10215583173139572
12536991,H,0.4131982475355969,0.2568455640744797,0.32995618838992335,1.0,0.0,0.0,0.3109847534161189,0.2596923487195593,0.42932289786432176,0.09048992955859757,0.5653560520306918,0.3441540184107105
12537007,H,0.4131982475355969,0.2568455640744797,0.32995618838992335,1.0,0.0,0.0,0.5455550933126855,0.23678070117172054,0.217664205515594,0.7748997864598984,0.16663742390018696,0.05846278963991455
12705917,A,0.4131982475355969,0.2568455640744797,0.32995618838992335,1.0,0.0,0.0,0.1472248946328208,0.2767071356574414,0.5760679697097378,0.08601394565911287,0.08953996742271261,0.8244460869181746
12705918,D,0.4131982475355969,0.2568455640744797,0.32995618838992335,1.0,0.0,0.0,0.5200383302352379,0.22059863781470035,0.2593630319500618,0.4096595892170701,0.316359305062655,0.27398110572027495
12705971,H,0.4131982475355969,0.2568455640744797,0.32995618838992335,1.0,0.0,0.0,0.48116994163468196,0.24745227566138828,0.27137778270392976,0.5844484804921828,0.24521685742501767,0.17033466208279965
12705984,H,0.4131982475355969,0.2568455640744797,0.32995618838992335,1.0,0.0,0.0,0.2626835552976606,0.34056973559839254,0.3967467091039469,0.22585842705142453,0.10315710123612347,0.6709844717124521
12911272,A,0.4131982475355969,0.2568455640744797,0.32995618838992335,1.0,0.0,0.0,0.6378397043979503,0.24602911183587345,0.11613118376617629,0.8559103794816953,0.1290545296437155,0.015035090874589093
12911305,H,0.4131982475355969,0.2568455640744797,0.32995618838992335,1.0,0.0,0.0,0.5648196031244603,0.25851114609929227,0.17666925077624746,0.7275699369618613,0.10489968248911868,0.16753038054901997
12911311,H,0.4131982475355969,0.2568455640744797,0.32995618838992335,1.0,0.0,0.0,0.5480707186632874,0.2777595228981221,0.17416975843859042,0.8730244806311318,0.05070291427687886,0.07627260509198933
12980570,H,0.4131982475355969,0.2568455640744797,0.32995618838992335,1.0,0.0,0.0,0.446161763043767,0.22861604850384662,0.32522218845238626,0.4293640905967271,0.3125294609165665,0.2581064484867064
12980731,H,0.4131982475355969,0.2568455640744797,0.32995618838992335,1.0,0.0,0.0,0.33471662894172133,0.26074521820857666,0.404538152849702,0.6022185358941317,0.09546207139775365,0.3023193927081147
12980812,H,0.4131982475355969,0.2568455640744797,0.32995618838992335,1.0,0.0,0.0,0.624401474320477,0.23874594880041153,0.1368525768791115,0.3020209698018599,0.29566872822878343,0.40231030196935663
12980966,H,0.4131982475355969,0.2568455640744797,0.32995618838992335,1.0,0.0,0.0,0.5381291238382958,0.23594376697242375,0.22592710918928038,0.5794446269177401,0.1975919098826736,0.2229634631995862
12980967,A,0.4131982475355969,0.2568455640744797,0.32995618838992335,1.0,0.0,0.0,0.5907519659010244,0.2610316772767789,0.14821635682219664,0.8240823491186683,0.14481473422749055,0.03110291665384118
12980968,D,0.4131982475355969,0.2568455640744797,0.32995618838992335,1.0,0.0,0.0,0.48944439791635663,0.2214724070694457,0.2890831950141976,0.2846488457813467,0.06814491495404391,0.6472062392646094
12981052,D,0.4131982475355969,0.2568455640744797,0.32995618838992335,1.0,0.0,0.0,0.7615409146509016,0.14986672022936282,0.08859236511973555,0.7652871210692194,0.19146411360622861,0.04324876532455193
12981054,H,0.4131982475355969,0.2568455640744797,0.32995618838992335,1.0,0.0,0.0,0.33373663008039794,0.2642111174545312,0.4020522524650708,0.4167447387197362,0.18847031482248922,0.3947849464577746
12981501,A,0.4131982475355969,0.2568455640744797,0.32995618838992335,1.0,0.0,0.0,0.15022344459897843,0.2269401028668743,0.6228364525341473,0.13846066962602777,0.3171665756960031,0.5443727546779691
12981522,A,0.4131982475355969,0.2568455640744797,0.32995618838992335,1.0,0.0,0.0,0.33714355271205804,0.2882916296710703,0.37456481761687166,0.36914187278090066,0.2986842149633199,0.3321739122557794
12981525,H,0.4131982475355969,0.2568455640744797,0.32995618838992335,1.0,0.0,0.0,0.6368332434560535,0.19691321789281482,0.16625353865113174,0.5082016205951223,0.18150811295775554,0.3102902664471222
12981532,A,0.4131982475355969,0.2568455640744797,0.32995618838992335,1.0,0.0,0.0,0.22257891151778308,0.252590933899291,0.5248301545829259,0.27289519289240244,0.12932872595241965,0.5977760811551779
12981776,A,0.4131982475355969,0.2568455640744797,0.32995618838992335,1.0,0.0,0.0,0.46519488230941997,0.32583780802748663,0.20896730966309335,0.672823878273351,0.25773525530773433,0.06944086641891468
12981875,H,0.4131982475355969,0.2568455640744797,0.32995618838992335,1.0,0.0,0.0,0.7861148743665195,0.16731133622097957,0.04657378941250092,0.8698742870488223,0.09098504658824035,0.03914066636293738
12982035,H,0.4131982475355969,0.2568455640744797,0.32995618838992335,1.0,0.0,0.0,0.44074955288154094,0.31108294426549693,0.2481675028529621,0.5660409766068345,0.2677789579479732,0.16618006544519237
12982134,H,0.4131982475355969,0.2568455640744797,0.32995618838992335,1.0,0.0,0.0,0.5339397321435032,0.3022350636607672,0.1638252041957296,0.57022470509138,0.3862379704228447,0.04353732448577521
12982155,H,0.4131982475355969,0.2568455640744797,0.32995618838992335,1.0,0.0,0.0,0.5755268440566603,0.1863368894346017,0.2381362665087381,0.6806226592180706,0.017306010985719426,0.3020713297962099
12982164,A,0.4131982475355969,0.2568455640744797,0.32995618838992335,1.0,0.0,0.0,0.09524946707290334,0.20591780076513938,0.6988327321619572,0.0226446929686097,0.04645660046828829,0.9308987065631021
12982373,A,0.4131982475355969,0.2568455640744797,0.32995618838992335,1.0,0.0,0.0,0.17559876217725084,0.2529909261925659,0.5714103116301833,0.07463355942069494,0.5695474354657373,0.35581900511356784
12982377,H,0.4131982475355969,0.2568455640744797,0.32995618838992335,1.0,0.0,0.0,0.5628329100371555,0.22881198164507086,0.20835510831777365,0.590526827408645,0.08980359152713714,0.31966958106421783
12982394,H,0.4131982475355969,0.2568455640744797,0.32995618838992335,1.0,0.0,0.0,0.44133268597509423,0.27245060928451936,0.2862167047403863,0.6186238109219119,0.04990665427033594,0.3314695348077523
13248801,D,0.4131982475355969,0.2568455640744797,0.32995618838992335,1.0,0.0,0.0,0.66469306092246,0.1934099733597377,0.14189696571780228,0.4574420304666364,0.48279052489671653,0.05976744463664696
13248817,D,0.4131982475355969,0.2568455640744797,0.32995618838992335,1.0,0.0,0.0,0.38228604088513607,0.26291010915006924,0.35480384996479464,0.3229916520171965,0.378252766124912,0.2987555818578914
13248979,H,0.4131982475355969,0.2568455640744797,0.32995618838992335,1.0,0.0,0.0,0.5965829623451535,0.25609642363617496,0.1473206140186716,0.8692335008446525,0.11475308151934722,0.01601341763600037
13249049,A,0.4131982475355969,0.2568455640744797,0.32995618838992335,1.0,0.0,0.0,0.35905716318239467,0.25953326454585934,0.381409572271746,0.5167932628816564,0.17748692629922838,0.3057198108191152
13249053,H,0.4131982475355969,0.2568455640744797,0.32995618838992335,1.0,0.0,0.0,0.13464781791898012,0.26187551647573126,0.6034766656052887,0.00807016569537955,0.07419600053906036,0.9177338337655602
13249056,H,0.4131982475355969,0.2568455640744797,0.32995618838992335,1.0,0.0,0.0,0.5064741963980012,0.24459773363447743,0.24892806996752131,0.6052171783579434,0.06860177841155797,0.3261810432304987
13249069,H,0.4131982475355969,0.2568455640744797,0.32995618838992335,1.0,0.0,0.0,0.34735381582438624,0.29750130723522694,0.3551448769403867,0.18277922676137418,0.7715851225195406,0.045635650719085284
13249074,H,0.4131982475355969,0.2568455640744797,0.32995618838992335,1.0,0.0,0.0,0.35833391391240976,0.2731871573866898,0.3684789287009004,0.1612059666474523,0.5111459452310277,0.3276480881215199
13249082,D,0.4131982475355969,0.2568455640744797,0.32995618838992335,1.0,0.0,0.0,0.5324499319056282,0.27416410370302746,0.1933859643913443,0.5430377916799407,0.4308382418439273,0.026123966476131914
13249085,A,0.4131982475355969,0.2568455640744797,0.32995618838992335,1.0,0.0,0.0,0.27862137022829137,0.2414088103915981,0.4799698193801105,0.28536288130507176,0.4756495680187475,0.23898755067618072
13249298,H,0.4131982475355969,0.2568455640744797,0.32995618838992335,1.0,0.0,0.0,0.7316844138674602,0.16258852594332338,0.10572706018921636,0.8479992078400461,0.11117450902292698,0.0408262831370269
13249307,A,0.4131982475355969,0.2568455640744797,0.32995618838992335,1.0,0.0,0.0,0.2104620078128341,0.2133214153376231,0.5762165768495427,0.051022009914054325,0.3908675130368659,0.5581104770490798
13249484,A,0.4131982475355969,0.2568455640744797,0.32995618838992335,1.0,0.0,0.0,0.37708875091975597,0.22689868897194726,0.3960125601082969,0.3443574291316543,0.10401343376877444,0.5516291370995712
13249672,A,0.4131982475355969,0.2568455640744797,0.32995618838992335,1.0,0.0,0.0,0.21262369277829438,0.2725181496675696,0.5148581575541359,0.18367210366453288,0.47156701219676894,0.3447608841386982
13249775,H,0.4131982475355969,0.2568455640744797,0.32995618838992335,1.0,0.0,0.0,0.47900325744335104,0.2671782788821295,0.2538184636745194,0.3311851408091065,0.23811725123080998,0.43069760796008355
13249794,D,0.4131982475355969,0.2568455640744797,0.32995618838992335,1.0,0.0,0.0,0.2410798551108818,0.26299204606218757,0.49592809882693056,0.16001719581332374,0.44558412630741623,0.39439867787926014
13249806,D,0.4131982475355969,0.2568455640744797,0.32995618838992335,1.0,0.0,0.0,0.5625843159086723,0.21337312175001708,0.22404256234131067,0.761373895876851,0.049505871676098566,0.18912023244705056
13249814,H,0.4131982475355969,0.2568455640744797,0.32995618838992335,1.0,0.0,0.0,0.4947193412872785,0.2635617715647527,0.24171888714796871,0.3046408446230741,0.5357180735119341,0.1596410818649917
13249873,H,0.4131982475355969,0.2568455640744797,0.32995618838992335,1.0,0.0,0.0,0.26434172713425474,0.3607464271223629,0.3749118457433824,0.26537601320120197,0.09973607028606152,0.6348879165127365
13249967,H,0.4131982475355969,0.2568455640744797,0.32995618838992335,1.0,0.0,0.0,0.19859919758489525,0.23416212164839667,0.567238680766708,0.28483378199663867,0.3952068461335683,0.3199593718697932
13249968,D,0.4131982475355969,0.2568455640744797,0.32995618838992335,1.0,0.0,0.0,0.45991895245979547,0.20873669399354136,0.33134435354666314,0.19676903487884548,0.4611321538049079,0.34209881131624653
13249985,H,0.4131982475355969,0.2568455640744797,0.32995618838992335,1.0,0.0,0.0,0.33930055305483153,0.2429865327807289,0.41771291416443956,0.08377360528151923,0.24618442144711206,0.6700419732713687
13451507,A,0.4131982475355969,0.2568455640744797,0.32995618838992335,1.0,0.0,0.0,0.35417246762525517,0.2661643301999007,0.37966320217484406,0.2981432699436466,0.386091551003168,0.31576517905318546
13451526,H,0.4131982475355969,0.2568455640744797,0.32995618838992335,1.0,0.0,0.0,0.5016058050958432,0.25411619517564166,0.24427799972851516,0.6459328849742357,0.21869239860257275,0.1353747164231914
13451528,A,0.4131982475355969,0.2568455640744797,0.32995618838992335,1.0,0.0,0.0,0.33975197751647923,0.285558948433654,0.37468907404986673,0.46687876274899875,0.30626087804122054,0.22686035920978084
13605224,D,0.4131982475355969,0.2568455640744797,0.32995618838992335,1.0,0.0,0.0,0.48718262801493456,0.2368358268414414,0.27598154514362405,0.505380840541327,0.1644647393486542,0.3301544201100188
13605239,A,0.4131982475355969,0.2568455640744797,0.32995618838992335,1.0,0.0,0.0,0.5287681698317924,0.23714514337260312,0.23408668679560451,0.5020969264692227,0.30147608170853407,0.19642699182224324
13605253,A,0.4131982475355969,0.2568455640744797,0.32995618838992335,1.0,0.0,0.0,0.21174469108049063,0.30373911705421475,0.4845161918652946,0.03111325000470167,0.8848355660291994,0.08405118396609892
13605255,H,0.4131982475355969,0.2568455640744797,0.32995618838992335,1.0,0.0,0.0,0.3356846332703258,0.2820793726859155,0.38223599404375863,0.5890831063734915,0.13117412437355272,0.2797427692529558
13605256,A,0.4131982475355969,0.2568455640744797,0.32995618838992335,1.0,0.0,0.0,0.21828828845369752,0.280846309029856,0.5008654025164465,0.5250624650299525,0.21895664256159456,0.255980892408453
13605261,A,0.4131982475355969,0.2568455640744797,0.32995618838992335,1.0,0.0,0.0,0.5341525544273674,0.3332080437984931,0.1326394017741394,0.7895182545395237,0.10726834829861982,0.10321339716185646
13605383,H,0.4131982475355969,0.2568455640744797,0.32995618838992335,1.0,0.0,0.0,0.6210904184642325,0.19538362202596118,0.1835259595098063,0.2759829132292001,0.15538089193566124,0.5686361948351386
13675439,A,0.4131982475355969,0.2568455640744797,0.32995618838992335,1.0,0.0,0.0,0.11745824939334275,0.12866552521665872,0.7538762253899985,0.2106109241385883,0.09183879609580285,0.6975502797656088
13675620,H,0.4131982475355969,0.2568455640744797,0.32995618838992335,1.0,0.0,0.0,0.44613521813415213,0.28211081776017644,0.27175396410567143,0.5527005114048791,0.3109190849782963,0.13638040361682474
13675708,A,0.4131982475355969,0.2568455640744797,0.32995618838992335,1.0,0.0,0.0,0.4285618581347596,0.2605721623914974,0.3108659794737429,0.5484888972871947,0.23779182233915291,0.21371928037365234
13675901,H,0.4131982475355969,0.2568455640744797,0.32995618838992335,1.0,0.0,0.0,0.12636373131343842,0.16701762125465897,0.7066186474319026,0.40693858546536316,0.019585442136558787,0.5734759723980781
13675905,D,0.4131982475355969,0.2568455640744797,0.32995618838992335,1.0,0.0,0.0,0.35056594025650567,0.28015127399520984,0.3692827857482845,0.2965317215725744,0.4392314989702937,0.26423677945713187
13675908,A,0.4131982475355969,0.2568455640744797,0.32995618838992335,1.0,0.0,0.0,0.4256347961296201,0.258008392121492,0.31635681174888786,0.3304326419108984,0.41058100975219153,0.25898634833691014
13675910,H,0.4131982475355969,0.2568455640744797,0.32995618838992335,1.0,0.0,0.0,0.5661884615952103,0.2437145646098621,0.1900969737949277,0.3529496548312486,0.24242819576045008,0.40462214940830127
13676221,D,0.4131982475355969,0.2568455640744797,0.32995618838992335,1.0,0.0,0.0,0.5764755282418756,0.27167838731507943,0.15184608444304495,0.5633010673820574,0.06632607709817138,0.37037285551977117
13676679,H,0.4131982475355969,0.2568455640744797,0.32995618838992335,1.0,0.0,0.0,0.8034875097717442,0.16049874893799038,0.03601374129026537,0.9029924064593027,0.09266496295432754,0.004342630586369807
13676757,H,0.4131982475355969,0.2568455640744797,0.32995618838992335,1.0,0.0,0.0,0.5162351613419265,0.2578406061206982,0.2259242325373754,0.8790541057782327,0.08448035324581195,0.036465540975955404
13676918,H,0.4131982475355969,0.2568455640744797,0.32995618838992335,1.0,0.0,0.0,0.4550510751488092,0.2889179165825711,0.2560310082686198,0.19302483709736903,0.6818335493605485,0.12514161354208236
13677055,H,0.4131982475355969,0.2568455640744797,0.32995618838992335,1.0,0.0,0.0,0.5102952337315293,0.2176778085721996,0.2720269576962711,0.4920906812888013,0.050602358033025284,0.45730696067817345
13677063,H,0.4131982475355969,0.2568455640744797,0.32995618838992335,1.0,0.0,0.0,0.6521476560940462,0.20463778640604077,0.14321455749991294,0.5645213327677493,0.39689293308540247,0.03858573414684824
13677081,H,0.4131982475355969,0.2568455640744797,0.32995618838992335,1.0,0.0,0.0,0.46241081864997424,0.30402037089233125,0.2335688104576946,0.32405474979215815,0.413528535083507,0.26241671512433484
13677264,A,0.4131982475355969,0.2568455640744797,0.32995618838992335,1.0,0.0,0.0,0.503891967485751,0.2518888334623911,0.2442191990518578,0.6630552398959847,0.15176442396987558,0.18518033613413987
13677267,H,0.4131982475355969,0.2568455640744797,0.32995618838992335,1.0,0.0,0.0,0.4392513958356508,0.2962301989768553,0.264518405187494,0.8548548659855986,0.08230208268403837,0.062843051330363
13677280,H,0.4131982475355969,0.2568455640744797,0.32995618838992335,1.0,0.0,0.0,0.5824571875556382,0.23474843175309687,0.18279438069126486,0.735930279592653,0.07249591617722353,0.19157380423012346
13931821,H,0.4131982475355969,0.2568455640744797,0.32995618838992335,1.0,0.0,0.0,0.4403302121393327,0.26064208197361993,0.29902770588704725,0.38960866531751426,0.12436808032815211,0.4860232543543336
13931844,A,0.4131982475355969,0.2568455640744797,0.32995618838992335,1.0,0.0,0.0,0.3575458535447178,0.3061954457874063,0.336258700667876,0.5661658286471377,0.2666839023275208,0.16715026902534158
13932045,H,0.4131982475355969,0.2568455640744797,0.32995618838992335,1.0,0.0,0.0,0.5377895835266971,0.24428300111587992,0.21792741535742294,0.3515650698606471,0.15210479660992837,0.4963301335294244
13932128,A,0.4131982475355969,0.2568455640744797,0.32995618838992335,1.0,0.0,0.0,0.42106474155183277,0.2829265503504208,0.29600870809774643,0.23245730103181,0.5068673182898704,0.2606753806783197
13932138,A,0.4131982475355969,0.2568455640744797,0.32995618838992335,1.0,0.0,0.0,0.4957533679975833,0.26899217872380377,0.23525445327861294,0.5895905561013194,0.32125112122144367,0.08915832267723692
13932142,D,0.4131982475355969,0.2568455640744797,0.32995618838992335,1.0,0.0,0.0,0.5263713406967617,0.19668398677143595,0.2769446725318022,0.6364897822109257,0.08335272623675,0.2801574915523243
13932144,A,0.4131982475355969,0.2568455640744797,0.32995618838992335,1.0,0.0,0.0,0.4261354764440517,0.2856971602944072,0.28816736326154113,0.7659956817289857,0.17078255939334058,0.06322175887767364
13932153,A,0.4131982475355969,0.2568455640744797,0.32995618838992335,1.0,0.0,0.0,0.24804003973958758,0.25742381124956154,0.4945361490108509,0.3065853173483466,0.2958338096596188,0.3975808729920346
13932156,H,0.4131982475355969,0.2568455640744797,0.32995618838992335,1.0,0.0,0.0,0.46200006926981024,0.2716044871311226,0.26639544359906714,0.7944190528661379,0.07008323867834809,0.1354977084555141
13932162,H,0.4131982475355969,0.2568455640744797,0.32995618838992335,1.0,0.0,0.0,0.16335194389026086,0.24759056313286,0.5890574929768791,0.2900350050370068,0.4645313364673635,0.2454336584956298
13932270,A,0.4131982475355969,0.2568455640744797,0.32995618838992335,1.0,0.0,0.0,0.3328732708235123,0.26801231817805804,0.39911441099842965,0.5393990053031422,0.14643122693961427,0.3141697677572436
13932277,H,0.4131982475355969,0.2568455640744797,0.32995618838992335,1.0,0.0,0.0,0.4601069089182509,0.2249797993566794,0.31491329172506977,0.23907429615392498,0.30018105241705345,0.46074465142902155
13932279,D,0.4131982475355969,0.2568455640744797,0.32995618838992335,1.0,0.0,0.0,0.5135091420196298,0.24504115126394765,0.24144970671642257,0.6679019772812121,0.2505093765097421,0.08158864620904582
13932584,H,0.4131982475355969,0.2568455640744797,0.32995618838992335,1.0,0.0,0.0,0.7232981930580299,0.17481925609828175,0.10188255084368834,0.6338604376033781,0.13197057802972034,0.23416898436690148
13932804,D,0.4131982475355969,0.2568455640744797,0.32995618838992335,1.0,0.0,0.0,0.6419290922362366,0.22203326453839575,0.13603764322536768,0.6515033162370106,0.29872848146244774,0.049768202300541645
13932881,D,0.4131982475355969,0.2568455640744797,0.32995618838992335,1.0,0.0,0.0,0.18855981167585387,0.23177454239682826,0.5796656459273178,0.11427937735394157,0.41689354628802083,0.46882707635803755
13932886,D,0.4131982475355969,0.2568455640744797,0.32995618838992335,1.0,0.0,0.0,0.18767109052664072,0.27780962044097457,0.5345192890323847,0.17813291107361828,0.031446988071449467,0.7904201008549324
13932893,D,0.4131982475355969,0.2568455640744797,0.32995618838992335,1.0,0.0,0.0,0.2733511247310438,0.21903880037094908,0.5076100748980071,0.15700097585004075,0.22902579075772844,0.6139732333922309
13932937,A,0.4131982475355969,0.2568455640744797,0.32995618838992335,1.0,0.0,0.0,0.33095474894479515,0.24152681977185905,0.4275184312833457,0.2807322486466107,0.21687043503913056,0.5023973163142587
13933021,A,0.4131982475355969,0.2568455640744797,0.32995618838992335,1.0,0.0,0.0,0.6432137950131628,0.2455454835769908,0.11124072140984641,0.3717845926284026,0.35003345725016755,0.27818195012142993
13933022,H,0.4131982475355969,0.2568455640744797,0.32995618838992335,1.0,0.0,0.0,0.45509822398646377,0.30677079407700203,0.23813098193653418,0.5458433093740408,0.08996482485834699,0.3641918657676122
13933054,D,0.4131982475355969,0.2568455640744797,0.32995618838992335,1.0,0.0,0.0,0.4810027406714813,0.24587374112557064,0.27312351820294806,0.32004509403608944,0.15298829702192596,0.5269666089419847
13933109,A,0.4131982475355969,0.2568455640744797,0.32995618838992335,1.0,0.0,0.0,0.15206795262510375,0.18491016939304925,0.663021877981847,0.5321722356972899,0.09315054702824346,0.3746772172744666
13933110,A,0.4131982475355969,0.2568455640744797,0.32995618838992335,1.0,0.0,0.0,0.355406644970212,0.25603887319228436,0.3885544818375037,0.26407468020167557,0.49066129523897006,0.2452640245593544
13933126,A,0.4131982475355969,0.2568455640744797,0.32995618838992335,1.0,0.0,0.0,0.2892099720111541,0.28074047437382027,0.43004955361502567,0.15453092230818297,0.008958578505870476,0.8365104991859464
15063594,H,0.4131982475355969,0.2568455640744797,0.32995618838992335,1.0,0.0,0.0,0.7150132756200157,0.17472095895679532,0.11026576542318892,0.9071341878340026,0.02232835909561492,0.07053745307038245
15063622,H,0.4131982475355969,0.2568455640744797,0.32995618838992335,1.0,0.0,0.0,0.6433838755306868,0.22255814272277044,0.1340579817465428,0.9329929625555854,0.021971835134294446,0.0450352023101201
15063623,A,0.4131982475355969,0.2568455640744797,0.32995618838992335,1.0,0.0,0.0,0.14820396555234197,0.24396242913258812,0.6078336053150699,0.06396352312493729,0.27624581583831037,0.6597906610367523
15120368,H,0.4131982475355969,0.2568455640744797,0.32995618838992335,1.0,0.0,0.0,0.35491551481254086,0.23727410626853945,0.4078103789189197,0.20122993327773553,0.45622339115742405,0.3425466755648404
15120617,D,0.4131982475355969,0.2568455640744797,0.32995618838992335,1.0,0.0,0.0,0.13450131511581434,0.24529716963916479,0.6202015152450209,0.293542339398242,0.05009495687921624,0.6563627037225417
15120791,H,0.4131982475355969,0.2568455640744797,0.32995618838992335,1.0,0.0,0.0,0.6504989179138426,0.19646542254276772,0.15303565954338968,0.6376015637758078,0.2970907816683303,0.0653076545558618
15121065,H,0.4131982475355969,0.2568455640744797,0.32995618838992335,1.0,0.0,0.0,0.612247663120999,0.26571472665142326,0.12203761022757768,0.8451716178167081,0.1124952119908586,0.04233317019243316
15121066,H,0.4131982475355969,0.2568455640744797,0.32995618838992335,1.0,0.0,0.0,0.6381045887776221,0.20155029867071006,0.16034511255166797,0.8753221791484099,0.04719971003256881,0.07747811081902115
15121067,H,0.4131982475355969,0.2568455640744797,0.32995618838992335,1.0,0.0,0.0,0.49458121862760046,0.24477739917342137,0.26064138219897826,0.6948141574666282,0.2114087802927717,0.09377706224060005
15121068,H,0.4131982475355969,0.2568455640744797,0.32995618838992335,1.0,0.0,0.0,0.3043764666901153,0.2549271455281082,0.44069638778177656,0.31998073117834636,0.18983229575312938,0.49018697306852427
15121070,H,0.4131982475355969,0.2568455640744797,0.32995618838992335,1.0,0.0,0.0,0.4143158977392659,0.2599023346091976,0.32578176765153644,0.4805394681429152,0.22280429386829353,0.29665623798879115
15121612,D,0.4131982475355969,0.2568455640744797,0.32995618838992335,1.0,0.0,0.0,0.15577650805733312,0.26024818838288244,0.5839753035597843,0.17338217253449,0.22550998215604612,0.6011078453094638
15121618,A,0.4131982475355969,0.2568455640744797,0.32995618838992335,1.0,0.0,0.0,0.35946701792523533,0.2626014245199452,0.3779315575548194,0.5847280866420296,0.2656291638559509,0.14964274950201956
15121621,A,0.4131982475355969,0.2568455640744797,0.32995618838992335,1.0,0.0,0.0,0.4192085013507063,0.2291880227200967,0.35160347592919694,0.4792930777004292,0.2557928828062173,0.2649140394933535
15121629,D,0.4131982475355969,0.2568455640744797,0.32995618838992335,1.0,0.0,0.0,0.42777247626019627,0.23108380149488605,0.3411437222449178,0.4649655951050233,0.2175509131309102,0.3174834917640666
15121636,A,0.4131982475355969,0.2568455640744797,0.32995618838992335,1.0,0.0,0.0,0.38432111560158344,0.24255052742087238,0.3731283569775441,0.11511222149754291,0.1643906836055983,0.7204970948968589
15121796,A,0.4131982475355969,0.2568455640744797,0.32995618838992335,1.0,0.0,0.0,0.46184800948840987,0.34312102307240305,0.19503096743918694,0.45212335877417664,0.36466988530931843,0.18320675591650487
15121845,A,0.4131982475355969,0.2568455640744797,0.32995618838992335,1.0,0.0,0.0,0.2573327014910414,0.20571316599436731,0.5369541325145913,0.27857134353390783,0.17737280181132228,0.5440558546547699
15122013,A,0.4131982475355969,0.2568455640744797,0.32995618838992335,1.0,0.0,0.0,0.43856157845759,0.26994534256999436,0.2914930789724157,0.4060359381091242,0.322976416509287,0.2709876453815888
15122144,A,0.4131982475355969,0.2568455640744797,0.32995618838992335,1.0,0.0,0.0,0.2827866843128433,0.30901664877216106,0.40819666691499557,0.26125105334982535,0.5934912586859081,0.1452576879642666
15122148,H,0.4131982475355969,0.2568455640744797,0.32995618838992335,1.0,0.0,0.0,0.4149465057539418,0.260324874341434,0.3247286199046242,0.616928406038704,0.10972032157263506,0.27335127238866086
15122156,H,0.4131982475355969,0.2568455640744797,0.32995618838992335,1.0,0.0,0.0,0.3846530314020751,0.23455507404273024,0.3807918945551946,0.37373635261760385,0.22648843318422285,0.39977521419817325
15122358,A,0.4131982475355969,0.2568455640744797,0.32995618838992335,1.0,0.0,0.0,0.27360738533896223,0.25960881514389594,0.4667837995171419,0.20564656201442066,0.5671553696271583,0.22719806835842102
15122361,A,0.4131982475355969,0.2568455640744797,0.32995618838992335,1.0,0.0,0.0,0.13479041489659138,0.18627864043574777,0.6789309446676609,0.18304383397739518,0.1210435350895997,0.695912630933005
15122362,H,0.4131982475355969,0.2568455640744797,0.32995618838992335,1.0,0.0,0.0,0.8248626217283803,0.1192630932990944,0.055874284972525265,0.9732129448821332,0.02189706010597486,0.004889995011892084
15350692,H,0.4131982475355969,0.2568455640744797,0.32995618838992335,1.0,0.0,0.0,0.6057921053523487,0.22030044581043054,0.17390744883722078,0.5532219831289776,0.1650134218256439,0.2817645950453785
15350724,H,0.4131982475355969,0.2568455640744797,0.32995618838992335,1.0,0.0,0.0,0.449131787893047,0.2907646415991965,0.26010357050775657,0.20019396376514728,0.6496706235800417,0.15013541265481112
15350991,D,0.4131982475355969,0.2568455640744797,0.32995618838992335,1.0,0.0,0.0,0.2625988725463886,0.28269456873579507,0.45470655871781634,0.10917210385710446,0.45255171000679845,0.4382761861360971
15351117,A,0.4131982475355969,0.2568455640744797,0.32995618838992335,1.0,0.0,0.0,0.3470872042454227,0.2670249201823904,0.3858878755721869,0.4692370000407942,0.2635510612935034,0.2672119386657023
15351120,D,0.4131982475355969,0.2568455640744797,0.32995618838992335,1.0,0.0,0.0,0.37710996322144474,0.3328449192559047,0.29004511752265055,0.524285189366631,0.3012957696840287,0.17441904094934027
15351132,H,0.4131982475355969,0.2568455640744797,0.32995618838992335,1.0,0.0,0.0,0.2462003459840353,0.2647928038098734,0.4890068502060913,0.10306831810036701,0.6222022519099087,0.27472942998972416
15351135,D,0.4131982475355969,0.2568455640744797,0.32995618838992335,1.0,0.0,0.0,0.46318341927574685,0.30784623182868026,0.22897034889557275,0.3893644277405815,0.26982970878402607,0.3408058634753925
15351154,D,0.4131982475355969,0.2568455640744797,0.32995618838992335,1.0,0.0,0.0,0.5139362037912626,0.2666152895239325,0.21944850668480492,0.6961811619202227,0.27986771096835544,0.02395112711142187
15351158,A,0.4131982475355969,0.2568455640744797,0.32995618838992335,1.0,0.0,0.0,0.39162954202577804,0.3287595318277744,0.27961092614644756,0.6528083319277961,0.17183938934701928,0.17535227872518466
15351160,H,0.4131982475355969,0.2568455640744797,0.32995618838992335,1.0,0.0,0.0,0.32973574889535784,0.22678055277595627,0.443483698328686,0.15986556540158853,0.36419980799683743,0.475934626601574
15351443,H,0.4131982475355969,0.2568455640744797,0.32995618838992335,1.0,0.0,0.0,0.6469565367281095,0.2189121920259206,0.1341312712459699,0.5681105943302955,0.08774716694446881,0.3441422387252356
15351614,D,0.4131982475355969,0.2568455640744797,0.32995618838992335,1.0,0.0,0.0,0.3348848587358705,0.2513446562040495,0.41377048506007996,0.1710814675749835,0.5196283329053001,0.3092901995197164
15351765,H,0.4131982475355969,0.2568455640744797,0.32995618838992335,1.0,0.0,0.0,0.24799838786644735,0.3414031699278916,0.41059844220566116,0.20275333121507141,0.5193501190040404,0.27789654978088824
15351870,H,0.4131982475355969,0.2568455640744797,0.32995618838992335,1.0,0.0,0.0,0.4994404812560921,0.24411957326405848,0.2564399454798495,0.5504159499370278,0.06770433816750164,0.3818797118954705
15351885,A,0.4131982475355969,0.2568455640744797,0.32995618838992335,1.0,0.0,0.0,0.46563824608011894,0.29182269193822574,0.24253906198165529,0.5661832400465676,0.35712455271249877,0.07669220724093354
15351905,D,0.4131982475355969,0.2568455640744797,0.32995618838992335,1.0,0.0,0.0,0.4680639807758103,0.25492280764663083,0.2770132115775589,0.4293974494667588,0.14437706464819458,0.42622548588504655
15351921,H,0.4131982475355969,0.2568455640744797,0.32995618838992335,1.0,0.0,0.0,0.5733832492723099,0.1990052544389079,0.2276114962887822,0.49871015197006036,0.3747786580750142,0.1265111899549254
15351960,A,0.4131982475355969,0.2568455640744797,0.32995618838992335,1.0,0.0,0.0,0.4380410899901316,0.29634876221674883,0.2656101477931197,0.24990724757541471,0.402748355480783,0.3473443969438023
15352015,H,0.4131982475355969,0.2568455640744797,0.32995618838992335,1.0,0.0,0.0,0.45604076476032485,0.21605917486393045,0.3279000603757448,0.3834382947295109,0.0684913334378267,0.5480703718326623
15352016,H,0.4131982475355969,0.2568455640744797,0.32995618838992335,1.0,0.0,0.0,0.5228735227261547,0.23552302028038533,0.24160345699345995,0.6656535205172208,0.10451090579612884,0.2298355736866503
15352017,D,0.4131982475355969,0.2568455640744797,0.32995618838992335,1.0,0.0,0.0,0.6065679785580861,0.2540098365082628,0.1394221849336511,0.7699753525297902,0.20071003428841305,0.02931461318179673
15524228,A,0.4131982475355969,0.2568455640744797,0.32995618838992335,1.0,0.0,0.0,0.17325866365329973,0.2665764404800307,0.5601648958666695,0.3382819579508418,0.15226328834614644,0.5094547537030117
15524238,H,0.4131982475355969,0.2568455640744797,0.32995618838992335,1.0,0.0,0.0,0.6095544118747723,0.28395630243554326,0.10648928568968448,0.39877273274655606,0.4820396258740504,0.11918764137939343
15524240,H,0.4131982475355969,0.2568455640744797,0.32995618838992335,1.0,0.0,0.0,0.35319626565709555,0.3526405421103677,0.2941631922325368,0.17946506597039363,0.6762723904141831,0.14426254361542318
15686712,A,0.4131982475355969,0.2568455640744797,0.32995618838992335,1.0,0.0,0.0,0.4460160253731714,0.23455739100807307,0.3194265836187554,0.35205804831443777,0.36209118602240264,0.2858507656631595
15686744,A,0.4131982475355969,0.2568455640744797,0.32995618838992335,1.0,0.0,0.0,0.3929345965155846,0.24045592352768222,0.36660947995673326,0.44037437082610026,0.27059287051274566,0.289032758661154
15686747,D,0.4131982475355969,0.2568455640744797,0.32995618838992335,1.0,0.0,0.0,0.4754547780048653,0.2603486161170241,0.26419660587811056,0.36596093865825285,0.1870208202980077,0.44701824104373944
15763206,H,0.4131982475355969,0.2568455640744797,0.32995618838992335,1.0,0.0,0.0,0.31444857147335414,0.29779208775368887,0.3877593407729569,0.5030055694105834,0.09675440179564102,0.4002400287937755
15763619,A,0.4131982475355969,0.2568455640744797,0.32995618838992335,1.0,0.0,0.0,0.39267648736389904,0.26472394589248716,0.34259956674361375,0.6773466180016561,0.18237997245864648,0.14027340953969747
15763941,H,0.4131982475355969,0.2568455640744797,0.32995618838992335,1.0,0.0,0.0,0.43257771016557744,0.30247489189300336,0.2649473979414192,0.4481433279804849,0.4758297377724936,0.07602693424702148
15763942,D,0.4131982475355969,0.2568455640744797,0.32995618838992335,1.0,0.0,0.0,0.36861926980456683,0.27454543985020957,0.3568352903452236,0.3961560364044764,0.27149267544551425,0.3323512881500093
15763947,H,0.4131982475355969,0.2568455640744797,0.32995618838992335,1.0,0.0,0.0,0.16369919279918757,0.3056431842612938,0.5306576229395186,0.005981062648673194,0.12321116302100066,0.8708077743303261
15763949,D,0.4131982475355969,0.2568455640744797,0.32995618838992335,1.0,0.0,0.0,0.5132104378690708,0.26515412248133025,0.22163543964959898,0.3574150084243778,0.17262773696579364,0.4699572546098286
15764452,H,0.4131982475355969,0.2568455640744797,0.32995618838992335,1.0,0.0,0.0,0.2818106510765143,0.32683649223038513,0.3913528566931005,0.1257486204217838,0.798859910803159,0.07539146877505724
15764454,H,0.4131982475355969,0.2568455640744797,0.32995618838992335,1.0,0.0,0.0,0.5410770902481908,0.23202917164149914,0.22689373811031002,0.14285542589358755,0.23595853333246364,0.6211860407739488
15764459,H,0.4131982475355969,0.2568455640744797,0.32995618838992335,1.0,0.0,0.0,0.7463774329075628,0.17014577578471451,0.08347679130772283,0.44079988118746083,0.4026887882384998,0.15651133057403938
15764460,H,0.4131982475355969,0.2568455640744797,0.32995618838992335,1.0,0.0,0.0,0.3697675462928254,0.2403721689645356,0.38986028474263895,0.8215535553860567,0.11301524506951668,0.06543119954442662
15764605,H,0.4131982475355969,0.2568455640744797,0.32995618838992335,1.0,0.0,0.0,0.5525161359772577,0.25679158021197224,0.19069228381077014,0.8397187632648645,0.10825741351430637,0.052023823220829005
15764687,A,0.4131982475355969,0.2568455640744797,0.32995618838992335,1.0,0.0,0.0,0.7578517136989554,0.15484140536878976,0.08730688093225485,0.880467556983722,0.07225012914049841,0.04728231387577955
15764795,H,0.4131982475355969,0.2568455640744797,0.32995618838992335,1.0,0.0,0.0,0.43994070343848735,0.22747686769020795,0.3325824288713048,0.27305514164884925,0.3377184238513856,0.38922643449976496
15764862,D,0.4131982475355969,0.2568455640744797,0.32995618838992335,1.0,0.0,0.0,0.1629096764486864,0.2382845852291776,0.5988057383221361,0.10808067510232705,0.21382319084932025,0.6780961340483528
15764864,D,0.4131982475355969,0.2568455640744797,0.32995618838992335,1.0,0.0,0.0,0.21248015047214394,0.1981500390101162,0.5893698105177398,0.09853539941136263,0.29393060365105267,0.6075339969375847
15764877,A,0.4131982475355969,0.2568455640744797,0.32995618838992335,1.0,0.0,0.0,0.3116790639981803,0.23494594565714322,0.4533749903446764,0.31258607255354015,0.11918243384612877,0.5682314936003311
15765048,D,0.4131982475355969,0.2568455640744797,0.32995618838992335,1.0,0.0,0.0,0.5035198764194968,0.27734297535475466,0.21913714822574862,0.24192307991713355,0.6535408526457597,0.10453606743710663
15765051,A,0.4131982475355969,0.2568455640744797,0.32995618838992335,1.0,0.0,0.0,0.15158636237878462,0.30062869621201116,0.5477849414092043,0.3592499581188697,0.10089348834211495,0.5398565535390153
15765061,D,0.4131982475355969,0.2568455640744797,0.32995618838992335,1.0,0.0,0.0,0.06910148087118102,0.18799664718799358,0.7429018719408256,0.1535190011315662,0.03838162152697856,0.8080993773414552
16082627,D,0.4131982475355969,0.2568455640744797,0.32995618838992335,1.0,0.0,0.0,0.4182724414139608,0.25303457418466896,0.32869298440137024,0.30689265890414025,0.37539405212700494,0.3177132889688547
16082693,A,0.4131982475355969,0.2568455640744797,0.32995618838992335,1.0,0.0,0.0,0.37547400964186506,0.2956459957475035,0.3288799946106314,0.6786323003452678,0.20315134196988513,0.11821635768484708
16082786,D,0.4131982475355969,0.2568455640744797,0.32995618838992335,1.0,0.0,0.0,0.24930850848645894,0.31179213822685303,0.438899353286688,0.31306594051754205,0.27400112285716177,0.41293293662529623
16083175,H,0.4131982475355969,0.2568455640744797,0.32995618838992335,1.0,0.0,0.0,0.4186828211088837,0.3110038309557311,0.2703133479353852,0.6392277227081693,0.2695615676352328,0.09121070965659792
16083181,H,0.4131982475355969,0.2568455640744797,0.32995618838992335,1.0,0.0,0.0,0.45702522288640807,0.3022370150619291,0.24073776205166272,0.589421395405522,0.290188985310557,0.12038961928392111
16083187,D,0.4131982475355969,0.2568455640744797,0.32995618838992335,1.0,0.0,0.0,0.4387075926407209,0.24489448257309945,0.3163979247861797,0.44879269023905916,0.26439996602171995,0.28680734373922095
16083317,A,0.4131982475355969,0.2568455640744797,0.32995618838992335,1.0,0.0,0.0,0.3461253902913579,0.2836975126620913,0.3701770970465507,0.673052298207464,0.25191404355242974,0.0750336582401061
16083319,H,0.4131982475355969,0.2568455640744797,0.32995618838992335,1.0,0.0,0.0,0.5255813489644765,0.27180287276466636,0.20261577827085722,0.4185605858805956,0.38810955973359823,0.1933298543858062
16083320,H,0.4131982475355969,0.2568455640744797,0.32995618838992335,1.0,0.0,0.0,0.3213124947740557,0.28087258027959056,0.3978149249463538,0.45016583948742306,0.35915505804388903,0.1906791024686878
16083328,A,0.4131982475355969,0.2568455640744797,0.32995618838992335,1.0,0.0,0.0,0.17501682347548728,0.2941824898200851,0.5308006867044277,0.03976744056419873,0.27654917356932796,0.6836833858664733
16083456,H,0.4131982475355969,0.2568455640744797,0.32995618838992335,1.0,0.0,0.0,0.3215998721668629,0.2551282532644725,0.4232718745686646,0.397335472559725,0.29185043170056246,0.3108140957397126
16083473,H,0.4131982475355969,0.2568455640744797,0.32995618838992335,1.0,0.0,0.0,0.32432147842825,0.25680566539566,0.41887285617609,0.7152800847291648,0.13995688495759562,0.14476303031323962
16083611,H,0.4131982475355969,0.2568455640744797,0.32995618838992335,1.0,0.0,0.0,0.4070214630259763,0.2508078699247195,0.34217066704930416,0.36737016484688834,0.41324537046110227,0.21938446469200934
16083763,D,0.4131982475355969,0.2568455640744797,0.32995618838992335,1.0,0.0,0.0,0.2878097337152236,0.3417877753340313,0.37040249095074507,0.7938798276179142,0.023632058226469254,0.1824881141556165
16083885,H,0.4131982475355969,0.2568455640744797,0.32995618838992335,1.0,0.0,0.0,0.6078668251152651,0.21406846276552519,0.17806471211920963,0.6123409892646244,0.1743405319620196,0.2133184787733559
16083892,D,0.4131982475355969,0.2568455640744797,0.32995618838992335,1.0,0.0,0.0,0.33388461009859843,0.257692601815479,0.40842278808592264,0.1332137243810922,0.41399833337968395,0.452787942239224
16083914,H,0.4131982475355969,0.2568455640744797,0.32995618838992335,1.0,0.0,0.0,0.41953865973050436,0.20262484085756677,0.3778364994119289,0.11625355006317759,0.06150564971839565,0.8222408002184267
16083928,A,0.4131982475355969,0.2568455640744797,0.32995618838992335,1.0,0.0,0.0,0.1234735779330924,0.23958109967443605,0.6369453223924716,0.0719755177286927,0.11772178312867629,0.8103026991426309
16083971,H,0.4131982475355969,0.2568455640744797,0.32995618838992335,1.0,0.0,0.0,0.3482856175993459,0.26791717766850426,0.3837972047321499,0.15195786888776325,0.6372562548489744,0.2107858762632623
16083997,A,0.4131982475355969,0.2568455640744797,0.32995618838992335,1.0,0.0,0.0,0.2532114389536067,0.23526155662935647,0.5115270044170368,0.10269357968106002,0.18374253357072967,0.7135638867482101
16084028,A,0.4131982475355969,0.2568455640744797,0.32995618838992335,1.0,0.0,0.0,0.4061981380905543,0.27893487380281184,0.3148669881066339,0.6273572292548905,0.11489939136033361,0.257743379384776
16084063,H,0.4131982475355969,0.2568455640744797,0.32995618838992335,1.0,0.0,0.0,0.49516450468251144,0.2412934342792692,0.26354206103821926,0.505830859893578,0.2936392754462009,0.20052986466022116
16084064,H,0.4131982475355969,0.2568455640744797,0.32995618838992335,1.0,0.0,0.0,0.25769929975961864,0.265488388511311,0.47681231172907046,0.07725785748701207,0.11370394387431523,0.8090381986386728
16084065,H,0.4131982475355969,0.2568455640744797,0.32995618838992335,1.0,0.0,0.0,0.7247993681477977,0.20349341450269376,0.07170721734950859,0.4108995985361724,0.5271119774490303,0.06198842401479719
16326603,A,0.4131982475355969,0.2568455640744797,0.32995618838992335,1.0,0.0,0.0,0.20927432781271607,0.19332871936584842,0.5973969528214355,0.14201677827691572,0.17916112669378462,0.6788220950292997
16326615,D,0.4131982475355969,0.2568455640744797,0.32995618838992335,1.0,0.0,0.0,0.23551971037829433,0.3521207718388071,0.4123595177828986,0.3982352697129507,0.113279363435613,0.48848536685143623
16326618,D,0.4131982475355969,0.2568455640744797,0.32995618838992335,1.0,0.0,0.0,0.23974483340674743,0.2953707743843574,0.4648843922088953,0.05789536756333251,0.03625050776051688,0.9058541246761507
16501803,A,0.4131982475355969,0.2568455640744797,0.32995618838992335,1.0,0.0,0.0,0.2593187598958172,0.27252338759057865,0.4681578525136042,0.36667941106078805,0.32674101428055163,0.30657957465866037
16501827,D,0.4131982475355969,0.2568455640744797,0.32995618838992335,1.0,0.0,0.0,0.4829936678561615,0.32368326641857964,0.19332306572525884,0.6549326636177489,0.10751630784015931,0.2375510285420918
16501828,A,0.4131982475355969,0.2568455640744797,0.32995618838992335,1.0,0.0,0.0,0.30061922070288744,0.3000195044880301,0.3993612748090824,0.5267413653759963,0.3609916198116544,0.11226701481234937
16501830,H,0.4131982475355969,0.2568455640744797,0.32995618838992335,1.0,0.0,0.0,0.30510060898036295,0.23889508497952228,0.45600430604011477,0.3172592536677032,0.19944204020635756,0.4832987061259393
16575261,D,0.4131982475355969,0.2568455640744797,0.32995618838992335,1.0,0.0,0.0,0.2883979099315975,0.30360798199520916,0.40799410807319336,0.12396080355686927,0.0833276297006946,0.7927115667424363
16575301,D,0.4131982475355969,0.2568455640744797,0.32995618838992335,1.0,0.0,0.0,0.5399354962241889,0.32470280449471284,0.1353616992810983,0.7445238299552519,0.13039843889816502,0.12507773114658322
16575759,H,0.4131982475355969,0.2568455640744797,0.32995618838992335,1.0,0.0,0.0,0.4090870984471878,0.29893707472138503,0.2919758268314271,0.41619630116861117,0.351700860693436,0.23210283813795282
16576063,H,0.4131982475355969,0.2568455640744797,0.32995618838992335,1.0,0.0,0.0,0.5167262808766998,0.25654237146323167,0.22673134766006858,0.4338481624067774,0.2819152932659781,0.28423654432724443
16576064,D,0.4131982475355969,0.2568455640744797,0.32995618838992335,1.0,0.0,0.0,0.30693377164200103,0.26169852662490606,0.4313677017330929,0.28481998113325935,0.3856282844148234,0.3295517344519173
16576065,H,0.4131982475355969,0.2568455640744797,0.32995618838992335,1.0,0.0,0.0,0.5410745621069998,0.29451306482863615,0.16441237306436407,0.64287619412195,0.11346864069798562,0.24365516518006453
16576066,A,0.4131982475355969,0.2568455640744797,0.32995618838992335,1.0,0.0,0.0,0.6366163207597498,0.21891807413717432,0.14446560510307574,0.8318409412621234,0.08752164886459933,0.0806374098732773
16576537,D,0.4131982475355969,0.2568455640744797,0.32995618838992335,1.0,0.0,0.0,0.4700986031986239,0.3285773063881244,0.2013240904132518,0.4954021209911149,0.3039310603233689,0.2006668186855163
16576546,H,0.4131982475355969,0.2568455640744797,0.32995618838992335,1.0,0.0,0.0,0.4631586200506321,0.2715747078630233,0.2652666720863445,0.8871038293863442,0.0807630776952692,0.03213309291838661
16576643,D,0.4131982475355969,0.2568455640744797,0.32995618838992335,1.0,0.0,0.0,0.6855683052769777,0.23488911653739847,0.07954257818562391,0.7433435427085487,0.128846303511354,0.1278101537800972
16576722,D,0.4131982475355969,0.2568455640744797,0.32995618838992335,1.0,0.0,0.0,0.5975226567966188,0.24396725392036223,0.15851008928301896,0.8681888380556386,0.08828281152311819,0.043528350421243166
16576869,A,0.4131982475355969,0.2568455640744797,0.32995618838992335,1.0,0.0,0.0,0.30516275968384804,0.22597710356671483,0.4688601367494371,0.04637459314003956,0.2568055512895642,0.6968198555703963
16576965,A,0.4131982475355969,0.2568455640744797,0.32995618838992335,1.0,0.0,0.0,0.47203699997006743,0.3020524694870733,0.22591053054285914,0.37052498118031996,0.19767846608855238,0.4317965527311276
16576967,H,0.4131982475355969,0.2568455640744797,0.32995618838992335,1.0,0.0,0.0,0.5256093921770758,0.23994720346417636,0.2344434043587479,0.5183296757796885,0.24779372536982824,0.2338765988504832
16576981,H,0.4131982475355969,0.2568455640744797,0.32995618838992335,1.0,0.0,0.0,0.5861782689142072,0.21270512871143987,0.2011166023743529,0.6939647661480562,0.11344239302928655,0.19259284082265724
16577191,H,0.4131982475355969,0.2568455640744797,0.32995618838992335,1.0,0.0,0.0,0.5582942693514585,0.2057818619557645,0.2359238686927769,0.8070448658014189,0.14142806893796486,0.05152706526061624
16577196,A,0.4131982475355969,0.2568455640744797,0.32995618838992335,1.0,0.0,0.0,0.49871141521777657,0.24784884236655538,0.2534397424156681,0.09539898580674289,0.07892620372792307,0.8256748104653341
16577210,H,0.4131982475355969,0.2568455640744797,0.32995618838992335,1.0,0.0,0.0,0.5055561121263161,0.24293866819923243,0.25150521967445144,0.5728423917928666,0.1440764686424263,0.28308113956470715
16875652,H,0.4131982475355969,0.2568455640744797,0.32995618838992335,1.0,0.0,0.0,0.4666863426684041,0.2680817153190513,0.2652319420125445,0.47212370976574547,0.24143848371729154,0.28643780651696304
16875737,H,0.4131982475355969,0.2568455640744797,0.32995618838992335,1.0,0.0,0.0,0.5099217809833821,0.3086426831903721,0.18143553582624578,0.42064179493285253,0.34479540053282715,0.23456280453432038
16875831,A,0.4131982475355969,0.2568455640744797,0.32995618838992335,1.0,0.0,0.0,0.3150692396320093,0.3301456715112866,0.35478508885670407,0.3098438158268225,0.4270362028231302,0.2631199813500472
16876316,D,0.4131982475355969,0.2568455640744797,0.32995618838992335,1.0,0.0,0.0,0.4763416716778961,0.2297386107808855,0.29391971754121843,0.22339272481751027,0.04793277281419618,0.7286745023682936
16876321,D,0.4131982475355969,0.2568455640744797,0.32995618838992335,1.0,0.0,0.0,0.4127924262471881,0.3306674128815215,0.25654016087129045,0.32284435064808864,0.40713850630245674,0.2700171430494546
16876434,D,0.4131982475355969,0.2568455640744797,0.32995618838992335,1.0,0.0,0.0,0.31462769088608344,0.29228864963341294,0.39308365948050356,0.1410661941526595,0.3291408967179654,0.529792909129375
16876441,H,0.4131982475355969,0.2568455640744797,0.32995618838992335,1.0,0.0,0.0,0.4018689952032956,0.3086761816875448,0.28945482310915954,0.2674166996751829,0.5000575284563487,0.23252577186846857
16876448,H,0.4131982475355969,0.2568455640744797,0.32995618838992335,1.0,0.0,0.0,0.4742762174578785,0.21740775460197295,0.30831602794014845,0.46777012708992577,0.040334722379799785,0.4918951505302744
16876453,D,0.4131982475355969,0.2568455640744797,0.32995618838992335,1.0,0.0,0.0,0.4894967261388012,0.28768235499302836,0.22282091886817046,0.569442437581158,0.2772237449606915,0.15333381745815053
16876570,A,0.4131982475355969,0.2568455640744797,0.32995618838992335,1.0,0.0,0.0,0.2740466874844292,0.2531267117455993,0.47282660076997163,0.2827253402243931,0.1644973947167113,0.5527772650588957
16876582,A,0.4131982475355969,0.2568455640744797,0.32995618838992335,1.0,0.0,0.0,0.1713033361589189,0.21878304605198118,0.6099136177890999,0.038808082534897356,0.31799334434211673,0.643198573122986
16876591,D,0.4131982475355969,0.2568455640744797,0.32995618838992335,1.0,0.0,0.0,0.26912310859099997,0.23100437146838207,0.4998725199406179,0.3017780150910196,0.28194421640484285,0.41627776850413745
16876593,D,0.4131982475355969,0.2568455640744797,0.32995618838992335,1.0,0.0,0.0,0.31895837797191323,0.2542382799459021,0.42680334208218473,0.15336508721279316,0.1722078895134198,0.674427023273787
16876702,H,0.4131982475355969,0.2568455640744797,0.32995618838992335,1.0,0.0,0.0,0.5268393935724599,0.27897142263537017,0.19418918379216996,0.6697726931252108,0.13520301526965411,0.1950242916051351
16876854,H,0.4131982475355969,0.2568455640744797,0.32995618838992335,1.0,0.0,0.0,0.3398555097606142,0.2487440047827312,0.4114004854566546,0.13213123109769015,0.09154108314199963,0.7763276857603101
16876953,D,0.4131982475355969,0.2568455640744797,0.32995618838992335,1.0,0.0,0.0,0.5115053620734455,0.26279493292069783,0.22569970500585657,0.4392224160440592,0.3041143255135729,0.25666325844236787
16876961,H,0.4131982475355969,0.2568455640744797,0.32995618838992335,1.0,0.0,0.0,0.621891872820236,0.20064511232407742,0.17746301485568658,0.8007105396172065,0.12504624847721774,0.07424321190557565
16876975,H,0.4131982475355969,0.2568455640744797,0.32995618838992335,1.0,0.0,0.0,0.13077792000053592,0.17362281094188714,0.695599269057577,0.09073217795307399,0.1157777398733098,0.7934900821736163
16876986,H,0.4131982475355969,0.2568455640744797,0.32995618838992335,1.0,0.0,0.0,0.7251861173290114,0.17845256182565736,0.09636132084533125,0.44838650839570443,0.4400206798646987,0.11159281173959691
16877007,H,0.4131982475355969,0.2568455640744797,0.32995618838992335,1.0,0.0,0.0,0.43958745048768566,0.351480026376478,0.20893252313583643,0.15685965139367367,0.7780618934851034,0.06507845512122303
16877054,H,0.4131982475355969,0.2568455640744797,0.32995618838992335,1.0,0.0,0.0,0.640024073094923,0.19130429605248148,0.16867163085259546,0.9512026248600188,0.026281851618447503,0.022515523521533617
16877106,A,0.4131982475355969,0.2568455640744797,0.32995618838992335,1.0,0.0,0.0,0.16441285833531152,0.25445965305111895,0.5811274886135696,0.0637215693462007,0.2619752633047629,0.6743031673490364
16877107,H,0.4131982475355969,0.2568455640744797,0.32995618838992335,1.0,0.0,0.0,0.6019216931286114,0.17495017000005966,0.22312813687132893,0.6401669989816797,0.03185948552100928,0.327973515497311
16877109,H,0.4131982475355969,0.2568455640744797,0.32995618838992335,1.0,0.0,0.0,0.5948798296983824,0.2390804741734199,0.16603969612819772,0.7716920613302055,0.08789317820311159,0.14041476046668286
17122689,A,0.4131982475355969,0.2568455640744797,0.32995618838992335,1.0,0.0,0.0,0.1950555610150731,0.27619104628994073,0.5287533926949862,0.08253727369462166,0.2550735585322414,0.6623891677731369
17122722,D,0.4131982475355969,0.2568455640744797,0.32995618838992335,1.0,0.0,0.0,0.434145391925963,0.25401096836130344,0.31184363971273354,0.31208570491573195,0.28686212049248777,0.40105217459178033
17122730,H,0.4131982475355969,0.2568455640744797,0.32995618838992335,1.0,0.0,0.0,0.5204993377325826,0.24393317325806335,0.23556748900935406,0.7981474595547785,0.12224349202280675,0.07960904842241476
17154654,D,0.4131982475355969,0.2568455640744797,0.32995618838992335,1.0,0.0,0.0,0.27664386482961417,0.2906911867137896,0.4326649484565963,0.17616758313853098,0.330123946525225,0.49370847033624415
17154683,D,0.4131982475355969,0.2568455640744797,0.32995618838992335,1.0,0.0,0.0,0.19147895077159927,0.25687783721324,0.5516432120151606,0.09783810331425402,0.37472020668010314,0.5274416900056428
17154703,D,0.4131982475355969,0.2568455640744797,0.32995618838992335,1.0,0.0,0.0,0.6183165903674508,0.2275278950302578,0.15415551460229138,0.37518103199837827,0.3988111811325269,0.22600778686909473
17154774,D,0.4131982475355969,0.2568455640744797,0.32995618838992335,1.0,0.0,0.0,0.5828062792723147,0.2471698302540545,0.17002389047363076,0.7979805789674731,0.10643729955075885,0.09558212148176806
17154789,H,0.4131982475355969,0.2568455640744797,0.32995618838992335,1.0,0.0,0.0,0.514607341269151,0.24392980777915588,0.24146285095169312,0.12381417194247421,0.16384424677323414,0.7123415812842916
17154829,A,0.4131982475355969,0.2568455640744797,0.32995618838992335,1.0,0.0,0.0,0.33955514747454907,0.18812450156409158,0.4723203509613592,0.20808148975705615,0.41435630972852716,0.37756220051441663
17201865,D,0.4131982475355969,0.2568455640744797,0.32995618838992335,1.0,0.0,0.0,0.183657429334985,0.29730996554387423,0.5190326051211408,0.24835084722568365,0.16372511901120063,0.5879240337631156
17201866,H,0.4131982475355969,0.2568455640744797,0.32995618838992335,1.0,0.0,0.0,0.36921209703731883,0.3413025542942714,0.28948534866840975,0.6767511317639314,0.16499357989876848,0.15825528833730015
17201906,H,0.4131982475355969,0.2568455640744797,0.32995618838992335,1.0,0.0,0.0,0.5442712391706123,0.26841071183995224,0.18731804898943552,0.5579431134616144,0.18640265600318812,0.2556542305351975
17201926,A,0.4131982475355969,0.2568455640744797,0.32995618838992335,1.0,0.0,0.0,0.3601747105674743,0.30135755146791093,0.33846773796461477,0.6900122391325406,0.23728826902711386,0.07269949184034555
17201927,D,0.4131982475355969,0.2568455640744797,0.32995618838992335,1.0,0.0,0.0,0.33461234831336933,0.26549070583108364,0.399896945855547,0.7016067772898766,0.1498274997602068,0.14856572294991657
17201929,H,0.4131982475355969,0.2568455640744797,0.32995618838992335,1.0,0.0,0.0,0.5625736794976521,0.21639399411411483,0.221032326388233,0.5619022626758022,0.18917364157373728,0.24892409575046046
17201930,H,0.4131982475355969,0.2568455640744797,0.32995618838992335,1.0,0.0,0.0,0.6068729042910653,0.20193344752696055,0.1911936481819742,0.830390461466898,0.06622553807339629,0.1033840004597057
17201965,A,0.4131982475355969,0.2568455640744797,0.32995618838992335,1.0,0.0,0.0,0.08793873202600436,0.2664944296719271,0.6455668383020685,0.04832113718069519,0.04856371829851955,0.9031151445207855
17201981,H,0.4131982475355969,0.2568455640744797,0.32995618838992335,1.0,0.0,0.0,0.20726581086651363,0.2328919478761123,0.5598422412573741,0.26391407927038446,0.22918366275434704,0.5069022579752686
17260012,H,0.4131982475355969,0.2568455640744797,0.32995618838992335,1.0,0.0,0.0,0.3546539678337344,0.31494468264115283,0.3304013495251128,0.10807603539830517,0.5942916315107835,0.29763233309091136
17260029,H,0.4131982475355969,0.2568455640744797,0.32995618838992335,1.0,0.0,0.0,0.4525732542494018,0.2935773824237134,0.2538493633268849,0.5510922080659951,0.13029705429785618,0.3186107376361488
17260034,H,0.4131982475355969,0.2568455640744797,0.32995618838992335,1.0,0.0,0.0,0.43006562416170085,0.28391938035600695,0.2860149954822922,0.375293685087272,0.25414469496820224,0.3705616199445257
17260043,H,0.4131982475355969,0.2568455640744797,0.32995618838992335,1.0,0.0,0.0,0.597623092263787,0.19968960217162843,0.20268730556458456,0.6877490673681992,0.23268249221921572,0.0795684404125851
17260050,H,0.4131982475355969,0.2568455640744797,0.32995618838992335,1.0,0.0,0.0,0.2974471080077364,0.2817336424282422,0.4208192495640214,0.21957848962638987,0.39088528405972794,0.38953622631388224
17285604,H,0.4131982475355969,0.2568455640744797,0.32995618838992335,1.0,0.0,0.0,0.36402992384297295,0.27355069018086287,0.36241938597616413,0.356534683031538,0.36090885635562886,0.2825564606128332
17285623,H,0.4131982475355969,0.2568455640744797,0.32995618838992335,1.0,0.0,0.0,0.5332483157984036,0.22806012792830918,0.2386915562732872,0.42926947802556437,0.34443465174228344,0.22629587023215225
17285642,A,0.4131982475355969,0.2568455640744797,0.32995618838992335,1.0,0.0,0.0,0.08002177651572416,0.18824687251372774,0.7317313509705482,0.01795666106816872,0.03595398431117448,0.9460893546206567
17356967,H,0.4131982475355969,0.2568455640744797,0.32995618838992335,1.0,0.0,0.0,0.10383720180153715,0.219343249314705,0.676819548883758,0.16546965581279613,0.09549526161826564,0.7390350825689384
17357018,H,0.4131982475355969,0.2568455640744797,0.32995618838992335,1.0,0.0,0.0,0.5552061036719208,0.3007455953181364,0.14404830100994276,0.6672831404189271,0.07936148671940074,0.25335537286167215
17357451,H,0.4131982475355969,0.2568455640744797,0.32995618838992335,1.0,0.0,0.0,0.46995685551181116,0.29837315890316185,0.23166998558502702,0.5886392332709999,0.19153971722545904,0.21982104950354117
17357672,H,0.4131982475355969,0.2568455640744797,0.32995618838992335,1.0,0.0,0.0,0.4849377090558713,0.23394715346859912,0.2811151374755295,0.5687241488038517,0.28717078157965037,0.14410506961649794
17357673,D,0.4131982475355969,0.2568455640744797,0.32995618838992335,1.0,0.0,0.0,0.43120435817577574,0.31548623994259867,0.25330940188162565,0.5105649763658038,0.21096557387510034,0.27846944975909577
17357674,H,0.4131982475355969,0.2568455640744797,0.32995618838992335,1.0,0.0,0.0,0.39874943421567377,0.2691662365003153,0.332084329284011,0.45940595485810876,0.2282797009955744,0.3123143441463168
17357675,A,0.4131982475355969,0.2568455640744797,0.32995618838992335,1.0,0.0,0.0,0.2204532743990095,0.18646572815483367,0.5930809974461567,0.5383504057238754,0.17564183457994298,0.28600775969618164
17357677,D,0.4131982475355969,0.2568455640744797,0.32995618838992335,1.0,0.0,0.0,0.3577763122124065,0.28384020763126466,0.3583834801563288,0.23684255308998636,0.37930561877979513,0.38385182813021834
17357951,H,0.4131982475355969,0.2568455640744797,0.32995618838992335,1.0,0.0,0.0,0.343613715428687,0.2633438484767747,0.3930424360945382,0.653747379130209,0.19621877824869507,0.15003384262109595
17357956,H,0.4131982475355969,0.2568455640744797,0.32995618838992335,1.0,0.0,0.0,0.6936910546257377,0.15984364830201908,0.14646529707224332,0.7266777004441025,0.20756688507548174,0.06575541448041575
17358202,H,0.4131982475355969,0.2568455640744797,0.32995618838992335,1.0,0.0,0.0,0.28471561602296863,0.34745884865323007,0.3678255353238014,0.22969939696750508,0.4864556582880589,0.28384494474443595
17358297,A,0.4131982475355969,0.2568455640744797,0.32995618838992335,1.0,0.0,0.0,0.3464006882853831,0.2563901614549128,0.397209150259704,0.2273841269816864,0.15269410662998126,0.6199217663883323
17358415,H,0.4131982475355969,0.2568455640744797,0.32995618838992335,1.0,0.0,0.0,0.6341708031901749,0.2298149791632558,0.1360142176465693,0.888590098824431,0.07638455302238104,0.03502534815318804
17358510,A,0.4131982475355969,0.2568455640744797,0.32995618838992335,1.0,0.0,0.0,0.5784501127334292,0.2549759637927959,0.16657392347377492,0.8753772464183504,0.05905109102289104,0.06557166255875864
17358513,A,0.4131982475355969,0.2568455640744797,0.32995618838992335,1.0,0.0,0.0,0.4086695913986188,0.28422263409709947,0.30710777450428167,0.09818996842674094,0.2997657581432632,0.6020442734299959
17358519,D,0.4131982475355969,0.2568455640744797,0.32995618838992335,1.0,0.0,0.0,0.4661514756470914,0.24609704972723428,0.2877514746256743,0.40088938497603915,0.17850749333477187,0.4206031216891889
17358679,A,0.4131982475355969,0.2568455640744797,0.32995618838992335,1.0,0.0,0.0,0.2606606903167588,0.2838821230563488,0.45545718662689244,0.2744371146770006,0.30225947547980847,0.42330340984319087
17358683,H,0.4131982475355969,0.2568455640744797,0.32995618838992335,1.0,0.0,0.0,0.7185650388285034,0.20114443911438265,0.08029052205711393,0.3978583064795184,0.40180986243878386,0.20033183108169766
17358691,A,0.4131982475355969,0.2568455640744797,0.32995618838992335,1.0,0.0,0.0,0.42367244538479765,0.23961118815950255,0.3367163664556998,0.1130588611592549,0.01795053926542586,0.8689905995753191
17660492,A,0.4131982475355969,0.2568455640744797,0.32995618838992335,1.0,0.0,0.0,0.6232682036802999,0.20185655518136875,0.17487524113833133,0.5785582249031552,0.2016906517741601,0.21975112332268468
17660615,A,0.4131982475355969,0.2568455640744797,0.32995618838992335,1.0,0.0,0.0,0.13586915001729574,0.23104194157164248,0.6330889084110618,0.19814159585175908,0.5528449677607634,0.24901343638747758
17660724,D,0.4131982475355969,0.2568455640744797,0.32995618838992335,1.0,0.0,0.0,0.5559991846632939,0.3169310446738469,0.1270697706628593,0.2839212300344388,0.5662722875867875,0.14980648237877375
17661185,H,0.4131982475355969,0.2568455640744797,0.32995618838992335,1.0,0.0,0.0,0.3658470150182905,0.276698624345843,0.3574543606358665,0.31232043663164494,0.25213303293955514,0.4355465304287998
17661240,H,0.4131982475355969,0.2568455640744797,0.32995618838992335,1.0,0.0,0.0,0.24823378480734934,0.27559154679769027,0.4761746683949604,0.197522189003984,0.22092595071505666,0.5815518602809594
17661249,A,0.4131982475355969,0.2568455640744797,0.32995618838992335,1.0,0.0,0.0,0.3101164454203682,0.27064148194141113,0.4192420726382207,0.3556196229911936,0.20692952175486035,0.43745085525394595
17661258,D,0.4131982475355969,0.2568455640744797,0.32995618838992335,1.0,0.0,0.0,0.12912687592780067,0.20987532833618686,0.6609977957360126,0.24014874196865488,0.18629991550040537,0.5735513425309396
17661269,A,0.4131982475355969,0.2568455640744797,0.32995618838992335,1.0,0.0,0.0,0.3129238491312468,0.29646085504621783,0.39061529582253535,0.5932600323609842,0.22825704568293967,0.17848292195607604
17661314,A,0.4131982475355969,0.2568455640744797,0.32995618838992335,1.0,0.0,0.0,0.5524244605841531,0.2682804994765749,0.17929503993927207,0.6221703465103343,0.26565951357990286,0.1121701399097629
17661320,H,0.4131982475355969,0.2568455640744797,0.32995618838992335,1.0,0.0,0.0,0.4643717224388923,0.28790059192082357,0.24772768564028416,0.2473931800243579,0.5515072690292077,0.20109955094643447
17661322,D,0.4131982475355969,0.2568455640744797,0.32995618838992335,1.0,0.0,0.0,0.5035143313473112,0.2572008947055983,0.2392847739470905,0.3673419942460789,0.20011938898294884,0.4325386167709723
17661324,D,0.4131982475355969,0.2568455640744797,0.32995618838992335,1.0,0.0,0.0,0.2628919458365236,0.29826782986750155,0.4388402242959749,0.39157862064662863,0.27773821562470036,0.33068316372867107
17661551,H,0.4131982475355969,0.2568455640744797,0.32995618838992335,1.0,0.0,0.0,0.1270276344451833,0.2653117604523667,0.60766060510245,0.1659405739050951,0.15473517093740527,0.6793242551574996
17661696,A,0.4131982475355969,0.2568455640744797,0.32995618838992335,1.0,0.0,0.0,0.41606995280278597,0.26682062239698046,0.3171094248002336,0.6508517282419297,0.2111465228300502,0.13800174892802006
17661817,D,0.4131982475355969,0.2568455640744797,0.32995618838992335,1.0,0.0,0.0,0.42391705072571,0.25952431546992355,0.31655863380436644,0.28006872544350797,0.1054765019956138,0.6144547725608782
17661825,H,0.4131982475355969,0.2568455640744797,0.32995618838992335,1.0,0.0,0.0,0.5504639198439989,0.28265810440098127,0.16687797575501984,0.20122058658724837,0.24728880219577679,0.5514906112169748
17661831,A,0.4131982475355969,0.2568455640744797,0.32995618838992335,1.0,0.0,0.0,0.4164488664170261,0.21512047765850842,0.3684306559244654,0.2718276574929431,0.05785622711150174,0.6703161153955552
17661851,A,0.4131982475355969,0.2568455640744797,0.32995618838992335,1.0,0.0,0.0,0.3364760719544237,0.19942253168227228,0.464101396363304,0.078944376820765,0.14929227441336837,0.7717633487658667
17661879,D,0.4131982475355969,0.2568455640744797,0.32995618838992335,1.0,0.0,0.0,0.35913444247233595,0.31359546150990375,0.32727009601776036,0.25071457257760976,0.5951397839026437,0.1541456435197466
17661880,H,0.4131982475355969,0.2568455640744797,0.32995618838992335,1.0,0.0,0.0,0.5766916693155737,0.25432208870785583,0.16898624197657042,0.795616865787221,0.16583071934489643,0.038552414867882676
17661953,A,0.4131982475355969,0.2568455640744797,0.32995618838992335,1.0,0.0,0.0,0.23446726747567992,0.23946129019523416,0.5260714423290859,0.1896388647121691,0.10235173246956816,0.7080094028182626
17661954,H,0.4131982475355969,0.2568455640744797,0.32995618838992335,1.0,0.0,0.0,0.3738580893759096,0.27280770332388143,0.353334207300209,0.3610223386870804,0.34149859713702896,0.2974790641758907
17661955,H,0.4131982475355969,0.2568455640744797,0.32995618838992335,1.0,0.0,0.0,0.5821663788184529,0.2045585010124849,0.2132751201690622,0.7078963206922233,0.1546165603649349,0.13748711894284174
17910566,A,0.4131982475355969,0.2568455640744797,0.32995618838992335,1.0,0.0,0.0,0.42568686048480353,0.30529861440421546,0.26901452511098095,0.20791096282635244,0.15542971905405006,0.6366593181195976
17910619,H,0.4131982475355969,0.2568455640744797,0.32995618838992335,1.0,0.0,0.0,0.5158087576691299,0.25972101349624893,0.22447022883462123,0.8602234135204558,0.08804717628195813,0.05172941019758609
17910630,D,0.4131982475355969,0.2568455640744797,0.32995618838992335,1.0,0.0,0.0,0.4036160729001384,0.3508588900329698,0.24552503706689177,0.2215447092503619,0.09504097204739255,0.6834143187022456
17910632,H,0.4131982475355969,0.2568455640744797,0.32995618838992335,1.0,0.0,0.0,0.48654797268724465,0.28136617902711986,0.2320858482856356,0.7459909931121409,0.10569100881949273,0.14831799806836637
18103949,H,0.4131982475355969,0.2568455640744797,0.32995618838992335,1.0,0.0,0.0,0.5307797043962128,0.2449512796218631,0.22426901598192409,0.5734050797476268,0.15186809978798835,0.27472682046438485
18103980,D,0.4131982475355969,0.2568455640744797,0.32995618838992335,1.0,0.0,0.0,0.42165496071806663,0.3153231722333831,0.26302186704855024,0.562253389112351,0.148420475259815,0.28932613562783405
18103984,H,0.4131982475355969,0.2568455640744797,0.32995618838992335,1.0,0.0,0.0,0.5788148852294966,0.20842290129076363,0.2127622134797397,0.6422331656697852,0.23199522130583256,0.12577161302438225
18170805,A,0.4131982475355969,0.2568455640744797,0.32995618838992335,1.0,0.0,0.0,0.09214166162753029,0.17199902730286262,0.7358593110696071,0.07991422462201928,0.020868799797654956,0.8992169755803257
18170862,H,0.4131982475355969,0.2568455640744797,0.32995618838992335,1.0,0.0,0.0,0.40652501193873686,0.3588224280758076,0.2346525599854556,0.652801635936455,0.16136615312600128,0.18583221093754365
18171359,H,0.4131982475355969,0.2568455640744797,0.32995618838992335,1.0,0.0,0.0,0.647384181792001,0.1924892051495692,0.16012661305842985,0.5964011805167736,0.27241647739723146,0.13118234208599494
18171575,H,0.4131982475355969,0.2568455640744797,0.32995618838992335,1.0,0.0,0.0,0.7353518108296128,0.15267927209800589,0.11196891707238142,0.7715496757751535,0.19609676507583518,0.032353559149011286
18171576,H,0.4131982475355969,0.2568455640744797,0.32995618838992335,1.0,0.0,0.0,0.5394728925678075,0.27229902262123257,0.1882280848109599,0.5184857401544581,0.2392343461183677,0.24227991372717422
18171579,H,0.4131982475355969,0.2568455640744797,0.32995618838992335,1.0,0.0,0.0,0.5319156350948995,0.3170791309051803,0.15100523399992027,0.7609481008868065,0.15464397254954088,0.08440792656365272
18171581,H,0.4131982475355969,0.2568455640744797,0.32995618838992335,1.0,0.0,0.0,0.407492457044491,0.2965595534807845,0.29594798947472445,0.6358400229028809,0.27427905239436345,0.08988092470275569
18172050,A,0.4131982475355969,0.2568455640744797,0.32995618838992335,1.0,0.0,0.0,0.1430974155509313,0.2359480296486936,0.620954554800375,0.2740209659298416,0.050081756174256635,0.6758972778959018
18172054,D,0.4131982475355969,0.2568455640744797,0.32995618838992335,1.0,0.0,0.0,0.5684427329659291,0.238791685896584,0.19276558113748699,0.5283603098469203,0.1695367765911509,0.3021029135619288
18172057,H,0.4131982475355969,0.2568455640744797,0.32995618838992335,1.0,0.0,0.0,0.3308679573735412,0.24779247142413957,0.42133957120231935,0.27898963443007435,0.46854822681354524,0.25246213875638035
18172059,H,0.4131982475355969,0.2568455640744797,0.32995618838992335,1.0,0.0,0.0,0.4486766773034035,0.2671560459980182,0.2841672766985782,0.4833126280736991,0.1838772511048738,0.33281012082142714
18172066,H,0.4131982475355969,0.2568455640744797,0.32995618838992335,1.0,0.0,0.0,0.5957577741251591,0.2045194416612917,0.1997227842135492,0.21267434521429074,0.09462234001661403,0.6927033147690953
18172152,H,0.4131982475355969,0.2568455640744797,0.32995618838992335,1.0,0.0,0.0,0.1431890982511082,0.3116492071594631,0.5451616945894288,0.28422634795563295,0.1526273744899179,0.5631462775544492
18172242,H,0.4131982475355969,0.2568455640744797,0.32995618838992335,1.0,0.0,0.0,0.7600121672276797,0.14937409476236801,0.09061373800995214,0.9597013704743079,0.004787507645972716,0.03551112187971941
18172357,A,0.4131982475355969,0.2568455640744797,0.32995618838992335,1.0,0.0,0.0,0.2257239341404927,0.22650151393266227,0.5477745519268451,0.0794063131284251,0.4860723384526004,0.43452134841897455
18172416,A,0.4131982475355969,0.2568455640744797,0.32995618838992335,1.0,0.0,0.0,0.504880318986083,0.24035884895817775,0.25476083205573924,0.2655843578880966,0.22484684495509205,0.5095687971568114
18172417,A,0.4131982475355969,0.2568455640744797,0.32995618838992335,1.0,0.0,0.0,0.3147316567836309,0.31573812967068104,0.3695302135456881,0.21594196838552437,0.33679527273381044,0.44726275888066513
18172432,D,0.4131982475355969,0.2568455640744797,0.32995618838992335,1.0,0.0,0.0,0.43921625885116317,0.24119806760553067,0.31958567354330614,0.40448053344904816,0.16370163321065218,0.4318178333402997
18172574,H,0.4131982475355969,0.2568455640744797,0.32995618838992335,1.0,0.0,0.0,0.6371362130627246,0.2341169737291124,0.12874681320816309,0.9107047535511966,0.06771339310939248,0.021581853339410793
18172576,A,0.4131982475355969,0.2568455640744797,0.32995618838992335,1.0,0.0,0.0,0.5859461440535705,0.21375538161036556,0.2002984743360639,0.8120685913536592,0.09881325838430761,0.08911815026203324
18172578,A,0.4131982475355969,0.2568455640744797,0.32995618838992335,1.0,0.0,0.0,0.1841755536612291,0.2390771065779961,0.5767473397607749,0.19933342580124533,0.12457219030769986,0.6760943838910548
18172585,D,0.4131982475355969,0.2568455640744797,0.32995618838992335,1.0,0.0,0.0,0.19512649385107247,0.20928604897975636,0.5955874571691712,0.03629148674427308,0.15515258297944978,0.808555930276277
18458989,A,0.4131982475355969,0.2568455640744797,0.32995618838992335,1.0,0.0,0.0,0.24831425235322968,0.2566294987486683,0.49505624889810196,0.06768958939649808,0.24738748707766525,0.6849229235258366
18459078,H,0.4131982475355969,0.2568455640744797,0.32995618838992335,1.0,0.0,0.0,0.38022507107836223,0.3148888154339836,0.3048861134876542,0.31269947430775497,0.4861597848968231,0.2011407407954219
18459199,H,0.4131982475355969,0.2568455640744797,0.32995618838992335,1.0,0.0,0.0,0.46917695796209,0.3005328058568473,0.23029023618106273,0.6547407662196117,0.19956737399586455,0.14569185978452362
18459617,D,0.4131982475355969,0.2568455640744797,0.32995618838992335,1.0,0.0,0.0,0.15969711808102596,0.2534886852136759,0.5868141967052982,0.19659240146230747,0.5087920620974696,0.29461553644022287
18459620,A,0.4131982475355969,0.2568455640744797,0.32995618838992335,1.0,0.0,0.0,0.33920195975773293,0.284899704629392,0.37589833561287495,0.3241933066929293,0.24073786074465475,0.43506883256241596
18459681,H,0.4131982475355969,0.2568455640744797,0.32995618838992335,1.0,0.0,0.0,0.597405581440348,0.2592222855772344,0.14337213298241752,0.8412093551340661,0.11214127847003477,0.046649366395899214
18459684,D,0.4131982475355969,0.2568455640744797,0.32995618838992335,1.0,0.0,0.0,0.3574941587918983,0.28350495521235725,0.3590008859957445,0.44753855447762153,0.3092242853064308,0.2432371602159476
18459693,D,0.4131982475355969,0.2568455640744797,0.32995618838992335,1.0,0.0,0.0,0.3197344054926499,0.3265670988827577,0.35369849562459243,0.3613664407204139,0.45558858620220094,0.18304497307738513
18459697,H,0.4131982475355969,0.2568455640744797,0.32995618838992335,1.0,0.0,0.0,0.5542682447706844,0.2442935187030012,0.2014382365263144,0.5944623570110532,0.2047353520169443,0.20080229097200247
18459732,H,0.4131982475355969,0.2568455640744797,0.32995618838992335,1.0,0.0,0.0,0.7345121308155735,0.18482210686806277,0.08066576231636363,0.8518728384381455,0.09607248978657595,0.05205467177527852
18459810,H,0.4131982475355969,0.2568455640744797,0.32995618838992335,1.0,0.0,0.0,0.5894743906313163,0.20021227400066535,0.21031333536801824,0.41731370160910713,0.23996555673432998,0.3427207416565629
18459932,D,0.4131982475355969,0.2568455640744797,0.32995618838992335,1.0,0.0,0.0,0.721515131484666,0.18323715995994075,0.09524770855539329,0.6624033039067438,0.24470711334917875,0.09288958274407735
18460051,A,0.4131982475355969,0.2568455640744797,0.32995618838992335,1.0,0.0,0.0,0.5918150883325133,0.21219068000007252,0.1959942316674142,0.5874677271674372,0.14623366882901007,0.2662986040035527
18460054,H,0.4131982475355969,0.2568455640744797,0.32995618838992335,1.0,0.0,0.0,0.43565229275412265,0.24568792401276612,0.31865978323311117,0.5496482620059632,0.2507607514122992,0.19959098658173768
18460060,A,0.4131982475355969,0.2568455640744797,0.32995618838992335,1.0,0.0,0.0,0.23775407301140639,0.3009547151937497,0.4612912117948439,0.15534873138597205,0.1893831159642339,0.655268152649794
18460087,A,0.4131982475355969,0.2568455640744797,0.32995618838992335,1.0,0.0,0.0,0.6536912494276779,0.20492303502068004,0.14138571555164214,0.6380233449515758,0.2681519606131152,0.09382469443530911
18460099,H,0.4131982475355969,0.2568455640744797,0.32995618838992335,1.0,0.0,0.0,0.4387919602071677,0.2682356920587189,0.2929723477341134,0.6863321152068524,0.23840305078129173,0.07526483401185571
18460122,D,0.4131982475355969,0.2568455640744797,0.32995618838992335,1.0,0.0,0.0,0.3675048711343733,0.2717864707524044,0.36070865811322234,0.3534536479383059,0.10693902381764078,0.5396073282440533
18460136,H,0.4131982475355969,0.2568455640744797,0.32995618838992335,1.0,0.0,0.0,0.19070088920578035,0.23158034854701123,0.5777187622472084,0.07754569650339099,0.29223241229995817,0.6302218911966508
18460137,H,0.4131982475355969,0.2568455640744797,0.32995618838992335,1.0,0.0,0.0,0.3702824889067152,0.29344232767359774,0.336275183419687,0.0643302969482356,0.7496449298563842,0.18602477319538008
18460158,A,0.4131982475355969,0.2568455640744797,0.32995618838992335,1.0,0.0,0.0,0.4231319482487919,0.26831387971252463,0.3085541720386834,0.5042729232205359,0.4136150891068029,0.08211198767266131
18707042,A,0.4131982475355969,0.2568455640744797,0.32995618838992335,1.0,0.0,0.0,0.232526046972005,0.28497858206872934,0.4824953709592656,0.02549707232190452,0.40965609087573035,0.5648468368023651
18707071,A,0.4131982475355969,0.2568455640744797,0.32995618838992335,1.0,0.0,0.0,0.3627868670892447,0.29282236177354404,0.3443907711372112,0.12493029146957572,0.5456990893131508,0.32937061921727356
18707078,A,0.4131982475355969,0.2568455640744797,0.32995618838992335,1.0,0.0,0.0,0.2857395586347726,0.37118438872402,0.3430760526412074,0.17834792761487087,0.23308609373257386,0.5885659786525552
18855601,H,0.4131982475355969,0.2568455640744797,0.32995618838992335,1.0,0.0,0.0,0.5121266874409016,0.2681499928326588,0.2197233197264396,0.3645037020611738,0.49464046982276544,0.14085582811606087
18855621,D,0.4131982475355969,0.2568455640744797,0.32995618838992335,1.0,0.0,0.0,0.6178388219120561,0.20172361788236715,0.18043756020557686,0.7292253957605288,0.1673470512992704,0.10342755294020078
18855632,H,0.4131982475355969,0.2568455640744797,0.32995618838992335,1.0,0.0,0.0,0.27106149062242957,0.305051373752238,0.4238871356253323,0.20063452956266076,0.21421186181739155,0.5851536086199476
18855635,D,0.4131982475355969,0.2568455640744797,0.32995618838992335,1.0,0.0,0.0,0.4635561594114292,0.30936356997847325,0.22708027061009756,0.2771264962467553,0.5002705630001677,0.22260294075307704
18918084,D,0.4131982475355969,0.2568455640744797,0.32995618838992335,1.0,0.0,0.0,0.5227242855626577,0.31831829429657105,0.15895742014077124,0.5848640043393186,0.3141637332993332,0.1009722623613481
18918557,H,0.4131982475355969,0.2568455640744797,0.32995618838992335,1.0,0.0,0.0,0.3513458814009714,0.26292098101810557,0.38573313758092304,0.3056315775728867,0.30923228248140766,0.38513613994570567
18918558,D,0.4131982475355969,0.2568455640744797,0.32995618838992335,1.0,0.0,0.0,0.5693164465516831,0.2553204771900745,0.17536307625824243,0.5776856744152097,0.3457569592696895,0.07655736631510075
18918674,H,0.4131982475355969,0.2568455640744797,0.32995618838992335,1.0,0.0,0.0,0.6699210791043682,0.24685043306572385,0.08322848782990791,0.670071171193256,0.2271404688256728,0.10278835998107114
18918678,A,0.4131982475355969,0.2568455640744797,0.32995618838992335,1.0,0.0,0.0,0.4511042112813137,0.27086136922482107,0.27803441949386515,0.3366334609026412,0.24105110044430555,0.4223154386530533
18918679,A,0.4131982475355969,0.2568455640744797,0.32995618838992335,1.0,0.0,0.0,0.44761754829842326,0.25307559989513817,0.29930685180643857,0.8967033076687908,0.05926741960280026,0.04402927272840894
18918680,A,0.4131982475355969,0.2568455640744797,0.32995618838992335,1.0,0.0,0.0,0.27030708453173097,0.2959766434209774,0.43371627204729174,0.18354360113990967,0.3826233977342731,0.4338330011258173
18918682,A,0.4131982475355969,0.2568455640744797,0.32995618838992335,1.0,0.0,0.0,0.1068459805957008,0.16187208409461487,0.7312819353096844,0.22528667316853393,0.0786876174605437,0.6960257093709225
18919118,H,0.4131982475355969,0.2568455640744797,0.32995618838992335,1.0,0.0,0.0,0.5007907990844896,0.2790471370376012,0.22016206387790915,0.5690186780888331,0.16950392194377437,0.2614773999673925
18919121,H,0.4131982475355969,0.2568455640744797,0.32995618838992335,1.0,0.0,0.0,0.6904121157619871,0.18317359949385467,0.12641428474415817,0.8027444819728234,0.10733479792756698,0.08992072009960954
18919124,D,0.4131982475355969,0.2568455640744797,0.32995618838992335,1.0,0.0,0.0,0.21162743101658346,0.30130879556641244,0.4870637734170042,0.3984456425872191,0.3313139043312622,0.27024045308151873
18919132,A,0.4131982475355969,0.2568455640744797,0.32995618838992335,1.0,0.0,0.0,0.19588683248627528,0.23158513409806436,0.5725280334156603,0.33150312003636423,0.13302529280018507,0.5354715871634507
18919193,H,0.4131982475355969,0.2568455640744797,0.32995618838992335,1.0,0.0,0.0,0.5506590201129002,0.31004545382873566,0.1392955260583641,0.25720595806027874,0.4203575448478712,0.32243649709185
18919289,H,0.4131982475355969,0.2568455640744797,0.32995618838992335,1.0,0.0,0.0,0.34175000258884713,0.274190068672014,0.38405992873913886,0.2773813944800304,0.392616759074871,0.3300018464450985
18919401,A,0.4131982475355969,0.2568455640744797,0.32995618838992335,1.0,0.0,0.0,0.2571556623413406,0.21267645485113215,0.5301678828075272,0.09894635890296263,0.14231427201936514,0.758739369077672
18919475,A,0.4131982475355969,0.2568455640744797,0.32995618838992335,1.0,0.0,0.0,0.2854166636951629,0.322655154103357,0.39192818220148007,0.23151362396695632,0.2339157056298893,0.5345706704031544
18919478,H,0.4131982475355969,0.2568455640744797,0.32995618838992335,1.0,0.0,0.0,0.6779994522301644,0.2209177279714713,0.10108281979836434,0.7168340437281726,0.1285602559860778,0.15460570028574958
18919492,A,0.4131982475355969,0.2568455640744797,0.32995618838992335,1.0,0.0,0.0,0.3653780768107815,0.28110119214153895,0.3535207310476796,0.7801296635323793,0.0724492088262466,0.14742112764137405
18919642,H,0.4131982475355969,0.2568455640744797,0.32995618838992335,1.0,0.0,0.0,0.6930529672710509,0.19656046970028787,0.11038656302866129,0.6037277827908133,0.1447690368498973,0.25150318035928937
18919648,H,0.4131982475355969,0.2568455640744797,0.32995618838992335,1.0,0.0,0.0,0.7573812645281965,0.1697582233232052,0.07286051214859832,0.6047597473313407,0.3523911127926669,0.04284913987599231
18919649,A,0.4131982475355969,0.2568455640744797,0.32995618838992335,1.0,0.0,0.0,0.11799013025864838,0.24143541522575537,0.6405744545155964,0.03857447893245586,0.3361747056097713,0.625250815457773
19213319,H,0.4131982475355969,0.2568455640744797,0.32995618838992335,1.0,0.0,0.0,0.39701089971106457,0.2713385643384578,0.33165053595047755,0.44103237554250146,0.28412662533339406,0.2748409991241046
19213403,A,0.4131982475355969,0.2568455640744797,0.32995618838992335,1.0,0.0,0.0,0.1656752325857374,0.20732402586825177,0.6270007415460108,0.10911112013190448,0.4244666535392733,0.4664222263288222
19213431,A,0.4131982475355969,0.2568455640744797,0.32995618838992335,1.0,0.0,0.0,0.18242888224464762,0.20602291634608788,0.6115482014092644,0.16926284008141998,0.3493371629124708,0.48139999700610936
19213557,D,0.4131982475355969,0.2568455640744797,0.32995618838992335,1.0,0.0,0.0,0.5690912360513085,0.2726349312965501,0.15827383265214137,0.7523243423814542,0.19153801550205707,0.056137642116488626
19214042,A,0.4131982475355969,0.2568455640744797,0.32995618838992335,1.0,0.0,0.0,0.2893036340795561,0.2779851637974366,0.43271120212300734,0.6324462922773244,0.1902232274618407,0.17733048026083498
19214044,H,0.4131982475355969,0.2568455640744797,0.32995618838992335,1.0,0.0,0.0,0.4314777105988748,0.2890882962880838,0.2794339931130415,0.6487200144347062,0.2595458873356089,0.09173409822968498
19214118,D,0.4131982475355969,0.2568455640744797,0.32995618838992335,1.0,0.0,0.0,0.3844735870888111,0.29385425381899616,0.32167215909219277,0.47541366420090475,0.3998553397277586,0.12473099607133657
19214123,H,0.4131982475355969,0.2568455640744797,0.32995618838992335,1.0,0.0,0.0,0.4758264945466416,0.28431713972499445,0.23985636572836386,0.3852662990275342,0.13995466115583718,0.47477903981662867
19214128,H,0.4131982475355969,0.2568455640744797,0.32995618838992335,1.0,0.0,0.0,0.42161600476638483,0.26906257801528044,0.30932141721833467,0.2902392812973596,0.45423280187582726,0.25552791682681325
19214132,A,0.4131982475355969,0.2568455640744797,0.32995618838992335,1.0,0.0,0.0,0.26314660039706317,0.26884575890986506,0.46800764069307166,0.2654712634481297,0.19203956795034266,0.5424891686015276
19214201,H,0.4131982475355969,0.2568455640744797,0.32995618838992335,1.0,0.0,0.0,0.25513673035672135,0.29271228765782054,0.45215098198545817,0.7364030925342695,0.12004209167127876,0.14355481579445187
19214205,A,0.4131982475355969,0.2568455640744797,0.32995618838992335,1.0,0.0,0.0,0.16649854441195547,0.20805416664822657,0.6254472889398179,0.22716474986764537,0.1768280686269041,0.5960071815054505
19214209,A,0.4131982475355969,0.2568455640744797,0.32995618838992335,1.0,0.0,0.0,0.38627074586244853,0.2758667240532992,0.3378625300842523,0.43513588026389866,0.3577609649778819,0.20710315475821942
19214256,H,0.4131982475355969,0.2568455640744797,0.32995618838992335,1.0,0.0,0.0,0.22083080335652283,0.262559855204684,0.5166093414387932,0.03081310782546323,0.08877872268801217,0.8804081694865247
19214394,D,0.4131982475355969,0.2568455640744797,0.32995618838992335,1.0,0.0,0.0,0.4164282767038492,0.2823661900495639,0.30120553324658694,0.3226006463259199,0.4060771785607182,0.27132217511336193
19214485,D,0.4131982475355969,0.2568455640744797,0.32995618838992335,1.0,0.0,0.0,0.26498827908589656,0.25068352710130215,0.48432819381280134,0.3571484906317783,0.244203587137485,0.3986479222307367
19214489,H,0.4131982475355969,0.2568455640744797,0.32995618838992335,1.0,0.0,0.0,0.5330513570811747,0.25680876308334705,0.2101398798354783,0.38553982022489647,0.29250774789973494,0.3219524318753686
19214501,A,0.4131982475355969,0.2568455640744797,0.32995618838992335,1.0,0.0,0.0,0.40977088212559526,0.23795413303427085,0.3522749848401339,0.4368454633695516,0.17591161451938636,0.3872429221110619
19214513,A,0.4131982475355969,0.2568455640744797,0.32995618838992335,1.0,0.0,0.0,0.2851035234431012,0.2110975915107984,0.5037988850461003,0.08070417229264618,0.4663336503464048,0.4529621773609489
19214529,A,0.4131982475355969,0.2568455640744797,0.32995618838992335,1.0,0.0,0.0,0.5567439077399837,0.24495584288283112,0.19830024937718516,0.6191786594982135,0.3348056817819238,0.046015658719862684
19214587,H,0.4131982475355969,0.2568455640744797,0.32995618838992335,1.0,0.0,0.0,0.4110510722927739,0.25320156787003467,0.3357473598371914,0.27642745269790553,0.26085707953985515,0.4627154677622393
19214588,H,0.4131982475355969,0.2568455640744797,0.32995618838992335,1.0,0.0,0.0,0.4366435043809432,0.23824199391632161,0.32511450170273515,0.35347569246350985,0.10086275246169041,0.5456615550747997
19214618,D,0.4131982475355969,0.2568455640744797,0.32995618838992335,1.0,0.0,0.0,0.6064366907647535,0.2514272339061186,0.1421360753291279,0.6787479477644367,0.13151712023198375,0.18973493200357952
19446653,H,0.4131982475355969,0.2568455640744797,0.32995618838992335,1.0,0.0,0.0,0.2178879733055908,0.28076376999409824,0.501348256700311,0.2817410352971161,0.3506770344049451,0.36758193029793884
19479060,H,0.4131982475355969,0.2568455640744797,0.32995618838992335,1.0,0.0,0.0,0.3626292791909976,0.2544140730834339,0.3829566477255684,0.6606633719629128,0.17543650688327747,0.16390012115380967
19479061,H,0.4131982475355969,0.2568455640744797,0.32995618838992335,1.0,0.0,0.0,0.7400285113682834,0.17249860332283656,0.0874728853088801,0.8479577534194846,0.14004497836439941,0.011997268216115999
19479062,D,0.4131982475355969,0.2568455640744797,0.32995618838992335,1.0,0.0,0.0,0.1788347592294527,0.24451182632126986,0.5766534144492775,0.0385366485785264,0.22697782998280633,0.7344855214386673
19479070,A,0.4131982475355969,0.2568455640744797,0.32995618838992335,1.0,0.0,0.0,0.22186687384967427,0.3626124547050784,0.41552067144524724,0.08092965254916194,0.36493449739280526,0.5541358500580328
19479083,H,0.4131982475355969,0.2568455640744797,0.32995618838992335,1.0,0.0,0.0,0.5628997826791738,0.27132111545737514,0.16577910186345102,0.7238778817641706,0.2245171173721683,0.051605000863661155
19479092,H,0.4131982475355969,0.2568455640744797,0.32995618838992335,1.0,0.0,0.0,0.6947359009840336,0.19799916540082374,0.10726493361514255,0.7310250891872859,0.17834012909710417,0.09063478171560986
19479093,H,0.4131982475355969,0.2568455640744797,0.32995618838992335,1.0,0.0,0.0,0.18699794572430964,0.2842010895786089,0.5288009646970814,0.21697801232760497,0.20262314759286335,0.5803988400795316
19479094,H,0.4131982475355969,0.2568455640744797,0.32995618838992335,1.0,0.0,0.0,0.4220453596454703,0.269886269823095,0.30806837053143465,0.4125599339646551,0.3058153008514097,0.28162476518393526
19479136,D,0.4131982475355969,0.2568455640744797,0.32995618838992335,1.0,0.0,0.0,0.13542364399489248,0.2458005565376976,0.6187757994674098,0.09673085321907597,0.15097097075432006,0.7522981760266041
19479181,A,0.4131982475355969,0.2568455640744797,0.32995618838992335,1.0,0.0,0.0,0.18171093102267072,0.2198621371296792,0.5984269318476501,0.22009789263581733,0.31085555726474207,0.4690465500994406
19517510,A,0.4131982475355969,0.2568455640744797,0.32995618838992335,1.0,0.0,0.0,0.4301604280401214,0.288398596424037,0.2814409755358417,0.5171356904826009,0.15200400332841105,0.3308603061889881
19517511,H,0.4131982475355969,0.2568455640744797,0.32995618838992335,1.0,0.0,0.0,0.23834653236063286,0.22669620682809788,0.5349572608112693,0.03928370046846688,0.4544123168879372,0.506303982643596
19517512,D,0.4131982475355969,0.2568455640744797,0.32995618838992335,1.0,0.0,0.0,0.3183701151033702,0.2668197127630857,0.41481017213354404,0.35066938782232626,0.15722983041655514,0.4921007817611186
19517521,H,0.4131982475355969,0.2568455640744797,0.32995618838992335,1.0,0.0,0.0,0.4035950524912418,0.3504933668636422,0.245911580645116,0.6254769184808209,0.27685417529353995,0.09766890622563915
19517522,A,0.4131982475355969,0.2568455640744797,0.32995618838992335,1.0,0.0,0.0,0.31668691654108816,0.33687570302158537,0.3464373804373264,0.21776006750994412,0.5089850894302403,0.2732548430598155
19517545,A,0.4131982475355969,0.2568455640744797,0.32995618838992335,1.0,0.0,0.0,0.3590308849235186,0.294138500683632,0.34683061439284935,0.5098953304776938,0.22049346306876225,0.269611206453544
19517564,H,0.4131982475355969,0.2568455640744797,0.32995618838992335,1.0,0.0,0.0,0.4587297031993916,0.25510087029069084,0.28616942650991767,0.6150742481286573,0.16475308759104326,0.22017266428029947
19517565,D,0.4131982475355969,0.2568455640744797,0.32995618838992335,1.0,0.0,0.0,0.6435782822127986,0.1976896386147106,0.15873207917249077,0.7497126196065229,0.18141080444883256,0.06887657594464452
19517566,H,0.4131982475355969,0.2568455640744797,0.32995618838992335,1.0,0.0,0.0,0.5122112170198387,0.2364562868147332,0.251332496165428,0.5882019926683499,0.16124416475064404,0.25055384258100594
19517567,H,0.4131982475355969,0.2568455640744797,0.32995618838992335,1.0,0.0,0.0,0.29602684960650133,0.30977087994465285,0.394202270448846,0.11243815731525911,0.3896461747127126,0.4979156679720282
19517585,H,0.4131982475355969,0.2568455640744797,0.32995618838992335,1.0,0.0,0.0,0.3661397106668999,0.29777665215987137,0.3360836371732288,0.40249284562431165,0.30535155071289105,0.29215560366279725
19517586,H,0.4131982475355969,0.2568455640744797,0.32995618838992335,1.0,0.0,0.0,0.523526868143883,0.26412398032249584,0.21234915153362102,0.6823347662338409,0.20252185638456355,0.11514337738159552
19517587,H,0.4131982475355969,0.2568455640744797,0.32995618838992335,1.0,0.0,0.0,0.5619050275322875,0.26856518405939156,0.1695297884083208,0.6268768582419525,0.10523222357778976,0.2678909181802578
19517602,H,0.4131982475355969,0.2568455640744797,0.32995618838992335,1.0,0.0,0.0,0.31616213051853487,0.2889747110340164,0.3948631584474487,0.22015977636690323,0.33062542099280073,0.44921480264029606
19561604,A,0.4131982475355969,0.2568455640744797,0.32995618838992335,1.0,0.0,0.0,0.13803230517567233,0.23488701181062704,0.6270806830137005,0.20203671001709883,0.24004578509000146,0.5579175048928997
19561606,D,0.4131982475355969,0.2568455640744797,0.32995618838992335,1.0,0.0,0.0,0.588502472197297,0.26838031601019624,0.1431172117925067,0.8136014046732956,0.1159798633316496,0.07041873199505472
19561616,H,0.4131982475355969,0.2568455640744797,0.32995618838992335,1.0,0.0,0.0,0.3936982791583071,0.26624481930651844,0.3400569015351744,0.35125206550498717,0.2320297965046555,0.4167181379903573
19561623,H,0.4131982475355969,0.2568455640744797,0.32995618838992335,1.0,0.0,0.0,0.6923932023680981,0.1894748587251802,0.11813193890672166,0.5235043620081828,0.19079990653452286,0.28569573145729427
19561626,H,0.4131982475355969,0.2568455640744797,0.32995618838992335,1.0,0.0,0.0,0.7536768695563685,0.1907558838668505,0.05556724657678095,0.7851263616070266,0.19216902440085512,0.022704613992118126
19582601,H,0.4131982475355969,0.2568455640744797,0.32995618838992335,1.0,0.0,0.0,0.40292829080230225,0.2602380007398839,0.3368337084578138,0.41194144128115895,0.3890387187385765,0.19901983998026454
19582609,H,0.4131982475355969,0.2568455640744797,0.32995618838992335,1.0,0.0,0.0,0.45989920467992323,0.2871898610852993,0.2529109342347775,0.6523036076849493,0.28983322408548207,0.057863168229568614
19582616,D,0.4131982475355969,0.2568455640744797,0.32995618838992335,1.0,0.0,0.0,0.5097435215256946,0.24584947271764693,0.2444070057566585,0.3272047347413032,0.2569610645056744,0.41583420075302224
19638345,A,0.4131982475355969,0.2568455640744797,0.32995618838992335,1.0,0.0,0.0,0.7319239626533415,0.1682026264745162,0.09987341087214222,0.6510149566540838,0.15204800271032184,0.19693704063559436
19638927,H,0.4131982475355969,0.2568455640744797,0.32995618838992335,1.0,0.0,0.0,0.6133159248580227,0.19284021403709478,0.19384386110488247,0.35758475329218053,0.4914478344418037,0.15096741226601593
19639036,H,0.4131982475355969,0.2568455640744797,0.32995618838992335,1.0,0.0,0.0,0.47799561747772507,0.30016446395929375,0.22183991856298124,0.30654802251784236,0.5109036089726298,0.18254836850952788
19639037,A,0.4131982475355969,0.2568455640744797,0.32995618838992335,1.0,0.0,0.0,0.4232586522356281,0.26128841206575787,0.31545293569861405,0.6062725540084952,0.20140060729690973,0.19232683869459505
19639039,A,0.4131982475355969,0.2568455640744797,0.32995618838992335,1.0,0.0,0.0,0.5256125509971548,0.3332425676940294,0.14114488130881583,0.7013932644421527,0.23181406813114727,0.06679266742670012
19639040,H,0.4131982475355969,0.2568455640744797,0.32995618838992335,1.0,0.0,0.0,0.41147100931017405,0.30750637638602163,0.28102261430380426,0.5844771054762066,0.31549560270792754,0.10002729181586599
19639041,A,0.4131982475355969,0.2568455640744797,0.32995618838992335,1.0,0.0,0.0,0.366776178766404,0.28238818510769703,0.35083563612589896,0.38490368855278184,0.03152814265649232,0.5835681687907258
19639279,H,0.4131982475355969,0.2568455640744797,0.32995618838992335,1.0,0.0,0.0,0.2603352009352539,0.2611814849901851,0.47848331407456096,0.18862304763473256,0.5406990747256518,0.27067787763961554
19639283,H,0.4131982475355969,0.2568455640744797,0.32995618838992335,1.0,0.0,0.0,0.6579708369600258,0.20585016161708816,0.13617900142288603,0.6291653935226214,0.11936328197600903,0.25147132450136955
19639289,H,0.4131982475355969,0.2568455640744797,0.32995618838992335,1.0,0.0,0.0,0.22531828002139656,0.3051253616811915,0.469556358297412,0.4620694568406422,0.21994446572252943,0.31798607743682833
19639292,H,0.4131982475355969,0.2568455640744797,0.32995618838992335,1.0,0.0,0.0,0.5210255114225835,0.2348533141838578,0.24412117439355877,0.6844145073927508,0.17228150747385684,0.1433039851333924
19639293,A,0.4131982475355969,0.2568455640744797,0.32995618838992335,1.0,0.0,0.0,0.32541753602054846,0.29238051739938564,0.38220194658006595,0.7226909980423694,0.14335314551406764,0.13395585644356303
19639584,H,0.4131982475355969,0.2568455640744797,0.32995618838992335,1.0,0.0,0.0,0.6218548213882246,0.2044241673408534,0.17372101127092215,0.6587025687559159,0.180042547870842,0.161254883373242
19639689,A,0.4131982475355969,0.2568455640744797,0.32995618838992335,1.0,0.0,0.0,0.2801249153580772,0.2890642367174364,0.4308108479244865,0.6910770056909696,0.03293812169930394,0.2759848726097263
19639751,A,0.4131982475355969,0.2568455640744797,0.32995618838992335,1.0,0.0,0.0,0.05222180594456795,0.14092597932364104,0.806852214731791,0.05284259104893484,0.01081747567941551,0.9363399332716497
19639754,H,0.4131982475355969,0.2568455640744797,0.32995618838992335,1.0,0.0,0.0,0.5881663821438095,0.19941402916726325,0.21241958868892719,0.7917049105971999,0.06209474269520893,0.14620034670759113
19639900,H,0.4131982475355969,0.2568455640744797,0.32995618838992335,1.0,0.0,0.0,0.37211023282573175,0.2891661436752351,0.3387236234990332,0.5164629748968439,0.3000507247939354,0.18348630030922072
19639902,A,0.4131982475355969,0.2568455640744797,0.32995618838992335,1.0,0.0,0.0,0.08188246833563305,0.1792820344165311,0.7388354972478358,0.24519939518329373,0.16697649225230546,0.5878241125644009
19639911,H,0.4131982475355969,0.2568455640744797,0.32995618838992335,1.0,0.0,0.0,0.6343424993008797,0.2146619885451741,0.15099551215394613,0.7607427169391444,0.07499921995711184,0.16425806310374386
19926374,A,0.4131982475355969,0.2568455640744797,0.32995618838992335,1.0,0.0,0.0,0.33074343048583127,0.24994519340594848,0.4193113761082203,0.34886975474186155,0.09677971168863606,0.5543505335695024
19926452,H,0.4131982475355969,0.2568455640744797,0.32995618838992335,1.0,0.0,0.0,0.8114609129158619,0.13360399981231746,0.05493508727182062,0.9151518574745798,0.030427772366871046,0.05442037015854912
19927094,A,0.4131982475355969,0.2568455640744797,0.32995618838992335,1.0,0.0,0.0,0.3603285327513952,0.30551698439472424,0.3341544828538806,0.43150007080974273,0.1661193481426332,0.40238058104762403
19927097,H,0.4131982475355969,0.2568455640744797,0.32995618838992335,1.0,0.0,0.0,0.3111274072292298,0.295772893851402,0.3930996989193683,0.22642059938673711,0.3521460190330037,0.4214333815802591
19927101,D,0.4131982475355969,0.2568455640744797,0.32995618838992335,1.0,0.0,0.0,0.4752811466047852,0.24964654399414207,0.2750723094010727,0.6613637505832213,0.15173242857527805,0.1869038208415007
19927107,A,0.4131982475355969,0.2568455640744797,0.32995618838992335,1.0,0.0,0.0,0.5426094959064175,0.2282675438402718,0.22912296025331064,0.7320802062924936,0.09065169056704173,0.17726810314046473
19927148,D,0.4131982475355969,0.2568455640744797,0.32995618838992335,1.0,0.0,0.0,0.4378442711236297,0.2829123281238073,0.27924340075256304,0.3404585338589178,0.35694927310269947,0.3025921930383827
19927151,H,0.4131982475355969,0.2568455640744797,0.32995618838992335,1.0,0.0,0.0,0.6274533416518208,0.23473815773488424,0.13780850061329503,0.9079465314682168,0.06031698234536877,0.03173648618641435
19927153,D,0.4131982475355969,0.2568455640744797,0.32995618838992335,1.0,0.0,0.0,0.40834592354047683,0.31723081726580904,0.2744232591937142,0.5517107172893935,0.286751077162913,0.16153820554769355
19927159,H,0.4131982475355969,0.2568455640744797,0.32995618838992335,1.0,0.0,0.0,0.27474769406514615,0.2962412503861579,0.42901105554869595,0.206530699211783,0.6323532602906309,0.1611160404975862
19927230,D,0.4131982475355969,0.2568455640744797,0.32995618838992335,1.0,0.0,0.0,0.2703072405400397,0.2886751601850838,0.44101759927487655,0.2854136676893681,0.15425652489518826,0.5603298074154436
19927449,D,0.4131982475355969,0.2568455640744797,0.32995618838992335,1.0,0.0,0.0,0.2247676307308773,0.27352435280085835,0.5017080164682644,0.17834359796873678,0.3117221774269378,0.5099342246043255
19927454,H,0.4131982475355969,0.2568455640744797,0.32995618838992335,1.0,0.0,0.0,0.44566821659125905,0.2431419831980418,0.3111898002106991,0.44743469828574955,0.35411371730347513,0.19845158441077526
19927458,A,0.4131982475355969,0.2568455640744797,0.32995618838992335,1.0,0.0,0.0,0.383281171375735,0.28568126400195043,0.3310375646223145,0.5500834482738161,0.11315414197848898,0.336762409747695
19927476,H,0.4131982475355969,0.2568455640744797,0.32995618838992335,1.0,0.0,0.0,0.5812048904410385,0.22286471150387127,0.19593039805509027,0.8662676003561579,0.08798991704468091,0.04574248259916124
19927535,H,0.4131982475355969,0.2568455640744797,0.32995618838992335,1.0,0.0,0.0,0.3721272818207518,0.22809274715354416,0.3997799710257041,0.18460672967424266,0.6520338336007606,0.16335943672499684
19927536,A,0.4131982475355969,0.2568455640744797,0.32995618838992335,1.0,0.0,0.0,0.3897777639155525,0.22102646159844597,0.38919577448600146,0.1525327356413715,0.1595890592772171,0.6878782050814115
22945232,D,0.4131982475355969,0.2568455640744797,0.32995618838992335,1.0,0.0,0.0,0.26421480246921997,0.23646048471216707,0.49932471281861296,0.34959384223553996,0.3199641447508877,0.3304420130135723
22945314,A,0.4131982475355969,0.2568455640744797,0.32995618838992335,1.0,0.0,0.0,0.3686476958816405,0.2694220769453712,0.3619302271729883,0.2794826385362573,0.2242770881984643,0.4962402732652783
22945315,A,0.4131982475355969,0.2568455640744797,0.32995618838992335,1.0,0.0,0.0,0.5191972310292303,0.2269891083202028,0.25381366065056693,0.6721228815422673,0.23898047516249873,0.08889664329523395
22945316,A,0.4131982475355969,0.2568455640744797,0.32995618838992335,1.0,0.0,0.0,0.23538963307345276,0.23103258918023298,0.5335777777463143,0.22945728202180743,0.0854907639738459,0.6850519540043466
22945317,A,0.4131982475355969,0.2568455640744797,0.32995618838992335,1.0,0.0,0.0,0.2127151749462074,0.24262849618779062,0.5446563288660019,0.5941968909499737,0.2050551898799775,0.2007479191700487
22945499,A,0.4131982475355969,0.2568455640744797,0.32995618838992335,1.0,0.0,0.0,0.19819800405883983,0.2455992369303246,0.5562027590108356,0.07648854261189225,0.16488209028562736,0.7586293671024805
22945509,H,0.4131982475355969,0.2568455640744797,0.32995618838992335,1.0,0.0,0.0,0.7399193354404804,0.14238191781365914,0.11769874674586046,0.2934192520429002,0.6722681083892927,0.03431263956780696
22964115,H,0.4131982475355969,0.2568455640744797,0.32995618838992335,1.0,0.0,0.0,0.5232994485927719,0.24127188325456392,0.2354286681526642,0.5520389852304919,0.2290323213627236,0.21892869340678456
22964123,H,0.4131982475355969,0.2568455640744797,0.32995618838992335,1.0,0.0,0.0,0.5835451794624421,0.2664112134837233,0.15004360705383463,0.47019539582747155,0.35645561967539197,0.17334898449713657
22994127,H,0.4131982475355969,0.2568455640744797,0.32995618838992335,1.0,0.0,0.0,0.4550054714192875,0.3008461327122708,0.24414839586844167,0.4635397767706907,0.3395409890398666,0.1969192341894427
22994128,D,0.4131982475355969,0.2568455640744797,0.32995618838992335,1.0,0.0,0.0,0.4228924382658831,0.28380021001528677,0.2933073517188301,0.17700822317656967,0.1006864749011183,0.722305301922312
22994154,A,0.4131982475355969,0.2568455640744797,0.32995618838992335,1.0,0.0,0.0,0.1734449479071024,0.25327928928869,0.5732757628042077,0.12244200788597974,0.3186070102143541,0.5589509818996661
22994161,A,0.4131982475355969,0.2568455640744797,0.32995618838992335,1.0,0.0,0.0,0.2861292091052191,0.2930297533219458,0.4208410375728351,0.3972059661738269,0.3565961222470151,0.24619791157915802
22994179,A,0.4131982475355969,0.2568455640744797,0.32995618838992335,1.0,0.0,0.0,0.09498902594073659,0.19343906358672655,0.7115719104725368,0.08599100596352152,0.07927785094853167,0.8347311430879468
22994181,H,0.4131982475355969,0.2568455640744797,0.32995618838992335,1.0,0.0,0.0,0.8152249012869905,0.12180740969977508,0.06296768901323438,0.7919403152727527,0.12742804550610196,0.0806316392211453
22994182,A,0.4131982475355969,0.2568455640744797,0.32995618838992335,1.0,0.0,0.0,0.24383912304554095,0.27450629102617885,0.48165458592828014,0.13643005460908902,0.41197553550491334,0.4515944098859977
23041509,A,0.4131982475355969,0.2568455640744797,0.32995618838992335,1.0,0.0,0.0,0.46924776614065394,0.2764388089349461,0.2543134249243999,0.1483076778340062,0.31296941084748753,0.5387229113185062
23041510,D,0.4131982475355969,0.2568455640744797,0.32995618838992335,1.0,0.0,0.0,0.36444504914023457,0.317707390768704,0.3178475600910614,0.34429335949599466,0.24050419258000158,0.4152024479240038
23041519,H,0.4131982475355969,0.2568455640744797,0.32995618838992335,1.0,0.0,0.0,0.203169727850045,0.2398520192207808,0.5569782529291741,0.21784741596583654,0.29245511359663406,0.4896974704375294
23041522,D,0.4131982475355969,0.2568455640744797,0.32995618838992335,1.0,0.0,0.0,0.36028249580406724,0.273716664069599,0.3660008401263338,0.564167708570909,0.14236823808772517,0.29346405334136577
23041554,D,0.4131982475355969,0.2568455640744797,0.32995618838992335,1.0,0.0,0.0,0.23119820968181024,0.2486879727216752,0.5201138175965145,0.05547124172534848,0.49944716045612486,0.4450815978185267
23041555,H,0.4131982475355969,0.2568455640744797,0.32995618838992335,1.0,0.0,0.0,0.6033611991192884,0.21964089519874408,0.17699790568196747,0.5491825105640858,0.1475006984840679,0.3033167909518462
23041558,H,0.4131982475355969,0.2568455640744797,0.32995618838992335,1.0,0.0,0.0,0.6759788578640324,0.23528472950069101,0.08873641263527655,0.6537937339993511,0.19586344313034795,0.15034282287030087
23062425,H,0.4131982475355969,0.2568455640744797,0.32995618838992335,1.0,0.0,0.0,0.3606759692342253,0.31995009802321017,0.3193739327425645,0.37826050224101143,0.38041973337557833,0.2413197643834103
23062438,D,0.4131982475355969,0.2568455640744797,0.32995618838992335,1.0,0.0,0.0,0.3872058155587705,0.3313474351991181,0.28144674924211155,0.45758622048936703,0.39422468301586816,0.14818909649476467
23062439,D,0.4131982475355969,0.2568455640744797,0.32995618838992335,1.0,0.0,0.0,0.2919022996607609,0.37159647956466646,0.3365012207745726,0.23614888898738332,0.5481426415185948,0.21570846949402195
23062449,A,0.4131982475355969,0.2568455640744797,0.32995618838992335,1.0,0.0,0.0,0.3018498602324358,0.2678878154196425,0.4302623243479217,0.1852589773240225,0.1634826828683503,0.6512583398076273
23062466,H,0.4131982475355969,0.2568455640744797,0.32995618838992335,1.0,0.0,0.0,0.5438602501349644,0.24317717329486965,0.21296257657016593,0.2716935211601819,0.45592162884548976,0.2723848499943285
23062479,A,0.4131982475355969,0.2568455640744797,0.32995618838992335,1.0,0.0,0.0,0.15623679273100233,0.26808080927983635,0.5756823979891613,0.1515928357301822,0.25354922043179334,0.5948579438380244
23096354,A,0.4131982475355969,0.2568455640744797,0.32995618838992335,1.0,0.0,0.0,0.20447027856375305,0.26372773662560983,0.5318019848106371,0.2189785842156493,0.35388738404348546,0.4271340317408653
23096371,D,0.4131982475355969,0.2568455640744797,0.32995618838992335,1.0,0.0,0.0,0.7658848790861382,0.16407208723637817,0.07004303367748357,0.5705510672082993,0.4116521740750921,0.017796758716608553
23096392,A,0.4131982475355969,0.2568455640744797,0.32995618838992335,1.0,0.0,0.0,0.2872141959246941,0.2983021571468688,0.41448364692843714,0.3906628242373574,0.23486275442614218,0.37447442133650044
23096393,H,0.4131982475355969,0.2568455640744797,0.32995618838992335,1.0,0.0,0.0,0.576489607670536,0.23070438179159977,0.19280601053786425,0.5548399031650715,0.12752011089961934,0.3176399859353093
23096394,D,0.4131982475355969,0.2568455640744797,0.32995618838992335,1.0,0.0,0.0,0.7966493574379865,0.12214751517889198,0.08120312738312145,0.7399199173879631,0.24028059413440478,0.019799488477632046
23096395,D,0.4131982475355969,0.2568455640744797,0.32995618838992335,1.0,0.0,0.0,0.653916580136455,0.1833582798954551,0.16272513996808996,0.6438074740488067,0.0759308046875419,0.28026172126365145
23096404,H,0.4131982475355969,0.2568455640744797,0.32995618838992335,1.0,0.0,0.0,0.4526008994268844,0.2921075645941394,0.25529153597897625,0.6381733432681412,0.21947156179138155,0.14235509494047718
23096405,H,0.4131982475355969,0.2568455640744797,0.32995618838992335,1.0,0.0,0.0,0.40337249591151697,0.26504082553588143,0.3315866785526016,0.538385354555668,0.24615504717001127,0.21545959827432065
23096413,A,0.4131982475355969,0.2568455640744797,0.32995618838992335,1.0,0.0,0.0,0.19088054633473361,0.20337481597738502,0.6057446376878813,0.1565873215456238,0.4196324144923158,0.4237802639620604
23121311,A,0.4131982475355969,0.2568455640744797,0.32995618838992335,1.0,0.0,0.0,0.5794346516125444,0.22168991798935966,0.19887543039809588,0.7892567506118683,0.08305320802377553,0.1276900413643562
23121312,H,0.4131982475355969,0.2568455640744797,0.32995618838992335,1.0,0.0,0.0,0.5973461572926518,0.2548341300168488,0.14781971269049932,0.752366574228366,0.14179360946337466,0.10583981630825938
23121313,H,0.4131982475355969,0.2568455640744797,0.32995618838992335,1.0,0.0,0.0,0.4826116025905747,0.2989816683904235,0.21840672901900185,0.4634551737457734,0.17143509844410854,0.365109727810118
23121314,H,0.4131982475355969,0.2568455640744797,0.32995618838992335,1.0,0.0,0.0,0.3830076695951218,0.2965413253166524,0.32045100508822577,0.2673185517548404,0.5638372319590548,0.16884421628610474
23121315,A,0.4131982475355969,0.2568455640744797,0.32995618838992335,1.0,0.0,0.0,0.19275009388624625,0.26140020699963895,0.5458496991141149,0.13366221976009407,0.1713264800747823,0.6950113001651236
23121362,A,0.4131982475355969,0.2568455640744797,0.32995618838992335,1.0,0.0,0.0,0.5533566952976031,0.23109120962802573,0.21555209507437126,0.6908240867935601,0.23567205299878452,0.07350386020765538
23121363,D,0.4131982475355969,0.2568455640744797,0.32995618838992335,1.0,0.0,0.0,0.2049826085035612,0.24290642832602632,0.5521109631704125,0.1644848903787402,0.12410853109019479,0.7114065785310649
23121367,H,0.4131982475355969,0.2568455640744797,0.32995618838992335,1.0,0.0,0.0,0.21136774963552454,0.18334014226692286,0.6052921080975525,0.10219258867605996,0.20600468571389777,0.6918027256100422
23140978,A,0.4131982475355969,0.2568455640744797,0.32995618838992335,1.0,0.0,0.0,0.2994390274959215,0.30009807631928226,0.40046289618479625,0.1706948510850467,0.339589893699615,0.4897152552153383
23141205,D,0.4131982475355969,0.2568455640744797,0.32995618838992335,1.0,0.0,0.0,0.510622750094766,0.2687203086422904,0.22065694126294363,0.619903073186292,0.26137603089608774,0.11872089591762014
23141213,H,0.4131982475355969,0.2568455640744797,0.32995618838992335,1.0,0.0,0.0,0.24841087555382818,0.24429173951222863,0.5072973849339433,0.2162505988060824,0.11200049749307578,0.6717489037008417
23141214,A,0.4131982475355969,0.2568455640744797,0.32995618838992335,1.0,0.0,0.0,0.22469466337406901,0.22238237780574655,0.5529229588201845,0.11849843823254663,0.23449415281398409,0.6470074089534692
23141218,H,0.4131982475355969,0.2568455640744797,0.32995618838992335,1.0,0.0,0.0,0.6096012646138791,0.21395173428080058,0.17644700110532036,0.7965611992202934,0.11360885126829079,0.08982994951141572
23186307,D,0.4131982475355969,0.2568455640744797,0.32995618838992335,1.0,0.0,0.0,0.4776251068136685,0.18675152083158028,0.33562337235475137,0.14914444689065787,0.6550675994761385,0.19578795363320356
23186308,A,0.4131982475355969,0.2568455640744797,0.32995618838992335,1.0,0.0,0.0,0.26317385009442706,0.23224890507957666,0.5045772448259961,0.3287370469431343,0.2502439079956485,0.4210190450612172
23186309,A,0.4131982475355969,0.2568455640744797,0.32995618838992335,1.0,0.0,0.0,0.33271585918761215,0.271009295363385,0.3962748454490029,0.3925125353211226,0.27835922021106924,0.32912824446780814
23186329,H,0.4131982475355969,0.2568455640744797,0.32995618838992335,1.0,0.0,0.0,0.6197116372961529,0.2153379075836317,0.1649504551202155,0.47503986715581586,0.40220962199812477,0.12275051084605935
23202737,A,0.4131982475355969,0.2568455640744797,0.32995618838992335,1.0,0.0,0.0,0.21440209446007136,0.25592103683611167,0.5296768687038169,0.26503673317627224,0.08193444875373881,0.653028818069989
23202738,A,0.4131982475355969,0.2568455640744797,0.32995618838992335,1.0,0.0,0.0,0.5519521147629153,0.2784250561946181,0.16962282904246664,0.637754708559571,0.05729997547119105,0.30494531596923796
23202779,D,0.4131982475355969,0.2568455640744797,0.32995618838992335,1.0,0.0,0.0,0.22730459600089695,0.23537416201257974,0.5373212419865232,0.10171605179112214,0.27932215360612755,0.6189617946027504
23202780,D,0.4131982475355969,0.2568455640744797,0.32995618838992335,1.0,0.0,0.0,0.5667227912798583,0.25051431560472065,0.18276289311542102,0.8341760018077661,0.14368814547558198,0.022135852716652044
23202808,H,0.4131982475355969,0.2568455640744797,0.32995618838992335,1.0,0.0,0.0,0.4628800530892915,0.28696770368054764,0.2501522432301609,0.48522092475334533,0.32199938358714325,0.19277969165951142
23202809,H,0.4131982475355969,0.2568455640744797,0.32995618838992335,1.0,0.0,0.0,0.22470177642537134,0.24414483645120494,0.5311533871234237,0.07602488549173689,0.4089109844487391,0.5150641300595241
23202827,A,0.4131982475355969,0.2568455640744797,0.32995618838992335,1.0,0.0,0.0,0.14440615691025088,0.22519136687997932,0.6304024762097697,0.48908637145429995,0.11026360203740909,0.40065002650829096
23202828,D,0.4131982475355969,0.2568455640744797,0.32995618838992335,1.0,0.0,0.0,0.44009451701247587,0.27274358670564874,0.28716189628187544,0.5114928309201979,0.1909283541589089,0.29757881492089316
23202846,A,0.4131982475355969,0.2568455640744797,0.32995618838992335,1.0,0.0,0.0,0.4091995058516236,0.3149447842927296,0.2758557098556467,0.2872389046083077,0.5141574179417517,0.19860367744994054
23202848,D,0.4131982475355969,0.2568455640744797,0.32995618838992335,1.0,0.0,0.0,0.44726607113256606,0.23593146677793597,0.3168024620894979,0.8325389899734186,0.047209491555234885,0.12025151847134646
23202849,H,0.4131982475355969,0.2568455640744797,0.32995618838992335,1.0,0.0,0.0,0.24404502334031827,0.25367541745478,0.5022795592049016,0.25379584632822344,0.582086164042466,0.16411798962931054
23202850,D,0.4131982475355969,0.2568455640744797,0.32995618838992335,1.0,0.0,0.0,0.5591214374311773,0.24231964253202407,0.19855892003679865,0.6100417204741176,0.3493178365015062,0.04064044302437618
23202860,D,0.4131982475355969,0.2568455640744797,0.32995618838992335,1.0,0.0,0.0,0.52149969610985,0.23930050512720627,0.23919979876294362,0.38142157137518956,0.26968606807516576,0.3488923605496446
23202861,A,0.4131982475355969,0.2568455640744797,0.32995618838992335,1.0,0.0,0.0,0.2735399234123087,0.23487578877687862,0.4915842878108127,0.10081958302177703,0.1988686915408661,0.7003117254373569
23219613,A,0.4131982475355969,0.2568455640744797,0.32995618838992335,1.0,0.0,0.0,0.13268102650099978,0.1899675367607446,0.6773514367382556,0.25938896280735096,0.2767466177148923,0.4638644194777568
23238401,A,0.4131982475355969,0.2568455640744797,0.32995618838992335,1.0,0.0,0.0,0.28782614266246154,0.38312744436590734,0.32904641297163123,0.34456467959854586,0.37372015645143886,0.2817151639500152
23238452,A,0.4131982475355969,0.2568455640744797,0.32995618838992335,1.0,0.0,0.0,0.6373156105616794,0.2501077665107939,0.11257662292752661,0.6651435574637725,0.29851407662017804,0.03634236591604943
23262462,H,0.4131982475355969,0.2568455640744797,0.32995618838992335,1.0,0.0,0.0,0.4757896424658931,0.26251102553723094,0.26169933199687595,0.6325211525634851,0.22743369723228188,0.14004515020423303
23262961,H,0.4131982475355969,0.2568455640744797,0.32995618838992335,1.0,0.0,0.0,0.2557691690491866,0.2648913254912663,0.47933950545954696,0.12902201758598617,0.07255840840725312,0.7984195740067609
23263042,H,0.4131982475355969,0.2568455640744797,0.32995618838992335,1.0,0.0,0.0,0.5445489564659192,0.20394582807684242,0.2515052154572385,0.2962927009629385,0.5402987271887802,0.16340857184828123
23263084,H,0.4131982475355969,0.2568455640744797,0.32995618838992335,1.0,0.0,0.0,0.4966154719862173,0.31234567136386043,0.19103885664992212,0.2614275136915312,0.5617193559977455,0.17685313031072322
23263172,D,0.4131982475355969,0.2568455640744797,0.32995618838992335,1.0,0.0,0.0,0.19977767829579446,0.2669163682643387,0.5333059534398669,0.1059022389890296,0.1147602209945096,0.7793375400164608
23263176,D,0.4131982475355969,0.2568455640744797,0.32995618838992335,1.0,0.0,0.0,0.3488660795703515,0.35242503481207993,0.2987088856175685,0.2635948934622185,0.5390531037619287,0.1973520027758529
23284520,D,0.4131982475355969,0.2568455640744797,0.32995618838992335,1.0,0.0,0.0,0.3594008051583113,0.2767021850721217,0.363897009769567,0.28869174144823795,0.44050832401520845,0.2707999345365535
23284580,A,0.4131982475355969,0.2568455640744797,0.32995618838992335,1.0,0.0,0.0,0.3237950707674281,0.32312909337458434,0.35307583585798763,0.22666138905946456,0.37457230856126333,0.398766302379272
23284798,D,0.4131982475355969,0.2568455640744797,0.32995618838992335,1.0,0.0,0.0,0.6395804725557079,0.2082999738895684,0.15211955355472367,0.6527045514346927,0.3195156286583622,0.027779819906945034
23284799,D,0.4131982475355969,0.2568455640744797,0.32995618838992335,1.0,0.0,0.0,0.3115701097610305,0.29918532609793247,0.389244564141037,0.19715530824708152,0.5052579239697153,0.29758676778320325
23284951,A,0.4131982475355969,0.2568455640744797,0.32995618838992335,1.0,0.0,0.0,0.43857146992941987,0.2707078202068436,0.29072070986373655,0.4049104167415314,0.5165098037937318,0.07857977946473693
23285038,A,0.4131982475355969,0.2568455640744797,0.32995618838992335,1.0,0.0,0.0,0.07727704856240175,0.190134458024935,0.7325884934126632,0.15251567266448463,0.05796612851382902,0.7895181988216865
23285058,H,0.4131982475355969,0.2568455640744797,0.32995618838992335,1.0,0.0,0.0,0.3732343093846393,0.34961637129093903,0.27714931932442166,0.23673700480813387,0.7081862747023219,0.05507672048954432
23285086,D,0.4131982475355969,0.2568455640744797,0.32995618838992335,1.0,0.0,0.0,0.5577262417897969,0.2120551556054117,0.23021860260479143,0.23421406746879822,0.6246797378590604,0.14110619467214133
23285089,A,0.4131982475355969,0.2568455640744797,0.32995618838992335,1.0,0.0,0.0,0.22931125176281145,0.24670632749245877,0.5239824207447298,0.5173302031921784,0.06746409499865047,0.41520570180917116
23301295,H,0.4131982475355969,0.2568455640744797,0.32995618838992335,1.0,0.0,0.0,0.3854037254899821,0.32082772157313466,0.29376855293688325,0.37598690181173583,0.14641829931605432,0.47759479887220974
23301309,A,0.4131982475355969,0.2568455640744797,0.32995618838992335,1.0,0.0,0.0,0.29938225453465944,0.23792432857130108,0.4626934168940394,0.24750556803129078,0.1269993720601489,0.6254950599085602
23301313,D,0.4131982475355969,0.2568455640744797,0.32995618838992335,1.0,0.0,0.0,0.5588317456013788,0.24797284305774983,0.19319541134087145,0.6715218501578661,0.21574320358163207,0.11273494626050172
23354474,A,0.4131982475355969,0.2568455640744797,0.32995618838992335,1.0,0.0,0.0,0.31781337634414586,0.30222307701803885,0.3799635466378151,0.4321363487035035,0.22721392850117023,0.34064972279532624
23354475,A,0.4131982475355969,0.2568455640744797,0.32995618838992335,1.0,0.0,0.0,0.29958256572707487,0.3292318628062929,0.37118557146663217,0.2135636114826899,0.2733622052971757,0.5130741832201344
23354476,H,0.4131982475355969,0.2568455640744797,0.32995618838992335,1.0,0.0,0.0,0.21068608971983444,0.24406498062306697,0.5452489296570986,0.20787425702166198,0.5411833269062243,0.25094241607211376
23354477,D,0.4131982475355969,0.2568455640744797,0.32995618838992335,1.0,0.0,0.0,0.2907852936614296,0.26649070033039,0.4427240060081804,0.1912151477460609,0.3217029845883616,0.4870818676655775
23354478,D,0.4131982475355969,0.2568455640744797,0.32995618838992335,1.0,0.0,0.0,0.20656750730448342,0.2990129524925599,0.49441954020295664,0.13794017217507634,0.33901237973302273,0.5230474480919008
23354510,D,0.4131982475355969,0.2568455640744797,0.32995618838992335,1.0,0.0,0.0,0.32214120313159966,0.2788421320609035,0.3990166648074968,0.25077386939071,0.4682044936928697,0.2810216369164204
23354511,H,0.4131982475355969,0.2568455640744797,0.32995618838992335,1.0,0.0,0.0,0.37744430690673486,0.29507981960832175,0.3274758734849434,0.43859619894135593,0.17585337042276766,0.38555043063587646
23354512,H,0.4131982475355969,0.2568455640744797,0.32995618838992335,1.0,0.0,0.0,0.8206115565421479,0.1323896011885553,0.04699884226929679,0.9349596080284844,0.01672533760085477,0.04831505437066073
23354513,D,0.4131982475355969,0.2568455640744797,0.32995618838992335,1.0,0.0,0.0,0.15419494448760143,0.2287610512831073,0.6170440042292913,0.16692234036302786,0.10350285546894064,0.7295748041680316
23354514,A,0.4131982475355969,0.2568455640744797,0.32995618838992335,1.0,0.0,0.0,0.20676489775833454,0.23210048552166446,0.5611346167200011,0.11869956485852515,0.03305573371774782,0.8482447014237271
23392533,H,0.4131982475355969,0.2568455640744797,0.32995618838992335,1.0,0.0,0.0,0.5218762039179007,0.21194654070794555,0.26617725537415377,0.3340587476410774,0.5068370410498464,0.15910421130907623
23392538,H,0.4131982475355969,0.2568455640744797,0.32995618838992335,1.0,0.0,0.0,0.38294717962667046,0.2559213301031045,0.36113149027022506,0.3248150699889068,0.31159511434941084,0.3635898156616824
23392539,D,0.4131982475355969,0.2568455640744797,0.32995618838992335,1.0,0.0,0.0,0.28022644877894776,0.3122758799761037,0.40749767124494857,0.3971167553515877,0.2545707882540138,0.34831245639439856
23425499,H,0.4131982475355969,0.2568455640744797,0.32995618838992335,1.0,0.0,0.0,0.17750436716112614,0.20328904561150668,0.6192065872273672,0.130180228463175,0.3859650159034516,0.48385475563337343
23425524,A,0.4131982475355969,0.2568455640744797,0.32995618838992335,1.0,0.0,0.0,0.284933609043623,0.32599711177180396,0.3890692791845729,0.23343074674367584,0.5490639107427818,0.21750534251354223
23425689,A,0.4131982475355969,0.2568455640744797,0.32995618838992335,1.0,0.0,0.0,0.2908711851646905,0.3035284913247596,0.4056003235105499,0.746362596211289,0.10864057570168012,0.14499682808703096
23425788,H,0.4131982475355969,0.2568455640744797,0.32995618838992335,1.0,0.0,0.0,0.3105735674328053,0.2528145352995068,0.436611897267688,0.3227938006337203,0.2442541306823354,0.43295206868394426
23425789,A,0.4131982475355969,0.2568455640744797,0.32995618838992335,1.0,0.0,0.0,0.45303405918700984,0.2505099594894276,0.29645598132356266,0.6419337470261154,0.25770089076447383,0.1003653622094108
23425790,H,0.4131982475355969,0.2568455640744797,0.32995618838992335,1.0,0.0,0.0,0.24935715373987657,0.29968509453534387,0.45095775172477953,0.22721093696171465,0.35631405220549156,0.4164750108327938
23425791,H,0.4131982475355969,0.2568455640744797,0.32995618838992335,1.0,0.0,0.0,0.33854668117423986,0.2395943838062635,0.4218589350194967,0.49494264107865754,0.34180573162425404,0.16325162729708845
23426208,H,0.4131982475355969,0.2568455640744797,0.32995618838992335,1.0,0.0,0.0,0.48771241361428885,0.30787143970497555,0.20441614668073554,0.5113322436059905,0.093285907485819,0.39538184890819056
23426240,H,0.4131982475355969,0.2568455640744797,0.32995618838992335,1.0,0.0,0.0,0.7355939600961943,0.18286800112420282,0.08153803877960289,0.653003839534507,0.042542911724254215,0.3044532487412388
23426306,D,0.4131982475355969,0.2568455640744797,0.32995618838992335,1.0,0.0,0.0,0.23739174331742627,0.2647084170088403,0.4978998396737336,0.06531943259119613,0.11695360174669578,0.8177269656621081
23426383,H,0.4131982475355969,0.2568455640744797,0.32995618838992335,1.0,0.0,0.0,0.5940086273615284,0.24089269153858214,0.1650986810998895,0.267020818927018,0.13353450359082278,0.5994446774821592
23426384,H,0.4131982475355969,0.2568455640744797,0.32995618838992335,1.0,0.0,0.0,0.4492913095639019,0.2992164628908422,0.25149222754525596,0.4752044760845208,0.2804543235824911,0.24434120033298812
23426411,H,0.4131982475355969,0.2568455640744797,0.32995618838992335,1.0,0.0,0.0,0.5505426251650319,0.2224609459624055,0.22699642887256247,0.7642201935467602,0.08673977421128579,0.14904003224195408
23426517,H,0.4131982475355969,0.2568455640744797,0.32995618838992335,1.0,0.0,0.0,0.6616546435066157,0.21915605136188362,0.11918930513150058,0.8147227171516485,0.1526749707144339,0.03260231213391762
23426520,A,0.4131982475355969,0.2568455640744797,0.32995618838992335,1.0,0.0,0.0,0.561296192398221,0.22509731491820345,0.2136064926835755,0.5713986198953815,0.22196063917344788,0.20664074093117057
23426521,H,0.4131982475355969,0.2568455640744797,0.32995618838992335,1.0,0.0,0.0,0.40057768901665775,0.28606870972774556,0.31335360125559675,0.3439433107663141,0.43672795169736317,0.2193287375363227
23556888,A,0.4131982475355969,0.2568455640744797,0.32995618838992335,1.0,0.0,0.0,0.19452108777585195,0.24357197162643515,0.5619069405977128,0.08464467143489551,0.2264536692016701,0.6889016593634343
23556901,H,0.4131982475355969,0.2568455640744797,0.32995618838992335,1.0,0.0,0.0,0.4991273721663972,0.2777188524901787,0.223153775343424,0.33117899572410997,0.32789653230667437,0.3409244719692156
23556944,A,0.4131982475355969,0.2568455640744797,0.32995618838992335,1.0,0.0,0.0,0.41313458511274315,0.3197654601007629,0.26709995478649395,0.1916519561049947,0.5715465414389592,0.236801502456046
23557256,H,0.4131982475355969,0.2568455640744797,0.32995618838992335,1.0,0.0,0.0,0.4680584216022077,0.25168145966425837,0.2802601187335339,0.3934293124257648,0.18150748928591454,0.4250631982883207
23557257,H,0.4131982475355969,0.2568455640744797,0.32995618838992335,1.0,0.0,0.0,0.5375363646059439,0.22804961758030856,0.23441401781374754,0.5386860395159463,0.15367467929132045,0.30763928119273326
23557258,A,0.4131982475355969,0.2568455640744797,0.32995618838992335,1.0,0.0,0.0,0.23856055232502849,0.3122449327394768,0.4491945149354946,0.19490765651936243,0.2843570114330714,0.5207353320475662
23557259,A,0.4131982475355969,0.2568455640744797,0.32995618838992335,1.0,0.0,0.0,0.3969041501334133,0.2969990108053925,0.30609683906119434,0.31785261196394715,0.5110576662922297,0.17108972174382328
23557260,D,0.4131982475355969,0.2568455640744797,0.32995618838992335,1.0,0.0,0.0,0.4024613812769019,0.24430525026470742,0.3532333684583907,0.23572243863124953,0.5599701581240143,0.2043074032447361
23557261,D,0.4131982475355969,0.2568455640744797,0.32995618838992335,1.0,0.0,0.0,0.47677093821270133,0.29458025057014986,0.22864881121714886,0.38672972300779507,0.3514957910032615,0.26177448598894354
23557262,A,0.4131982475355969,0.2568455640744797,0.32995618838992335,1.0,0.0,0.0,0.49579849950046395,0.2719203863312468,0.23228111416828928,0.7247885831646579,0.09762826259436173,0.17758315424098048
23557263,A,0.4131982475355969,0.2568455640744797,0.32995618838992335,1.0,0.0,0.0,0.5081746975217594,0.25767206540796667,0.23415323707027388,0.8117171895305731,0.10548878509017243,0.08279402537925448
23557435,D,0.4131982475355969,0.2568455640744797,0.32995618838992335,1.0,0.0,0.0,0.2944463956027436,0.2854837125016614,0.42006989189559496,0.25382974363376315,0.2242412833377865,0.5219289730284503
23557500,H,0.4131982475355969,0.2568455640744797,0.32995618838992335,1.0,0.0,0.0,0.6309052225462904,0.21750523521153867,0.15158954224217083,0.8839431885388612,0.06246809880847983,0.05358871265265888
23557501,A,0.4131982475355969,0.2568455640744797,0.32995618838992335,1.0,0.0,0.0,0.2315762606554127,0.21753457881956811,0.5508891605250192,0.15420452083646682,0.48668969681207125,0.3591057823514619
23557511,H,0.4131982475355969,0.2568455640744797,0.32995618838992335,1.0,0.0,0.0,0.5135974862244231,0.2405597443820668,0.24584276939351013,0.85935930521576,0.10559010777955932,0.03505058700468082
23557572,H,0.4131982475355969,0.2568455640744797,0.32995618838992335,1.0,0.0,0.0,0.21198254652621812,0.19921878981493446,0.5887986636588474,0.4289828688232177,0.1032156226535646,0.46780150852321767
23557573,H,0.4131982475355969,0.2568455640744797,0.32995618838992335,1.0,0.0,0.0,0.4569902842082678,0.2629784884685352,0.2800312273231971,0.6489980261696239,0.24414391209392805,0.10685806173644802
23678602,H,0.4131982475355969,0.2568455640744797,0.32995618838992335,1.0,0.0,0.0,0.5485791274222793,0.2733401326219886,0.17808073995573198,0.502471061456411,0.21461364417110623,0.2829152943724829
23678611,D,0.4131982475355969,0.2568455640744797,0.32995618838992335,1.0,0.0,0.0,0.477933284108943,0.3451893328390925,0.17687738305196457,0.5611251094651829,0.2615139999903159,0.17736089054450124
23758757,D,0.4131982475355969,0.2568455640744797,0.32995618838992335,1.0,0.0,0.0,0.1709307856541005,0.19691721649433416,0.6321519978515652,0.13047648630085998,0.08729083738370903,0.782232676315431
23758777,H,0.4131982475355969,0.2568455640744797,0.32995618838992335,1.0,0.0,0.0,0.49494294644369263,0.3133135566995457,0.19174349685676184,0.3792123138547107,0.415044869181338,0.20574281696395125
23759165,D,0.4131982475355969,0.2568455640744797,0.32995618838992335,1.0,0.0,0.0,0.5013661908056662,0.22315833267351964,0.27547547652081406,0.4183443584424579,0.19247379990467303,0.3891818416528691
23759216,A,0.4131982475355969,0.2568455640744797,0.32995618838992335,1.0,0.0,0.0,0.38378491949681076,0.30955790091606417,0.3066571795871251,0.3232720695405556,0.24647064914432976,0.43025728131511454
23759433,H,0.4131982475355969,0.2568455640744797,0.32995618838992335,1.0,0.0,0.0,0.2955515288958174,0.29744822540237914,0.4070002457018034,0.5381114733986118,0.2770850359869367,0.1848034906144516
23759482,H,0.4131982475355969,0.2568455640744797,0.32995618838992335,1.0,0.0,0.0,0.49860711261451574,0.2337390032809583,0.26765388410452584,0.34974874704534936,0.3780569040828273,0.27219434887182337
23759483,H,0.4131982475355969,0.2568455640744797,0.32995618838992335,1.0,0.0,0.0,0.7010257929786272,0.21582329839603406,0.08315090862533868,0.6562525009688166,0.11079252052690486,0.23295497850427854
23759484,H,0.4131982475355969,0.2568455640744797,0.32995618838992335,1.0,0.0,0.0,0.4127998032242237,0.2659286216638372,0.32127157511193916,0.5794342674506113,0.12677601711807132,0.29378971543131743
23759485,H,0.4131982475355969,0.2568455640744797,0.32995618838992335,1.0,0.0,0.0,0.3007527581334588,0.31308672817518757,0.3861605136913536,0.2036992128369282,0.3624230032448884,0.43387778391818344
23759486,D,0.4131982475355969,0.2568455640744797,0.32995618838992335,1.0,0.0,0.0,0.4317262376845691,0.2723851209884358,0.29588864132699516,0.49385831373436845,0.33914923775317085,0.16699244851246062
23759739,D,0.4131982475355969,0.2568455640744797,0.32995618838992335,1.0,0.0,0.0,0.355746969353362,0.3424507431832083,0.3018022874634298,0.5631855743558091,0.21966449567581092,0.21714992996837992
23759754,D,0.4131982475355969,0.2568455640744797,0.32995618838992335,1.0,0.0,0.0,0.24658868592750577,0.22873847979327816,0.5246728342792162,0.3213223040938146,0.34727157108467677,0.33140612482150866
23759765,A,0.4131982475355969,0.2568455640744797,0.32995618838992335,1.0,0.0,0.0,0.2838094345490595,0.2860502484154678,0.43014031703547273,0.23334667268334888,0.2632100925133356,0.5034432348033155
23759768,H,0.4131982475355969,0.2568455640744797,0.32995618838992335,1.0,0.0,0.0,0.4090475240616691,0.2316609873351628,0.3592914886031681,0.23675839334497295,0.283976318564142,0.47926528809088503
23760007,A,0.4131982475355969,0.2568455640744797,0.32995618838992335,1.0,0.0,0.0,0.09438097177762926,0.19305453288072613,0.7125644953416447,0.03450010555942009,0.08384690254247076,0.8816529918981091
23760057,H,0.4131982475355969,0.2568455640744797,0.32995618838992335,1.0,0.0,0.0,0.3650669656128508,0.32457050868855325,0.31036252569859596,0.4160309559387081,0.3196904057019373,0.26427863835935467
23760060,H,0.4131982475355969,0.2568455640744797,0.32995618838992335,1.0,0.0,0.0,0.6146333814914745,0.24794271414210106,0.13742390436642443,0.8407779090159656,0.08474154502749427,0.07448054595654004
23760065,D,0.4131982475355969,0.2568455640744797,0.32995618838992335,1.0,0.0,0.0,0.16174560941157967,0.20916512019854952,0.6290892703898708,0.050462479278612755,0.12883110042528456,0.8207064202961026
23760211,A,0.4131982475355969,0.2568455640744797,0.32995618838992335,1.0,0.0,0.0,0.4176127478674929,0.26042625836389943,0.32196099376860765,0.44561700858392556,0.22965394050736826,0.32472905090870613
23760222,H,0.4131982475355969,0.2568455640744797,0.32995618838992335,1.0,0.0,0.0,0.4676144500426331,0.3377850580923084,0.19460049186505862,0.6261484980796911,0.2319540335991929,0.1418974683211161
23760823,H,0.4131982475355969,0.2568455640744797,0.32995618838992335,1.0,0.0,0.0,0.7824567532600756,0.1530317281200327,0.0645115186198916,0.8848501547807669,0.10624531484195543,0.008904530377277588
23760825,H,0.4131982475355969,0.2568455640744797,0.32995618838992335,1.0,0.0,0.0,0.3408061860741544,0.30324880550267713,0.3559450084231685,0.6242778059442964,0.12703428245056764,0.24868791160513593
23761136,A,0.4131982475355969,0.2568455640744797,0.32995618838992335,1.0,0.0,0.0,0.18197609321708527,0.240178093635001,0.5778458131479137,0.33695439786451975,0.08622038810347608,0.5768252140320042
23761223,H,0.4131982475355969,0.2568455640744797,0.32995618838992335,1.0,0.0,0.0,0.47338044841642246,0.3069175175787158,0.21970203400486185,0.3737609212954227,0.31283390121459714,0.3134051774899801
23761587,D,0.4131982475355969,0.2568455640744797,0.32995618838992335,1.0,0.0,0.0,0.26563112549597334,0.28434795109374916,0.45002092341027744,0.34177761492330117,0.1401577631889363,0.5180646218877625
23761589,H,0.4131982475355969,0.2568455640744797,0.32995618838992335,1.0,0.0,0.0,0.7916423931071108,0.13686216607330043,0.07149544081958875,0.926406941123999,0.05176820358728409,0.021824855288716877
23761594,D,0.4131982475355969,0.2568455640744797,0.32995618838992335,1.0,0.0,0.0,0.46047337568447777,0.2694305912057745,0.2700960331097478,0.7415109281545732,0.10746228097328141,0.1510267908721453
23761641,H,0.4131982475355969,0.2568455640744797,0.32995618838992335,1.0,0.0,0.0,0.5730333313069378,0.2343944707795511,0.19257219791351102,0.6754453070992807,0.1706031796078104,0.15395151329290896
23761729,D,0.4131982475355969,0.2568455640744797,0.32995618838992335,1.0,0.0,0.0,0.22081291700432695,0.3317219633568582,0.4474651196388148,0.3076597434206344,0.1580441686019374,0.5342960879774282
23761790,A,0.4131982475355969,0.2568455640744797,0.32995618838992335,1.0,0.0,0.0,0.4720123654984839,0.2861346643375506,0.24185297016396548,0.32933582465497463,0.43874079986767434,0.2319233754773511
23761792,H,0.4131982475355969,0.2568455640744797,0.32995618838992335,1.0,0.0,0.0,0.6017330244563829,0.19612754208689048,0.20213943345672666,0.3991484687082162,0.4769660432731106,0.12388548801867318
23761801,A,0.4131982475355969,0.2568455640744797,0.32995618838992335,1.0,0.0,0.0,0.2755077020303935,0.26394082714964034,0.460551470819966,0.21717165532645324,0.15847562938798995,0.6243527152855568
23761864,D,0.4131982475355969,0.2568455640744797,0.32995618838992335,1.0,0.0,0.0,0.4379379198611479,0.19147201937684089,0.3705900607620113,0.546899384438961,0.028852613743786202,0.4242480018172528
23761867,A,0.4131982475355969,0.2568455640744797,0.32995618838992335,1.0,0.0,0.0,0.2799316307883422,0.268252617693632,0.4518157515180258,0.4624010094491496,0.19722761510154985,0.34037137544930063
24146636,D,0.4131982475355969,0.2568455640744797,0.32995618838992335,1.0,0.0,0.0,0.5225142279307136,0.27412808932308275,0.20335768274620367,0.28606102966394525,0.2831134332522269,0.4308255370838278
24146657,A,0.4131982475355969,0.2568455640744797,0.32995618838992335,1.0,0.0,0.0,0.620876354148095,0.2190484012106826,0.1600752446412224,0.7576613246383903,0.10723175642468516,0.13510691893692453
24146664,A,0.4131982475355969,0.2568455640744797,0.32995618838992335,1.0,0.0,0.0,0.3557308206892513,0.23483131107663577,0.40943786823411277,0.35437037265330656,0.22598662427140342,0.41964300307528996
24146665,D,0.4131982475355969,0.2568455640744797,0.32995618838992335,1.0,0.0,0.0,0.5257221263608512,0.2943100571217776,0.17996781651737118,0.8367130052130795,0.13922795329903914,0.024059041487881405
24162084,A,0.4131982475355969,0.2568455640744797,0.32995618838992335,1.0,0.0,0.0,0.17459009684154045,0.3043651398470201,0.5210447633114395,0.6341813466031931,0.05963901647016385,0.3061796369266431
24162100,D,0.4131982475355969,0.2568455640744797,0.32995618838992335,1.0,0.0,0.0,0.7719775311803969,0.14836356975184417,0.07965889906775886,0.9308142013337511,0.021787508551335315,0.04739829011491346
24162101,D,0.4131982475355969,0.2568455640744797,0.32995618838992335,1.0,0.0,0.0,0.4856040890112424,0.29267181387092794,0.22172409711782975,0.5483691080411696,0.31444503074261293,0.13718586121621756
24162102,A,0.4131982475355969,0.2568455640744797,0.32995618838992335,1.0,0.0,0.0,0.28973369890067263,0.26776237445472956,0.4425039266445977,0.7088261995171617,0.08768427397849529,0.20348952650434296
24162130,H,0.4131982475355969,0.2568455640744797,0.32995618838992335,1.0,0.0,0.0,0.3981096645448914,0.2407092389670997,0.3611810964880089,0.34673873856305076,0.11589696176054945,0.5373642996763998
24189208,A,0.4131982475355969,0.2568455640744797,0.32995618838992335,1.0,0.0,0.0,0.3321784770500536,0.2786771911472484,0.38914433180269803,0.5305853119796263,0.3162997344633798,0.15311495355699395
24189233,H,0.4131982475355969,0.2568455640744797,0.32995618838992335,1.0,0.0,0.0,0.5943663258839025,0.2949183610589519,0.11071531305714556,0.44559056855125234,0.4439342884821697,0.11047514296657805
24189234,D,0.4131982475355969,0.2568455640744797,0.32995618838992335,1.0,0.0,0.0,0.3352167391728417,0.2807650374103362,0.38401822341682207,0.2904284673294013,0.3470103497845408,0.3625611828860578
24189235,H,0.4131982475355969,0.2568455640744797,0.32995618838992335,1.0,0.0,0.0,0.29521571971135574,0.2825755406310444,0.4222087396575999,0.32204718680024347,0.21534132313505572,0.4626114900647008
24189236,A,0.4131982475355969,0.2568455640744797,0.32995618838992335,1.0,0.0,0.0,0.3359714457739366,0.28239095362241934,0.38163760060364393,0.4151367198180159,0.18484684995269504,0.4000164302292891
24247364,H,0.4131982475355969,0.2568455640744797,0.32995618838992335,1.0,0.0,0.0,0.4605557714211968,0.30321880996847755,0.2362254186103256,0.5807093575002544,0.17275218507321385,0.24653845742653172
24247423,A,0.4131982475355969,0.2568455640744797,0.32995618838992335,1.0,0.0,0.0,0.4660908060701228,0.28162946594180027,0.25227972798807685,0.5462417335872055,0.19167517639499268,0.26208309001780183
24247432,H,0.4131982475355969,0.2568455640744797,0.32995618838992335,1.0,0.0,0.0,0.275570204566638,0.25658182241474986,0.46784797301861225,0.4587662522955481,0.18529493825221582,0.3559388094522361
24247433,H,0.4131982475355969,0.2568455640744797,0.32995618838992335,1.0,0.0,0.0,0.37848244443608015,0.34379217449149857,0.2777253810724213,0.4275406624926912,0.3942159614408839,0.1782433760664249
24247979,H,0.4131982475355969,0.2568455640744797,0.32995618838992335,1.0,0.0,0.0,0.6571194917809383,0.21749639213597902,0.12538411608308264,0.4446710688941518,0.45308242434115426,0.10224650676469396
24287908,H,0.4131982475355969,0.2568455640744797,0.32995618838992335,1.0,0.0,0.0,0.30076983574584104,0.34285734812227053,0.35637281613188837,0.08275057682871552,0.6434474087079668,0.2738020144633177
24288160,D,0.4131982475355969,0.2568455640744797,0.32995618838992335,1.0,0.0,0.0,0.3956087716092398,0.26387132443829475,0.34051990395246545,0.44358957890765355,0.32526360872726345,0.23114681236508303
24288211,H,0.4131982475355969,0.2568455640744797,0.32995618838992335,1.0,0.0,0.0,0.543427338554211,0.2514892073698611,0.20508345407592793,0.40234675639181516,0.3783327102402345,0.21932053336795038
24288212,H,0.4131982475355969,0.2568455640744797,0.32995618838992335,1.0,0.0,0.0,0.543932025058962,0.31551384761787477,0.14055412732316322,0.44945554860422376,0.2415250458316136,0.30901940556416263
24288213,A,0.4131982475355969,0.2568455640744797,0.32995618838992335,1.0,0.0,0.0,0.37293128688115385,0.27501648105896426,0.35205223205988184,0.40527081550174215,0.3814683024222775,0.2132608820759803
24288214,A,0.4131982475355969,0.2568455640744797,0.32995618838992335,1.0,0.0,0.0,0.28033910017784225,0.2755548582995816,0.44410604152257627,0.35792062481532216,0.28791278471639475,0.35416659046828314
24288215,H,0.4131982475355969,0.2568455640744797,0.32995618838992335,1.0,0.0,0.0,0.2409564054309116,0.2598859380351512,0.4991576565339371,0.07763982493904957,0.06460225566752821,0.8577579193934222
24288670,A,0.4131982475355969,0.2568455640744797,0.32995618838992335,1.0,0.0,0.0,0.1660443717401669,0.26482400327792005,0.5691316249819132,0.23491804257925655,0.18357018046121445,0.581511776959529
24288757,D,0.4131982475355969,0.2568455640744797,0.32995618838992335,1.0,0.0,0.0,0.2010983228210919,0.24131996846844775,0.5575817087104603,0.02518351914396997,0.08558252499324918,0.889233955862781
24288817,A,0.4131982475355969,0.2568455640744797,0.32995618838992335,1.0,0.0,0.0,0.1376295679551844,0.2755221602650554,0.5868482717797601,0.275186570472204,0.3997104080196165,0.3251030215081796
24288841,D,0.4131982475355969,0.2568455640744797,0.32995618838992335,1.0,0.0,0.0,0.6733966199455513,0.18871105275585248,0.13789232729859632,0.7188039983190817,0.07064000260004454,0.21055599908087383
24288842,H,0.4131982475355969,0.2568455640744797,0.32995618838992335,1.0,0.0,0.0,0.5408272214933344,0.31275934994367605,0.14641342856298956,0.5115725533028231,0.2375733804779293,0.25085406621924755
24289007,H,0.4131982475355969,0.2568455640744797,0.32995618838992335,1.0,0.0,0.0,0.6865426403391707,0.20951674571658294,0.10394061394424636,0.6918692286215661,0.14679794562524953,0.16133282575318436
24289016,A,0.4131982475355969,0.2568455640744797,0.32995618838992335,1.0,0.0,0.0,0.3078250538916853,0.296659344739367,0.3955156013689478,0.12727269441627595,0.5113037556397739,0.36142354994395015
24289023,D,0.4131982475355969,0.2568455640744797,0.32995618838992335,1.0,0.0,0.0,0.4341188316598795,0.22202503064250254,0.34385613769761797,0.5282273418933058,0.056367842830783776,0.4154048152759105
24464234,A,0.4131982475355969,0.2568455640744797,0.32995618838992335,1.0,0.0,0.0,0.6195945596813348,0.2130557742684608,0.1673496660502044,0.7068013804166791,0.2170529764609459,0.07614564312237505
24464287,H,0.4131982475355969,0.2568455640744797,0.32995618838992335,1.0,0.0,0.0,0.2855976922701328,0.2768181500619653,0.4375841576679019,0.35064402299046615,0.26533924210297666,0.38401673490655724
24464381,H,0.4131982475355969,0.2568455640744797,0.32995618838992335,1.0,0.0,0.0,0.2509217255139008,0.2976971257954413,0.45138114869065793,0.19186731084703007,0.38687639278401,0.42125629636896
24464761,A,0.4131982475355969,0.2568455640744797,0.32995618838992335,1.0,0.0,0.0,0.581525032273903,0.22476533545256214,0.19370963227353502,0.7768474880726579,0.17243259460238117,0.05071991732496095
24464788,A,0.4131982475355969,0.2568455640744797,0.32995618838992335,1.0,0.0,0.0,0.2548697351523384,0.34907805489440163,0.3960522099532599,0.1612994722817473,0.49699601823418127,0.3417045094840714
24464790,D,0.4131982475355969,0.2568455640744797,0.32995618838992335,1.0,0.0,0.0,0.4247295558854245,0.27803929611628275,0.2972311479982928,0.23554881524607654,0.4909813217643943,0.27346986298952924
24464797,A,0.4131982475355969,0.2568455640744797,0.32995618838992335,1.0,0.0,0.0,0.328602268341089,0.300177289198829,0.37122044246008185,0.6395236115870958,0.26699622092216724,0.09348016749073706
24464800,H,0.4131982475355969,0.2568455640744797,0.32995618838992335,1.0,0.0,0.0,0.45765996756882305,0.3120452501021936,0.23029478232898343,0.6638260543989373,0.191016110016513,0.14515783558454967
24464837,D,0.4131982475355969,0.2568455640744797,0.32995618838992335,1.0,0.0,0.0,0.22855804692079895,0.3045200229866626,0.46692193009253846,0.15119186941762547,0.36067595588161594,0.4881321747007586
24464945,A,0.4131982475355969,0.2568455640744797,0.32995618838992335,1.0,0.0,0.0,0.33834130600777634,0.27957431858819426,0.3820843754040294,0.15651148346241955,0.15621249926805106,0.6872760172695294
24465014,A,0.4131982475355969,0.2568455640744797,0.32995618838992335,1.0,0.0,0.0,0.21978310754336453,0.2596002457919933,0.5206166466646421,0.12674245604145545,0.19458185943671494,0.6786756845218296
24465018,A,0.4131982475355969,0.2568455640744797,0.32995618838992335,1.0,0.0,0.0,0.4185241869349748,0.2731816670036165,0.30829414606140865,0.6919344011549579,0.15949169744012667,0.1485739014049154
24465038,D,0.4131982475355969,0.2568455640744797,0.32995618838992335,1.0,0.0,0.0,0.6148593678017663,0.20546824696537377,0.17967238523285994,0.7651097961577608,0.18659213679969033,0.04829806704254887
24465046,H,0.4131982475355969,0.2568455640744797,0.32995618838992335,1.0,0.0,0.0,0.28677126849581036,0.3110125951103105,0.40221613639387915,0.20807923079721138,0.34796078924990925,0.44395997995287934
24465107,H,0.4131982475355969,0.2568455640744797,0.32995618838992335,1.0,0.0,0.0,0.6401576918523535,0.1852211742867902,0.17462113386085637,0.35877398320015724,0.5563320132459092,0.08489400355393362
24465108,D,0.4131982475355969,0.2568455640744797,0.32995618838992335,1.0,0.0,0.0,0.7233569181335928,0.1666473359441063,0.10999574592230092,0.8784950744913531,0.0668068968115293,0.05469802869711765
24465114,D,0.4131982475355969,0.2568455640744797,0.32995618838992335,1.0,0.0,0.0,0.5485780652399822,0.2617052665079461,0.18971666825207167,0.6507086327490341,0.126984833395339,0.22230653385562685
24624311,D,0.4131982475355969,0.2568455640744797,0.32995618838992335,1.0,0.0,0.0,0.5700820634983825,0.25010555050310596,0.17981238599851143,0.7400522359844658,0.21193973437576064,0.04800802963977342
24624318,A,0.4131982475355969,0.2568455640744797,0.32995618838992335,1.0,0.0,0.0,0.4904526939472037,0.27547541608873355,0.2340718899640627,0.5026899889480327,0.24386039104120505,0.25344962001076227
24673744,A,0.4131982475355969,0.2568455640744797,0.32995618838992335,1.0,0.0,0.0,0.21511753855943327,0.21770393567251953,0.5671785257680473,0.1499384549787741,0.062078820992343055,0.7879827240288828
24673745,H,0.4131982475355969,0.2568455640744797,0.32995618838992335,1.0,0.0,0.0,0.3452676518085939,0.27906264056162267,0.37566970762978336,0.5034390044228577,0.2170192140359697,0.2795417815411726
24673746,A,0.4131982475355969,0.2568455640744797,0.32995618838992335,1.0,0.0,0.0,0.3302864229361847,0.34097525294805847,0.3287383241157569,0.5407552878746267,0.2541343656951784,0.20511034643019485
24673747,D,0.4131982475355969,0.2568455640744797,0.32995618838992335,1.0,0.0,0.0,0.5024487208902868,0.2708898778277464,0.22666140128196682,0.5039100166398217,0.3658359992073599,0.13025398415281844
24673748,H,0.4131982475355969,0.2568455640744797,0.32995618838992335,1.0,0.0,0.0,0.4061776661483268,0.32515100225290816,0.2686713315987651,0.2865994315195775,0.4138505877979462,0.29954998068247624
24673794,D,0.4131982475355969,0.2568455640744797,0.32995618838992335,1.0,0.0,0.0,0.5501430395488278,0.2426866719513161,0.20717028849985616,0.7761551794466202,0.11143601590263486,0.11240880465074501
24673795,H,0.4131982475355969,0.2568455640744797,0.32995618838992335,1.0,0.0,0.0,0.7169415753202683,0.19704421047459847,0.08601421420513332,0.9120461675573386,0.06960280809622407,0.01835102434643736
24673796,A,0.4131982475355969,0.2568455640744797,0.32995618838992335,1.0,0.0,0.0,0.10976539731219555,0.19359322101562368,0.6966413816721808,0.06524745928200336,0.1317772597050954,0.8029752810129012
24673797,A,0.4131982475355969,0.2568455640744797,0.32995618838992335,1.0,0.0,0.0,0.5746617642487895,0.19811677065961134,0.22722146509159924,0.7219805834888056,0.1814578014048545,0.09656161510633982
24673798,H,0.4131982475355969,0.2568455640744797,0.32995618838992335,1.0,0.0,0.0,0.6234496240221763,0.21086748329958765,0.16568289267823608,0.6451137481969753,0.12435242429367245,0.23053382750935236
24673799,A,0.4131982475355969,0.2568455640744797,0.32995618838992335,1.0,0.0,0.0,0.21663777068691129,0.2608986508612684,0.5224635784518202,0.2112310531030426,0.2301727201869309,0.5585962267100264
24716678,H,0.4131982475355969,0.2568455640744797,0.32995618838992335,1.0,0.0,0.0,0.6258026967442344,0.2118264299945463,0.16237087326121932,0.887726231371058,0.0752354825729817,0.037038286055960455
24735728,H,0.4131982475355969,0.2568455640744797,0.32995618838992335,1.0,0.0,0.0,0.32233965295808825,0.33829273252335457,0.3393676145185573,0.3789256590547361,0.3076639719647149,0.31341036898054897
24735748,D,0.4131982475355969,0.2568455640744797,0.32995618838992335,1.0,0.0,0.0,0.3627368412335585,0.27112432546488113,0.36613883330156033,0.42268917495680036,0.30906460434194094,0.2682462207012588
24735752,H,0.4131982475355969,0.2568455640744797,0.32995618838992335,1.0,0.0,0.0,0.5896644641677297,0.2741838885617309,0.13615164727053936,0.6803478115620374,0.2868626199047182,0.032789568533244454
24785962,H,0.4131982475355969,0.2568455640744797,0.32995618838992335,1.0,0.0,0.0,0.08711822493773037,0.16957991767949124,0.7433018573827785,0.024688206246971715,0.24998412550065024,0.725327668252378
24786057,D,0.4131982475355969,0.2568455640744797,0.32995618838992335,1.0,0.0,0.0,0.39905224278948226,0.3072658283521532,0.29368192885836447,0.6087601680799078,0.32058943487883435,0.07065039704125775
24786367,A,0.4131982475355969,0.2568455640744797,0.32995618838992335,1.0,0.0,0.0,0.2846644930101311,0.2808881737575691,0.4344473332322999,0.5129429886350112,0.31107517561942094,0.1759818357455678
24786420,H,0.4131982475355969,0.2568455640744797,0.32995618838992335,1.0,0.0,0.0,0.49699968034926656,0.24342612805895789,0.25957419159177564,0.3934603978794436,0.13231309897518279,0.4742265031453736
24786421,H,0.4131982475355969,0.2568455640744797,0.32995618838992335,1.0,0.0,0.0,0.56651635754622,0.2320844716833392,0.2013991707704407,0.31727749123521914,0.4447176381266042,0.23800487063817663
24786422,D,0.4131982475355969,0.2568455640744797,0.32995618838992335,1.0,0.0,0.0,0.2721616704788864,0.27718225771039967,0.450656071810714,0.5268251900291799,0.03888403846005644,0.4342907715107637
24786423,H,0.4131982475355969,0.2568455640744797,0.32995618838992335,1.0,0.0,0.0,0.6605616090728947,0.21559005620590713,0.12384833472119808,0.7806956958411126,0.1531269388208799,0.06617736533800736
24786425,H,0.4131982475355969,0.2568455640744797,0.32995618838992335,1.0,0.0,0.0,0.29653689794625704,0.2974832508432895,0.40597985121045344,0.117555595523368,0.2042582639355328,0.6781861405410992
24786444,A,0.4131982475355969,0.2568455640744797,0.32995618838992335,1.0,0.0,0.0,0.41181086083741686,0.25968681723738796,0.3285023219251952,0.4289405049235389,0.3295863664814626,0.24147312859499853
24786445,H,0.4131982475355969,0.2568455640744797,0.32995618838992335,1.0,0.0,0.0,0.6028876309232947,0.22221062655677803,0.17490174251992732,0.45680847529502344,0.2869419512448992,0.2562495734600774
24786447,H,0.4131982475355969,0.2568455640744797,0.32995618838992335,1.0,0.0,0.0,0.6321874628261035,0.23165537113149706,0.13615716604239939,0.5216462863252519,0.05150303120469104,0.42685068247005703
24786456,H,0.4131982475355969,0.2568455640744797,0.32995618838992335,1.0,0.0,0.0,0.5554267496100854,0.22568275808100918,0.2188904923089054,0.6946275317160246,0.1675705680572756,0.1378019002266998
24786466,H,0.4131982475355969,0.2568455640744797,0.32995618838992335,1.0,0.0,0.0,0.1778052800720923,0.24439880190521812,0.5777959180226896,0.21564883794859893,0.14734309789144073,0.6370080641599603
24786856,H,0.4131982475355969,0.2568455640744797,0.32995618838992335,1.0,0.0,0.0,0.19020696335655307,0.31579981182737643,0.49399322481607044,0.2933772997748571,0.13246270954112616,0.5741599906840167
24786940,H,0.4131982475355969,0.2568455640744797,0.32995618838992335,1.0,0.0,0.0,0.6850073248044523,0.188506341130984,0.12648633406456372,0.9388708836330711,0.004793027360174028,0.05633608900675475
24787034,H,0.4131982475355969,0.2568455640744797,0.32995618838992335,1.0,0.0,0.0,0.5332541699311475,0.2407220447098651,0.22602378535898734,0.48605402142865733,0.37177406398902985,0.1421719145823129
24787065,D,0.4131982475355969,0.2568455640744797,0.32995618838992335,1.0,0.0,0.0,0.6979023897353189,0.15502592591848674,0.14707168434619433,0.48648947225536415,0.3984685884359208,0.11504193930871498
24787075,D,0.4131982475355969,0.2568455640744797,0.32995618838992335,1.0,0.0,0.0,0.6670152626322843,0.2475576511199222,0.08542708624779352,0.6544474696097947,0.11167409180237546,0.23387843858782986
24787076,D,0.4131982475355969,0.2568455640744797,0.32995618838992335,1.0,0.0,0.0,0.6356031422760424,0.2275591300257821,0.13683772769817545,0.8348473050072311,0.15448003448753989,0.01067266050522901
24787130,A,0.4131982475355969,0.2568455640744797,0.32995618838992335,1.0,0.0,0.0,0.2640303147220139,0.27513002276848314,0.46083966250950303,0.11780680819522003,0.45637134149825603,0.4258218503065239
24787226,H,0.4131982475355969,0.2568455640744797,0.32995618838992335,1.0,0.0,0.0,0.1990981994623748,0.22186509736112936,0.5790367031764957,0.18178797751082953,0.1053260332798918,0.7128859892092787
24787238,A,0.4131982475355969,0.2568455640744797,0.32995618838992335,1.0,0.0,0.0,0.5412699351314713,0.29801055898107415,0.16071950588745465,0.6791954719841938,0.1560687412765701,0.16473578673923608
24787247,A,0.4131982475355969,0.2568455640744797,0.32995618838992335,1.0,0.0,0.0,0.4812176174027318,0.23105087807105965,0.2877315045262085,0.2859889275237462,0.21219990561323526,0.5018111668630185
24994606,A,0.4131982475355969,0.2568455640744797,0.32995618838992335,1.0,0.0,0.0,0.09249570316557067,0.1889773280178717,0.7185269688165576,0.04507922831646659,0.07841564354284666,0.8765051281406866
24994653,A,0.4131982475355969,0.2568455640744797,0.32995618838992335,1.0,0.0,0.0,0.24813779535202132,0.2493896455580439,0.5024725590899348,0.16226696512251887,0.34049572291899655,0.4972373119584847
24994738,H,0.4131982475355969,0.2568455640744797,0.32995618838992335,1.0,0.0,0.0,0.19720028708018542,0.2780514874661138,0.5247482254537008,0.40349904652437824,0.15572817273741352,0.44077278073820814
24995061,H,0.4131982475355969,0.2568455640744797,0.32995618838992335,1.0,0.0,0.0,0.29388726908718177,0.2863332452257199,0.41977948568709833,0.49180779753472914,0.2779117569193957,0.2302804455458752
24995161,H,0.4131982475355969,0.2568455640744797,0.32995618838992335,1.0,0.0,0.0,0.34203804436543955,0.25601812342716884,0.40194383220739155,0.476995416680822,0.4036766492458264,0.11932793407335159
24995211,A,0.4131982475355969,0.2568455640744797,0.32995618838992335,1.0,0.0,0.0,0.3010116174808434,0.30481337685644344,0.3941750056627132,0.3831661767859808,0.2751389936294074,0.3416948295846117
24995213,D,0.4131982475355969,0.2568455640744797,0.32995618838992335,1.0,0.0,0.0,0.20656805872747058,0.2922511463960472,0.5011807948764821,0.5903582204564252,0.0813627219051103,0.3282790576384646
24995215,D,0.4131982475355969,0.2568455640744797,0.32995618838992335,1.0,0.0,0.0,0.616357132313426,0.2493143287373163,0.13432853894925761,0.855651393525313,0.035995011268661385,0.10835359520602562
24995219,H,0.4131982475355969,0.2568455640744797,0.32995618838992335,1.0,0.0,0.0,0.33825800484759055,0.3259824176410932,0.33575957751131635,0.2541721037295402,0.5692375982133143,0.1765902980571454
24995246,A,0.4131982475355969,0.2568455640744797,0.32995618838992335,1.0,0.0,0.0,0.39793646485704554,0.31394492661424606,0.28811860852870846,0.20094624259487676,0.6207269361014435,0.17832682130367977
24995350,H,0.4131982475355969,0.2568455640744797,0.32995618838992335,1.0,0.0,0.0,0.3876972844537315,0.29070092831036454,0.321601787235904,0.6214034367179344,0.34119917312087056,0.03739739016119498
24995427,D,0.4131982475355969,0.2568455640744797,0.32995618838992335,1.0,0.0,0.0,0.20896369550163452,0.22550318262542185,0.5655331218729437,0.10766120055509365,0.14904354531596115,0.7432952541289451
24995433,H,0.4131982475355969,0.2568455640744797,0.32995618838992335,1.0,0.0,0.0,0.18299708251500393,0.19870989448681695,0.6182930229981791,0.16104952877095316,0.3057401028623255,0.5332103683667213
24995436,A,0.4131982475355969,0.2568455640744797,0.32995618838992335,1.0,0.0,0.0,0.21308143020378056,0.21135133494026775,0.5755672348559516,0.45627751172403913,0.24311759077089737,0.3006048975050635
24995466,A,0.4131982475355969,0.2568455640744797,0.32995618838992335,1.0,0.0,0.0,0.3928735125218159,0.28826199399465013,0.3188644934835339,0.5008626376998742,0.25040573058061233,0.24873163171951349
24995475,A,0.4131982475355969,0.2568455640744797,0.32995618838992335,1.0,0.0,0.0,0.6377275101259048,0.24478347683378787,0.1174890130403074,0.8899209656592382,0.04161584926191678,0.0684631850788451
24995541,H,0.4131982475355969,0.2568455640744797,0.32995618838992335,1.0,0.0,0.0,0.47854875637240385,0.23462248730257407,0.28682875632502214,0.5780888184183121,0.10381043936994097,0.318100742211747
24995542,A,0.4131982475355969,0.2568455640744797,0.32995618838992335,1.0,0.0,0.0,0.6265768765279089,0.18699185505206353,0.1864312684200276,0.7268441003872215,0.18925766895435706,0.08389823065842147
24995548,H,0.4131982475355969,0.2568455640744797,0.32995618838992335,1.0,0.0,0.0,0.7472792766843727,0.17641750493292693,0.07630321838270036,0.8586389102555169,0.13176461647651416,0.009596473267968857
25178889,D,0.4131982475355969,0.2568455640744797,0.32995618838992335,1.0,0.0,0.0,0.1684101844996405,0.21144893561539085,0.6201408798849687,0.0866813009311907,0.3129229564131056,0.6003957426557036
25178912,D,0.4131982475355969,0.2568455640744797,0.32995618838992335,1.0,0.0,0.0,0.602981698026669,0.25024884085571064,0.14676946111762038,0.7421115771767227,0.07693676959761907,0.18095165322565832
25178919,H,0.4131982475355969,0.2568455640744797,0.32995618838992335,1.0,0.0,0.0,0.5005932224074794,0.2907407410871338,0.20866603650538684,0.5950408617600418,0.1964219348805353,0.20853720335942294
25197114,A,0.4131982475355969,0.2568455640744797,0.32995618838992335,1.0,0.0,0.0,0.21673202110493153,0.24700919411463435,0.5362587847804342,0.0493577753271481,0.13720141471989433,0.8134408099529574
25302392,D,0.4131982475355969,0.2568455640744797,0.32995618838992335,1.0,0.0,0.0,0.1639485426126029,0.23598808599621182,0.6000633713911854,0.1462372891267786,0.23872713223519812,0.6150355786380233
25302409,H,0.4131982475355969,0.2568455640744797,0.32995618838992335,1.0,0.0,0.0,0.47410521662763827,0.2509423049035174,0.27495247846884435,0.6367376500099167,0.1947508532351821,0.16851149675490132
25302415,H,0.4131982475355969,0.2568455640744797,0.32995618838992335,1.0,0.0,0.0,0.601587104358084,0.24052018414089776,0.15789271150101816,0.5649887014912593,0.2925311094059149,0.14248018910282578
25302419,H,0.4131982475355969,0.2568455640744797,0.32995618838992335,1.0,0.0,0.0,0.2815349346559559,0.3629391899601382,0.3555258753839059,0.33106366013454097,0.19493564824078627,0.4740006916246726
25356523,D,0.4131982475355969,0.2568455640744797,0.32995618838992335,1.0,0.0,0.0,0.325820748902837,0.24441307494390696,0.429766176153256,0.3438358087750369,0.4445493631451101,0.211614828079853
25356925,D,0.4131982475355969,0.2568455640744797,0.32995618838992335,1.0,0.0,0.0,0.47970189852891776,0.296969533377312,0.22332856809377027,0.4699174503600089,0.39992335832781284,0.1301591913121783
25356979,H,0.4131982475355969,0.2568455640744797,0.32995618838992335,1.0,0.0,0.0,0.8471205095431749,0.12208609296622926,0.030793397490595856,0.9520542155437941,0.04376258288405496,0.004183201572150967
25356980,H,0.4131982475355969,0.2568455640744797,0.32995618838992335,1.0,0.0,0.0,0.549753895461027,0.25890162429928887,0.19134448023968417,0.5671878116596649,0.27287738344479884,0.15993480489553621
25356981,H,0.4131982475355969,0.2568455640744797,0.32995618838992335,1.0,0.0,0.0,0.465501244507376,0.2950093623259833,0.2394893931666407,0.4966963792113335,0.39657792455435215,0.10672569623431441
25356982,A,0.4131982475355969,0.2568455640744797,0.32995618838992335,1.0,0.0,0.0,0.34733331874230977,0.3251734721609427,0.3274932090967475,0.31536227387089466,0.48322314695468355,0.2014145791744217
25356983,A,0.4131982475355969,0.2568455640744797,0.32995618838992335,1.0,0.0,0.0,0.3026236834785415,0.2725282442032658,0.42484807231819266,0.5356618467840917,0.03082544928512639,0.43351270393078195
25357011,D,0.4131982475355969,0.2568455640744797,0.32995618838992335,1.0,0.0,0.0,0.5764383205993527,0.21183297904162907,0.21172870035901822,0.5720695722124667,0.17069399896157184,0.2572364288259615
25357014,D,0.4131982475355969,0.2568455640744797,0.32995618838992335,1.0,0.0,0.0,0.21161841988228017,0.2314192941859194,0.5569622859318004,0.1597186070201548,0.4933835741107878,0.34689781886905746
25357016,H,0.4131982475355969,0.2568455640744797,0.32995618838992335,1.0,0.0,0.0,0.574853693897119,0.2548390437828734,0.17030726232000756,0.43053426760527724,0.46063937381603587,0.10882635857868679
25357021,H,0.4131982475355969,0.2568455640744797,0.32995618838992335,1.0,0.0,0.0,0.2542756015398764,0.2638105829654319,0.48191381549469153,0.33353007037520543,0.19555985380024288,0.47091007582455174
25357030,A,0.4131982475355969,0.2568455640744797,0.32995618838992335,1.0,0.0,0.0,0.36324659395135456,0.28691426239875867,0.3498391436498868,0.39925970192584914,0.1349513186518856,0.4657889794222654
25357403,A,0.4131982475355969,0.2568455640744797,0.32995618838992335,1.0,0.0,0.0,0.3415215668573609,0.29429639296354154,0.3641820401790976,0.28122539425238735,0.26978333457725767,0.44899127117035503
25357480,H,0.4131982475355969,0.2568455640744797,0.32995618838992335,1.0,0.0,0.0,0.235380570854512,0.22125696000722428,0.5433624691382638,0.08760593743459529,0.8308381735393449,0.08155588902606
25357583,D,0.4131982475355969,0.2568455640744797,0.32995618838992335,1.0,0.0,0.0,0.30847483813583376,0.2442036511212755,0.4473215107428908,0.21964869764737482,0.18892955181841292,0.5914217505342123
25357614,D,0.4131982475355969,0.2568455640744797,0.32995618838992335,1.0,0.0,0.0,0.11612355718673312,0.19605954752762997,0.6878168952856369,0.2391706688698657,0.17512011453601906,0.5857092165941152
25357621,A,0.4131982475355969,0.2568455640744797,0.32995618838992335,1.0,0.0,0.0,0.5044895245532546,0.24881994077316458,0.24669053467358087,0.5469969252715011,0.1863049228488838,0.26669815187961515
25357624,H,0.4131982475355969,0.2568455640744797,0.32995618838992335,1.0,0.0,0.0,0.3987349099158397,0.32661980371458604,0.27464528636957425,0.22791059925241952,0.3775710705562578,0.39451833019132265
25357785,A,0.4131982475355969,0.2568455640744797,0.32995618838992335,1.0,0.0,0.0,0.4382728743875175,0.21023935476642375,0.35148777084605876,0.690382164803285,0.01693239129739942,0.29268544389931567
25357798,A,0.4131982475355969,0.2568455640744797,0.32995618838992335,1.0,0.0,0.0,0.36531893120642983,0.27933719829928555,0.3553438704942845,0.3658796884877097,0.40327526926723467,0.23084504224505553
25357808,A,0.4131982475355969,0.2568455640744797,0.32995618838992335,1.0,0.0,0.0,0.20975612276778244,0.231959770783149,0.5582841064490686,0.06469053397938651,0.1575011261669829,0.7778083398536305
25580346,D,0.4131982475355969,0.2568455640744797,0.32995618838992335,1.0,0.0,0.0,0.511704868696078,0.24604196294803235,0.24225316835588961,0.581954418913699,0.3252158719498649,0.09282970913643598
25580350,H,0.4131982475355969,0.2568455640744797,0.32995618838992335,1.0,0.0,0.0,0.2543300365672841,0.2504192156173007,0.4952507478154152,0.4038174699858294,0.1970983030550123,0.3990842269591583
25580533,D,0.4131982475355969,0.2568455640744797,0.32995618838992335,1.0,0.0,0.0,0.2788660169401125,0.3352852448991976,0.38584873816068993,0.20053719373474085,0.40992449412047466,0.38953831214478457
25580858,H,0.4131982475355969,0.2568455640744797,0.32995618838992335,1.0,0.0,0.0,0.4798703014095403,0.28718414393909103,0.23294555465136868,0.174918269791544,0.46976728454682876,0.35531444566162723
25580886,A,0.4131982475355969,0.2568455640744797,0.32995618838992335,1.0,0.0,0.0,0.2651423042629994,0.242680317733417,0.4921773780035837,0.5337001579802855,0.3343769063203305,0.13192293569938396
25580985,A,0.4131982475355969,0.2568455640744797,0.32995618838992335,1.0,0.0,0.0,0.41975940326868577,0.2729172211366084,0.30732337559470585,0.2784093321919143,0.43052763497117025,0.29106303283691537
25581055,D,0.4131982475355969,0.2568455640744797,0.32995618838992335,1.0,0.0,0.0,0.37577023536996335,0.3436600688489651,0.2805696957810716,0.5831954097549227,0.2306685885932959,0.18613600165178143
25581057,H,0.4131982475355969,0.2568455640744797,0.32995618838992335,1.0,0.0,0.0,0.5687168030411018,0.2506340281302628,0.18064916882863533,0.622895361278108,0.24466579459089802,0.1324388441309941
25581058,H,0.4131982475355969,0.2568455640744797,0.32995618838992335,1.0,0.0,0.0,0.3879447181226104,0.30716095855866776,0.30489432331872174,0.33222941822948115,0.501610764298378,0.16615981747214087
25581069,H,0.4131982475355969,0.2568455640744797,0.32995618838992335,1.0,0.0,0.0,0.2779140008758373,0.2822374530521499,0.4398485460720128,0.25839688314231074,0.38447850232513797,0.3571246145325512
25581156,A,0.4131982475355969,0.2568455640744797,0.32995618838992335,1.0,0.0,0.0,0.27420851296865867,0.304079473421877,0.4217120136094643,0.1940752317377492,0.2316451274952215,0.5742796407670293
25581237,H,0.4131982475355969,0.2568455640744797,0.32995618838992335,1.0,0.0,0.0,0.35902755636252504,0.27014863829798264,0.3708238053394923,0.4606742218473843,0.17079543611691234,0.36853034203570334
25581240,H,0.4131982475355969,0.2568455640744797,0.32995618838992335,1.0,0.0,0.0,0.712715926418256,0.16985455668852453,0.1174295168932194,0.8606263445002243,0.05009927464513663,0.08927438085463898
25581243,H,0.4131982475355969,0.2568455640744797,0.32995618838992335,1.0,0.0,0.0,0.288434234483822,0.28113713706508986,0.43042862845108815,0.3504584229754163,0.35049190805264746,0.29904966897193624
25581264,H,0.4131982475355969,0.2568455640744797,0.32995618838992335,1.0,0.0,0.0,0.5752368648496584,0.2193097599864132,0.2054533751639285,0.90443533641631,0.07352837874997115,0.022036284833718767
25581273,D,0.4131982475355969,0.2568455640744797,0.32995618838992335,1.0,0.0,0.0,0.34957642553743284,0.31397159039125483,0.33645198407131227,0.3857129361937098,0.4598048806718144,0.15448218313447593
25581342,H,0.4131982475355969,0.2568455640744797,0.32995618838992335,1.0,0.0,0.0,0.35575818143946714,0.21989650434386818,0.4243453142166646,0.38983376188361146,0.2243413226215055,0.38582491549488307
25581343,H,0.4131982475355969,0.2568455640744797,0.32995618838992335,1.0,0.0,0.0,0.8282676786635008,0.12015525441254332,0.051577066923955917,0.7351212856995853,0.253187702611782,0.011691011688632683
25581347,A,0.4131982475355969,0.2568455640744797,0.32995618838992335,1.0,0.0,0.0,0.18958891909703415,0.2620243307878486,0.5483867501151173,0.0896974392769987,0.10263396968763752,0.8076685910353637
25774953,H,0.4131982475355969,0.2568455640744797,0.32995618838992335,1.0,0.0,0.0,0.39753497228799123,0.31978723807485493,0.2826777896371538,0.2925286991679178,0.29796439255602797,0.40950690827605424
25774988,D,0.4131982475355969,0.2568455640744797,0.32995618838992335,1.0,0.0,0.0,0.11321304992033614,0.264370823739793,0.6224161263398709,0.44370193023982485,0.0653009210909184,0.49099714866925664
25774991,H,0.4131982475355969,0.2568455640744797,0.32995618838992335,1.0,0.0,0.0,0.595201228752308,0.20416140617946438,0.2006373650682276,0.5468550139230934,0.18025922929661573,0.2728857567802908
25774993,A,0.4131982475355969,0.2568455640744797,0.32995618838992335,1.0,0.0,0.0,0.311772203287318,0.31760696655809306,0.3706208301545891,0.2604287332295206,0.1784048122060122,0.5611664545644671
25835780,H,0.4131982475355969,0.2568455640744797,0.32995618838992335,1.0,0.0,0.0,0.7635996225640146,0.18366699745886722,0.05273337997711825,0.9080892355257802,0.049659367694016,0.042251396780203676
25910116,H,0.4131982475355969,0.2568455640744797,0.32995618838992335,1.0,0.0,0.0,0.4320255785959156,0.2839655745575967,0.28400884684648764,0.48439723728466133,0.3832109812877429,0.13239178142759564
25910136,A,0.4131982475355969,0.2568455640744797,0.32995618838992335,1.0,0.0,0.0,0.10633775671976733,0.1868000196589569,0.7068622236212757,0.024188833906759553,0.44253749260948094,0.5332736734837595
25910141,H,0.4131982475355969,0.2568455640744797,0.32995618838992335,1.0,0.0,0.0,0.16222779261096804,0.26547951420439614,0.5722926931846358,0.28540438871143475,0.20967157154877455,0.5049240397397906
25910146,H,0.4131982475355969,0.2568455640744797,0.32995618838992335,1.0,0.0,0.0,0.4789410108095905,0.29826434142577124,0.22279464776463823,0.4416021734599713,0.3699408092351467,0.18845701730488204
25968078,A,0.4131982475355969,0.2568455640744797,0.32995618838992335,1.0,0.0,0.0,0.15202413180005453,0.1978932682847009,0.6500825999152445,0.10065319115345023,0.18894424074928,0.7104025680972698
25968156,D,0.4131982475355969,0.2568455640744797,0.32995618838992335,1.0,0.0,0.0,0.579525460151316,0.2734688621866654,0.14700567766201866,0.784671596547414,0.1333536923459514,0.08197471110663462
25968389,A,0.4131982475355969,0.2568455640744797,0.32995618838992335,1.0,0.0,0.0,0.2269358582537207,0.3204885661480669,0.4525755755982124,0.3969197604648374,0.03069898538749576,0.5723812541476668
25968447,H,0.4131982475355969,0.2568455640744797,0.32995618838992335,1.0,0.0,0.0,0.13750331380272682,0.20061379300872026,0.6618828931885531,0.29577703137145334,0.1181540240407131,0.5860689445878337
25968448,A,0.4131982475355969,0.2568455640744797,0.32995618838992335,1.0,0.0,0.0,0.3887571771438601,0.2533444979272996,0.3578983249288404,0.5356843222052219,0.1844405444356718,0.27987513335910635
25968449,A,0.4131982475355969,0.2568455640744797,0.32995618838992335,1.0,0.0,0.0,0.2335510158742847,0.3238375950042429,0.4426113891214723,0.06074530157979084,0.39274501143805224,0.5465096869821569
25968450,H,0.4131982475355969,0.2568455640744797,0.32995618838992335,1.0,0.0,0.0,0.3188539765512166,0.2942924045440007,0.38685361890478265,0.4322714306995059,0.3788492673667177,0.1888793019337764
25968666,D,0.4131982475355969,0.2568455640744797,0.32995618838992335,1.0,0.0,0.0,0.5680085450176227,0.21379228956860774,0.21819916541376963,0.625731764493067,0.19113177239623885,0.18313646311069418
25968667,A,0.4131982475355969,0.2568455640744797,0.32995618838992335,1.0,0.0,0.0,0.452649025416897,0.24719400655847928,0.30015696802462366,0.22237601187055744,0.11007337748068804,0.6675506106487544
25968668,A,0.4131982475355969,0.2568455640744797,0.32995618838992335,1.0,0.0,0.0,0.5758971281462187,0.2351187375052685,0.18898413434851286,0.7164388075723507,0.16263093175530685,0.12093026067234261
25968670,H,0.4131982475355969,0.2568455640744797,0.32995618838992335,1.0,0.0,0.0,0.3342566019093113,0.27606701398739847,0.3896763841032902,0.5715502018358769,0.13027337910735223,0.2981764190567709
25968674,D,0.4131982475355969,0.2568455640744797,0.32995618838992335,1.0,0.0,0.0,0.07947876709206897,0.16802819575391817,0.7524930371540128,0.1903532635806732,0.11603441564420643,0.6936123207751205
25968676,A,0.4131982475355969,0.2568455640744797,0.32995618838992335,1.0,0.0,0.0,0.454946518794328,0.2926830164275219,0.25237046477815006,0.5112864067635527,0.28858389371818893,0.20012969951825837
25968864,H,0.4131982475355969,0.2568455640744797,0.32995618838992335,1.0,0.0,0.0,0.5413072265672069,0.29726318615433234,0.1614295872784608,0.7444409973005852,0.2055776095116531,0.04998139318776163
25968889,D,0.4131982475355969,0.2568455640744797,0.32995618838992335,1.0,0.0,0.0,0.47034379149473415,0.2360479409736873,0.2936082675315786,0.3851547655089288,0.3289324603933269,0.28591277409774435
25968985,A,0.4131982475355969,0.2568455640744797,0.32995618838992335,1.0,0.0,0.0,0.3180203941326813,0.2677982374614715,0.41418136840584724,0.4528708192870762,0.058767845280248386,0.48836133543267535
25969020,H,0.4131982475355969,0.2568455640744797,0.32995618838992335,1.0,0.0,0.0,0.5893248079368306,0.25572429628334564,0.15495089577982382,0.44606713872616716,0.44434154214332805,0.10959131913050471
25969021,A,0.4131982475355969,0.2568455640744797,0.32995618838992335,1.0,0.0,0.0,0.4990699285560078,0.2111842049238468,0.2897458665201453,0.6721430744619986,0.1568102124067557,0.17104671313124584
25969022,H,0.4131982475355969,0.2568455640744797,0.32995618838992335,1.0,0.0,0.0,0.38884895312098106,0.277534939056369,0.33361610782265,0.5192950518435163,0.3100596597602337,0.17064528839624993
25969156,H,0.4131982475355969,0.2568455640744797,0.32995618838992335,1.0,0.0,0.0,0.5450427152042852,0.21510527260528944,0.2398520121904254,0.4589147249159683,0.21548475649883686,0.3256005185851948
25969159,H,0.4131982475355969,0.2568455640744797,0.32995618838992335,1.0,0.0,0.0,0.5031659868652758,0.3016944447312496,0.19513956840347452,0.5739756635443837,0.32238907600968686,0.10363526044592941
25969168,A,0.4131982475355969,0.2568455640744797,0.32995618838992335,1.0,0.0,0.0,0.20890806600446138,0.2711835580305258,0.5199083759650127,0.21021356171024488,0.19336318237788516,0.59642325591187
26196108,A,0.4131982475355969,0.2568455640744797,0.32995618838992335,1.0,0.0,0.0,0.5677677806309203,0.21323486334250802,0.21899735602657178,0.6509668673435685,0.13131027054231786,0.21772286211411385
26196118,H,0.4131982475355969,0.2568455640744797,0.32995618838992335,1.0,0.0,0.0,0.5848950059935285,0.19857554648376857,0.21652944752270287,0.8500843789680267,0.05772533777052337,0.09219028326145001
26196260,A,0.4131982475355969,0.2568455640744797,0.32995618838992335,1.0,0.0,0.0,0.24912995203818605,0.37480238272252775,0.37606766523928614,0.08286534294043278,0.19311725995030707,0.7240173971092602
26196470,H,0.4131982475355969,0.2568455640744797,0.32995618838992335,1.0,0.0,0.0,0.5794501043281399,0.25567280173906315,0.16487709393279684,0.2829564739034854,0.5845354864158481,0.13250803968066638
26196473,A,0.4131982475355969,0.2568455640744797,0.32995618838992335,1.0,0.0,0.0,0.15700213086186218,0.23882100371757073,0.6041768654205671,0.09095306053786369,0.3142029538688373,0.5948439855932991
26196474,H,0.4131982475355969,0.2568455640744797,0.32995618838992335,1.0,0.0,0.0,0.5680237945705728,0.23776942779914575,0.19420677763028138,0.6957531139075643,0.17872382507771065,0.12552306101472496
26196476,A,0.4131982475355969,0.2568455640744797,0.32995618838992335,1.0,0.0,0.0,0.3139346421899794,0.3423564690570995,0.3437088887529211,0.0764330063383076,0.7981999679985382,0.1253670256631541
26196528,H,0.4131982475355969,0.2568455640744797,0.32995618838992335,1.0,0.0,0.0,0.46322713418980893,0.2410419913519785,0.2957308744582125,0.3494568961333849,0.09002255834369581,0.5605205455229192
26196552,D,0.4131982475355969,0.2568455640744797,0.32995618838992335,1.0,0.0,0.0,0.4160322385384914,0.2759689277742304,0.30799883368727826,0.35239812490745726,0.32801735377137126,0.31958452132117154
26196553,A,0.4131982475355969,0.2568455640744797,0.32995618838992335,1.0,0.0,0.0,0.17722092621853805,0.23136917772648133,0.5914098960549806,0.0409292472955084,0.06857091380208492,0.8904998389024067
26196598,D,0.4131982475355969,0.2568455640744797,0.32995618838992335,1.0,0.0,0.0,0.7369079516867003,0.1961631416744766,0.06692890663882306,0.7062271520438642,0.11267082267979132,0.18110202527634453
26196689,D,0.4131982475355969,0.2568455640744797,0.32995618838992335,1.0,0.0,0.0,0.5277640601521675,0.2887407536408477,0.18349518620698474,0.4721857611593662,0.4106025378199472,0.11721170102068669
26196759,H,0.4131982475355969,0.2568455640744797,0.32995618838992335,1.0,0.0,0.0,0.5598416609450474,0.2297356329979527,0.21042270605699992,0.775974420503857,0.17323800441398324,0.05078757508215974
26196770,H,0.4131982475355969,0.2568455640744797,0.32995618838992335,1.0,0.0,0.0,0.6641117775199917,0.21226594280594296,0.12362227967406537,0.4718627598575968,0.39748623209172806,0.13065100805067514
26196772,H,0.4131982475355969,0.2568455640744797,0.32995618838992335,1.0,0.0,0.0,0.5715879469021259,0.20587967035238958,0.22253238274548465,0.44417919570125053,0.21502213938350084,0.34079866491524874
26196796,A,0.4131982475355969,0.2568455640744797,0.32995618838992335,1.0,0.0,0.0,0.18330036735467967,0.21836270077123554,0.5983369318740849,0.1805579333605216,0.1719191155890186,0.6475229510504598
26196807,H,0.4131982475355969,0.2568455640744797,0.32995618838992335,1.0,0.0,0.0,0.4777710064549052,0.25639640929811636,0.2658325842469784,0.4605210556714976,0.449407138062321,0.0900718062661814
26196834,A,0.4131982475355969,0.2568455640744797,0.32995618838992335,1.0,0.0,0.0,0.4982657488935737,0.25295404632023755,0.24878020478618879,0.5128183077108819,0.22771918063678265,0.25946251165233547
26196852,A,0.4131982475355969,0.2568455640744797,0.32995618838992335,1.0,0.0,0.0,0.22893058573582137,0.23895158773726288,0.5321178265269157,0.18129688090620194,0.18581226897786052,0.6328908501159375
26196853,H,0.4131982475355969,0.2568455640744797,0.32995618838992335,1.0,0.0,0.0,0.580655591463065,0.24617545804776017,0.17316895048917488,0.719949271691939,0.1588241630713759,0.12122656523668511
26196857,H,0.4131982475355969,0.2568455640744797,0.32995618838992335,1.0,0.0,0.0,0.804788763226407,0.14732909350018958,0.04788214327340341,0.9086517805542662,0.07574959129534897,0.015598628150384793
26392396,D,0.4131982475355969,0.2568455640744797,0.32995618838992335,1.0,0.0,0.0,0.6036236022629852,0.23180159874859765,0.16457479898841718,0.6632264243511264,0.24027040231255745,0.09650317333631618
26392405,H,0.4131982475355969,0.2568455640744797,0.32995618838992335,1.0,0.0,0.0,0.336574974819141,0.2992516692305427,0.36417335595031636,0.2832424209082372,0.15469921216359858,0.5620583669281641
26529928,H,0.4131982475355969,0.2568455640744797,0.32995618838992335,1.0,0.0,0.0,0.37516177277687385,0.29959508063925294,0.32524314658387316,0.5613355720103037,0.22784678154364504,0.21081764644605128
26529954,H,0.4131982475355969,0.2568455640744797,0.32995618838992335,1.0,0.0,0.0,0.6003497515758153,0.2307506195002687,0.168899628923916,0.575005954940386,0.11611272822666492,0.30888131683294906
26529957,D,0.4131982475355969,0.2568455640744797,0.32995618838992335,1.0,0.0,0.0,0.5913148870863909,0.2228567439528114,0.18582836896079766,0.5711314547957237,0.29052498849810077,0.13834355670617546
26529959,A,0.4131982475355969,0.2568455640744797,0.32995618838992335,1.0,0.0,0.0,0.19421781192616136,0.3094101105886644,0.49637207748517415,0.24526933477602098,0.17136056578257644,0.5833700994414026
26529985,H,0.4131982475355969,0.2568455640744797,0.32995618838992335,1.0,0.0,0.0,0.39719139848333834,0.21503376968301918,0.3877748318336425,0.28621560427397513,0.23224158202611897,0.4815428136999059
26589482,H,0.4131982475355969,0.2568455640744797,0.32995618838992335,1.0,0.0,0.0,0.42100352112645173,0.309301741958902,0.26969473691464635,0.3704403353467328,0.22371513595502313,0.4058445286982442
26589856,H,0.4131982475355969,0.2568455640744797,0.32995618838992335,1.0,0.0,0.0,0.4583847581591319,0.2604394815996045,0.2811757602412636,0.23988302388299262,0.1861335829990197,0.5739833931179876
26589857,A,0.4131982475355969,0.2568455640744797,0.32995618838992335,1.0,0.0,0.0,0.38271808280991426,0.25028135323632783,0.36700056395375785,0.7404232271524478,0.11487939510419959,0.14469737774335256
26589859,A,0.4131982475355969,0.2568455640744797,0.32995618838992335,1.0,0.0,0.0,0.21400384872345402,0.28058043951872524,0.5054157117578206,0.19835863290557798,0.12002792773914359,0.6816134393552784
26589860,H,0.4131982475355969,0.2568455640744797,0.32995618838992335,1.0,0.0,0.0,0.38392423029752065,0.3440348295362361,0.27204094016624325,0.6829165635112909,0.2213521489529405,0.09573128753576853
26589861,H,0.4131982475355969,0.2568455640744797,0.32995618838992335,1.0,0.0,0.0,0.5687147311900899,0.2859911279895546,0.14529414082035552,0.8479382776941918,0.14221254780133707,0.009849174504471054
26590134,A,0.4131982475355969,0.2568455640744797,0.32995618838992335,1.0,0.0,0.0,0.36952348376478916,0.26546001792144447,0.3650164983137664,0.4463206944289188,0.3013111073058199,0.2523681982652612
26590137,H,0.4131982475355969,0.2568455640744797,0.32995618838992335,1.0,0.0,0.0,0.4748775653471966,0.2799633547707284,0.24515907988207494,0.6829227269275467,0.2063591862192555,0.1107180868531976
26590139,A,0.4131982475355969,0.2568455640744797,0.32995618838992335,1.0,0.0,0.0,0.1605084890121559,0.19393233242097452,0.6455591785668695,0.04830589931114149,0.19390165193752174,0.7577924487513367
26590143,H,0.4131982475355969,0.2568455640744797,0.32995618838992335,1.0,0.0,0.0,0.4601857536192945,0.2827509687350131,0.2570632776456923,0.33864441759200536,0.47954572752665814,0.18180985488133658
26590322,H,0.4131982475355969,0.2568455640744797,0.32995618838992335,1.0,0.0,0.0,0.2545874659492882,0.3361925538426378,0.409219980208074,0.20544398177835524,0.45546887854218737,0.33908713967945736
26590361,A,0.4131982475355969,0.2568455640744797,0.32995618838992335,1.0,0.0,0.0,0.16410461105694496,0.27116668894670476,0.5647286999963503,0.19542692197014272,0.15621677061815353,0.6483563074117038
26590538,A,0.4131982475355969,0.2568455640744797,0.32995618838992335,1.0,0.0,0.0,0.10155957418225196,0.19241449096294377,0.7060259348548041,0.024140734746900167,0.40434717525115765,0.5715120900019421
26590567,H,0.4131982475355969,0.2568455640744797,0.32995618838992335,1.0,0.0,0.0,0.3330253821405954,0.308088971811041,0.35888564604836365,0.6456147837269269,0.1870175885004724,0.16736762777260072
26590568,A,0.4131982475355969,0.2568455640744797,0.32995618838992335,1.0,0.0,0.0,0.07520356097902231,0.16979964768855804,0.7549967913324196,0.11855011377497766,0.050063272319699224,0.8313866139053231
26590570,D,0.4131982475355969,0.2568455640744797,0.32995618838992335,1.0,0.0,0.0,0.5645381088232707,0.24670604051689116,0.18875585065983816,0.5711090273503107,0.35141695754448904,0.07747401510520026
26590737,D,0.4131982475355969,0.2568455640744797,0.32995618838992335,1.0,0.0,0.0,0.22379932645673986,0.25599357552113594,0.5202070980221242,0.10970489196503543,0.26429022097774135,0.6260048870572231
26590738,A,0.4131982475355969,0.2568455640744797,0.32995618838992335,1.0,0.0,0.0,0.45364627340513475,0.26898300626096816,0.27737072033389715,0.5006194016788369,0.3009699976787335,0.19841060064242957
26590741,D,0.4131982475355969,0.2568455640744797,0.32995618838992335,1.0,0.0,0.0,0.24398118170207425,0.2251486171048326,0.530870201193093,0.06708926644855753,0.2036198613850489,0.7292908721663934
26590752,H,0.4131982475355969,0.2568455640744797,0.32995618838992335,1.0,0.0,0.0,0.3335983913913979,0.30018124317229056,0.3662203654363116,0.1667551779853063,0.32784219292163913,0.5054026290930546
26591038,H,0.4131982475355969,0.2568455640744797,0.32995618838992335,1.0,0.0,0.0,0.3718016623666575,0.23605198643983186,0.3921463511935106,0.3070287577540035,0.2711713728083742,0.42179986943762227
26808097,H,0.4131982475355969,0.2568455640744797,0.32995618838992335,1.0,0.0,0.0,0.2541464125764161,0.28297081637937127,0.4628827710442127,0.14772565762783743,0.15757433414153052,0.6947000082306322
26808107,A,0.4131982475355969,0.2568455640744797,0.32995618838992335,1.0,0.0,0.0,0.6019977816902632,0.25665794176073053,0.14134427654900622,0.6716958918991955,0.13048944703688203,0.19781466106392248
26808291,A,0.4131982475355969,0.2568455640744797,0.32995618838992335,1.0,0.0,0.0,0.4605308576041568,0.29660266563383253,0.24286647676201067,0.6304784347589253,0.16344277041649186,0.2060787948245828
26808468,H,0.4131982475355969,0.2568455640744797,0.32995618838992335,1.0,0.0,0.0,0.515420652949629,0.22132092087259983,0.2632584261777711,0.5797399351322963,0.19651503737448228,0.22374502749322145
26808574,H,0.4131982475355969,0.2568455640744797,0.32995618838992335,1.0,0.0,0.0,0.31225376928556986,0.3483971324841764,0.3393490982302536,0.0676680086250496,0.6615284204415433,0.2708035709334071
26808579,D,0.4131982475355969,0.2568455640744797,0.32995618838992335,1.0,0.0,0.0,0.41564852853102713,0.30253371532170387,0.28181775614726906,0.5804611392002429,0.1444268461505121,0.2751120146492449
26808582,A,0.4131982475355969,0.2568455640744797,0.32995618838992335,1.0,0.0,0.0,0.259476431019632,0.23913516369371918,0.5013884052866489,0.2506036892646036,0.2100882099647903,0.5393081007706061
26808593,H,0.4131982475355969,0.2568455640744797,0.32995618838992335,1.0,0.0,0.0,0.39739159036246746,0.27883926075296167,0.3237691488845709,0.5774093623953339,0.18382082643215128,0.2387698111725149
26808698,H,0.4131982475355969,0.2568455640744797,0.32995618838992335,1.0,0.0,0.0,0.3045843912686202,0.30207140648583425,0.39334420224554545,0.19567304380037454,0.24228064702269536,0.5620463091769301
26808773,D,0.4131982475355969,0.2568455640744797,0.32995618838992335,1.0,0.0,0.0,0.4676624148437236,0.2767681589143757,0.25556942624190065,0.3986084444771095,0.29126798799001674,0.3101235675328737
26808900,H,0.4131982475355969,0.2568455640744797,0.32995618838992335,1.0,0.0,0.0,0.44684016204953747,0.33881923064336394,0.21434060730709867,0.6638822987877226,0.16293405235217995,0.1731836488600974
26808975,A,0.4131982475355969,0.2568455640744797,0.32995618838992335,1.0,0.0,0.0,0.54832192165344,0.22714269916139954,0.2245353791851605,0.3123157875288458,0.5329749486856464,0.15470926378550787
26808980,H,0.4131982475355969,0.2568455640744797,0.32995618838992335,1.0,0.0,0.0,0.6844719835176803,0.18905066110406038,0.12647735537825933,0.800474126813082,0.13540072154487318,0.0641251516420447
26809005,D,0.4131982475355969,0.2568455640744797,0.32995618838992335,1.0,0.0,0.0,0.5804529088813816,0.240385541476542,0.1791615496420764,0.5400887427617276,0.3850507903827771,0.07486046685549534
26809016,H,0.4131982475355969,0.2568455640744797,0.32995618838992335,1.0,0.0,0.0,0.10563236042585007,0.24434185985861726,0.6500257797155328,0.3116772595765795,0.030038878051038043,0.6582838623723825
26809095,A,0.4131982475355969,0.2568455640744797,0.32995618838992335,1.0,0.0,0.0,0.30885888922112453,0.2142364123395323,0.4769046984393431,0.16597653218263647,0.2964802360502723,0.5375432317670914
26809096,H,0.4131982475355969,0.2568455640744797,0.32995618838992335,1.0,0.0,0.0,0.36543535850600717,0.23790229637028726,0.3966623451237056,0.6273060913395879,0.1502874837162143,0.22240642494419774
26809103,A,0.4131982475355969,0.2568455640744797,0.32995618838992335,1.0,0.0,0.0,0.4340377958804275,0.2872995696191521,0.2786626345004204,0.4548474129735002,0.45133775959095296,0.09381482743554688
26975874,A,0.4131982475355969,0.2568455640744797,0.32995618838992335,1.0,0.0,0.0,0.3684379958546912,0.2693012211173635,0.3622607830279453,0.5531961215213362,0.3086494764581476,0.13815440202051618
26975908,H,0.4131982475355969,0.2568455640744797,0.32995618838992335,1.0,0.0,0.0,0.7493695565097422,0.16503215389119474,0.08559828959906304,0.9527953173515753,0.03771596592486595,0.009488716723558823
26975915,H,0.4131982475355969,0.2568455640744797,0.32995618838992335,1.0,0.0,0.0,0.49835325285812143,0.29103800881779385,0.21060873832408478,0.7496815082628978,0.1226787916766789,0.1276397000604232
27000663,H,0.4131982475355969,0.2568455640744797,0.32995618838992335,1.0,0.0,0.0,0.1759458066993066,0.25437262554088397,0.5696815677598095,0.06193714814490672,0.22749336425028052,0.7105694876048126
27000705,H,0.4131982475355969,0.2568455640744797,0.32995618838992335,1.0,0.0,0.0,0.576311155343063,0.21555513372285653,0.20813371093408045,0.5775783965272898,0.3294811316342333,0.09294047183847688
27094229,H,0.4131982475355969,0.2568455640744797,0.32995618838992335,1.0,0.0,0.0,0.4443976892919332,0.26009804320045166,0.29550426750761505,0.27324720811382247,0.5228952509465655,0.20385754093961198
27094244,A,0.4131982475355969,0.2568455640744797,0.32995618838992335,1.0,0.0,0.0,0.6033865519691518,0.1838955273357102,0.21271792069513795,0.6408476112539655,0.3087472214465978,0.05040516729943669
27094250,D,0.4131982475355969,0.2568455640744797,0.32995618838992335,1.0,0.0,0.0,0.6356382458512472,0.24264259328157434,0.12171916086717853,0.4717521526281172,0.23316352141649585,0.295084325955387
27094258,D,0.4131982475355969,0.2568455640744797,0.32995618838992335,1.0,0.0,0.0,0.6029330486163568,0.26982437971077744,0.12724257167286576,0.8141936995919316,0.15340607074840035,0.03240022965966817
27153553,H,0.4131982475355969,0.2568455640744797,0.32995618838992335,1.0,0.0,0.0,0.5615878503771263,0.1725836336577139,0.2658285159651598,0.4481487358068765,0.163403858599363,0.38844740559376045
27153730,H,0.4131982475355969,0.2568455640744797,0.32995618838992335,1.0,0.0,0.0,0.31562713417417654,0.33770261393384676,0.3466702518919768,0.22134507113384974,0.5968807303250567,0.1817741985410935
27154184,H,0.4131982475355969,0.2568455640744797,0.32995618838992335,1.0,0.0,0.0,0.46487165773752426,0.24638738116084627,0.28874096110162945,0.40136690221653065,0.27002125230271384,0.32861184548075545
27154264,D,0.4131982475355969,0.2568455640744797,0.32995618838992335,1.0,0.0,0.0,0.5481760359328667,0.26135755123341287,0.1904664128337205,0.381068238036029,0.4207705817058631,0.19816118025810775
27154265,H,0.4131982475355969,0.2568455640744797,0.32995618838992335,1.0,0.0,0.0,0.5407160652280868,0.259204683610084,0.20007925116182915,0.7089197640142147,0.19430908655529958,0.09677114943048575
27154267,D,0.4131982475355969,0.2568455640744797,0.32995618838992335,1.0,0.0,0.0,0.4217296014030233,0.29000100203553353,0.2882693965614432,0.2646538411660618,0.2821829036029665,0.4531632552309717
27154268,A,0.4131982475355969,0.2568455640744797,0.32995618838992335,1.0,0.0,0.0,0.3886345666184896,0.3847209471477881,0.2266444862337224,0.07470365343138405,0.8588569387729937,0.06643940779562228
27154269,H,0.4131982475355969,0.2568455640744797,0.32995618838992335,1.0,0.0,0.0,0.38942152432533284,0.3368007380371892,0.27377773763747804,0.33265125243519833,0.5041314352910039,0.16321731227379774
27154588,H,0.4131982475355969,0.2568455640744797,0.32995618838992335,1.0,0.0,0.0,0.7632317780075256,0.1623983091344294,0.07436991285804498,0.8215986913536203,0.0894460481663064,0.08895526048007331
27154589,H,0.4131982475355969,0.2568455640744797,0.32995618838992335,1.0,0.0,0.0,0.4204477271897206,0.25341975472842737,0.326132518081852,0.4812889722775988,0.3358954657416937,0.1828155619807074
27154593,H,0.4131982475355969,0.2568455640744797,0.32995618838992335,1.0,0.0,0.0,0.5667262093364964,0.20613912601207837,0.22713466465142518,0.4760667383499507,0.1110919157207081,0.4128413459293412
27154595,H,0.4131982475355969,0.2568455640744797,0.32995618838992335,1.0,0.0,0.0,0.43675979726682057,0.26137440432325454,0.30186579840992483,0.6980775996550456,0.06858789010647705,0.23333451023847737
27154601,H,0.4131982475355969,0.2568455640744797,0.32995618838992335,1.0,0.0,0.0,0.1829205437646197,0.2839564261473567,0.5331230300880236,0.09587591826535789,0.4533869010543245,0.45073718068031765
27154776,A,0.4131982475355969,0.2568455640744797,0.32995618838992335,1.0,0.0,0.0,0.3343657917753648,0.29106354648097726,0.37457066174365794,0.4200669660628936,0.24967027439691883,0.3302627595401876
27154818,D,0.4131982475355969,0.2568455640744797,0.32995618838992335,1.0,0.0,0.0,0.41409901299686036,0.2448462810493238,0.34105470595381593,0.5534297895569763,0.28351618360352415,0.16305402683949954
27155024,D,0.4131982475355969,0.2568455640744797,0.32995618838992335,1.0,0.0,0.0,0.5155395391419688,0.2145139606257669,0.2699465002322643,0.4945404190701196,0.2306611585056114,0.27479842242426905
27155052,A,0.4131982475355969,0.2568455640744797,0.32995618838992335,1.0,0.0,0.0,0.09074002222592872,0.1798704904307547,0.7293894873433165,0.13530172792536338,0.025986286027905363,0.8387119860467313
27155053,H,0.4131982475355969,0.2568455640744797,0.32995618838992335,1.0,0.0,0.0,0.2695988112037124,0.27677208434848316,0.4536291044478044,0.45367904288193356,0.3741164356763412,0.17220452144172518
27155054,A,0.4131982475355969,0.2568455640744797,0.32995618838992335,1.0,0.0,0.0,0.5769758252805671,0.2953521821210445,0.12767199259838832,0.2642594193263327,0.6188892620740873,0.11685131859957996
27155238,H,0.4131982475355969,0.2568455640744797,0.32995618838992335,1.0,0.0,0.0,0.27460493266531416,0.2838955681938576,0.44149949914082814,0.3444737345355194,0.24798705654905137,0.4075392089154293
27155241,H,0.4131982475355969,0.2568455640744797,0.32995618838992335,1.0,0.0,0.0,0.7268811824290655,0.16310091963130474,0.11001789793962977,0.86346748020632,0.06281356723197959,0.07371895256170037
27155251,H,0.4131982475355969,0.2568455640744797,0.32995618838992335,1.0,0.0,0.0,0.6024542147741032,0.24437135069262017,0.15317443453327656,0.7798694820954607,0.18296508828565072,0.037165429618888676
27155754,D,0.4131982475355969,0.2568455640744797,0.32995618838992335,1.0,0.0,0.0,0.2799016750000885,0.3442204372906191,0.37587788770929237,0.5314157244755976,0.009329893716281616,0.4592543818081208
27155755,D,0.4131982475355969,0.2568455640744797,0.32995618838992335,1.0,0.0,0.0,0.4193537938793108,0.27503282719024397,0.3056133789304452,0.3853399936468392,0.26959798110693417,0.3450620252462266
27155760,D,0.4131982475355969,0.2568455640744797,0.32995618838992335,1.0,0.0,0.0,0.14737468414180713,0.27509130336998283,0.5775340124882099,0.10361577934761458,0.43816330691102057,0.4582209137413648
27155776,H,0.4131982475355969,0.2568455640744797,0.32995618838992335,1.0,0.0,0.0,0.3248162856959863,0.23451542522130017,0.4406682890827135,0.45382674486599184,0.05258418263700405,0.4935890724970042
27155777,D,0.4131982475355969,0.2568455640744797,0.32995618838992335,1.0,0.0,0.0,0.2365047534308617,0.27281940268920535,0.4906758438799329,0.24615439604328476,0.3031040649143321,0.45074153904238307
27155795,D,0.4131982475355969,0.2568455640744797,0.32995618838992335,1.0,0.0,0.0,0.3721519604746566,0.3150948491393622,0.3127531903859813,0.5359535394808095,0.38977280101766865,0.07427365950152183
27155805,H,0.4131982475355969,0.2568455640744797,0.32995618838992335,1.0,0.0,0.0,0.33334330864937545,0.34463426752893883,0.3220224238216857,0.4783651453289952,0.2538360258602778,0.26779882881072703
27155809,H,0.4131982475355969,0.2568455640744797,0.32995618838992335,1.0,0.0,0.0,0.5536775248630889,0.27960661297830913,0.166715862158602,0.45182054710820363,0.1738131947870254,0.374366258104771
27155810,A,0.4131982475355969,0.2568455640744797,0.32995618838992335,1.0,0.0,0.0,0.43546587426382427,0.2882694809708122,0.2762646447653635,0.7203382129077541,0.10240949373599854,0.17725229335624723
27155811,H,0.4131982475355969,0.2568455640744797,0.32995618838992335,1.0,0.0,0.0,0.5995838219349267,0.2572417026521339,0.14317447541293948,0.6085872963890341,0.26950960878982466,0.12190309482114127
27155812,A,0.4131982475355969,0.2568455640744797,0.32995618838992335,1.0,0.0,0.0,0.4401364706754951,0.2734868468940728,0.28637668243043196,0.6526505495833811,0.053094949900420296,0.2942545005161986
27155814,D,0.4131982475355969,0.2568455640744797,0.32995618838992335,1.0,0.0,0.0,0.3723083145221328,0.2991371948861318,0.32855449059173536,0.3742074642688227,0.17909113606699936,0.44670139966417793
27155818,H,0.4131982475355969,0.2568455640744797,0.32995618838992335,1.0,0.0,0.0,0.5435810791516791,0.2691082253680739,0.18731069548024698,0.44503898926258467,0.4670321742842618,0.08792883645315357
27155821,H,0.4131982475355969,0.2568455640744797,0.32995618838992335,1.0,0.0,0.0,0.7082397684596098,0.1842207737994111,0.10753945774097909,0.8888982160730861,0.09552614569310426,0.015575638233809598
27155824,D,0.4131982475355969,0.2568455640744797,0.32995618838992335,1.0,0.0,0.0,0.4582711851747566,0.250562191538122,0.29116662328712145,0.5441473266810481,0.18931525934656393,0.26653741397238784
27155826,D,0.4131982475355969,0.2568455640744797,0.32995618838992335,1.0,0.0,0.0,0.428169283412489,0.26143899866116127,0.3103917179263497,0.436344668584048,0.0808612538502034,0.4827940775657487
27155827,H,0.4131982475355969,0.2568455640744797,0.32995618838992335,1.0,0.0,0.0,0.41155039864624976,0.21907715248002205,0.36937244887372817,0.638306759504757,0.16829981186727377,0.19339342862796916
27155830,H,0.4131982475355969,0.2568455640744797,0.32995618838992335,1.0,0.0,0.0,0.605572958529815,0.20651725935267184,0.18790978211751322,0.7093819230812514,0.1000859049375731,0.19053217198117553
27155834,A,0.4131982475355969,0.2568455640744797,0.32995618838992335,1.0,0.0,0.0,0.3581671438796683,0.23668933734950612,0.4051435187708255,0.5309447962379967,0.16452553646828516,0.30452966729371816
27155839,H,0.4131982475355969,0.2568455640744797,0.32995618838992335,1.0,0.0,0.0,0.519727847724811,0.2781285014580713,0.2021436508171178,0.4581748249536546,0.2786078637012664,0.26321731134507903
27155841,H,0.4131982475355969,0.2568455640744797,0.32995618838992335,1.0,0.0,0.0,0.3593624940583754,0.3121933751425107,0.3284441307991139,0.6208429169372721,0.21550554679754477,0.16365153626518308
27155842,H,0.4131982475355969,0.2568455640744797,0.32995618838992335,1.0,0.0,0.0,0.41845452733191296,0.2546216656427747,0.3269238070253123,0.32038945615548553,0.40866137579130457,0.27094916805321
27155843,D,0.4131982475355969,0.2568455640744797,0.32995618838992335,1.0,0.0,0.0,0.45266782543717526,0.3181479412331212,0.22918423332970364,0.6669941513749913,0.21799245516438998,0.11501339346061872
27613918,H,0.4131982475355969,0.2568455640744797,0.32995618838992335,1.0,0.0,0.0,0.3402716782555745,0.31617758918097977,0.3435507325634457,0.38416366981976807,0.3728647521435676,0.24297157803666425
27613922,A,0.4131982475355969,0.2568455640744797,0.32995618838992335,1.0,0.0,0.0,0.3765047984494465,0.24810983921562968,0.37538536233492376,0.2628109699922122,0.248192073670061,0.4889969563377269
27613924,H,0.4131982475355969,0.2568455640744797,0.32995618838992335,1.0,0.0,0.0,0.20545361990370087,0.2557468173825642,0.538799562713735,0.2136890477757297,0.3190015261098792,0.4673094261143911
27613927,A,0.4131982475355969,0.2568455640744797,0.32995618838992335,1.0,0.0,0.0,0.24687089100194487,0.21913324938008819,0.5339958596179669,0.18805206667805843,0.13342394536415372,0.6785239879577879
27613928,A,0.4131982475355969,0.2568455640744797,0.32995618838992335,1.0,0.0,0.0,0.09405296078670121,0.18406181443625702,0.7218852247770418,0.060951878251150095,0.08293585396372577,0.8561122677851241
27613929,D,0.4131982475355969,0.2568455640744797,0.32995618838992335,1.0,0.0,0.0,0.16994918765876826,0.2555951366383837,0.574455675702848,0.10970551366011222,0.1268281075984782,0.7634663787414095
27613930,D,0.4131982475355969,0.2568455640744797,0.32995618838992335,1.0,0.0,0.0,0.4217722577180402,0.24642342062875264,0.33180432165320706,0.49651095056560873,0.2670663976964795,0.23642265173791172
27613931,D,0.4131982475355969,0.2568455640744797,0.32995618838992335,1.0,0.0,0.0,0.5948727236113249,0.23809032221083787,0.16703695417783726,0.5239404063824192,0.1147033425980405,0.3613562510195403
27613932,D,0.4131982475355969,0.2568455640744797,0.32995618838992335,1.0,0.0,0.0,0.6522542234312159,0.21712610967862528,0.13061966689015883,0.5914133301705751,0.2666681324639841,0.14191853736544086
27613933,D,0.4131982475355969,0.2568455640744797,0.32995618838992335,1.0,0.0,0.0,0.2908154806488264,0.24513715205909983,0.4640473672920738,0.2665378932567996,0.22770994985557483,0.5057521568876255
27613934,H,0.4131982475355969,0.2568455640744797,0.32995618838992335,1.0,0.0,0.0,0.5319385261556168,0.2736067939146748,0.19445467992970844,0.5164084842027155,0.41931108186948896,0.06428043392779555
27613935,A,0.4131982475355969,0.2568455640744797,0.32995618838992335,1.0,0.0,0.0,0.19437000875175178,0.3013939146668314,0.5042360765814167,0.15771216941907332,0.27912919676964953,0.5631586338112772
27613936,A,0.4131982475355969,0.2568455640744797,0.32995618838992335,1.0,0.0,0.0,0.24025316947619635,0.32620086080622124,0.4335459697175824,0.10031868646923711,0.2631596680999479,0.6365216454308149
27613946,A,0.4131982475355969,0.2568455640744797,0.32995618838992335,1.0,0.0,0.0,0.5217620783155335,0.23028960853991515,0.24794831314455137,0.7453866618789534,0.15531995204732235,0.09929338607372418
27613947,A,0.4131982475355969,0.2568455640744797,0.32995618838992335,1.0,0.0,0.0,0.2946498913801481,0.2909176180172464,0.4144324906026056,0.42177489256149336,0.13834235739056283,0.4398827500479437
27613948,D,0.4131982475355969,0.2568455640744797,0.32995618838992335,1.0,0.0,0.0,0.5981364494044611,0.24342055499283813,0.15844299560270078,0.7418303811359899,0.22453865522592997,0.033630963638080186
27613949,A,0.4131982475355969,0.2568455640744797,0.32995618838992335,1.0,0.0,0.0,0.21343957166578978,0.2554400340141635,0.5311203943200468,0.5481309215802248,0.12746889431222724,0.32440018410754784
27613950,H,0.4131982475355969,0.2568455640744797,0.32995618838992335,1.0,0.0,0.0,0.7441816400917498,0.16869006737026007,0.08712829253799018,0.9203149872396877,0.05074630873784263,0.028938704022469515
27613951,D,0.4131982475355969,0.2568455640744797,0.32995618838992335,1.0,0.0,0.0,0.47923542001404323,0.2607344548391895,0.2600301251467673,0.4495788038337497,0.12559775421412814,0.4248234419521221
27613952,D,0.4131982475355969,0.2568455640744797,0.32995618838992335,1.0,0.0,0.0,0.4040814800779142,0.2814724335859607,0.31444608633612503,0.4275165076348504,0.3352317318590862,0.2372517605060634
27613953,D,0.4131982475355969,0.2568455640744797,0.32995618838992335,1.0,0.0,0.0,0.17612380511905895,0.2792923947582583,0.5445838001226828,0.34634083980213126,0.07210033603882099,0.5815588241590479
27613954,A,0.4131982475355969,0.2568455640744797,0.32995618838992335,1.0,0.0,0.0,0.624208197691111,0.2638571645830007,0.11193463772588834,0.8416483500697611,0.13540588621997282,0.022945763710266062
27613955,H,0.4131982475355969,0.2568455640744797,0.32995618838992335,1.0,0.0,0.0,0.15531957021866616,0.26952070671913453,0.5751597230621992,0.12511933946588472,0.4147337757936628,0.46014688474045246
27613956,D,0.4131982475355969,0.2568455640744797,0.32995618838992335,1.0,0.0,0.0,0.3765230196667829,0.3370855028439371,0.28639147748927996,0.3269196996400258,0.4164272568750373,0.25665304348493695
27613957,H,0.4131982475355969,0.2568455640744797,0.32995618838992335,1.0,0.0,0.0,0.12892404281647965,0.22083003389205685,0.6502459232914636,0.40139496214452147,0.11457111096289584,0.4840339268925827
27613958,H,0.4131982475355969,0.2568455640744797,0.32995618838992335,1.0,0.0,0.0,0.6627833441285433,0.22073819963318295,0.11647845623827369,0.8775381988370373,0.09594905737530228,0.026512743787660435
27613959,A,0.4131982475355969,0.2568455640744797,0.32995618838992335,1.0,0.0,0.0,0.3041151297857623,0.25209293702120295,0.44379193319303484,0.13349960053589052,0.26736665824638134,0.5991337412177281
27613960,H,0.4131982475355969,0.2568455640744797,0.32995618838992335,1.0,0.0,0.0,0.7963021670765107,0.1501182678077991,0.05357956511569013,0.7007768426379536,0.22357312408727117,0.07565003327477511
27613961,H,0.4131982475355969,0.2568455640744797,0.32995618838992335,1.0,0.0,0.0,0.5715376326446916,0.24809289536316093,0.18036947199214745,0.5276989070778512,0.1206631963338546,0.35163789658829425
27613962,D,0.4131982475355969,0.2568455640744797,0.32995618838992335,1.0,0.0,0.0,0.6409631396105405,0.2146483156883751,0.14438854470108445,0.826736298002114,0.09406281175915922,0.07920089023872669
27613963,D,0.4131982475355969,0.2568455640744797,0.32995618838992335,1.0,0.0,0.0,0.2923522975138708,0.31094023930297116,0.39670746318315814,0.1458951951045288,0.1396614771593661,0.7144433277361051
27613964,D,0.4131982475355969,0.2568455640744797,0.32995618838992335,1.0,0.0,0.0,0.2172508532810088,0.23893347259476702,0.543815674124224,0.11319246720761864,0.23281129515687332,0.6539962376355081
27613965,H,0.4131982475355969,0.2568455640744797,0.32995618838992335,1.0,0.0,0.0,0.6553779898504846,0.20991596576178978,0.1347060443877256,0.19027712694835247,0.3700831216633889,0.4396397513882588
27613966,D,0.4131982475355969,0.2568455640744797,0.32995618838992335,1.0,0.0,0.0,0.32541100286852254,0.3811639280151748,0.2934250691163027,0.4451114782514846,0.2520055611211376,0.3028829606273778
27613967,H,0.4131982475355969,0.2568455640744797,0.32995618838992335,1.0,0.0,0.0,0.6191409955619228,0.18684772042011047,0.19401128401796672,0.5166485900880989,0.2838702607230236,0.19948114918887735
27613968,A,0.4131982475355969,0.2568455640744797,0.32995618838992335,1.0,0.0,0.0,0.5295016052888804,0.2607913620911373,0.2097070326199824,0.7994418632481555,0.17336251041277714,0.027195626339067386
27613969,A,0.4131982475355969,0.2568455640744797,0.32995618838992335,1.0,0.0,0.0,0.09140317912728606,0.17145861031755785,0.737138210555156,0.03740116668618991,0.11125199452268004,0.85134683879113
27613970,D,0.4131982475355969,0.2568455640744797,0.32995618838992335,1.0,0.0,0.0,0.2593394348363588,0.2551774030323155,0.48548316213132575,0.216344348081315,0.09264067548751795,0.6910149764311669
27613971,H,0.4131982475355969,0.2568455640744797,0.32995618838992335,1.0,0.0,0.0,0.4497876710606497,0.28385510043186757,0.2663572285074827,0.5685445458386654,0.14741820508622988,0.2840372490751047
27613972,A,0.4131982475355969,0.2568455640744797,0.32995618838992335,1.0,0.0,0.0,0.3979774896196075,0.2636493141213547,0.3383731962590379,0.46129218312734177,0.25256693791232737,0.28614087896033075
27613973,D,0.4131982475355969,0.2568455640744797,0.32995618838992335,1.0,0.0,0.0,0.3217535342875799,0.29526595651589793,0.3829805091965221,0.39938553922801434,0.2956692071798208,0.30494525359216484
27613974,A,0.4131982475355969,0.2568455640744797,0.32995618838992335,1.0,0.0,0.0,0.19989892073509222,0.19949243225959543,0.6006086470053125,0.09661844115803164,0.18316008328875077,0.7202214755532176
27613975,D,0.4131982475355969,0.2568455640744797,0.32995618838992335,1.0,0.0,0.0,0.35571151873306184,0.2582904854215604,0.38599799584537775,0.4525485560368341,0.25055861313624733,0.2968928308269186
27613976,A,0.4131982475355969,0.2568455640744797,0.32995618838992335,1.0,0.0,0.0,0.25450253149138397,0.2849869596824343,0.46051050882618166,0.15893324469899126,0.36679162849978963,0.47427512680121914
27613977,D,0.4131982475355969,0.2568455640744797,0.32995618838992335,1.0,0.0,0.0,0.32698249973532556,0.3007807972598505,0.372236703004824,0.24186375558752374,0.32243885071718736,0.4356973936952889
27613978,H,0.4131982475355969,0.2568455640744797,0.32995618838992335,1.0,0.0,0.0,0.5803220037088386,0.24156786769615643,0.17811012859500489,0.8518804363049263,0.09212584593365482,0.05599371776141897
27613979,H,0.4131982475355969,0.2568455640744797,0.32995618838992335,1.0,0.0,0.0,0.4059754696425757,0.34079880404601676,0.25322572631140755,0.39040078997193295,0.12646817860723683,0.4831310314208302
27613980,A,0.4131982475355969,0.2568455640744797,0.32995618838992335,1.0,0.0,0.0,0.37212612210444374,0.2853384372508739,0.34253544064468233,0.5126504563742352,0.3125513684015649,0.17479817522419985
27613981,H,0.4131982475355969,0.2568455640744797,0.32995618838992335,1.0,0.0,0.0,0.6513239601644392,0.192646832057116,0.15602920777844484,0.8589902535691674,0.12595396702645797,0.015055779404374591
28354617,D,0.4131982475355969,0.2568455640744797,0.32995618838992335,1.0,0.0,0.0,0.5324503728054495,0.24289451126586767,0.22465511592868284,0.8627881073564895,0.06894550554101501,0.06826638710249551
28354635,H,0.4131982475355969,0.2568455640744797,0.32995618838992335,1.0,0.0,0.0,0.3366245786237803,0.28783920283833075,0.3755362185378888,0.4720353366169896,0.19986198140694195,0.32810268197606846
28354636,H,0.4131982475355969,0.2568455640744797,0.32995618838992335,1.0,0.0,0.0,0.4837578479129584,0.2733734967754407,0.24286865531160096,0.42620012247171907,0.0877123933326402,0.48608748419564074
28354637,H,0.4131982475355969,0.2568455640744797,0.32995618838992335,1.0,0.0,0.0,0.57341533958807,0.25429250760816946,0.17229215280376053,0.7891608604798005,0.16142153394432152,0.04941760557587795
28354643,D,0.4131982475355969,0.2568455640744797,0.32995618838992335,1.0,0.0,0.0,0.4174651101752488,0.3546757161716639,0.2278591736530873,0.6498731129652229,0.2258912569156833,0.12423563011909378
28354644,A,0.4131982475355969,0.2568455640744797,0.32995618838992335,1.0,0.0,0.0,0.3943165744828188,0.33100122993330433,0.2746821955838768,0.5257127584341161,0.2891423074401758,0.18514493412570807
28354645,H,0.4131982475355969,0.2568455640744797,0.32995618838992335,1.0,0.0,0.0,0.7334244299375452,0.18873718493252611,0.07783838512992859,0.9339610512443652,0.013257413151560473,0.05278153560407437
28354647,D,0.4131982475355969,0.2568455640744797,0.32995618838992335,1.0,0.0,0.0,0.4273849080959583,0.2649416304257163,0.30767346147832536,0.44345443480011676,0.22176658232354732,0.33477898287633595
28354648,D,0.4131982475355969,0.2568455640744797,0.32995618838992335,1.0,0.0,0.0,0.3688608523621532,0.30089471511905824,0.3302444325187885,0.3268275429771044,0.5934867543095526,0.07968570271334309
28354649,H,0.4131982475355969,0.2568455640744797,0.32995618838992335,1.0,0.0,0.0,0.6472554208496262,0.25642340046112966,0.09632117868924418,0.7321610976760984,0.18029296245630172,0.08754593986759986
28354650,A,0.4131982475355969,0.2568455640744797,0.32995618838992335,1.0,0.0,0.0,0.14025363826121465,0.1939798105215799,0.6657665512172054,0.11509482756585228,0.08936799587323954,0.795537176560908
28354651,A,0.4131982475355969,0.2568455640744797,0.32995618838992335,1.0,0.0,0.0,0.2640998741338633,0.2901363477779388,0.4457637780881979,0.32742817057977625,0.24734234034025265,0.425229489079971
28354652,D,0.4131982475355969,0.2568455640744797,0.32995618838992335,1.0,0.0,0.0,0.5104294124814504,0.23929197544628328,0.2502786120722664,0.5974411978715864,0.1883459027691184,0.21421289935929513
28354653,H,0.4131982475355969,0.2568455640744797,0.32995618838992335,1.0,0.0,0.0,0.5424752280901544,0.24472787760070877,0.21279689430913684,0.3011371821941323,0.5778211546842449,0.12104166312162286
28354654,D,0.4131982475355969,0.2568455640744797,0.32995618838992335,1.0,0.0,0.0,0.5691359778282402,0.2553890154037205,0.17547500676803926,0.5403315390008594,0.21878198505128182,0.2408864759478587
28354655,H,0.4131982475355969,0.2568455640744797,0.32995618838992335,1.0,0.0,0.0,0.46114048537084984,0.32592699367382977,0.21293252095532036,0.3958098600511463,0.41678272778964076,0.18740741215921294
28354656,D,0.4131982475355969,0.2568455640744797,0.32995618838992335,1.0,0.0,0.0,0.44525866756785687,0.2950041228931217,0.2597372095390214,0.4514457923665514,0.12136429521468277,0.4271899124187659
28354657,H,0.4131982475355969,0.2568455640744797,0.32995618838992335,1.0,0.0,0.0,0.49790644621581603,0.27824500336616903,0.2238485504180149,0.5374186303709246,0.32358180966072364,0.13899955996835164
28354658,H,0.4131982475355969,0.2568455640744797,0.32995618838992335,1.0,0.0,0.0,0.6062838808918172,0.20241518013788534,0.19130093897029743,0.2814869900352256,0.6356831298911914,0.08282988007358308
28354659,D,0.4131982475355969,0.2568455640744797,0.32995618838992335,1.0,0.0,0.0,0.1884886954586517,0.25509597958668256,0.5564153249546657,0.11104300622741083,0.17699380766499434,0.7119631861075949
28354660,D,0.4131982475355969,0.2568455640744797,0.32995618838992335,1.0,0.0,0.0,0.3246357869054982,0.30749386628258496,0.3678703468119169,0.3998584086897014,0.30128331082580745,0.2988582804844911
28354661,H,0.4131982475355969,0.2568455640744797,0.32995618838992335,1.0,0.0,0.0,0.501704962269702,0.2845056985944423,0.21378933913585574,0.646694751677081,0.10687840219258765,0.24642684613033128
28354662,D,0.4131982475355969,0.2568455640744797,0.32995618838992335,1.0,0.0,0.0,0.5167689594771339,0.3108861268516173,0.17234491367124885,0.5801561643302949,0.39043504365671977,0.029408792012985303
28354663,H,0.4131982475355969,0.2568455640744797,0.32995618838992335,1.0,0.0,0.0,0.15354781927166394,0.25693801231413277,0.5895141684142032,0.3532649773286415,0.36068582088956225,0.2860492017817963
28354664,H,0.4131982475355969,0.2568455640744797,0.32995618838992335,1.0,0.0,0.0,0.4557869428892498,0.30082936764043994,0.2433836894703103,0.4680236330969561,0.44361136775344134,0.0883649991496024
28354665,A,0.4131982475355969,0.2568455640744797,0.32995618838992335,1.0,0.0,0.0,0.2776783360455875,0.30745580354683005,0.41486586040758244,0.23284497118369932,0.48392332097030877,0.2832317078459919
28354666,D,0.4131982475355969,0.2568455640744797,0.32995618838992335,1.0,0.0,0.0,0.5370105695771339,0.22518848646053163,0.23780094396233456,0.718704335769418,0.1065534403657797,0.17474222386480234
28354667,D,0.4131982475355969,0.2568455640744797,0.32995618838992335,1.0,0.0,0.0,0.48074830880999464,0.2816707731460454,0.23758091804395998,0.16659289735305935,0.7272376719056286,0.10616943074131213
28354668,H,0.4131982475355969,0.2568455640744797,0.32995618838992335,1.0,0.0,0.0,0.7470607196151113,0.14573539479602465,0.10720388558886393,0.46435013069429526,0.4806406382889575,0.05500923101674725
28354669,A,0.4131982475355969,0.2568455640744797,0.32995618838992335,1.0,0.0,0.0,0.1343080873863759,0.25369488094774045,0.6119970316658836,0.06781483142318831,0.06843573873985372,0.863749429836958
28354670,H,0.4131982475355969,0.2568455640744797,0.32995618838992335,1.0,0.0,0.0,0.30622937747907314,0.3263127404669856,0.36745788205394125,0.46361317322551937,0.03719449423171415,0.49919233254276646
28354671,H,0.4131982475355969,0.2568455640744797,0.32995618838992335,1.0,0.0,0.0,0.6426246417081638,0.21848908191121083,0.1388862763806254,0.7645814122420114,0.14101796956598178,0.09440061819200692
28354672,A,0.4131982475355969,0.2568455640744797,0.32995618838992335,1.0,0.0,0.0,0.33684006679243966,0.2852737854335561,0.37788614777400437,0.5899344916463348,0.16485836421773423,0.24520714413593092
28354673,D,0.4131982475355969,0.2568455640744797,0.32995618838992335,1.0,0.0,0.0,0.4267922954013069,0.2892474980461236,0.2839602065525694,0.40029541496557086,0.3358471578432557,0.2638574271911735
28354674,A,0.4131982475355969,0.2568455640744797,0.32995618838992335,1.0,0.0,0.0,0.2979649502722951,0.25390909017624574,0.4481259595514593,0.3061902636748678,0.393893397479488,0.29991633884564417
28354675,H,0.4131982475355969,0.2568455640744797,0.32995618838992335,1.0,0.0,0.0,0.4782066243038592,0.2510450800202711,0.2707482956758696,0.45632343641830075,0.2943186798132914,0.2493578837684079
28354676,A,0.4131982475355969,0.2568455640744797,0.32995618838992335,1.0,0.0,0.0,0.1329052907819174,0.1989924835733395,0.6681022256447431,0.03886143469193806,0.46225467334063663,0.4988838919674253
28354677,H,0.4131982475355969,0.2568455640744797,0.32995618838992335,1.0,0.0,0.0,0.4213095266450643,0.2559203466940506,0.32277012666088506,0.6753918863426273,0.12947881051692137,0.19512930314045146
28354678,A,0.4131982475355969,0.2568455640744797,0.32995618838992335,1.0,0.0,0.0,0.3892895561448941,0.28232629214513966,0.32838415170996627,0.5366890004338732,0.21429318383186366,0.24901781573426304
28354679,A,0.4131982475355969,0.2568455640744797,0.32995618838992335,1.0,0.0,0.0,0.5771093807789763,0.20750474592003001,0.2153858733009937,0.740625227572179,0.05430400739398729,0.20507076503383367
28354680,H,0.4131982475355969,0.2568455640744797,0.32995618838992335,1.0,0.0,0.0,0.14852572200467226,0.2093809412748646,0.6420933367204632,0.10022585502667378,0.028310635223486567,0.8714635097498397
28354681,H,0.4131982475355969,0.2568455640744797,0.32995618838992335,1.0,0.0,0.0,0.5403306001579371,0.2024275380268138,0.2572418618152491,0.5318513328328938,0.2911712804740061,0.1769773866931001
28354682,H,0.4131982475355969,0.2568455640744797,0.32995618838992335,1.0,0.0,0.0,0.4126334269658834,0.334303685898253,0.2530628871358636,0.34240220960518764,0.331125369907163,0.3264724204876494
28354683,A,0.4131982475355969,0.2568455640744797,0.32995618838992335,1.0,0.0,0.0,0.3005037507962454,0.248519685303075,0.4509765639006795,0.1629580676204573,0.515530745640109,0.3215111867394337
28354684,A,0.4131982475355969,0.2568455640744797,0.32995618838992335,1.0,0.0,0.0,0.3935477056146454,0.2272992553228825,0.37915303906247205,0.5535819323108893,0.08009590654743731,0.3663221611416733
28354685,H,0.4131982475355969,0.2568455640744797,0.32995618838992335,1.0,0.0,0.0,0.5107252131954692,0.22435422943259342,0.26492055737193754,0.21713696281775122,0.3570857253155645,0.4257773118666844
28487058,H,0.4131982475355969,0.2568455640744797,0.32995618838992335,1.0,0.0,0.0,0.5114690451597496,0.2239283382560169,0.26460261658423345,0.4903992500014371,0.16669488169895252,0.34290586829961034
28557736,H,0.4131982475355969,0.2568455640744797,0.32995618838992335,1.0,0.0,0.0,0.4437517363149998,0.25210582105683266,0.30414244262816753,0.2864483470966668,0.3967720329242785,0.31677961997905474
28557737,H,0.4131982475355969,0.2568455640744797,0.32995618838992335,1.0,0.0,0.0,0.7701858289397746,0.1280675161155208,0.10174665494470456,0.9205235349511487,0.01268975682170428,0.06678670822714697
29855285,D,0.4131982475355969,0.2568455640744797,0.32995618838992335,1.0,0.0,0.0,0.43525115036682116,0.26108135130601723,0.30366749832716167,0.37031832888435,0.2775161485076249,0.352165522608025
29855287,H,0.4131982475355969,0.2568455640744797,0.32995618838992335,1.0,0.0,0.0,0.5210634190850331,0.27136789122561433,0.20756868968935266,0.47709355253764035,0.20173479338366157,0.32117165407869797
29855288,H,0.4131982475355969,0.2568455640744797,0.32995618838992335,1.0,0.0,0.0,0.37987034408440135,0.26806600687495147,0.3520636490406472,0.2046788655889822,0.6584899068552927,0.13683122755572502
29855293,H,0.4131982475355969,0.2568455640744797,0.32995618838992335,1.0,0.0,0.0,0.48033495649067637,0.2252960748298857,0.29436896867943807,0.7008083537813787,0.14627448894832845,0.15291715727029281
29855299,H,0.4131982475355969,0.2568455640744797,0.32995618838992335,1.0,0.0,0.0,0.4583683467438975,0.2730146333124181,0.26861701994368453,0.3561243300561559,0.23302442739273235,0.4108512425511118
29855300,H,0.4131982475355969,0.2568455640744797,0.32995618838992335,1.0,0.0,0.0,0.5043627148674142,0.2887390927489588,0.206898192383627,0.39977325215646325,0.4289147790710025,0.17131196877253427
29855313,D,0.4131982475355969,0.2568455640744797,0.32995618838992335,1.0,0.0,0.0,0.19008683698291168,0.25407556288636235,0.555837600130726,0.18441518110627128,0.33920793237259,0.47637688652113863
29855314,D,0.4131982475355969,0.2568455640744797,0.32995618838992335,1.0,0.0,0.0,0.4207968501309552,0.28968421908118563,0.2895189307878593,0.37996545108994,0.5363928123027834,0.08364173660727658
29855315,D,0.4131982475355969,0.2568455640744797,0.32995618838992335,1.0,0.0,0.0,0.5601376186097549,0.25739265774561654,0.18246972364462866,0.3650126456797291,0.4429476177849244,0.19203973653534656
29855316,D,0.4131982475355969,0.2568455640744797,0.32995618838992335,1.0,0.0,0.0,0.4786734501187427,0.3203920265843469,0.20093452329691036,0.21827783013416488,0.2533615335288356,0.5283606363369995
29855328,H,0.4131982475355969,0.2568455640744797,0.32995618838992335,1.0,0.0,0.0,0.3660263286725117,0.2627846060826547,0.3711890652448336,0.42130543208260146,0.38014780781839974,0.19854676009899888
29855329,A,0.4131982475355969,0.2568455640744797,0.32995618838992335,1.0,0.0,0.0,0.38793260609942176,0.33517105847077633,0.27689633542980185,0.6348695257393066,0.15555549604621052,0.20957497821448287
29855330,H,0.4131982475355969,0.2568455640744797,0.32995618838992335,1.0,0.0,0.0,0.6570243279155378,0.20642748529840085,0.1365481867860614,0.8694924081363488,0.06892338678108685,0.061584205082564354
29855332,A,0.4131982475355969,0.2568455640744797,0.32995618838992335,1.0,0.0,0.0,0.23832026861492403,0.26943609130859686,0.49224364007647914,0.1269152888603128,0.3849336784045126,0.4881510327351745
29855333,H,0.4131982475355969,0.2568455640744797,0.32995618838992335,1.0,0.0,0.0,0.43278494581334576,0.33491281618998264,0.2323022379966716,0.64208950575487,0.12907706372956887,0.22883343051556104
29855334,A,0.4131982475355969,0.2568455640744797,0.32995618838992335,1.0,0.0,0.0,0.1623945361684096,0.2582261398723978,0.5793793239591927,0.04117843637432234,0.27882621617419623,0.6799953474514814
29855336,H,0.4131982475355969,0.2568455640744797,0.32995618838992335,1.0,0.0,0.0,0.3169328713849406,0.27740311567442244,0.405664012940637,0.6468296016997849,0.22359078137753804,0.1295796169226771
29855337,H,0.4131982475355969,0.2568455640744797,0.32995618838992335,1.0,0.0,0.0,0.2198883429042214,0.27174151278149994,0.5083701443142786,0.17369632407239294,0.24448745199146366,0.5818162239361434
29855340,A,0.4131982475355969,0.2568455640744797,0.32995618838992335,1.0,0.0,0.0,0.5590481068779458,0.24241247307131228,0.19853942005074182,0.4792809548094926,0.1409498905410344,0.3797691546494728
29855341,D,0.4131982475355969,0.2568455640744797,0.32995618838992335,1.0,0.0,0.0,0.6093257112954041,0.24274788177587325,0.1479264069287225,0.36885962418561824,0.5722031358820386,0.058937239932342955
29855342,A,0.4131982475355969,0.2568455640744797,0.32995618838992335,1.0,0.0,0.0,0.672645648261016,0.18052672966395333,0.1468276220750306,0.813936733772833,0.10912773290032463,0.07693553332684225
29855343,H,0.4131982475355969,0.2568455640744797,0.32995618838992335,1.0,0.0,0.0,0.599985321534264,0.19457913231560645,0.20543554615012954,0.7392500712009694,0.06661739445639933,0.19413253434263125
29855344,D,0.4131982475355969,0.2568455640744797,0.32995618838992335,1.0,0.0,0.0,0.4180825005129221,0.29449858952394636,0.28741890996313163,0.4664693081864486,0.2978134267984765,0.23571726501507492
29855345,A,0.4131982475355969,0.2568455640744797,0.32995618838992335,1.0,0.0,0.0,0.41223688770244543,0.2592341230183513,0.3285289892792033,0.33022362807038885,0.23889169594432969,0.4308846759852816
29855347,H,0.4131982475355969,0.2568455640744797,0.32995618838992335,1.0,0.0,0.0,0.742891770666535,0.17809388155918776,0.07901434777427722,0.8103812991683969,0.14425226494740825,0.045366435884195026
29855348,A,0.4131982475355969,0.2568455640744797,0.32995618838992335,1.0,0.0,0.0,0.5215791881283969,0.24704941518026577,0.23137139669133736,0.48908187358110644,0.3818615930157017,0.12905653340319187
29855349,A,0.4131982475355969,0.2568455640744797,0.32995618838992335,1.0,0.0,0.0,0.2884350818269506,0.2746642425476681,0.4369006756253814,0.3837807607427026,0.16852780191332298,0.44769143734397426
29855355,H,0.4131982475355969,0.2568455640744797,0.32995618838992335,1.0,0.0,0.0,0.4547695072480201,0.2613086793000723,0.28392181345190753,0.5189795211685848,0.18661939591457943,0.29440108291683575
29855359,D,0.4131982475355969,0.2568455640744797,0.32995618838992335,1.0,0.0,0.0,0.13892842132624064,0.23111044080263074,0.6299611378711286,0.10566155546171636,0.13325672092832486,0.7610817236099588
29855360,H,0.4131982475355969,0.2568455640744797,0.32995618838992335,1.0,0.0,0.0,0.2966516553548918,0.30419844939005297,0.3991498952550553,0.2310757047986894,0.23633101526699343,0.5325932799343172
29855361,D,0.4131982475355969,0.2568455640744797,0.32995618838992335,1.0,0.0,0.0,0.3629848314391677,0.3178879261174847,0.31912724244334767,0.32095538163818854,0.1475136534407117,0.5315309649210997
29855363,D,0.4131982475355969,0.2568455640744797,0.32995618838992335,1.0,0.0,0.0,0.38652257554924613,0.3094211790313729,0.304056245419381,0.3213275623533909,0.34469211245454245,0.3339803251920668
29855365,H,0.4131982475355969,0.2568455640744797,0.32995618838992335,1.0,0.0,0.0,0.6176435135969457,0.22727867370418026,0.15507781269887402,0.7383490710693765,0.21162331333687515,0.050027615593748374
29855366,A,0.4131982475355969,0.2568455640744797,0.32995618838992335,1.0,0.0,0.0,0.4507854445967134,0.29988420109949754,0.24933035430378914,0.5021826317302898,0.3723052376479322,0.12551213062177807
29855370,H,0.4131982475355969,0.2568455640744797,0.32995618838992335,1.0,0.0,0.0,0.39604232029973646,0.28666200054433316,0.3172956791559305,0.6677651120517591,0.15972621057869174,0.17250867736954914
29855375,A,0.4131982475355969,0.2568455640744797,0.32995618838992335,1.0,0.0,0.0,0.6161904551809345,0.18239104160848957,0.20141850321057594,0.8851507911792658,0.05731649349883458,0.05753271532189961
29855377,H,0.4131982475355969,0.2568455640744797,0.32995618838992335,1.0,0.0,0.0,0.70268801825025,0.17419079293323375,0.12312118881651625,0.5861006913571339,0.2143193991087838,0.1995799095340823
29855378,D,0.4131982475355969,0.2568455640744797,0.32995618838992335,1.0,0.0,0.0,0.44270570492259365,0.23159338481497588,0.32570091026243053,0.4841752386757699,0.08540827355926005,0.43041648776497016
29855379,H,0.4131982475355969,0.2568455640744797,0.32995618838992335,1.0,0.0,0.0,0.6325879995905561,0.21675498069856616,0.15065701971087775,0.8600644733912445,0.08104174137611458,0.058893785232640994
29855380,H,0.4131982475355969,0.2568455640744797,0.32995618838992335,1.0,0.0,0.0,0.6838788002968169,0.19198487030713982,0.12413632939604323,0.8852705397706127,0.09227891550077763,0.022450544728609703
29855385,H,0.4131982475355969,0.2568455640744797,0.32995618838992335,1.0,0.0,0.0,0.5844307603304781,0.17707843350925478,0.23849080616026705,0.8542214890449238,0.026960983496566098,0.11881752745851018
29855387,D,0.4131982475355969,0.2568455640744797,0.32995618838992335,1.0,0.0,0.0,0.34038608648939184,0.27422694805655384,0.3853869654540544,0.5686227585832608,0.11324447672027749,0.31813276469646157
29855388,A,0.4131982475355969,0.2568455640744797,0.32995618838992335,1.0,0.0,0.0,0.08084318532160764,0.23158348365112694,0.6875733310272655,0.38142163930566464,0.011578535968329626,0.6069998247260057
29855389,D,0.4131982475355969,0.2568455640744797,0.32995618838992335,1.0,0.0,0.0,0.6590326000544634,0.2509796530253988,0.08998774692013772,0.7462339347903547,0.10518614723572886,0.14857991797391648
29855410,D,0.4131982475355969,0.2568455640744797,0.32995618838992335,1.0,0.0,0.0,0.6260381538051598,0.23513200311057025,0.13882984308426993,0.6289786958341363,0.1980158628825008,0.17300544128336284
29855411,A,0.4131982475355969,0.2568455640744797,0.32995618838992335,1.0,0.0,0.0,0.24864285682869106,0.30703737049237473,0.4443197726789343,0.25781527515859054,0.38554352448616847,0.35664120035524094
29855414,A,0.4131982475355969,0.2568455640744797,0.32995618838992335,1.0,0.0,0.0,0.40021525653210716,0.20593194747348328,0.39385279599440964,0.24857063839979215,0.26874370964127825,0.4826856519589296
29855429,H,0.4131982475355969,0.2568455640744797,0.32995618838992335,1.0,0.0,0.0,0.35001767420321817,0.33734572510378524,0.3126366006929966,0.22863777293485404,0.6583947889523715,0.11296743811277457
29855430,D,0.4131982475355969,0.2568455640744797,0.32995618838992335,1.0,0.0,0.0,0.5202597520865211,0.2831218279251533,0.19661841998832558,0.6496406729904538,0.3076030203261758,0.042756306683370396
30472937,A,0.4131982475355969,0.2568455640744797,0.32995618838992335,1.0,0.0,0.0,0.5934659939691531,0.26883439057580827,0.1376996154550386,0.8282061225358308,0.12452660346030002,0.04726727400386922
30472938,A,0.4131982475355969,0.2568455640744797,0.32995618838992335,1.0,0.0,0.0,0.5998799242032178,0.2299248094442126,0.17019526635256962,0.6627695457381615,0.2859126574909796,0.05131779677085881
30472939,A,0.4131982475355969,0.2568455640744797,0.32995618838992335,1.0,0.0,0.0,0.3015623533142303,0.3030523403758087,0.39538530630996094,0.30233167159323615,0.27259303610353247,0.4250752923032314
30472940,H,0.4131982475355969,0.2568455640744797,0.32995618838992335,1.0,0.0,0.0,0.35199949640315975,0.34424518391831216,0.30375531967852804,0.6355934143279792,0.27117364215490164,0.09323294351711912
30472941,H,0.4131982475355969,0.2568455640744797,0.32995618838992335,1.0,0.0,0.0,0.573047252686695,0.30403706147323273,0.12291568584007233,0.8825668433560295,0.053330581591317046,0.06410257505265339
30472942,H,0.4131982475355969,0.2568455640744797,0.32995618838992335,1.0,0.0,0.0,0.5462808610308016,0.2634741170651749,0.19024502190402343,0.6591328640805922,0.2018237668472138,0.13904336907219383
30472943,D,0.4131982475355969,0.2568455640744797,0.32995618838992335,1.0,0.0,0.0,0.3614629011180123,0.3353152470612561,0.30322185182073164,0.4655926147024876,0.4220968770404536,0.11231050825705871
30472944,D,0.4131982475355969,0.2568455640744797,0.32995618838992335,1.0,0.0,0.0,0.32774935533813776,0.30760255554054183,0.36464808912132046,0.27184786933064903,0.4986304877774462,0.22952164289190485
30472945,A,0.4131982475355969,0.2568455640744797,0.32995618838992335,1.0,0.0,0.0,0.5216421121299061,0.24209899392968665,0.2362588939404073,0.6467793002373504,0.23182559498269617,0.12139510477995338
30472946,H,0.4131982475355969,0.2568455640744797,0.32995618838992335,1.0,0.0,0.0,0.2943403250609584,0.32002455275893066,0.3856351221801109,0.1360418833693464,0.5319319185351338,0.3320261980955198
30472947,H,0.4131982475355969,0.2568455640744797,0.32995618838992335,1.0,0.0,0.0,0.46150733276830946,0.2141321987674992,0.32436046846419125,0.30276261061766363,0.5586389329948133,0.13859845638752302
30472962,A,0.4131982475355969,0.2568455640744797,0.32995618838992335,1.0,0.0,0.0,0.32189553036843455,0.2292840112393479,0.4488204583922175,0.4450583203512675,0.14638919165694755,0.40855248799178495
30472967,A,0.4131982475355969,0.2568455640744797,0.32995618838992335,1.0,0.0,0.0,0.3715209384279576,0.3234179172981668,0.3050611442738756,0.8804274994695103,0.04474649892856818,0.0748260016019216
30472969,A,0.4131982475355969,0.2568455640744797,0.32995618838992335,1.0,0.0,0.0,0.11228999112054638,0.18386345862052714,0.7038465502589264,0.0036552732726226446,0.4951943412595557,0.5011503854678216
30472970,D,0.4131982475355969,0.2568455640744797,0.32995618838992335,1.0,0.0,0.0,0.5748849932941003,0.22246192362544695,0.2026530830804528,0.6721566235893889,0.1973204695255595,0.13052290688505166
30472971,D,0.4131982475355969,0.2568455640744797,0.32995618838992335,1.0,0.0,0.0,0.21957102245406557,0.2551493057595457,0.5252796717863888,0.09490525694639551,0.20794111454731748,0.697153628506287
30472978,A,0.4131982475355969,0.2568455640744797,0.32995618838992335,1.0,0.0,0.0,0.20234543735645058,0.22005266303796026,0.5776018996055892,0.14264811005862432,0.2697738326702685,0.5875780572711071
30472980,D,0.4131982475355969,0.2568455640744797,0.32995618838992335,1.0,0.0,0.0,0.4801177819098053,0.2603344553709427,0.2595477627192519,0.4895916161447315,0.4084501682848555,0.10195821557041304
30472988,D,0.4131982475355969,0.2568455640744797,0.32995618838992335,1.0,0.0,0.0,0.5701815125645454,0.25139574494316413,0.17842274249229048,0.7664134428799085,0.11701564696384432,0.11657091015624713
30472992,D,0.4131982475355969,0.2568455640744797,0.32995618838992335,1.0,0.0,0.0,0.18248974075794835,0.25286315808589976,0.564647101156152,0.13417372765206795,0.18829560238959647,0.6775306699583357
30472995,H,0.4131982475355969,0.2568455640744797,0.32995618838992335,1.0,0.0,0.0,0.6371407823228522,0.20655301604180806,0.1563062016353398,0.708010333207213,0.21007313171366887,0.0819165350791182
30473003,H,0.4131982475355969,0.2568455640744797,0.32995618838992335,1.0,0.0,0.0,0.3548547179694487,0.27901757587695464,0.36612770615359674,0.7169502044730571,0.16313275227091323,0.11991704325602959
30473004,A,0.4131982475355969,0.2568455640744797,0.32995618838992335,1.0,0.0,0.0,0.28835668364705264,0.2721876581059217,0.4394556582470257,0.10182052092295986,0.18688016795634638,0.7112993111206938
30473008,D,0.4131982475355969,0.2568455640744797,0.32995618838992335,1.0,0.0,0.0,0.26441480419918745,0.24594164494166773,0.4896435508591448,0.15792143817221693,0.4304974881196002,0.411581073708183
30473009,H,0.4131982475355969,0.2568455640744797,0.32995618838992335,1.0,0.0,0.0,0.36402780754242775,0.25877492826328863,0.37719726419428373,0.17779805232742993,0.16902837310015958,0.6531735745724107
30473014,H,0.4131982475355969,0.2568455640744797,0.32995618838992335,1.0,0.0,0.0,0.598079347710931,0.21785138525220918,0.1840692670368599,0.4720424637818735,0.3874614272327745,0.14049610898535195
30473015,A,0.4131982475355969,0.2568455640744797,0.32995618838992335,1.0,0.0,0.0,0.2926729459026481,0.20420027806340751,0.5031267760339444,0.0796215335449297,0.1001875596921673,0.820190906762903
30473016,A,0.4131982475355969,0.2568455640744797,0.32995618838992335,1.0,0.0,0.0,0.4381074499007691,0.2504661142752454,0.3114264358239853,0.551831771434553,0.21110988657862292,0.2370583419868241
30473017,A,0.4131982475355969,0.2568455640744797,0.32995618838992335,1.0,0.0,0.0,0.4881036660197761,0.2888318985237847,0.22306443545643923,0.27379497901417754,0.6179357689407681,0.10826925204505435
30473018,H,0.4131982475355969,0.2568455640744797,0.32995618838992335,1.0,0.0,0.0,0.5896469819536917,0.21192554668937566,0.1984274713569327,0.5193092570299613,0.17682772251348414,0.30386302045655444
30473019,D,0.4131982475355969,0.2568455640744797,0.32995618838992335,1.0,0.0,0.0,0.2031326828364019,0.18423672458052015,0.6126305925830781,0.30738283072659633,0.12227417462207699,0.5703429946513268
30473020,H,0.4131982475355969,0.2568455640744797,0.32995618838992335,1.0,0.0,0.0,0.2932270677861251,0.25089669444916346,0.4558762377647113,0.5247780977615106,0.27085806674377466,0.2043638354947147
30473021,H,0.4131982475355969,0.2568455640744797,0.32995618838992335,1.0,0.0,0.0,0.34813909794960474,0.2318975252122352,0.41996337683816,0.5971713891957652,0.08806319470938576,0.31476541609484904
30473024,A,0.4131982475355969,0.2568455640744797,0.32995618838992335,1.0,0.0,0.0,0.16666368806093806,0.21221245018824667,0.6211238617508154,0.06315790904893885,0.05197465183172814,0.8848674391193331
30473025,H,0.4131982475355969,0.2568455640744797,0.32995618838992335,1.0,0.0,0.0,0.5613225863482878,0.2824606118687971,0.1562168017829151,0.2318756992211286,0.7239282149127368,0.044196085866134674
30473026,D,0.4131982475355969,0.2568455640744797,0.32995618838992335,1.0,0.0,0.0,0.5618097238907254,0.24695693568432328,0.19123334042495146,0.2936161885040729,0.459782751172103,0.24660106032382412
30473027,A,0.4131982475355969,0.2568455640744797,0.32995618838992335,1.0,0.0,0.0,0.41233502477320416,0.31225700690122155,0.27540796832557424,0.8394385396743889,0.06938460282128016,0.09117685750433087
30473028,A,0.4131982475355969,0.2568455640744797,0.32995618838992335,1.0,0.0,0.0,0.39450051162007355,0.30990244247919213,0.29559704590073427,0.6984800740249805,0.19336532964903508,0.10815459632598438
30473029,A,0.4131982475355969,0.2568455640744797,0.32995618838992335,1.0,0.0,0.0,0.2270853392605465,0.27647123931579043,0.49644342142366293,0.1198571521273709,0.14338712480514781,0.7367557230674813
30473032,A,0.4131982475355969,0.2568455640744797,0.32995618838992335,1.0,0.0,0.0,0.35177234172267663,0.36233107161076816,0.28589658666655515,0.34497199270189655,0.40279790994079345,0.25223009735731017
30473033,A,0.4131982475355969,0.2568455640744797,0.32995618838992335,1.0,0.0,0.0,0.40926973886062135,0.2982312858331347,0.292498975306244,0.4265733410798646,0.1789122537186695,0.39451440520146586
30473042,A,0.4131982475355969,0.2568455640744797,0.32995618838992335,1.0,0.0,0.0,0.06850218809025621,0.1647362187423975,0.7667615931673463,0.27089956949655053,0.05707671073664651,0.6720237197668029
30473046,A,0.4131982475355969,0.2568455640744797,0.32995618838992335,1.0,0.0,0.0,0.3385750490598714,0.3085480038049396,0.35287694713518913,0.5175921738142318,0.24735243683305483,0.2350553893527133
30473048,H,0.4131982475355969,0.2568455640744797,0.32995618838992335,1.0,0.0,0.0,0.11192092239038127,0.2485881074396439,0.6394909701699748,0.0534165963306973,0.14322039516548882,0.8033630085038138
30473050,A,0.4131982475355969,0.2568455640744797,0.32995618838992335,1.0,0.0,0.0,0.4971114206712422,0.23674584026843642,0.2661427390603214,0.4406174836225127,0.2338869896786439,0.3254955266988434
30473051,H,0.4131982475355969,0.2568455640744797,0.32995618838992335,1.0,0.0,0.0,0.4393200556003537,0.25635304570786244,0.3043268986917838,0.7298974621719005,0.16128630083710785,0.10881623699099156
30473054,D,0.4131982475355969,0.2568455640744797,0.32995618838992335,1.0,0.0,0.0,0.5610850033294986,0.24220003868143836,0.1967149579890629,0.4553176395071067,0.4069742462831484,0.13770811420974507
30473056,H,0.4131982475355969,0.2568455640744797,0.32995618838992335,1.0,0.0,0.0,0.5246784994274888,0.23265049101068905,0.24267100956182222,0.6143928872444802,0.25595076070702977,0.12965635204849002
30613808,D,0.4131982475355969,0.2568455640744797,0.32995618838992335,1.0,0.0,0.0,0.6932299049565256,0.1971778883453084,0.10959220669816595,0.6939076880850744,0.271578599363707,0.0345137125512186
31305761,H,0.4131982475355969,0.2568455640744797,0.32995618838992335,1.0,0.0,0.0,0.23939594292431615,0.23988142742665342,0.5207226296490304,0.14953774093559868,0.19292377118821075,0.6575384878761905
31305762,A,0.4131982475355969,0.2568455640744797,0.32995618838992335,1.0,0.0,0.0,0.6184129993543016,0.24786695860226088,0.13372004204343754,0.3943360807586506,0.4602114098423652,0.14545250939898408
31305763,A,0.4131982475355969,0.2568455640744797,0.32995618838992335,1.0,0.0,0.0,0.30770456813237346,0.2548564496164231,0.4374389822512035,0.6218029571520401,0.1917686074623657,0.18642843538559412
31305764,H,0.4131982475355969,0.2568455640744797,0.32995618838992335,1.0,0.0,0.0,0.7551650636524242,0.1437819418265965,0.10105299452097931,0.5024541463073126,0.17829628358255661,0.31924957011013083
31305765,D,0.4131982475355969,0.2568455640744797,0.32995618838992335,1.0,0.0,0.0,0.11541070348995706,0.16982154855958298,0.7147677479504599,0.1791886406540652,0.153927158304064,0.666884201041871
31305766,A,0.4131982475355969,0.2568455640744797,0.32995618838992335,1.0,0.0,0.0,0.173349613602207,0.26666749683642643,0.5599828895613667,0.26263039116751813,0.2235732375276651,0.5137963713048168
31305767,A,0.4131982475355969,0.2568455640744797,0.32995618838992335,1.0,0.0,0.0,0.21669757003265383,0.21003303011285862,0.5732693998544877,0.2043169444121387,0.24700587240172595,0.5486771831861355
31305768,H,0.4131982475355969,0.2568455640744797,0.32995618838992335,1.0,0.0,0.0,0.26462258786404524,0.21630891917991743,0.5190684929560373,0.12333106246842397,0.18798951188190358,0.6886794256496723
31305769,A,0.4131982475355969,0.2568455640744797,0.32995618838992335,1.0,0.0,0.0,0.2729616013414715,0.24058956621780173,0.48644883244072673,0.27798821120402656,0.2637350159415709,0.45827677285440244
31305770,A,0.4131982475355969,0.2568455640744797,0.32995618838992335,1.0,0.0,0.0,0.24990272452390777,0.23202857615668745,0.5180686993194047,0.24437951356779936,0.21987456645888656,0.5357459199733141
31503252,H,0.4131982475355969,0.2568455640744797,0.32995618838992335,1.0,0.0,0.0,0.30855416961064025,0.2923244812663393,0.39912134912302033,0.07925711746044399,0.6749187514881471,0.245824131051409
31503417,H,0.4131982475355969,0.2568455640744797,0.32995618838992335,1.0,0.0,0.0,0.3725795793780695,0.323639698421748,0.30378072220018243,0.6874370099416508,0.16436592361343022,0.14819706644491903
31503437,A,0.4131982475355969,0.2568455640744797,0.32995618838992335,1.0,0.0,0.0,0.16863872847781694,0.2561789346361514,0.5751823368860316,0.11647483606547551,0.17127707810508772,0.7122480858294367
31503448,A,0.4131982475355969,0.2568455640744797,0.32995618838992335,1.0,0.0,0.0,0.30729910812770495,0.2599035387735433,0.4327973530987517,0.33314579879442874,0.38075414202704017,0.2861000591785311
31503453,H,0.4131982475355969,0.2568455640744797,0.32995618838992335,1.0,0.0,0.0,0.46044183400745253,0.2895265647215892,0.2500316012709583,0.4885872983009053,0.22246045614918067,0.288952245549914
31519684,A,0.4131982475355969,0.2568455640744797,0.32995618838992335,1.0,0.0,0.0,0.4597484256820387,0.27879856527022884,0.2614530090477325,0.5531428421586574,0.34911616956117514,0.09774098828016745
31519685,D,0.4131982475355969,0.2568455640744797,0.32995618838992335,1.0,0.0,0.0,0.3484189184327268,0.26595644318012285,0.3856246383871504,0.2835929543790138,0.11683264229386012,0.5995744033271261
31519686,A,0.4131982475355969,0.2568455640744797,0.32995618838992335,1.0,0.0,0.0,0.4483970448488888,0.3208246996990107,0.23077825545210043,0.42923066430241946,0.2968365777396189,0.27393275795796157
31519687,H,0.4131982475355969,0.2568455640744797,0.32995618838992335,1.0,0.0,0.0,0.6355360459018842,0.24471598518389784,0.11974796891421789,0.6648762819246558,0.23179803740293276,0.10332568067241145
31519688,D,0.4131982475355969,0.2568455640744797,0.32995618838992335,1.0,0.0,0.0,0.14496644918292437,0.24500704125256284,0.6100265095645128,0.10664551626799389,0.2950978167154503,0.5982566670165558
31519689,H,0.4131982475355969,0.2568455640744797,0.32995618838992335,1.0,0.0,0.0,0.6082549556672332,0.28956614179555784,0.10217890253720896,0.7689306281181987,0.0701791262484569,0.16089024563334436
31519690,H,0.4131982475355969,0.2568455640744797,0.32995618838992335,1.0,0.0,0.0,0.5020340250337595,0.2645994168751207,0.2333665580911199,0.613537562469506,0.23279267592347913,0.15366976160701495
31519691,A,0.4131982475355969,0.2568455640744797,0.32995618838992335,1.0,0.0,0.0,0.14167702092507214,0.22583804560738513,0.6324849334675428,0.2588240424753235,0.20150823920383756,0.539667718320839
31519692,H,0.4131982475355969,0.2568455640744797,0.32995618838992335,1.0,0.0,0.0,0.5381959641054477,0.26226590312371817,0.19953813277083418,0.8504720065879755,0.07590043900390696,0.07362755440811766
31519693,H,0.4131982475355969,0.2568455640744797,0.32995618838992335,1.0,0.0,0.0,0.43097234044983784,0.2842582020526317,0.28476945749753035,0.5811346972246703,0.2764345284651934,0.14243077431013637
31519694,A,0.4131982475355969,0.2568455640744797,0.32995618838992335,1.0,0.0,0.0,0.6321688855562383,0.2475914031692453,0.12023971127451631,0.8627112657790283,0.11704670558215162,0.020242028638819944
31519695,H,0.4131982475355969,0.2568455640744797,0.32995618838992335,1.0,0.0,0.0,0.4606220825888356,0.2544926335746098,0.2848852838365547,0.31324604313064014,0.2817882068315003,0.40496575003785956
31519696,H,0.4131982475355969,0.2568455640744797,0.32995618838992335,1.0,0.0,0.0,0.6783770361256897,0.21059541402000095,0.11102754985430945,0.4599525582118642,0.24890456265059635,0.29114287913753945
31519697,H,0.4131982475355969,0.2568455640744797,0.32995618838992335,1.0,0.0,0.0,0.24222486455700376,0.2441862152011355,0.5135889202418606,0.1759841073107115,0.07430130694340341,0.7497145857458852
31519698,H,0.4131982475355969,0.2568455640744797,0.32995618838992335,1.0,0.0,0.0,0.5208855973517822,0.24323056835047316,0.23588383429774468,0.7995747975994704,0.139916420435906,0.0605087819646236
31519699,H,0.4131982475355969,0.2568455640744797,0.32995618838992335,1.0,0.0,0.0,0.5053118889387282,0.2842237375197143,0.21046437354155736,0.785351603337799,0.06621158964221652,0.1484368070199845
31519700,D,0.4131982475355969,0.2568455640744797,0.32995618838992335,1.0,0.0,0.0,0.4678026639082472,0.2820847515288011,0.2501125845629517,0.3587363100088498,0.15083395470687797,0.49042973528427214
31519701,H,0.4131982475355969,0.2568455640744797,0.32995618838992335,1.0,0.0,0.0,0.2848792332867757,0.2398711443340964,0.47524962237912793,0.37218482284486154,0.15742954241238924,0.4703856347427493
31519702,H,0.4131982475355969,0.2568455640744797,0.32995618838992335,1.0,0.0,0.0,0.35253202443783144,0.26511656644743703,0.3823514091147314,0.23939356162048567,0.3164556578029109,0.4441507805766035
31519703,H,0.4131982475355969,0.2568455640744797,0.32995618838992335,1.0,0.0,0.0,0.5534261429273012,0.2986538851563992,0.14791997191629958,0.4211958748895162,0.2690316909425236,0.30977243416796024
31519704,D,0.4131982475355969,0.2568455640744797,0.32995618838992335,1.0,0.0,0.0,0.5441733105670501,0.25264043894939997,0.20318625048354994,0.8904902786459099,0.07232261905028915,0.037187102303800935
31519705,H,0.4131982475355969,0.2568455640744797,0.32995618838992335,1.0,0.0,0.0,0.5260206805409076,0.19537969216461065,0.2785996272944818,0.08851167588018004,0.34023144004106803,0.5712568840787521
31519706,A,0.4131982475355969,0.2568455640744797,0.32995618838992335,1.0,0.0,0.0,0.5560022442814402,0.23072210946353575,0.21327564625502404,0.7501797485403562,0.20464096755161748,0.045179283908026356
31519707,D,0.4131982475355969,0.2568455640744797,0.32995618838992335,1.0,0.0,0.0,0.7888722166431331,0.13991410117885417,0.07121368217801273,0.8969625926563314,0.08802162644845535,0.015015780895213313
31519708,H,0.4131982475355969,0.2568455640744797,0.32995618838992335,1.0,0.0,0.0,0.45115597699311366,0.23733892413257232,0.31150509887431405,0.5094991346190123,0.1723476930812777,0.31815317229971
31519709,D,0.4131982475355969,0.2568455640744797,0.32995618838992335,1.0,0.0,0.0,0.33979237131534507,0.2471428782358503,0.4130647504488046,0.6216470843968154,0.0682402123716287,0.3101127032315559
31519710,D,0.4131982475355969,0.2568455640744797,0.32995618838992335,1.0,0.0,0.0,0.4966314221598678,0.27777429861466696,0.22559427922546524,0.3746744599883106,0.20317070029411965,0.42215483971756973
31519711,D,0.4131982475355969,0.2568455640744797,0.32995618838992335,1.0,0.0,0.0,0.20612938089183463,0.25115102528882477,0.5427195938193407,0.12191631403280875,0.4286211576752599,0.44946252829193134
31519712,D,0.4131982475355969,0.2568455640744797,0.32995618838992335,1.0,0.0,0.0,0.4388902285787811,0.27656788972004503,0.28454188170117384,0.5474202209098348,0.04051300311218747,0.41206677597797775
31519713,D,0.4131982475355969,0.2568455640744797,0.32995618838992335,1.0,0.0,0.0,0.6673647482512923,0.23931774772669837,0.09331750402200929,0.7199296372577623,0.15044047709979066,0.12962988564244712
31519714,A,0.4131982475355969,0.2568455640744797,0.32995618838992335,1.0,0.0,0.0,0.34816962102385013,0.29785458751667443,0.35397579145947533,0.4006582680569667,0.20669359641013793,0.3926481355328953
31519715,H,0.4131982475355969,0.2568455640744797,0.32995618838992335,1.0,0.0,0.0,0.6684092943708828,0.2028785570068282,0.12871214862228894,0.865380137863503,0.0777500550841318,0.056869807052365225
31519716,D,0.4131982475355969,0.2568455640744797,0.32995618838992335,1.0,0.0,0.0,0.34864530016186107,0.2937657449927062,0.3575889548454327,0.6583333324645281,0.19467490468045429,0.1469917628550177
31519717,D,0.4131982475355969,0.2568455640744797,0.32995618838992335,1.0,0.0,0.0,0.7867027860845122,0.14966447494095417,0.06363273897453368,0.8329383964129258,0.07661747005413591,0.09044413353293823
32208492,D,0.4131982475355969,0.2568455640744797,0.32995618838992335,1.0,0.0,0.0,0.4068077154520003,0.30904099382769046,0.2841512907203093,0.39639787636014967,0.42186539878639095,0.18173672485345935
32208501,H,0.4131982475355969,0.2568455640744797,0.32995618838992335,1.0,0.0,0.0,0.2832761990939972,0.2823281111824503,0.43439568972355236,0.22400753763466505,0.40587217990632485,0.3701202824590101
32208511,A,0.4131982475355969,0.2568455640744797,0.32995618838992335,1.0,0.0,0.0,0.060472524895828994,0.18885715857450763,0.7506703165296633,0.04220916019769833,0.013637099354015433,0.9441537404482861
32208516,D,0.4131982475355969,0.2568455640744797,0.32995618838992335,1.0,0.0,0.0,0.7900108484265841,0.13133658890248395,0.07865256267093203,0.3840365672138871,0.5927025741390594,0.02326085864705346
32208517,D,0.4131982475355969,0.2568455640744797,0.32995618838992335,1.0,0.0,0.0,0.4400467969252199,0.3231854991917501,0.23676770388303,0.624193277250402,0.27054730021274775,0.10525942253685025
32208736,H,0.4131982475355969,0.2568455640744797,0.32995618838992335,1.0,0.0,0.0,0.5505314463016546,0.19302518124126392,0.2564433724570814,0.2825241286026636,0.17985444381877277,0.5376214275785636
32290738,H,0.4131982475355969,0.2568455640744797,0.32995618838992335,1.0,0.0,0.0,0.4862662156989664,0.25743183541642495,0.2563019488846086,0.4537213711595092,0.4850246510544854,0.06125397778600539
32290890,H,0.4131982475355969,0.2568455640744797,0.32995618838992335,1.0,0.0,0.0,0.3443914722558115,0.30620010612589754,0.349408421618291,0.3439677408853428,0.19444062263751793,0.46159163647713924
32291132,H,0.4131982475355969,0.2568455640744797,0.32995618838992335,1.0,0.0,0.0,0.33057368930576153,0.30727409089315477,0.36215221980108364,0.41551771663703474,0.30434421046922383,0.28013807289374154
32291306,H,0.4131982475355969,0.2568455640744797,0.32995618838992335,1.0,0.0,0.0,0.18069804138536028,0.21771026649884134,0.6015916921157982,0.13053212528001967,0.5460881858456457,0.32337968887433466
32291307,A,0.4131982475355969,0.2568455640744797,0.32995618838992335,1.0,0.0,0.0,0.4523442067761484,0.2937629079639684,0.25389288525988324,0.38923731467186345,0.4277331885878118,0.18302949674032482
32291308,A,0.4131982475355969,0.2568455640744797,0.32995618838992335,1.0,0.0,0.0,0.22529222598305668,0.3020831938758968,0.47262458014104647,0.12300527532635609,0.1648382791115449,0.712156445562099
32291309,A,0.4131982475355969,0.2568455640744797,0.32995618838992335,1.0,0.0,0.0,0.3604988340339718,0.2985627331550046,0.34093843281102354,0.1694293751372106,0.657586414290638,0.17298421057215146
32291904,D,0.4131982475355969,0.2568455640744797,0.32995618838992335,1.0,0.0,0.0,0.38554810149863894,0.26015002502370155,0.3543018734776595,0.3755625627088068,0.50828377194681,0.11615366534438334
32291913,D,0.4131982475355969,0.2568455640744797,0.32995618838992335,1.0,0.0,0.0,0.4713283531822278,0.2544805311181215,0.27419111569965077,0.4045674387023185,0.23083619384057416,0.3645963674571074
32291921,H,0.4131982475355969,0.2568455640744797,0.32995618838992335,1.0,0.0,0.0,0.4284997489375089,0.25182885332973654,0.31967139773275455,0.4753828768625306,0.4354157013158069,0.08920142182166238
32291924,H,0.4131982475355969,0.2568455640744797,0.32995618838992335,1.0,0.0,0.0,0.6908489119450042,0.18342855986206874,0.125722528192927,0.4885603150186549,0.22372887727321925,0.28771080770812574
32291965,A,0.4131982475355969,0.2568455640744797,0.32995618838992335,1.0,0.0,0.0,0.27038869147555183,0.32622005694950584,0.4033912515749423,0.21991490578511802,0.2521928557800743,0.5278922384348077
32292088,D,0.4131982475355969,0.2568455640744797,0.32995618838992335,1.0,0.0,0.0,0.1976946497457243,0.26784086732183476,0.5344644829324409,0.07495766891711587,0.33550868273473666,0.5895336483481474
32292337,A,0.4131982475355969,0.2568455640744797,0.32995618838992335,1.0,0.0,0.0,0.6489649260889963,0.19098766376730297,0.16004741014370075,0.6567276504585693,0.23274464111143367,0.11052770842999698
32292464,H,0.4131982475355969,0.2568455640744797,0.32995618838992335,1.0,0.0,0.0,0.5147045020258703,0.24189643680139003,0.24339906117273977,0.24345029677251745,0.5487381289535577,0.2078115742739249
32292469,H,0.4131982475355969,0.2568455640744797,0.32995618838992335,1.0,0.0,0.0,0.48831844693635695,0.2672679355974711,0.24441361746617207,0.6100298285471152,0.25500619459494955,0.1349639768579353
32292470,H,0.4131982475355969,0.2568455640744797,0.32995618838992335,1.0,0.0,0.0,0.24123979897170922,0.3646977985017855,0.3940624025265052,0.46431898147940837,0.21093931042780553,0.32474170809278613
32292628,D,0.4131982475355969,0.2568455640744797,0.32995618838992335,1.0,0.0,0.0,0.32057059259116943,0.32897984917007284,0.3504495582387576,0.6307119681424441,0.1458976332123943,0.22339039864516155
32292633,H,0.4131982475355969,0.2568455640744797,0.32995618838992335,1.0,0.0,0.0,0.379862143117162,0.2511170170036385,0.36902083987919954,0.46600313460559945,0.24235341793237014,0.29164344746203047
32292650,H,0.4131982475355969,0.2568455640744797,0.32995618838992335,1.0,0.0,0.0,0.65111305685412,0.21626690915230684,0.13262003399357322,0.8261733456796294,0.11516823244918967,0.0586584218711809
32292964,D,0.4131982475355969,0.2568455640744797,0.32995618838992335,1.0,0.0,0.0,0.17907044443349343,0.20360123308307368,0.6173283224834328,0.1632731195392027,0.5216311377540347,0.3150957427067625
32617668,A,0.4131982475355969,0.2568455640744797,0.32995618838992335,1.0,0.0,0.0,0.2505986107880488,0.24271514977244651,0.5066862394395046,0.01659444338191913,0.09862460848335423,0.8847809481347266
32617693,A,0.4131982475355969,0.2568455640744797,0.32995618838992335,1.0,0.0,0.0,0.5111128404418719,0.24810523003992752,0.24078192951820054,0.555679871074132,0.14902173647758665,0.2952983924482813
32617936,A,0.4131982475355969,0.2568455640744797,0.32995618838992335,1.0,0.0,0.0,0.24230955186366934,0.3453797638479863,0.4123106842883444,0.38326989401964257,0.18746405701296007,0.4292660489673973
32618229,D,0.4131982475355969,0.2568455640744797,0.32995618838992335,1.0,0.0,0.0,0.263213094703015,0.31405903963063064,0.42272786566635423,0.21617210797871075,0.26584011398067964,0.5179877780406097
32618241,A,0.4131982475355969,0.2568455640744797,0.32995618838992335,1.0,0.0,0.0,0.41402729882787437,0.29336257375924973,0.29261012741287584,0.4727645224828056,0.2482433777131142,0.27899209980408013
32618244,D,0.4131982475355969,0.2568455640744797,0.32995618838992335,1.0,0.0,0.0,0.4338272848664165,0.31690649501467005,0.24926622011891345,0.39837826706424884,0.20599440245450737,0.3956273304812438
32618247,A,0.4131982475355969,0.2568455640744797,0.32995618838992335,1.0,0.0,0.0,0.4971829689122345,0.25716198719193634,0.24565504389582915,0.8217963283747857,0.11327940772225506,0.06492426390295923
32618290,H,0.4131982475355969,0.2568455640744797,0.32995618838992335,1.0,0.0,0.0,0.5575006201399487,0.2696173751785279,0.17288200468152343,0.44238318809639493,0.3623564593607068,0.19526035254289825
32618291,H,0.4131982475355969,0.2568455640744797,0.32995618838992335,1.0,0.0,0.0,0.36607801520443756,0.287724890772666,0.34619709402289656,0.33710339173651227,0.5119756103276704,0.15092099793581729
32618519,A,0.4131982475355969,0.2568455640744797,0.32995618838992335,1.0,0.0,0.0,0.3379314121437871,0.2830887218960478,0.3789798659601652,0.5110514713882597,0.28903628161553535,0.19991224699620494
32618528,H,0.4131982475355969,0.2568455640744797,0.32995618838992335,1.0,0.0,0.0,0.447316647497424,0.21809463587942787,0.3345887166231481,0.46766421599549934,0.3550392355599858,0.17729654844451478
32618615,H,0.4131982475355969,0.2568455640744797,0.32995618838992335,1.0,0.0,0.0,0.6555180174292435,0.218624678843463,0.12585730372729342,0.6959049294171309,0.2205959402301911,0.083499130352678
32618765,H,0.4131982475355969,0.2568455640744797,0.32995618838992335,1.0,0.0,0.0,0.5487883802978908,0.24131701217556864,0.20989460752654054,0.48020859182058495,0.4661851984971927,0.05360620968222225
32618959,H,0.4131982475355969,0.2568455640744797,0.32995618838992335,1.0,0.0,0.0,0.2878841391105137,0.25460004650350837,0.4575158143859778,0.4899349501754773,0.23106288139975456,0.2790021684247681
32618983,H,0.4131982475355969,0.2568455640744797,0.32995618838992335,1.0,0.0,0.0,0.406753677010267,0.2708703856266305,0.32237593736310244,0.5878993278890867,0.21759517240527623,0.1945054997056371
32619003,H,0.4131982475355969,0.2568455640744797,0.32995618838992335,1.0,0.0,0.0,0.5745783681097505,0.21093916654294517,0.21448246534730428,0.6434112094336689,0.22671446543462745,0.12987432513170363
32619048,H,0.4131982475355969,0.2568455640744797,0.32995618838992335,1.0,0.0,0.0,0.4479851663017038,0.3087113806112876,0.24330345308700854,0.5816474099265551,0.20205876433472744,0.21629382573871753
32619073,A,0.4131982475355969,0.2568455640744797,0.32995618838992335,1.0,0.0,0.0,0.3934247717890365,0.25525863906241114,0.3513165891485524,0.501268821336415,0.16071256441645224,0.3380186142471327
32619110,A,0.4131982475355969,0.2568455640744797,0.32995618838992335,1.0,0.0,0.0,0.32742550453779756,0.2385748541021449,0.43399964136005753,0.2405946831697828,0.19816421373666696,0.5612411030935504
32619111,A,0.4131982475355969,0.2568455640744797,0.32995618838992335,1.0,0.0,0.0,0.25904967593031186,0.21248847820369465,0.5284618458659935,0.04939502116534198,0.37216113400927536,0.5784438448253826
32619128,H,0.4131982475355969,0.2568455640744797,0.32995618838992335,1.0,0.0,0.0,0.33720999608574853,0.29912590446422543,0.36366409945002615,0.3787972143205892,0.1964642971789731,0.42473848850043777
32878349,H,0.4131982475355969,0.2568455640744797,0.32995618838992335,1.0,0.0,0.0,0.4229714440605485,0.21749684056105734,0.3595317153783942,0.5426743335980803,0.1830669495744362,0.27425871682748354
32881566,D,0.4131982475355969,0.2568455640744797,0.32995618838992335,1.0,0.0,0.0,0.2863440975105248,0.2476581300067382,0.4659977724827371,0.08252629604031973,0.12004092070871315,0.7974327832509671
32881567,H,0.4131982475355969,0.2568455640744797,0.32995618838992335,1.0,0.0,0.0,0.6176461832267374,0.22820981136614882,0.15414400540711368,0.8343605080142454,0.06702662483966337,0.09861286714609117
32881568,H,0.4131982475355969,0.2568455640744797,0.32995618838992335,1.0,0.0,0.0,0.4867278135406676,0.2627911489644727,0.25048103749485967,0.48795258636685895,0.18780374984739787,0.3242436637857432
32881569,D,0.4131982475355969,0.2568455640744797,0.32995618838992335,1.0,0.0,0.0,0.3517811996178338,0.3144386125382723,0.3337801878438939,0.44093571013640703,0.3446713634683713,0.21439292639522167
32881570,H,0.4131982475355969,0.2568455640744797,0.32995618838992335,1.0,0.0,0.0,0.3575170950547342,0.23106583122344637,0.4114170737218194,0.33390408367209623,0.1178811081403684,0.5482148081875353
32881571,A,0.4131982475355969,0.2568455640744797,0.32995618838992335,1.0,0.0,0.0,0.2904670526511686,0.2633066547334425,0.44622629261538893,0.20439977534248902,0.3719444772140731,0.4236557474434379
32881572,D,0.4131982475355969,0.2568455640744797,0.32995618838992335,1.0,0.0,0.0,0.3933432071221167,0.24789369201514166,0.35876310086274166,0.3605861581859371,0.33554772298350655,0.30386611883055636
32881573,H,0.4131982475355969,0.2568455640744797,0.32995618838992335,1.0,0.0,0.0,0.4883382012116227,0.2474858590956497,0.26417593969272757,0.4707875011706594,0.23643858598824075,0.29277391284109994
32881574,H,0.4131982475355969,0.2568455640744797,0.32995618838992335,1.0,0.0,0.0,0.8287094877117691,0.12189851786660365,0.04939199442162731,0.9199609960920891,0.04079975389119581,0.03923925001671501
32881575,H,0.4131982475355969,0.2568455640744797,0.32995618838992335,1.0,0.0,0.0,0.2945958023531342,0.31781596448666893,0.3875882331601969,0.11394595823890828,0.6313745566118342,0.25467948514925753
32881576,A,0.4131982475355969,0.2568455640744797,0.32995618838992335,1.0,0.0,0.0,0.36730452684393494,0.27642371102855295,0.3562717621275121,0.42680268931818494,0.12050742590044414,0.45268988478137084
32881577,H,0.4131982475355969,0.2568455640744797,0.32995618838992335,1.0,0.0,0.0,0.3559070758175952,0.3132635396628363,0.33082938451956845,0.28123689013020514,0.2680821046951221,0.45068100517467286
32881578,D,0.4131982475355969,0.2568455640744797,0.32995618838992335,1.0,0.0,0.0,0.5809089345499862,0.2395886025557909,0.179502462894223,0.42643451158508355,0.5239489155340168,0.049616572880899636
32881579,H,0.4131982475355969,0.2568455640744797,0.32995618838992335,1.0,0.0,0.0,0.6231115111836462,0.23496137352634916,0.1419271152900046,0.7192766395601828,0.21997218534672855,0.06075117509308868
32881580,D,0.4131982475355969,0.2568455640744797,0.32995618838992335,1.0,0.0,0.0,0.4387076688399959,0.2830926466823329,0.2781996844776711,0.700861550504234,0.15467658725283231,0.14446186224293364
32881581,D,0.4131982475355969,0.2568455640744797,0.32995618838992335,1.0,0.0,0.0,0.7485303495926452,0.15837054624873814,0.09309910415861665,0.9377041058568469,0.04326593793154301,0.019029956211610126
32881582,A,0.4131982475355969,0.2568455640744797,0.32995618838992335,1.0,0.0,0.0,0.2977067166697361,0.2982388664854888,0.40405441684477517,0.13590907053541607,0.19197358788018784,0.6721173415843961
32881583,D,0.4131982475355969,0.2568455640744797,0.32995618838992335,1.0,0.0,0.0,0.1343135164110364,0.2249753633993654,0.6407111201895981,0.3003541275238009,0.4704971480042874,0.22914872447191176
32881584,H,0.4131982475355969,0.2568455640744797,0.32995618838992335,1.0,0.0,0.0,0.3052964329056624,0.2641175515334624,0.43058601556087517,0.1415756920722288,0.43327960047409264,0.42514470745367844
32881585,A,0.4131982475355969,0.2568455640744797,0.32995618838992335,1.0,0.0,0.0,0.5324346040930581,0.29581495798748364,0.17175043791945827,0.7685475315718497,0.14413485171315002,0.08731761671500031
32881586,H,0.4131982475355969,0.2568455640744797,0.32995618838992335,1.0,0.0,0.0,0.5139129319900664,0.30513818285722477,0.18094888515270882,0.5897869038310786,0.3151516708522919,0.09506142531662953
32881587,H,0.4131982475355969,0.2568455640744797,0.32995618838992335,1.0,0.0,0.0,0.5321561294854954,0.27796144558984726,0.1898824249246574,0.578410456794661,0.3873761284110356,0.03421341479430349
32881588,H,0.4131982475355969,0.2568455640744797,0.32995618838992335,1.0,0.0,0.0,0.18240011171357057,0.2413208440263417,0.5762790442600876,0.14007264032106836,0.053232461020085095,0.8066948986588465
32881589,H,0.4131982475355969,0.2568455640744797,0.32995618838992335,1.0,0.0,0.0,0.5799489524566158,0.29815407036131136,0.12189697718207278,0.8192582678703565,0.02992999451872036,0.1508117376109231
32881590,H,0.4131982475355969,0.2568455640744797,0.32995618838992335,1.0,0.0,0.0,0.6237892348330961,0.22334138437027679,0.15286938079662704,0.8032095188811786,0.11089140376642527,0.0858990773523961
32881591,A,0.4131982475355969,0.2568455640744797,0.32995618838992335,1.0,0.0,0.0,0.4323714767145021,0.3294776100203195,0.23815091326517832,0.4411688957441213,0.1505764232530484,0.40825468100283024
32881592,D,0.4131982475355969,0.2568455640744797,0.32995618838992335,1.0,0.0,0.0,0.40029264117492996,0.29695526329495875,0.30275209553011123,0.31264469346177687,0.30038805002708246,0.38696725651114056
32881593,A,0.4131982475355969,0.2568455640744797,0.32995618838992335,1.0,0.0,0.0,0.35739641329296934,0.3145874602268671,0.3280161264801635,0.4731204911533367,0.33147619478745016,0.1954033140592131
32881594,H,0.4131982475355969,0.2568455640744797,0.32995618838992335,1.0,0.0,0.0,0.22867468507538358,0.2394050738709803,0.5319202410536361,0.3219004031980537,0.2562857350221097,0.4218138617798365
32914267,H,0.4131982475355969,0.2568455640744797,0.32995618838992335,1.0,0.0,0.0,0.3590444930864355,0.25602892023568313,0.3849265866778813,0.5589641286337399,0.2498601892543388,0.19117568211192126
32914288,H,0.4131982475355969,0.2568455640744797,0.32995618838992335,1.0,0.0,0.0,0.4168565261588611,0.24241619503997255,0.3407272788011663,0.4384270765410544,0.2092432548694056,0.3523296685895399
32914313,D,0.4131982475355969,0.2568455640744797,0.32995618838992335,1.0,0.0,0.0,0.33125617846736605,0.27979861532826344,0.38894520620437056,0.4131951530059946,0.19851113399850337,0.388293712995502
32918880,D,0.4131982475355969,0.2568455640744797,0.32995618838992335,1.0,0.0,0.0,0.36068110709917195,0.2654706681829183,0.37384822471790985,0.5128718837832887,0.20860726361590706,0.27852085260080417
32918881,A,0.4131982475355969,0.2568455640744797,0.32995618838992335,1.0,0.0,0.0,0.14236302246711996,0.17721379065281037,0.6804231868800696,0.22314352660034703,0.11733985346053027,0.6595166199391227
32918882,A,0.4131982475355969,0.2568455640744797,0.32995618838992335,1.0,0.0,0.0,0.35036051219070785,0.3441793947007061,0.305460093108586,0.6219563912255767,0.23193785866912092,0.1461057501053024
32918883,A,0.4131982475355969,0.2568455640744797,0.32995618838992335,1.0,0.0,0.0,0.22141524653778097,0.21295757211151434,0.5656271813507046,0.10590104713200992,0.241867916984151,0.652231035883839
32918884,H,0.4131982475355969,0.2568455640744797,0.32995618838992335,1.0,0.0,0.0,0.4587481725091691,0.16567617028208897,0.37557565720874186,0.3438914118873438,0.08858977301212954,0.5675188151005267
32918885,A,0.4131982475355969,0.2568455640744797,0.32995618838992335,1.0,0.0,0.0,0.32371055577968716,0.22545977174302528,0.4508296724772876,0.11322427803508957,0.19611407228311992,0.6906616496817906
32918886,H,0.4131982475355969,0.2568455640744797,0.32995618838992335,1.0,0.0,0.0,0.12925249834140057,0.23211884790133488,0.6386286537572644,0.32046436550420526,0.33071351484464245,0.3488221196511523
33067428,A,0.4131982475355969,0.2568455640744797,0.32995618838992335,1.0,0.0,0.0,0.26282480518770074,0.2755196680986253,0.46165552671367405,0.41589607758191116,0.3741444082573017,0.20995951416078712
33067432,A,0.4131982475355969,0.2568455640744797,0.32995618838992335,1.0,0.0,0.0,0.3546624599147197,0.3055081143214699,0.3398294257638105,0.39075752121490337,0.26934968991020547,0.3398927888748912
33075124,H,0.4131982475355969,0.2568455640744797,0.32995618838992335,1.0,0.0,0.0,0.4123781424356647,0.2622042103458621,0.3254176472184731,0.4891182566350513,0.24521437906745167,0.26566736429749715
33075125,A,0.4131982475355969,0.2568455640744797,0.32995618838992335,1.0,0.0,0.0,0.24186017407593238,0.23655866966891886,0.5215811562551488,0.2283242625647319,0.25182222831392614,0.519853509121342
33075126,H,0.4131982475355969,0.2568455640744797,0.32995618838992335,1.0,0.0,0.0,0.6889650381574188,0.2057855993438638,0.10524936249871741,0.6229067679077872,0.2984391403774702,0.07865409171474268
33075127,A,0.4131982475355969,0.2568455640744797,0.32995618838992335,1.0,0.0,0.0,0.6896837080027786,0.17009447652995555,0.14022181546726586,0.8067675229938965,0.1272690010246026,0.0659634759815009
33075128,H,0.4131982475355969,0.2568455640744797,0.32995618838992335,1.0,0.0,0.0,0.6961053489380551,0.21341434376098112,0.09048030730096374,0.6346208950852409,0.17174490858270766,0.19363419633205145
33075129,H,0.4131982475355969,0.2568455640744797,0.32995618838992335,1.0,0.0,0.0,0.34905228304853764,0.24740271252080326,0.4035450044306592,0.44993260158452725,0.30216928655682995,0.24789811185864274
33075130,A,0.4131982475355969,0.2568455640744797,0.32995618838992335,1.0,0.0,0.0,0.2376819651157866,0.24273815453861997,0.5195798803455933,0.1373330757953308,0.13875219359570248,0.7239147306089667
33075131,A,0.4131982475355969,0.2568455640744797,0.32995618838992335,1.0,0.0,0.0,0.5282355511696656,0.257621735846533,0.21414271298380141,0.8802419156184015,0.05392056411449896,0.06583752026709963
33075132,H,0.4131982475355969,0.2568455640744797,0.32995618838992335,1.0,0.0,0.0,0.7099471693925282,0.19125245809210156,0.09880037251537015,0.6187240492992887,0.15657237478798977,0.22470357591272141
33142107,H,0.4131982475355969,0.2568455640744797,0.32995618838992335,1.0,0.0,0.0,0.39444760046568617,0.24424647071814481,0.3613059288161689,0.6498579776729186,0.12829814787273439,0.22184387445434695
33142689,H,0.4131982475355969,0.2568455640744797,0.32995618838992335,1.0,0.0,0.0,0.6205841451507367,0.2091415802054589,0.17027427464380435,0.3745249815624361,0.4296842020812343,0.19579081635632967
33142693,H,0.4131982475355969,0.2568455640744797,0.32995618838992335,1.0,0.0,0.0,0.5903597742639923,0.2184943277245466,0.191145898011461,0.7727231122347009,0.14804685409714524,0.07923003366815393
33143008,H,0.4131982475355969,0.2568455640744797,0.32995618838992335,1.0,0.0,0.0,0.2052354442197555,0.32918416832014114,0.4655803874601033,0.3312190638145325,0.1566243941780409,0.5121565420074267
33143513,H,0.4131982475355969,0.2568455640744797,0.32995618838992335,1.0,0.0,0.0,0.6665317245896866,0.22837665018870382,0.10509162522160966,0.6665946222993969,0.1910738967020417,0.14233148099856133
33143710,H,0.4131982475355969,0.2568455640744797,0.32995618838992335,1.0,0.0,0.0,0.6612701359642403,0.19261574756937475,0.14611411646638497,0.6876508351131718,0.29110403067834,0.02124513420848827
33470154,H,0.4131982475355969,0.2568455640744797,0.32995618838992335,1.0,0.0,0.0,0.3335265658001124,0.32712156093312555,0.3393518732667621,0.38324194974000275,0.35260976748085815,0.2641482827791391
33470255,H,0.4131982475355969,0.2568455640744797,0.32995618838992335,1.0,0.0,0.0,0.3457303917455124,0.2993446118987176,0.35492499635577,0.1777144481466705,0.648472822546493,0.17381272930683658
33470263,A,0.4131982475355969,0.2568455640744797,0.32995618838992335,1.0,0.0,0.0,0.1197193148216178,0.17301998436803073,0.7072607008103514,0.36394344260277733,0.1809452335129449,0.4551113238842778
33470267,H,0.4131982475355969,0.2568455640744797,0.32995618838992335,1.0,0.0,0.0,0.4360168776813681,0.2531519708916471,0.31083115142698486,0.20957859259882777,0.438106289376308,0.3523151180248642
33470270,H,0.4131982475355969,0.2568455640744797,0.32995618838992335,1.0,0.0,0.0,0.710561454570178,0.16945701192467236,0.11998153350514956,0.7879129854049357,0.10471046310277816,0.10737655149228609
33470913,H,0.4131982475355969,0.2568455640744797,0.32995618838992335,1.0,0.0,0.0,0.49132698842128253,0.28931900205218564,0.21935400952653186,0.6303617652957694,0.24745621149414948,0.12218202321008113
33471085,H,0.4131982475355969,0.2568455640744797,0.32995618838992335,1.0,0.0,0.0,0.4529117973722974,0.2300165856234896,0.3170716170042131,0.35936552263314536,0.09262055208509132,0.5480139252817634
33471158,H,0.4131982475355969,0.2568455640744797,0.32995618838992335,1.0,0.0,0.0,0.39309711076651377,0.3211959906807609,0.28570689855272535,0.6242634843300123,0.29280697290299623,0.08292954276699155
33471243,A,0.4131982475355969,0.2568455640744797,0.32995618838992335,1.0,0.0,0.0,0.1717089643229282,0.29787849005743006,0.5304125456196417,0.1295893612081766,0.21109200031229716,0.6593186384795262
33739989,D,0.4131982475355969,0.2568455640744797,0.32995618838992335,1.0,0.0,0.0,0.31929395913455827,0.3247691913853276,0.3559368494801141,0.1328176905642861,0.1168137495053173,0.7503685599303965
33740007,A,0.4131982475355969,0.2568455640744797,0.32995618838992335,1.0,0.0,0.0,0.35467941475246534,0.35066671100484326,0.2946538742426914,0.3353735863108333,0.4577511282606918,0.20687528542847483
33740009,D,0.4131982475355969,0.2568455640744797,0.32995618838992335,1.0,0.0,0.0,0.49050229512374743,0.244153041111391,0.26534466376486154,0.3614650668361412,0.47797478266070254,0.16056015050315628
33773791,H,0.4131982475355969,0.2568455640744797,0.32995618838992335,1.0,0.0,0.0,0.7301176667991143,0.17582996011758592,0.0940523730832998,0.7483866817489901,0.23705662918541928,0.014556689065590588
33773792,H,0.4131982475355969,0.2568455640744797,0.32995618838992335,1.0,0.0,0.0,0.5138489464893262,0.3256799726676681,0.1604710808430056,0.28332906818063447,0.5122163985001277,0.2044545333192379
33773817,D,0.4131982475355969,0.2568455640744797,0.32995618838992335,1.0,0.0,0.0,0.16551429606125273,0.21423120021658412,0.6202545037221631,0.08617458112591618,0.4635783383658558,0.45024708050822787
33773823,H,0.4131982475355969,0.2568455640744797,0.32995618838992335,1.0,0.0,0.0,0.670849111290469,0.15931980734783485,0.1698310813616961,0.7963739985005149,0.16552661416999093,0.0380993873294942
33773832,H,0.4131982475355969,0.2568455640744797,0.32995618838992335,1.0,0.0,0.0,0.2735145405589796,0.2542396250278976,0.47224583441312284,0.4710914174505928,0.10411633157104166,0.42479225097836537
33826461,H,0.4131982475355969,0.2568455640744797,0.32995618838992335,1.0,0.0,0.0,0.6505580669958083,0.21252052110445085,0.13692141189974083,0.8097737555286469,0.14907863916376954,0.04114760530758347
33826462,H,0.4131982475355969,0.2568455640744797,0.32995618838992335,1.0,0.0,0.0,0.6195415079088262,0.20162272506147635,0.17883576702969745,0.8668284673839954,0.10328735023598465,0.029884182380019827
33826463,A,0.4131982475355969,0.2568455640744797,0.32995618838992335,1.0,0.0,0.0,0.23630149645609974,0.28536578189377787,0.47833272165012236,0.2744484421597558,0.06781015156068831,0.6577414062795558
33826464,D,0.4131982475355969,0.2568455640744797,0.32995618838992335,1.0,0.0,0.0,0.3186168170429177,0.2532193842703916,0.4281637986866907,0.14461621251147924,0.20734623538993638,0.6480375520985845
33826529,D,0.4131982475355969,0.2568455640744797,0.32995618838992335,1.0,0.0,0.0,0.3358607840365245,0.279359228342127,0.38477998762134863,0.17389377048323756,0.48886845008344404,0.3372377794333185
33826584,A,0.4131982475355969,0.2568455640744797,0.32995618838992335,1.0,0.0,0.0,0.21342673779673524,0.2511880994697044,0.5353851627335604,0.14332855649455203,0.27593327929418826,0.5807381642112597
33826585,H,0.4131982475355969,0.2568455640744797,0.32995618838992335,1.0,0.0,0.0,0.580650982502579,0.23352884557611447,0.18582017192130662,0.8269520928199363,0.08219789320097874,0.09085001397908493
33826586,D,0.4131982475355969,0.2568455640744797,0.32995618838992335,1.0,0.0,0.0,0.333603052996641,0.25036928528244184,0.41602766172091715,0.4510632618135407,0.172142304932565,0.3767944332538943
33826587,D,0.4131982475355969,0.2568455640744797,0.32995618838992335,1.0,0.0,0.0,0.6447274593588547,0.23082429379126032,0.12444824684988498,0.4568548709566001,0.42826380594232455,0.11488132310107534
33826590,H,0.4131982475355969,0.2568455640744797,0.32995618838992335,1.0,0.0,0.0,0.6784788212625831,0.22366984345481614,0.09785133528260076,0.8183198969110375,0.13207690398030125,0.0496031991086613
33826591,H,0.4131982475355969,0.2568455640744797,0.32995618838992335,1.0,0.0,0.0,0.36737377050227726,0.32755386854573515,0.30507236095198753,0.38002562891343755,0.37234831245190186,0.24762605863466064
33896076,H,0.4131982475355969,0.2568455640744797,0.32995618838992335,1.0,0.0,0.0,0.5244469986030968,0.26167122172211243,0.2138817796747907,0.6834425421722068,0.12967468523166625,0.1868827725961269
33896077,H,0.4131982475355969,0.2568455640744797,0.32995618838992335,1.0,0.0,0.0,0.450344213998834,0.3259329057261171,0.22372288027504889,0.6039302551978001,0.19618748941487682,0.19988225538732315
33896108,H,0.4131982475355969,0.2568455640744797,0.32995618838992335,1.0,0.0,0.0,0.31605706370121794,0.27293952713530717,0.4110034091634749,0.12608309817534846,0.42645298825165034,0.4474639135730012
33896117,A,0.4131982475355969,0.2568455640744797,0.32995618838992335,1.0,0.0,0.0,0.4957793490327432,0.26536580785616015,0.23885484311109667,0.38782155200586116,0.49114235885602237,0.12103608913811645
33896118,H,0.4131982475355969,0.2568455640744797,0.32995618838992335,1.0,0.0,0.0,0.5370859782735277,0.2963376395130874,0.166576382213385,0.659006357688874,0.24620759713995632,0.09478604517116981
33926436,A,0.4131982475355969,0.2568455640744797,0.32995618838992335,1.0,0.0,0.0,0.6485190781409385,0.23266056444270505,0.11882035741635635,0.5234397814257307,0.2739620562330562,0.20259816234121322
33998997,A,0.4131982475355969,0.2568455640744797,0.32995618838992335,1.0,0.0,0.0,0.5893183479857799,0.24447383312642026,0.16620781888779984,0.4213716723585154,0.30482331059410694,0.2738050170473776
34007594,H,0.4131982475355969,0.2568455640744797,0.32995618838992335,1.0,0.0,0.0,0.3601211866516175,0.21891073221320845,0.4209680811351741,0.46102206130741286,0.10005652810757854,0.4389214105850086
34007688,A,0.4131982475355969,0.2568455640744797,0.32995618838992335,1.0,0.0,0.0,0.395306330431832,0.2812858470595884,0.3234078225085795,0.7256730169109498,0.16331612154568395,0.11101086154336641
34007689,H,0.4131982475355969,0.2568455640744797,0.32995618838992335,1.0,0.0,0.0,0.35254374813887424,0.28922386390011645,0.3582323879610093,0.15266960166019894,0.228889089802396,0.6184413085374051
34007690,H,0.4131982475355969,0.2568455640744797,0.32995618838992335,1.0,0.0,0.0,0.6126073881008742,0.25720624006885806,0.13018637183026777,0.7115327399599536,0.11934136962639687,0.16912589041364962
34007691,H,0.4131982475355969,0.2568455640744797,0.32995618838992335,1.0,0.0,0.0,0.2828712119079707,0.2763415504183095,0.44078723767371975,0.22883447422171066,0.17642780863023902,0.5947377171480503
34007692,H,0.4131982475355969,0.2568455640744797,0.32995618838992335,1.0,0.0,0.0,0.3619196490186147,0.3232873262017648,0.3147930247796205,0.28217672971396995,0.4205682851242309,0.2972549851617991
34007749,A,0.4131982475355969,0.2568455640744797,0.32995618838992335,1.0,0.0,0.0,0.3321310607396995,0.24347416208456268,0.4243947771757379,0.5821954527029173,0.13782756652386405,0.27997698077321864
34007759,H,0.4131982475355969,0.2568455640744797,0.32995618838992335,1.0,0.0,0.0,0.79574682346516,0.13081408013179283,0.07343909640304726,0.6865874833584243,0.053518420578026075,0.25989409606354963
34007765,H,0.4131982475355969,0.2568455640744797,0.32995618838992335,1.0,0.0,0.0,0.49566372967264816,0.22825960055849412,0.27607666976885764,0.7029171365711858,0.11240131951363688,0.18468154391517733
34007766,H,0.4131982475355969,0.2568455640744797,0.32995618838992335,1.0,0.0,0.0,0.26954591156242164,0.27118857324190093,0.45926551519567743,0.49212159066811556,0.25491851237857244,0.252959896953312
34008157,H,0.4131982475355969,0.2568455640744797,0.32995618838992335,1.0,0.0,0.0,0.34062677242929346,0.22863921203055734,0.4307340155401493,0.2962496666093454,0.31291595705880926,0.3908343763318454
34008448,A,0.4131982475355969,0.2568455640744797,0.32995618838992335,1.0,0.0,0.0,0.33885602935757453,0.22446905172597947,0.4366749189164459,0.5895283424592139,0.2628697267171483,0.14760193082363776
34008538,H,0.4131982475355969,0.2568455640744797,0.32995618838992335,1.0,0.0,0.0,0.477789826307248,0.22904132880680014,0.2931688448859518,0.22895699771299596,0.27066216441321866,0.5003808378737853
34008540,A,0.4131982475355969,0.2568455640744797,0.32995618838992335,1.0,0.0,0.0,0.12311462341378987,0.22942198266555527,0.6474633939206549,0.43111297961034745,0.322283688045305,0.2466033323443475
34008576,H,0.4131982475355969,0.2568455640744797,0.32995618838992335,1.0,0.0,0.0,0.293869502842951,0.2606987406711184,0.4454317564859306,0.3835330003392635,0.3429458816665533,0.27352111799418316
34008695,H,0.4131982475355969,0.2568455640744797,0.32995618838992335,1.0,0.0,0.0,0.40181380428948876,0.2964077771373576,0.3017784185731536,0.4988408079005951,0.4019705211025373,0.09918867099686748
34008702,H,0.4131982475355969,0.2568455640744797,0.32995618838992335,1.0,0.0,0.0,0.4110775059252785,0.23670663637339065,0.3522158577013309,0.5575127496400518,0.14647586361469905,0.296011386745249
34020902,H,0.4131982475355969,0.2568455640744797,0.32995618838992335,1.0,0.0,0.0,0.38880033694370786,0.273718827634231,0.3374808354220612,0.42383447230034016,0.1437381813910765,0.43242734630858337
34020903,A,0.4131982475355969,0.2568455640744797,0.32995618838992335,1.0,0.0,0.0,0.677983180512696,0.17724900779111202,0.14476781169619193,0.6696331789320112,0.16574122103941827,0.16462560002857052
34020904,H,0.4131982475355969,0.2568455640744797,0.32995618838992335,1.0,0.0,0.0,0.4413451722183004,0.26269871031988634,0.29595611746181333,0.3591098381015174,0.35463373101704276,0.2862564308814398
34020905,H,0.4131982475355969,0.2568455640744797,0.32995618838992335,1.0,0.0,0.0,0.23780090257909411,0.26379064966717086,0.49840844775373516,0.40103416057270036,0.3715734188939789,0.22739242053332082
34020906,A,0.4131982475355969,0.2568455640744797,0.32995618838992335,1.0,0.0,0.0,0.299376983884353,0.1874824884745912,0.5131405276410557,0.06616297916870202,0.41611243201026415,0.5177245888210338
34020907,H,0.4131982475355969,0.2568455640744797,0.32995618838992335,1.0,0.0,0.0,0.515565548767959,0.22226700405074062,0.2621674471813004,0.5641896548006289,0.20244862585573634,0.23336171934363487
34306668,A,0.4131982475355969,0.2568455640744797,0.32995618838992335,1.0,0.0,0.0,0.4024046114801173,0.21831013659748377,0.37928525192239887,0.4372854765501924,0.28347502494776994,0.27923949850203766
34306712,A,0.4131982475355969,0.2568455640744797,0.32995618838992335,1.0,0.0,0.0,0.11397560829312872,0.25625477265398955,0.6297696190528818,0.1704690407159853,0.060326912748806624,0.7692040465352081
34307168,D,0.4131982475355969,0.2568455640744797,0.32995618838992335,1.0,0.0,0.0,0.21258710799009767,0.3225241953341418,0.4648886966757605,0.12090349032456575,0.10093545261757299,0.7781610570578612
34307173,D,0.4131982475355969,0.2568455640744797,0.32995618838992335,1.0,0.0,0.0,0.31357703667285286,0.3341645067588477,0.35225845656829946,0.3445360461478619,0.49437847839661486,0.16108547545552335
34307177,H,0.4131982475355969,0.2568455640744797,0.32995618838992335,1.0,0.0,0.0,0.45694068849379166,0.29071801884663595,0.25234129265957234,0.5188197506180812,0.3435941579626533,0.1375860914192656
34307180,A,0.4131982475355969,0.2568455640744797,0.32995618838992335,1.0,0.0,0.0,0.3637961867879878,0.28020386828733446,0.3559999449246778,0.5274526689257758,0.2774864986346086,0.19506083243961558
34307232,D,0.4131982475355969,0.2568455640744797,0.32995618838992335,1.0,0.0,0.0,0.40367738594231134,0.28236956284596787,0.31395305121172085,0.5424326165913964,0.27423245827186465,0.1833349251367389
34307775,H,0.4131982475355969,0.2568455640744797,0.32995618838992335,1.0,0.0,0.0,0.48223399429380936,0.25692083494526036,0.2608451707609303,0.33325566351527863,0.1655788167246255,0.5011655197600958
34307824,H,0.4131982475355969,0.2568455640744797,0.32995618838992335,1.0,0.0,0.0,0.6898395629102955,0.14770678185003974,0.16245365523966485,0.8811516708021889,0.06554111741495665,0.05330721178285429
34307916,A,0.4131982475355969,0.2568455640744797,0.32995618838992335,1.0,0.0,0.0,0.09402236156534155,0.2072763573613782,0.6987012810732802,0.013978297662416943,0.1133879060920369,0.8726337962455462
34307917,A,0.4131982475355969,0.2568455640744797,0.32995618838992335,1.0,0.0,0.0,0.4546719066043454,0.30005759684040734,0.24527049655524735,0.4254829367281236,0.419765833426403,0.1547512298454733
34539269,H,0.4131982475355969,0.2568455640744797,0.32995618838992335,1.0,0.0,0.0,0.38019998059820376,0.28977016828974567,0.3300298511120505,0.38835684430166495,0.4941872608711551,0.1174558948271799
34539270,H,0.4131982475355969,0.2568455640744797,0.32995618838992335,1.0,0.0,0.0,0.6314461894368858,0.22696025265875358,0.14159355790436065,0.7179279124934721,0.18977588976655205,0.09229619773997585
34539314,D,0.4131982475355969,0.2568455640744797,0.32995618838992335,1.0,0.0,0.0,0.3813913952702209,0.2626545857472468,0.3559540189825323,0.5051637464726769,0.2889274757547183,0.20590877777260477
34694914,H,0.4131982475355969,0.2568455640744797,0.32995618838992335,1.0,0.0,0.0,0.6393275077071668,0.2150695692997675,0.14560292299306565,0.5463658691275354,0.2880020890714563,0.16563204180100832
34694915,D,0.4131982475355969,0.2568455640744797,0.32995618838992335,1.0,0.0,0.0,0.2783366345696039,0.3092253340515281,0.412438031378868,0.60678841308245,0.134616971709659,0.258594615207891
34694916,H,0.4131982475355969,0.2568455640744797,0.32995618838992335,1.0,0.0,0.0,0.6309209846360115,0.22176651735706998,0.14731249800691854,0.3694726729135351,0.5557226737711344,0.0748046533153305
34694917,H,0.4131982475355969,0.2568455640744797,0.32995618838992335,1.0,0.0,0.0,0.31672905365747256,0.33545245370267035,0.3478184926398572,0.1378895802723495,0.13286633293933414,0.7292440867883164
34694918,H,0.4131982475355969,0.2568455640744797,0.32995618838992335,1.0,0.0,0.0,0.5665138440488228,0.25340481541738885,0.18008134053378844,0.5754506796295438,0.20893266974881838,0.21561665062163787
34694919,H,0.4131982475355969,0.2568455640744797,0.32995618838992335,1.0,0.0,0.0,0.4350335704255885,0.256631626036612,0.3083348035377995,0.5362425267836975,0.17210821304799412,0.29164926016830833
34694920,H,0.4131982475355969,0.2568455640744797,0.32995618838992335,1.0,0.0,0.0,0.48621547159520395,0.2519470104434363,0.2618375179613597,0.41907970131280314,0.3188499907184678,0.2620703079687291
34694921,H,0.4131982475355969,0.2568455640744797,0.32995618838992335,1.0,0.0,0.0,0.845452884223887,0.11713005891098753,0.03741705686512541,0.9668971707077016,0.013569059296170423,0.019533769996127954
34694922,H,0.4131982475355969,0.2568455640744797,0.32995618838992335,1.0,0.0,0.0,0.5462830803933791,0.27468736597235244,0.1790295536342683,0.39255635991701154,0.5336365559634327,0.07380708411955574
34694923,H,0.4131982475355969,0.2568455640744797,0.32995618838992335,1.0,0.0,0.0,0.7578566138856672,0.1730373083935858,0.06910607772074692,0.7206259312272133,0.027856977197043362,0.25151709157574337
34694924,D,0.4131982475355969,0.2568455640744797,0.32995618838992335,1.0,0.0,0.0,0.39916849129944754,0.24928652190407938,0.3515449867964731,0.6039422338910652,0.19037226954505343,0.20568549656388135
34694925,D,0.4131982475355969,0.2568455640744797,0.32995618838992335,1.0,0.0,0.0,0.49173885671549195,0.24550816016221905,0.262752983122289,0.41528674219793066,0.29208032526975314,0.29263293253231615
34694926,H,0.4131982475355969,0.2568455640744797,0.32995618838992335,1.0,0.0,0.0,0.6101625773636955,0.24257253844634624,0.14726488418995815,0.7217294897154702,0.23176751415010385,0.04650299613442602
34694927,D,0.4131982475355969,0.2568455640744797,0.32995618838992335,1.0,0.0,0.0,0.3640699701346509,0.2811874374014953,0.35474259246385376,0.5535748606508174,0.1685882220242496,0.277836917324933
34694929,H,0.4131982475355969,0.2568455640744797,0.32995618838992335,1.0,0.0,0.0,0.48123229823547664,0.2845280325984748,0.23423966916604858,0.46295726898954365,0.3366212933639539,0.2004214376465023
34694930,H,0.4131982475355969,0.2568455640744797,0.32995618838992335,1.0,0.0,0.0,0.29482370663429136,0.2622550817686005,0.4429212115971081,0.24948027660765545,0.19808144726718582,0.5524382761251587
34694931,H,0.4131982475355969,0.2568455640744797,0.32995618838992335,1.0,0.0,0.0,0.8080704020526714,0.13938775871813994,0.05254183922918867,0.9728560266038314,0.007062070712625464,0.02008190268354318
34694932,H,0.4131982475355969,0.2568455640744797,0.32995618838992335,1.0,0.0,0.0,0.3250417944677303,0.2570049900627088,0.4179532154695609,0.3683259599940047,0.15601049352392182,0.4756635464820735
34694933,H,0.4131982475355969,0.2568455640744797,0.32995618838992335,1.0,0.0,0.0,0.5692973116447985,0.20738346618453735,0.22331922217066422,0.6108122384987835,0.2208796143702316,0.16830814713098494
34694941,H,0.4131982475355969,0.2568455640744797,0.32995618838992335,1.0,0.0,0.0,0.44163322384871956,0.31110330985882456,0.2472634662924559,0.4082080702770248,0.37893336078221357,0.21285856894076163
34694942,A,0.4131982475355969,0.2568455640744797,0.32995618838992335,1.0,0.0,0.0,0.1369334147385353,0.23081053464622336,0.6322560506152413,0.4364172075134505,0.0637478577006126,0.499834934785937
34694943,A,0.4131982475355969,0.2568455640744797,0.32995618838992335,1.0,0.0,0.0,0.289348929384354,0.3929000906546367,0.3177509799610093,0.27385518849613666,0.510342732448196,0.21580207905566728
34694944,H,0.4131982475355969,0.2568455640744797,0.32995618838992335,1.0,0.0,0.0,0.11120981305486004,0.23672589046393636,0.6520642964812037,0.24361399196180009,0.066074215605258,0.6903117924329419
34694945,A,0.4131982475355969,0.2568455640744797,0.32995618838992335,1.0,0.0,0.0,0.4137915671425727,0.3095303812527928,0.27667805160463455,0.40017406346406015,0.27104813271622913,0.3287778038197107
34694946,H,0.4131982475355969,0.2568455640744797,0.32995618838992335,1.0,0.0,0.0,0.6960514819511231,0.2005645506299012,0.10338396741897561,0.7863696644116404,0.15776497506658968,0.055865360521770074
34694947,H,0.4131982475355969,0.2568455640744797,0.32995618838992335,1.0,0.0,0.0,0.4220530570178001,0.2888391240417111,0.2891078189404889,0.255885026778148,0.19769372293780374,0.5464212502840483
34694948,H,0.4131982475355969,0.2568455640744797,0.32995618838992335,1.0,0.0,0.0,0.4357176610491569,0.33066904288720267,0.2336132960636405,0.6702942984297935,0.09091316039577135,0.23879254117443513
34694949,D,0.4131982475355969,0.2568455640744797,0.32995618838992335,1.0,0.0,0.0,0.44827885380750165,0.3126388002799215,0.23908234591257685,0.5212685895090458,0.08046573455704037,0.39826567593391393
34694950,H,0.4131982475355969,0.2568455640744797,0.32995618838992335,1.0,0.0,0.0,0.5026579679178848,0.30786545639546686,0.1894765756866484,0.5996747329811236,0.18990899785426427,0.2104162691646121
34729989,D,0.4131982475355969,0.2568455640744797,0.32995618838992335,1.0,0.0,0.0,0.6373727535422502,0.19699982135979127,0.16562742509795864,0.8959276670979226,0.08280756088333122,0.02126477201874624
34812556,D,0.4131982475355969,0.2568455640744797,0.32995618838992335,1.0,0.0,0.0,0.14144610511946,0.1734607737932895,0.6850931210872504,0.44198432506130214,0.05725511026273221,0.5007605646759656
34812925,H,0.4131982475355969,0.2568455640744797,0.32995618838992335,1.0,0.0,0.0,0.23851389807840603,0.27451226771506926,0.48697383420652474,0.2918975857515927,0.18840927954808706,0.5196931347003203
34813237,H,0.4131982475355969,0.2568455640744797,0.32995618838992335,1.0,0.0,0.0,0.3563004824740431,0.23404971778321573,0.4096497997427411,0.6325372913851481,0.21469808310036964,0.15276462551448222
34813239,D,0.4131982475355969,0.2568455640744797,0.32995618838992335,1.0,0.0,0.0,0.5103300015032073,0.24725743045800908,0.2424125680387836,0.6952742923745585,0.17602317677887808,0.12870253084656344
34813241,H,0.4131982475355969,0.2568455640744797,0.32995618838992335,1.0,0.0,0.0,0.4709141326708133,0.28616645618119624,0.2429194111479904,0.3049806948228005,0.5655867532066717,0.12943255197052758
34813245,H,0.4131982475355969,0.2568455640744797,0.32995618838992335,1.0,0.0,0.0,0.5695844521088115,0.2314284616233177,0.1989870862678708,0.5937342968116704,0.2963726138137697,0.10989308937455977
34813246,A,0.4131982475355969,0.2568455640744797,0.32995618838992335,1.0,0.0,0.0,0.20129657609604146,0.24930651576561524,0.5493969081383433,0.2024206174891075,0.2543487830172274,0.543230599493665
34813738,H,0.4131982475355969,0.2568455640744797,0.32995618838992335,1.0,0.0,0.0,0.17850723181627973,0.26677183306432606,0.5547209351193942,0.16458657583005082,0.5858293300100915,0.24958409415985766
34813981,H,0.4131982475355969,0.2568455640744797,0.32995618838992335,1.0,0.0,0.0,0.576908389305361,0.24340973829678605,0.17968187239785294,0.7869420356492627,0.12783776715212228,0.0852201971986151
34825253,D,0.4131982475355969,0.2568455640744797,0.32995618838992335,1.0,0.0,0.0,0.27537233590095156,0.29382544752908135,0.4308022165699671,0.5515584229499481,0.034069875513525624,0.41437170153652636
34825254,A,0.4131982475355969,0.2568455640744797,0.32995618838992335,1.0,0.0,0.0,0.18050355509281646,0.257497793880119,0.5619986510270645,0.31751510507013037,0.11051841170842956,0.5719664832214402
34825255,A,0.4131982475355969,0.2568455640744797,0.32995618838992335,1.0,0.0,0.0,0.5184372523165043,0.19928428286732644,0.2822784648161693,0.6499234722848327,0.026438786032235262,0.3236377416829319
34825256,H,0.4131982475355969,0.2568455640744797,0.32995618838992335,1.0,0.0,0.0,0.5349925751487518,0.21133346428551092,0.2536739605657373,0.5901725162589482,0.26215445072236754,0.14767303301868434
34825257,A,0.4131982475355969,0.2568455640744797,0.32995618838992335,1.0,0.0,0.0,0.06161597563798832,0.15776550498603062,0.7806185193759811,0.23824284229674372,0.22528579964032303,0.5364713580629331
34825259,H,0.4131982475355969,0.2568455640744797,0.32995618838992335,1.0,0.0,0.0,0.6634731518114131,0.22179121121346815,0.11473563697511882,0.7903603202545685,0.1662447959666153,0.043394883778816284
34825260,D,0.4131982475355969,0.2568455640744797,0.32995618838992335,1.0,0.0,0.0,0.34142575761127153,0.2347716319641974,0.42380261042453093,0.25268301047237357,0.24679079245988036,0.5005261970677461
34825261,A,0.4131982475355969,0.2568455640744797,0.32995618838992335,1.0,0.0,0.0,0.32889424645964027,0.2836589760205037,0.38744677751985596,0.15978883869208577,0.4923895295743904,0.347821631733524
34825262,H,0.4131982475355969,0.2568455640744797,0.32995618838992335,1.0,0.0,0.0,0.3714475649210358,0.2665411316503422,0.362011303428622,0.35799491200262196,0.4271393330723326,0.21486575492504537
34825263,H,0.4131982475355969,0.2568455640744797,0.32995618838992335,1.0,0.0,0.0,0.16782849671790895,0.22627458494241603,0.605896918339675,0.028479540268770566,0.6213579443582428,0.35016251537298665
35436439,A,0.4131982475355969,0.2568455640744797,0.32995618838992335,1.0,0.0,0.0,0.17051910794995392,0.21829940593289646,0.6111814861171496,0.2881509389112314,0.1874894363263073,0.5243596247624613
35436440,A,0.4131982475355969,0.2568455640744797,0.32995618838992335,1.0,0.0,0.0,0.5451570078630021,0.2579847915101069,0.19685820062689097,0.4470445061784786,0.42591704077192416,0.12703845304959724
35436441,D,0.4131982475355969,0.2568455640744797,0.32995618838992335,1.0,0.0,0.0,0.3912393975289672,0.30784302644035877,0.30091757603067404,0.4276238768077509,0.37243250959038443,0.19994361360186477
35436442,D,0.4131982475355969,0.2568455640744797,0.32995618838992335,1.0,0.0,0.0,0.5577842763354833,0.24107056646264277,0.2011451572018739,0.6157808630320337,0.2748328180655241,0.10938631890244215
35436443,H,0.4131982475355969,0.2568455640744797,0.32995618838992335,1.0,0.0,0.0,0.2084650515518555,0.2781912432004088,0.5133437052477358,0.2743959785798925,0.1330913527213342,0.5925126686987733
35436444,H,0.4131982475355969,0.2568455640744797,0.32995618838992335,1.0,0.0,0.0,0.6134390475047999,0.2344711001295633,0.1520898523656367,0.7824380131514376,0.14869613176497729,0.06886585508358524
35436445,A,0.4131982475355969,0.2568455640744797,0.32995618838992335,1.0,0.0,0.0,0.471168622882454,0.3138424722811249,0.21498890483642116,0.5561573561841138,0.19033751906860127,0.2535051247472849
35436446,A,0.4131982475355969,0.2568455640744797,0.32995618838992335,1.0,0.0,0.0,0.6566303597919811,0.19930793253925466,0.1440617076687642,0.9140489090593584,0.04568393607946985,0.04026715486117168
35436447,D,0.4131982475355969,0.2568455640744797,0.32995618838992335,1.0,0.0,0.0,0.5142175578298335,0.32851463858686536,0.15726780358330122,0.591259768267965,0.3589348459861185,0.04980538574591652
35436448,A,0.4131982475355969,0.2568455640744797,0.32995618838992335,1.0,0.0,0.0,0.627448590590285,0.21650637052846444,0.15604503888125057,0.2724582783988359,0.667001738894049,0.06053998270711518
35436449,D,0.4131982475355969,0.2568455640744797,0.32995618838992335,1.0,0.0,0.0,0.3884858149643122,0.30218073479043717,0.30933345024525055,0.295024298140697,0.5164754649462397,0.18850023691306328
35436450,D,0.4131982475355969,0.2568455640744797,0.32995618838992335,1.0,0.0,0.0,0.22772004743368793,0.309576576723293,0.4627033758430191,0.26878461560334244,0.22314100727984182,0.5080743771168157
35436451,D,0.4131982475355969,0.2568455640744797,0.32995618838992335,1.0,0.0,0.0,0.43306226698571854,0.351829376625839,0.2151083563884424,0.28461226969914033,0.2462542965665698,0.46913343373428984
35436452,H,0.4131982475355969,0.2568455640744797,0.32995618838992335,1.0,0.0,0.0,0.31694264265448685,0.27557699853299694,0.4074803588125161,0.49143085001028003,0.27059747628285546,0.2379716737068645
35436453,H,0.4131982475355969,0.2568455640744797,0.32995618838992335,1.0,0.0,0.0,0.4051729143079706,0.27485810602303606,0.31996897966899335,0.6670916192798241,0.21501953921753095,0.117888841502645
35436454,H,0.4131982475355969,0.2568455640744797,0.32995618838992335,1.0,0.0,0.0,0.5274431463305957,0.19255596608268868,0.28000088758671565,0.3265552355880842,0.022776786684028705,0.650667977727887
35436455,D,0.4131982475355969,0.2568455640744797,0.32995618838992335,1.0,0.0,0.0,0.6321373291614456,0.2018842015640887,0.16597846927446566,0.5179769424960396,0.08529283896009468,0.39673021854386564
35436456,H,0.4131982475355969,0.2568455640744797,0.32995618838992335,1.0,0.0,0.0,0.2125627055068378,0.24605030570270645,0.5413869887904558,0.062069881293497955,0.39613114808142974,0.5417989706250722
35436457,D,0.4131982475355969,0.2568455640744797,0.32995618838992335,1.0,0.0,0.0,0.5234157188839752,0.25113511023980994,0.22544917087621485,0.7638650550275916,0.15899440674690582,0.07714053822550246
35436458,A,0.4131982475355969,0.2568455640744797,0.32995618838992335,1.0,0.0,0.0,0.2971601754879064,0.21768747024050114,0.48515235427159253,0.13170560537488588,0.20036456865005786,0.6679298259750561
35436459,H,0.4131982475355969,0.2568455640744797,0.32995618838992335,1.0,0.0,0.0,0.7852779661007426,0.11391098058374216,0.10081105331551526,0.9259265374286269,0.02720499811502074,0.04686846445635238
35436460,D,0.4131982475355969,0.2568455640744797,0.32995618838992335,1.0,0.0,0.0,0.39014181454274516,0.22742394772891913,0.3824342377283358,0.24717613707178088,0.5059553120821942,0.24686855084602485
35436461,H,0.4131982475355969,0.2568455640744797,0.32995618838992335,1.0,0.0,0.0,0.6815142491947375,0.17805270967407394,0.1404330411311887,0.5153193790141978,0.11638714676170026,0.36829347422410186
35436462,H,0.4131982475355969,0.2568455640744797,0.32995618838992335,1.0,0.0,0.0,0.4146625346615015,0.2729014686851882,0.31243599665331034,0.3524013507658167,0.36074286381576753,0.2868557854184158
35436463,D,0.4131982475355969,0.2568455640744797,0.32995618838992335,1.0,0.0,0.0,0.4662847889248553,0.2777832662509725,0.25593194482417225,0.5776705204746356,0.23755658117447048,0.18477289835089386
35436464,H,0.4131982475355969,0.2568455640744797,0.32995618838992335,1.0,0.0,0.0,0.6984553947119008,0.19980837683584277,0.10173622845225642,0.8520348337905401,0.08892792329156358,0.05903724291789626
35436465,H,0.4131982475355969,0.2568455640744797,0.32995618838992335,1.0,0.0,0.0,0.37067280574375316,0.31152442641823624,0.31780276783801065,0.45950976322971515,0.2726477899970171,0.26784244677326774
35436466,H,0.4131982475355969,0.2568455640744797,0.32995618838992335,1.0,0.0,0.0,0.08305352512878897,0.17852587254119634,0.7384206023300147,0.10460641157608766,0.1577545537913879,0.7376390346325244
35436467,H,0.4131982475355969,0.2568455640744797,0.32995618838992335,1.0,0.0,0.0,0.6169271768517213,0.23377800192231574,0.149294821225963,0.8352151241027284,0.09976592086095319,0.06501895503631838
35436468,H,0.4131982475355969,0.2568455640744797,0.32995618838992335,1.0,0.0,0.0,0.4931824382293116,0.28977729919853074,0.21704026257215753,0.7010314107990712,0.13004395122725873,0.16892463797367016
35436469,A,0.4131982475355969,0.2568455640744797,0.32995618838992335,1.0,0.0,0.0,0.3523042741058708,0.28909111883415683,0.35860460705997227,0.5460892216862685,0.2980996262087862,0.15581115210494537
35436470,H,0.4131982475355969,0.2568455640744797,0.32995618838992335,1.0,0.0,0.0,0.43611313337180985,0.339978032950784,0.22390883367740627,0.44145570873048595,0.26251529879241664,0.2960289924770974
35436471,A,0.4131982475355969,0.2568455640744797,0.32995618838992335,1.0,0.0,0.0,0.389178031420903,0.2666594596171227,0.3441625089619743,0.5717590718867885,0.04392358187912104,0.3843173462340904
35436472,A,0.4131982475355969,0.2568455640744797,0.32995618838992335,1.0,0.0,0.0,0.2734822057908073,0.27223734937736904,0.45428044483182356,0.3550545091125924,0.3596856970960858,0.28525979379132194
35436473,D,0.4131982475355969,0.2568455640744797,0.32995618838992335,1.0,0.0,0.0,0.42588996661024137,0.25299372541772,0.3211163079720386,0.5130233715044448,0.3412622837499163,0.14571434474563896
35436474,D,0.4131982475355969,0.2568455640744797,0.32995618838992335,1.0,0.0,0.0,0.5571112908893802,0.2126659160497711,0.23022279306084867,0.7059483501700291,0.08751924043553203,0.20653240939443898
35436475,D,0.4131982475355969,0.2568455640744797,0.32995618838992335,1.0,0.0,0.0,0.4670714802813626,0.23724166147553533,0.2956868582431019,0.299732222452089,0.2839580402856181,0.4163097372622929
35436476,A,0.4131982475355969,0.2568455640744797,0.32995618838992335,1.0,0.0,0.0,0.20404567161977924,0.25132929517129327,0.5446250332089276,0.10915861817814788,0.22748873261392955,0.6633526492079226
35436477,A,0.4131982475355969,0.2568455640744797,0.32995618838992335,1.0,0.0,0.0,0.3683905592621855,0.2545697597173717,0.37703968102044283,0.6283493347492974,0.16316316680597753,0.20848749844472503
35494127,A,0.4131982475355969,0.2568455640744797,0.32995618838992335,1.0,0.0,0.0,0.2573690166583623,0.24033682038536008,0.5022941629562776,0.09406870716410745,0.268793329353157,0.6371379634827355
35494128,A,0.4131982475355969,0.2568455640744797,0.32995618838992335,1.0,0.0,0.0,0.09069996431867919,0.18827469810161793,0.721025337579703,0.11713369971392303,0.04205338475495918,0.8408129155311179
35494129,D,0.4131982475355969,0.2568455640744797,0.32995618838992335,1.0,0.0,0.0,0.4523943517589225,0.2849391525204,0.2626664957206776,0.43799688237820505,0.11190613215606493,0.45009698546572996
35494130,H,0.4131982475355969,0.2568455640744797,0.32995618838992335,1.0,0.0,0.0,0.3985485637481331,0.3032891369992034,0.29816229925266363,0.3664041341657872,0.3275709406556506,0.3060249251785621
35494131,D,0.4131982475355969,0.2568455640744797,0.32995618838992335,1.0,0.0,0.0,0.6596118802869757,0.21703994450558903,0.1233481752074352,0.40984436831179394,0.3912995719990054,0.1988560596892006
35494132,D,0.4131982475355969,0.2568455640744797,0.32995618838992335,1.0,0.0,0.0,0.25264501261087347,0.32991298102937644,0.4174420063597501,0.13694824547967843,0.3471223899769075,0.5159293645434141
35494133,H,0.4131982475355969,0.2568455640744797,0.32995618838992335,1.0,0.0,0.0,0.353773047462917,0.23851092521309658,0.4077160273239864,0.6988938322435769,0.1235821490247945,0.17752401873162865
35494134,A,0.4131982475355969,0.2568455640744797,0.32995618838992335,1.0,0.0,0.0,0.1281828752862651,0.2195281436849277,0.6522889810288072,0.14386237487191314,0.08152337102653374,0.7746142541015532
35494135,A,0.4131982475355969,0.2568455640744797,0.32995618838992335,1.0,0.0,0.0,0.3009811013233423,0.2807311469134572,0.4182877517632006,0.12845290673008958,0.2849477688193928,0.5865993244505175
35494136,H,0.4131982475355969,0.2568455640744797,0.32995618838992335,1.0,0.0,0.0,0.3406991874209085,0.28441629942025554,0.374884513158836,0.529643065485524,0.14826590926843236,0.3220910252460436
36154853,D,0.4131982475355969,0.2568455640744797,0.32995618838992335,1.0,0.0,0.0,0.32184819470328524,0.33061626324835763,0.347535542048357,0.16479033689769795,0.44735017385814907,0.387859489244153
36154854,H,0.4131982475355969,0.2568455640744797,0.32995618838992335,1.0,0.0,0.0,0.5504461454466687,0.289855529405099,0.1596983251482323,0.4287347482578337,0.2996468054287895,0.27161844631337684
36154900,H,0.4131982475355969,0.2568455640744797,0.32995618838992335,1.0,0.0,0.0,0.09589737735136239,0.1954015117086844,0.7087011109399531,0.4584168641035616,0.04006770508991781,0.5015154308065206
36156856,H,0.4131982475355969,0.2568455640744797,0.32995618838992335,1.0,0.0,0.0,0.642412695396668,0.2231351064301631,0.13445219817316884,0.8816816081046785,0.06986564250230791,0.04845274939301353
36156857,A,0.4131982475355969,0.2568455640744797,0.32995618838992335,1.0,0.0,0.0,0.5444496486461098,0.27102425267254915,0.18452609868134107,0.5115372939890103,0.3088533263918546,0.17960937961913517
36156858,D,0.4131982475355969,0.2568455640744797,0.32995618838992335,1.0,0.0,0.0,0.183801439997661,0.24671638914001742,0.5694821708623216,0.11256107782404376,0.028943660939669043,0.8584952612362873
36156859,H,0.4131982475355969,0.2568455640744797,0.32995618838992335,1.0,0.0,0.0,0.38367629325399644,0.32741378714821867,0.2889099195977849,0.48344437936764295,0.3712314795315769,0.14532414110078012
36156860,H,0.4131982475355969,0.2568455640744797,0.32995618838992335,1.0,0.0,0.0,0.35041454775003544,0.300983452051838,0.3486020001981265,0.12421605491491398,0.45953050309355636,0.4162534419915297
36156861,D,0.4131982475355969,0.2568455640744797,0.32995618838992335,1.0,0.0,0.0,0.2449140797820314,0.3822620635893662,0.3728238566286024,0.17876634892020796,0.3918080464616998,0.42942560461809226
36156862,H,0.4131982475355969,0.2568455640744797,0.32995618838992335,1.0,0.0,0.0,0.6097985549882736,0.2584116530177099,0.13178979199401655,0.7813566182257021,0.14650683205209042,0.07213654972220743
36266257,D,0.4131982475355969,0.2568455640744797,0.32995618838992335,1.0,0.0,0.0,0.42723814928793086,0.2890589473189805,0.2837029033930886,0.23919648432458693,0.4751563283674214,0.2856471873079916
36266258,H,0.4131982475355969,0.2568455640744797,0.32995618838992335,1.0,0.0,0.0,0.21462443456126182,0.296445658903384,0.4889299065353542,0.21572986468132277,0.11559393584044944,0.6686761994782279
36266259,H,0.4131982475355969,0.2568455640744797,0.32995618838992335,1.0,0.0,0.0,0.5004502312364588,0.2930707690176897,0.20647899974585152,0.37271761162519623,0.47317864194463066,0.15410374643017305
36266260,H,0.4131982475355969,0.2568455640744797,0.32995618838992335,1.0,0.0,0.0,0.5608169945548583,0.2489951854942983,0.19018781995084333,0.5077877144779015,0.39962213562364574,0.09259014989845278
36266261,H,0.4131982475355969,0.2568455640744797,0.32995618838992335,1.0,0.0,0.0,0.7357056516126445,0.1920793174595056,0.07221503092785,0.5257923549849907,0.21523311688960725,0.258974528125402
36266262,H,0.4131982475355969,0.2568455640744797,0.32995618838992335,1.0,0.0,0.0,0.44366141951946597,0.2604639320623636,0.29587464841817046,0.703343784078033,0.13876520156254804,0.1578910143594189
36266263,A,0.4131982475355969,0.2568455640744797,0.32995618838992335,1.0,0.0,0.0,0.6339659731012461,0.23803634167313933,0.12799768522561458,0.5956032990100992,0.33392712775757766,0.07046957323232302
36266264,A,0.4131982475355969,0.2568455640744797,0.32995618838992335,1.0,0.0,0.0,0.1459739946111779,0.2149482390167181,0.639077766372104,0.08698614721218588,0.6249837724235031,0.28803008036431105
36266265,D,0.4131982475355969,0.2568455640744797,0.32995618838992335,1.0,0.0,0.0,0.6499316467858333,0.20034537320021542,0.1497229800139513,0.7012314591837154,0.19737475306033936,0.10139378775594513
36381834,H,0.4131982475355969,0.2568455640744797,0.32995618838992335,1.0,0.0,0.0,0.27808131291522953,0.3652011256355858,0.3567175614491847,0.3167102934082844,0.39247052082598344,0.2908191857657322
36381835,H,0.4131982475355969,0.2568455640744797,0.32995618838992335,1.0,0.0,0.0,0.36847980585218665,0.2782865717083172,0.35323362243949624,0.48544173668909657,0.2141850572951086,0.30037320601579487
36381836,H,0.4131982475355969,0.2568455640744797,0.32995618838992335,1.0,0.0,0.0,0.6255093820934728,0.21134483666620815,0.16314578124031903,0.6961664598503013,0.18300600180232018,0.12082753834737842
36381837,A,0.4131982475355969,0.2568455640744797,0.32995618838992335,1.0,0.0,0.0,0.3859549448266996,0.25815687752675187,0.3558881776465486,0.5438297087125459,0.19331185453497016,0.2628584367524841
36381838,H,0.4131982475355969,0.2568455640744797,0.32995618838992335,1.0,0.0,0.0,0.4704642032596029,0.23111654674337306,0.298419249997024,0.5847035661771194,0.2842927272004327,0.13100370662244798
36381839,A,0.4131982475355969,0.2568455640744797,0.32995618838992335,1.0,0.0,0.0,0.5991102074710815,0.23526308416316402,0.16562670836575447,0.7835770942259729,0.1332004258520488,0.08322247992197832
36381840,H,0.4131982475355969,0.2568455640744797,0.32995618838992335,1.0,0.0,0.0,0.773265975459007,0.16881755616664235,0.05791646837435074,0.9267947889424037,0.0029423819937480795,0.07026282906384812
36381841,D,0.4131982475355969,0.2568455640744797,0.32995618838992335,1.0,0.0,0.0,0.14600278232316,0.21287755250035592,0.6411196651764842,0.03875331017563729,0.1606567786312061,0.8005899111931567
36381842,H,0.4131982475355969,0.2568455640744797,0.32995618838992335,1.0,0.0,0.0,0.3928834246916768,0.27099783564076513,0.336118739667558,0.21839427348777085,0.25876238618525593,0.5228433403269732
36381843,D,0.4131982475355969,0.2568455640744797,0.32995618838992335,1.0,0.0,0.0,0.5467644431160372,0.24639022779313718,0.20684532909082548,0.38634866396007606,0.4707559711842953,0.1428953648556286
36388689,H,0.4131982475355969,0.2568455640744797,0.32995618838992335,1.0,0.0,0.0,0.3312041043841598,0.27569170797216164,0.3931041876436786,0.327184712703883,0.4284118090806677,0.2444034782154493
36388692,D,0.4131982475355969,0.2568455640744797,0.32995618838992335,1.0,0.0,0.0,0.23804272037412785,0.29902126159593373,0.4629360180299384,0.18534007329041374,0.03596395972854941,0.7786959669810368
36388712,A,0.4131982475355969,0.2568455640744797,0.32995618838992335,1.0,0.0,0.0,0.2969443863762664,0.28253190219595004,0.4205237114277834,0.1741424760868016,0.4310060073102413,0.3948515166029571
36388713,H,0.4131982475355969,0.2568455640744797,0.32995618838992335,1.0,0.0,0.0,0.37057027753884475,0.23879378177234753,0.3906359406888077,0.3472641292629445,0.49777578836250724,0.15496008237454828
36388714,H,0.4131982475355969,0.2568455640744797,0.32995618838992335,1.0,0.0,0.0,0.4328612826170973,0.24987915874093627,0.31725955864196653,0.24750677030093207,0.10759799454329672,0.6448952351557713
36635752,D,0.4131982475355969,0.2568455640744797,0.32995618838992335,1.0,0.0,0.0,0.18144689638856273,0.21295973203758042,0.6055933715738567,0.04083629150928802,0.5871499989827743,0.3720137095079376
36635753,A,0.4131982475355969,0.2568455640744797,0.32995618838992335,1.0,0.0,0.0,0.4322550131056298,0.23286970151393477,0.3348752853804353,0.3914676024548332,0.3310946765292754,0.2774377210158914
36635757,H,0.4131982475355969,0.2568455640744797,0.32995618838992335,1.0,0.0,0.0,0.69053677201453,0.2031326265432595,0.10633060144221058,0.6965858762848637,0.24720917438229767,0.05620494933283865
36635758,D,0.4131982475355969,0.2568455640744797,0.32995618838992335,1.0,0.0,0.0,0.34422687757742787,0.27915731086307305,0.376615811559499,0.44652834748126347,0.24714556846382593,0.30632608405491063
36635760,A,0.4131982475355969,0.2568455640744797,0.32995618838992335,1.0,0.0,0.0,0.5149901384628369,0.24392313330493795,0.24108672823222507,0.4183222278612548,0.30719082972419626,0.27448694241454896
36636536,H,0.4131982475355969,0.2568455640744797,0.32995618838992335,1.0,0.0,0.0,0.7290329229003494,0.163345365831438,0.10762171126821264,0.5294922844910146,0.41236075817300333,0.058146957335982075
36636537,H,0.4131982475355969,0.2568455640744797,0.32995618838992335,1.0,0.0,0.0,0.3052944813127746,0.2317385474812302,0.46296697120599534,0.31584602085759345,0.25175974862312883,0.43239423051927767
36636538,H,0.4131982475355969,0.2568455640744797,0.32995618838992335,1.0,0.0,0.0,0.15510613570277956,0.19619309363764556,0.6487007706595749,0.056263185768450776,0.5765042965678445,0.3672325176637046
36636539,D,0.4131982475355969,0.2568455640744797,0.32995618838992335,1.0,0.0,0.0,0.17275665377383048,0.1912099842787684,0.6360333619474011,0.09799675095549325,0.24622859440237477,0.6557746546421319
36636540,D,0.4131982475355969,0.2568455640744797,0.32995618838992335,1.0,0.0,0.0,0.4783382325754213,0.2735385712608948,0.24812319616368392,0.5606121397466736,0.30426066152184167,0.13512719873148468
36636541,H,0.4131982475355969,0.2568455640744797,0.32995618838992335,1.0,0.0,0.0,0.3895050059807654,0.3085552821255838,0.3019397118936509,0.19073132020503894,0.44662060008981586,0.36264807970514523
36636542,A,0.4131982475355969,0.2568455640744797,0.32995618838992335,1.0,0.0,0.0,0.2212010676229545,0.2540813029064692,0.5247176294705763,0.31476487513110935,0.27416610678282527,0.4110690180860655
36636543,H,0.4131982475355969,0.2568455640744797,0.32995618838992335,1.0,0.0,0.0,0.3701749525178034,0.25810663462378675,0.3717184128584099,0.512775916157304,0.30038298933945784,0.18684109450323816
36636544,H,0.4131982475355969,0.2568455640744797,0.32995618838992335,1.0,0.0,0.0,0.4662090303598242,0.21695880498939527,0.31683216465078046,0.44783442588840366,0.2851320121897915,0.26703356192180483
36636545,D,0.4131982475355969,0.2568455640744797,0.32995618838992335,1.0,0.0,0.0,0.10788600549543297,0.22600943193870932,0.6661045625658577,0.521018835929787,0.1895878158923092,0.2893933481779037
36636590,A,0.4131982475355969,0.2568455640744797,0.32995618838992335,1.0,0.0,0.0,0.6067671864714443,0.2778297955473277,0.11540301798122803,0.7258252990481701,0.24657552507565733,0.027599175876172555
36636592,H,0.4131982475355969,0.2568455640744797,0.32995618838992335,1.0,0.0,0.0,0.4953611375136814,0.2726396524757518,0.2319992100105668,0.4927257317732848,0.3764008858161027,0.13087338241061255
36636593,H,0.4131982475355969,0.2568455640744797,0.32995618838992335,1.0,0.0,0.0,0.6809878915357477,0.20613137334445392,0.11288073511979844,0.6886547900580416,0.2466707191427719,0.06467449079918644
36636594,H,0.4131982475355969,0.2568455640744797,0.32995618838992335,1.0,0.0,0.0,0.4173859372250519,0.30165845718707,0.28095560558787813,0.5878273494747974,0.2307613694209819,0.18141128110422064
36636595,H,0.4131982475355969,0.2568455640744797,0.32995618838992335,1.0,0.0,0.0,0.3491360583189511,0.3193727258870445,0.3314912157940043,0.4413575774507408,0.3520173203683527,0.20662510218090657
36636596,H,0.4131982475355969,0.2568455640744797,0.32995618838992335,1.0,0.0,0.0,0.28786714229112226,0.2996919827819252,0.4124408749269527,0.13405864149474214,0.34614617056372754,0.5197951879415302
36636597,D,0.4131982475355969,0.2568455640744797,0.32995618838992335,1.0,0.0,0.0,0.4800788141900684,0.3191161521370022,0.20080503367292948,0.5593393599963945,0.17748037983964524,0.26318026016396034
36636598,A,0.4131982475355969,0.2568455640744797,0.32995618838992335,1.0,0.0,0.0,0.4393910160771377,0.30129954967173017,0.259309434251132,0.4992802602158417,0.34686154152079135,0.15385819826336697
36636599,D,0.4131982475355969,0.2568455640744797,0.32995618838992335,1.0,0.0,0.0,0.4678129407890661,0.31741656931304346,0.21477048989789052,0.34585065296071066,0.28138979660455865,0.3727595504347307
36636600,A,0.4131982475355969,0.2568455640744797,0.32995618838992335,1.0,0.0,0.0,0.21004588354976764,0.2926093564055367,0.49734476004469574,0.0819565802081158,0.20597029578564674,0.7120731240062375
37091365,H,0.4131982475355969,0.2568455640744797,0.32995618838992335,1.0,0.0,0.0,0.10064835605538901,0.2069507688874729,0.6924008750571381,0.23409655204580138,0.025171350698209406,0.7407320972559893
37091366,A,0.4131982475355969,0.2568455640744797,0.32995618838992335,1.0,0.0,0.0,0.13477007025368593,0.23184577515139443,0.6333841545949197,0.06401158560353337,0.04415988494180007,0.8918285294546665
37091367,A,0.4131982475355969,0.2568455640744797,0.32995618838992335,1.0,0.0,0.0,0.5126085661142747,0.261528391222924,0.2258630426628012,0.598684600020642,0.2864588944021185,0.11485650557723946
37091368,H,0.4131982475355969,0.2568455640744797,0.32995618838992335,1.0,0.0,0.0,0.4123771639033907,0.28957536135780365,0.2980474747388057,0.3933900937234487,0.45140899326103284,0.15520091301551842
37091369,H,0.4131982475355969,0.2568455640744797,0.32995618838992335,1.0,0.0,0.0,0.5191100337702881,0.28827591718991663,0.19261404903979534,0.6123562625491583,0.15392958338187487,0.23371415406896676
37091370,H,0.4131982475355969,0.2568455640744797,0.32995618838992335,1.0,0.0,0.0,0.3521791258071579,0.24452576618840044,0.4032951080044416,0.6396616840447168,0.1115587759416099,0.24877954001367336
37091371,A,0.4131982475355969,0.2568455640744797,0.32995618838992335,1.0,0.0,0.0,0.6850617684303398,0.1865747134974467,0.12836351807221344,0.881763808155905,0.09349775374184911,0.024738438102245797
37091373,A,0.4131982475355969,0.2568455640744797,0.32995618838992335,1.0,0.0,0.0,0.2434678514039011,0.2261838245625505,0.5303483240335484,0.267749031231199,0.16601269928945672,0.5662382694793443
37091374,A,0.4131982475355969,0.2568455640744797,0.32995618838992335,1.0,0.0,0.0,0.38672610284483566,0.24966173706001404,0.3636121600951503,0.5939469231639687,0.10794653757247294,0.2981065392635584
37091375,D,0.4131982475355969,0.2568455640744797,0.32995618838992335,1.0,0.0,0.0,0.15758087552437886,0.2696704616501998,0.5727486628254213,0.23893695828366285,0.23038760018682125,0.530675441529516
37104505,D,0.4131982475355969,0.2568455640744797,0.32995618838992335,1.0,0.0,0.0,0.4795351239326244,0.2946786646734646,0.22578621139391106,0.29923355710703675,0.35287333052195435,0.34789311237100906
37104506,H,0.4131982475355969,0.2568455640744797,0.32995618838992335,1.0,0.0,0.0,0.5176432754670911,0.284660200495156,0.19769652403775287,0.5274574366728284,0.22958391805985745,0.24295864526731406
37104507,D,0.4131982475355969,0.2568455640744797,0.32995618838992335,1.0,0.0,0.0,0.33114291222753806,0.2524386396789052,0.41641844809355677,0.5033372939369792,0.19011133664483523,0.3065513694181855
37104508,D,0.4131982475355969,0.2568455640744797,0.32995618838992335,1.0,0.0,0.0,0.6415510919782283,0.20978037089295135,0.14866853712882033,0.9090713814233592,0.07271917959315038,0.018209438983490367
37104509,H,0.4131982475355969,0.2568455640744797,0.32995618838992335,1.0,0.0,0.0,0.15894966764021728,0.2212502063111102,0.6198001260486725,0.13410604322594083,0.04949493705055074,0.8163990197235085
37327732,H,0.4131982475355969,0.2568455640744797,0.32995618838992335,1.0,0.0,0.0,0.48451320924716546,0.2532344937637049,0.2622522969891297,0.47624993902771173,0.3826271577016159,0.14112290327067237
37327733,H,0.4131982475355969,0.2568455640744797,0.32995618838992335,1.0,0.0,0.0,0.2797779312660778,0.3076025394691814,0.41261952926474066,0.07330169887859665,0.3914432268126589,0.5352550743087444
37327734,A,0.4131982475355969,0.2568455640744797,0.32995618838992335,1.0,0.0,0.0,0.22372371939634791,0.24357785231614532,0.5326984282875068,0.22385912544388364,0.14216498318630172,0.6339758913698147
37327735,H,0.4131982475355969,0.2568455640744797,0.32995618838992335,1.0,0.0,0.0,0.8166578335558683,0.1307547231161858,0.052587443327945994,0.967695400970386,0.018899716008415612,0.013404883021198534
37327736,H,0.4131982475355969,0.2568455640744797,0.32995618838992335,1.0,0.0,0.0,0.6027274397208987,0.23301784589818614,0.16425471438091516,0.9065651225893473,0.06446401381901899,0.028970863591633665
37327737,A,0.4131982475355969,0.2568455640744797,0.32995618838992335,1.0,0.0,0.0,0.3281615390554786,0.2540361988846889,0.4178022620598325,0.19124726188924754,0.47786670045408025,0.33088603765667224
37327739,A,0.4131982475355969,0.2568455640744797,0.32995618838992335,1.0,0.0,0.0,0.29876238787257126,0.26246667478458263,0.43877093734284606,0.2424659419026527,0.2659399331080444,0.49159412498930277
37327741,H,0.4131982475355969,0.2568455640744797,0.32995618838992335,1.0,0.0,0.0,0.6450407489484102,0.2143339537938778,0.14062529725771197,0.7942081284948571,0.17082108484114983,0.03497078666399305
37327743,A,0.4131982475355969,0.2568455640744797,0.32995618838992335,1.0,0.0,0.0,0.2714645999156372,0.2326694778444423,0.49586592223992043,0.30829859338566856,0.05370513718131179,0.6379962694330197
37327745,A,0.4131982475355969,0.2568455640744797,0.32995618838992335,1.0,0.0,0.0,0.29841690810994687,0.24611590475358752,0.4554671871364656,0.32415352746153064,0.07380899335333903,0.6020374791851303
37328445,H,0.4131982475355969,0.2568455640744797,0.32995618838992335,1.0,0.0,0.0,0.4046655165844287,0.31115162978773925,0.28418285362783213,0.37513054427822623,0.42753499392160377,0.19733446180016995
37328446,D,0.4131982475355969,0.2568455640744797,0.32995618838992335,1.0,0.0,0.0,0.32870041206740674,0.36769883653444296,0.3036007513981503,0.5619204771625705,0.29067858589704026,0.1474009369403892
37328447,D,0.4131982475355969,0.2568455640744797,0.32995618838992335,1.0,0.0,0.0,0.3681057032771053,0.3618454384899763,0.27004885823291835,0.499045994650641,0.16758843474967786,0.3333655705996813
37328448,D,0.4131982475355969,0.2568455640744797,0.32995618838992335,1.0,0.0,0.0,0.35981931194867817,0.37204665839607265,0.26813402965524924,0.33228287777338056,0.5698652201989891,0.09785190202763044
37328449,H,0.4131982475355969,0.2568455640744797,0.32995618838992335,1.0,0.0,0.0,0.3395477658033614,0.3189296613935837,0.3415225728030549,0.23828410421999777,0.4256296825654977,0.3360862132145046
38160876,A,0.4131982475355969,0.2568455640744797,0.32995618838992335,1.0,0.0,0.0,0.3997219427869566,0.3003980529817702,0.2998800042312732,0.538036356656288,0.27117591718015854,0.19078772616355338
